outer,omega1,omega2,omega3,omega4,omega5,gap23,tOuter,tEig,tGrad,tInner,tOther,multN,multJ,degen,nInner,dxOuter,dxNorm2,move,stage,vol
1,68.215607617021135,251.35772414293928,385.39061710643767,506.24368860128612,794.93758555739282,0.5332356243298817,4.1703810416666665,0.50685766666666665,0.012981541666666667,3.6348594166666666,0.015682416666666477,2,0,1,22,0.039958870541203131,4.2664044827910423,0.040000000000000001,1,0.49982491563797832
2,73.441611071770282,264.0506470614842,398.262052464173,524.87602071335175,821.53721736363934,0.5082790248623692,2.2896352499999999,0.27764133333333335,0.0088430416666666675,1.998936375,0.0042144999999997879,2,0,1,21,0.039951952620699116,4.1586366118969647,0.040000000000000001,1,0.49980790148716675
3,78.701068504708132,275.96502417237491,409.00006781111193,541.0848708969404,841.48702507897474,0.48207211778996995,2.1392870416666665,0.32047762499999999,0.0088265833333333339,1.8061815833333332,0.0038012499999997562,2,0,1,21,0.039944583216971127,4.1388560144185362,0.040000000000000001,1,0.49980929894195525
4,84.039770326373329,286.91224197023058,418.83446181444509,554.30500515201368,853.86081214386002,0.45979989887605593,1.8628923749999999,0.31433775000000003,0.0087709999999999993,1.5374085416666667,0.0023750833333331389,2,0,1,20,0.039936598045794233,4.0119694596139217,0.040000000000000001,1,0.49979191177019666
5,89.336578216140865,295.95822307102173,428.40688925522164,563.30525313303565,857.21826568374775,0.44752487296970939,1.7263492499999999,0.26286816666666668,0.0093077500000000001,1.4517426666666666,0.0024306666666666921,2,0,1,20,0.03992799821343767,3.9712422231709872,0.040000000000000001,1,0.49979429980880075
6,94.644316674869614,302.40041894133924,438.51874835103308,567.30304143185288,850.08905982136866,0.45012612709408512,1.6131715,0.31394354166666666,0.0087952499999999992,1.2880313333333333,0.0024013750000000389,2,0,1,19,0.039918479701878291,3.8040670955514173,0.040000000000000001,1,0.49978363499181211
7,99.801745934341994,304.78524111882854,448.93058502625973,565.63932892003515,832.43161345495764,0.47294069548214229,1.4759874583333332,0.31295629166666666,0.0086822083333333334,1.1520375,0.0023114583333332384,2,0,1,18,0.03990775204611182,3.6109148620313447,0.040000000000000001,1,0.49977672535673751
8,104.74575500111406,301.89770542656038,459.53768068558651,558.78164019652979,806.16729446784757,0.52216354223789763,1.4107876666666668,0.26790116666666669,0.0089475416666666661,1.13165125,0.0022877083333334713,2,0,1,18,0.039895876615033923,3.5155941680233345,0.040000000000000001,1,0.49978590599664952
9,109.56055976563763,292.17412150740404,470.6767571691596,547.42347436498449,773.80448042924422,0.6109460849606152,1.281136625,0.26651999999999998,0.0092992500000000002,1.0029211666666666,0.0023962083333333162,2,0,1,17,0.039882073591564267,3.2880392861041501,0.040000000000000001,1,0.49978165178868006
10,114.08836529215765,275.67673225053784,481.56767573121761,534.1333060152532,742.28306350532193,0.7468564423259485,1.2520100833333334,0.31032124999999999,0.010637374999999999,0.92855725,0.0024942083333334697,2,0,1,16,0.03986629823749057,3.0634838427835773,0.040000000000000001,1,0.49977873299090547
11,118.33864396825841,254.22568480082259,492.16481023598482,521.21523165683175,716.70297062506859,0.93593660932245948,1.1553307916666666,0.25978316666666668,0.012204166666666667,0.88036362499999998,0.0029798333333332927,2,0,1,16,0.03984903260424582,2.9870707063174873,0.040000000000000001,1,0.49978557714463379
12,122.51110817071397,229.74717323631168,503.01914722532501,509.27862431778118,698.71595667383247,1.1894465126146871,1.1828139583333332,0.32288520833333334,0.0119065,0.84530545833333337,0.002716791666666496,2,1,1,16,0.039845305400996893,2.9397299002524209,0.040000000000000001,1,0.49979094069834717
13,126.86687480261777,206.05972874044932,500.40061999445288,514.80321994674364,689.42388748370263,1.4284251127242444,1.2156289166666667,0.32258495833333334,0.013272083333333334,0.87654229166666664,0.0032295833333334523,2,1,1,15,0.039778152335896627,2.7236098983544963,0.040000000000000001,1,0.49982489600341079
14,130.75033036430122,186.68989211561353,494.32533628838536,527.09267808141146,566.16458523045856,1.6478419944785174,1.28840175,0.26244887500000003,0.015647416666666667,1.0072049583333333,0.0031004999999999505,2,0,1,15,0.039750780067613442,2.443601880188365,0.040000000000000001,1,0.4998494649342235
15,133.43279091898503,174.61632845047419,488.69922966522381,507.1570323853436,539.86171933236039,1.7987029277381232,1.3638376666666667,0.27148099999999997,0.015071791666666667,1.0746145833333334,0.0026702916666667686,2,1,1,15,0.039721470727522148,2.269021219339149,0.040000000000000001,1,0.49987093439059627
16,135.64887008309017,166.43008894366147,472.87369300515286,483.26742061038658,552.51419719458613,1.8412752526090768,1.4764957916666666,0.27081041666666666,0.018519416666666667,1.1845208333333332,0.0026451249999999149,2,1,1,15,0.03969131137076537,2.1250281807206126,0.040000000000000001,1,0.49988767239757459
17,137.56536280939306,160.3967730415971,449.60018361495509,477.61369457062239,564.58648828425385,1.8030500557411859,1.5847447916666666,0.26796474999999997,0.013803416666666667,1.3003002083333333,0.0026764166666666256,2,0,1,15,0.039711027694524774,2.0002282810254317,0.040000000000000001,1,0.49989923369586831
18,139.25708935891853,155.72463184311511,432.07920898247437,471.9021616791685,575.9810844717282,1.7746362529068163,1.5980396666666667,0.28473679166666666,0.013531208333333333,1.2971429166666666,0.0026287500000001796,2,0,1,14,0.039731346610547932,1.7936696678963331,0.040000000000000001,1,0.49990138929931616
19,140.71038679159489,152.16741998350815,418.99171717176495,466.79449099879099,586.14909138348446,1.7534916292671261,1.9321018750000001,0.26523191666666668,0.014100666666666666,1.6501079583333333,0.0026613333333331823,2,0,1,15,0.039704785848181399,1.7827409541578287,0.040000000000000001,1,0.49991543401654964
20,142.07444401339009,149.07332457696478,407.44802176694816,461.54596649940015,596.21376375700231,1.7332054404984283,2.11668375,0.26492708333333331,0.014161,1.8315733750000001,0.0060222916666665682,2,0,1,15,0.039696997127450312,1.6964348130555151,0.040000000000000001,1,0.4999272016979317
21,143.33651601582403,146.52801440761448,398.01128284138429,456.87790807307533,605.7025111662997,1.7162811456257694,1.9934672083333334,0.26930770833333334,0.014130791666666667,1.70702975,0.0029989583333334124,2,0,1,14,0.039516951255319323,1.4470056586205089,0.040000000000000001,1,0.49995117361266384
22,144.34093063150135,145.21187789665194,392.87777329666471,454.90298923732229,613.39319718370064,1.7055484646805401,3.8394755416666668,0.26644087500000002,0.013956625,3.5561822916666666,0.0028957499999999747,2,0,1,22,0.039708995345655536,1.2367187822659915,0.040000000000000001,1,0.49997151132738044
23,145.07652343877854,145.69883539676616,394.54642601852595,457.56642084804605,619.94794058684442,1.7079586802742768,3.4476197083333333,0.27336554166666666,0.013526291666666667,3.1578807083333333,0.0028471666666667339,2,0,1,21,0.039668230448618148,1.2768064971787378,0.040000000000000001,1,0.49997207800897026
24,145.75152838930089,146.59433332230125,397.60209231300223,461.81181389161378,625.58789366466169,1.7122609946923195,2.5959522083333333,0.27345387500000001,0.013766291666666666,2.3058440416666666,0.0028880000000000017,2,0,1,15,0.039688238514925429,0.89461259229777901,0.040000000000000001,1,0.49997889757259345
25,146.24507640250212,146.86628880675514,399.03979759813905,463.870285036702,630.01711367596965,1.7170278546575839,3.060300625,0.26276458333333336,0.014525166666666667,2.7788175833333333,0.0041932916666667097,2,0,1,17,0.039686936657208571,0.92757573321680309,0.040000000000000001,1,0.49997343905274666
26,146.66643241745768,147.34573383777882,400.62927087829536,466.15344530315417,634.34605493249228,1.7189743499419574,3.3381657916666665,0.28694641666666665,0.0140135,3.0341946666666666,0.0030112083333331263,2,0,1,19,0.039596703612542021,0.85075852941080143,0.040000000000000001,1,0.4999793614024744
27,147.08061354917635,147.72309226458634,402.41855410605547,468.40303214834904,638.71807944679597,1.7241411477176833,4.7038133333333336,0.27348558333333334,0.013802208333333333,4.4137139999999997,0.0028115416666674165,2,0,1,23,0.03972696581467966,0.89411473767289296,0.040000000000000001,1,0.49998039589152915
28,147.46494449574928,148.14655665239593,404.1135871035512,470.64376242121034,643.06045319970644,1.7277960165604402,3.6817048333333333,0.26943433333333333,0.013710666666666666,3.3958454166666665,0.0027144166666666081,2,0,1,19,0.039748199284920308,0.77889357370546519,0.040000000000000001,1,0.49997983203953927
29,147.76830246404938,148.45989852635421,405.20678525439627,472.21249379823627,646.87252233344907,1.7294022781678315,4.5527371666666667,0.27301762499999999,0.014273375,4.2627821250000002,0.0026640416666667832,2,0,1,24,0.039807148258170111,0.87794765435167599,0.040000000000000001,1,0.49997983768462584
30,148.14709828391656,148.95036068447169,407.18234585545667,474.79898349829426,651.16687240150827,1.7336781460906265,4.2068631249999999,0.27051008333333332,0.014329166666666667,3.9191092916666666,0.002914583333333276,2,0,1,20,0.039817277318354792,0.73854695146704707,0.040000000000000001,1,0.49997712646969816
31,148.43578461519908,149.19737799683878,407.90911032361993,476.04669757195524,654.69068519369841,1.7340233173016135,4.3703929166666668,0.27082920833333335,0.01425325,4.0826165416666669,0.0026939166666659631,2,0,1,23,0.039765685218077829,0.84638876131304974,0.040000000000000001,1,0.49997618312874609
32,148.73942052854861,149.7364946617046,409.32981349255448,478.17350497109987,658.37101875561768,1.7336676634332977,4.093004791666667,0.275917625,0.014684916666666667,3.7993658333333333,0.0030364166666672077,2,0,1,20,0.039760945424869257,0.6576111877309686,0.040000000000000001,1,0.49998637329760148
33,148.98847622412669,149.70930827616286,408.96843870391865,478.23038826812564,661.74624661546886,1.7317502392670916,3.5831400416666668,0.27643858333333332,0.014264125000000001,3.28938475,0.0030525833333334695,2,0,1,17,0.03687354607118927,0.54688446465078866,0.040000000000000001,1,0.49998780626799688
34,149.17974742798125,149.68043728040621,408.59483914433508,478.14750497925513,664.4721410875012,1.7297811695919054,3.938053,0.26857454166666667,0.014371500000000001,3.6522820833333332,0.002824874999999949,2,0,1,20,0.039795760533527645,0.69955596492461236,0.040000000000000001,1,0.49997991660870655
35,149.40162529341643,150.25934003043321,410.19175769117862,480.3307250434496,667.07834783881242,1.7298919162569144,3.5535108750000002,0.27174883333333333,0.014872208333333333,3.2642172500000002,0.0026725833333336446,2,0,1,16,0.039247381873481792,0.56053733328760846,0.040000000000000001,1,0.49999020659333271
36,149.58649847744169,150.09542843466608,409.32620192490344,479.66834810641205,669.67949287486044,1.7271063895398786,4.7790833749999999,0.26588133333333336,0.014575291666666667,4.4960041666666664,0.0026225833333333171,2,0,1,24,0.039123734707790514,0.66963088034874352,0.040000000000000001,1,0.49998507470399955
37,149.81243068762771,150.51822150210893,410.6848708403063,481.37694176191621,672.56596126511056,1.7284727838386806,4.6604058750000004,0.27315441666666668,0.014964999999999999,4.3696789166666665,0.0026075416666673235,2,0,1,22,0.039518637883722542,0.64915857676995314,0.040000000000000001,1,0.49995672791311824
38,149.99930531320692,150.94337083236493,411.86328607560097,483.0036673560632,674.96583380049492,1.7285947292975794,4.2828012500000003,0.26914029166666664,0.014945708333333333,3.9960424166666666,0.0026728333333334575,2,0,1,20,0.024360371972593449,0.51282920146448197,0.040000000000000001,1,0.49997959419455346
39,150.16872434590931,150.96271062722857,411.67531305512551,483.05684291353549,677.05429898957402,1.7270000077812144,4.4744462916666663,0.26936179166666668,0.014540208333333334,4.1879282499999997,0.0026160416666671793,2,0,1,21,0.029389441020716552,0.5238757498955543,0.040000000000000001,1,0.49997458815069901
40,150.32712681067554,151.06569647466833,411.77442590072599,483.46999952762962,679.00134735930988,1.725797024142903,5.3687148750000002,0.27022233333333334,0.0151775,5.0807067083333335,0.0026083333333337677,2,0,1,24,0.033333315407656147,0.61783883407712581,0.040000000000000001,1,0.49995432774727172
41,150.47562464822553,151.72522295490353,413.49032295941589,485.74908115235581,680.93603138425749,1.7252576394784103,3.8066448749999999,0.26733133333333331,0.014623791666666667,3.522042125,0.0026476249999998203,2,0,1,18,0.030455599311410442,0.47023295807211568,0.040000000000000001,1,0.49998212368514905
42,150.62781088628429,151.5342214185728,412.49263414190403,484.87972324114526,682.84514336844666,1.7221087770167989,6.5438800833333337,0.27191708333333331,0.014739125,6.2545529999999996,0.0026708750000006276,2,0,1,27,0.029898764355592952,0.58201101661289867,0.040000000000000001,1,0.49998706349729605
43,150.79467767464459,151.55361604411655,412.2476013911471,484.86561132099695,685.08505511133762,1.7201436174980065,4.1774589999999998,0.27229358333333331,0.015547083333333333,3.8859414583333334,0.0036768750000000239,2,0,1,19,0.024056276049662772,0.41688214828360298,0.040000000000000001,1,0.49998423351130494
44,150.87074360753169,151.49148674702457,411.68412140825882,484.38655456625611,686.54116344909517,1.7175396469356037,5.0073414166666668,0.28166512500000002,0.015308833333333334,4.7068072083333332,0.0035602500000004866,2,0,1,21,0.014942957992838384,0.47250670205866963,0.040000000000000001,1,0.49999442484846168
45,151.00721652574612,151.6996784269046,412.20804305728376,485.09419741076562,688.08277881272909,1.7172637894278941,7.2213881666666664,0.27462437499999998,0.015260875,6.9287841666666665,0.0027187499999996589,2,0,1,30,0.032591163086043706,0.64383435088814112,0.040000000000000001,1,0.49998500523246531
46,151.15598317865198,152.07529382418653,413.23338704844605,486.42926048720523,689.73234418888762,1.7172946811872221,6.8461347083333335,0.27251145833333335,0.015432375,6.5556265416666664,0.0025643333333338347,2,0,1,28,0.023058234129591782,0.58223531263556016,0.040000000000000001,1,0.49997805779331267
47,151.31215347033276,152.18254564988368,413.20804983165141,486.69848383272512,691.41918570519931,1.715213154485481,4.0365527916666668,0.27388262499999999,0.015512833333333333,3.7445646666666668,0.0025926666666666875,2,0,1,18,0.016966370375601395,0.37977121880237752,0.040000000000000001,1,0.4999771849169633
48,151.39076148615766,152.20668516790928,412.88825180901006,486.52328779601675,692.59503423438321,1.7126814525493781,5.0979305416666669,0.26889870833333335,0.014938166666666667,4.8115334166666663,0.0025602500000001527,2,0,1,22,0.0150531209743288,0.44071476012185329,0.040000000000000001,1,0.49998861982459092
49,151.50845356987458,152.35456502404546,413.06866158166207,486.89424108261494,693.8602481272909,1.7112325877237038,5.0669154166666663,0.27684204166666665,0.015488083333333333,4.7721316250000001,0.0024536666666659102,2,0,1,21,0.020665989099787417,0.41283869588371391,0.040000000000000001,1,0.49999084105358887
50,151.61497139190161,152.22019482110227,412.24283982479295,486.19530074267573,695.15485667522853,1.7082007108799455,6.2295988749999998,0.29593837499999998,0.016256333333333334,5.9081349166666666,0.0092692500000000067,2,0,1,25,0.02100583791528951,0.50929957066101195,0.040000000000000001,1,0.4999914890434522
51,151.70483931148092,152.66862513106457,413.38196142059428,487.71111430180957,696.06998009022982,1.707707369904653,5.5235527916666669,0.28622183333333334,0.017072583333333332,5.2129524583333335,0.0073059166666666897,2,0,1,23,0.017704520667995924,0.46163628410296831,0.040000000000000001,1,0.49998916813457067
52,151.82123535639153,152.71293915230319,413.16337669477565,487.65033165315532,697.33014251650593,1.7054903074239232,4.8079587500000001,0.27797170833333334,0.015393416666666666,4.5079316250000003,0.0066619999999995017,2,0,1,21,0.018357620663036662,0.41318241053232424,0.040000000000000001,1,0.49998808167987874
53,151.90789993931637,152.77412986020676,412.9467737370133,487.59224842653754,698.45165889259897,1.7029888772063233,5.4801046666666666,0.27146095833333334,0.015326708333333333,5.1886818333333338,0.0046351666666666347,2,0,1,23,0.015666612431333039,0.44488069099283384,0.040000000000000001,1,0.49999046158254806
54,152.0056621260417,152.88450806212256,412.90522856241006,487.74659373331713,699.58695803719843,1.7007656550435546,5.3821192499999997,0.27674379166666668,0.014793708333333334,5.0870983750000001,0.0034833749999991781,2,0,1,23,0.018472328486309905,0.44272966543312009,0.040000000000000001,1,0.49998769192603537
55,152.10939395948978,152.95468208780488,412.65595488116963,487.69632014902317,700.71234638914632,1.6978968492398363,5.4456531249999998,0.26658858333333335,0.015236541666666667,5.1611536666666664,0.0026743333333332231,2,0,1,23,0.015630274521067515,0.43721513541730406,0.040000000000000001,1,0.49998623421702715
56,152.19972563165686,153.16545200158626,412.91505002570642,488.20734648692411,701.68182527880037,1.6958758951818327,8.1118539999999992,0.26550466666666667,0.015196041666666667,7.8292427916666663,0.00191049999999926,2,0,1,33,0.025977588092466131,0.5927985653107315,0.040000000000000001,1,0.49997739916196471
57,152.33315861221564,153.31031144584929,412.89580802343806,488.45549103353574,703.03269770374709,1.6932031128857037,7.8757128333333331,0.27384520833333331,0.015279249999999999,7.5847011249999996,0.001887250000000229,2,0,1,32,0.028574468296426781,0.56906745722021768,0.040000000000000001,1,0.4999757674676738
58,152.44645214008273,153.59113214581899,413.29007230809606,489.05827600067812,704.07103188029748,1.6908459266757641,8.3896568333333335,0.273175,0.015241541666666667,8.0998053750000008,0.0014349166666658419,2,0,1,32,0.025516556326927699,0.56150655988670606,0.040000000000000001,1,0.49997515483147709
59,152.55874643919057,153.57643212835151,412.73636096208446,488.67105160939468,705.21659231148647,1.6874980440823106,5.3532886250000002,0.27814804166666668,0.015465083333333334,5.057855833333333,0.0018196666666678851,2,0,1,23,0.0164014637443365,0.41252300675103853,0.040000000000000001,1,0.49998186584762372
60,152.64063918059264,153.64672804709909,412.44065901476472,488.61516824837526,706.08501159836544,1.68434391188815,4.8590985,0.26268008333333331,0.014934291666666667,4.5794514166666671,0.0020327083333322449,2,0,1,21,0.014153218825349458,0.37660610885076107,0.040000000000000001,1,0.49999191196534981
61,152.71419982853183,153.75770306734904,412.31473048034286,488.70271411072383,706.85422575235452,1.6815874733751748,8.4437930833333326,0.26592791666666665,0.014848833333333334,8.1612387500000008,0.0017775833333306679,2,0,1,33,0.021456754139608791,0.57649986545865228,0.040000000000000001,1,0.49997521533073785
62,152.83777941870173,153.8193001915933,411.85508316414627,488.59369342805445,707.89274356398391,1.6775253992909234,8.3193090416666671,0.26997537500000002,0.01541875,8.0321223333333336,0.0017925833333336527,2,0,1,34,0.022821982763307273,0.58417376569203361,0.040000000000000001,1,0.49998353928959621
63,152.94102401176235,154.2975191510148,412.85260753653949,490.16589665096916,708.43028541020146,1.6756918050799665,4.6687924166666663,0.26664466666666664,0.014901333333333334,4.3855655416666668,0.0016808749999990269,2,0,1,18,0.015460717048363028,0.36092741165829295,0.040000000000000001,1,0.49999105112792852
64,153.02080069626615,154.09672917954657,411.71639969041911,489.15734238469236,709.21918027486902,1.6718049233264756,6.6425665833333332,0.26781612500000002,0.014901458333333333,6.3578833333333336,0.0019656666666660882,2,0,1,29,0.020772915592392742,0.510371850568203,0.040000000000000001,1,0.49998179302694917
65,153.12253824772966,154.32917261256912,411.55085746553391,489.60310488543138,709.98501367690733,1.6667081180996091,6.1092787499999996,0.26550470833333334,0.015054083333333333,5.827215625,0.0015043333333331077,2,0,1,25,0.029020975883848794,0.46783517839736471,0.040000000000000001,1,0.49995079474393234
66,153.21386601804537,154.18620294279151,410.22561133603278,488.6402456349465,710.82584578686203,1.6605857301527873,4.7612878333333333,0.26789216666666665,0.0155765,4.4763964166666668,0.0014227499999996951,2,0,1,21,0.023524500100332083,0.3805259701116479,0.040000000000000001,1,0.49996197764247619
67,153.28896740602818,154.46190200799288,410.36685824222462,489.415471043585,711.35019042146666,1.6567512953517143,6.9688677083333337,0.26672245833333336,0.015247083333333333,6.6854682499999996,0.0014299166666669194,2,0,1,28,0.031137870250421452,0.50875595322116474,0.040000000000000001,1,0.49998940082454935
68,153.37889417058071,155.06653017615972,411.36371181236291,491.47740336353945,711.67992038729528,1.6528207688986316,4.2626357500000003,0.26321916666666667,0.015479833333333333,3.9825417083333332,0.0013950416666670407,2,0,1,18,0.035827373916509607,0.36299898377382456,0.040000000000000001,1,0.49999080832604453
69,153.46397731876124,155.04866355577008,410.42961997062105,491.07562944376355,712.29126299510847,1.6471019521106156,5.537587666666667,0.26247137500000001,0.015541291666666667,5.257840083333333,0.0017349166666678073,2,0,1,21,0.039624060140769211,0.46292739064573296,0.040000000000000001,1,0.49999343626889348
70,153.58209850472363,154.85053768524207,408.68963812020502,489.90286484217296,713.16713484545471,1.6392523024423111,7.8098438333333338,0.26600924999999997,0.015600208333333334,7.526668083333333,0.0015662916666672189,2,0,1,30,0.039673725572598205,0.59092749687277923,0.040000000000000001,1,0.4999624824287528
71,153.72369957784514,154.89385035456615,407.644027369051,489.69826582942835,713.93572433763495,1.6317637945981498,5.7180278333333332,0.27115470833333333,0.015812375,5.4293310000000004,0.0017297499999990862,2,0,1,23,0.03970410931993635,0.45632851239829991,0.040000000000000001,1,0.49997579377272378
72,153.83314244332624,154.99500038367452,407.03197176404552,489.78939708205405,714.61285381768641,1.6260974273781661,6.1475520833333333,0.27137058333333336,0.015622541666666667,5.8591880833333336,0.0013708749999992165,2,0,1,26,0.039313063004018101,0.53680996542160886,0.040000000000000001,1,0.49994683641396359
73,153.93662529852637,155.44808137609752,407.47078589315777,491.27051254886567,714.82435821122021,1.6212660991762651,7.2857229583333334,0.26797554166666665,0.015699958333333333,7.0005365833333331,0.0015108750000001336,2,0,1,29,0.039210715896816378,0.54049628713618014,0.040000000000000001,1,0.49995453489920416
74,154.05184664094631,155.66384000210033,407.17817568038623,491.78045999742778,715.35608684323529,1.6157531233643747,6.7697882500000004,0.26500270833333334,0.015955708333333332,6.4873472083333334,0.0014826250000004038,2,0,1,25,0.039144606882404773,0.50060595541960606,0.040000000000000001,1,0.499972989549887
75,154.1621398499374,155.62177520422287,406.02050213453458,491.26818191784679,716.05989319355956,1.6090211450275052,8.5511666250000005,0.27279241666666665,0.015734833333333333,8.2611827083333331,0.0014566666666677719,2,0,1,33,0.039176878591900312,0.58865059984402757,0.040000000000000001,1,0.49995137411495338
76,154.29166729361026,155.75829977161976,405.27043274383141,491.46913348657608,716.59139457442552,1.6019186992799628,5.6124528333333332,0.26600425,0.01524875,5.3297609166666664,0.0014389166666672892,2,0,1,23,0.030902888933560402,0.41687600544821668,0.040000000000000001,1,0.49997686213092485
77,154.36230343560842,156.1539993211851,405.57659270702453,492.80523100276878,716.6457882786417,1.5972859771129844,4.9081732083333334,0.26672050000000003,0.015286458333333334,4.6246931250000003,0.00147312499999952,2,0,1,20,0.029026329607055944,0.36974723694780209,0.040000000000000001,1,0.49996631071635955
78,154.43937236756688,156.19730172658549,404.72034609403227,492.65397711290177,717.08443302870637,1.5910841072176283,8.0800768749999996,0.26234720833333336,0.015262333333333333,7.8011695000000003,0.0012978333333331094,2,0,1,30,0.032985687739144731,0.50088504371037812,0.040000000000000001,1,0.49996096753279023
79,154.54223280462335,156.36996061655719,403.98142626771204,493.00519011306648,717.4876155109979,1.5834976530967839,6.8993007916666667,0.26246554166666669,0.015363708333333333,6.6202833333333331,0.0011882083333336624,2,0,1,25,0.032199431717371954,0.45474678328647011,0.040000000000000001,1,0.49999449471982732
80,154.64544759438908,156.25824491911402,402.64523836594282,492.2813995905334,718.06638234008074,1.5767935546336724,9.0786716666666667,0.26786570833333334,0.015428791666666667,8.7942478333333334,0.0011293333333330935,2,0,1,32,0.033927103172846924,0.52947579681185075,0.040000000000000001,1,0.49995667271340138
81,154.75921880500559,156.27507708249041,401.42798835869536,491.94037431117346,718.53656990984973,1.5687268619730068,7.9764434166666662,0.26189591666666667,0.016020375,7.6973631249999999,0.0011639999999992767,2,0,1,28,0.035834689158043921,0.50448086909875456,0.040000000000000001,1,0.49999247971623417
82,154.86987039819553,156.26400857401615,400.22814245642883,491.55807818803311,719.09090780036638,1.5612304849254934,9.0172449583333325,0.27382862499999999,0.015962500000000001,8.7262436250000004,0.0012102083333314084,2,0,1,31,0.037311496243226876,0.51472306584481775,0.040000000000000001,1,0.49999413187280445
83,154.97400629725129,156.37100885153751,399.54346606554992,491.75007324378203,719.39066141084288,1.5550993691221007,6.5067035000000004,0.27337262499999998,0.015982958333333332,6.216183,0.0011649166666662936,2,0,1,23,0.02978443660493808,0.37476279703222032,0.040000000000000001,1,0.49995938318125011
84,155.03645588890575,156.43003103616826,398.93311677484758,491.73967692862743,719.63050171912471,1.5502335717277334,2.7734029583333335,0.264062625,0.015552458333333333,2.4926784166666667,0.001109458333333091,2,0,1,12,0.015669434419210544,0.22902965026402164,0.040000000000000001,1,0.49996978494048278
85,155.05808155650391,156.76309031478419,399.39205668242869,492.94384094846976,719.5708119509211,1.547742940512588,5.0022409166666666,0.26549079166666667,0.01597925,4.7196584166666664,0.0011124583333339544,2,0,1,21,0.020077726856254349,0.34615469920060987,0.040000000000000001,1,0.49998502374321163
86,155.11142944744753,157.32361013425438,400.45758416789374,495.12437113356242,719.39029556114235,1.5454385633927257,7.9573910000000003,0.26140470833333335,0.0155605,7.6793102083333338,0.0011155833333331699,2,0,1,28,0.032630656825374131,0.46920763796705578,0.040000000000000001,1,0.4999945016284898
87,155.2113677319519,157.36275264630765,399.58330685944634,494.9863065205904,719.73100659399665,1.5392496009367571,3.9343330416666666,0.270182125,0.016052750000000001,3.6469449583333335,0.001153208333333211,2,0,1,14,0.013693417866603564,0.21774286713463276,0.040000000000000001,1,0.49998330205623109
88,155.24878967221028,157.37528535667599,399.12064147947433,494.88194783356198,719.86004468799899,1.5361074998206083,5.4754006666666664,0.26962366666666665,0.016104500000000001,5.1885118333333331,0.0011606666666663656,2,0,1,20,0.022471599396780111,0.30144640648161303,0.040000000000000001,1,0.49998875386393593
89,155.3102493226834,157.50590856374217,398.84517068862789,495.15410496374346,720.09580048658927,1.5322552933131168,9.0845330000000004,0.26703787499999998,0.015577208333333334,8.8007783750000002,0.0011395416666672986,2,0,1,31,0.031198852336753687,0.46027124614210774,0.040000000000000001,1,0.49996896942238683
90,155.40547895388775,157.51320490562662,398.02648074204888,494.8897120774937,720.38447694545175,1.5269403983020013,6.6457920833333333,0.26704716666666667,0.015728083333333333,6.3618659166666669,0.001150916666666113,2,0,1,24,0.030729287707030095,0.33952119191485092,0.040000000000000001,1,0.49999376417187025
91,155.46788361307154,157.5885322642969,397.65746347144454,495.08878851860271,720.46443945121575,1.5233908696130258,5.8802691666666664,0.26747425000000002,0.015690875,5.5959279583333332,0.0011760833333331888,2,0,1,20,0.020074465282963506,0.28998646872210943,0.040000000000000001,1,0.49998590650935004
92,155.52126990228334,157.58977109088485,397.11717466994872,494.94123176953309,720.56370169301192,1.5199425820659649,7.2293364166666665,0.26742508333333331,0.016168624999999999,6.9446155833333334,0.0011271250000000066,2,0,1,26,0.022251320300646433,0.32699574558170574,0.040000000000000001,1,0.49999155566679843
93,155.5797637538173,157.77705138705309,397.0828520312084,495.50132794555628,720.61918209297562,1.5167338883593329,8.6956045,0.26984550000000002,0.016173916666666666,8.4084553750000008,0.0011297083333321467,2,0,1,29,0.028022495289675164,0.39531720752692318,0.040000000000000001,1,0.49999585753333553
94,155.65670198185342,157.78378690549823,396.47624137417517,495.29122620742794,720.82027879129623,1.5127818843113299,7.019549333333333,0.25977275,0.015781875000000001,6.7428764583333329,0.0011182500000002094,2,0,1,24,0.01866525379690635,0.3418598770919426,0.040000000000000001,1,0.49998411084355732
95,155.71278720729754,157.86980241994661,396.09767189816085,495.38562797702201,720.85651997180037,1.5090148073062675,10.318004708333333,0.26791679166666665,0.016267416666666666,10.032676916666667,0.0011435833333344192,2,0,1,35,0.030839663921142849,0.49889137385473775,0.040000000000000001,1,0.49999679912045863
96,155.8113338794858,158.09924373774172,395.86966173499582,496.02892864836258,720.82295124417396,1.5039314064757487,8.2695064583333338,0.266858125,0.015755999999999999,7.9857719999999999,0.0011203333333336118,2,0,1,27,0.031239976072173263,0.40190704472342537,0.040000000000000001,1,0.49999447400032876
97,155.88543080531704,158.11499550640278,395.31345178741407,495.93000550958965,720.8596845112686,1.5001642034098281,9.0695506666666663,0.26675025000000002,0.016293541666666668,8.7853552916666668,0.0011515833333337611,2,0,1,31,0.029987157251256027,0.4306159494923007,0.040000000000000001,1,0.49998140043094358
98,155.96687745937518,158.28159229980193,394.91984746302427,496.28127637718927,720.93405377177623,1.4950459603350759,7.9532935,0.26769591666666664,0.015785333333333332,7.6686653749999998,0.0011468749999998806,2,0,1,26,0.026363264644480754,0.36833470856352807,0.040000000000000001,1,0.49999524269046508
99,156.0363102122802,158.30133602245917,394.37505055058546,496.17379345307421,720.9651984388347,1.4912932541177863,10.401646625,0.26416058333333331,0.015819291666666666,10.120536833333333,0.0011299166666667304,2,0,1,34,0.029460247640717328,0.433502287320082,0.040000000000000001,1,0.49999059292471482
100,156.11839740817086,158.35524595021988,393.90557183858664,496.14633603269067,720.9661041237481,1.4874804082108761,6.577080416666667,0.26546458333333334,0.015729791666666666,6.294740916666667,0.0011451249999998581,2,0,1,22,0.019880234273893592,0.30880957653357122,0.040000000000000001,1,0.49998301947041934
101,156.16245680009442,158.48637007849294,393.66995138159314,496.39547636683739,720.95109292184497,1.4839356923035194,9.047352458333334,0.26645912500000002,0.016320749999999998,8.7634487083333337,0.0011238749999993303,2,0,1,32,0.027358978984010466,0.42548725789698649,0.040000000000000001,1,0.49997923251142939
102,156.23561537970809,158.7830942640241,393.83454438791523,497.3464670951916,720.77856666784032,1.4803304546581528,5.8669487499999997,0.26384045833333336,0.015908041666666668,5.58604725,0.0011529999999995155,2,0,1,20,0.016162125516915832,0.27398580140842405,0.040000000000000001,1,0.49997451919539138
103,156.28419985417878,158.87758403184552,393.60360448703142,497.52276257729721,720.72956549149194,1.4774017485571613,7.1577358333333336,0.26260083333333334,0.015855125000000001,6.8780777916666667,0.0012020833333341585,2,0,1,25,0.022603393772439018,0.3389913732480252,0.040000000000000001,1,0.49999175639863663
104,156.35136674953654,158.98571722258072,393.26406538461481,497.66905458987532,720.75101210669743,1.4735811005842956,5.3612178333333329,0.27090541666666668,0.016360208333333334,5.0728200833333332,0.0011321249999998173,2,0,1,18,0.018148864347724416,0.25783904538826424,0.040000000000000001,1,0.49999215228714561
105,156.38910805392661,159.09339859504578,393.17059345118565,497.973974163999,720.67384572216997,1.4713193440034356,8.4611822083333337,0.26868300000000001,0.016388458333333335,8.1749849583333329,0.0011257916666682632,2,0,1,29,0.027096537066107478,0.40655882184413789,0.040000000000000001,1,0.49999533283690084
106,156.46145468367061,159.29816535628598,392.96123717468231,498.43440888995821,720.6366944186276,1.4668283925039936,7.3268392083333334,0.26408354166666664,0.015916583333333335,7.0456785000000002,0.0011605833333332427,2,0,1,24,0.019305598389714056,0.34980682125530105,0.040000000000000001,1,0.49999330170335421
107,156.51699288770115,159.51853782105135,392.95247822157216,499.08867032956459,720.53848970782906,1.4633655974353783,8.2457934166666664,0.26610216666666664,0.015899375,7.9626610416666663,0.0011308333333337472,2,0,1,29,0.024580712645278554,0.43685961818799796,0.040000000000000001,1,0.49999552422852334
108,156.59166770430946,159.83566347826687,392.96219445856565,500.01105300471971,720.4064835265267,1.4585388886754764,7.424598333333333,0.26640249999999999,0.015939083333333333,7.141107166666667,0.0011495833333325933,2,0,1,24,0.026449704080393814,0.36970746551136802,0.040000000000000001,1,0.49999586094648663
109,156.6584251943203,159.9526225515406,392.47802417374544,500.10562345520606,720.41088569633223,1.453714218079041,7.8861667083333336,0.25905424999999999,0.015913333333333335,7.6100624166666666,0.0011367083333331252,2,0,1,26,0.023370323571324837,0.41622640014453471,0.040000000000000001,1,0.4999954983783903
110,156.73955363688722,160.11437534732838,391.93684706314167,500.3110800373114,720.4591095755261,1.4478554546581592,8.8735952916666658,0.25993870833333332,0.015919291666666668,8.5966066249999997,0.0011306666666666132,2,0,1,29,0.025604048928060064,0.50459645154054589,0.040000000000000001,1,0.49999573889435156
111,156.84020110601136,160.34653609771752,391.39803252388884,500.7600829150449,720.5279029439663,1.4409509681292096,3.9793747916666669,0.26984124999999998,0.016469625000000002,3.6919315833333335,0.0011323333333335128,2,0,1,14,0.013798179198013846,0.26104152828934324,0.040000000000000001,1,0.49998568584972669
112,156.87789334008863,160.59544471769149,391.43165644299899,501.51644122155943,720.41060613486877,1.4373770820902876,8.3003287500000003,0.26807962499999999,0.016449666666666668,8.0146518333333336,0.0011476249999997634,2,0,1,29,0.02976811687701493,0.52477041519561107,0.040000000000000001,1,0.49999484303630243
113,156.99129764520026,160.85272314892418,390.74783932834362,501.96754359853514,720.62813466335967,1.4292273806677982,7.8259939999999997,0.26423075000000001,0.015947041666666668,7.5446511666666662,0.0011650416666668661,2,0,1,26,0.025829489583804266,0.51833596820142824,0.040000000000000001,1,0.49999459500089194
114,157.10110027241242,161.09677247957237,390.00683483568969,502.39114862241837,720.78419818829411,1.4209475387543467,5.7689162083333336,0.26880045833333333,0.016508041666666667,5.4824683333333333,0.0011393750000001646,2,0,1,19,0.03569475476858542,0.42570503562276002,0.040000000000000001,1,0.49998926632327517
115,157.19143973358464,161.4140484210408,389.7529234940493,503.3050149106636,720.96936616025607,1.4146158733185199,4.4887781249999996,0.26409020833333335,0.016113875,4.2074286666666669,0.0011453749999992269,2,0,1,16,0.036454630181735476,0.45041641272545868,0.040000000000000001,1,0.49998291597049177
116,157.29573052212959,161.76680781534247,389.46340217360301,504.33023983190435,721.17720792624277,1.4075606574259487,4.3890417499999996,0.26284991666666668,0.016068124999999999,4.1089916249999998,0.0011320833333332558,2,0,1,16,0.037456785602628842,0.4930592837372566,0.040000000000000001,1,0.49998520502919419
117,157.4168076025783,162.14495590135962,389.28627094322911,505.49967226229796,721.52230210879111,1.4008534140281872,4.2578585000000002,0.26535816666666667,0.016182249999999999,3.9751872499999998,0.0011308333333337472,2,0,1,16,0.037308113214332722,0.49919379989687379,0.040000000000000001,1,0.49998940303077033
118,157.54039679868339,162.49238413032779,389.09808458636053,506.52671134482898,722.04540043521024,1.3945619769741489,4.4657162499999998,0.26131712499999998,0.016202291666666667,4.1870717916666669,0.0011250416666666041,2,0,1,16,0.036537528119872126,0.49344586210608965,0.040000000000000001,1,0.49999080125117157
119,157.6636748709895,162.75475314987591,388.80062377590252,507.22326892288191,722.53966690326354,1.3888741572903118,4.7543472083333329,0.26636595833333332,0.016157041666666667,4.4706732916666665,0.0011509166666670012,2,0,1,16,0.034653927029285526,0.49750935116927847,0.040000000000000001,1,0.49998769003638177
120,157.78721506393944,163.02719781893529,388.60280258375161,507.99210498278848,723.03760192100538,1.3836685398675002,4.5924329999999998,0.27289245833333331,0.016795000000000001,4.301625041666667,0.0011204999999989695,2,0,1,16,0.034100155175443361,0.51704069205394387,0.040000000000000001,1,0.49999151534615405
121,157.92252615402822,163.33656680452822,388.60374988731428,508.95858676788089,723.57095607385634,1.379159532307134,4.7662545416666671,0.26485116666666669,0.016866291666666668,4.4834168333333331,0.0011202500000004889,2,0,1,16,0.033286259047916794,0.48222757625976603,0.040000000000000001,1,0.49998885446523256
122,158.04001236473189,163.59005845121052,388.5396311612962,509.69713435188328,723.98943033161356,1.3750809483155431,5.0087986666666664,0.26955800000000002,0.016752791666666666,4.7213612916666667,0.0011265833333329311,2,0,1,17,0.032310391589234003,0.51667438037130919,0.040000000000000001,1,0.49998983983024292
123,158.16962868069936,163.86784039844844,388.57876675891288,510.53167151675297,724.45271975312642,1.3712936340289505,5.0614010416666666,0.26722695833333332,0.016384124999999999,4.776658583333333,0.0011313749999999345,2,0,1,17,0.032718958732130064,0.52510242129451756,0.040000000000000001,1,0.49999099055401947
124,158.30222647195873,164.16525415382688,388.7529888709401,511.45602576762565,724.92961418129482,1.3680588859970879,5.8073614999999998,0.27607545833333336,0.017252708333333332,5.512896041666667,0.0011372916666658739,2,0,1,19,0.033085147663746539,0.58854830905007915,0.040000000000000001,1,0.49999079294028137
125,158.45191416586977,164.48667972049307,388.99805645074628,512.43437736004375,725.48600168624762,1.3649213243999949,5.26642075,0.26792587499999998,0.016895833333333332,4.9804671666666662,0.0011318750000013367,2,0,1,17,0.028574566352356008,0.54183209937508436,0.040000000000000001,1,0.49999082963725439
126,158.59447663752539,164.80959838527309,389.33367757226955,513.44696025274959,726.0502216184143,1.3623240477907703,5.3193658333333333,0.26465904166666665,0.016589291666666665,5.0369701249999999,0.0011473750000003946,2,0,1,17,0.032495442775167027,0.58242582493464412,0.040000000000000001,1,0.49999039450371724
127,158.75015228722737,165.18192602280919,389.85198543485461,514.67122238978504,726.66126324101265,1.3601370611275097,5.6661460000000003,0.31395645833333335,0.018292083333333334,5.3326357916666662,0.0012616666666671605,2,0,1,17,0.031628712240967777,0.56686602361807259,0.040000000000000001,1,0.49998991841442503
128,158.89807743314867,165.48672377058776,390.21457996062685,515.61553526172042,727.27391361212506,1.3579811786084821,6.3081473749999999,0.54535487500000002,0.021841166666666665,5.7396465416666667,0.0013047916666666382,2,0,1,18,0.032656320513608839,0.62496541190494281,0.040000000000000001,1,0.49998953731251672
129,159.06879083185635,165.85477697507156,390.78464338487299,516.83540875139977,727.99470232075703,1.3561856372916472,5.1570914583333334,0.26689283333333336,0.016841791666666668,4.8722097499999997,0.0011470833333335761,2,0,1,17,0.031257596248664685,0.64823056174284754,0.040000000000000001,1,0.4999890944051622
130,159.24711702448195,166.27437781021797,391.62151924198974,518.37158633675551,728.71609847186744,1.3552727990898163,5.5646161666666663,0.26775629166666665,0.017351958333333334,5.2783335833333336,0.0011743333333331663,2,0,1,17,0.030067926415850099,0.62554145542845607,0.040000000000000001,1,0.49998837814588076
131,159.41696269537553,166.61600951935279,392.25465919271073,519.54165505286596,729.47744319909123,1.3542435107182755,5.5330402916666666,0.27445683333333332,0.017341541666666668,5.2400966666666671,0.0011452499999995425,2,0,1,17,0.0314081912721456,0.66171047001440431,0.040000000000000001,1,0.49998770214361316
132,159.60493719527267,167.0000595737433,393.00385657550561,520.89944907622601,730.32386123648735,1.3533156669442046,5.2451062083333335,0.26205637500000001,0.017373791666666666,4.9645274166666669,0.0011486249999999032,2,0,1,16,0.032300778714606855,0.63088450751791691,0.040000000000000001,1,0.49998652860862497
133,159.78581068821774,167.32809969326968,393.61962266915259,522.04455148291902,731.17667759289111,1.3523820768340733,5.3454847499999998,0.26656158333333335,0.016892500000000001,5.0608840833333337,0.0011465833333330622,2,0,1,17,0.0355238012124185,0.6997511084078879,0.040000000000000001,1,0.49998653102802693
134,160.0030871487576,167.71527718132779,394.39514878529104,523.45354708617003,732.23442507224172,1.3515755714900382,5.2729597083333335,0.31144304166666664,0.018860583333333333,4.9412962499999997,0.001359833333333782,2,0,1,16,0.036666405555396402,0.72503004857071562,0.040000000000000001,1,0.49998282546069944
135,160.21401551268261,168.07695368663406,395.08879524884145,524.8041356368791,733.34349207689343,1.3506422896350958,5.3233832083333334,0.31595837500000001,0.017321708333333335,4.9889147083333336,0.0011884166666664697,2,0,1,17,0.033975501026919271,0.68306729509479824,0.040000000000000001,1,0.49998685937464266
136,160.40396426578383,168.42426192108536,395.85753033603305,526.24046708739058,734.25687207950477,1.3503592999060361,5.1221387500000004,0.32056712500000001,0.017562708333333333,4.782806458333333,0.0012024583333340999,2,0,1,16,0.03707024258934024,0.64191055806196406,0.040000000000000001,1,0.49998745919160065
137,160.56220002019742,168.72264584999203,396.56678177032865,527.54876220198139,735.02715723916128,1.3504063711928056,5.6228254583333337,0.32530312500000003,0.017385291666666667,5.2789837500000001,0.001153291666666334,2,0,1,17,0.033232758455269698,0.53049359660329987,0.040000000000000001,1,0.49999057447448297
138,160.67341181603757,168.95758881974848,397.14626631464353,528.63744864715636,735.43129101698037,1.3505677909403462,5.7732351250000002,0.31717233333333333,0.017398958333333332,5.4375250416666665,0.0011387916666665276,2,0,1,18,0.028106640142239649,0.46752563728413693,0.040000000000000001,1,0.4999934541028267
139,160.76404282272742,169.16910304741512,397.71144698057725,529.63747019189304,735.62417171116022,1.3509697682153325,5.738166708333333,0.27012575,0.017416500000000001,5.4494843333333334,0.0011401249999991592,2,0,1,18,0.029731337829593734,0.43825326975540363,0.040000000000000001,1,0.49999463018541251
140,160.84638648707613,169.39219985190917,398.266372569434,530.62495720214952,735.71541167895464,1.3511494207975201,5.5791482916666668,0.33354375000000003,0.018176166666666667,5.2261236249999996,0.0013047500000009649,2,0,1,17,0.027578583781776456,0.40545426157199826,0.040000000000000001,1,0.49999505136413852
141,160.91724868265587,169.60218261351869,398.75955095117894,531.53501443186713,735.74712024713608,1.3511463402558506,5.7244035833333333,0.26347208333333333,0.017434916666666668,5.4423592916666665,0.0011372916666667621,2,0,1,17,0.026864257199068077,0.4347553673493938,0.040000000000000001,1,0.49999511018219744
142,160.98656816920706,169.94088551902661,399.45513316679461,532.88798391113176,735.65245143553955,1.3505534406672934,5.3277397500000001,0.27287820833333332,0.017933208333333332,5.0357933333333333,0.0011350000000005522,2,0,1,17,0.025284370003087211,0.4234346017282527,0.040000000000000001,1,0.49999540392990177
143,161.05010692661588,170.26607536728991,400.06707470243242,534.13768086586697,735.53647081393831,1.3496581678964918,7.4833041666666666,0.26436070833333336,0.017628541666666667,7.2001689999999998,0.0011459166666671905,2,0,1,22,0.030439024720375914,0.43723867695186786,0.040000000000000001,1,0.49999584997141672
144,161.12606089165772,170.49834473912011,400.4976625405663,534.98139840334784,735.52008130613001,1.3489827021685672,6.3014812083333336,0.26476520833333334,0.018043708333333332,6.0174972916666665,0.0011750000000008143,2,0,1,18,0.02365394732711883,0.34117027048170401,0.040000000000000001,1,0.49999608967305614
145,161.17632929536791,170.63227501888943,400.70320207053521,535.45895510906257,735.52330822290219,1.3483435477032486,5.8378617500000001,0.26893204166666668,0.017603208333333332,5.5501913333333333,0.0011351666666667981,2,0,1,17,0.025415446711455823,0.32709981180299519,0.040000000000000001,1,0.49999630525393873
146,161.22631987486361,170.77907995737789,400.95047930216975,535.99039614732078,735.51279833362867,1.3477728033330358,6.5772260833333336,0.27675316666666666,0.020412541666666666,6.2788934583333331,0.0011669166666674613,2,0,1,19,0.026188777208246531,0.3455823210573768,0.040000000000000001,1,0.49999648469829955
147,161.27530493521672,170.92220910759201,401.20448108058872,536.52820405626869,735.50450024708312,1.3472928601574461,5.8348641666666667,0.26375558333333332,0.017615833333333334,5.5523490833333335,0.001143666666666654,2,0,1,17,0.02476610829116406,0.30749945725153816,0.040000000000000001,1,0.49999660378856814
148,161.31678560591462,171.04972807447302,401.40489995546301,536.97991091984636,735.48937800011265,1.3467146336572724,6.195090041666667,0.28379066666666669,0.018111833333333334,5.8920214166666662,0.001166125000001017,2,0,1,18,0.022862430802920761,0.31355644518939213,0.040000000000000001,1,0.4999968181261944
149,161.35962863981314,171.1829483117302,401.6011720487478,537.43062000073189,735.47301859612071,1.3460349059850159,5.8711064999999998,0.27047149999999998,0.01809175,5.581385,0.0011582499999995832,2,0,1,17,0.024861535678794195,0.29784930355504291,0.040000000000000001,1,0.49999680571667443
150,161.40088935195959,171.3086575060087,401.77757092531442,537.853643720528,735.47190303791831,1.3453430595661633,6.1887030833333334,0.26601754166666669,0.01810525,5.9032965416666663,0.0012837500000006941,2,0,1,18,0.023078632884178135,0.31131703272103506,0.040000000000000001,1,0.49999688061074471
151,161.4451734442487,171.4456249785286,401.97272534351077,538.30435200179738,735.47971931833069,1.3446076585147786,6.3044190416666668,0.26825595833333332,0.018040291666666666,6.0169464166666664,0.0011763750000000073,2,0,1,18,0.027156385246429361,0.31021586819791136,0.040000000000000001,1,0.4999968498469804
152,161.48759280583917,171.57395896404711,402.14204550599794,538.70918552041587,735.48909455387559,1.3438408015651477,5.8407234166666671,0.25975520833333332,0.017692708333333335,5.5621207916666666,0.0011547083333338648,2,0,1,17,0.02086793623680246,0.29403208116874985,0.040000000000000001,1,0.49999696618834133
153,161.52687812680054,171.70094076280594,402.31652276975831,539.11767475619922,735.49596731294184,1.3431235786036448,6.229173958333333,0.25896762499999998,0.017593291666666667,5.951473375,0.0011396666666660948,2,0,1,18,0.023159879915562027,0.31005548318690618,0.040000000000000001,1,0.49999697180256275
154,161.56712451511007,171.83794335379324,402.49724575649674,539.54484924545625,735.50690092330899,1.34230716395275,5.8824683333333336,0.26451079166666669,0.018099833333333332,5.5986974583333335,0.0011602499999998628,2,0,1,17,0.020704727944162157,0.29155888176764722,0.040000000000000001,1,0.49999701713122696
155,161.60315988912825,171.96753846911585,402.65906647513845,539.93928477150303,735.50900543449654,1.3414829918464708,5.958515291666667,0.26805845833333336,0.017645999999999998,5.6716543333333336,0.0011565000000004488,2,0,1,17,0.02241151634611141,0.28425365523041884,0.040000000000000001,1,0.49999705364125413
156,161.63709755328492,172.08979213359748,402.798440606969,540.30342311390677,735.51626121397612,1.3406294796048495,6.2531849166666671,0.27071695833333331,0.018097624999999999,5.963242291666667,0.0011280416666670234,2,0,1,18,0.026330912155756565,0.29920784204114093,0.040000000000000001,1,0.49999715543396683
157,161.67309013790623,172.218534889491,402.9488118763158,540.68643115997008,735.53042641360514,1.3397528734922728,6.2450030833333336,0.27184350000000002,0.018073124999999999,5.9538545000000003,0.0012319583333333384,2,0,1,18,0.019441461034823047,0.29755476417478627,0.040000000000000001,1,0.49999718879964333
158,161.70734873076327,172.35122689260109,403.10065075392362,541.06781278043525,735.54127268935224,1.338832499319031,6.2655583333333329,0.27050887499999998,0.018103041666666667,5.9758046250000003,0.0011417916666660588,2,0,1,18,0.019053750872065112,0.29977933328216355,0.040000000000000001,1,0.49999714635646342
159,161.74298731555734,172.48582689307037,403.2485587071352,541.44748791898155,735.57550258197818,1.3378648899490289,6.2280867083333336,0.26902220833333335,0.018306041666666668,5.939612125,0.0011463333333336934,2,0,1,18,0.019619629202824618,0.30496723357993999,0.040000000000000001,1,0.49999709389957409
160,161.78012294856711,172.62493600855129,403.39550628859683,541.83263298223983,735.63007733178301,1.3368321843642212,6.3333120000000003,0.26749075,0.018178375,6.0465116249999999,0.0011312500000002501,2,0,1,18,0.019820255252562691,0.31107536985909878,0.040000000000000001,1,0.49999697481825389
161,161.8172081107418,172.77005531637306,403.54726789369687,542.23503881844056,735.68239004960503,1.3357477495433407,5.9087846666666666,0.26781958333333333,0.018213666666666666,5.6216265833333336,0.0011248333333329086,2,0,1,17,0.019408363207104987,0.29636858298604768,0.040000000000000001,1,0.49999707824074169
162,161.85053522366528,172.90328061835709,403.69210173773416,542.6161126316,735.73523989130376,1.3347856691556279,6.2469573333333335,0.26804541666666665,0.020083416666666666,5.9576592916666664,0.0011692083333336711,2,0,1,18,0.022660186172401859,0.31360781937047461,0.040000000000000001,1,0.49999704811050777
163,161.88585500560265,173.04667628893009,403.84811482882276,543.02017984627594,735.8029628069263,1.3337525082222985,6.0021223333333333,0.26546608333333332,0.017740708333333334,5.7177894166666663,0.001126125000000755,2,0,1,17,0.018714599176490435,0.29472026796430484,0.040000000000000001,1,0.49999713947489022
164,161.91719272645099,173.18069502317496,403.97427118154485,543.3804433623767,735.87217736053105,1.3326749619955343,6.4709385416666665,0.26662979166666667,0.017742000000000001,6.1854334166666662,0.0011333333333336526,2,0,1,18,0.018667264708917834,0.31208197758573258,0.040000000000000001,1,0.49999715088987295
165,161.95254201285184,173.32380666362209,404.11305024969494,543.77412228118976,735.96584452954858,1.3315495893416229,6.5471752499999996,0.271816,0.017706458333333334,6.2564538750000001,0.0011989166666657169,2,0,1,18,0.019255957993494745,0.31506230078764125,0.040000000000000001,1,0.49999713755398456
166,161.98595517288939,173.47141322233861,404.23755657784375,544.15659198822243,736.05817415125193,1.3302834113637603,6.4736159583333333,0.26951158333333336,0.017912125000000001,6.1850374166666668,0.0011548333333335492,2,0,1,18,0.018117531528371502,0.32522657786519726,0.040000000000000001,1,0.49999708860707054
167,162.01906399430891,173.63067132891661,404.35889033976514,544.55431721659352,736.15749432834616,1.3288448247358866,6.5063182916666671,0.268636125,0.018726791666666666,6.2177758750000001,0.0011795000000009992,2,0,1,18,0.018400276758906198,0.32649397228530963,0.040000000000000001,1,0.49999706791417003
168,162.05268458298076,173.78838371960242,404.45596905544579,544.93061908149821,736.26514880714637,1.3272900086809731,6.8503575416666669,0.27008604166666667,0.018522958333333332,6.5606090000000004,0.0011395416666664104,2,0,1,18,0.018724818260155252,0.3626185253407756,0.040000000000000001,1,0.49999684729094335
169,162.08170538657524,174.02625652777476,404.58925984870467,545.50000683951589,736.31232465302116,1.3248748086707929,6.4998754999999999,0.28707591666666665,0.018300458333333332,6.1930564166666668,0.0014427083333332646,2,0,1,17,0.019247978036285723,0.32055273103272552,0.040000000000000001,1,0.49999702547790609
170,162.11943158152664,174.19735233604669,404.67028446614989,545.87130327888599,736.44701391274805,1.3230564588920644,6.6892383750000004,0.28396941666666664,0.018879583333333335,6.3850767916666671,0.0013125833333331727,2,0,1,17,0.019729318925199253,0.31538284454310062,0.040000000000000001,1,0.49999698867385495
171,162.15672336359808,174.3394372239124,404.71168422786582,546.18350300388772,736.60670021559235,1.3214006576611546,6.176441791666667,0.29867941666666664,0.019260166666666665,5.8573253333333337,0.0011768750000005213,2,0,1,17,0.020829322423689064,0.32938851746860492,0.040000000000000001,1,0.49999684171594405
172,162.19397136880013,174.49625655241186,404.7550069866661,546.51923117025649,736.79401874455516,1.3195626942581058,6.1045685416666666,0.28528237499999998,0.018865333333333335,5.7991565416666671,0.0012642916666658621,2,0,1,17,0.022435247508781994,0.32943273534339096,0.040000000000000001,1,0.4999968831865968
173,162.23066213038456,174.64262788026011,404.77527863560033,546.82776118799495,736.97008508070587,1.3177346994178629,5.7856401249999996,0.26410645833333335,0.017949625,5.5024457499999997,0.0011382916666669018,2,0,1,17,0.027976010134666614,0.34541790242690451,0.040000000000000001,1,0.49999666551264732
174,162.26712016128306,174.82496865115468,404.81577900856672,547.18790703812385,737.14853197073046,1.3155489866915702,5.7637351250000002,0.27097975000000002,0.018325500000000002,5.4733168333333335,0.0011130416666658149,2,0,1,17,0.032970742109267634,0.34246774174542527,0.040000000000000001,1,0.49999670356169279
175,162.30350390735521,174.98828267051709,404.8380969500526,547.50976197700504,737.33612168475622,1.3135154581310817,5.4045013749999997,0.26322070833333333,0.017832791666666667,5.1223094583333335,0.0011384166666665863,2,0,1,16,0.032134419321275212,0.32462324742432969,0.040000000000000001,1,0.49999668922652613
176,162.33660289432393,175.13867486970409,404.84699616209838,547.79873280641641,737.51230705448222,1.3115796466045422,5.7246352083333329,0.265546375,0.018352083333333335,5.4396029583333334,0.0011337916666658288,2,0,1,17,0.030485752239473866,0.33594967236973472,0.040000000000000001,1,0.49999678730652147
177,162.37189472478701,175.28682529037809,404.84115629614178,548.07700194724032,737.70243097555147,1.3095926098580808,5.9583400833333338,0.26448083333333333,0.018331500000000001,5.6743587083333331,0.0011690416666665371,2,0,1,17,0.031798103445829166,0.33319146604624039,0.040000000000000001,1,0.49999666625999795
178,162.40585776554417,175.42370557958714,404.82511908489113,548.33481985235369,737.8962932571776,1.3076990521171494,5.7410195000000002,0.26288479166666667,0.0180015,5.4589868749999999,0.0011463333333336934,2,0,1,17,0.025042177018647929,0.33994075891398901,0.040000000000000001,1,0.49999678418888882
179,162.4367713607237,175.60339177517562,404.81145415771465,548.63536904769649,738.05877606799015,1.3052598817452983,5.7935124583333337,0.273621375,0.018389124999999999,5.5003756666666668,0.0011262916666670009,2,0,1,17,0.029629151438167464,0.35482679747624102,0.040000000000000001,1,0.49999675712732899
180,162.46495561335445,175.80060532306075,404.79918534818961,549.01939325248259,738.18982704390373,1.3026040473769054,6.1049367500000002,0.26961433333333334,0.018484416666666666,5.815689541666667,0.0011484583333336573,2,0,1,17,0.034636871953493367,0.3325704008607524,0.040000000000000001,1,0.49999687319940944
181,162.50265990110125,175.94083541343616,404.78599910749409,549.27594517613738,738.40604602822941,1.3006938562972266,6.1773594166666665,0.26548541666666664,0.018443375000000001,5.8923021666666671,0.0011284583333326381,2,0,1,17,0.030236777915244779,0.33147177151618701,0.040000000000000001,1,0.49999698057538838
182,162.53731195999089,176.0758172130341,404.7768625629862,549.52499633830234,738.62094072049604,1.29887822740159,4.8754742083333333,0.267694875,0.018506916666666668,4.5881413750000002,0.0011310416666665546,2,0,1,14,0.029985698730328483,0.28112173872152346,0.040000000000000001,1,0.49999690702920241
183,162.56745441813078,176.18958788768111,404.75739309358693,549.73464912866905,738.82387243013602,1.2972832727868984,5.7842353749999997,0.26254237499999999,0.018080916666666665,5.5024841249999996,0.0011279583333339005,2,0,1,17,0.031250877120210546,0.33848860457684432,0.040000000000000001,1,0.49999682211582319
184,162.60449994748512,176.3552901291466,404.75278285424378,550.0126988567489,739.05478321028045,1.2950986191445666,4.8728657916666664,0.26377808333333336,0.018615333333333334,4.5893251666666668,0.0011472083333332606,2,0,1,14,0.029096998482953041,0.27961230117782532,0.040000000000000001,1,0.49999668474430714
185,162.63442471995577,176.45502949203296,404.70521929605957,550.17569478309906,739.25596595719264,1.2935317880204271,5.7777789583333332,0.25755458333333331,0.017951083333333333,5.5011514166666666,0.0011218749999999389,2,0,1,17,0.029840954774723316,0.34028518453196299,0.040000000000000001,1,0.49999674798678312
186,162.66836503224576,176.60319113017636,404.70653359960232,550.42959958585732,739.48650931176314,1.2916150665776374,6.1952146250000002,0.25985287499999998,0.018093583333333333,5.916069666666667,0.0011985000000001023,2,0,1,17,0.033501504699315926,0.31907841297761941,0.040000000000000001,1,0.49999700718674123
187,162.69987554643004,176.70893879743926,404.6582798713826,550.59042898839039,739.6937257983102,1.2899706298120026,6.1870782499999999,0.27352775000000001,0.018572458333333333,5.8938540833333333,0.0011239583333324532,2,0,1,17,0.025527555747959306,0.30416736408397022,0.040000000000000001,1,0.49999729754111594
188,162.73065904746846,176.81761071746027,404.61890486651231,550.7636453468948,739.91295232081234,1.2883405291176535,6.2074321250000004,0.27013520833333332,0.019245916666666668,5.9169360416666663,0.0011149583333338597,2,0,1,17,0.025699203365035245,0.29920299667252287,0.040000000000000001,1,0.49999724529151174
189,162.76146372994063,176.921127433473,404.56119390729134,550.90909693141066,740.12813993007228,1.2866754229757946,6.1986943749999996,0.27080129166666667,0.01885125,5.9078192083333336,0.0012226249999995886,2,0,1,17,0.029229926728322045,0.29097053867288059,0.040000000000000001,1,0.49999728759044748
190,162.79103978960359,177.020526684326,404.4987105948984,551.04018257134987,740.33775949991593,1.2850384538524486,5.940477041666667,0.26031616666666668,0.018036416666666666,5.660942125,0.0011823333333333963,2,0,1,16,0.03296678335732571,0.28012250863134885,0.040000000000000001,1,0.49999728604435745
191,162.81974668545908,177.11502548019132,404.44870371270787,551.17660932028548,740.54783829423673,1.2835369422564418,6.7056758333333333,0.26939191666666668,0.018374999999999999,6.4167782916666667,0.0011306250000000517,2,0,1,18,0.024852953957686632,0.3168304143267201,0.040000000000000001,1,0.49999737677921757
192,162.85373777862546,177.23672235461353,404.4136201602264,551.36256826603301,740.79649427536333,1.2817710392493014,6.6812852916666667,0.26765412500000002,0.018430083333333333,6.394056458333333,0.0011446250000002323,2,0,1,18,0.026828748055715092,0.31440734799770642,0.040000000000000001,1,0.4999973239677673
193,162.88594161976485,177.34940273639299,404.37109535899475,551.531727094536,741.04018026941446,1.2800815177260012,6.2842310416666667,0.27001495833333333,0.018104374999999999,5.9949672083333336,0.0011444999999996597,2,0,1,17,0.02773644571667596,0.30129444165471619,0.040000000000000001,1,0.49999735925012767
194,162.91391873367411,177.4564794760644,404.33449474561263,551.68775575170707,741.25553419288087,1.2784994717544247,6.3547889166666662,0.27220883333333334,0.018748375000000001,6.0627027499999997,0.0011289583333331521,2,0,1,17,0.027439327791920796,0.2991148875938619,0.040000000000000001,1,0.49999745330713635
195,162.94188482943875,177.57034720182094,404.30764964302847,551.85664287071256,741.47029752653157,1.2768871943664386,5.5504414166666667,0.26816679166666668,0.018078250000000001,5.2630297916666668,0.0011665833333331932,2,0,1,16,0.031603122229733979,0.28930045279803229,0.040000000000000001,1,0.49999726645473302
196,162.96788510887063,177.69485883355844,404.29151364815948,552.0396729194656,741.67460724023158,1.2752009613674162,5.9373746250000003,0.26907379166666667,0.018161458333333335,5.6489919166666667,0.0011474583333335175,2,0,1,17,0.022980235536369662,0.2985864312930262,0.040000000000000001,1,0.49999748229390112
197,162.99571063980414,177.82885342877316,404.2654231281648,552.22149656012073,741.87053151579619,1.2733398733298791,6.1895529583333335,0.26867099999999999,0.018569666666666668,5.9011585416666668,0.0011537499999993983,2,0,1,17,0.02159852905607295,0.29196862599937679,0.040000000000000001,1,0.49999742923265084
198,163.02321947203686,177.94179951139907,404.22855717435397,552.37529593079944,742.06445003421788,1.271689722618877,5.920809291666667,0.26942149999999998,0.018608916666666666,5.6316402083333337,0.0011386666666668432,2,0,1,17,0.023611798340221386,0.29680164146748156,0.040000000000000001,1,0.49999752526687447
199,163.04638708282869,178.07676354290339,404.19381154981903,552.54491487497637,742.24202426720376,1.269772897419253,5.9534050000000001,0.26542175000000001,0.018127875000000002,5.6685544583333334,0.0013009166666666516,2,0,1,17,0.019738918501380681,0.28655484246951241,0.040000000000000001,1,0.49999770034148705
200,163.06925480696094,178.20271828637939,404.15430285424043,552.69576114542201,742.40879677881526,1.2679469019364069,6.4615249166666668,0.27159633333333333,0.018595625000000001,6.170190625,0.0011423333333340224,2,0,1,17,0.020023269519786675,0.28707145527246641,0.040000000000000001,1,0.49999778483756108
201,163.08867067193313,178.33381123567696,404.08794649947293,552.83314894430157,742.5362123152704,1.2659076464498968,6.4383058333333336,0.26790379166666667,0.018200708333333333,6.1510345416666663,0.0011667916666668887,2,0,1,17,0.022122725042899038,0.28293017703819734,0.040000000000000001,1,0.49999781691613787
202,163.10986895862575,178.46394089049301,404.04458272242385,552.98459234538416,742.6763760303453,1.2640124425491033,6.4185603333333336,0.26675575000000001,0.018702666666666666,6.1318875833333335,0.0012143333333334283,2,0,1,17,0.024027647940379235,0.28335758127499161,0.040000000000000001,1,0.49999782952079702
203,163.12913655205287,178.5947453952142,403.99263910797447,553.13431501443449,742.81444930307623,1.2620634118544467,6.4026604583333331,0.26609308333333331,0.018568000000000001,6.1168575000000001,0.0011418749999991817,2,0,1,17,0.023086329904197411,0.28031404441645069,0.040000000000000001,1,0.49999788521033012
204,163.14785226413525,178.72295298318252,403.9427458087593,553.27966677561335,742.94758765582924,1.2601615464957627,6.2851600833333334,0.26950449999999998,0.018671,5.9958625833333334,0.0011219999999996233,2,0,1,17,0.020954208989038003,0.27614913452831241,0.040000000000000001,1,0.49999797518870132
205,163.16520198177801,178.8486755153528,403.8887428147608,553.4255848480035,743.07620364870309,1.2582708071555724,5.9974102499999997,0.26503004166666666,0.018578041666666666,5.7126553333333332,0.0011468333333333192,2,0,1,17,0.020555134410173675,0.27397493802221207,0.040000000000000001,1,0.49999799627921299
206,163.1819857399359,178.97750261168986,403.83802589749064,553.58580201420148,743.19582107090355,1.2563619449627637,5.6146923333333332,0.26914429166666665,0.018621833333333334,5.3257915000000002,0.0011347083333328456,2,0,1,17,0.017051639728313309,0.26915008685041653,0.040000000000000001,1,0.49999804999221253
207,163.19917694814004,179.10588013362693,403.79149140439677,553.74696140515152,743.31395658573604,1.254484839376222,6.0417236250000004,0.26722891666666665,0.018656625,5.7547152500000003,0.0011228333333335172,2,0,1,17,0.018456061023381477,0.266122189927952,0.040000000000000001,1,0.49999810679178758
208,163.21657813034145,179.23268164072303,403.75408098747067,553.91561475213905,743.43415453643695,1.2526811365619532,6.2947320833333329,0.26686616666666668,0.018705416666666665,6.0079755416666663,0.0011849583333338742,2,0,1,17,0.018318231310342773,0.26201039841298451,0.040000000000000001,1,0.4999981559448981
209,163.23402555993366,179.35457804066317,403.70947133072082,554.06220332892235,743.55473418550821,1.2509014029136856,6.4583740833333332,0.27369183333333336,0.018836041666666668,6.1647148749999996,0.001131333333333373,2,0,1,17,0.017929851288331553,0.25644124193743378,0.040000000000000001,1,0.49999818135469204
210,163.25235544113642,179.47134289589567,403.68544761050498,554.2096917014353,743.67499608263188,1.2493030981813469,5.9867317499999997,0.26534745833333334,0.019085624999999998,5.701150208333333,0.0011484583333336573,2,0,1,17,0.018430160740122142,0.24892563678414689,0.040000000000000001,1,0.4999981689665044
211,163.27436187164469,179.56551669299702,403.67814102307716,554.34812756315557,743.84215677307702,1.2480827525100227,6.0223312083333331,0.26825883333333334,0.017833333333333333,5.7351235416666668,0.001115500000000047,2,0,1,17,0.018736188177687421,0.25012880835069612,0.040000000000000001,1,0.49999815259853508
212,163.29329953063004,179.65668625592639,403.65962019685259,554.47221938108555,743.98994957283003,1.2468388380593152,6.0697921666666668,0.26102154166666669,0.017371625000000002,5.7902671666666663,0.001131833333333887,2,0,1,17,0.019100513923501324,0.24789909923499667,0.040000000000000001,1,0.49999821996843302
213,163.31223726844058,179.74008796734543,403.63306648989885,554.58230491983045,744.14606249825135,1.2456485420393781,6.5400082916666671,0.26795095833333332,0.017664708333333334,6.2532446249999998,0.001148000000000593,2,0,1,18,0.018165443772684777,0.25525183052697775,0.040000000000000001,1,0.49999828511261479
214,163.33030634870576,179.82765949659137,403.6011600332605,554.68957808839286,744.29092917977835,1.2443775399351775,6.0893266666666666,0.26940199999999997,0.017701999999999999,5.8010958333333331,0.0011268333333331881,2,0,1,17,0.01914649455918601,0.2428705698631278,0.040000000000000001,1,0.49999826673535547
215,163.34592174092276,179.91253888833893,403.56318015137413,554.7841419312864,744.42998908680602,1.2431075824117068,6.0576979583333337,0.26915450000000002,0.01773725,5.7696545416666662,0.0011516666666677722,2,0,1,17,0.019223551702545985,0.24256701437382261,0.040000000000000001,1,0.49999827688982801
216,163.36065322475565,180.00481420312713,403.51641905896253,554.87558037075246,744.5550771129665,1.2416979281654816,6.1286771250000003,0.27108441666666666,0.017693791666666667,5.838765041666667,0.0011338749999998399,2,0,1,17,0.020892359724743098,0.23535086032258279,0.040000000000000001,1,0.49999838218903364
217,163.37724980435797,180.08277260284129,403.47806344288847,554.95936161909844,744.6961868097693,1.2405145012550884,6.0741223333333334,0.26929712500000003,0.017724,5.7859834583333329,0.0011177500000005836,2,0,1,17,0.019474169362295988,0.23400197095723685,0.040000000000000001,1,0.49999840706616372
218,163.38959523957652,180.17131503242126,403.4341523932178,555.04218671297588,744.80811727697994,1.2391697164480433,6.1121983333333336,0.26318266666666668,0.017965041666666667,5.8298782083333336,0.0011724166666668978,2,0,1,17,0.019593911046394945,0.23031549936753937,0.040000000000000001,1,0.49999844734996013
219,163.40221486217854,180.25866353226402,403.39075054964775,555.12219226662182,744.92037759748519,1.2378438996772319,6.4539992916666664,0.27271499999999999,0.017858416666666668,6.1622863333333333,0.0011395416666664104,2,0,1,17,0.014927819135036177,0.23405608756961652,0.040000000000000001,1,0.49999850566999532
220,163.41038942628299,180.34413056189806,403.29681255067203,555.16070580790858,745.00609400811038,1.2362624793727441,6.7309724583333335,0.26907608333333333,0.017822999999999999,6.4429335416666671,0.0011398333333332289,2,0,1,18,0.016447861460392336,0.24339150344315011,0.040000000000000001,1,0.49999852972696612
221,163.42144220128142,180.44059887789163,403.22292386271306,555.23427613286469,745.11041903776891,1.2346574239402932,6.9373423750000001,0.26811362500000002,0.017419166666666666,6.650677833333333,0.0011317500000007641,2,0,1,18,0.017274510403079951,0.24054629599353369,0.040000000000000001,1,0.49999853999835309
222,163.4335936195408,180.5387798718902,403.16499371011554,555.32381625465689,745.2169419275242,1.233121293919236,6.9523054166666665,0.26509991666666666,0.017426958333333332,6.6686540416666666,0.0011245000000004168,2,0,1,18,0.017167592307129574,0.23841095802174,0.040000000000000001,1,0.49999855813518707
223,163.44504289610416,180.63512278589181,403.11433319861584,555.41961112930778,745.32264717710382,1.2316497864949019,6.5171703333333335,0.26113799999999998,0.017395416666666667,6.2375126249999999,0.0011242916666667213,2,0,1,17,0.016604141367789125,0.22392779347468911,0.040000000000000001,1,0.49999859322741602
224,163.45630499207419,180.72493079820404,403.08358657636342,555.52271863914439,745.42648155766949,1.2303706787772586,6.5527537916666665,0.26831112499999998,0.017763541666666667,6.2655370000000001,0.0011421249999994387,2,0,1,17,0.018202725492437358,0.22343331756626705,0.040000000000000001,1,0.4999986021388097
225,163.46865588117382,180.81093758366953,403.06088484362971,555.62928462213097,745.53693405700892,1.2291841977596898,7.0129466666666671,0.26252116666666669,0.017457375000000001,6.7318212083333338,0.0011469166666664421,2,0,1,18,0.017252502707258033,0.23156909421531632,0.040000000000000001,1,0.4999986202748295
226,163.48025123899308,180.90025188192345,403.03058898181087,555.73332599271532,745.64544831020385,1.2279161294085732,7.0148745833333335,0.27325558333333333,0.017794999999999998,6.7227060416666671,0.0011179583333333909,2,0,1,18,0.017047173992854749,0.22816200926873492,0.040000000000000001,1,0.49999864997552673
227,163.49130903526742,180.986752223211,403.00180001104661,555.83363428056282,745.75290840418438,1.226692258193707,6.9916916666666671,0.26279595833333336,0.017423708333333333,6.7103611666666669,0.0011108333333336162,2,0,1,18,0.016809699622205045,0.22824950772191666,0.040000000000000001,1,0.49999865764971457
228,163.5017476231003,181.07327655004926,402.96664829402533,555.93074737552809,745.86220370298474,1.2254341224263647,6.4624604166666666,0.261904625,0.017352833333333335,6.1820743333333334,0.0011286249999997722,2,0,1,17,0.017211701795470002,0.2170319068909462,0.040000000000000001,1,0.49999867908624412
229,163.51013348074534,181.15401247696445,402.92249403771569,556.01488120065017,745.96327388769112,1.2241985619222833,6.4647091666666663,0.26486395833333332,0.017424333333333333,6.1812887083333337,0.0011321666666654906,2,0,1,17,0.016805507153456026,0.21287464827220298,0.040000000000000001,1,0.49999873255598476
230,163.51838643203499,181.23331643409401,402.87951732551431,556.09557852268063,746.05805847183876,1.2229881638347802,6.9794128750000004,0.26488466666666666,0.017757874999999999,6.6956182083333333,0.0011521250000008365,2,0,1,18,0.018298962419650566,0.22170561889459453,0.040000000000000001,1,0.49999872567769316
231,163.52753695576405,181.31564721766682,402.84238599352699,556.18316177477436,746.15703232263252,1.2217739735937987,6.9401051249999997,0.26332108333333332,0.017518291666666668,6.6581223749999996,0.0011433749999998355,2,0,1,18,0.017794510317439519,0.21940891132934218,0.040000000000000001,1,0.4999987511969281
232,163.53535761633543,181.39505135217394,402.80330492974366,556.26618172397161,746.25203717303725,1.2205859637687202,6.971069541666667,0.26402008333333332,0.017445583333333334,6.6884766249999998,0.0011272500000005792,2,0,1,18,0.01902012614465845,0.21622787292667361,0.040000000000000001,1,0.49999878605637843
233,163.54351477355547,181.47333920420931,402.7701251326971,556.35082706686649,746.34851843197009,1.2194451642258357,6.5168020000000002,0.263181375,0.017475583333333333,6.2350136666666662,0.0011313749999999345,2,0,1,17,0.014918154720400438,0.20301613011184083,0.040000000000000001,1,0.4999988205399496
234,163.55140390292456,181.54599479233269,402.74510352358368,556.43416967710505,746.44532564011035,1.2184191063222123,6.5398959999999997,0.26603679166666666,0.017833541666666668,6.2548966249999998,0.001129041666666275,2,0,1,17,0.015296004964402331,0.20059989353467511,0.040000000000000001,1,0.49999885761393414
235,163.55988014483682,181.61673514806316,402.72144938008057,556.51699877297665,746.54588885813769,1.2174247822028166,6.5812824583333329,0.27377095833333331,0.017772833333333335,6.2886154166666666,0.0011232500000000201,2,0,1,17,0.01465121997011283,0.19753014387025017,0.040000000000000001,1,0.49999886720019732
236,163.56819264819052,181.68316810204621,402.70047652444185,556.59615255201436,746.64617580144568,1.2164985382589573,6.56349625,0.26900408333333331,0.017818000000000001,6.2755328749999997,0.0011412916666673212,2,0,1,17,0.014763597458432743,0.19594389522332684,0.040000000000000001,1,0.4999988953129666
237,163.57551111246062,181.74974268487784,402.67378744571721,556.66868868900679,746.74435761491975,1.2155397938795593,7.099986958333333,0.27184095833333333,0.017847333333333333,6.8091452916666668,0.0011533749999994569,2,0,1,18,0.015522078904244672,0.2042241849835324,0.040000000000000001,1,0.49999889585250862
238,163.58390077429959,181.81885235216134,402.6455916522882,556.74287926106194,746.84953800610583,1.2145425869942899,7.0810241249999999,0.28296387499999998,0.017827291666666668,6.7790940416666663,0.0011389166666671002,2,0,1,18,0.013337033288108924,0.20406889170491568,0.040000000000000001,1,0.49999890390247381
239,163.59198734509275,181.88710864648894,402.61666219771951,556.81591657886088,746.95846416926872,1.2135524897492036,7.0263772083333329,0.26285712500000002,0.017457791666666667,6.7449320000000004,0.0011302916666657836,2,0,1,18,0.013466121768127727,0.20302501152875577,0.040000000000000001,1,0.49999890479456366
240,163.60006365575913,181.95458177015985,402.58671859446594,556.88608626045709,747.06870779739961,1.2125670850267607,7.0483465000000001,0.26769937500000002,0.017778083333333333,6.761725208333333,0.001143833333333788,2,0,1,18,0.014521468201671252,0.20155797070681417,0.040000000000000001,1,0.49999892340681423
241,163.60879438103566,182.02105227686175,402.56278936126876,556.96204933887282,747.1850240326205,1.2116276349669359,7.0179054166666663,0.26996825000000002,0.017795624999999999,6.7289962916666664,0.0011452500000004306,2,0,1,18,0.016190353626795433,0.20306725375946508,0.040000000000000001,1,0.49999891758986376
242,163.61659729378087,182.08747266476379,402.52864944337642,557.03038053533874,747.30136725739112,1.2106334035645647,6.9645494166666664,0.26250841666666669,0.017485375000000001,6.6834080833333331,0.0011475416666666405,2,0,1,18,0.014965999327990136,0.20366614198141614,0.040000000000000001,1,0.49999891448318079
243,163.62454790623431,182.15343191248488,402.493385641119,557.0969297047601,747.42091891512268,1.2096393211767531,6.4779232916666665,0.26968516666666664,0.017838875000000001,6.1892855833333336,0.0011136666666660133,2,0,1,17,0.014141536360583778,0.19254513939829698,0.040000000000000001,1,0.49999894283550467
244,163.63149111576132,182.21519395658774,402.46337700892371,557.16120558728699,747.53471979229687,1.2087256735835623,6.9192908749999997,0.27036266666666664,0.017896166666666668,6.6299024166666669,0.0011296249999999119,2,0,1,18,0.01387143728016893,0.19890690597778571,0.040000000000000001,1,0.4999989584227934
245,163.63906170871869,182.27826477497413,402.42741452847594,557.21951654883026,747.6516016215885,1.2077641293397212,6.843709416666667,0.26906054166666665,0.017887458333333332,6.5555949166666663,0.0011665000000009584,2,0,1,18,0.015017875562519666,0.19776146949077536,0.040000000000000001,1,0.4999989690416089
246,163.6457484581816,182.33991874940264,402.38483616404204,557.27058613703241,747.76798213919471,1.206784114657067,6.5351488333333334,0.26969874999999999,0.017880625000000001,6.246435,0.0011344583333334768,2,0,1,18,0.015712911520881813,0.19703615334125754,0.040000000000000001,1,0.49999898352326722
247,163.65226119609832,182.40054634677463,402.34378227278211,557.3202872534373,747.8841745494733,1.2058255324951592,6.7815049583333336,0.26444391666666667,0.017539166666666668,6.4983545833333336,0.0011672916666665145,2,0,1,18,0.015112170613976839,0.19340742018410689,0.040000000000000001,1,0.49999901685402365
248,163.6586189452423,182.46053857999618,402.31160476645664,557.37652761910613,747.995124349261,1.204923913397697,6.8315947916666664,0.26914737500000002,0.017797625000000001,6.5435157500000001,0.0011340416666660857,2,0,1,18,0.014067431374789201,0.18938112723059453,0.040000000000000001,1,0.49999905159235497
249,163.66414201056207,182.5188318374135,402.28131857291277,557.43089690574868,748.09745742596863,1.204053765428776,6.9505513749999999,0.26298062500000002,0.017572541666666667,6.6688682083333335,0.0011299999999998533,2,0,1,18,0.014006009372695666,0.18630100132382604,0.040000000000000001,1,0.4999990734433728
250,163.66980218342678,182.57691640204911,402.26043124402372,557.49296532412859,748.19856842840545,1.2032381703622039,7.0129852916666664,0.26341454166666667,0.017489958333333333,6.7309265833333329,0.001154208333334239,2,0,1,18,0.012519939282884283,0.18587957949757211,0.040000000000000001,1,0.49999907419537842
251,163.67583720797217,182.63548741771191,402.2449912776969,557.56236120489677,748.30348789564039,1.202447054321423,7.0254384999999999,0.26241941666666668,0.017590083333333333,6.7443165833333332,0.0011124166666665047,2,0,1,18,0.012967213786790997,0.18474122842884325,0.040000000000000001,1,0.49999907635815583
252,163.68203820901962,182.69394217900353,402.23225323300409,557.6330345635871,748.4101357097037,1.2016726358605636,7.0635790416666664,0.26684837500000003,0.017857250000000002,6.7777428333333329,0.0011305833333334903,2,0,1,18,0.01326262922985919,0.18383102356237865,0.040000000000000001,1,0.49999909425810707
253,163.68748638544926,182.75045650691209,402.21575537041713,557.69835067724068,748.51392880973253,1.2009015083100725,7.0662168333333337,0.26711337499999999,0.017604749999999999,6.7803348333333338,0.0011638749999995923,2,0,1,18,0.015205880590025755,0.18336937367762646,0.040000000000000001,1,0.49999909352501931
254,163.69209089364296,182.80537377932481,402.1937369275397,557.75624958590163,748.61259437727483,1.2001198794793175,7.0656731666666666,0.26701987500000002,0.017592166666666666,6.7799205000000002,0.0011406249999996732,2,0,1,18,0.013963271294045015,0.18172882050014044,0.040000000000000001,1,0.49999911052478746
255,163.69715273626946,182.85932697401938,402.18027343547573,557.81875693615245,748.71354909240029,1.1993970998953607,7.0536665833333334,0.27058966666666667,0.017883,6.7639140416666663,0.0012798749999998194,2,0,1,18,0.013362441853190406,0.17928151585057026,0.040000000000000001,1,0.49999912512144556
256,163.70174215469987,182.91135313590155,402.1643752466328,557.87555133368687,748.81226409565056,1.1986845996805249,6.9977647083333334,0.26914429166666665,0.017856083333333335,6.7096241250000004,0.0011402083333331703,2,0,1,18,0.012962394447894708,0.17837301925372739,0.040000000000000001,1,0.49999913324054673
257,163.70590614518514,182.96120567316433,402.14178130799439,557.92184556592474,748.91146005674921,1.1979620205737318,6.922747208333333,0.26908016666666668,0.017620458333333332,6.6348747083333333,0.0011718749999998224,2,0,1,18,0.013219141372572397,0.17755910833493013,0.040000000000000001,1,0.49999915310644494
258,163.71002539353211,183.00825145849754,402.10496806676053,557.94894920967874,749.01589100378783,1.197195836046494,6.7324540833333337,0.26861783333333333,0.017842333333333335,6.4448602499999996,0.0011336666666670325,2,0,1,18,0.012982118272245602,0.17653134046325084,0.040000000000000001,1,0.49999916509462394
259,163.71449263711554,183.05480374126373,402.06837750012522,557.97344389209081,749.12278349047938,1.1964371831969141,6.9115605000000002,0.268993125,0.017900416666666665,6.6235228333333334,0.0011441250000006065,2,0,1,18,0.011930165402313885,0.17437252072455733,0.040000000000000001,1,0.49999917363808583
260,163.71922141245372,183.10219173474658,402.03877653212328,558.00766802288274,749.22679364811688,1.1957070678571782,6.9754896249999998,0.27103458333333336,0.018011124999999999,6.6853224583333333,0.001121458333333436,2,0,1,18,0.012990226691296342,0.17277998640269107,0.040000000000000001,1,0.49999918887843003
261,163.72395545156934,183.15031054482205,402.01324426414919,558.04783136195613,749.32951003188407,1.1949907869021341,7.0557269583333335,0.26944579166666666,0.017935916666666666,6.7672288749999998,0.0011163750000005024,2,0,1,18,0.011711433553849836,0.17139708797126027,0.040000000000000001,1,0.49999919650144264
262,163.72900605681946,183.19954301672601,401.99464273119509,558.09683093994056,749.43136698445869,1.1942993749416351,7.1055525833333331,0.270634125,0.017945208333333334,6.8158564999999998,0.0011167500000004438,2,0,1,18,0.012382202622576128,0.17072694988790763,0.040000000000000001,1,0.49999919967175421
263,163.7346165285754,183.24846652983103,401.98527496435133,558.15293299899054,749.53721733305861,1.1936624222659573,7.1094449166666669,0.26404041666666667,0.019393458333333332,6.8248837499999997,0.0011272916666671406,2,0,1,18,0.01251726305553722,0.17046109381868463,0.040000000000000001,1,0.49999920429534622
264,163.74050131290596,183.29637270395168,401.97804270000466,558.21126314197852,749.64600031325335,1.1930496319709138,7.0945766666666668,0.27077475000000001,0.017747333333333334,6.8048442083333329,0.0012103750000003188,2,0,1,18,0.012555472734438185,0.16907476402762539,0.040000000000000001,1,0.49999921209850873
265,163.74584179241731,183.3429143043071,401.97055084746199,558.26640377930516,749.75369120405855,1.1924520637884226,7.0653031249999998,0.26805091666666669,0.017507374999999999,6.7784977083333331,0.0012471249999999046,2,0,1,18,0.012566212001858696,0.16802717764799335,0.040000000000000001,1,0.49999922055522322
266,163.75040434209845,183.38799835012389,401.95618585315265,558.31360137558772,749.85848503486091,1.191834740928569,7.0631438333333332,0.25791341666666667,0.017496624999999998,6.7865982916666665,0.001135500000000178,2,0,1,18,0.015557066205570454,0.16936726091524149,0.040000000000000001,1,0.49999921218777749
267,163.75500597616877,183.43254160589646,401.93861940954878,558.35746361957513,749.96712683178635,1.1912067285918717,7.0156834166666666,0.26894083333333335,0.017667875,6.7279186666666666,0.0011560416666664963,2,0,1,18,0.014057281735692853,0.17001110494969357,0.040000000000000001,1,0.49999920347010957
268,163.75961662723859,183.47670963808818,401.91613786777634,558.39649174529382,750.07960553058547,1.1905567124054313,7.0008222083333331,0.27569279166666666,0.017487583333333334,6.7065181666666662,0.0011236666666665229,2,0,1,18,0.01176529833826969,0.1680103664233622,0.040000000000000001,1,0.49999922486289516
269,163.76387899073944,183.51987319676127,401.89079389617854,558.4305470063382,750.19032797181251,1.1899033979022553,6.912794166666667,0.26587037499999999,0.017681208333333333,6.6281220416666669,0.0011205416666673074,2,0,1,18,0.0123720553518192,0.1658136925895187,0.040000000000000001,1,0.49999924615187569
270,163.76747240125707,183.56148428132605,401.86068954658674,558.4560001823113,750.29722284519823,1.1892429728378948,6.8787508333333331,0.266871625,0.017616416666666666,6.5931230416666669,0.0011397499999992178,2,0,1,18,0.011934088883568688,0.16373422727594719,0.040000000000000001,1,0.49999926156151103
271,163.77046248479601,183.60167907405204,401.82988739440464,558.47695325209406,750.39979052070282,1.1885959290837129,6.8461815416666667,0.26636033333333331,0.017574166666666665,6.5611426249999996,0.0011044166666671629,2,0,1,18,0.011468305395983957,0.16224637824726459,0.040000000000000001,1,0.49999927678169115
272,163.7733123844076,183.64047303143212,401.79974248859753,558.49517074073913,750.50163405829653,1.1879694375423713,6.7801403333333337,0.26903191666666665,0.017600083333333332,6.4923937499999997,0.0011145833333339183,2,0,1,18,0.011563012569411429,0.1623405878073356,0.040000000000000001,1,0.49999927557899809
273,163.77615142219372,183.67902833260774,401.76944789069717,558.51237497796797,750.60468760842116,1.1873452377109117,6.6558819583333335,0.26961454166666665,0.017660749999999999,6.3674885000000003,0.0011181666666661982,2,0,1,18,0.012196188903091652,0.16157715469469591,0.040000000000000001,1,0.49999927892871293
274,163.77921144757835,183.71791451111432,401.74105749991833,558.53160819699895,750.70831963577257,1.1867277264113203,6.4925658750000004,0.27230537500000002,0.017329000000000001,6.201813875,0.001117625000000011,2,0,1,18,0.011522522768363909,0.15968986655431616,0.040000000000000001,1,0.49999929310743063
275,163.78271230014948,183.75704850200938,401.7160191110687,558.55383920528163,750.81385035760309,1.1861257697914969,6.1297724999999996,0.26080595833333331,0.017492333333333332,5.8503557500000003,0.0011184583333330167,2,0,1,18,0.012203775558716344,0.15904690514917125,0.040000000000000001,1,0.49999930316618801
276,163.78646025758613,183.79614328350326,401.69381959973543,558.57841979730324,750.92055814939852,1.1855399815442684,6.2576091666666667,0.265407375,0.017595458333333334,5.9734674999999999,0.0011388333333339773,2,0,1,18,0.012811453969478344,0.15787222492617548,0.040000000000000001,1,0.49999931865140046
277,163.79001937378385,183.83488526223695,401.67331712579619,558.60419200243769,751.02538811967827,1.1849678669683226,6.4945865833333336,0.2626985,0.017364583333333333,6.2133961666666666,0.0011273333333337021,2,0,1,18,0.012430753485488343,0.15646873264537242,0.040000000000000001,1,0.49999932734179375
278,163.79327814035014,183.87329728935296,401.6536727206738,558.63049321867254,751.12670125384068,1.1844045799027025,6.6020269166666665,0.26178312500000001,0.017273375000000001,6.3218507916666669,0.0011196249999994023,2,0,1,18,0.011889413131166301,0.15597771842909736,0.040000000000000001,1,0.49999932932870955
279,163.79620595948856,183.91157650220782,401.63347564937919,558.65667442148117,751.22551483893358,1.1838401001611645,6.7163878333333331,0.26760187499999999,0.017577166666666668,6.4300759583333331,0.0011328333333340268,2,0,1,18,0.01184965924789343,0.15567827884139027,0.040000000000000001,1,0.49999932948032477
280,163.79945161087474,183.94994969522261,401.61836807221835,558.68878514048163,751.3243416713957,1.1833024077344927,6.8190469583333337,0.27083904166666667,0.017640583333333335,6.529453208333333,0.0011141249999999658,2,0,1,18,0.01089765320969319,0.1542614673442935,0.040000000000000001,1,0.49999933742882324
281,163.80249890717903,183.98819104974393,401.60521590335594,558.72344078956507,751.42045494253637,1.1827771315756674,6.8613059999999999,0.26301183333333333,0.017241458333333334,6.5799427083333333,0.0011099999999997223,2,0,1,18,0.010553725966899134,0.15252976302743346,0.040000000000000001,1,0.49999934991432532
282,163.80535711487008,184.02568116804795,401.59261974971423,558.75698346625438,751.51443725412753,1.1822640035930052,6.9119073333333336,0.26756458333333333,0.017547791666666666,6.6256654166666671,0.0011295416666659008,2,0,1,18,0.011312974016160668,0.15208129489751404,0.040000000000000001,1,0.49999935455489586
283,163.80826389091555,184.06315560228785,401.58093654156511,558.79200231044581,751.60948109037281,1.1817562305042519,6.9530130416666669,0.26372675000000001,0.017443916666666667,6.6707282499999998,0.001114125000000854,2,0,1,18,0.012687583009403041,0.1533926024686704,0.040000000000000001,1,0.49999934363837151
284,163.81127936935567,184.10075100293724,401.57065452742597,558.82905805015616,751.70701557273037,1.1812548419263054,6.9262537916666664,0.27093170833333335,0.017654666666666666,6.6365519583333334,0.0011154583333325974,2,0,1,18,0.01073070755383964,0.15261537482657153,0.040000000000000001,1,0.49999934750153785
285,163.81394979300393,184.13709126801908,401.55805639566967,558.86104140579903,751.80286936993036,1.1807559445542966,6.9225776666666663,0.26322212499999997,0.018492291666666667,6.6396954166666671,0.0011678333333327018,2,0,1,18,0.010652679638855205,0.151380064855139,0.040000000000000001,1,0.4999993575510559
286,163.81631308468127,184.17263461558935,401.54484427320546,558.89075351772294,751.8965090633294,1.180263344287396,6.8395715416666665,0.26387812500000002,0.017363708333333332,6.5572114583333336,0.0011182500000002094,2,0,1,18,0.011032968136154342,0.15256120202258255,0.040000000000000001,1,0.49999934653686623
287,163.8183229171008,184.20697621540714,401.5284923306989,558.91412519632377,751.99024532617636,1.1797681096570485,7.0032666250000002,0.27015841666666668,0.017686500000000001,6.7142765833333335,0.0011451249999998581,2,0,1,18,0.011318603584914506,0.15161175429358523,0.040000000000000001,1,0.4999993500068402
288,163.82066288880088,184.24335887477878,401.52361290468775,558.95236683446774,752.08197191889258,1.1793111857973875,7.1123014166666669,0.26482820833333331,0.017680291666666667,6.8286184583333336,0.0011744583333337388,2,0,1,18,0.010633852781583327,0.15007906346661751,0.040000000000000001,1,0.49999935822966951
289,163.82349620129926,184.28048219262007,401.52832241718784,558.99982656008933,752.17456622497093,1.1788977196048815,7.1852376250000001,0.26677766666666669,0.017632874999999999,6.8996504999999999,0.0011765833333328146,2,0,1,18,0.010330378822378956,0.14837200579291182,0.040000000000000001,1,0.49999936450806826
290,163.82710100777834,184.31772803339342,401.53785986618385,559.0491481224883,752.26955725045957,1.1785091653985447,7.1905504583333331,0.26409433333333332,0.017279249999999999,6.908008708333333,0.0011681666666669699,2,0,1,18,0.010571191250959677,0.14772614212175716,0.040000000000000001,1,0.49999936005108014
291,163.83137867346403,184.35166191837942,401.55160262842827,559.09842104667268,752.3699422065647,1.1781827104233691,7.1601498333333335,0.26276804166666667,0.017614083333333332,6.8785456666666667,0.0012220416666668399,2,0,1,18,0.010508023967144517,0.14766596072266241,0.040000000000000001,1,0.49999936370841352
292,163.83404022068225,184.38592217915604,401.55730464754834,559.14027912894426,752.46365886594822,1.177808912425433,7.0514393333333336,0.264061875,0.017722999999999999,6.7684749166666665,0.0011795416666666725,2,0,1,18,0.0099140830404610188,0.14692116939529501,0.040000000000000001,1,0.49999937464137567
293,163.83635089192302,184.41994522563343,401.5569692010817,559.17386697305233,752.55589244675173,1.1774053164899614,7.0070914166666665,0.26733533333333331,0.01755775,6.7210514166666666,0.0011469166666664421,2,0,1,18,0.010495040880291177,0.14704535729014132,0.040000000000000001,1,0.4999993772055088
294,163.83836552447528,184.45254561259318,401.55089364241513,559.19955204253608,752.64741406757719,1.1769875406642256,6.9472927916666665,0.26264245833333333,0.017687375000000002,6.6658012500000003,0.0011617083333321787,2,0,1,18,0.010371395908463006,0.14654230061512283,0.040000000000000001,1,0.49999938201703137
295,163.84014832338889,184.48431228829122,401.53863354294288,559.21538133609556,752.73703736634002,1.176546225325998,6.8850005000000003,0.26681199999999999,0.017626916666666666,6.599396041666667,0.0011655416666664919,2,0,1,18,0.0098565732451635895,0.14593222894302144,0.040000000000000001,1,0.49999938946385997
296,163.84154484039394,184.51514603333678,401.52267804522944,559.22471193465583,752.82342331127393,1.1760960369762026,6.8622837499999996,0.25951258333333332,0.017329875000000002,6.5842686666666665,0.0011726249999997052,2,0,1,18,0.0094272619757579546,0.14524328971044517,0.040000000000000001,1,0.49999939419321876
297,163.84312225391778,184.54557504758046,401.50823308207976,559.23434250647733,752.90907819064955,1.1756589556729329,6.8789394166666664,0.26676704166666665,0.018183041666666667,6.5928040416666667,0.001185291666666366,2,0,1,18,0.0099359168889105558,0.14591920049430376,0.040000000000000001,1,0.4999993885530134
298,163.84507556612829,184.57587118661803,401.49357658410474,559.24335885260416,752.99721312070608,1.1752224383552767,6.8553463749999999,0.26318758333333331,0.017319000000000001,6.573689541666667,0.0011502500000002414,2,0,1,18,0.010390138526735506,0.14651128786199086,0.040000000000000001,1,0.49999938606889666
299,163.8470704106997,184.60612597206321,401.4795392666083,559.25226888471343,753.08554106416409,1.174789905549315,6.813737791666667,0.26671758333333334,0.017312250000000001,6.5285452499999996,0.0011627083333340948,2,0,1,18,0.010084684198163238,0.14554426079622579,0.040000000000000001,1,0.49999939400428717
300,163.84888983548387,184.63517141904944,401.46374067823001,559.25616405347932,753.17245247918265,1.1743622170830321,6.7445234166666665,0.26382012500000002,0.017645666666666667,6.4618848333333334,0.0011727916666668392,2,0,1,18,0.0098002088923404718,0.14453534416587846,0.040000000000000001,1,0.49999940430180562
301,163.8508793506295,184.66351513464218,401.44894957236869,559.25865458200997,753.25826520883879,1.173948380001667,6.70886125,0.26091329166666666,0.017650541666666665,6.4291119166666668,0.0011855000000000615,2,0,1,18,0.010343745288030047,0.14478047634675956,0.040000000000000001,1,0.49999940339409271
302,163.85297058921532,184.69182262508633,401.43539831859624,559.26263827226558,753.34397907884465,1.1735418093387209,6.6237865833333336,0.26280133333333333,0.017362666666666665,6.3424730416666666,0.00114954166666692,2,0,1,18,0.011437384081505289,0.14630203228816896,0.040000000000000001,1,0.49999939292873807
303,163.85531016549683,184.72075998904072,401.42360551933393,559.27003006560051,753.43188040578571,1.1731374727082651,6.6003307500000004,0.26261666666666666,0.017302999999999999,6.3192777916666669,0.0011332916666670911,2,0,1,18,0.010186863619965129,0.14666432536859486,0.040000000000000001,1,0.49999938977650132
304,163.85745020121712,184.74999279152195,401.41225080128731,559.27879586961899,753.51793545969554,1.1727321594770197,6.6310262916666662,0.26430208333333333,0.017644041666666666,6.3479049999999999,0.0011751666666670602,2,0,1,18,0.010138174115192687,0.14549057688106654,0.040000000000000001,1,0.49999939778454694
305,163.85962514592038,184.77918587507409,401.40505198043104,559.29203806436851,753.6015575040517,1.1723499325936733,6.5720231250000003,0.26314124999999999,0.017672583333333332,6.2900497083333331,0.0011595833333331029,2,0,1,18,0.0095752499582060033,0.14478127000599245,0.040000000000000001,1,0.49999940337081694
306,163.86177777495016,184.80818838672917,401.39859233231095,559.30592264708355,753.68404595552261,1.1719740658479116,6.572501458333333,0.26860620833333332,0.017638583333333333,6.2850793749999996,0.0011772916666670241,2,0,1,18,0.0096255697582388767,0.14562469895280622,0.040000000000000001,1,0.4999993969942223
307,163.86437504582921,184.83778240922086,401.39555999790139,559.32443401336502,753.76929695378772,1.1716099098680663,6.4812580000000004,0.263429625,0.017622166666666668,6.1990682916666664,0.0011379166666678486,2,0,1,18,0.010363787314960153,0.14649062170049773,0.040000000000000001,1,0.49999939357847734
308,163.86714331589417,184.86732881688161,401.39397189996407,559.3437041927848,753.85472271192123,1.1712542419951373,6.4387021249999998,0.26584324999999998,0.017690791666666667,6.1537703333333331,0.0013977500000006415,2,0,1,18,0.01111214956201392,0.14612497235392269,0.040000000000000001,1,0.4999993952699307
309,163.86982521937298,184.89633970241275,401.39228280887829,559.36143945083347,753.93791506701905,1.1709044292326813,10.571144916666666,0.26189645833333336,0.017422458333333335,10.289632708333333,0.0021932916666660418,2,0,1,18,0.0028007964835183277,0.04165594433719199,0.02,2,0.49999973066810321
310,163.87521502439782,184.90954349058975,401.41203886351724,559.39043323218493,754.02022575592196,1.1708562537441207,10.947187416666667,0.26559650000000001,0.017709875,10.66229775,0.0015832916666678187,2,0,1,18,0.0027712807282421299,0.040205591353936421,0.02,2,0.49999976050299805
311,163.87848209487447,184.91920592321634,401.41912529956579,559.40195484286971,754.08088985419238,1.1707811435565341,11.080832541666666,0.26723295833333333,0.017343999999999998,10.795206500000001,0.0010490833333332006,2,0,1,18,0.002727734447581307,0.039724758717755521,0.02,2,0.49999977234441478
312,163.88074708870369,184.92718174467871,401.41961977777709,559.40452530572088,754.12811216798332,1.170690192705151,11.194457333333334,0.26437570833333335,0.017369291666666668,10.911669541666667,0.001042791666668208,2,0,1,18,0.0026759783911628459,0.039503734247519733,0.02,2,0.49999977830461173
313,163.88246462629047,184.93433339349181,401.41702166310216,559.40284312525353,754.1669574360659,1.1705922004703795,11.239708708333334,0.262759625,0.017316249999999998,10.958542375,0.0010904583333335438,2,0,1,18,0.0026203178326745331,0.039392452642589844,0.02,2,0.49999978146925295
314,163.88384969593082,184.9411050699932,401.41307650269187,559.3993432278146,754.20041430338347,1.1704913915744812,11.262295875,0.26459012500000001,0.017685083333333334,10.978967958333333,0.0010527083333329301,2,0,1,18,0.002563865326008944,0.039314038543831448,0.02,2,0.49999978317421523
315,163.88502683923102,184.94772752609509,401.40870855789342,559.39530294683266,754.23031210561942,1.1703900552184774,11.281864208333333,0.26043887500000001,0.017744458333333334,11.002627291666666,0.0010535833333342737,2,0,1,18,0.0025085082203178668,0.039190997532575066,0.02,2,0.49999978496133901
316,163.88609861924823,184.95431008915824,401.40462091440469,559.39161037728968,754.25787500657532,1.1702907097482906,11.235406333333334,0.26861504166666667,0.017688875,10.94804175,0.0010606666666674869,2,0,1,18,0.0025210043018636559,0.039151509426533497,0.02,2,0.49999978556032798
317,163.88711042029976,184.9609347959591,401.4010149940683,559.38861653080551,754.28393923227884,1.1701934813255379,11.252653958333333,0.26570658333333336,0.017342583333333335,10.968502833333334,0.0011019583333329308,2,0,1,18,0.0025446746281044892,0.039137649804136983,0.02,2,0.4999997860766412
318,163.88807297912135,184.9676014948576,401.39784380543108,559.38625242091257,754.30885093395921,1.1700981175159511,11.242019166666667,0.26456604166666664,0.017274458333333333,10.95909625,0.0010824166666676405,2,0,1,18,0.0025556184653864195,0.039120881676969387,0.02,2,0.49999978652942861
319,163.88899523625409,184.97430481610817,401.39506373624147,559.38444991026051,754.33286310247388,1.1700044454027685,11.233801666666666,0.26747429166666664,0.01769225,10.947529875000001,0.0011052500000001686,2,0,1,18,0.0025532739454070998,0.039093069417127327,0.02,2,0.49999978697569308
320,163.88988861767621,184.98104560876783,401.39264222038832,559.38315685478869,754.35617026337673,1.1699122788468166,11.245450208333333,0.26185620833333334,0.017594458333333333,10.964908666666666,0.0010908750000009348,2,0,1,18,0.0025378514602897671,0.039062741128514648,0.02,2,0.49999978724770888
321,163.89075723469898,184.98782340781472,401.39056865821493,559.38234463022627,754.37889720515557,1.1698215658947981,11.249483874999999,0.26259395833333332,0.017278249999999998,10.968492375,0.0011192916666651342,2,0,1,18,0.0025258264618086188,0.039062537136332995,0.02,2,0.49999978741187895
322,163.89161162090119,184.99464679438964,401.3888152700921,559.38199811127208,754.40118639045136,1.1697320556319204,11.290336999999999,0.26136874999999998,0.017318833333333332,11.010563041666666,0.0010863749999998618,2,0,1,18,0.0025219819834360717,0.039058583690659364,0.02,2,0.49999978735864803
323,163.89245520765527,185.00151530583497,401.38737835687954,559.38209924904879,754.4231422083634,1.1696437334220027,11.269873791666667,0.26482370833333335,0.017339875000000001,10.986594333333333,0.0011158750000017648,2,0,1,18,0.0025067040550871239,0.039045234052230871,0.02,2,0.49999978750507601
324,163.89328424178316,185.00841061452471,401.38616238874226,559.38251396773887,754.44475277177412,1.1695562977677409,11.284044708333333,0.26727204166666668,0.017629541666666668,10.998049291666666,0.0010938333333339045,2,0,1,18,0.0024830076951986991,0.039027568641843417,0.02,2,0.49999978780143439
325,163.89410165059473,185.01533029043873,401.3851576736613,559.38320908446997,754.46607740698369,1.1694697247172074,11.277409291666666,0.26488824999999999,0.017826499999999999,10.993568916666666,0.001125625000000241,2,0,1,18,0.0024535934673057961,0.039003833778221052,0.02,2,0.49999978837836462
326,163.89490473186987,185.02226134794441,401.38430064492951,559.38410035431957,754.48710489898281,1.1693838229017455,11.286889541666667,0.266617875,0.0178205,11.001360958333333,0.0010902083333359514,2,0,1,18,0.00242067355954608,0.038964644281611317,0.02,2,0.49999978934138306
327,163.89569427272463,185.02919790033616,401.38356577598893,559.38514573308794,754.50782931986078,1.1692985233184092,11.260732916666667,0.26998183333333331,0.017483041666666668,10.972137958333333,0.0011300833333347526,2,0,1,18,0.0023860286012058413,0.038936757092916947,0.02,2,0.49999978941855183
328,163.89647051749483,185.03613408913029,401.38292463553688,559.38629654445538,754.52825965024522,1.1692137409344827,11.235683458333334,0.26062312500000001,0.017292333333333333,10.956561791666667,0.0012062083333326257,2,0,1,18,0.0023509198008895174,0.038960974811987445,0.02,2,0.49999978945474632
329,163.8972452446323,185.04309433197849,401.38241456344787,559.38764481256896,754.54852015749464,1.1691293912505785,11.245217999999999,0.26492179166666668,0.017509083333333335,10.961621541666666,0.0011655833333321652,2,0,1,18,0.0023964711163239573,0.039024201884251514,0.02,2,0.49999978910521942
330,163.89802766202789,185.05010187162409,401.38206431998407,559.38928316571469,754.56873668080607,1.1690453572321577,11.244899,0.26305216666666664,0.017279416666666665,10.963382833333334,0.0011845833333339328,2,0,1,18,0.0024867141006372929,0.039133523078263961,0.02,2,0.4999997883317393
331,163.89882559494228,185.05717399959681,401.38190692797775,559.39128530760377,754.58900164316265,1.1689616146891568,11.2943585,0.26418512500000002,0.017779125,11.011229291666666,0.0011649583333337432,2,0,1,18,0.0025504962806602652,0.03921842815106856,0.02,2,0.49999978772417919
332,163.89962761530171,185.06428333540808,401.38186562270266,559.39351636158858,754.60921278916908,1.1688780697637018,11.242915125,0.26762533333333333,0.017358208333333333,10.956646916666667,0.0012846666666668227,2,0,1,18,0.002589501923839688,0.039278009203890761,0.02,2,0.49999978732022216
333,163.90042803120346,185.07141537689324,401.3819211411269,559.39590626511813,754.62929852110392,1.1687947883454763,10.444500583333333,0.27078570833333332,0.017384166666666666,10.155108291666666,0.0012224166666676695,2,0,1,17,0.0024827843907782995,0.037428810562362164,0.02,2,0.49999978104017284
334,163.90098554782276,185.07808180286906,401.38158371481586,559.39786081603972,754.64702322808239,1.168714846214673,10.400458291666666,0.27064899999999997,0.017827249999999999,10.110640208333333,0.0013418333333330423,2,0,1,17,0.0024823289114957632,0.037437037508728066,0.02,2,0.49999978099501935
335,163.90167334273522,185.08487231746852,401.38159315918318,559.40023930038672,754.66526119886623,1.1686353300161114,10.520915375,0.266571,0.017666458333333333,10.235478083333334,0.0011998333333309574,2,0,1,17,0.0024693958490135432,0.037445328505559941,0.02,2,0.4999997809627848
336,163.90238612522435,185.09168819562947,401.38169081495931,559.40270278244691,754.68345773086287,1.1685559990717997,10.491121625,0.26986191666666665,0.017886416666666665,10.202193583333333,0.0011797083333338065,2,0,1,17,0.0024470693859843812,0.037446807318770724,0.02,2,0.49999978099776365
337,163.90308409700614,185.09850200562792,401.38175764108195,559.40516708516736,754.70155711076768,1.1684765316408554,10.472819625,0.26649504166666665,0.017597916666666668,10.187563375,0.0011632916666659554,2,0,1,17,0.002418141038420355,0.037447957777520795,0.02,2,0.4999997812628042
338,163.90377316338683,185.10530458808429,401.3817694080646,559.40753802508709,754.71943062763853,1.1683969041366014,10.482585583333334,0.26063408333333332,0.017941291666666668,10.202801458333333,0.001208750000001757,2,0,1,17,0.0023848866107585749,0.037455583157784557,0.02,2,0.49999978151697833
339,163.90443357496022,185.11208728703875,401.38165209148525,559.40977332372086,754.73707768386839,1.1683168180643673,10.496911583333333,0.26922099999999999,0.017878416666666667,10.208617583333334,0.0011945833333317779,2,0,1,17,0.0023492913478050819,0.037484899136097038,0.02,2,0.49999978147937252
340,163.9050758863834,185.11885284337791,401.38141626983287,559.41182845946389,754.75441903023125,1.1682362984899575,10.505179458333334,0.27943145833333333,0.017849625000000001,10.206739125,0.0011592500000006112,2,0,1,17,0.0023126537314885265,0.037534245269666526,0.02,2,0.49999978105591664
341,163.90569430216888,185.12561209108463,401.38106690569884,559.41379419189536,754.77155721766883,1.1681552453596384,10.488149249999999,0.26968858333333334,0.017711375000000001,10.19957125,0.0011780416666660187,2,0,1,17,0.0022760382889422657,0.037594615532508931,0.02,2,0.49999978064469142
342,163.90634990602302,185.13240841220534,401.38103558193427,559.41616298434769,754.78872192797712,1.1680754818910042,10.486742416666667,0.26523529166666665,0.017792916666666665,10.202415416666666,0.001298791666668464,2,0,1,17,0.0022407106366072725,0.037651532507967309,0.02,2,0.49999978025512959
343,163.9070225997761,185.13922627342924,401.38123160933782,559.41885337900021,754.80589312865254,1.1679967000431564,11.333270875,0.26848474999999999,0.017491625,11.046056249999999,0.0012382500000001073,2,0,1,18,0.0023174621251310064,0.039589850908225643,0.02,2,0.49999978704341219
344,163.90793646844747,185.14654483343065,401.38210048545386,559.42240276995085,754.82517383440984,1.1679156953566818,11.333626000000001,0.26879920833333332,0.017450416666666666,11.04623175,0.0011446250000002323,2,0,1,18,0.0022830946371641993,0.039643541329670275,0.02,2,0.49999978663270139
345,163.90873142084615,185.1537571656246,401.38278496750104,559.42577344028189,754.84367206302352,1.1678349449233927,11.295322916666667,0.26741945833333336,0.018839916666666668,11.007853083333334,0.00121045833333433,2,0,1,18,0.0022769175208344327,0.039693133476166535,0.02,2,0.49999978619342017
346,163.90951727472319,185.16095918443807,401.38354804413819,559.42924241436299,754.86187382819287,1.1677547459900641,11.352872541666667,0.26798004166666667,0.017430416666666667,11.066283791666667,0.0011782916666671639,2,0,1,18,0.0022873474615381236,0.039740285761450216,0.02,2,0.49999978568720166
347,163.91029974096054,185.16816147992776,401.38442470055026,559.43284391506745,754.87984713817195,1.1676751634435834,11.352647708333333,0.26900466666666667,0.017914541666666665,11.064328958333334,0.001399541666664561,2,0,1,18,0.0022893426412821049,0.03980061576497413,0.02,2,0.49999978535803941
348,163.91108982232902,185.17537762403236,401.38542436866982,559.43660996416077,754.89765751935386,1.1675960892792983,14.620610791666667,0.27159879166666667,0.017870750000000001,14.329275916666667,0.0018653333333329414,2,0,1,18,0.00063163333312380994,0.010226117961108398,0.01,3,0.49999828383529027
349,163.91189389905909,185.17511214027985,401.39110181718229,559.44183667930542,754.92601401961394,1.1676298568303687,14.77526675,0.27288758333333335,0.017749458333333332,14.483368499999999,0.0012612083333340962,2,0,1,18,0.00065616223897006396,0.0088080044853727918,0.01,3,0.49999894960560531
350,163.91667711920149,185.17929014996591,401.39685328005061,559.44794688822378,754.95271753457655,1.1676120097176239,13.428635249999999,0.26738308333333333,0.017674041666666668,13.142152875000001,0.0014252499999987123,2,0,1,15,0.00057888735611694902,0.0061555319177998245,0.01,3,0.49999733731428186
351,163.91402264470204,185.17612984511163,401.39528098791806,559.44506892866275,754.95768911546395,1.1676405124335429,15.705013041666666,0.27746570833333334,0.017721291666666666,15.408768583333334,0.001057458333333372,2,0,1,18,0.00069623647386244454,0.010105326604132546,0.01,3,0.49999916644341591
352,163.91952715767334,185.18249520741782,401.39994440968701,559.45073584279021,754.98451534830224,1.1675911859816446,12.004111291666666,0.26831970833333335,0.017331625,11.717336208333334,0.0011237499999978695,2,0,1,14,0.0005678122932295974,0.005683595735108681,0.01,3,0.49999690602713837
353,163.9165282789148,185.1792877948422,401.39691798711129,559.44619347016953,754.98652042129197,1.1676123867147274,15.990094624999999,0.26942554166666666,0.017274958333333333,15.70220325,0.0011908749999989254,2,0,1,18,0.00072156825449006228,0.0090458830929608016,0.01,3,0.49999937549142071
354,163.92103015610843,185.18446741800335,401.40221769529109,559.45313048999094,755.01329787183806,1.1675803769720883,13.233299666666667,0.27450166666666664,0.017345708333333335,12.940419583333334,0.0010327083333336873,2,0,1,14,0.00060074069478876504,0.005901607980614283,0.01,3,0.49999823834132567
355,163.91757907920081,185.18090993535299,401.39721911793754,559.44580238689502,755.00924858755354,1.1675950250923062,15.288183875,0.26633083333333335,0.017429625000000001,15.003359375,0.0010640416666660713,2,0,1,18,0.00075265708181912071,0.0093196120331444886,0.01,3,0.49999865398508492
356,163.92106698137275,185.18521562180715,401.40064629477877,559.44960151710723,755.03320231613964,1.1675631337359871,15.062705625,0.27910170833333331,0.017141458333333335,14.765430916666666,0.0010315416666664134,2,0,1,18,0.00076057438959670199,0.0076014636758017645,0.01,3,0.49999897255638454
357,163.92260001300258,185.18755242891652,401.40336710902307,559.4521874209521,755.05051854730118,1.1675504743392517,10.668442750000001,0.26671283333333334,0.017472874999999999,10.383137083333333,0.0011199583333354468,2,0,1,12,0.00056159957741204317,0.0055478893045434133,0.01,3,0.4999976441095591
358,163.91946144788085,185.18461296510938,401.39717892538852,559.44316780387987,755.04229792431977,1.1675514639059981,15.414537749999999,0.26708520833333332,0.017258708333333334,15.129090124999999,0.0011037083333338416,2,0,1,17,0.00075473657990699069,0.0085896396499231132,0.01,3,0.49999952158034039
359,163.92343450517157,185.18893018270589,401.40061896557603,559.44762239976308,755.06282386901648,1.1675195086961054,15.077387,0.26911320833333335,0.017144333333333334,14.790035291666667,0.0010941666666663963,2,0,1,18,0.00076965487177865994,0.0079784063222844478,0.01,3,0.49999909895971795
360,163.92435075685506,185.19022958844474,401.40207951447866,559.44930086999909,755.07986384602634,1.1675121868282667,11.012573666666666,0.28177533333333332,0.017498166666666665,10.712207291666667,0.001092874999999438,2,0,1,12,0.00052508881193862706,0.005630216031355011,0.01,3,0.49999760875582899
361,163.92095338642903,185.18718494780683,401.39616295118429,559.44030640186554,755.069672480441,1.1675158735433762,14.92928275,0.26684324999999998,0.017661791666666666,14.643646125,0.0011315833333345182,2,0,1,18,0.00069872247676140134,0.0086734051386636868,0.01,3,0.49999866624073874
362,163.9245246078986,185.19064971657016,401.40043579860509,559.44507703017382,755.09270931992853,1.1674983937522698,15.106308875,0.26748154166666666,0.017486249999999998,14.819899124999999,0.00144195833333427,2,0,1,18,0.00065708928001717852,0.0073097066444338197,0.01,3,0.49999896504788877
363,163.92526510221407,185.19218068963556,401.40106175074283,559.44550899107173,755.10506671872088,1.1674838551820541,12.7010285,0.27619254166666668,0.017066583333333333,12.406684541666667,0.0010848333333317584,2,0,1,15,0.00052751088416185259,0.0054990341658513759,0.01,3,0.49999794592340441
364,163.92457527564386,185.19078631906905,401.39775553812535,559.43971667289873,755.09942136182281,1.1674823219690251,14.359660625,0.26935983333333335,0.017446625,14.071775791666667,0.0010783750000005199,2,0,1,18,0.00058655098206264738,0.0069776084309355673,0.01,3,0.4999982059620191
365,163.92667058758545,185.19345812294904,401.40007290575141,559.44268099868987,755.11579534503267,1.1674635647187055,12.3980725,0.26884625000000001,0.017153999999999999,12.110987166666666,0.0010850833333346799,2,0,1,15,0.00051622148704869616,0.0055101981721024382,0.01,3,0.49999832625558632
366,163.92563940884551,185.19287055783872,401.39874029776854,559.4411697758286,755.11906009529457,1.1674632456890679,11.624354625,0.27104108333333332,0.017482874999999998,11.334727750000001,0.0011029166666656209,2,0,1,13,0.00046365907167930231,0.0053821235837389313,0.01,3,0.49999917523997883
367,163.9255231744645,185.19345612466458,401.3958441494886,559.43804847816659,755.1181716110159,1.1674407538422173,10.927004958333333,0.26211258333333332,0.017110625000000001,10.646632500000001,0.001149249999997437,2,0,1,13,0.00045117712548447229,0.0054702053607033592,0.01,3,0.4999978854122108
368,163.92491962036308,185.19342260057221,401.39476736281478,559.43645504370204,755.12380730483824,1.1674353318073758,14.374492166666666,0.26080275000000003,0.017443791666666666,14.095082666666666,0.0011629583333334637,2,0,1,17,0.00057785568010647781,0.0073117497274785602,0.01,3,0.49999856723352359
369,163.92728955039922,185.19586277895777,401.39856863251623,559.44078006891482,755.13870358249835,1.1674272989111489,10.822190041666667,0.26643879166666667,0.017426000000000001,10.537124166666667,0.0012010833333331306,2,0,1,12,0.0004367033373348618,0.0054367157183390323,0.01,3,0.49999763124058266
370,163.9241252787636,185.19363524291987,401.39289831719645,559.43338214174628,755.12920397995435,1.1674227507370132,15.195712333333333,0.26998850000000002,0.017083375000000001,14.907446416666666,0.0011940416666664788,2,0,1,17,0.00058508662186924952,0.0081493396978073764,0.01,3,0.49999876807849492
371,163.9276304868925,185.19702627312651,401.39688145110273,559.43818959575106,755.14399395491023,1.1674045719239956,15.794267375,0.27051700000000001,0.017212624999999999,15.5053485,0.0011892499999994754,2,0,1,19,0.00062775029746428611,0.0080241791915136099,0.01,3,0.49999850775110283
372,163.92847633504766,185.19895159370569,401.39876862340662,559.43933025394711,755.15743171236932,1.1673922296493653,10.873993625000001,0.27219258333333335,0.017403916666666668,10.582841999999999,0.0015551250000012118,2,0,1,12,0.00043736051786624021,0.0055680433311048562,0.01,3,0.49999782180999369
373,163.92536973820125,185.19638077229143,401.39367234629697,559.43286780399319,755.14848541022729,1.1673947982808115,11.722994125,0.27973066666666668,0.017073250000000002,11.425014875,0.0011753333333324179,2,0,1,13,0.00045607090978352769,0.0066777998936830207,0.01,3,0.49999757836028708
374,163.92437079406852,185.1961538306451,401.39405732609129,559.43270997276977,755.15710710927851,1.1673995330008367,11.611127249999999,0.27179066666666668,0.017448958333333334,11.320733583333332,0.0011540416666679931,2,0,1,13,0.00045932913761483025,0.0065342732732909629,0.01,3,0.49999750007657484
375,163.92425797949659,185.1968255042319,401.39434555341052,559.4326576888069,755.16308056598359,1.1673932285855426,15.035590125000001,0.26233904166666666,0.017127541666666666,14.754940666666666,0.0011828749999995836,2,0,1,18,0.00060541304872571266,0.0089415801402047204,0.01,3,0.49999873670879474
376,163.92852674514882,185.20125116603666,401.39862640190745,559.43745280197879,755.18000258740244,1.1673645500485603,14.393122375000001,0.27569549999999998,0.017144791666666666,14.098947958333333,0.0013341250000014071,2,0,1,17,0.00057826468399299201,0.0068320644508166935,0.01,3,0.49999860297315479
377,163.92820669222684,185.20176758979011,401.39818234815755,559.43649596974694,755.18497730066235,1.1673561088100868,12.297266666666667,0.27956512500000003,0.017293625,11.999032708333333,0.0013752083333340437,2,0,1,13,0.00046582838927038405,0.005781629260825376,0.01,3,0.49999879795714242
378,163.92763648319089,185.20142284250295,401.39500949472119,559.43187726227768,755.18137740427574,1.1673430113767069,14.656768,0.27450875000000002,0.017430999999999999,14.363141000000001,0.0016872499999980306,2,0,1,18,0.00058442446649137054,0.0076709525250625134,0.01,3,0.49999775400341462
379,163.92937004417195,185.20346775405508,401.39801410496045,559.43540526348158,755.20018246200004,1.1673353040991952,15.450097,0.28739524999999999,0.017400833333333334,15.144064458333334,0.0012364583333326351,2,0,1,18,0.00061744818962972548,0.0072755926804272163,0.01,3,0.49999870081727621
380,163.93123060912615,185.20559619920508,401.3999930687778,559.43789821423661,755.20557711646825,1.167321081578099,11.033680541666667,0.272677375,0.017706625,10.742134249999999,0.0011622916666667038,2,0,1,12,0.00046285609445386318,0.0056269665477135123,0.01,3,0.49999776315591332
381,163.92800235275965,185.20303071053655,401.39440456803175,559.43060063704911,755.19565472067416,1.1673209289722257,11.853958499999999,0.27608508333333331,0.017680583333333333,11.559072458333333,0.0011203749999992851,2,0,1,13,0.00049681816471863977,0.0065799821687017139,0.01,3,0.49999752119343238
382,163.92669014355113,185.20247558696067,401.39447844442793,559.43010231192261,755.20301879775025,1.167327824168072,15.175440208333333,0.27800670833333335,0.017520999999999998,14.878464624999999,0.0014478750000002094,2,0,1,18,0.00065570779592469134,0.0087358836526462858,0.01,3,0.49999867253368191
383,163.93064195445018,185.20653106763484,401.39850328435216,559.43441879674958,755.21825448531263,1.1673020976661295,15.591354958333334,0.29561162499999999,0.017456124999999999,15.277097124999999,0.0011900833333342575,2,0,1,18,0.00063628693973962717,0.0072763965594537777,0.01,3,0.49999895791406718
384,163.9312869753295,185.20805435492474,401.399430465519,559.43500273419352,755.22650847863542,1.1672892783393449,12.401230916666666,0.28051608333333333,0.017219166666666667,12.102359583333334,0.0011360833333320386,2,0,1,14,0.00050354944668406913,0.0057727601225125982,0.01,3,0.4999966286002645
385,163.92836813975191,185.20492515847138,401.39372125503542,559.42666447314559,755.21598954930869,1.1672950701045406,14.356378375,0.27914800000000001,0.017451291666666667,14.058651041666666,0.0011280416666679116,2,0,1,17,0.00057067877487248803,0.0075259682182863647,0.01,3,0.49999840985113148
386,163.93172747916933,185.20866045176069,401.39842250345157,559.43302514954519,755.2308321724405,1.1672767435624292,15.878805249999999,0.27301158333333331,0.017284916666666667,15.586887125000001,0.0016216249999985166,2,0,1,19,0.00062430118121121851,0.0078577517050709318,0.01,3,0.4999984544949872
