outer,omega1,omega2,gap12,volume,volErr,Mnd,gray,mid,move,stage,moveChanged,descent,beta,betaStallRel,betaStallFires,prodStageShadow,prodMoveShadow,prodTol,prodStopRaw,prodSettled,prodStopAdmit,exA,exB,exE,exNA,exNB,exDecl,exAmp,exCos,exNet,exMedcos,exMednet,exTol,exStageStart,cosT,net_ratio,cosT_unsat,net_ratio_unsat,boundFrac,revFrac,maxAbs,ratio,l2,rms,stepNorm,path_W,net_W,nInner,cumInner,innerConv,multN,multJ,degen,tOuter
1,68.215607617021135,251.35772414293928,2.6847538697320141,0.49982491563797832,-0.00017508436202168243,99.747191566517103,1,1,0.040000000000000001,1,1,0,5347.3779620352525,NaN,0,1,0.040000000000000001,0.15000000000000002,0,0,0,0,0,0,0,0,0,4.2664044827910423,NaN,NaN,NaN,NaN,0.15000000000000002,1,NaN,NaN,NaN,NaN,0.23666666666666666,NaN,0.039958870541203131,0.99897176353007822,4.2664044827910423,0.025140029508885258,0.025140029508885258,NaN,NaN,22,22,1,2,0,1,4.1703810416666665
2,73.441611071770282,264.0506470614842,2.5953820076665068,0.49980790148716675,-0.00019209851283324975,99.017692517664628,1,1,0.040000000000000001,1,0,0,6144.8743750400881,NaN,0,1,0.040000000000000001,0.15000000000000002,0,1,0,0,0,0,0,0,0,4.1586366118969647,0.99280879850602277,NaN,NaN,NaN,0.15000000000000002,1,0.99280879850602277,NaN,NaN,NaN,0.21847222222222223,0.034305555555555554,0.039951952620699116,0.99879881551747784,4.1586366118969647,0.024505001239691602,0.024505001239691602,NaN,NaN,21,43,1,2,0,1,2.2896352499999999
3,78.701068504708132,275.96502417237491,2.5064965370306993,0.49980929894195525,-0.00019070105804475102,97.826632378237761,1,0.74111111111111116,0.040000000000000001,1,0,0,7010.9814254235453,NaN,0,1,0.040000000000000001,0.15000000000000002,0,1,0,0,0,0,0,0,0,4.1388560144185362,0.99412773246368213,NaN,NaN,NaN,0.15000000000000002,1,0.99412773246368213,NaN,0.98638679173644994,NaN,0.21513888888888888,0.032083333333333332,0.039944583216971127,0.9986145804242782,4.1388560144185362,0.024388442951250616,0.024388442951250616,NaN,NaN,21,64,1,2,0,1,2.1392870416666665
4,84.039770326373329,286.91224197023058,2.4140055458979743,0.49979191177019666,-0.00020808822980333819,96.240946135693761,1,0.62777777777777777,0.040000000000000001,1,0,0,7928.4536994814653,NaN,0,1,0.040000000000000001,0.15000000000000002,0,1,0,0,0,0,0,0,0,4.0119694596139217,0.99446262333897051,NaN,NaN,NaN,0.15000000000000002,1,0.99446262333897051,NaN,0.98813995084308448,NaN,0.19,0.03138888888888889,0.039936598045794233,0.99841495114485579,4.0119694596139217,0.023640756756719439,0.023640756756719433,NaN,NaN,20,84,1,2,0,1,1.8628923749999999
5,89.336578216140865,295.95822307102173,2.3128448501237711,0.49979429980880075,-0.00020570019119925398,94.267308548491371,1,0.55347222222222225,0.040000000000000001,1,0,0,8904.2804142335572,NaN,0,1,0.040000000000000001,0.15000000000000002,0,1,0,0,0,0,0,0,0,3.9712422231709872,0.99528833353949797,NaN,NaN,NaN,0.15000000000000002,1,0.99528833353949797,NaN,0.99003100748931838,NaN,0.18652777777777776,0.033055555555555553,0.03992799821343767,0.99819995533594175,3.9712422231709872,0.023400769214487881,0.023400769214487884,NaN,NaN,20,104,1,2,0,1,1.7263492499999999
6,94.644316674869614,302.40041894133924,2.1951249643459461,0.49978363499181211,-0.00021636500818789095,92.016882919737611,1,0.4934722222222222,0.040000000000000001,1,0,0,9908.4740114142842,NaN,0,1,0.040000000000000001,0.15000000000000002,0,1,0,0,0,0,0,0,0,3.8040670955514173,0.99482050628459284,NaN,NaN,NaN,0.15000000000000002,1,0.99482050628459284,NaN,0.99026506331426989,NaN,0.15041666666666667,0.049861111111111113,0.039918479701878291,0.99796199254695728,3.8040670955514173,0.022415680327941844,0.022415680327941841,NaN,NaN,19,123,1,2,0,1,1.6131715
7,99.801745934341994,304.78524111882854,2.0539069057904253,0.49977672535673751,-0.00022327464326249435,89.577384582160789,1,0.44888888888888889,0.040000000000000001,1,0,0,10921.366354730499,NaN,0,1,0.040000000000000001,0.15000000000000002,0,1,0,0,0,0,0,0,0,3.6109148620313447,0.994547008584309,NaN,NaN,NaN,0.15000000000000002,1,0.994547008584309,NaN,0.99105497980480828,NaN,0.11583333333333333,0.030694444444444444,0.03990775204611182,0.99769380115279549,3.6109148620313447,0.021277519876913755,0.021277519876913755,NaN,NaN,18,141,1,2,0,1,1.4759874583333332
8,104.74575500111406,301.89770542656038,1.8821951345269261,0.49978590599664952,-0.00021409400335048456,86.944179430764521,1,0.42097222222222225,0.040000000000000001,1,0,0,11953.372410686949,NaN,0,1,0.040000000000000001,0.15000000000000002,0,1,0,0,0,0,0,0,0,3.5155941680233345,0.99474265396548167,NaN,NaN,NaN,0.15000000000000002,1,0.99474265396548167,NaN,0.9914831111168978,NaN,0.10611111111111111,0.030833333333333334,0.039895876615033923,0.99739691537584807,3.5155941680233345,0.020715837300909822,0.020715837300909822,NaN,NaN,18,159,1,2,0,1,1.4107876666666668
9,109.56055976563763,292.17412150740404,1.666781934415061,0.49978165178868006,-0.00021834821131994087,84.28621362344569,1,0.39486111111111111,0.040000000000000001,1,0,0,12965.080937383029,NaN,0,1,0.040000000000000001,0.15000000000000002,0,1,0,0,0,0,0,0,0,3.2880392861041501,0.99321332796887618,NaN,NaN,NaN,0.15000000000000002,1,0.99321332796887618,NaN,0.99015419145010097,NaN,0.083333333333333329,0.021111111111111112,0.039882073591564267,0.99705183978910661,3.2880392861041501,0.019374957300100158,0.019374957300100158,NaN,NaN,17,176,1,2,0,1,1.281136625
10,114.08836529215765,275.67673225053784,1.4163439588654327,0.49977873299090547,-0.0002212670090945279,81.670576968295478,1,0.37652777777777779,0.040000000000000001,1,0,0,13950.210128800423,NaN,0,1,0.040000000000000001,0.15000000000000002,0,1,0,0,0,0,0,0,0,3.0634838427835773,0.99345165383822664,0.96031430019993369,NaN,NaN,0.15000000000000002,1,0.99345165383822664,0.96031430019993369,0.99096799532320889,0.91479120520708246,0.059722222222222225,0.021111111111111112,0.03986629823749057,0.99665745593726429,3.0634838427835773,0.018051751660730756,0.018051751660730753,0.22291074613763112,0.21406437718420429,16,192,1,2,0,1,1.2520100833333334
11,118.33864396825841,254.22568480082259,1.1482896564964251,0.49978557714463379,-0.00021442285536621419,79.006448375838715,0.89694444444444443,0.3709722222222222,0.040000000000000001,1,0,0,14949.893643729203,NaN,0,1,0.040000000000000001,0.15000000000000002,0,1,0,0,0,0,0,0,0,2.9870707063174873,0.99487000532003023,0.96045301094262758,NaN,NaN,0.15000000000000002,1,0.99487000532003023,0.96045301094262758,0.9929811505037982,0.91902532364962297,0.049444444444444444,0.016944444444444446,0.03984903260424582,0.9962258151061455,2.9870707063174873,0.017601482936006545,0.017601482936006545,0.21537219956475243,0.20685487754530293,16,208,1,2,0,1,1.1553307916666666
12,122.51110817071397,229.74717323631168,0.87531707668637571,0.49979094069834717,-0.00020905930165282527,76.282072693183608,0.85041666666666671,0.3576388888888889,0.040000000000000001,1,0,0,15981.44731603113,NaN,0,1,0.040000000000000001,0.15000000000000002,0,1,0,0,0,0,0,0,0,2.9397299002524209,0.99553346931877518,0.95978996100555458,NaN,NaN,0.15000000000000002,1,0.99553346931877518,0.95978996100555458,0.99429364568356127,0.91855455649493045,0.040416666666666663,0.077499999999999999,0.039845305400996893,0.99613263502492233,2.9397299002524209,0.017322524561044498,0.017322524561044498,0.20818972288610532,0.19981840601061224,16,224,1,2,1,1,1.1828139583333332
13,126.86687480261777,206.05972874044932,0.62422010521691729,0.49982489600341079,-0.00017510399658920983,73.737893956894894,0.82166666666666666,0.34902777777777777,0.040000000000000001,1,0,0,17077.05981215799,NaN,0,1,0.040000000000000001,0.15000000000000002,0,1,0,0,0,0,0,0,0,2.7236098983544963,0.97289767650569758,0.95859026828212468,NaN,NaN,0.15000000000000002,1,0.97289767650569758,0.95859026828212468,0.99038190434196571,0.92151179039036368,0.03152777777777778,0.15958333333333333,0.039778152335896627,0.99445380839741571,2.7236098983544963,0.016049025236943897,0.016049025236943897,0.19985030517179861,0.19157455765089892,15,239,1,2,1,1,1.2156289166666667
14,130.75033036430122,186.68989211561353,0.42783495533396754,0.4998494649342235,-0.00015053506577650255,71.844217140959884,0.79902777777777778,0.34972222222222221,0.040000000000000001,1,0,0,17807.715655024134,NaN,0,1,0.040000000000000001,0.15000000000000002,0,1,0,0,0,0,0,0,0,2.443601880188365,0.89007670938058181,0.94828553699501683,NaN,NaN,0.15000000000000002,1,0.89007670938058181,0.94828553699501683,0.89455438454243563,0.91244110948453283,0.027916666666666666,0.061388888888888889,0.039750780067613442,0.99376950169033607,2.443601880188365,0.014399062166678252,0.014399062166678252,0.1906086105817574,0.18075138864139587,15,254,1,2,0,1,1.28840175
15,133.43279091898503,174.61632845047419,0.30864630236576646,0.49987093439059627,-0.00012906560940373346,70.25914231399689,0.78083333333333338,0.34527777777777779,0.040000000000000001,1,0,0,18414.553439074229,NaN,0,1,0.040000000000000001,0.15000000000000002,0,1,0,0,0,0,0,0,0,2.269021219339149,0.93696764067866445,0.935429095845974,NaN,NaN,0.15000000000000002,1,0.93696764067866445,0.935429095845974,0.94785889094273434,0.91001205061533819,0.028750000000000001,0.018888888888888889,0.039721470727522148,0.99303676818805364,2.269021219339149,0.013370335757090674,0.013370335757090674,0.1805781771243602,0.1689180809569544,15,269,1,2,1,1,1.3638376666666667
16,135.64887008309017,166.43008894366147,0.22691835797612331,0.49988767239757459,-0.00011232760242541051,68.851722870322149,0.76000000000000001,0.34430555555555553,0.040000000000000001,1,0,0,18943.760484460967,NaN,0,1,0.040000000000000001,0.15000000000000002,0,1,0,0,0,0,0,0,0,2.1250281807206126,0.94459815992966323,0.9219189444692707,NaN,NaN,0.15000000000000002,1,0.94459815992966323,0.9219189444692707,0.96269866275486926,0.91909333238085067,0.025972222222222223,0.036805555555555557,0.03969131137076537,0.99228278426913419,2.1250281807206126,0.012521848640000478,0.012521848640000478,0.17068434543641883,0.15735713158217163,15,284,1,2,1,1,1.4764957916666666
17,137.56536280939306,160.3967730415971,0.16596772447609967,0.49989923369586831,-0.00010076630413169418,67.574484858563295,0.74388888888888893,0.34555555555555556,0.040000000000000001,1,0,0,19419.050581018098,NaN,0,1,0.040000000000000001,0.15000000000000002,0,1,0,0,0,0,0,0,0,2.0002282810254317,0.94877133718948514,0.90862517040369584,NaN,NaN,0.15000000000000002,1,0.94877133718948514,0.90862517040369584,0.9602152386831555,0.93022181612002197,0.025000000000000001,0.025833333333333333,0.039711027694524774,0.99277569236311936,2.0002282810254317,0.011786458178618283,0.011786458178618283,0.16119328373812336,0.14646427490448363,15,299,1,2,0,1,1.5847447916666666
18,139.25708935891853,155.72463184311511,0.11825281254984042,0.49990138929931616,-9.8610700683843255e-05,66.465707314461369,0.73208333333333331,0.34666666666666668,0.040000000000000001,1,0,0,19818.189887209697,NaN,0,1,0.040000000000000001,0.15000000000000002,0,1,0,0,0,0,0,0,0,1.7936696678963331,0.94813844197802655,0.89660277180219228,NaN,NaN,0.15000000000000002,1,0.94813844197802655,0.89660277180219228,0.96665602133040707,0.93398244628667004,0.012361111111111111,0.054305555555555558,0.039731346610547932,0.99328366526369827,1.7936696678963331,0.010569299878150997,0.010569299878150997,0.15104674631536452,0.1354289314180584,14,313,1,2,0,1,1.5980396666666667
19,140.71038679159489,152.16741998350815,0.081422796519507804,0.49991543401654964,-8.4565983450357596e-05,65.390609377007053,0.71916666666666662,0.34708333333333335,0.040000000000000001,1,0,0,20204.569102707592,NaN,0,1,0.040000000000000001,0.15000000000000002,0,1,0,0,0,0,0,0,0,1.7827409541578287,0.94891136160076206,0.88568864400365965,NaN,NaN,0.15000000000000002,1,0.94891136160076206,0.88568864400365965,0.96305123672411364,0.92142501626134721,0.017083333333333332,0.087222222222222229,0.039704785848181399,0.99261964620453502,1.7827409541578287,0.010504901814866473,0.010504901814866473,0.14217669083013085,0.12592428051026613,15,328,1,2,0,1,1.9321018750000001
20,142.07444401339009,149.07332457696478,0.049262065476850032,0.4999272016979317,-7.2798302068299847e-05,64.388268076407996,0.70986111111111116,0.34569444444444447,0.040000000000000001,1,0,0,20574.015965633218,NaN,0,1,0.040000000000000001,0.15000000000000002,0,1,0,0,0,0,0,0,0,1.6964348130555151,0.95617655992692263,0.87839365995115593,0.99321332796887618,0.935429095845974,0.15000000000000002,1,0.95617655992692263,0.87839365995115593,0.96395225172693133,0.91201857374804163,0.016527777777777777,0.071805555555555553,0.039696997127450312,0.99242492818625783,1.6964348130555151,0.0099963380012707305,0.0099963380012707305,0.13412127717067085,0.11781127953126898,15,343,1,2,0,1,2.11668375
21,143.33651601582403,146.52801440761448,0.02226577344351046,0.49995117361266384,-4.8826387336164956e-05,63.558981613436153,0.6958333333333333,0.34125,0.040000000000000001,1,0,0,20854.671310512447,0.92761902679130614,0,1,0.040000000000000001,0.15000000000000002,0,1,0,0,0,0,0,0,0,1.4470056586205089,0.95775322764991377,0.87686536049850383,0.99301106323744948,0.92867402015762235,0.15000000000000002,1,0.95775322764991377,0.87686536049850383,0.96094600581077616,0.91067853511685348,0.0058333333333333336,0.10097222222222223,0.039516951255319323,0.98792378138298309,1.4470056586205089,0.0085265626135489023,0.0085265626135489006,0.12504635684821319,0.10964881877673302,14,357,1,2,0,1,1.9934672083333334
22,144.34093063150135,145.21187789665194,0.0060339590533339173,0.49997151132738044,-2.8488672619564337e-05,62.922444445336509,0.69034722222222222,0.33159722222222221,0.040000000000000001,1,0,0,21083.403640643242,0.8071528839921609,0,1,0.040000000000000001,0.15000000000000002,0,1,0,0,0,0,0,0,0,1.2367187822659915,0.86319639551981031,0.88034117305966186,0.98305550223728688,0.9219189444692707,0.15000000000000002,1,0.86319639551981031,0.88034117305966186,0.86202771387570265,0.9057512598219073,0.013472222222222222,0.2326388888888889,0.039708995345655536,0.99272488364138833,1.2367187822659915,0.0072874353113420998,0.007287435311342098,0.1150112675985108,0.10124915423275167,22,379,1,2,0,1,3.8394755416666668
23,145.07652343877854,145.69883539676616,0.0042895428098001795,0.49997207800897026,-2.7921991029744575e-05,62.293682854302801,0.68201388888888892,0.32388888888888889,0.040000000000000001,1,0,0,21282.512808792078,0.69643531046301399,0,1,0.040000000000000001,0.15000000000000002,0,1,0,0,0,0,0,0,0,1.2768064971787378,0.94128470427553346,0.88679298589774713,0.96532545207780562,0.91527205743648321,0.15000000000000002,1,0.94128470427553346,0.88679298589774713,0.91630716784736788,0.91601293573409448,0.012916666666666667,0.20034722222222223,0.039668230448618148,0.99170576121545373,1.2768064971787378,0.0075236544368177333,0.0075236544368177342,0.10648589679838463,0.094430946377838859,21,400,1,2,0,1,3.4476197083333333
24,145.75152838930089,146.59433332230125,0.005782477496560052,0.49997889757259345,-2.1102427406549662e-05,61.856276173221694,0.67805555555555552,0.31868055555555558,0.040000000000000001,1,0,0,21416.73868574536,0.59308670637275707,0,1,0.040000000000000001,0.15000000000000002,0,1,0,0,0,0,0,0,0,0.89461259229777901,0.92031473079616111,0.88949445085221335,0.9569648937884182,0.90862517040369584,0.15000000000000002,1,0.92031473079616111,0.88949445085221335,0.93591386696984713,0.92185668551088917,0.0041666666666666666,0.23097222222222222,0.039688238514925429,0.99220596287313567,0.89461259229777901,0.005271555254571964,0.005271555254571964,0.097358389886278346,0.086599747547750835,15,415,1,2,0,1,2.5959522083333333
25,146.24507640250212,146.86628880675514,0.0042477491860531897,0.49997343905274666,-2.6560947253340128e-05,61.405185232423797,0.6743055555555556,0.31458333333333333,0.040000000000000001,1,0,0,21545.852853391334,0.50285015632147045,0,1,0.040000000000000001,0.15000000000000002,0,1,0,0,0,0,0,0,0,0.92757573321680309,0.96918477553425808,0.88997725629472357,0.9569648937884182,0.90261397110294406,0.15000000000000002,1,0.96918477553425808,0.88997725629472357,0.96027011280371866,0.92005629096600783,0.0050694444444444441,0.21486111111111111,0.039686936657208571,0.99217341643021428,0.92757573321680309,0.0054657924251807115,0.0054657924251807124,0.089453846554368374,0.079611888921465979,17,432,1,2,0,1,3.060300625
26,146.66643241745768,147.34573383777882,0.0046316079904884996,0.4999793614024744,-2.0638597525601821e-05,60.980966351003318,0.66895833333333332,0.31111111111111112,0.040000000000000001,1,0,0,21657.722549385708,0.42530357142765218,0,1,0.040000000000000001,0.15000000000000002,0,1,0,0,0,0,0,0,0,0.85075852941080143,0.92814278677071627,0.88995052803590535,0.9525439607638424,0.89660277180219228,0.15000000000000002,1,0.92814278677071627,0.88995052803590535,0.97110075795194206,0.91865233358419474,0.0041666666666666666,0.22097222222222221,0.039596703612542021,0.98991759031355053,0.85075852941080143,0.0050131427108222708,0.0050131427108222716,0.081945140625190149,0.072927121169364492,19,451,1,2,0,1,3.3381657916666665
27,147.08061354917635,147.72309226458634,0.0043682080180824142,0.49998039589152915,-1.9604108470849813e-05,60.542922885429476,0.66541666666666666,0.3084722222222222,0.040000000000000001,1,0,0,21773.363235143977,0.35885634570030328,0,1,0.040000000000000001,0.15000000000000002,0,1,0,0,0,0,0,0,0,0.89411473767289296,0.96198729599504329,0.88879222125176804,0.9525439607638424,0.89329001404845787,0.15000000000000002,1,0.96198729599504329,0.88879222125176804,0.96127510301230212,0.91274465657074444,0.005138888888888889,0.2038888888888889,0.03972696581467966,0.99317414536699145,0.89411473767289296,0.0052686216180611138,0.0052686216180611147,0.075427304064632994,0.067039201122637671,23,474,1,2,0,1,4.7038133333333336
28,147.46494449574928,148.14655665239593,0.0046221978991508612,0.49997983203953927,-2.0167960460726331e-05,60.160862001134007,0.66236111111111107,0.3059027777777778,0.040000000000000001,1,0,0,21870.009058748601,0.30192151732795014,0,1,0.040000000000000001,0.15000000000000002,0,1,0,0,0,0,0,0,0,0.77889357370546519,0.96893573555941925,0.89022573701309538,0.9525439607638424,0.89022573701309538,0.15000000000000002,1,0.96893573555941925,0.89022573701309538,0.96815970834368137,0.91498133154004679,0.0027083333333333334,0.19097222222222221,0.039748199284920308,0.99370498212300762,0.77889357370546519,0.0045896743982479869,0.0045896743982479869,0.069447678584729999,0.061824110851939826,19,493,1,2,0,1,3.6817048333333333
29,147.76830246404938,148.45989852635421,0.0046802734468245222,0.49997983768462584,-2.0162315374161466e-05,59.711931453364841,0.65708333333333335,0.30138888888888887,0.040000000000000001,1,0,0,21965.726009900503,0.25356798969205591,0,1,0.040000000000000001,0.15000000000000002,0,1,0,0,0,0,0,0,0,0.87794765435167599,0.9110314122919364,0.89073526386473734,0.94884134939512355,0.89048050043891636,0.15000000000000002,1,0.9110314122919364,0.89073526386473734,0.92062934586737966,0.91576048277377808,0.0029861111111111113,0.28416666666666668,0.039807148258170111,0.99517870645425277,0.87794765435167599,0.0051733561659907763,0.0051733561659907763,0.064116132935854289,0.05711050058860475,24,517,1,2,0,1,4.5527371666666667
30,148.14709828391656,148.95036068447169,0.005422059627625743,0.49997712646969816,-2.2873530301836809e-05,59.332522624996976,0.65027777777777773,0.2976388888888889,0.040000000000000001,1,0,0,22057.248979019336,0.21214430066997722,0,1,0.040000000000000001,0.15000000000000002,0,1,0,0,0,0,0,0,0,0.73854695146704707,0.95884308876008773,0.8966193874108761,0.94884134939512355,0.89048050043891636,0.15000000000000002,1,0.95884308876008773,0.8966193874108761,0.96192951214694977,0.92656626814740317,0.0024305555555555556,0.18743055555555554,0.039817277318354792,0.99543193295886978,0.73854695146704707,0.0043519296467250078,0.0043519296467250069,0.058471724581308566,0.05242688187495035,20,537,1,2,0,1,4.2068631249999999
31,148.43578461519908,149.19737799683878,0.0051307936533904744,0.49997618312874609,-2.3816871253912186e-05,58.898671503986968,0.64375000000000004,0.29388888888888887,0.040000000000000001,1,0,0,22149.380929701954,0.17641218463149469,0,1,0.040000000000000001,0.15000000000000002,0,1,0,0,0,0,0,0,0,0.84638876131304974,0.9409835327428584,0.9024439221758489,0.9484548895837559,0.89048050043891636,0.15000000000000002,1,0.9409835327428584,0.9024439221758489,0.95756145221777256,0.93567376870656871,0.0020138888888888888,0.26263888888888887,0.039765685218077829,0.99414213045194566,0.84638876131304974,0.0049873936053711635,0.0049873936053711626,0.054932555573130822,0.049573550906558968,23,560,1,2,0,1,4.3703929166666668
32,148.73942052854861,149.7364946617046,0.0067034961519472592,0.49998637329760148,-1.3626702398517043e-05,58.546970367478309,0.63951388888888894,0.29354166666666665,0.040000000000000001,1,0,0,22213.62097864912,0.1465238122647749,0,1,0.040000000000000001,0.15000000000000002,0,1,0,0,0,0,0,0,0,0.6576111877309686,0.91977621978323887,0.90011917581762024,0.94636830095384483,0.89048050043891636,0.15000000000000002,1,0.91977621978323887,0.90011917581762024,0.93282539342142934,0.93790577165896394,0.0004861111111111111,0.22312499999999999,0.039760945424869257,0.99402363562173135,0.6576111877309686,0.0038750110852392304,0.0038750110852392317,0.051520131347027952,0.046374258166102342,20,580,1,2,0,1,4.093004791666667
33,148.98847622412669,149.70930827616286,0.0048381731950315988,0.49998780626799688,-1.2193732003118463e-05,58.247459386154055,0.63618055555555553,0.29236111111111113,0.040000000000000001,1,0,0,22258.354243668029,0.12222221479794072,0,1,0.040000000000000001,0.15000000000000002,0,1,0,0,0,0,0,0,0,0.54688446465078866,0.95321610089949371,0.90265458536321308,0.94636830095384483,0.89048050043891636,0.15000000000000002,1,0.95321610089949371,0.90265458536321308,0.96324208553345247,0.94193442966439911,0.00013888888888888889,0.25604166666666667,0.03687354607118927,0.92183865177973168,0.54688446465078866,0.0032225476123345616,0.0032225476123345616,0.04721902452254479,0.042622469001653056,17,597,1,2,0,1,3.5831400416666668
34,149.17974742798125,149.68043728040621,0.003356285695996841,0.49997991660870655,-2.0083391293446162e-05,57.890492417277386,0.63180555555555551,0.2911111111111111,0.040000000000000001,1,0,0,22334.573430233871,0.10335343835050233,0,1,0.040000000000000001,0.15000000000000002,0,1,0,0,0,0,0,0,0,0.69955596492461236,0.90554166781193124,0.90216400103403416,0.94636830095384483,0.89048050043891636,0.15000000000000002,1,0.90554166781193124,0.90216400103403416,0.90796001375221191,0.94528991515657035,0.00055555555555555556,0.22652777777777777,0.039795760533527645,0.99489401333819116,0.69955596492461236,0.0041221730551474333,0.0041221730551474342,0.046069642323120261,0.041562372844433051,20,617,1,2,0,1,3.938053
35,149.40162529341643,150.25934003043321,0.0057410000415475679,0.49999020659333271,-9.7934066672911158e-06,57.586795752693895,0.62868055555555558,0.29118055555555555,0.040000000000000001,1,0,0,22382.781615817479,0.088185025944778672,0,1,0.040000000000000001,0.15000000000000002,0,1,0,0,0,0,0,0,0,0.56053733328760846,0.91055631912991541,0.90430692814186875,0.94636830095384483,0.89048050043891636,0.15000000000000002,1,0.91055631912991541,0.90430692814186875,0.91752026593858615,0.94321628298614901,0.00020833333333333335,0.33284722222222224,0.039247381873481792,0.98118454683704481,0.56053733328760846,0.0033029979122990985,0.0033029979122990976,0.043906847810238653,0.03970526666766945,16,633,1,2,0,1,3.5535108750000002
36,149.58649847744169,150.09542843466608,0.0034022452721635876,0.49998507470399955,-1.4925296000445343e-05,57.225138517999078,0.62493055555555554,0.28937499999999999,0.040000000000000001,1,0,0,22450.607750183004,0.075654706545153633,0,1,0.040000000000000001,0.15000000000000002,0,1,0,0,0,0,0,0,0,0.66963088034874352,0.88734211553912778,0.90730550631022988,0.94471157312678,0.89048050043891636,0.15000000000000002,1,0.88734211553912778,0.90730550631022988,0.89289992948020969,0.94566590478632673,0.00027777777777777778,0.35256944444444444,0.039123734707790514,0.97809336769476285,0.66963088034874352,0.0039458378032209513,0.0039458378032209513,0.042839542902637327,0.038868553163376174,24,657,1,2,0,1,4.7790833749999999
37,149.81243068762771,150.51822150210893,0.0047111632275218581,0.49995672791311824,-4.327208688176265e-05,56.898046123968292,0.62062499999999998,0.28833333333333333,0.040000000000000001,1,0,0,22497.208216474606,0.065424578829416699,0,1,0.040000000000000001,0.15000000000000002,0,1,0,0,0,0,0,0,0,0.64915857676995314,0.93508163045008597,0.91094938426188155,0.94113411850919593,0.89048050043891636,0.15000000000000002,1,0.93508163045008597,0.91094938426188155,0.9384601432543076,0.94230109268448281,0.00041666666666666669,0.32173611111111111,0.039518637883722542,0.98796594709306351,0.64915857676995314,0.0038252035974953489,0.0038252035974953489,0.041396124882071554,0.037709774472151035,22,679,1,2,0,1,4.6604058750000004
38,149.99930531320692,150.94337083236493,0.0062937992758483434,0.49997959419455346,-2.0405805446543912e-05,56.615726031754612,0.61680555555555561,0.28791666666666665,0.040000000000000001,1,0,0,22551.437988916055,0.056935502393223432,0,1,0.040000000000000001,0.15000000000000002,0,1,0,0,0,0,0,0,0,0.51282920146448197,0.93954822170344665,0.91735158545160989,0.94026587722315247,0.89048050043891636,0.15000000000000002,1,0.93954822170344665,0.91735158545160989,0.94773744418378403,0.94602756626500761,0,0.18854166666666666,0.024360371972593449,0.60900929931483616,0.51282920146448197,0.0030218750495501446,0.0030218750495501446,0.039828325533373711,0.036536577573923208,20,699,1,2,0,1,4.2828012500000003
39,150.16872434590931,150.96271062722857,0.0052872945733383131,0.49997458815069901,-2.5411849300993605e-05,56.336627210278856,0.61187499999999995,0.28756944444444443,0.040000000000000001,1,0,0,22589.581609855577,0.049929040677531622,0,1,0.040000000000000001,0.15000000000000002,0,1,0,0,0,0,0,0,0,0.5238757498955543,0.96338440281464277,0.91826856340593344,0.94026587722315247,0.89367732563780677,0.15000000000000002,1,0.96338440281464277,0.91826856340593344,0.96338440281464277,0.94434263776452287,0,0.294375,0.029389441020716552,0.73473602551791384,0.5238757498955543,0.0030869674604194516,0.0030869674604194516,0.037741936827802386,0.034657234111023588,21,720,1,2,0,1,4.4744462916666663
40,150.32712681067554,151.06569647466833,0.0049130830852834586,0.49995432774727172,-4.567225272827935e-05,56.026729043247371,0.60854166666666665,0.28611111111111109,0.040000000000000001,1,0,0,22665.461079484503,0.044204289762561161,0,1,0.040000000000000001,0.15000000000000002,0,1,0,0,0,0,0,0,0,0.61783883407712581,0.92733513584028748,0.92170726146301518,0.93731492607676636,0.89836928161424812,0.15000000000000002,1,0.92733513584028748,0.92170726146301518,0.92733513584028748,0.9384075882602857,0,0.24993055555555554,0.033333315407656147,0.83333288519140369,0.61783883407712581,0.003640650243802715,0.0036406502438027137,0.037030657424880105,0.034131425845261312,24,744,1,2,0,1,5.3687148750000002
41,150.47562464822553,151.72522295490353,0.0083043237707053526,0.49998212368514905,-1.787631485095087e-05,55.782640299661125,0.60652777777777778,0.28611111111111109,0.040000000000000001,1,0,0,22689.860191641754,0.039839767554507161,0,1,0.040000000000000001,0.15000000000000002,0,1,0,0,0,0,0,0,0,0.47023295807211568,0.8872387272056097,0.92322137387346359,0.93161220861040106,0.90114158842582714,0.15000000000000002,1,0.8872387272056097,0.92322137387346359,0.8872387272056097,0.9337813948979391,0,0.42270833333333335,0.030455599311410442,0.76138998278526104,0.47023295807211568,0.0027708742782516873,0.0027708742782516877,0.03481413809776062,0.032141156404835051,18,762,1,2,0,1,3.8066448749999999
42,150.62781088628429,151.5342214185728,0.0060175509884611827,0.49998706349729605,-1.2936502703952968e-05,55.476961767779763,0.60409722222222217,0.28555555555555556,0.040000000000000001,1,0,0,22742.157199014466,0.036122959403081599,0,1,0.040000000000000001,0.15000000000000002,0,1,0,0,0,0,0,0,0,0.58201101661289867,0.95255238853621305,0.92337840304630736,0.93731492607676636,0.90230396160494153,0.15000000000000002,1,0.95255238853621305,0.92337840304630736,0.95255238853621305,0.93210112099873377,0,0.33305555555555555,0.029898764355592952,0.74746910888982376,0.58201101661289867,0.0034295328047688083,0.0034295328047688088,0.034368659817290197,0.031735278216931215,27,789,1,2,0,1,6.5438800833333337
43,150.79467767464459,151.55361604411655,0.0050329254399114299,0.49998423351130494,-1.5766488695057035e-05,55.272226405064707,0.6010416666666667,0.2852777777777778,0.040000000000000001,1,0,0,22758.442818251904,0.033174758159052624,0,1,0.040000000000000001,0.15000000000000002,0,1,0,0,0,0,0,0,0,0.41688214828360298,0.94806008898885752,0.92256619958883423,0.93731492607676636,0.90254925376953099,0.15000000000000002,1,0.94806008898885752,0.92256619958883423,0.94806008898885752,0.93051622427570702,0,0.38874999999999998,0.024056276049662772,0.60140690124156926,0.41688214828360298,0.0024565016167245957,0.0024565016167245961,0.033602613821680234,0.031000635729718767,19,808,1,2,0,1,4.1774589999999998
44,150.87074360753169,151.49148674702457,0.0041144036587215764,0.49999442484846168,-5.5751515383173356e-06,55.039591883927244,0.59930555555555554,0.28416666666666668,0.040000000000000001,1,0,0,22817.818376862208,0.030853572440756889,0,1,0.040000000000000001,0.15000000000000002,0,1,0,0,0,0,0,0,0,0.47250670205866963,0.85565091045478658,0.92505762649592804,0.93731492607676636,0.90348075675254091,0.15000000000000002,1,0.85565091045478658,0.92505762649592804,0.85565091045478658,0.93059779171395907,0,0.3979861111111111,0.014942957992838384,0.37357394982095959,0.47250670205866963,0.0027842724431814741,0.002784272443181475,0.032264713209714274,0.029846719021350103,21,829,1,2,0,1,5.0073414166666668
45,151.00721652574612,151.6996784269046,0.0045856212510242446,0.49998500523246531,-1.4994767534692865e-05,54.73221720831063,0.59604166666666669,0.28256944444444443,0.040000000000000001,1,0,0,22852.641723281904,0.028747776994669544,0,1,0.040000000000000001,0.15000000000000002,0,1,0,0,0,0,0,0,0,0.64383435088814112,0.9059004546767867,0.92793175970024644,0.93161220861040106,0.90580621722604926,0.15000000000000002,1,0.9059004546767867,0.92793175970024644,0.9059004546767867,0.93170665147763843,0,0.20472222222222222,0.032591163086043706,0.81477907715109266,0.64383435088814112,0.0037938302956153636,0.0037938302956153644,0.032755545593030545,0.030394911062082485,30,859,1,2,0,1,7.2213881666666664
46,151.15598317865198,152.07529382418653,0.0060818673942136569,0.49997805779331267,-2.1942206687330934e-05,54.450712777223131,0.59340277777777772,0.28208333333333335,0.040000000000000001,1,0,0,22901.008645430305,0.026975260149924917,0,1,0.040000000000000001,0.15000000000000002,0,1,0,0,0,0,0,0,0,0.58223531263556016,0.93334357527485812,0.93152696569564375,0.93421260286247199,0.90912744528605571,0.15000000000000002,1,0.93334357527485812,0.93152696569564375,0.93334357527485812,0.93368651472143571,0,0.38513888888888886,0.023058234129591782,0.57645585323979454,0.58223531263556016,0.0034308544817572843,0.0034308544817572848,0.032240562271566874,0.03003295314515414,28,887,1,2,0,1,6.8461347083333335
47,151.31215347033276,152.18254564988368,0.0057522952359644634,0.4999771849169633,-2.2815083036697992e-05,54.272024575502122,0.59187500000000004,0.28173611111111113,0.040000000000000001,1,0,0,22911.490657481623,0.025332165636683186,0,1,0.040000000000000001,0.15000000000000002,0,1,0,0,0,0,0,0,0,0.37977121880237752,0.9711220260380633,0.93676559119865488,0.93421260286247199,0.91415048485674566,0.15000000000000002,1,0.9711220260380633,0.93676559119865488,0.9711220260380633,0.93676559119865477,0,0.19166666666666668,0.016966370375601395,0.42415925939003485,0.37977121880237752,0.00223782336762201,0.00223782336762201,0.030653182041693535,0.028714846197407034,18,905,1,2,0,1,4.0365527916666668
48,151.39076148615766,152.20668516790928,0.0053895209571703682,0.49998861982459092,-1.1380175409081428e-05,54.061014198211446,0.58937499999999998,0.28173611111111113,0.040000000000000001,1,0,0,22962.073824833358,0.023856336027118261,0,1,0.040000000000000001,0.15000000000000002,0,1,0,0,0,0,0,0,0,0.44071476012185329,0.92770087471231732,0.93754869963599763,0.93052222499358772,0.91781007442877161,0.15000000000000002,1,0.92770087471231732,0.93754869963599763,0.92770087471231732,0.93754869963599741,0,0.31958333333333333,0.0150531209743288,0.37632802435821999,0.44071476012185329,0.002596936628759709,0.0025969366287597086,0.030228243620903098,0.02834045049905784,22,927,1,2,0,1,5.0979305416666669
49,151.50845356987458,152.35456502404546,0.0055845824720312433,0.49999084105358887,-9.1589464111252461e-06,53.858647479477263,0.58777777777777773,0.28180555555555553,0.040000000000000001,1,0,0,22982.573165296457,0.022568315382481146,0,1,0.040000000000000001,0.15000000000000002,0,1,0,0,0,0,0,0,0,0.41283869588371391,0.95203770829757273,0.93890615965214785,0.93421260286247199,0.91998791243447431,0.15000000000000002,1,0.95203770829757273,0.93890615965214785,0.95203770829757273,0.93890615965214774,0,0.20729166666666668,0.020665989099787417,0.51664972749468541,0.41283869588371391,0.0024326753449632078,0.0024326753449632069,0.029573951505446856,0.027767165233717965,21,948,1,2,0,1,5.0669154166666663
50,151.61497139190161,152.22019482110227,0.0039918447607410271,0.4999914890434522,-8.5109565478025395e-06,53.638379685071982,0.58583333333333332,0.28090277777777778,0.040000000000000001,1,0,0,23023.023473548707,0.021472297133753024,0,1,0.040000000000000001,0.15000000000000002,0,1,0,0,0,0,0,0,0,0.50929957066101195,0.89322554562751189,0.94105585454318397,0.93052222499358772,0.92213673052592471,0.15000000000000002,1,0.89322554562751189,0.94105585454318397,0.89322554562751189,0.94105585454318375,0,0.39777777777777779,0.02100583791528951,0.52514594788223778,0.50929957066101195,0.0030010765005816565,0.0030010765005816556,0.028934377762225794,0.027228865590706693,25,973,1,2,0,1,6.2295988749999998
51,151.70483931148092,152.66862513106457,0.0063530327968299031,0.49998916813457067,-1.0831865429328236e-05,53.424767333747212,0.58381944444444445,0.28118055555555554,0.040000000000000001,1,0,0,23048.387463003288,0.020295511566542076,0,1,0.040000000000000001,0.15000000000000002,0,1,0,0,0,0,0,0,0,0.46163628410296831,0.88659065250998292,0.94388829837419908,0.92751800527630235,0.92289378673114886,0.15000000000000002,1,0.88659065250998292,0.94388829837419908,0.88659065250998292,0.94388829837419874,0,0.26611111111111113,0.017704520667995924,0.44261301669989811,0.46163628410296831,0.0027202178910914043,0.0027202178910914025,0.028883721375065508,0.027263006619425063,23,996,1,2,0,1,5.5235527916666669
52,151.82123535639153,152.71293915230319,0.0058733799248731188,0.49998808167987874,-1.1918320121262482e-05,53.238798017092989,0.58187500000000003,0.28152777777777777,0.040000000000000001,1,0,0,23072.451019646804,0.019436684611679658,0,1,0.040000000000000001,0.15000000000000002,0,1,0,0,0,0,0,0,0,0.41318241053232424,0.90006039762819301,0.94468177568967826,0.92751800527630235,0.92329988845988553,0.15000000000000002,1,0.90006039762819301,0.94468177568967826,0.90006039762819301,0.94468177568967804,0,0.26666666666666666,0.018357620663036662,0.45894051657591656,0.41318241053232424,0.0024347007029534204,0.00243470070295342,0.02788888927325012,0.026346125440666744,21,1017,1,2,0,1,4.8079587500000001
53,151.90789993931637,152.77412986020676,0.0057023362263346989,0.49999046158254806,-9.5384174519375087e-06,53.03448554785539,0.57972222222222225,0.28180555555555553,0.040000000000000001,1,0,0,23105.956676521691,0.018510616403219653,0,1,0.040000000000000001,0.15000000000000002,0,1,0,0,0,0,0,0,0,0.44488069099283384,0.90037992097096331,0.94726604545069248,0.91894572748510139,0.92421801477111765,0.15000000000000002,1,0.90037992097096331,0.94726604545069248,0.90037992097096331,0.94726604545069237,0,0.46326388888888886,0.015666612431333039,0.39166531078332595,0.44488069099283384,0.0026214846118332484,0.0026214846118332484,0.028053872268358773,0.026574480643227063,23,1040,1,2,0,1,5.4801046666666666
54,152.0056621260417,152.88450806212256,0.0057816657865819073,0.49998769192603537,-1.230807396462863e-05,52.837510198004203,0.57798611111111109,0.28159722222222222,0.040000000000000001,1,0,0,23130.740163620601,0.017793474909136481,0,1,0.040000000000000001,0.15000000000000002,0,1,0,0,0,0,0,0,0,0.44272966543312009,0.90577296248529615,0.94820816949545494,0.91894572748510139,0.9264946930980873,0.15000000000000002,1,0.90577296248529615,0.94820816949545494,0.90577296248529615,0.94820816949545472,0,0.39958333333333335,0.018472328486309905,0.46180821215774764,0.44272966543312009,0.0026088095721684217,0.0026088095721684221,0.027878409397345719,0.026434535543102072,23,1063,1,2,0,1,5.3821192499999997
55,152.10939395948978,152.95468208780488,0.0055571066737681168,0.49998623421702715,-1.3765782972852136e-05,52.644590062937461,0.57652777777777775,0.28187499999999999,0.040000000000000001,1,0,0,23164.788061042655,0.01700229454090885,0,1,0.040000000000000001,0.15000000000000002,0,1,0,0,0,0,0,0,0,0.43721513541730406,0.91814252741587432,0.9523565541758614,0.9227388316280809,0.92972936269794504,0.15000000000000002,1,0.91814252741587432,0.9523565541758614,0.91814252741587432,0.95235655417586118,0,0.40965277777777775,0.015630274521067515,0.39075686302668788,0.43721513541730406,0.0025763148924247531,0.0025763148924247531,0.026660893994155107,0.025390677135521476,23,1086,1,2,0,1,5.4456531249999998
56,152.19972563165686,153.16545200158626,0.0063451255639355268,0.49997739916196471,-2.2600838035291559e-05,52.376395077479806,0.57361111111111107,0.28159722222222222,0.040000000000000001,1,0,0,23211.102306401408,0.016271088261511232,0,1,0.040000000000000001,0.15000000000000002,0,1,0,0,0,0,0,0,0,0.5927985653107315,0.93787636726107637,0.95224855963460076,0.92751800527630235,0.93414627844714926,0.15000000000000002,1,0.93787636726107637,0.95224855963460076,0.93787636726107637,0.95224855963460053,0,0.22722222222222221,0.025977588092466131,0.64943970231165327,0.5927985653107315,0.0034930990450739558,0.0034930990450739554,0.026723138557471778,0.025447070200268363,33,1119,1,2,0,1,8.1118539999999992
57,152.33315861221564,153.31031144584929,0.0064145773811539334,0.4999757674676738,-2.4232532326196043e-05,52.126225644614813,0.57104166666666667,0.28208333333333335,0.040000000000000001,1,0,0,23250.45991019957,0.015620898468823818,0,1,0.040000000000000001,0.15000000000000002,0,1,0,0,0,0,0,0,0,0.56906745722021768,0.96400214664598727,0.95218765947047956,0.92751800527630235,0.9371571454173262,0.15000000000000002,1,0.96400214664598727,0.95218765947047956,0.96400214664598727,0.95218765947047934,0,0.16965277777777779,0.028574468296426781,0.71436170741066951,0.56906745722021768,0.0033532621496083453,0.0033532621496083462,0.027838577339458114,0.026507549799846552,32,1151,1,2,0,1,7.8757128333333331
58,152.44645214008273,153.59113214581899,0.0075087349667174817,0.49997515483147709,-2.4845168522913408e-05,51.887072330365058,0.56881944444444443,0.28236111111111112,0.040000000000000001,1,0,0,23283.102125216388,0.015261373727810846,0,1,0.040000000000000001,0.15000000000000002,0,1,0,0,0,0,0,0,0,0.56150655988670606,0.96358159497271667,0.95214390277923944,0.92751800527630235,0.93822742964407269,0.15000000000000002,1,0.96358159497271667,0.95214390277923944,0.96358159497271667,0.9521439027792391,0,0.35479166666666667,0.025516556326927699,0.63791390817319249,0.56150655988670606,0.0033087091348051674,0.0033087091348051679,0.028550349845503576,0.02718404152761043,32,1183,1,2,0,1,8.3896568333333335
59,152.55874643919057,153.57643212835151,0.0066707790468545055,0.49998186584762372,-1.8134152376281243e-05,51.716842012699246,0.56708333333333338,0.28284722222222225,0.040000000000000001,1,0,0,23303.105375368141,0.01484066998064369,0,1,0.040000000000000001,0.15000000000000002,0,1,0,0,0,0,0,0,0,0.41252300675103853,0.94782812677379458,0.95295209147057813,0.92751800527630235,0.93998100709766597,0.15000000000000002,1,0.94782812677379458,0.95295209147057813,0.94782812677379458,0.95295209147057813,0,0.21083333333333334,0.0164014637443365,0.41003659360841249,0.41252300675103853,0.0024308151289093604,0.0024308151289093613,0.028548489629449732,0.027205342900710233,23,1206,1,2,0,1,5.3532886250000002
60,152.64063918059264,153.64672804709909,0.0065912254554707315,0.49999191196534981,-8.0880346501888134e-06,51.551306193259272,0.56513888888888886,0.28340277777777778,0.040000000000000001,1,0,0,23323.969602797428,0.0144977122379464,0,1,0.040000000000000001,0.15000000000000002,0,1,0,0,0,0,0,0,0,0.37660610885076107,0.89240639223285478,0.95547373672663372,0.92292170106409577,0.94247207645869158,0.15000000000000002,1,0.89240639223285478,0.95547373672663372,0.89240639223285478,0.95547373672663383,0,0.43229166666666669,0.014153218825349458,0.3538304706337364,0.37660610885076107,0.0022191727783721017,0.0022191727783721017,0.027766585907240179,0.026530243592931862,21,1227,1,2,0,1,4.8590985
61,152.71419982853183,153.75770306734904,0.0068330465666510314,0.49997521533073785,-2.478466926214562e-05,51.299035070697528,0.56243055555555554,0.28430555555555553,0.040000000000000001,1,0,0,23362.433928113605,0.014227419170802162,0,1,0.040000000000000001,0.15000000000000002,0,1,0,0,0,0,0,0,0,0.57649986545865228,0.92547558285241538,0.95624928122222508,0.92658822878236635,0.94428503703193867,0.15000000000000002,1,0.92547558285241538,0.95624928122222508,0.92547558285241538,0.95624928122222497,0,0.22840277777777779,0.021456754139608791,0.53641885349021978,0.57649986545865228,0.0033970580351578776,0.0033970580351578789,0.028443426051306654,0.0271990057170595,33,1260,1,2,0,1,8.4437930833333326
62,152.83777941870173,153.8193001915933,0.0064219774497160011,0.49998353928959621,-1.6460710403787271e-05,51.064952611943013,0.55937499999999996,0.28493055555555558,0.040000000000000001,1,0,0,23390.089129777643,0.014010904730300177,0,1,0.040000000000000001,0.15000000000000002,0,1,0,0,0,0,0,0,0,0.58417376569203361,0.95266616130237824,0.95632694011844244,0.92658822878236635,0.94597391057018543,0.15000000000000002,1,0.95266616130237824,0.95632694011844244,0.95266616130237824,0.95632694011844233,0,0.36826388888888889,0.022821982763307273,0.57054956908268184,0.58417376569203361,0.003442276925934319,0.0034422769259343203,0.029451002274287551,0.028164786888390702,34,1294,1,2,0,1,8.3193090416666671
63,152.94102401176235,154.2975191510148,0.0088694001365396888,0.49999105112792852,-8.948872071479208e-06,50.910547811938876,0.55722222222222217,0.28499999999999998,0.040000000000000001,1,0,0,23411.115748111843,0.013935539830591516,0,1,0.040000000000000001,0.15000000000000002,0,1,0,0,0,0,0,0,0,0.36092741165829295,0.8956194575114127,0.95599177899972454,0.92180905513414491,0.94773710747307371,0.15000000000000002,1,0.8956194575114127,0.95599177899972454,0.8956194575114127,0.95599177899972476,0,0.45013888888888887,0.015460717048363028,0.38651792620907566,0.36092741165829295,0.0021267851691640625,0.0021267851691640625,0.028956302831618368,0.027681987457253605,18,1312,1,2,0,1,4.6687924166666663
64,153.02080069626615,154.09672917954657,0.0070312563938026429,0.49998179302694917,-1.8206973050827191e-05,50.682967046962901,0.55458333333333332,0.28618055555555555,0.040000000000000001,1,0,0,23450.618487691416,0.013730044754669619,0,1,0.040000000000000001,0.15000000000000002,0,1,0,0,0,0,0,0,0,0.510371850568203,0.92580394789278819,0.95643625237637342,0.92563976537260184,0.95017603613734725,0.15000000000000002,1,0.92580394789278819,0.95643625237637342,0.92580394789278819,0.95643625237637364,0,0.24326388888888889,0.020772915592392742,0.51932288980981856,0.510371850568203,0.003007394970529197,0.003007394970529197,0.029354888229979142,0.028076079287608566,29,1341,1,2,0,1,6.6425665833333332
65,153.12253824772966,154.32917261256912,0.0078801878459414179,0.49995079474393234,-4.9205256067663683e-05,50.480838107417924,0.55194444444444446,0.28569444444444442,0.040000000000000001,1,0,0,23453.826421698017,0.013741610923477992,0,1,0.040000000000000001,0.15000000000000002,0,1,0,0,0,0,0,0,0,0.46783517839736471,0.94027796542314035,0.95565943658603381,0.9267524113025527,0.9521657811248595,0.15000000000000002,1,0.94027796542314035,0.95565943658603381,0.94027796542314035,0.95565943658603403,0,0.38319444444444445,0.029020975883848794,0.72552439709621985,0.46783517839736471,0.0027567452260199563,0.0027567452260199563,0.029535318563574352,0.028225705897854489,25,1366,1,2,0,1,6.1092787499999996
66,153.21386601804537,154.18620294279151,0.0063462723708807402,0.49996197764247619,-3.8022357523814776e-05,50.331569090302409,0.5486805555555555,0.28486111111111112,0.040000000000000001,1,0,0,23496.607294068588,0.013622648378803033,0,1,0.040000000000000001,0.15000000000000002,0,1,0,0,0,0,0,0,0,0.3805259701116479,0.90729390199298632,0.95694196083683258,0.92563976537260184,0.95221810955254016,0.15000000000000002,1,0.90729390199298632,0.95694196083683258,0.90729390199298632,0.95694196083683269,0,0.24520833333333333,0.023524500100332083,0.58811250250830205,0.3805259701116479,0.0022422707823627976,0.0022422707823627976,0.028284490300863191,0.027066615609778393,21,1387,1,2,0,1,4.7612878333333333
67,153.28896740602818,154.46190200799288,0.0076517874822514586,0.49998940082454935,-1.059917545065403e-05,50.12976438974659,0.54520833333333329,0.28499999999999998,0.040000000000000001,1,0,0,23544.476029004807,0.01349770736578112,0,1,0.040000000000000001,0.15000000000000002,0,1,0,0,0,0,0,0,0,0.50875595322116474,0.93997669086290581,0.95644938983382821,0.92563976537260184,0.95230255690523102,0.15000000000000002,1,0.93997669086290581,0.95644938983382821,0.93997669086290581,0.9564493898338281,0,0.3815277777777778,0.031137870250421452,0.77844675626053628,0.50875595322116474,0.0029978732040975959,0.0029978732040975959,0.027929101355352436,0.026712771949933982,28,1415,1,2,0,1,6.9688677083333337
68,153.37889417058071,155.06653017615972,0.011003052373699475,0.49999080832604453,-9.191673955466495e-06,49.978488043242379,0.54104166666666664,0.28493055555555558,0.040000000000000001,1,0,0,23552.812888327109,0.013283253553319637,0,1,0.040000000000000001,0.15000000000000002,0,1,0,0,0,0,0,0,0,0.36299898377382456,0.9033546036151725,0.95707939496795635,0.92180905513414491,0.95265432282321982,0.15000000000000002,1,0.9033546036151725,0.95707939496795635,0.9033546036151725,0.95707939496795646,0,0.40638888888888891,0.035827373916509607,0.89568434791274021,0.36299898377382456,0.0021389920249191407,0.0021389920249191394,0.026759384245466408,0.025610855283366055,18,1433,1,2,0,1,4.2626357500000003
69,153.46397731876124,155.04866355577008,0.010326112125435629,0.49999343626889348,-6.5637311065236403e-06,49.77650888877789,0.53819444444444442,0.28409722222222222,0.040000000000000001,1,0,0,23582.970336110022,0.013042923132241651,0,1,0.040000000000000001,0.15000000000000002,0,1,0,0,0,0,0,0,0,0.46292739064573296,0.94340158799062712,0.95355766250921481,0.92180905513414491,0.95325487698989653,0.15000000000000002,1,0.94340158799062712,0.95355766250921481,0.94273620673140412,0.9538369951582214,6.9444444444444444e-05,0.39041666666666669,0.039624060140769211,0.99060150351923026,0.46292739064573296,0.0027278258093549309,0.0027278258093549313,0.027056394925911977,0.025799832701478804,21,1454,1,2,0,1,5.537587666666667
70,153.58209850472363,154.85053768524207,0.0082590301400226624,0.4999624824287528,-3.7517571247203119e-05,49.528380327164058,0.53395833333333331,0.2820138888888889,0.040000000000000001,1,0,0,23637.819327665995,0.012849273480773058,0,1,0.040000000000000001,0.15000000000000002,0,1,0,0,0,0,0,0,0,0.59092749687277923,0.96687502998794084,0.95322813411629459,0.92563976537260184,0.95339289831275464,0.15000000000000002,1,0.96687502998794084,0.95322813411629459,0.96837976295610784,0.95544590946833463,0.00083333333333333339,0.32611111111111113,0.039673725572598205,0.99184313931495516,0.59092749687277923,0.0034820736685694546,0.003482073668569455,0.028319295816109331,0.026994749510277284,30,1484,1,2,0,1,7.8098438333333338
71,153.72369957784514,154.89385035456615,0.0076120388719141891,0.49997579377272378,-2.4206227276224457e-05,49.335074330191645,0.53062500000000001,0.27944444444444444,0.040000000000000001,1,0,0,23661.651562109077,0.012888242380609486,0,1,0.040000000000000001,0.15000000000000002,0,1,0,0,0,0,0,0,0,0.45632851239829991,0.96031232145844991,0.95257708819211762,0.93184015757693228,0.95339289831275464,0.15000000000000002,1,0.96031232145844991,0.95257708819211762,0.97448620310970435,0.9562494556409934,0.00027777777777777778,0.24097222222222223,0.03970410931993635,0.99260273299840873,0.45632851239829991,0.0026889415463800617,0.0026889415463800617,0.027611179327331516,0.026301776805179849,23,1507,1,2,0,1,5.7180278333333332
72,153.83314244332624,154.99500038367452,0.0075527153765081855,0.49994683641396359,-5.3163586036408805e-05,49.125141094718487,0.52743055555555551,0.27805555555555556,0.040000000000000001,1,0,0,23700.642943181694,0.012806951773905277,0,1,0.040000000000000001,0.15000000000000002,0,1,0,0,0,0,0,0,0,0.53680996542160886,0.92166557985755349,0.9504766736889172,0.93184015757693228,0.95339289831275464,0.15000000000000002,1,0.92166557985755349,0.9504766736889172,0.92590778476057212,0.95578301105201002,0.00069444444444444447,0.4070138888888889,0.039313063004018101,0.98282657510045246,0.53680996542160886,0.0031631830563177976,0.0031631830563177967,0.027332085457714993,0.025978509670830173,26,1533,1,2,0,1,6.1475520833333333
73,153.93662529852637,155.44808137609752,0.0098186904814888329,0.49995453489920416,-4.5465100795838431e-05,48.907368786270219,0.52423611111111112,0.27666666666666667,0.040000000000000001,1,0,0,23746.091247736626,0.012758990320968016,0,1,0.040000000000000001,0.15000000000000002,0,1,0,0,0,0,0,0,0,0.54049628713618014,0.93973950297934306,0.94865267588339863,0.93880793512020966,0.95339289831275464,0.15000000000000002,1,0.93973950297934306,0.94865267588339863,0.94856792016907698,0.95717959158224319,0.00041666666666666669,0.35965277777777777,0.039210715896816378,0.98026789742040943,0.54049628713618014,0.0031849049153345357,0.0031849049153345362,0.028390205203885469,0.026932444135544738,29,1562,1,2,0,1,7.2857229583333334
74,154.05184664094631,155.66384000210033,0.010463966491171938,0.499972989549887,-2.7010450112996409e-05,48.688838271942551,0.52201388888888889,0.27527777777777779,0.040000000000000001,1,0,0,23779.373221852948,0.012870328230527132,0,1,0.040000000000000001,0.15000000000000002,0,1,0,0,0,0,0,0,0,0.50060595541960606,0.93730230921817426,0.94391766851253178,0.93880793512020966,0.95339289831275464,0.15000000000000002,1,0.93730230921817426,0.94391766851253178,0.9482850457425922,0.95527486534233541,0.00020833333333333335,0.40375,0.039144606882404773,0.97861517206011928,0.50060595541960606,0.0029498488814964493,0.0029498488814964493,0.028332659114852721,0.026743697534452111,25,1587,1,2,0,1,6.7697882500000004
75,154.1621398499374,155.62177520422287,0.0094681830163118354,0.49995137411495338,-4.8625885046615913e-05,48.439037692288338,0.51986111111111111,0.27361111111111114,0.040000000000000001,1,0,0,23805.968117551725,0.012890741934357455,0,1,0.040000000000000001,0.15000000000000002,0,1,0,0,0,0,0,0,0,0.58865059984402757,0.93010375315966343,0.93941016835082292,0.93880793512020966,0.95339289831275464,0.15000000000000002,1,0.93010375315966343,0.93941016835082292,0.93731852591800824,0.95489842736491592,0.00020833333333333335,0.1973611111111111,0.039176878591900312,0.97942196479750776,0.58865059984402757,0.0034686569241603395,0.0034686569241603395,0.029044570812993106,0.02728476515711125,33,1620,1,2,0,1,8.5511666250000005
76,154.29166729361026,155.75829977161976,0.0095055844799354187,0.49997686213092485,-2.3137869075151585e-05,48.2889429885441,0.51840277777777777,0.27340277777777777,0.040000000000000001,1,0,0,23826.159130343967,0.013145100490279999,0,1,0.040000000000000001,0.15000000000000002,0,1,0,0,0,0,0,0,0,0.41687600544821668,0.94031794269555546,0.9344957149816312,0.93985809692112443,0.95339289831275464,0.15000000000000002,1,0.94031794269555546,0.9344957149816312,0.94625798570238751,0.95214008793550176,0,0.41291666666666665,0.030902888933560402,0.7725722233390101,0.41687600544821668,0.0024564654197199512,0.0024564654197199512,0.029258765450350256,0.027342190939004911,23,1643,1,2,0,1,5.6124528333333332
77,154.36230343560842,156.1539993211851,0.011607081817900383,0.49996631071635955,-3.3689283640447876e-05,48.135731292767787,0.51666666666666672,0.27270833333333333,0.040000000000000001,1,0,0,23851.032725825517,0.013317498822953905,0,1,0.040000000000000001,0.15000000000000002,0,1,0,0,0,0,0,0,0,0.36974723694780209,0.89933242316835227,0.93235048975292156,0.93852090609875871,0.95339289831275464,0.15000000000000002,1,0.89933242316835227,0.93235048975292156,0.89933242316835227,0.95284041458903634,0,0.19618055555555555,0.029026329607055944,0.72565824017639857,0.36974723694780209,0.0021787564880898337,0.0021787564880898333,0.028439648734342494,0.02651572042586528,20,1663,1,2,0,1,4.9081732083333334
78,154.43937236756688,156.19730172658549,0.011382650240475811,0.49996096753279023,-3.9032467209765276e-05,47.926051066374896,0.51423611111111112,0.27291666666666664,0.040000000000000001,1,0,0,23902.305322117121,0.013354354830439005,0,1,0.040000000000000001,0.15000000000000002,0,1,0,0,0,0,0,0,0,0.50088504371037812,0.94772582040655484,0.928010159622085,0.93852090609875871,0.95339289831275464,0.15000000000000002,1,0.94772582040655484,0.928010159622085,0.94772582040655484,0.94963052696329509,0,0.38895833333333335,0.032985687739144731,0.82464219347861822,0.50088504371037812,0.0029514934250210716,0.0029514934250210716,0.029252150134444425,0.027146292515554966,30,1693,1,2,0,1,8.0800768749999996
79,154.54223280462335,156.36996061655719,0.011826720623640177,0.49999449471982732,-5.5052801726795941e-06,47.737300649259282,0.51236111111111116,0.27277777777777779,0.040000000000000001,1,0,0,23915.0190397195,0.013679508122290357,0,1,0.040000000000000001,0.15000000000000002,0,1,0,0,0,0,0,0,0,0.45474678328647011,0.95288873238802274,0.92537728719056733,0.93852090609875871,0.95339289831275464,0.15000000000000002,1,0.95288873238802274,0.92537728719056733,0.95288873238802274,0.94505340122388082,0,0.22131944444444446,0.032199431717371954,0.80498579293429884,0.45474678328647011,0.0026796211182052694,0.0026796211182052694,0.029203945443294761,0.027024667809577435,25,1718,1,2,0,1,6.8993007916666667
80,154.64544759438908,156.25824491911402,0.010428999688080398,0.49995667271340138,-4.3327286598615622e-05,47.523232973190019,0.50972222222222219,0.2722222222222222,0.040000000000000001,1,0,0,23957.335955591083,0.013885653624821708,0,1,0.040000000000000001,0.15000000000000002,0,1,0,0,0,0,0,0,0,0.52947579681185075,0.95322096755279762,0.92276803305331767,0.93985809692112443,0.95290261115420605,0.15000000000000002,1,0.95322096755279762,0.92276803305331767,0.95322096755279762,0.93603436569036513,0,0.37548611111111113,0.033927103172846924,0.8481775793211731,0.52947579681185075,0.0031199660533317518,0.0031199660533317514,0.028841837828057059,0.026614325962238984,32,1750,1,2,0,1,9.0786716666666667
81,154.75921880500559,156.27507708249041,0.0097949465575603873,0.49999247971623417,-7.5202837658272514e-06,47.320854745991788,0.50777777777777777,0.27159722222222221,0.040000000000000001,1,0,0,23989.627774289409,0.013891226168474291,0,1,0.040000000000000001,0.15000000000000002,0,1,0,0,0,0,0,0,0,0.50448086909875456,0.9611074806207579,0.92131673053660335,0.94012732814302313,0.95152688094051741,0.15000000000000002,1,0.9611074806207579,0.92131673053660335,0.9611074806207579,0.93273778803051188,0,0.26659722222222221,0.035834689158043921,0.89586722895109805,0.50448086909875456,0.0029726820293217698,0.0029726820293217711,0.029125578310998771,0.026833882584477192,28,1778,1,2,0,1,7.9764434166666662
82,154.86987039819553,156.26400857401615,0.0090019974333035834,0.49999413187280445,-5.8681271955518532e-06,47.125526001782994,0.50562499999999999,0.27083333333333331,0.040000000000000001,1,0,0,24012.931301585813,0.013995834853211613,0,1,0.040000000000000001,0.15000000000000002,0,1,0,0,0,0,0,0,0,0.51472306584481775,0.94405340031927409,0.92704584365790388,0.94012732814302313,0.94956467478615791,0.15000000000000002,1,0.94405340031927409,0.92704584365790388,0.94374038000130134,0.93291542704472352,0.00013888888888888889,0.40520833333333334,0.037311496243226876,0.9327874060806719,0.51472306584481775,0.003033034752433337,0.0030330347524333374,0.028995430007114312,0.02688009287316899,31,1809,1,2,0,1,9.0172449583333325
83,154.97400629725129,156.37100885153751,0.0090144314370157411,0.49995938318125011,-4.0616818749894534e-05,46.986420720346175,0.50423611111111111,0.27048611111111109,0.040000000000000001,1,0,0,24019.636827820552,0.013984743568222753,0,1,0.040000000000000001,0.15000000000000002,0,1,0,0,0,0,0,0,0,0.37476279703222032,0.89707854291906741,0.93222389787421511,0.94012732814302313,0.94628517219796526,0.15000000000000002,1,0.89707854291906741,0.93222389787421511,0.89774548812318222,0.93522208598868206,0,0.4276388888888889,0.02978443660493808,0.74461091512345201,0.37476279703222032,0.0022083109593160062,0.0022083109593160062,0.028018836051095782,0.02611982855745109,23,1832,1,2,0,1,6.5067035000000004
84,155.03645588890575,156.43003103616826,0.0089886932674796312,0.49996978494048278,-3.0215059517224585e-05,46.943200346945737,0.50368055555555558,0.27041666666666669,0.040000000000000001,1,0,0,23995.133162754541,0.013704392627944866,0,1,0.040000000000000001,0.15000000000000002,0,1,0,0,0,0,0,0,0,0.22902965026402164,0.69256999084061754,0.92946324948995662,0.94012732814302313,0.94166391843167729,0.15000000000000002,1,0.69256999084061754,0.92946324948995662,0.69256999084061754,0.93086432753246795,0,0.27256944444444442,0.015669434419210544,0.3917358604802636,0.22902965026402164,0.0013495701566206086,0.0013495701566206091,0.026418557326219942,0.024555078139265087,12,1844,1,2,0,1,2.7734029583333335
85,155.05808155650391,156.76309031478419,0.010995936110940291,0.49998502374321163,-1.4976256788368225e-05,46.822765378101913,0.50222222222222224,0.27055555555555555,0.040000000000000001,1,0,0,24075.392759702027,0.01320683998374666,0,1,0.040000000000000001,0.15000000000000002,0,1,0,0,0,0,0,0,0,0.34615469920060987,0.77806834856288476,0.92943764340998347,0.93985809692112443,0.936952941666227,0.15000000000000002,1,0.77806834856288476,0.92943764340998347,0.77806834856288476,0.92935069578775331,0,0.43187500000000001,0.020077726856254349,0.50194317140635869,0.34615469920060987,0.0020397361262028402,0.0020397361262028406,0.024989636528262443,0.023226308884500287,21,1865,1,2,0,1,5.0022409166666666
86,155.11142944744753,157.32361013425438,0.014261880602140561,0.4999945016284898,-5.4983715102041586e-06,46.633208545335101,0.50034722222222228,0.26993055555555556,0.040000000000000001,1,0,0,24104.578089008519,0.012837433535849326,0,1,0.040000000000000001,0.15000000000000002,0,1,0,0,0,0,0,0,0,0.46920763796705578,0.8352308011034385,0.92953210016542775,0.93985809692112443,0.93342310236727632,0.15000000000000002,1,0.8352308011034385,0.92953210016542775,0.8352308011034385,0.92959387793339665,0,0.2507638888888889,0.032630656825374131,0.81576642063435323,0.46920763796705578,0.0027648325215918978,0.0027648325215918969,0.025298003630134389,0.023515306444311435,28,1893,1,2,0,1,7.9573910000000003
87,155.2113677319519,157.36275264630765,0.013861000942090623,0.49998330205623109,-1.669794376890632e-05,46.560514970235737,0.49965277777777778,0.26993055555555556,0.040000000000000001,1,0,0,24049.398671420615,0.012603672544652477,0,1,0.040000000000000001,0.15000000000000002,0,1,0,0,0,0,0,0,0,0.21774286713463276,0.91066156521112274,0.92903351100791076,0.93852090609875871,0.93228719381356839,0.15000000000000002,1,0.91066156521112274,0.92903351100791076,0.91066156521112274,0.92930433468684426,0,0.37375000000000003,0.013693417866603564,0.34233544666508908,0.21774286713463276,0.0012830621492158354,0.0012830621492158356,0.024402309291260391,0.022670563077560605,14,1907,1,2,0,1,3.9343330416666666
88,155.24878967221028,157.37528535667599,0.013697341466916148,0.49998875386393593,-1.1246136064069212e-05,46.440278678743276,0.49868055555555557,0.26993055555555556,0.040000000000000001,1,0,0,24124.009978860628,0.012131156921100974,0,1,0.040000000000000001,0.15000000000000002,0,1,0,0,0,0,0,0,0,0.30144640648161303,0.90735941273178733,0.9268984727031403,0.93852090609875871,0.93087799901982149,0.15000000000000002,1,0.90735941273178733,0.9268984727031403,0.90735941273178733,0.92748353018378404,0,0.21611111111111111,0.022471599396780111,0.56178998491950272,0.30144640648161303,0.0017762899848955415,0.001776289984895542,0.023227105851134858,0.021529168938731073,20,1927,1,2,0,1,5.4754006666666664
89,155.3102493226834,157.50590856374217,0.014137246257952419,0.49996896942238683,-3.1030577613166965e-05,46.253890142997108,0.49770833333333331,0.26930555555555558,0.040000000000000001,1,0,0,24157.39154685527,0.011575237542686963,0,1,0.040000000000000001,0.15000000000000002,0,1,0,0,0,0,0,0,0,0.46027124614210774,0.93309139976742694,0.92672185477478453,0.93519685449280066,0.92949767482769219,0.15000000000000002,1,0.93309139976742694,0.92672185477478453,0.93309139976742694,0.92763486620237634,0,0.32458333333333333,0.031198852336753687,0.7799713084188421,0.46027124614210774,0.0027121743277688909,0.0027121743277688918,0.023259659060698483,0.021555234386159621,31,1958,1,2,0,1,9.0845330000000004
90,155.40547895388775,157.51320490562662,0.013562751879322607,0.49999376417187025,-6.2358281297525409e-06,46.131490230058361,0.49625000000000002,0.26861111111111113,0.040000000000000001,1,0,0,24179.533967233965,0.01118201008032919,0,1,0.040000000000000001,0.15000000000000002,0,1,0,0,0,0,0,0,0,0.33952119191485092,0.94445037019792577,0.92647312051888686,0.93519685449280066,0.92945044644996999,0.15000000000000002,1,0.94445037019792577,0.92647312051888686,0.94445037019792577,0.9275781220872007,0,0.24486111111111111,0.030729287707030095,0.76823219267575238,0.33952119191485092,0.0020006478096627526,0.002000647809662753,0.02214034081702948,0.020512430646104984,24,1982,1,2,0,1,6.6457920833333333
91,155.46788361307154,157.5885322642969,0.013640429148075601,0.49998590650935004,-1.4093490649957907e-05,46.027711879929328,0.49465277777777777,0.26763888888888887,0.040000000000000001,1,0,0,24165.700158169646,0.010758355546209972,0,1,0.040000000000000001,0.15000000000000002,0,1,0,0,0,0,0,0,0,0.28998646872210943,0.88222891222248112,0.92551458060003211,0.93159757646354513,0.92923557720894712,0.15000000000000002,1,0.88222891222248112,0.92551458060003211,0.88222891222248112,0.92660429072689288,0,0.40743055555555557,0.020074465282963506,0.50186163207408763,0.28998646872210943,0.0017087616540478686,0.0017087616540478686,0.020876420441755583,0.019321431509581356,20,2002,1,2,0,1,5.8802691666666664
92,155.52126990228334,157.58977109088485,0.013300439161159054,0.49999155566679843,-8.4443332015737838e-06,45.899041142531679,0.49368055555555557,0.26701388888888888,0.040000000000000001,1,0,0,24210.044685417768,0.010106575466486922,0,1,0.040000000000000001,0.15000000000000002,0,1,0,0,0,0,0,0,0,0.32699574558170574,0.89220581689270606,0.92938621458189186,0.93159757646354513,0.92920986279490125,0.15000000000000002,1,0.89220581689270606,0.92938621458189186,0.89220581689270606,0.92938621458189163,0,0.43638888888888888,0.022251320300646433,0.55628300751616078,0.32699574558170574,0.0019268409093331264,0.0019268409093331264,0.019770226598655367,0.018374176059950544,26,2028,1,2,0,1,7.2293364166666665
93,155.5797637538173,157.77705138705309,0.014123222585121555,0.49999585753333553,-4.1424666644696018e-06,45.739016328451171,0.49187500000000001,0.26631944444444444,0.040000000000000001,1,0,0,24230.838197729554,0.0096110220512069834,0,1,0.040000000000000001,0.15000000000000002,0,1,0,0,0,0,0,0,0,0.39531720752692318,0.95156382466280243,0.93157099324694725,0.93159757646354513,0.92920986279490125,0.15000000000000002,1,0.95156382466280243,0.93157099324694725,0.95156382466280243,0.93157099324694725,0,0.23076388888888888,0.028022495289675164,0.70056238224187906,0.39531720752692318,0.0023294289846834755,0.0023294289846834747,0.019891344624022839,0.01853019966841828,29,2057,1,2,0,1,8.6956045
94,155.65670198185342,157.78378690549823,0.013665231863211344,0.49998411084355732,-1.5889156442683294e-05,45.626261041979696,0.49083333333333334,0.26590277777777777,0.040000000000000001,1,0,0,24229.57083558329,0.0093392349319659507,0,1,0.040000000000000001,0.15000000000000002,0,1,0,0,0,0,0,0,0,0.3418598770919426,0.90384585501486325,0.93932539603747611,0.92038265918539308,0.92920986279490125,0.15000000000000002,1,0.90384585501486325,0.93932539603747611,0.90384585501486325,0.939325396037476,0,0.43972222222222224,0.01866525379690635,0.46663134492265873,0.3418598770919426,0.0020144286442276022,0.0020144286442276022,0.020556203111629832,0.019308963628858491,24,2081,1,2,0,1,7.019549333333333
95,155.71278720729754,157.86980241994661,0.013852524582823612,0.49999679912045863,-3.2008795413651647e-06,45.438777256983478,0.48972222222222223,0.26652777777777775,0.040000000000000001,1,0,0,24282.116577660156,0.0094088731672566303,0,1,0.040000000000000001,0.15000000000000002,0,1,0,0,0,0,0,0,0,0.49889137385473775,0.88811309291472063,0.94472060896292454,0.90901048897145498,0.92920986279490125,0.15000000000000002,1,0.88811309291472063,0.94472060896292454,0.88811309291472063,0.94472060896292454,0,0.45152777777777775,0.030839663921142849,0.7709915980285712,0.49889137385473775,0.0029397456127346509,0.0029397456127346505,0.021456212598161644,0.020270126231773242,35,2116,1,2,0,1,10.318004708333333
96,155.8113338794858,158.09924373774172,0.014683847453777189,0.49999447400032876,-5.5259996712408999e-06,45.290877848159653,0.48749999999999999,0.26541666666666669,0.040000000000000001,1,0,0,24293.387660222288,0.0091365405262411985,0,1,0.040000000000000001,0.15000000000000002,0,1,0,0,0,0,0,0,0,0.40190704472342537,0.8983452958629945,0.94531808529311967,0.90560263387332529,0.92920986279490125,0.15000000000000002,1,0.8983452958629945,0.94531808529311967,0.8983452958629945,0.94531808529311967,0,0.27944444444444444,0.031239976072173263,0.78099940180433158,0.40190704472342537,0.0023682599727548256,0.0023682599727548252,0.021059640049324573,0.019908058608389807,27,2143,1,2,0,1,8.2695064583333338
97,155.88543080531704,158.11499550640278,0.014302585492227331,0.49998140043094358,-1.8599569056421128e-05,45.125482285775909,0.48541666666666666,0.26458333333333334,0.040000000000000001,1,0,0,24323.069582960667,0.0087522855704794851,0,1,0.040000000000000001,0.15000000000000002,0,1,0,0,0,0,0,0,0,0.4306159494923007,0.89211544392573716,0.94542590434164953,0.90560263387332529,0.92920986279490125,0.15000000000000002,1,0.89211544392573716,0.94542590434164953,0.89211544392573716,0.94542590434164953,0,0.40819444444444447,0.029987157251256027,0.74967893128140062,0.4306159494923007,0.0025374288164424137,0.0025374288164424132,0.022314006716551149,0.021096239979481013,31,2174,1,2,0,1,9.0695506666666663
98,155.96687745937518,158.28159229980193,0.014841066758098436,0.49999524269046508,-4.757309534919596e-06,44.990311812782288,0.48430555555555554,0.26368055555555553,0.040000000000000001,1,0,0,24341.365735128802,0.0090587950031299196,0,1,0.040000000000000001,0.15000000000000002,0,1,0,0,0,0,0,0,0,0.36833470856352807,0.9532635723372711,0.94568849041099401,0.90560263387332529,0.92941192899593772,0.15000000000000002,1,0.9532635723372711,0.94568849041099401,0.9532635723372711,0.9456884904109939,0,0.41416666666666668,0.026363264644480754,0.65908161611201888,0.36833470856352807,0.0021704330847636781,0.002170433084763679,0.022708149816419287,0.021474835919916245,26,2200,1,2,0,1,7.9532935
99,156.0363102122802,158.30133602245917,0.014516017503217718,0.49999059292471482,-9.407075285183808e-06,44.813915232532295,0.48201388888888891,0.26374999999999998,0.040000000000000001,1,0,0,24371.947749039195,0.0090323331464677668,0,1,0.040000000000000001,0.15000000000000002,0,1,0,0,0,0,0,0,0,0.433502287320082,0.95323038573216923,0.9497671595803503,0.90560263387332529,0.92945044644996999,0.15000000000000002,1,0.95323038573216923,0.9497671595803503,0.95323038573216923,0.9497671595803503,0,0.22006944444444446,0.029460247640717328,0.73650619101793324,0.433502287320082,0.0025544367251992424,0.002554436725199242,0.022550412213849635,0.021417640955714006,34,2234,1,2,0,1,10.401646625
100,156.11839740817086,158.35524595021988,0.014327898435959387,0.49998301947041934,-1.6980529580656878e-05,44.716864968529386,0.48104166666666665,0.26395833333333335,0.040000000000000001,1,0,0,24367.745545463924,0.0089075626211816833,0,1,0.040000000000000001,0.15000000000000002,0,1,0,0,0,0,0,0,0,0.30880957653357122,0.91843900055810956,0.95037539328526155,0.90560263387332529,0.92949767482769219,0.15000000000000002,1,0.91843900055810956,0.95037539328526155,0.91843900055810956,0.95037539328526144,0,0.45444444444444443,0.019880234273893592,0.49700585684733978,0.30880957653357122,0.0018196778805186194,0.0018196778805186194,0.022369442284705499,0.021259367508898949,22,2256,1,2,0,1,6.577080416666667
101,156.16245680009442,158.48637007849294,0.014881382670441671,0.49997923251142939,-2.0767488570605508e-05,44.55352740689176,0.47986111111111113,0.26361111111111113,0.040000000000000001,1,0,0,24414.058518496717,0.0087581461880324729,0,1,0.040000000000000001,0.15000000000000002,0,1,0,0,0,0,0,0,0,0.42548725789698649,0.90380453329160759,0.95037449169746591,0.90382519415323537,0.93055154670618756,0.15000000000000002,1,0.90380453329160759,0.95037449169746591,0.90380453329160759,0.95037449169746591,0,0.42152777777777778,0.027358978984010466,0.68397447460026162,0.42548725789698649,0.0025072077113952379,0.0025072077113952379,0.02316788834205287,0.022018170106782142,32,2288,1,2,0,1,9.047352458333334
102,156.23561537970809,158.7830942640241,0.016305365957209741,0.49997451919539138,-2.5480804608624119e-05,44.457583765968863,0.47930555555555554,0.26326388888888891,0.040000000000000001,1,0,0,24416.241063538164,0.0090518310943625089,0,1,0.040000000000000001,0.15000000000000002,0,1,0,0,0,0,0,0,0,0.27398580140842405,0.90973281925793203,0.94876731787313662,0.90382519415323537,0.93189744556058118,0.15000000000000002,1,0.90973281925793203,0.94876731787313662,0.90973281925793203,0.94876731787313673,0,0.49979166666666669,0.016162125516915832,0.40405313792289582,0.27398580140842405,0.0016144768177060614,0.001614476817706061,0.022855524250425807,0.021684574441660925,20,2308,1,2,0,1,5.8669487499999997
103,156.28419985417878,158.87758403184552,0.016594026651999987,0.49999175639863663,-8.2436013633668814e-06,44.317924710558302,0.47826388888888888,0.263125,0.040000000000000001,1,0,0,24450.838116895888,0.0090821062412456757,0,1,0.040000000000000001,0.15000000000000002,0,1,0,0,0,0,0,0,0,0.3389913732480252,0.92389198393470728,0.94981528099276158,0.90560263387332529,0.93544819464221174,0.15000000000000002,1,0.92389198393470728,0.94981528099276158,0.92389198393470728,0.94981528099276169,0,0.42104166666666665,0.022603393772439018,0.5650848443109755,0.3389913732480252,0.0019975258232284884,0.0019975258232284893,0.022523621088970821,0.021393279493595312,25,2333,1,2,0,1,7.1577358333333336
104,156.35136674953654,158.98571722258072,0.016848912342827271,0.49999215228714561,-7.8477128543918973e-06,44.23983671710684,0.47763888888888889,0.26354166666666667,0.040000000000000001,1,0,0,24445.878527465593,0.0091106210505741466,0,1,0.040000000000000001,0.15000000000000002,0,1,0,0,0,0,0,0,0,0.25783904538826424,0.93389704244676153,0.94868643375091333,0.90854611599485968,0.94202300250020032,0.15000000000000002,1,0.93389704244676153,0.94868643375091333,0.93389704244676153,0.94868643375091311,0,0.49888888888888888,0.018148864347724416,0.4537216086931104,0.25783904538826424,0.001519331145405897,0.0015193311454058977,0.022028523590149111,0.020898161485536425,18,2351,1,2,0,1,5.3612178333333329
105,156.38910805392661,159.09339859504578,0.017292064484354473,0.49999533283690084,-4.667163099159044e-06,44.075955572778703,0.47652777777777777,0.26395833333333335,0.040000000000000001,1,0,0,24481.837097303633,0.0090267136648710267,0,1,0.040000000000000001,0.15000000000000002,0,1,0,0,0,0,0,0,0,0.40655882184413789,0.92616251540239225,0.95008546536387861,0.91019719223452733,0.94501934712802216,0.15000000000000002,1,0.92616251540239225,0.95008546536387861,0.92616251540239225,0.95008546536387883,0,0.45291666666666669,0.027096537066107478,0.67741342665268689,0.40655882184413789,0.0023956708323100281,0.0023956708323100281,0.021484448809724496,0.020412062545473526,29,2380,1,2,0,1,8.4611822083333337
106,156.46145468367061,159.29816535628598,0.018130412236998246,0.49999330170335421,-6.6982966457906912e-06,43.947848298471072,0.47499999999999998,0.26402777777777775,0.040000000000000001,1,0,0,24490.385408818503,0.0089900230668830804,0,1,0.040000000000000001,0.15000000000000002,0,1,0,0,0,0,0,0,0,0.34980682125530105,0.92864610517080626,0.95245399309863088,0.91455028288461615,0.94537199481738465,0.15000000000000002,1,0.92864610517080626,0.95245399309863088,0.92864610517080626,0.95245399309863077,0,0.31569444444444444,0.019305598389714056,0.4826399597428514,0.34980682125530105,0.0020612564617911158,0.0020612564617911162,0.021177445298760783,0.020170542338432535,24,2404,1,2,0,1,7.3268392083333334
107,156.51699288770115,159.51853782105135,0.019177118586119091,0.49999552422852334,-4.4757714766641143e-06,43.788713852021324,0.47361111111111109,0.26361111111111113,0.040000000000000001,1,0,0,24522.415713169357,0.0090168530996584759,0,1,0.040000000000000001,0.15000000000000002,0,1,0,0,0,0,0,0,0,0.43685961818799796,0.89231327870408084,0.95064892539581691,0.91408590990802074,0.94555719737632171,0.15000000000000002,1,0.89231327870408084,0.95064892539581691,0.89231327870408084,0.9506489253958168,0,0.42916666666666664,0.024580712645278554,0.61451781613196388,0.43685961818799796,0.002574219987060828,0.0025742199870608293,0.0212142364693792,0.020167291102708085,29,2433,1,2,0,1,8.2457934166666664
108,156.59166770430946,159.83566347826687,0.020716273231619287,0.49999586094648663,-4.1390535133745132e-06,43.64841680210494,0.47256944444444443,0.26402777777777775,0.040000000000000001,1,0,0,24532.007504731431,0.008699785358945519,0,1,0.040000000000000001,0.15000000000000002,0,1,0,0,0,0,0,0,0,0.36970746551136802,0.95344432665317469,0.95170286476415977,0.92116549224640842,0.94718746208095372,0.15000000000000002,1,0.95344432665317469,0.95170286476415977,0.95344432665317469,0.95170286476415955,0,0.46847222222222223,0.026449704080393814,0.6612426020098453,0.36970746551136802,0.0021785221326531662,0.0021785221326531662,0.021222325517268686,0.020197347991742137,24,2457,1,2,0,1,7.424598333333333
109,156.6584251943203,159.9526225515406,0.021027897817395717,0.4999954983783903,-4.5016216096982475e-06,43.487142411978418,0.47187499999999999,0.26409722222222221,0.040000000000000001,1,0,0,24564.515689574961,0.0085817845386271605,0,1,0.040000000000000001,0.15000000000000002,0,1,0,0,0,0,0,0,0,0.41622640014453471,0.94877797293451682,0.95256226834966917,0.92116549224640842,0.94872687581202497,0.15000000000000002,1,0.94877797293451682,0.95256226834966917,0.94877797293451682,0.95256226834966884,0,0.39597222222222223,0.023370323571324837,0.58425808928312095,0.41622640014453471,0.0024526375837588821,0.0024526375837588821,0.021120526375828324,0.020118616513298045,26,2483,1,2,0,1,7.8861667083333336
110,156.73955363688722,160.11437534732838,0.021531397991980245,0.49999573889435156,-4.2611056484398446e-06,43.294914993246145,0.46979166666666666,0.26472222222222225,0.040000000000000001,1,0,0,24592.621652134036,0.0084835700766805657,0,1,0.040000000000000001,0.15000000000000002,0,1,0,0,0,0,0,0,0,0.50459645154054589,0.9763038615631624,0.95379844518611134,0.92116549224640842,0.94926723872674346,0.15000000000000002,1,0.9763038615631624,0.95379844518611134,0.9763038615631624,0.95379844518611134,0,0.18479166666666666,0.025604048928060064,0.64010122320150153,0.50459645154054589,0.0029733631053915758,0.0029733631053915754,0.022274211600701282,0.021245108392495327,29,2512,1,2,0,1,8.8735952916666658
111,156.84020110601136,160.34653609771752,0.022356098544761199,0.49998568584972669,-1.4314150273309068e-05,43.225726203749915,0.46916666666666668,0.26576388888888891,0.040000000000000001,1,0,0,24563.561142031267,0.0086279915856755322,0,1,0.040000000000000001,0.15000000000000002,0,1,0,0,0,0,0,0,0,0.26104152828934324,0.88800282970637845,0.9510337881641191,0.92116549224640842,0.94979122028655594,0.15000000000000002,1,0.88800282970637845,0.9510337881641191,0.88800282970637845,0.95103378816411899,0,0.39027777777777778,0.013798179198013846,0.34495447995034612,0.26104152828934324,0.0015382019568724549,0.0015382019568724551,0.021305205846178499,0.020261970623507475,14,2526,1,2,0,1,3.9793747916666669
112,156.87789334008863,160.59544471769149,0.023697101602096,0.49999484303630243,-5.1569636975723476e-06,43.004147558303757,0.46840277777777778,0.2663888888888889,0.040000000000000001,1,0,0,24653.676488333862,0.0082124692938161936,0,1,0.040000000000000001,0.15000000000000002,0,1,0,0,0,0,0,0,0,0.52477041519561107,0.89952842739141581,0.95301775031207214,0.92116549224640842,0.9499503731783201,0.15000000000000002,1,0.89952842739141581,0.95301775031207214,0.89952842739141581,0.95301775031207214,0,0.58784722222222219,0.02976811687701493,0.74420292192537318,0.52477041519561107,0.0030922393262574721,0.0030922393262574712,0.022782968354729913,0.021712573246855833,29,2555,1,2,0,1,8.3003287500000003
113,156.99129764520026,160.85272314892418,0.024596430258514893,0.49999459500089194,-5.4049991080606929e-06,42.805536020438304,0.46694444444444444,0.26694444444444443,0.040000000000000001,1,0,0,24676.708244518322,0.0083339212763041837,0,1,0.040000000000000001,0.15000000000000002,0,1,0,0,0,0,0,0,0,0.51833596820142824,0.97465329659636801,0.95453367650467236,0.92116549224640842,0.95022997853067226,0.15000000000000002,1,0.97465329659636801,0.95453367650467236,0.97465329659636801,0.95453367650467225,0,0.44631944444444444,0.025829489583804266,0.64573723959510665,0.51833596820142824,0.0030543239837343712,0.003054323983734372,0.023839766515235797,0.022755859978801005,26,2581,1,2,0,1,7.8259939999999997
114,157.10110027241242,161.09677247957237,0.02543376335513544,0.49998926632327517,-1.0733676724827834e-05,42.657444683895598,0.46506944444444442,0.26756944444444447,0.040000000000000001,1,0,0,24699.139740410137,0.0083504999480740159,0,1,0.040000000000000001,0.15000000000000002,0,1,0,0,0,0,0,0,0,0.42570503562276002,0.94676275722533643,0.95378917837726618,0.92502724966854977,0.95037494249136367,0.15000000000000002,1,0.94676275722533643,0.95378917837726618,0.94676275722533643,0.95378917837726629,0,0.22097222222222221,0.03569475476858542,0.89236886921463543,0.42570503562276002,0.0025084909789509532,0.0025084909789509532,0.024828926348780853,0.023681561262193344,19,2600,1,2,0,1,5.7689162083333336
115,157.19143973358464,161.4140484210408,0.026862841224769188,0.49998291597049177,-1.7084029508229737e-05,42.505591386923328,0.46270833333333333,0.26826388888888891,0.040000000000000001,1,0,0,24720.397681274335,0.0084947194177749045,0,1,0.040000000000000001,0.15000000000000002,0,1,0,0,0,0,0,0,0,0.45041641272545868,0.89671168547827651,0.94894267791948994,0.92502724966854977,0.95037494249136367,0.15000000000000002,1,0.89671168547827651,0.94894267791948994,0.89529831045187513,0.94934103263953618,6.9444444444444444e-05,0.33340277777777777,0.036454630181735476,0.91136575454338686,0.45041641272545868,0.002654104164965755,0.0026541041649657546,0.025087359681436577,0.023806466278031867,16,2616,1,2,0,1,4.4887781249999996
116,157.29573052212959,161.76680781534247,0.028424657671073026,0.49998520502919419,-1.4794970805809271e-05,42.332175689517094,0.46027777777777779,0.26833333333333331,0.040000000000000001,1,0,0,24773.326135752865,0.0086470052912939015,0,1,0.040000000000000001,0.15000000000000002,0,1,0,0,0,0,0,0,0,0.4930592837372566,0.90243953795344223,0.94644961122315541,0.92502724966854977,0.95037494249136367,0.15000000000000002,1,0.90243953795344223,0.94644961122315541,0.90262558348025046,0.94768514023536565,0.00020833333333333335,0.23916666666666667,0.037456785602628842,0.93641964006572098,0.4930592837372566,0.0029053796921466343,0.0029053796921466347,0.025931482911792092,0.024542841920305522,16,2632,1,2,0,1,4.3890417499999996
117,157.4168076025783,162.14495590135962,0.030035854307998804,0.49998940303077033,-1.059696922967035e-05,42.142810878307827,0.45791666666666669,0.26854166666666668,0.040000000000000001,1,0,0,24824.600089718777,0.0089921031024380888,0,1,0.040000000000000001,0.15000000000000002,0,1,0,0,0,0,0,0,0,0.49919379989687379,0.91809336244939732,0.94351626389650201,0.92502724966854977,0.95037494249136367,0.15000000000000002,1,0.91809336244939732,0.94351626389650201,0.92644842779093572,0.94482596342312175,6.9444444444444444e-05,0.24972222222222223,0.037308113214332722,0.93270283035831802,0.49919379989687379,0.0029415276752779991,0.0029415276752779987,0.026298790600009263,0.024813336651917185,16,2648,1,2,0,1,4.2578585000000002
118,157.54039679868339,162.49238413032779,0.031433127199574175,0.49999080125117157,-9.1987488284317465e-06,41.950802690940549,0.45506944444444447,0.26847222222222222,0.040000000000000001,1,0,0,24859.303388529534,0.0094057117109850735,0,1,0.040000000000000001,0.15000000000000002,0,1,0,0,0,0,0,0,0,0.49344586210608965,0.94051349816842111,0.94268264807658819,0.92502724966854977,0.95037494249136367,0.15000000000000002,1,0.94051349816842111,0.94268264807658819,0.94347437128735401,0.94441839047225606,6.9444444444444444e-05,0.41180555555555554,0.036537528119872126,0.91343820299680312,0.49344586210608965,0.0029076576270304836,0.0029076576270304828,0.027027926094386583,0.025478756942674662,16,2664,1,2,0,1,4.4657162499999998
119,157.6636748709895,162.75475314987591,0.032290749806842066,0.49998769003638177,-1.2309963618228892e-05,41.760638146767484,0.45291666666666669,0.26798611111111109,0.040000000000000001,1,0,0,24894.015733107313,0.009957305403727473,0,1,0.040000000000000001,0.15000000000000002,0,1,0,0,0,0,0,0,0,0.49750935116927847,0.95882540502477209,0.93981662370541497,0.92502724966854977,0.95037494249136367,0.15000000000000002,1,0.95882540502477209,0.93981662370541497,0.96335967370568765,0.94224497272381591,0,0.35222222222222221,0.034653927029285526,0.86634817573213818,0.49750935116927847,0.0029316019659626352,0.0029316019659626352,0.027506890476590336,0.025851432936343764,16,2680,1,2,0,1,4.7543472083333329
120,157.78721506393944,163.02719781893529,0.033209171940023624,0.49999151534615405,-8.4846538459526499e-06,41.548999864488032,0.45090277777777776,0.26833333333333331,0.040000000000000001,1,0,0,24945.216905159832,0.010509092950162221,0,1,0.040000000000000001,0.15000000000000002,0,1,0,0,0,0,0,0,0,0.51704069205394387,0.93677805986519946,0.93552666162082676,0.9274043102865992,0.95022997853067226,0.15000000000000002,1,0.93677805986519946,0.93552666162082676,0.93677805986519946,0.93861759709520742,0,0.34319444444444447,0.034100155175443361,0.85250387938608396,0.51704069205394387,0.0030466914958394097,0.0030466914958394093,0.027580218867038167,0.025802030083451957,16,2696,1,2,0,1,4.5924329999999998
121,157.92252615402822,163.33656680452822,0.034282890366251276,0.49998885446523256,-1.1145534767442733e-05,41.364205019514507,0.44826388888888891,0.26833333333333331,0.040000000000000001,1,0,0,24974.642543246806,0.011020936048999804,0,1,0.040000000000000001,0.15000000000000002,0,1,0,0,0,0,0,0,0,0.48222757625976603,0.952074750797678,0.93077278470157243,0.93127157380878389,0.9499503731783201,0.15000000000000002,1,0.952074750797678,0.93077278470157243,0.952074750797678,0.93421226894571396,0,0.40513888888888888,0.033286259047916794,0.83215647619791988,0.48222757625976603,0.0028415532437369461,0.0028415532437369461,0.028883570153902662,0.026884041024271207,16,2712,1,2,0,1,4.7662545416666671
122,158.04001236473189,163.59005845121052,0.035117980588801667,0.49998983983024292,-1.0160169757078563e-05,41.162014548664608,0.44611111111111112,0.26729166666666665,0.040000000000000001,1,0,0,25019.734298401854,0.01208161832514142,0,1,0.040000000000000001,0.15000000000000002,0,1,0,0,0,0,0,0,0,0.51667438037130919,0.95671928660058425,0.92046306911086262,0.9353375511559805,0.9499503731783201,0.15000000000000002,1,0.95671928660058425,0.92046306911086262,0.95671928660058425,0.92433321903757093,0,0.3576388888888889,0.032310391589234003,0.80775978973085005,0.51667438037130919,0.0030445329835492529,0.0030445329835492529,0.028835863811194441,0.026542347704114892,17,2729,1,2,0,1,5.0087986666666664
123,158.16962868069936,163.86784039844844,0.036025953688316389,0.49999099055401947,-9.0094459805345473e-06,40.954376967716222,0.44354166666666667,0.26666666666666666,0.040000000000000001,1,0,0,25061.890195271219,0.012594276054709037,0,1,0.040000000000000001,0.15000000000000002,0,1,0,0,0,0,0,0,0,0.52510242129451756,0.95105706659503508,0.90797509883327043,0.93864577901681034,0.94951407164168433,0.15000000000000002,1,0.95105706659503508,0.90797509883327043,0.95105706659503508,0.91208932767831818,0,0.3165972222222222,0.032718958732130064,0.81797396830325164,0.52510242129451756,0.0030941956909569059,0.0030941956909569064,0.028875735518416976,0.026218448811218032,17,2746,1,2,0,1,5.0614010416666666
124,158.30222647195873,164.16525415382688,0.037036924953842698,0.49999079294028137,-9.2070597186300063e-06,40.71987987216383,0.44090277777777775,0.265625,0.040000000000000001,1,0,0,25108.543550134982,0.013231555516363248,0,1,0.040000000000000001,0.15000000000000002,0,1,0,0,0,0,0,0,0,0.58854830905007915,0.95829269409337203,0.90012185260073618,0.94363812769687883,0.94951407164168433,0.15000000000000002,1,0.95829269409337203,0.90012185260073618,0.95829269409337203,0.90381727902739883,0,0.22354166666666667,0.033085147663746539,0.82712869159366342,0.58854830905007915,0.0034680541698765572,0.0034680541698765576,0.029835298709342581,0.026855404347149798,19,2765,1,2,0,1,5.8073614999999998
125,158.45191416586977,164.48667972049307,0.038085785119048962,0.49999082963725439,-9.1703627456141135e-06,40.497578291305544,0.43840277777777775,0.26465277777777779,0.040000000000000001,1,0,0,25152.641220591726,0.013853223282744532,0,1,0.040000000000000001,0.15000000000000002,0,1,0,0,0,0,0,0,0,0.54183209937508436,0.95212488245021376,0.89975932515524304,0.94777036507992662,0.94769614457132267,0.15000000000000002,1,0.95212488245021376,0.89975932515524304,0.95212488245021376,0.90222363110245163,0,0.22298611111111111,0.028574566352356008,0.71436415880890014,0.54183209937508436,0.0031927762644388788,0.0031927762644388792,0.030373970808815706,0.027329263477225071,17,2782,1,2,0,1,5.26642075
126,158.59447663752539,164.80959838527309,0.039188765457151664,0.49999039450371724,-9.6054962827607504e-06,40.262586392127659,0.43604166666666666,0.2638888888888889,0.040000000000000001,1,0,0,25201.329437265751,0.014627069552790584,0,1,0.040000000000000001,0.15000000000000002,0,1,0,0,0,0,0,0,0,0.58242582493464412,0.96859320460130882,0.90255637684396617,0.94991751976477601,0.94498293755982865,0.15000000000000002,1,0.96859320460130882,0.90255637684396617,0.96859320460130882,0.90354060512615519,0,0.16743055555555555,0.032495442775167027,0.81238606937917568,0.58242582493464412,0.0034319770862454653,0.0034319770862454653,0.030900568202914536,0.02788950487964241,17,2799,1,2,0,1,5.3193658333333333
127,158.75015228722737,165.18192602280919,0.040515071279709963,0.49998991841442503,-1.0081585574972518e-05,40.039345163823512,0.43395833333333333,0.26256944444444447,0.040000000000000001,1,0,0,25248.477147196631,0.015199237289389525,0,1,0.040000000000000001,0.15000000000000002,0,1,0,0,0,0,0,0,0,0.56686602361807259,0.9617736357963691,0.90799803243575616,0.9515659086963566,0.9430994559865451,0.15000000000000002,1,0.9617736357963691,0.90799803243575616,0.9617736357963691,0.90840442573064228,0,0.19416666666666665,0.031628712240967777,0.79071780602419439,0.56686602361807259,0.0033402900777049394,0.0033402900777049385,0.031299330605341472,0.028419730606206301,17,2816,1,2,0,1,5.6661460000000003
128,158.89807743314867,165.48672377058776,0.04146460702276937,0.49998953731251672,-1.0462687483281385e-05,39.778927108464195,0.43145833333333333,0.2615972222222222,0.040000000000000001,1,0,0,25303.001175134665,0.015674093111121098,0,1,0.040000000000000001,0.15000000000000002,0,1,0,0,0,0,0,0,0,0.62496541190494281,0.9685869199493079,0.91122440762054135,0.9515659086963566,0.94124963589100163,0.15000000000000002,1,0.9685869199493079,0.91122440762054135,0.9685869199493079,0.91122440762054147,0,0.45409722222222221,0.032656320513608839,0.81640801284022091,0.62496541190494281,0.0036826440063752412,0.0036826440063752412,0.032074316984686234,0.029226900494204181,18,2834,1,2,0,1,6.3081473749999999
129,159.06879083185635,165.85477697507156,0.04266070112011059,0.4999890944051622,-1.0905594837795629e-05,39.512043868589572,0.4284027777777778,0.2598611111111111,0.040000000000000001,1,0,0,25362.890849636846,0.016124718006351936,0,1,0.040000000000000001,0.15000000000000002,0,1,0,0,0,0,0,0,0,0.64823056174284754,0.97080249596860013,0.91739254018572014,0.95209981662394583,0.93767164266312086,0.15000000000000002,1,0.97080249596860013,0.91739254018572014,0.97080249596860013,0.91739254018572036,0,0.16993055555555556,0.031257596248664685,0.78143990621661708,0.64823056174284754,0.0038197352165061037,0.0038197352165061033,0.032962450235229701,0.030239505952042764,17,2851,1,2,0,1,5.1570914583333334
130,159.24711702448195,166.27437781021797,0.044128025153859947,0.49998837814588076,-1.1621854119236996e-05,39.26618688867827,0.42562499999999998,0.25895833333333335,0.040000000000000001,1,0,0,25414.442117310598,0.016666914133390356,0,1,0.040000000000000001,0.15000000000000002,0,1,0,0,0,0,0,0,0,0.62554145542845607,0.95581233437174129,0.92059835009885416,0.95209981662394583,0.9331497231611996,0.15000000000000002,1,0.95581233437174129,0.92059835009885416,0.95581233437174129,0.92059835009885393,0,0.3946527777777778,0.030067926415850099,0.75169816039625248,0.62554145542845607,0.003686038375389698,0.0036860383753896972,0.033601797114779987,0.030933758984222893,17,2868,1,2,0,1,5.5646161666666663
131,159.41696269537553,166.61600951935279,0.045158599826880842,0.49998770214361316,-1.2297856386844774e-05,38.992774876119583,0.42236111111111113,0.25784722222222223,0.040000000000000001,1,0,0,25476.843454700655,0.017114203453992564,0,1,0.040000000000000001,0.15000000000000002,0,1,0,0,0,0,0,0,0,0.66171047001440431,0.97308655405356448,0.92322596923296529,0.95396860841097753,0.92699937696726886,0.15000000000000002,1,0.97308655405356448,0.92322596923296529,0.97308655405356448,0.92322596923296518,0,0.23916666666666667,0.0314081912721456,0.78520478180363995,0.66171047001440431,0.0038991663377443576,0.0038991663377443576,0.034659410208787399,0.03199846758305068,17,2885,1,2,0,1,5.5330402916666666
132,159.60493719527267,167.0000595737433,0.046333919917670739,0.49998652860862497,-1.3471391375030617e-05,38.741676367236181,0.41840277777777779,0.2565972222222222,0.040000000000000001,1,0,0,25532.505492943619,0.017453223820675944,0,1,0.040000000000000001,0.15000000000000002,0,1,0,0,0,0,0,0,0,0.63088450751791691,0.95783665418333941,0.9264544306390109,0.95626581048616277,0.92484019993598809,0.15000000000000002,1,0.95783665418333941,0.9264544306390109,0.95783665418333941,0.92645443063901078,0,0.25368055555555558,0.032300778714606855,0.80751946786517137,0.63088450751791691,0.0037175226117621206,0.0037175226117621197,0.035332399837000268,0.032733858374097966,16,2901,1,2,0,1,5.2451062083333335
133,159.78581068821774,167.32809969326968,0.047202495469193084,0.49998653102802693,-1.3468971973074062e-05,38.456679957127321,0.4120138888888889,0.255,0.040000000000000001,1,0,0,25602.493792374062,0.01801816662242775,0,1,0.040000000000000001,0.15000000000000002,0,1,0,0,0,0,0,0,0,0.6997511084078879,0.97179385770744975,0.92848649773535741,0.95626581048616277,0.92484019993598809,0.15000000000000002,1,0.97179385770744975,0.92848649773535741,0.97179385770744975,0.92848649773535741,0,0.21375,0.0355238012124185,0.88809503031046244,0.6997511084078879,0.0041233229491501704,0.0041233229491501695,0.036361527095193531,0.033761186944925546,17,2918,1,2,0,1,5.3454847499999998
134,160.0030871487576,167.71527718132779,0.04820025769502833,0.49998282546069944,-1.7174539300557345e-05,38.168993715616637,0.40763888888888888,0.2532638888888889,0.040000000000000001,1,0,0,25679.311066224793,0.018615023240508722,0,1,0.040000000000000001,0.15000000000000002,0,1,0,0,0,0,0,0,0,0.72503004857071562,0.95066148833119679,0.9296759813137454,0.95626581048616277,0.92484019993598809,0.15000000000000002,1,0.95066148833119679,0.9296759813137454,0.95066296993698918,0.92962109595732456,6.9444444444444444e-05,0.18270833333333333,0.036666405555396402,0.91666013888491005,0.72503004857071562,0.0042722805325697078,0.0042722805325697069,0.037165753457886676,0.034552108317225522,16,2934,1,2,0,1,5.2729597083333335
135,160.21401551268261,168.07695368663406,0.049077717381904175,0.49998685937464266,-1.314062535734406e-05,37.889959805638526,0.4022222222222222,0.25215277777777778,0.040000000000000001,1,0,0,25737.688622860114,0.019232013425263945,0,1,0.040000000000000001,0.15000000000000002,0,1,0,0,0,0,0,0,0,0.68306729509479824,0.9298899064145757,0.92792928327994961,0.95626581048616277,0.92484019993598809,0.15000000000000002,1,0.9298899064145757,0.92792928327994961,0.93014497448300815,0.92785901257358161,0,0.42423611111111109,0.033975501026919271,0.8493875256729817,0.68306729509479824,0.0040250126364023697,0.0040250126364023697,0.037997989829850171,0.035259447468891682,17,2951,1,2,0,1,5.3233832083333334
136,160.40396426578383,168.42426192108536,0.050000619947348543,0.49998745919160065,-1.2540808399352787e-05,37.642790360016782,0.39951388888888889,0.25013888888888891,0.040000000000000001,1,0,0,25795.414173236881,0.019810871178222327,0,1,0.040000000000000001,0.15000000000000002,0,1,0,0,0,0,0,0,0,0.64191055806196406,0.92296597381210721,0.92248606680531631,0.95626581048616277,0.92285601801914074,0.15000000000000002,1,0.92296597381210721,0.92248606680531631,0.92252897844989235,0.92224750532150246,0.00027777777777777778,0.18187500000000001,0.03707024258934024,0.92675606473350602,0.64191055806196406,0.0037824942376737986,0.0037824942376737986,0.038348506981278514,0.03537596337301583,16,2967,1,2,0,1,5.1221387500000004
137,160.56220002019742,168.72264584999203,0.050824202886906714,0.49999057447448297,-9.4255255170261343e-06,37.436462885806677,0.39791666666666664,0.24708333333333332,0.040000000000000001,1,0,0,25821.887654295846,0.020441174760322572,0,1,0.040000000000000001,0.15000000000000002,0,1,0,0,0,0,0,0,0,0.53049359660329987,0.91429841288884284,0.91770404041149778,0.95626581048616277,0.92154220845208523,0.15000000000000002,1,0.91429841288884284,0.91770404041149778,0.92253066491634073,0.91761149701178812,0,0.22347222222222221,0.033232758455269698,0.83081896138174238,0.53049359660329987,0.0031259634961186178,0.0031259634961186174,0.038134180399692186,0.034995891430578463,17,2984,1,2,0,1,5.6228254583333337
138,160.67341181603757,168.95758881974848,0.05155910309040955,0.4999934541028267,-6.5458971733045601e-06,37.251548179529287,0.39631944444444445,0.24506944444444445,0.040000000000000001,1,0,0,25851.664840790894,0.021003602476008729,0,1,0.040000000000000001,0.15000000000000002,0,1,0,0,0,0,0,0,0,0.46752563728413693,0.93012890787031965,0.91066916230303807,0.95626581048616277,0.92053070960485839,0.15000000000000002,1,0.93012890787031965,0.91066916230303807,0.93012890787031965,0.91083981447724882,0,0.26666666666666666,0.028106640142239649,0.70266600355599118,0.46752563728413693,0.002754921237518128,0.002754921237518128,0.03720645763083507,0.033882773602936053,18,3002,1,2,0,1,5.7732351250000002
139,160.76404282272742,169.16910304741512,0.05228196602368268,0.49999463018541251,-5.369814587485866e-06,37.084561629869292,0.39486111111111111,0.24138888888888888,0.040000000000000001,1,0,0,25876.887796397703,0.021384802191814649,0,1,0.040000000000000001,0.15000000000000002,0,1,0,0,0,0,0,0,0,0.43825326975540363,0.94286775648229482,0.9011230883685839,0.95396860841097753,0.9190835547611802,0.15000000000000002,1,0.94286775648229482,0.9011230883685839,0.94286775648229482,0.90156046226670372,0,0.19750000000000001,0.029731337829593734,0.74328344573984328,0.43825326975540363,0.0025824321576768598,0.0025824321576768598,0.035969154572005828,0.032412635653932861,18,3020,1,2,0,1,5.738166708333333
140,160.84638648707613,169.39219985190917,0.053130278842289602,0.49999505136413852,-4.9486358614792003e-06,36.941113008899492,0.39374999999999999,0.23972222222222223,0.040000000000000001,1,0,0,25898.208830080745,0.021524412568736051,0,1,0.040000000000000001,0.15000000000000002,0,1,0,0,0,0,0,0,0,0.40545426157199826,0.96163112069218726,0.8894377385714235,0.95626581048616277,0.91754829029860896,0.15000000000000002,1,0.96163112069218726,0.8894377385714235,0.96163112069218726,0.89012805399170647,0,0.18368055555555557,0.027578583781776456,0.68946459454441145,0.40545426157199826,0.0023891621484878681,0.0023891621484878681,0.034672278345103995,0.030838832842388236,17,3037,1,2,0,1,5.5791482916666668
141,160.91724868265587,169.60218261351869,0.053971429426999104,0.49999511018219744,-4.8898178025558181e-06,36.796175744893155,0.39222222222222225,0.23756944444444444,0.040000000000000001,1,0,0,25921.596259087037,0.021542049042925605,0,1,0.040000000000000001,0.15000000000000002,0,1,0,0,0,0,0,0,0,0.4347553673493938,0.94332491613146718,0.8762562482014169,0.95626581048616277,0.91430847390313075,0.15000000000000002,1,0.94332491613146718,0.8762562482014169,0.94332491613146718,0.87721533060289913,0,0.15152777777777779,0.026864257199068077,0.67160642997670195,0.4347553673493938,0.002561820570083374,0.0025618205700833744,0.033334932577443008,0.029209942954357398,17,3054,1,2,0,1,5.7244035833333333
142,160.98656816920706,169.94088551902661,0.05562151831454655,0.49999540392990177,-4.5960700982283775e-06,36.66132466948509,0.39131944444444444,0.23645833333333333,0.040000000000000001,1,0,0,25941.990066742968,0.021271525565179434,0,1,0.040000000000000001,0.15000000000000002,0,1,0,0,0,0,0,0,0,0.4234346017282527,0.97368659569697258,0.86428937156747732,0.95682449427754035,0.91094678496178971,0.15000000000000002,1,0.97368659569697258,0.86428937156747732,0.97368659569697258,0.865500060824135,0,0.098333333333333328,0.025284370003087211,0.63210925007718033,0.4234346017282527,0.0024951123189256041,0.0024951123189256041,0.032112522284606496,0.027754511704809158,17,3071,1,2,0,1,5.3277397500000001
143,161.05010692661588,170.26607536728991,0.05722423049910412,0.49999584997141672,-4.1500285832829498e-06,36.510862715644983,0.38979166666666665,0.234375,0.040000000000000001,1,0,0,25963.398820739862,0.020819920376096777,0,1,0.040000000000000001,0.15000000000000002,0,1,0,0,0,0,0,0,0,0.43723867695186786,0.94323355309872225,0.8590771398412913,0.95682449427754035,0.91094678496178971,0.15000000000000002,1,0.94323355309872225,0.8590771398412913,0.94323355309872225,0.86054009035251289,0,0.45500000000000002,0.030439024720375914,0.76097561800939784,0.43723867695186786,0.0025764536122474995,0.0025764536122474999,0.030565652947703827,0.026258253711694938,22,3093,1,2,0,1,7.4833041666666666
144,161.12606089165772,170.49834473912011,0.058167398840367528,0.49999608967305614,-3.9103269438567345e-06,36.408970924656245,0.38874999999999998,0.23347222222222222,0.040000000000000001,1,0,0,25978.051197246834,0.020066362739418066,0,1,0.040000000000000001,0.15000000000000002,0,1,0,0,0,0,0,0,0,0.34117027048170401,0.96590523308096043,0.86841925648255314,0.95682449427754035,0.91094678496178971,0.15000000000000002,1,0.96590523308096043,0.86841925648255314,0.96590523308096043,0.86988995679630032,0,0.28916666666666668,0.02365394732711883,0.59134868317797074,0.34117027048170401,0.0020103650983071793,0.0020103650983071789,0.028303737513441299,0.024579510687100039,18,3111,1,2,0,1,6.3014812083333336
145,161.17632929536791,170.63227501888943,0.058668327817497208,0.49999630525393873,-3.6947460612668515e-06,36.305171979227438,0.38777777777777778,0.23305555555555554,0.040000000000000001,1,0,0,25995.483008721196,0.018950182796603984,0,1,0.040000000000000001,0.15000000000000002,0,1,0,0,0,0,0,0,0,0.32709981180299519,0.97561068340948609,0.88114756515282233,0.95973388743776333,0.91094678496178971,0.15000000000000002,1,0.97561068340948609,0.88114756515282233,0.97561068340948609,0.88250194638768154,0,0.35777777777777775,0.025415446711455823,0.63538616778639556,0.32709981180299519,0.001927454125422845,0.0019274541254228458,0.026206179002461773,0.023091510819978209,17,3128,1,2,0,1,5.8378617500000001
146,161.22631987486361,170.77907995737789,0.05925062415323188,0.49999648469829955,-3.5153017004518894e-06,36.196962629620195,0.38715277777777779,0.23201388888888888,0.040000000000000001,1,0,0,26011.798374452799,0.017621061476936671,0,1,0.040000000000000001,0.15000000000000002,0,1,0,0,0,0,0,0,0,0.3455823210573768,0.98113680635899336,0.90510981754114583,0.95973388743776333,0.91094678496178971,0.15000000000000002,1,0.98113680635899336,0.90510981754114583,0.98113680635899336,0.90510981754114561,0,0.19979166666666667,0.026188777208246531,0.6547194302061633,0.3455823210573768,0.0020363633556488145,0.0020363633556488145,0.024460048120436787,0.022139029691336187,19,3147,1,2,0,1,6.5772260833333336
147,161.27530493521672,170.92220910759201,0.059816375335643525,0.49999660378856814,-3.3962114318608627e-06,36.103825282309181,0.3865972222222222,0.23083333333333333,0.040000000000000001,1,0,0,26025.099034915289,0.016099743541715502,0,1,0.040000000000000001,0.15000000000000002,0,1,0,0,0,0,0,0,0,0.30749945725153816,0.98054636416212382,0.92330470324611835,0.95973388743776333,0.91430847390313075,0.15000000000000002,1,0.98054636416212382,0.92330470324611835,0.98054636416212382,0.92330470324611824,0,0.40875,0.02476610829116406,0.61915270727910154,0.30749945725153816,0.0018119579286145458,0.0018119579286145456,0.023146042552932719,0.021370849950657571,17,3164,1,2,0,1,5.8348641666666667
148,161.31678560591462,171.04972807447302,0.060334344203555414,0.4999968181261944,-3.1818738056021978e-06,36.007244809139529,0.38527777777777777,0.23020833333333332,0.040000000000000001,1,0,0,26039.096187141589,0.01461600634342438,0,1,0.040000000000000001,0.15000000000000002,0,1,0,0,0,0,0,0,0,0.31355644518939213,0.9792000493601426,0.93385524354110649,0.95973388743776333,0.91754829029860896,0.15000000000000002,1,0.9792000493601426,0.93385524354110649,0.9792000493601426,0.93385524354110649,0,0.38534722222222223,0.022862430802920761,0.57156077007301898,0.31355644518939213,0.0018476490723180598,0.0018476490723180602,0.022238770387732653,0.020767792336490825,18,3182,1,2,0,1,6.195090041666667
149,161.35962863981314,171.1829483117302,0.060878422655797446,0.49999680571667443,-3.1942833255693692e-06,35.917963581138132,0.38381944444444444,0.22944444444444445,0.040000000000000001,1,0,0,26051.429381321435,0.013175165893786029,0,1,0.040000000000000001,0.15000000000000002,0,1,0,0,0,0,0,0,0,0.29784930355504291,0.97952259001805297,0.93959027909487391,0.95973388743776333,0.91915119525517597,0.15000000000000002,1,0.97952259001805297,0.93959027909487391,0.97952259001805297,0.93959027909487403,0,0.40944444444444444,0.024861535678794195,0.62153839196985483,0.29784930355504291,0.0017550938526288442,0.0017550938526288435,0.021411432082684638,0.020117973446390595,17,3199,1,2,0,1,5.8711064999999998
150,161.40088935195959,171.3086575060087,0.061386081537900872,0.49999688061074471,-3.1193892552905389e-06,35.822425194626994,0.38256944444444446,0.22868055555555555,0.040000000000000001,1,0,0,26065.536844379294,0.011826871498575661,0,1,0.040000000000000001,0.15000000000000002,0,1,0,0,0,0,0,0,0,0.31131703272103506,0.98531665899648035,0.94431053602667503,0.96376817688657379,0.92009505360840704,0.15000000000000002,1,0.98531665899648035,0.94431053602667503,0.98531665899648035,0.94431053602667514,0,0.40284722222222225,0.023078632884178135,0.57696582210445335,0.31131703272103506,0.0018344532077993181,0.0018344532077993172,0.020856723141996086,0.019695223409978282,18,3217,1,2,0,1,6.1887030833333334
151,161.4451734442487,171.4456249785286,0.061943329248757784,0.4999968498469804,-3.150153019604307e-06,35.729794404647173,0.38166666666666665,0.22784722222222223,0.040000000000000001,1,0,0,26078.975059882505,0.010574659788553769,0,1,0.040000000000000001,0.15000000000000002,0,1,0,0,0,0,0,0,0,0.31021586819791136,0.98511200476449778,0.94900490795771486,0.96376817688657379,0.92009505360840704,0.15000000000000002,1,0.98511200476449778,0.94900490795771486,0.98511200476449778,0.94900490795771486,0,0.34576388888888887,0.027156385246429361,0.678909631160734,0.31021586819791136,0.001827964533620128,0.0018279645336201278,0.020122867105532839,0.019096699645331519,18,3235,1,2,0,1,6.3044190416666668
152,161.48759280583917,171.57395896404711,0.062459078019294297,0.49999696618834133,-3.0338116586703379e-06,35.641099209689983,0.37986111111111109,0.22694444444444445,0.040000000000000001,1,0,0,26092.033620724666,0.0094413377071131902,0,1,0.040000000000000001,0.15000000000000002,0,1,0,0,0,0,0,0,0,0.29403208116874985,0.98817561940577703,0.95545632682678971,0.96884954539420509,0.92009505360840704,0.15000000000000002,1,0.98817561940577703,0.95545632682678971,0.98817561940577703,0.95545632682678983,0,0.39097222222222222,0.02086793623680246,0.52169840592006145,0.29403208116874985,0.0017326006540068031,0.0017326006540068024,0.019360355440614038,0.018497974095350141,17,3252,1,2,0,1,5.8407234166666671
153,161.52687812680054,171.70094076280594,0.062986809093274504,0.49999697180256275,-3.0281974372492471e-06,35.547381091609928,0.37895833333333334,0.22541666666666665,0.040000000000000001,1,0,0,26105.650294846215,0.0084212702364846025,0,1,0.040000000000000001,0.15000000000000002,0,1,0,0,0,0,0,0,0,0.31005548318690618,0.99158521089116858,0.96025690950691611,0.96979591438896651,0.92009505360840704,0.15000000000000002,1,0.99158521089116858,0.96025690950691611,0.99158521089116858,0.960256909506916,0,0.1925,0.023159879915562027,0.57899699788905068,0.31005548318690618,0.001827019455879441,0.001827019455879441,0.018610921284245976,0.017871265755486528,18,3270,1,2,0,1,6.229173958333333
154,161.56712451511007,171.83794335379324,0.063569979780896721,0.49999701713122696,-2.9828687730382164e-06,35.461121804454734,0.3782638888888889,0.22472222222222221,0.040000000000000001,1,0,0,26117.404852736629,0.0075636180756345059,0,1,0.040000000000000001,0.15000000000000002,0,1,0,0,0,0,0,0,0,0.29155888176764722,0.9869051481761959,0.96282985852587077,0.97464863955322933,0.92009505360840704,0.15000000000000002,1,0.9869051481761959,0.96282985852587077,0.9869051481761959,0.962829858525871,0,0.42479166666666668,0.020704727944162157,0.51761819860405389,0.29155888176764722,0.001718027186775585,0.0017180271867755852,0.018318583372714387,0.017637679037144961,17,3287,1,2,0,1,5.8824683333333336
155,161.60315988912825,171.96753846911585,0.064134751988131511,0.49999705364125413,-2.9463587458700147e-06,35.377716207723246,0.37756944444444446,0.22444444444444445,0.040000000000000001,1,0,0,26128.275002489037,0.00693898792015743,0,1,0.040000000000000001,0.15000000000000002,0,1,0,0,0,0,0,0,0,0.28425365523041884,0.98459156561135452,0.96557173573588795,0.97740536638481434,0.92009505360840704,0.15000000000000002,1,0.98459156561135452,0.96557173573588795,0.98459156561135452,0.96557173573588806,0,0.13951388888888888,0.02241151634611141,0.56028790865278522,0.28425365523041884,0.0016749807265874341,0.0016749807265874341,0.018066109973878974,0.017444125165473758,17,3304,1,2,0,1,5.958515291666667
156,161.63709755328492,172.08979213359748,0.064667670593792706,0.49999715543396683,-2.8445660331666289e-06,35.28795326968897,0.37666666666666665,0.22305555555555556,0.040000000000000001,1,0,0,26140.375319433209,0.0064495307659996112,0,1,0.040000000000000001,0.15000000000000002,0,1,0,0,0,0,0,0,0,0.29920784204114093,0.99130188276824638,0.96843258565331514,0.97936131968909779,0.92050437182880807,0.15000000000000002,1,0.99130188276824638,0.96843258565331514,0.99130188276824638,0.96843258565331547,0,0.33090277777777777,0.026330912155756565,0.65827280389391407,0.29920784204114093,0.0017630991174290341,0.0017630991174290346,0.017792845735659195,0.017231171601914997,18,3322,1,2,0,1,6.2531849166666671
157,161.67309013790623,172.218534889491,0.065226963513776867,0.49999718879964333,-2.811200356667154e-06,35.199908701258359,0.37527777777777777,0.22187499999999999,0.040000000000000001,1,0,0,26151.428561984441,0.0061054649627940751,0,1,0.040000000000000001,0.15000000000000002,0,1,0,0,0,0,0,0,0,0.29755476417478627,0.98684976674608371,0.97050344901771213,0.9800344770900884,0.92857997339361242,0.15000000000000002,1,0.98684976674608371,0.97050344901771213,0.98684976674608371,0.97050344901771213,0,0.12118055555555556,0.019441461034823047,0.48603652587057616,0.29755476417478627,0.0017533582626862944,0.0017533582626862948,0.017734246069730942,0.017211146976402684,18,3340,1,2,0,1,6.2450030833333336
158,161.70734873076327,172.35122689260109,0.065821858099717412,0.49999714635646342,-2.8536435365822399e-06,35.112064028788147,0.37472222222222223,0.22055555555555556,0.040000000000000001,1,0,0,26162.446833616985,0.0058043730970581122,0,1,0.040000000000000001,0.15000000000000002,0,1,0,0,0,0,0,0,0,0.29977933328216355,0.9927164097368617,0.97135478857943625,0.98084158526055853,0.93672276131799026,0.15000000000000002,1,0.9927164097368617,0.97135478857943625,0.9927164097368617,0.97135478857943625,0,0.28937499999999999,0.019053750872065112,0.47634377180162779,0.29977933328216355,0.0017664666618616659,0.0017664666618616663,0.017653063659274548,0.017147387918533957,18,3358,1,2,0,1,6.2655583333333329
159,161.74298731555734,172.48582689307037,0.066419198481563579,0.49999709389957409,-2.9061004259145484e-06,35.022227530804308,0.37395833333333334,0.21930555555555556,0.040000000000000001,1,0,0,26174.41064446887,0.0055533882429832874,0,1,0.040000000000000001,0.15000000000000002,0,1,0,0,0,0,0,0,0,0.30496723357993999,0.9960682130150903,0.97245947974247626,0.98286418598517389,0.94195040756077453,0.15000000000000002,1,0.9960682130150903,0.97245947974247626,0.9960682130150903,0.97245947974247615,0,0.27000000000000002,0.019619629202824618,0.49049073007061544,0.30496723357993999,0.0017970366575339779,0.0017970366575339786,0.01769500646417968,0.017207676780195927,18,3376,1,2,0,1,6.2280867083333336
160,161.78012294856711,172.62493600855129,0.06703427381763051,0.49999697481825389,-3.0251817461079966e-06,34.929190446736499,0.37319444444444444,0.21840277777777778,0.040000000000000001,1,0,0,26186.910264550977,0.0053512160646735909,0,1,0.040000000000000001,0.15000000000000002,0,1,0,0,0,0,0,0,0,0.31107536985909878,0.99570808271877354,0.97382529105882143,0.98485178518792615,0.946657721992195,0.15000000000000002,1,0.99570808271877354,0.97382529105882143,0.99570808271877354,0.97382529105882132,0,0.11215277777777778,0.019820255252562691,0.49550638131406727,0.31107536985909878,0.0018330291957290175,0.0018330291957290178,0.017693582452109381,0.017230458081298673,18,3394,1,2,0,1,6.3333120000000003
161,161.8172081107418,172.77005531637306,0.067686541706587403,0.49999707824074169,-2.9217592583119512e-06,34.842693352154072,0.37222222222222223,0.2175,0.040000000000000001,1,0,0,26197.81623545639,0.0051710192280691493,0,1,0.040000000000000001,0.15000000000000002,0,1,0,0,0,0,0,0,0,0.29636858298604768,0.9925966227955848,0.97609280925409336,0.98521433188048912,0.95223061739225234,0.15000000000000002,1,0.9925966227955848,0.97609280925409336,0.9925966227955848,0.97609280925409314,0,0.38069444444444445,0.019408363207104987,0.48520908017762465,0.29636858298604768,0.0017463686230006863,0.0017463686230006861,0.017611986541489939,0.017190933419828199,17,3411,1,2,0,1,5.9087846666666666
162,161.85053522366528,172.90328061835709,0.068289829127952825,0.49999704811050777,-2.951889492230908e-06,34.748686618610378,0.3717361111111111,0.2167361111111111,0.040000000000000001,1,0,0,26209.939539298142,0.0050197553255288685,0,1,0.040000000000000001,0.15000000000000002,0,1,0,0,0,0,0,0,0,0.31360781937047461,0.99719106603778929,0.97856035967603672,0.98608321287128198,0.95785661816685286,0.15000000000000002,1,0.99719106603778929,0.97856035967603672,0.99719106603778929,0.97856035967603661,0,0.45027777777777778,0.022660186172401859,0.56650465431004648,0.31360781937047461,0.0018479517975832375,0.0018479517975832371,0.017727337685066374,0.017347269941197112,18,3429,1,2,0,1,6.2469573333333335
163,161.88585500560265,173.04667628893009,0.068942535361975726,0.49999713947489022,-2.860525109782408e-06,34.663833202655738,0.37048611111111113,0.21590277777777778,0.040000000000000001,1,0,0,26220.067309633974,0.0048933984164897092,1,2,0.02,0.15000000000000002,0,1,0,0,0,0,0,0,0,0.29472026796430484,0.99295263047217397,0.98162243523428183,0.98687745746113986,0.96154338401639339,0.15000000000000002,1,0.99295263047217397,0.98162243523428183,0.99295263047217397,0.98162243523428183,0,0.46395833333333331,0.018714599176490435,0.46786497941226085,0.29472026796430484,0.0017366558335889695,0.0017366558335889695,0.017636974062775902,0.017312849429665947,17,3446,1,2,0,1,6.0021223333333333
164,161.91719272645099,173.18069502317496,0.069563349679320069,0.49999715088987295,-2.8491101270455843e-06,34.569622138761211,0.36944444444444446,0.21451388888888889,0.040000000000000001,1,0,0,26231.852039966052,0.0047838522367277076,1,2,0.02,0.15000000000000002,0,1,0,0,0,0,0,0,0,0.31208197758573258,0.98661680638428251,0.9829045770729683,0.98687745746113986,0.96420079713087936,0.15000000000000002,1,0.98661680638428251,0.9829045770729683,0.98661680638428251,0.9829045770729683,0,0.46055555555555555,0.018667264708917834,0.46668161772294581,0.31208197758573258,0.0018389606886414969,0.0018389606886414973,0.017757907564641819,0.017454328624525131,18,3464,1,2,0,1,6.4709385416666665
165,161.95254201285184,173.32380666362209,0.070213560771820949,0.49999713755398456,-2.8624460154391684e-06,34.477587579386878,0.36895833333333333,0.21375,0.040000000000000001,1,0,0,26242.698892854965,0.004685713969947174,1,2,0.02,0.15000000000000002,0,1,0,0,0,0,0,0,0,0.31506230078764125,0.99548503058516091,0.98305245037354405,0.98754038379098641,0.96700216069460154,0.15000000000000002,1,0.99548503058516091,0.98305245037354405,0.99548503058516091,0.98305245037354427,0,0.13187499999999999,0.019255957993494745,0.48139894983736864,0.31506230078764125,0.0018565224115264737,0.0018565224115264737,0.017939449249580859,0.0176354195431523,18,3482,1,2,0,1,6.5471752499999996
166,161.98595517288939,173.47141322233861,0.070904036323338443,0.49999708860707054,-2.9113929294610763e-06,34.382380297013967,0.36854166666666666,0.21284722222222222,0.040000000000000001,1,0,0,26253.930163956342,0.0046128746360056235,1,2,0.02,0.15000000000000002,0,1,0,0,0,0,0,0,0,0.32522657786519726,0.99258019111624052,0.98314273533256535,0.9897387510870117,0.96946801733551369,0.15000000000000002,1,0.99258019111624052,0.98314273533256535,0.99258019111624052,0.98314273533256535,0,0.13423611111111111,0.018117531528371502,0.45293828820928755,0.32522657786519726,0.0019164159885881307,0.0019164159885881305,0.018092766120739952,0.017787771573676645,18,3500,1,2,0,1,6.4736159583333333
167,162.01906399430891,173.63067132891661,0.071668154650094559,0.49999706791417003,-2.9320858299652919e-06,34.288711689455873,0.36756944444444445,0.21166666666666667,0.040000000000000001,1,0,0,26264.581103053453,0.0045530104365885237,1,2,0.02,0.15000000000000002,0,1,0,0,0,0,0,0,0,0.32649397228530963,0.99645358615232571,0.98244751096753613,0.99144354682970748,0.97092911879857424,0.15000000000000002,1,0.99645358615232571,0.98244751096753613,0.99645358615232571,0.98244751096753602,0,0.31138888888888888,0.018400276758906198,0.46000691897265494,0.32649397228530963,0.0019238841818289595,0.0019238841818289599,0.018263292039882615,0.017942725806655891,18,3518,1,2,0,1,6.5063182916666671
168,162.05268458298076,173.78838371960242,0.072419035616853825,0.49999684729094335,-3.1527090566529914e-06,34.193676439305705,0.36618055555555556,0.21041666666666667,0.040000000000000001,1,0,0,26276.706828380116,0.004500314131089758,1,2,0.02,0.15000000000000002,0,1,0,0,0,0,0,0,0,0.3626185253407756,0.98024818515353584,0.98025640805391467,0.99144354682970748,0.9719071341609562,0.15000000000000002,1,0.98024818515353584,0.98025640805391467,0.98024818515353584,0.98025640805391467,0,0.18812499999999999,0.018724818260155252,0.46812045650388129,0.3626185253407756,0.002136750152102736,0.0021367501521027364,0.018633575530123687,0.018265681818360364,18,3536,1,2,0,1,6.8503575416666669
169,162.08170538657524,174.02625652777476,0.073694628969450976,0.49999702547790609,-2.9745220939125794e-06,34.098141458123287,0.36499999999999999,0.20965277777777777,0.040000000000000001,1,0,0,26285.366980049119,0.0044633704066794197,1,2,0.02,0.15000000000000002,0,1,0,0,0,0,0,0,0,0.32055273103272552,0.97438878450485211,0.98033459784550769,0.99144354682970748,0.9731423854006489,0.15000000000000002,1,0.97438878450485211,0.98033459784550769,0.97438878450485211,0.98033459784550769,0,0.4613888888888889,0.019247978036285723,0.48119945090714306,0.32055273103272552,0.0018888750820092305,0.0018888750820092305,0.018725413954598938,0.018357171158672407,17,3553,1,2,0,1,6.4998754999999999
170,162.11943158152664,174.19735233604669,0.074500142498009583,0.49999698867385495,-3.0113261450526174e-06,34.009788344107925,0.36409722222222224,0.20902777777777778,0.040000000000000001,1,0,0,26296.478460015915,0.0044152347157295543,1,2,0.02,0.15000000000000002,0,1,0,0,0,0,0,0,0,0.31538284454310062,0.99451518860091614,0.98103041484005871,0.99208270100370455,0.97495905015645734,0.15000000000000002,1,0.99451518860091614,0.98103041484005871,0.99451518860091614,0.98103041484005871,0,0.37743055555555555,0.019729318925199253,0.49323297312998132,0.31538284454310062,0.0018584112337194098,0.0018584112337194094,0.018750795992589331,0.018395101171191221,17,3570,1,2,0,1,6.6892383750000004
171,162.15672336359808,174.3394372239124,0.075129255251399407,0.49999684171594405,-3.1582840559485348e-06,33.90965454082199,0.36326388888888889,0.20868055555555556,0.040000000000000001,1,0,0,26310.011047858217,0.0043680118814166799,1,2,0.02,0.15000000000000002,0,1,0,0,0,0,0,0,0,0.32938851746860492,0.99575325437743489,0.98250865281326605,0.99258840695591266,0.97732658446506504,0.15000000000000002,1,0.99575325437743489,0.98250865281326605,0.99575325437743489,0.98250865281326627,0,0.40541666666666665,0.020829322423689064,0.52073306059222657,0.32938851746860492,0.0019409404528919509,0.0019409404528919504,0.018945367822480599,0.018613987816317214,17,3587,1,2,0,1,6.176441791666667
172,162.19397136880013,174.49625655241186,0.075849213628529574,0.4999968831865968,-3.1168134032033556e-06,33.819364059927729,0.36249999999999999,0.208125,0.040000000000000001,1,0,0,26321.483468850751,0.004340605961338867,1,2,0.02,0.15000000000000002,0,1,0,0,0,0,0,0,0,0.32943273534339096,0.9960441270034992,0.98489813114447877,0.99265651626622331,0.97940838386497564,0.15000000000000002,1,0.9960441270034992,0.98489813114447877,0.9960441270034992,0.98489813114447877,0,0.39819444444444446,0.022435247508781994,0.56088118771954987,0.32943273534339096,0.0019412010092178748,0.0019412010092178743,0.019038617034115232,0.018751098336475532,17,3604,1,2,0,1,6.1045685416666666
173,162.23066213038456,174.64262788026011,0.076508137160286441,0.49999666551264732,-3.3344873526797159e-06,33.716966709703733,0.36118055555555556,0.20749999999999999,0.040000000000000001,1,0,0,26335.182204808381,0.0043143275281821861,1,2,0.02,0.15000000000000002,0,1,0,0,0,0,0,0,0,0.34541790242690451,0.98979994668164528,0.98619561369583408,0.99265651626622331,0.98029550294971113,0.15000000000000002,1,0.98979994668164528,0.98619561369583408,0.98979994668164528,0.98619561369583397,0,0.40861111111111109,0.027976010134666614,0.69940025336666534,0.34541790242690451,0.0020353945095774781,0.0020353945095774777,0.01933735571010374,0.019070415381780399,17,3621,1,2,0,1,5.7856401249999996
174,162.26712016128306,174.82496865115468,0.077389975722684454,0.49999670356169279,-3.2964383072098258e-06,33.618486499634251,0.35993055555555553,0.20708333333333334,0.040000000000000001,1,0,0,26346.992183517625,0.0043151080266055049,1,3,0.01,0.15000000000000002,0,1,0,0,0,0,0,0,0,0.34246774174542527,0.99228301010492026,0.98643064607439312,0.99265651626622331,0.9806825063427832,0.15000000000000002,1,0.99228301010492026,0.98643064607439312,0.99228301010492026,0.98643064607439312,0,0.15493055555555554,0.032970742109267634,0.82426855273169086,0.34246774174542527,0.0020180105210486124,0.0020180105210486129,0.019516405542510856,0.019251580528348852,17,3638,1,2,0,1,5.7637351250000002
175,162.30350390735521,174.98828267051709,0.078154682171264228,0.49999668922652613,-3.3107734738746508e-06,33.528328500155858,0.35930555555555554,0.20694444444444443,0.040000000000000001,1,0,0,26357.960278866063,0.0043158685371766509,1,3,0.01,0.15000000000000002,0,1,0,0,0,0,0,0,0,0.32462324742432969,0.98998647871472878,0.98600253458841447,0.99265651626622331,0.98132642503717027,0.15000000000000002,1,0.98998647871472878,0.98600253458841447,0.98998647871472878,0.98600253458841458,0,0.35951388888888891,0.032134419321275212,0.80336048303188023,0.32462324742432969,0.001912860829871183,0.001912860829871183,0.019572743960855569,0.019298775154253673,16,3654,1,2,0,1,5.4045013749999997
176,162.33660289432393,175.13867486970409,0.078861278030524687,0.49999678730652147,-3.21269347852704e-06,33.434172574806311,0.35854166666666665,0.20604166666666668,0.040000000000000001,1,0,0,26369.30909908735,0.0043171806167137628,1,3,0.01,0.15000000000000002,0,1,0,0,0,0,0,0,0,0.33594967236973472,0.97989242796743736,0.98395632199584071,0.99265651626622331,0.98203497310090904,0.15000000000000002,1,0.97989242796743736,0.98395632199584071,0.97989242796743736,0.98395632199584071,0,0.24090277777777777,0.030485752239473866,0.76214380598684661,0.33594967236973472,0.0019796024289169861,0.0019796024289169861,0.019635930401184422,0.019320897856515737,17,3671,1,2,0,1,5.7246352083333329
177,162.37189472478701,175.28682529037809,0.079539199733311597,0.49999666625999795,-3.3337400020538865e-06,33.343235119118511,0.35784722222222221,0.20506944444444444,0.040000000000000001,1,0,0,26380.054826240161,0.0043222710498551859,1,3,0.01,0.15000000000000002,0,1,0,0,0,0,0,0,0,0.33319146604624039,0.98651332998212193,0.98114891857268238,0.99265651626622331,0.98203497310090904,0.15000000000000002,1,0.98651332998212193,0.98114891857268238,0.98651332998212193,0.98114891857268216,0,0.16222222222222221,0.031798103445829166,0.79495258614572917,0.33319146604624039,0.0019633495422898654,0.0019633495422898654,0.019675395761645325,0.019304493274027848,17,3688,1,2,0,1,5.9583400833333338
178,162.40585776554417,175.42370557958714,0.080156270181067427,0.49999678418888882,-3.2158111111790788e-06,33.249298999992149,0.35680555555555554,0.20423611111111112,0.040000000000000001,1,0,0,26391.801748241567,0.0043292599628239163,1,3,0.01,0.15000000000000002,0,1,0,0,0,0,0,0,0,0.33994075891398901,0.97652864856989308,0.980397149957147,0.99258840695591266,0.98203497310090904,0.15000000000000002,1,0.97652864856989308,0.980397149957147,0.97652864856989308,0.98039714995714689,0,0.41993055555555553,0.025042177018647929,0.62605442546619827,0.33994075891398901,0.0020031201319148577,0.0020031201319148577,0.019541765741457447,0.019158691438055094,17,3705,1,2,0,1,5.7410195000000002
179,162.4367713607237,175.60339177517562,0.081056895579466937,0.49999675712732899,-3.2428726710054256e-06,33.164687478566918,0.35604166666666665,0.20368055555555556,0.040000000000000001,1,0,0,26401.436348666808,0.0043305573977661695,1,3,0.01,0.15000000000000002,0,1,0,0,0,0,0,0,0,0.35482679747624102,0.98295591012766814,0.97599434137450369,0.99243160061058044,0.98203497310090904,0.15000000000000002,1,0.98295591012766814,0.97599434137450369,0.98295591012766814,0.97599434137450347,0,0.33000000000000002,0.029629151438167464,0.74072878595418656,0.35482679747624102,0.0020908369553512981,0.0020908369553512985,0.019743727614799512,0.019269766429683852,17,3722,1,2,0,1,5.7935124583333337
180,162.46495561335445,175.80060532306075,0.082083238562803792,0.49999687319940944,-3.1268005905582541e-06,33.070047778054722,0.3552777777777778,0.20298611111111112,0.040000000000000001,1,0,0,26410.906444473781,0.0043482138850331259,1,3,0.01,0.15000000000000002,0,1,0,0,0,0,0,0,0,0.3325704008607524,0.96747163149885662,0.97246759411278072,0.99113474440982452,0.98203497310090904,0.15000000000000002,1,0.96747163149885662,0.97246759411278072,0.96747163149885662,0.9724675941127805,0,0.31069444444444444,0.034636871953493367,0.86592179883733411,0.3325704008607524,0.0019596898805880536,0.0019596898805880531,0.019845006261668158,0.019298625494437501,17,3739,1,2,0,1,6.1049367500000002
181,162.50265990110125,175.94083541343616,0.082695111086263762,0.49999698057538838,-3.019424611616639e-06,32.977949417825755,0.35381944444444446,0.2026388888888889,0.040000000000000001,1,0,0,26422.782953689355,0.0043649137190657347,1,3,0.01,0.15000000000000002,0,1,0,0,0,0,0,0,0,0.33147177151618701,0.98870414907897519,0.97061266528391099,0.98989321269818698,0.98203497310090904,0.15000000000000002,1,0.98870414907897519,0.97061266528391099,0.98870414907897519,0.97061266528391099,0,0.14305555555555555,0.030236777915244779,0.75591944788111942,0.33147177151618701,0.0019532161450917808,0.0019532161450917808,0.019857281953867989,0.019273729362537916,17,3756,1,2,0,1,6.1773594166666665
182,162.53731195999089,176.0758172130341,0.083294753000318855,0.49999690702920241,-3.092970797591299e-06,32.903052477430585,0.3528472222222222,0.2023611111111111,0.040000000000000001,1,0,0,26431.245542995883,0.0043652464515013664,1,3,0.01,0.15000000000000002,0,1,0,0,0,0,0,0,0,0.28112173872152346,0.97719960319292742,0.96922132470169131,0.98925204788031018,0.98203497310090904,0.15000000000000002,1,0.97719960319292742,0.96922132470169131,0.97719960319292742,0.96922132470169142,0,0.19958333333333333,0.029985698730328483,0.74964246825821201,0.28112173872152346,0.0016565257315745172,0.0016565257315745172,0.019572606676224635,0.018970187770595608,14,3770,1,2,0,1,4.8754742083333333
183,162.56745441813078,176.18958788768111,0.083793730536701375,0.49999682211582319,-3.1778841768081989e-06,32.804023285100762,0.35152777777777777,0.20208333333333334,0.040000000000000001,1,0,0,26445.085869780032,0.0043566101944825944,1,3,0.01,0.15000000000000002,0,1,0,0,0,0,0,0,0,0.33848860457684432,0.97284041217057249,0.96771057813123473,0.98766047773162891,0.9817982147701092,0.15000000000000002,1,0.97284041217057249,0.96771057813123473,0.97284041217057249,0.96771057813123462,0,0.44972222222222225,0.031250877120210546,0.78127192800526368,0.33848860457684432,0.001994563230422154,0.001994563230422154,0.019531775397069309,0.018901105661427369,17,3787,1,2,0,1,5.7842353749999997
184,162.60449994748512,176.3552901291466,0.084565864942867122,0.49999668474430714,-3.3152556928595089e-06,32.735763366622379,0.35090277777777779,0.20208333333333334,0.040000000000000001,1,0,0,26451.798154935877,0.0043348737281856892,1,3,0.01,0.15000000000000002,0,1,0,0,0,0,0,0,0,0.27961230117782532,0.98567686217717221,0.96745743524402661,0.98760873953054862,0.98108966670637054,0.15000000000000002,1,0.98567686217717221,0.96745743524402661,0.98567686217717221,0.96745743524402639,0,0.48180555555555554,0.029096998482953041,0.72742496207382601,0.27961230117782532,0.0016476312855501294,0.0016476312855501299,0.019161396161570823,0.018537835186168045,14,3801,1,2,0,1,4.8728657916666664
185,162.63442471995577,176.45502949203296,0.084979577945291901,0.49999674798678312,-3.2520132168811777e-06,32.635497427706177,0.35020833333333334,0.20131944444444444,0.040000000000000001,1,0,0,26466.781916763623,0.0042936720823483114,1,3,0.01,0.15000000000000002,0,1,0,0,0,0,0,0,0,0.34028518453196299,0.98290913801792956,0.96781357917564304,0.98609509607964707,0.98071378239860285,0.15000000000000002,1,0.98290913801792956,0.96781357917564304,0.98290913801792956,0.96781357917564292,0,0.51472222222222219,0.029840954774723316,0.74602386936808285,0.34028518453196299,0.0020051496793322223,0.0020051496793322223,0.019253685011031866,0.018633977802847181,17,3818,1,2,0,1,5.7777789583333332
186,162.66836503224576,176.60319113017636,0.085664020137955502,0.49999700718674123,-2.9928132587730971e-06,32.553252150176917,0.34972222222222221,0.20104166666666667,0.040000000000000001,1,0,0,26475.854470301529,0.0042673095004356152,1,3,0.01,0.15000000000000002,0,1,0,0,0,0,0,0,0,0.31907841297761941,0.97846032345142675,0.96778150147590558,0.98431638615242023,0.98036587390132734,0.15000000000000002,1,0.97846032345142675,0.96778150147590558,0.97846032345142675,0.96778150147590569,0,0.4604861111111111,0.033501504699315926,0.83753761748289812,0.31907841297761941,0.0018801875795559698,0.0018801875795559698,0.019154270161670851,0.018537148336736954,17,3835,1,2,0,1,6.1952146250000002
187,162.69987554643004,176.70893879743926,0.086103712150728873,0.49999729754111594,-2.7024588840629526e-06,32.46991578301742,0.34902777777777777,0.20104166666666667,0.040000000000000001,1,0,0,26485.721524377419,0.0042318718303758149,1,3,0.01,0.15000000000000002,0,1,0,0,0,0,0,0,0,0.30416736408397022,0.95741165412721652,0.96704397594675973,0.98293252407279885,0.98029550294971113,0.15000000000000002,1,0.95741165412721652,0.96704397594675973,0.95741165412721652,0.96704397594675973,0,0.17152777777777778,0.025527555747959306,0.63818889369898268,0.30416736408397022,0.0017923233813284404,0.0017923233813284404,0.018983244000709425,0.018357631754813517,17,3852,1,2,0,1,6.1870782499999999
188,162.73065904746846,176.81761071746027,0.086566058003136631,0.49999724529151174,-2.754708488261759e-06,32.39135783251556,0.34861111111111109,0.20069444444444445,0.040000000000000001,1,0,0,26494.262214185575,0.0041927662666262789,1,3,0.01,0.15000000000000002,0,1,0,0,0,0,0,0,0,0.29920299667252287,0.98363419955904052,0.96367444011882508,0.98329505484335433,0.97816446961000569,0.15000000000000002,1,0.98363419955904052,0.96367444011882508,0.98363419955904052,0.9636744401188253,0,0.18493055555555554,0.025699203365035245,0.64248008412588109,0.29920299667252287,0.001763070565820641,0.001763070565820641,0.01874319443461521,0.018062337402816091,17,3869,1,2,0,1,6.2074321250000004
189,162.76146372994063,176.921127433473,0.086996414132933644,0.49999728759044748,-2.7124095525188352e-06,32.313784320997023,0.34819444444444442,0.19965277777777779,0.040000000000000001,1,0,0,26503.542057841223,0.0041429663921864358,1,3,0.01,0.15000000000000002,0,1,0,0,0,0,0,0,0,0.29097053867288059,0.97402620178180077,0.96209255311843167,0.98329505484335433,0.97423096774364226,0.15000000000000002,1,0.97402620178180077,0.96209255311843167,0.97402620178180077,0.96209255311843167,0,0.11888888888888889,0.029229926728322045,0.73074816820805111,0.29097053867288059,0.0017145603418424703,0.0017145603418424703,0.018366917821106381,0.017670674859424661,17,3886,1,2,0,1,6.1986943749999996
190,162.79103978960359,177.020526684326,0.08740952151367215,0.49999728604435745,-2.7139556425526123e-06,32.238480573750216,0.34715277777777775,0.19930555555555557,0.040000000000000001,1,0,0,26512.540986035066,0.0040881506658924354,1,3,0.01,0.15000000000000002,0,1,0,0,0,0,0,0,0,0.28012250863134885,0.99359147328378017,0.96111722562514568,0.98329505484335433,0.97154012969834591,0.15000000000000002,1,0.99359147328378017,0.96111722562514568,0.99359147328378017,0.96111722562514534,0,0.3790277777777778,0.03296678335732571,0.82416958393314277,0.28012250863134885,0.001650637711801783,0.0016506377118017837,0.018057865652320107,0.017355725736469513,16,3902,1,2,0,1,5.940477041666667
191,162.81974668545908,177.11502548019132,0.087798188400012467,0.49999737677921757,-2.6232207824272713e-06,32.148979569054802,0.34618055555555555,0.19895833333333332,0.040000000000000001,1,0,0,26524.603981316643,0.0040378472621441343,1,3,0.01,0.15000000000000002,0,1,0,0,0,0,0,0,0,0.3168304143267201,0.97679222693158541,0.96065013097473773,0.98293252407279885,0.96991699499280115,0.15000000000000002,1,0.97679222693158541,0.96065013097473773,0.97679222693158541,0.96065013097473773,0,0.23715277777777777,0.024852953957686632,0.62132384894216575,0.3168304143267201,0.0018669411204713937,0.0018669411204713935,0.017971590627699721,0.017264410890324107,18,3920,1,2,0,1,6.7056758333333333
192,162.85373777862546,177.23672235461353,0.088318418552600406,0.4999973239677673,-2.6760322326957464e-06,32.064275230004384,0.34534722222222225,0.19868055555555555,0.040000000000000001,1,0,0,26534.671426965804,0.0039945988950275931,1,3,0.01,0.15000000000000002,0,1,0,0,0,0,0,0,0,0.31440734799770642,0.98623401499967611,0.95976920996542492,0.98293252407279885,0.96851745193866723,0.15000000000000002,1,0.98623401499967611,0.95976920996542492,0.98623401499967611,0.95976920996542481,0,0.39854166666666668,0.026828748055715092,0.67071870139287726,0.31440734799770642,0.001852663065200474,0.0018526630652004744,0.018167727961325677,0.017436825912308305,18,3938,1,2,0,1,6.6812852916666667
193,162.88594161976485,177.34940273639299,0.088795024130388908,0.49999735925012767,-2.6407498723290956e-06,31.983563368373432,0.34486111111111112,0.19875000000000001,0.040000000000000001,1,0,0,26544.18447853854,0.003968922543239323,1,3,0.01,0.15000000000000002,0,1,0,0,0,0,0,0,0,0.30129444165471619,0.99179152740425502,0.95997771227463036,0.98293252407279885,0.96779754032577436,0.15000000000000002,1,0.99179152740425502,0.95997771227463036,0.99179152740425502,0.95997771227463047,0,0.44368055555555558,0.02773644571667596,0.69341114291689898,0.30129444165471619,0.0017753945235655366,0.0017753945235655364,0.017948559254469063,0.017230216851730856,17,3955,1,2,0,1,6.2842310416666667
194,162.91391873367411,177.4564794760644,0.089265305600830555,0.49999745330713635,-2.5466928636475039e-06,31.901471078322331,0.34402777777777777,0.19888888888888889,0.040000000000000001,1,0,0,26553.73976385226,0.0039263351867897906,1,3,0.01,0.15000000000000002,0,1,0,0,0,0,0,0,0,0.2991148875938619,0.9860506073868992,0.96256650520449394,0.98293252407279885,0.96774603980357021,0.15000000000000002,1,0.9860506073868992,0.96256650520449394,0.9860506073868992,0.96256650520449383,0,0.13111111111111112,0.027439327791920796,0.68598319479801984,0.2991148875938619,0.0017625513780955972,0.0017625513780955965,0.018063479347014529,0.017387300186889328,17,3972,1,2,0,1,6.3547889166666662
195,162.94188482943875,177.57034720182094,0.089777176615421478,0.49999726645473302,-2.7335452669752236e-06,31.819993345081247,0.34319444444444447,0.1986111111111111,0.040000000000000001,1,0,0,26562.4984530246,0.0039139295352938423,1,3,0.01,0.15000000000000002,0,1,0,0,0,0,0,0,0,0.28930045279803229,0.98480541852776593,0.96684977690822349,0.98293252407279885,0.96758400668763067,0.15000000000000002,1,0.98480541852776593,0.96684977690822349,0.98480541852776593,0.96684977690822338,0,0.13708333333333333,0.031603122229733979,0.79007805574334944,0.28930045279803229,0.0017047192664485611,0.0017047192664485611,0.017763048934130866,0.017174199899174285,16,3988,1,2,0,1,5.5504414166666667
196,162.96788510887063,177.69485883355844,0.090367336575850263,0.49999748229390112,-2.517706098881245e-06,31.737067254332764,0.34208333333333335,0.19805555555555557,0.040000000000000001,1,0,0,26571.641229085042,0.0038627088809966756,1,3,0.01,0.15000000000000002,0,1,0,0,0,0,0,0,0,0.2985864312930262,0.97989396812860352,0.97131474040142152,0.98293252407279885,0.96758400668763067,0.15000000000000002,1,0.97989396812860352,0.97131474040142152,0.97989396812860352,0.97131474040142129,0,0.22729166666666667,0.022980235536369662,0.57450588840924155,0.2985864312930262,0.0017594374194799165,0.0017594374194799165,0.017642298774054811,0.017136224853805365,17,4005,1,2,0,1,5.9373746250000003
197,162.99571063980414,177.82885342877316,0.091003270765498939,0.49999742923265084,-2.5707673491637273e-06,31.660491787606066,0.34125,0.19798611111111111,0.040000000000000001,1,0,0,26579.299712933029,0.0038204421133434278,1,3,0.01,0.15000000000000002,0,1,0,0,0,0,0,0,0,0.29196862599937679,0.98709767654750591,0.9710364556239337,0.98293252407279885,0.96758400668763067,0.15000000000000002,1,0.98709767654750591,0.9710364556239337,0.98709767654750591,0.97103645562393381,0,0.39444444444444443,0.02159852905607295,0.5399632264018237,0.29196862599937679,0.001720441627815652,0.0017204416278156518,0.017570417020542024,0.017061515467461565,17,4022,1,2,0,1,6.1895529583333335
198,163.02321947203686,177.94179951139907,0.091511994964135618,0.49999752526687447,-2.4747331255348115e-06,31.579370372848192,0.34020833333333333,0.19805555555555557,0.040000000000000001,1,0,0,26588.568634741227,0.0037731917853059353,1,3,0.01,0.15000000000000002,0,1,0,0,0,0,0,0,0,0.29680164146748156,0.98970355485790218,0.97112607073875878,0.98329505484335433,0.96758400668763067,0.15000000000000002,1,0.98970355485790218,0.97112607073875878,0.98970355485790218,0.9711260707387589,0,0.41402777777777777,0.023611798340221386,0.59029495850553459,0.29680164146748156,0.0017489204445746216,0.0017489204445746216,0.017556266899296007,0.017049348490754263,17,4039,1,2,0,1,5.920809291666667
199,163.04638708282869,178.07676354290339,0.092184664309299724,0.49999770034148705,-2.299658512949776e-06,31.50197418944558,0.33923611111111113,0.19756944444444444,0.040000000000000001,1,0,0,26595.835840275762,0.0037409002749841359,1,3,0.01,0.15000000000000002,0,1,0,0,0,0,0,0,0,0.28655484246951241,0.98729113887141662,0.97019721676211246,0.98421980904340323,0.96758400668763067,0.15000000000000002,1,0.98729113887141662,0.97019721676211246,0.98729113887141662,0.97019721676211246,0,0.088124999999999995,0.019738918501380681,0.493472962534517,0.28655484246951241,0.0016885406024336259,0.0016885406024336254,0.017530247159887161,0.017007797003674451,17,4056,1,2,0,1,5.9534050000000001
200,163.06925480696094,178.20271828637939,0.092803904067221193,0.49999778483756108,-2.2151624389232794e-06,31.435201485981366,0.33826388888888886,0.19729166666666667,0.040000000000000001,1,0,0,26602.096861559861,0.0037023728484126754,1,3,0.01,0.15000000000000002,0,1,0,0,0,0,0,0,0,0.28707145527246641,0.9843618902279212,0.96921101196873183,0.98458365437784356,0.96758400668763067,0.15000000000000002,1,0.9843618902279212,0.96921101196873183,0.9843618902279212,0.96921101196873194,0,0.34458333333333335,0.020023269519786675,0.50058173799466688,0.28707145527246641,0.0016915847725687638,0.0016915847725687638,0.017571194220654143,0.017030194932099334,17,4073,1,2,0,1,6.4615249166666668
201,163.08867067193313,178.33381123567696,0.093477618653295305,0.49999781691613787,-2.1830838621283988e-06,31.362548221053725,0.33743055555555557,0.19673611111111111,0.040000000000000001,1,0,0,26608.791118955822,0.0036553179045642164,1,3,0.01,0.15000000000000002,0,1,0,0,0,0,0,0,0,0.28293017703819734,0.99194355256537325,0.96817552895054804,0.98458365437784356,0.96758400668763067,0.15000000000000002,1,0.99194355256537325,0.96817552895054804,0.99194355256537325,0.96817552895054804,0,0.14215277777777777,0.022122725042899038,0.55306812607247591,0.28293017703819734,0.0016671820565501646,0.0016671820565501646,0.017371435156732912,0.016818598421500033,17,4090,1,2,0,1,6.4383058333333336
202,163.10986895862575,178.46394089049301,0.094133310448320864,0.49999782952079702,-2.1704792029786368e-06,31.290696086011611,0.33659722222222221,0.19562499999999999,0.040000000000000001,1,0,0,26615.580165143201,0.0035873169207084271,1,3,0.01,0.15000000000000002,0,1,0,0,0,0,0,0,0,0.28335758127499161,0.98987196185178727,0.96809666398586314,0.98524114035246901,0.96758400668763067,0.15000000000000002,1,0.98987196185178727,0.96809666398586314,0.98987196185178727,0.96809666398586292,0,0.31506944444444446,0.024027647940379235,0.60069119850948083,0.28335758127499161,0.0016697005601680403,0.0016697005601680403,0.017188472651700478,0.016640103033123476,17,4107,1,2,0,1,6.4185603333333336
203,163.12913655205287,178.5947453952142,0.09480592596789976,0.49999788521033012,-2.1147896698825441e-06,31.218936524043084,0.33576388888888886,0.19527777777777777,0.040000000000000001,1,0,0,26621.772745617462,0.0035009121977504598,1,3,0.01,0.15000000000000002,0,1,0,0,0,0,0,0,0,0.28031404441645069,0.99257165788925272,0.96954369312648192,0.98586373478203571,0.96761946835996615,0.15000000000000002,1,0.99257165788925272,0.96954369312648192,0.99257165788925272,0.96954369312648192,0,0.058402777777777776,0.023086329904197411,0.57715824760493528,0.28031404441645069,0.0016517663472391613,0.0016517663472391619,0.017064844475374104,0.01654511233528325,17,4124,1,2,0,1,6.4026604583333331
204,163.14785226413525,178.72295298318252,0.095466170733472411,0.49999797518870132,-2.0248112986842592e-06,31.149010875220597,0.33486111111111111,0.19472222222222221,0.040000000000000001,1,0,0,26627.495102069181,0.00341843002680675,1,3,0.01,0.15000000000000002,0,1,0,0,0,0,0,0,0,0.27614913452831241,0.98650408130976852,0.9704608373108129,0.98614231119328766,0.96779754032577436,0.15000000000000002,1,0.98650408130976852,0.9704608373108129,0.98650408130976852,0.9704608373108129,0,0.065347222222222223,0.020954208989038003,0.52385522472595003,0.27614913452831241,0.0016272243803647157,0.0016272243803647157,0.016929517477643225,0.016429433706621685,17,4141,1,2,0,1,6.2851600833333334
205,163.16520198177801,178.8486755153528,0.096120210333366818,0.49999799627921299,-2.0037207870138296e-06,31.080373884845464,0.3338888888888889,0.19458333333333333,0.040000000000000001,1,0,0,26632.97036020891,0.0033107906757157239,1,3,0.01,0.15000000000000002,0,1,0,0,0,0,0,0,0,0.27397493802221207,0.98652049681543774,0.97118378540605588,0.98636904815472226,0.96793908273088436,0.15000000000000002,1,0.98652049681543774,0.97118378540605588,0.98652049681543774,0.97118378540605577,0,0.075555555555555556,0.020555134410173675,0.51387836025434186,0.27397493802221207,0.0016144128045889185,0.0016144128045889185,0.016839211015783579,0.016353968697560051,17,4158,1,2,0,1,5.9974102499999997
206,163.1819857399359,178.97750261168986,0.096796939932618356,0.49999804999221253,-1.9500077874656796e-06,31.011913115379798,0.33340277777777777,0.19430555555555556,0.040000000000000001,1,0,0,26638.024143042803,0.0032144017832067642,1,3,0.01,0.15000000000000002,0,1,0,0,0,0,0,0,0,0.26915008685041653,0.99354633114500113,0.97164886106441839,0.98651228906260313,0.96813609646820553,0.15000000000000002,1,0.99354633114500113,0.97164886106441839,0.99354633114500113,0.9716488610644185,0,0.10194444444444445,0.017051639728313309,0.4262909932078327,0.26915008685041653,0.0015859820964073145,0.0015859820964073145,0.01666575569271098,0.016193262537600471,17,4175,1,2,0,1,5.6146923333333332
207,163.19917694814004,179.10588013362693,0.097468035580483225,0.49999810679178758,-1.8932082124223371e-06,30.943527965757866,0.33270833333333333,0.19388888888888889,0.040000000000000001,1,0,0,26643.510065515762,0.0031024034701733144,1,3,0.01,0.15000000000000002,0,1,0,0,0,0,0,0,0,0.266122189927952,0.995091651893241,0.97325368978141147,0.98680908668147183,0.96869327045963993,0.15000000000000002,1,0.995091651893241,0.97325368978141147,0.995091651893241,0.97325368978141158,0,0.11520833333333333,0.018456061023381477,0.4614015255845369,0.266122189927952,0.0015681400426855766,0.0015681400426855762,0.016513454107580903,0.016071780141239118,17,4192,1,2,0,1,6.0417236250000004
208,163.21657813034145,179.23268164072303,0.09812792115756433,0.4999981559448981,-1.8440551018961138e-06,30.876207726987104,0.33180555555555558,0.19354166666666667,0.040000000000000001,1,0,0,26648.927617633337,0.0029906465809311118,1,3,0.01,0.15000000000000002,0,1,0,0,0,0,0,0,0,0.26201039841298451,0.99084227339008313,0.97494930493525467,0.98719440770946121,0.96937735254760682,0.15000000000000002,1,0.99084227339008313,0.97494930493525467,0.99084227339008313,0.97494930493525478,0,0.15340277777777778,0.018318231310342773,0.4579557827585693,0.26201039841298451,0.0015439110788267531,0.0015439110788267529,0.016308444741833034,0.015899906865625126,17,4209,1,2,0,1,6.2947320833333329
209,163.23402555993366,179.35457804066317,0.098757305196829986,0.49999818135469204,-1.8186453079604981e-06,30.809203687791388,0.33118055555555553,0.19340277777777778,0.040000000000000001,1,0,0,26654.544576831016,0.002861710005537007,1,3,0.01,0.15000000000000002,0,1,0,0,0,0,0,0,0,0.25644124193743378,0.99356464838992742,0.97571785440128489,0.9884973468646594,0.96987045494429713,0.15000000000000002,1,0.99356464838992742,0.97571785440128489,0.99356464838992742,0.97571785440128478,0,0.11854166666666667,0.017929851288331553,0.44824628220828883,0.25644124193743378,0.0015110945095821624,0.0015110945095821626,0.01613099864898157,0.015739303391134322,17,4226,1,2,0,1,6.4583740833333332
210,163.25235544113642,179.47134289589567,0.09934917882766664,0.4999981689665044,-1.831033495602874e-06,30.73556577662913,0.33020833333333333,0.19347222222222221,0.040000000000000001,1,0,0,26660.993955952268,0.0027342503082898001,1,3,0.01,0.15000000000000002,0,1,0,0,0,0,0,0,0,0.24892563678414689,0.98979213374296748,0.97558987839497757,0.9884973468646594,0.97032902703646262,0.15000000000000002,1,0.98979213374296748,0.97558987839497757,0.98979213374296748,0.97558987839497746,0,0.17673611111111112,0.018430160740122142,0.46075401850305353,0.24892563678414689,0.0014668083815104146,0.0014668083815104151,0.015906222257923222,0.015517949438330802,17,4243,1,2,0,1,5.9867317499999997
211,163.27436187164469,179.56551669299702,0.099777788959661315,0.49999815259853508,-1.8474014649161319e-06,30.669819754023997,0.32937499999999997,0.19375000000000001,0.040000000000000001,1,0,0,26667.297601598293,0.0026179212336478251,1,3,0.01,0.15000000000000002,0,1,0,0,0,0,0,0,0,0.25012880835069612,0.99445848854776153,0.97576105064966312,0.98974784430043483,0.97074864646737336,0.15000000000000002,1,0.99445848854776153,0.97576105064966312,0.99445848854776153,0.9757610506496629,0,0.19166666666666668,0.018736188177687421,0.46840470444218552,0.25012880835069612,0.0014738981379573963,0.0014738981379573963,0.015712938339330452,0.015332073222778455,17,4260,1,2,0,1,6.0223312083333331
212,163.29329953063004,179.65668625592639,0.10020856196997208,0.49999821996843302,-1.7800315669780353e-06,30.605134724117868,0.32861111111111113,0.19319444444444445,0.040000000000000001,1,0,0,26673.489842515999,0.0025204540819118242,1,3,0.01,0.15000000000000002,0,1,0,0,0,0,0,0,0,0.24789909923499667,0.99436307415122382,0.97639289283047326,0.98983204779737743,0.97108126318134624,0.15000000000000002,1,0.99436307415122382,0.97639289283047326,0.99436307415122382,0.97639289283047337,0,0.097083333333333327,0.019100513923501324,0.47751284808753308,0.24789909923499667,0.0014607594509925251,0.0014607594509925251,0.015503997230154939,0.015137992705986626,17,4277,1,2,0,1,6.0697921666666668
213,163.31223726844058,179.74008796734543,0.10059167012636022,0.49999828511261479,-1.7148873852068647e-06,30.539696287451644,0.32784722222222223,0.1925,0.040000000000000001,1,0,0,26679.785407372907,0.0024331664723777251,1,3,0.01,0.15000000000000002,0,1,0,0,0,0,0,0,0,0.25525183052697775,0.98815982467951369,0.97721235952870267,0.98974784430043483,0.97115492807240733,0.15000000000000002,1,0.98815982467951369,0.97721235952870267,0.98815982467951369,0.97721235952870278,0,0.17055555555555554,0.018165443772684777,0.45413609431711943,0.25525183052697775,0.0015040858356325448,0.001504085835632545,0.015356316718548322,0.015006382494202671,18,4295,1,2,0,1,6.5400082916666671
214,163.33030634870576,179.82765949659137,0.10100607484727424,0.49999826673535547,-1.733264644532273e-06,30.478879226439169,0.32687500000000003,0.1925,0.040000000000000001,1,0,0,26684.807244590818,0.0023588362597536587,1,3,0.01,0.15000000000000002,0,1,0,0,0,0,0,0,0,0.2428705698631278,0.99284135781564431,0.9773912230137205,0.98983204779737743,0.9712492629037387,0.15000000000000002,1,0.99284135781564431,0.9773912230137205,0.99284135781564431,0.97739122301372061,0,0.50541666666666663,0.01914649455918601,0.47866236397965023,0.2428705698631278,0.0014311285575071568,0.0014311285575071568,0.015160220895690763,0.014817466842397356,17,4312,1,2,0,1,6.0893266666666666
215,163.34592174092276,179.91253888833893,0.10142045158428808,0.49999827688982801,-1.7231101719916708e-06,30.418588441571515,0.32673611111111112,0.19222222222222221,0.040000000000000001,1,0,0,26689.842589626576,0.0022963594811580045,1,3,0.01,0.15000000000000002,0,1,0,0,0,0,0,0,0,0.24256701437382261,0.99176614550801867,0.97762847557066057,0.99035711762093515,0.97148180073292001,0.15000000000000002,1,0.99176614550801867,0.97762847557066057,0.99176614550801867,0.97762847557066046,0,0.33833333333333332,0.019223551702545985,0.48058879256364961,0.24256701437382261,0.0014293398396325392,0.0014293398396325392,0.014975147930734383,0.014640131042968987,17,4329,1,2,0,1,6.0576979583333337
216,163.36065322475565,180.00481420312713,0.10188598447553968,0.49999838218903364,-1.6178109663589346e-06,30.357880497520384,0.32624999999999998,0.19173611111111111,0.040000000000000001,1,0,0,26694.724655746486,0.0022446330602616037,1,3,0.01,0.15000000000000002,0,1,0,0,0,0,0,0,0,0.23535086032258279,0.99426350125027207,0.97819372484440026,0.99130420944905095,0.97245127542291487,0.15000000000000002,1,0.99426350125027207,0.97819372484440026,0.99426350125027207,0.97819372484440015,0,0.17069444444444445,0.020892359724743098,0.52230899311857748,0.23535086032258279,0.0013868182441015521,0.0013868182441015523,0.014775984078428622,0.014453774903919647,17,4346,1,2,0,1,6.1286771250000003
217,163.37724980435797,180.08277260284129,0.10225121807649444,0.49999840706616372,-1.5929338362807854e-06,30.300422272184075,0.32534722222222223,0.19125,0.040000000000000001,1,0,0,26699.610028299776,0.0022076882236226666,1,3,0.01,0.15000000000000002,0,1,0,0,0,0,0,0,0,0.23400197095723685,0.98977540082802828,0.97867720167258054,0.99130420944905095,0.97410149735833307,0.15000000000000002,1,0.98977540082802828,0.97867720167258054,0.98977540082802828,0.97867720167258043,0,0.42854166666666665,0.019474169362295988,0.48685423405739969,0.23400197095723685,0.0013788698372906643,0.0013788698372906641,0.014586713873033709,0.01427568431485924,17,4363,1,2,0,1,6.0741223333333334
218,163.38959523957652,180.17131503242126,0.10270984372192044,0.49999844734996013,-1.5526500398710397e-06,30.243749257647472,0.32465277777777779,0.19083333333333333,0.040000000000000001,1,0,0,26703.532283823883,0.0021766854726400211,1,3,0.01,0.15000000000000002,0,1,0,0,0,0,0,0,0,0.23031549936753937,0.98918617332877545,0.97828071748857703,0.99130420944905095,0.97526959166511618,0.15000000000000002,1,0.98918617332877545,0.97828071748857703,0.98918617332877545,0.97828071748857715,0,0.3009722222222222,0.019593911046394945,0.48984777615987363,0.23031549936753937,0.0013571470951262757,0.0013571470951262757,0.014399949889333232,0.014087193309536471,17,4380,1,2,0,1,6.1121983333333336
219,163.40221486217854,180.25866353226402,0.10315924226794014,0.49999850566999532,-1.4943300046810215e-06,30.196488050564728,0.3240972222222222,0.19055555555555556,0.040000000000000001,1,0,0,26706.74288104237,0.0021545783149266146,1,3,0.01,0.15000000000000002,0,1,0,0,0,0,0,0,0,0.23405608756961652,0.9909333938046202,0.97731153232419432,0.99134976965631938,0.97565386639813123,0.15000000000000002,1,0.9909333938046202,0.97731153232419432,0.9909333938046202,0.97731153232419421,0,0.354375,0.014927819135036177,0.37319547837590439,0.23405608756961652,0.0013791887224872351,0.0013791887224872351,0.014268044102238305,0.013944324044827702,17,4397,1,2,0,1,6.4539992916666664
220,163.41038942628299,180.34413056189806,0.10362707778292239,0.49999852972696612,-1.4702730338767012e-06,30.139888508666594,0.32326388888888891,0.19006944444444446,0.040000000000000001,1,0,0,26710.501604791782,0.0021296549893027924,1,3,0.01,0.15000000000000002,0,1,0,0,0,0,0,0,0,0.24339150344315011,0.99212647334634696,0.97629958032318043,0.99185484903669596,0.975739452525474,0.15000000000000002,1,0.99212647334634696,0.97629958032318043,0.99212647334634696,0.97629958032318032,0,0.1545138888888889,0.016447861460392336,0.41119653650980842,0.24339150344315011,0.0014341981880653363,0.0014341981880653363,0.014235433908793227,0.013898048150873199,18,4415,1,2,0,1,6.7309724583333335
221,163.42144220128142,180.44059887789163,0.10414273945550064,0.49999853999835309,-1.4600016469135113e-06,30.082280888425167,0.32243055555555555,0.19020833333333334,0.040000000000000001,1,0,0,26714.072369477813,0.0020939321328638516,1,3,0.01,0.15000000000000002,0,1,0,0,0,0,0,0,0,0.24054629599353369,0.99448813085842624,0.97668153979151195,0.99194630942718276,0.97603031548642183,0.15000000000000002,1,0.99448813085842624,0.97668153979151195,0.99448813085842624,0.97668153979151195,0,0.1361111111111111,0.017274510403079951,0.43186276007699875,0.24054629599353369,0.0014174326423861175,0.0014174326423861178,0.014178968413221948,0.013848336702480823,18,4433,1,2,0,1,6.9373423750000001
222,163.4335936195408,180.5387798718902,0.10466138493025359,0.49999855813518707,-1.4418648129344014e-06,30.025641234247765,0.32187500000000002,0.18965277777777778,0.040000000000000001,1,0,0,26717.805647115332,0.0020494361541298352,1,3,0.01,0.15000000000000002,0,1,0,0,0,0,0,0,0,0.23841095802174,0.99582747514906,0.97798181586020427,0.99234906561779979,0.97634623657682684,0.15000000000000002,1,0.99582747514906,0.97798181586020427,0.99582747514906,0.97798181586020416,0,0.29298611111111111,0.017167592307129574,0.42918980767823933,0.23841095802174,0.0014048500427196139,0.0014048500427196143,0.014123059004949038,0.01381209489116087,18,4451,1,2,0,1,6.9523054166666665
223,163.44504289610416,180.63512278589181,0.10517345515773605,0.49999859322741602,-1.4067725839783662e-06,29.97236290663793,0.32118055555555558,0.18888888888888888,0.040000000000000001,1,0,0,26720.898649502014,0.0019979759331606381,1,3,0.01,0.15000000000000002,0,1,0,0,0,0,0,0,0,0.22392779347468911,0.99625965963033691,0.97926233617126457,0.99248391558099569,0.97653721631099266,0.15000000000000002,1,0.99625965963033691,0.97926233617126457,0.99625965963033691,0.97926233617126468,0,0.37861111111111112,0.016604141367789125,0.41510353419472812,0.22392779347468911,0.0013195071771841115,0.0013195071771841108,0.013938480346500604,0.013649428826791439,17,4468,1,2,0,1,6.5171703333333335
224,163.45630499207419,180.72493079820404,0.10564674031367088,0.4999986021388097,-1.3978611902998317e-06,29.91811555202532,0.32104166666666667,0.1882638888888889,0.040000000000000001,1,0,0,26724.859472801763,0.0019341350275136214,1,3,0.01,0.15000000000000002,0,1,0,0,0,0,0,0,0,0.22343331756626705,0.9967546862063501,0.98115558030708261,0.99319384448032277,0.97694694966010731,0.15000000000000002,1,0.9967546862063501,0.98115558030708261,0.9967546862063501,0.98115558030708239,0,0.13743055555555556,0.018202725492437358,0.45506813731093393,0.22343331756626705,0.0013165934499509565,0.0013165934499509561,0.013823945238944401,0.013563441013049826,17,4485,1,2,0,1,6.5527537916666665
225,163.46865588117382,180.81093758366953,0.10608933932326392,0.4999986202748295,-1.3797251705027769e-06,29.862022742726111,0.32041666666666668,0.18729166666666666,0.040000000000000001,1,0,0,26729.036336190129,0.0018689745494887961,1,3,0.01,0.15000000000000002,0,1,0,0,0,0,0,0,0,0.23156909421531632,0.99341929441948384,0.982839416919983,0.99348281278224249,0.97726194592644844,0.15000000000000002,1,0.99341929441948384,0.982839416919983,0.99341929441948384,0.98283941691998278,0,0.39437499999999998,0.017252502707258033,0.43131256768145082,0.23156909421531632,0.0013645339736073057,0.0013645339736073059,0.013759139372919168,0.013523024518600655,18,4503,1,2,0,1,7.0129466666666671
226,163.48025123899308,180.90025188192345,0.10655721722291665,0.49999864997552673,-1.350024473267819e-06,29.807278918441611,0.31979166666666664,0.18618055555555554,0.040000000000000001,1,0,0,26732.567411575412,0.0018022752769595821,1,3,0.01,0.15000000000000002,0,1,0,0,0,0,0,0,0,0.22816200926873492,0.995188770818209,0.98478201783243535,0.99349197140470569,0.97735137766895741,0.15000000000000002,1,0.995188770818209,0.98478201783243535,0.995188770818209,0.98478201783243502,0,0.12812499999999999,0.017047173992854749,0.42617934982136868,0.22816200926873492,0.0013444575330255864,0.0013444575330255864,0.013716778661843201,0.013508036968770839,18,4521,1,2,0,1,7.0148745833333335
227,163.49130903526742,180.986752223211,0.10701145700759886,0.49999865764971457,-1.342350285427063e-06,29.753394974763754,0.3190972222222222,0.18555555555555556,0.040000000000000001,1,0,0,26736.125778217178,0.0017311838093014929,1,3,0.01,0.15000000000000002,0,1,0,0,0,0,0,0,0,0.22824950772191666,0.99575691289122947,0.98570941317143801,0.99349197140470569,0.97750984929219054,0.15000000000000002,1,0.99575691289122947,0.98570941317143801,0.99575691289122947,0.9857094131714379,0,0.053541666666666668,0.016809699622205045,0.42024249055512614,0.22824950772191666,0.0013449731226054876,0.0013449731226054876,0.013682881947158025,0.0134873455346272,18,4539,1,2,0,1,6.9916916666666671
228,163.5017476231003,181.07327655004926,0.10746997620755931,0.49999867908624412,-1.320913755875619e-06,29.704095103420386,0.3182638888888889,0.18486111111111111,0.040000000000000001,1,0,0,26739.058758098949,0.0016574029832272027,1,3,0.01,0.15000000000000002,0,1,0,0,0,0,0,0,0,0.2170319068909462,0.99365430052600801,0.98568011366037667,0.99360947445796777,0.97780514571543242,0.15000000000000002,1,0.99365430052600801,0.98568011366037667,0.99365430052600801,0.98568011366037667,0,0.3601388888888889,0.017211701795470002,0.43029254488675006,0.2170319068909462,0.0012788727758036287,0.0012788727758036281,0.013604607627835377,0.013409791192909602,17,4556,1,2,0,1,6.4624604166666666
229,163.51013348074534,181.15401247696445,0.10790694509644461,0.49999873255598476,-1.267444015240482e-06,29.655375069865777,0.31791666666666668,0.18402777777777779,0.040000000000000001,1,0,0,26741.722028448814,0.0015855586280337027,1,3,0.01,0.15000000000000002,0,1,0,0,0,0,0,0,0,0.21287464827220298,0.99560434498849526,0.98557336384845917,0.99395890088813998,0.97808777035230232,0.15000000000000002,1,0.99560434498849526,0.98557336384845917,0.99560434498849526,0.98557336384845917,0,0.3198611111111111,0.016805507153456026,0.42013767883640063,0.21287464827220298,0.0012543758944664658,0.0012543758944664658,0.013479794799814608,0.01328532670484025,17,4573,1,2,0,1,6.4647091666666663
230,163.51838643203499,181.23331643409401,0.1083360127787347,0.49999872567769316,-1.2743223068434339e-06,29.603767573748481,0.31715277777777778,0.18368055555555557,0.040000000000000001,1,0,0,26744.812412050269,0.0015207236333136471,1,3,0.01,0.15000000000000002,0,1,0,0,0,0,0,0,0,0.22170561889459453,0.99440420045438283,0.98476357712075946,0.99431328770074789,0.9782372211664887,0.15000000000000002,1,0.99440420045438283,0.98476357712075946,0.99440420045438283,0.98476357712075957,0,0.1879861111111111,0.018298962419650566,0.45747406049126416,0.22170561889459453,0.0013064128878960679,0.0013064128878960679,0.013352009499645342,0.013148572636621109,18,4591,1,2,0,1,6.9794128750000004
231,163.52753695576405,181.31564721766682,0.10877746092827563,0.4999987511969281,-1.2488030718960097e-06,29.553575897832367,0.31631944444444443,0.18284722222222222,0.040000000000000001,1,0,0,26747.447442985365,0.0014635054327451157,1,3,0.01,0.15000000000000002,0,1,0,0,0,0,0,0,0,0.21940891132934218,0.99525200782086665,0.98401925019223813,0.99431328770074789,0.97847895958057873,0.15000000000000002,1,0.99525200782086665,0.98401925019223813,0.99525200782086665,0.98401925019223813,0,0.14083333333333334,0.017794510317439519,0.44486275793598795,0.21940891132934218,0.0012928794087811314,0.0012928794087811314,0.013227456266040353,0.013016071596859651,18,4609,1,2,0,1,6.9401051249999997
232,163.53535761633543,181.39505135217394,0.10920998367667074,0.49999878605637843,-1.2139436215696797e-06,29.503537380028927,0.31548611111111113,0.18201388888888889,0.040000000000000001,1,0,0,26749.907678631858,0.0014130548208320089,1,3,0.01,0.15000000000000002,0,1,0,0,0,0,0,0,0,0.21622787292667361,0.99770425786987871,0.98388595786120792,0.99433385085232739,0.97896976892192256,0.15000000000000002,1,0.99770425786987871,0.98388595786120792,0.99770425786987871,0.98388595786120792,0,0.040069444444444442,0.01902012614465845,0.47550315361646123,0.21622787292667361,0.0012741349602332834,0.0012741349602332836,0.013096741183554023,0.012885699744241379,18,4627,1,2,0,1,6.971069541666667
233,163.54351477355547,181.47333920420931,0.10963335633014681,0.4999988205399496,-1.1794600504044794e-06,29.456866207897768,0.31493055555555555,0.18145833333333333,0.040000000000000001,1,0,0,26752.105357212782,0.0013670760633874932,1,3,0.01,0.15000000000000002,0,1,0,0,0,0,0,0,0,0.20301613011184083,0.99333489723569091,0.98381337687160997,0.99433385085232739,0.98020895823917353,0.15000000000000002,1,0.99333489723569091,0.98381337687160997,0.99333489723569091,0.98381337687160975,0,0.37006944444444445,0.014918154720400438,0.37295386801001096,0.20301613011184083,0.0011962840191027757,0.0011962840191027755,0.012973518025472686,0.012763520578544985,17,4644,1,2,0,1,6.5168020000000002
234,163.55140390292456,181.54599479233269,0.11002406864137201,0.49999885761393414,-1.142386065855483e-06,29.410249402861737,0.31472222222222224,0.18076388888888889,0.040000000000000001,1,0,0,26754.724531320575,0.0013297683766651206,1,3,0.01,0.15000000000000002,0,1,0,0,0,0,0,0,0,0.20059989353467511,0.99335608828530109,0.98406638089537724,0.99433385085232739,0.9819974986135328,0.15000000000000002,1,0.99335608828530109,0.98406638089537724,0.99335608828530109,0.98406638089537712,0,0.33541666666666664,0.015296004964402331,0.38240012411005825,0.20059989353467511,0.0011820462085305686,0.0011820462085305686,0.0128389707840523,0.012634399513883831,17,4661,1,2,0,1,6.5398959999999997
235,163.55988014483682,181.61673514806316,0.11039904765909882,0.49999886720019732,-1.1327998026833264e-06,29.364678569428694,0.31409722222222225,0.18006944444444445,0.040000000000000001,1,0,0,26757.244227042007,0.0012914265668467625,1,3,0.01,0.15000000000000002,0,1,0,0,0,0,0,0,0,0.19753014387025017,0.99430038935652787,0.98372733019730885,0.99435229490545529,0.98328337355864592,0.15000000000000002,1,0.99430038935652787,0.98372733019730885,0.99430038935652787,0.98372733019730896,0,0.057569444444444444,0.01465121997011283,0.36628049925282075,0.19753014387025017,0.0011639575351617352,0.0011639575351617352,0.01263839434560673,0.012432733927584472,17,4678,1,2,0,1,6.5812824583333329
236,163.56819264819052,181.68316810204621,0.11074876576290207,0.4999988953129666,-1.1046870334041614e-06,29.319690851742546,0.31354166666666666,0.17993055555555557,0.040000000000000001,1,0,0,26759.761768400218,0.0012501103125336567,1,3,0.01,0.15000000000000002,0,1,0,0,0,0,0,0,0,0.19594389522332684,0.99654051586980008,0.9838786231489659,0.99444616565640453,0.98377035353445941,0.15000000000000002,1,0.99654051586980008,0.9838786231489659,0.99654051586980008,0.98387862314896601,0,0.061944444444444448,0.014763597458432743,0.36908993646081856,0.19594389522332684,0.0011546104753710064,0.0011546104753710062,0.012448547287952151,0.012247859565875156,17,4695,1,2,0,1,6.56349625
237,163.57551111246062,181.74974268487784,0.11110606623703086,0.49999889585250862,-1.1041474913819904e-06,29.272148315984637,0.31291666666666668,0.17909722222222221,0.040000000000000001,1,0,0,26762.512627052576,0.0012100754211985477,1,3,0.01,0.15000000000000002,0,1,0,0,0,0,0,0,0,0.2042241849835324,0.99666022522113329,0.98431929969556964,0.99483845083831768,0.98384600001028799,0.15000000000000002,1,0.99666022522113329,0.98431929969556964,0.99666022522113329,0.98431929969556975,0,0.16465277777777779,0.015522078904244672,0.38805197260611679,0.2042241849835324,0.0012034025507012638,0.0012034025507012634,0.012306976716047927,0.012113994702509977,18,4713,1,2,0,1,7.099986958333333
238,163.58390077429959,181.81885235216134,0.11147155368926509,0.49999890390247381,-1.0960975261875561e-06,29.225578656305711,0.31236111111111109,0.17861111111111111,0.040000000000000001,1,0,0,26765.131432999111,0.0011720019377990994,1,3,0.01,0.15000000000000002,0,1,0,0,0,0,0,0,0,0.20406889170491568,0.99735463384870915,0.98476367932718045,0.99522038931953782,0.98388229050508691,0.15000000000000002,1,0.99735463384870915,0.98476367932718045,0.99735463384870915,0.98476367932718067,0,0.12923611111111111,0.013337033288108924,0.33342583220272309,0.20406889170491568,0.001202487476281409,0.001202487476281409,0.012230591416525707,0.012044242203685288,18,4731,1,2,0,1,7.0810241249999999
239,163.59198734509275,181.88710864648894,0.11183384711136948,0.49999890479456366,-1.0952054363411179e-06,29.179639228428151,0.31138888888888888,0.17756944444444445,0.040000000000000001,1,0,0,26767.659168320155,0.0011364693360295327,1,3,0.01,0.15000000000000002,0,1,0,0,0,0,0,0,0,0.20302501152875577,0.99501678364351254,0.98497794081388812,0.99522038931953782,0.98395260402672302,0.15000000000000002,1,0.99501678364351254,0.98497794081388812,0.99501678364351254,0.98497794081388845,0,0.034513888888888886,0.013466121768127727,0.3366530442031932,0.20302501152875577,0.0011963363533538348,0.0011963363533538341,0.012172551875413076,0.011989695080694604,18,4749,1,2,0,1,7.0263772083333329
240,163.60006365575913,181.95458177015985,0.11219138736413685,0.49999892340681423,-1.0765931857670274e-06,29.133699128133305,0.31062499999999998,0.17729166666666665,0.040000000000000001,1,0,0,26770.240329793782,0.0011024891880027825,1,3,0.01,0.15000000000000002,0,1,0,0,0,0,0,0,0,0.20155797070681417,0.997391370002638,0.98579120103369766,0.99542817640468095,0.98404281554380768,0.15000000000000002,1,0.997391370002638,0.98579120103369766,0.997391370002638,0.98579120103369788,0,0.25784722222222223,0.014521468201671252,0.36303670504178126,0.20155797070681417,0.0011876917324082316,0.0011876917324082316,0.012053830719925239,0.011882560262451982,18,4767,1,2,0,1,7.0483465000000001
241,163.60879438103566,182.02105227686175,0.11253831412598136,0.49999891758986376,-1.0824101362438832e-06,29.088238847197168,0.30986111111111109,0.17680555555555555,0.040000000000000001,1,0,0,26773.049653823902,0.001069115881573451,1,3,0.01,0.15000000000000002,0,1,0,0,0,0,0,0,0,0.20306725375946508,0.99660736193776833,0.98678124106576226,0.99568062893986231,0.98419284029547338,0.15000000000000002,1,0.99660736193776833,0.98678124106576226,0.99660736193776833,0.98678124106576237,0,0.268125,0.016190353626795433,0.40475884066988582,0.20306725375946508,0.0011965852680853933,0.0011965852680853931,0.011957536579229501,0.011799472785741337,18,4785,1,2,0,1,7.0179054166666663
242,163.61659729378087,182.08747266476379,0.11289120832783026,0.49999891448318079,-1.0855168192103193e-06,29.042713449792767,0.30909722222222225,0.17590277777777777,0.040000000000000001,1,0,0,26775.676868447656,0.0010399069716097188,1,3,0.01,0.15000000000000002,0,1,0,0,0,0,0,0,0,0.20366614198141614,0.99636600221047145,0.98800658370608707,0.99568062893986231,0.98454143840816455,0.15000000000000002,1,0.99636600221047145,0.98800658370608707,0.99636600221047145,0.98800658370608707,0,0.055069444444444442,0.014965999327990136,0.3741499831997534,0.20366614198141614,0.001200114250776346,0.0012001142507763463,0.011883515869772562,0.011740991916911058,18,4803,1,2,0,1,6.9645494166666664
243,163.62454790623431,182.15343191248488,0.11324024569264884,0.49999894283550467,-1.0571644953327741e-06,28.999810422682899,0.30833333333333335,0.17548611111111112,0.040000000000000001,1,0,0,26777.783477019737,0.001016096111417063,1,3,0.01,0.15000000000000002,0,1,0,0,0,0,0,0,0,0.19254513939829698,0.99792216709664661,0.98915162967169701,0.99568062893986231,0.98476362822397001,0.15000000000000002,1,0.99792216709664661,0.98915162967169701,0.99792216709664661,0.98915162967169667,0,0.36770833333333336,0.014141536360583778,0.35353840901459443,0.19254513939829698,0.0011345831146087073,0.0011345831146087068,0.011821814965278492,0.011693567538582477,17,4820,1,2,0,1,6.4779232916666665
244,163.63149111576132,182.21519395658774,0.11357045464848421,0.4999989584227934,-1.0415772065952567e-06,28.953932291547041,0.30812499999999998,0.17493055555555556,0.040000000000000001,1,0,0,26780.452504194494,0.00099530199796664864,1,3,0.01,0.15000000000000002,0,1,0,0,0,0,0,0,0,0.19890690597778571,0.99693721944481939,0.99005864590506387,0.99568062893986231,0.98477284857980796,0.15000000000000002,1,0.99693721944481939,0.99005864590506387,0.99693721944481939,0.99005864590506376,0,0.48701388888888891,0.01387143728016893,0.34678593200422325,0.19890690597778571,0.0011720701836810607,0.0011720701836810609,0.011811838940428986,0.011694413267009826,18,4838,1,2,0,1,6.9192908749999997
245,163.63906170871869,182.27826477497413,0.1139043628802618,0.4999989690416089,-1.0309583911016773e-06,28.909401842874345,0.30763888888888891,0.17416666666666666,0.040000000000000001,1,0,0,26782.742121536659,0.00097972091420795858,1,3,0.01,0.15000000000000002,0,1,0,0,0,0,0,0,0,0.19776146949077536,0.99584750822649137,0.9904009727448807,0.99580221055886042,0.98487997932316174,0.15000000000000002,1,0.99584750822649137,0.9904009727448807,0.99584750822649137,0.99040097274488081,0,0.12944444444444445,0.015017875562519666,0.37544688906299167,0.19776146949077536,0.0011653206344528649,0.0011653206344528651,0.011813202039720116,0.011699806791370611,18,4856,1,2,0,1,6.843709416666667
246,163.6457484581816,182.33991874940264,0.11423560017508302,0.49999898352326722,-1.0164767327847102e-06,28.865545869538856,0.30743055555555554,0.17347222222222222,0.040000000000000001,1,0,0,26784.830106244906,0.0009694850805435849,1,3,0.01,0.15000000000000002,0,1,0,0,0,0,0,0,0,0.19703615334125754,0.99638751497222511,0.99035965393528502,0.99610675521848147,0.98527565233117365,0.15000000000000002,1,0.99638751497222511,0.99035965393528502,0.99638751497222511,0.99035965393528502,0,0.085555555555555551,0.015712911520881813,0.39282278802204529,0.19703615334125754,0.0011610466680542968,0.0011610466680542966,0.011819638232403406,0.011705692829483302,18,4874,1,2,0,1,6.5351488333333334
247,163.65226119609832,182.40054634677463,0.11456172382617401,0.49999901685402365,-9.8314597635207335e-07,28.82226147614394,0.30722222222222223,0.17284722222222224,0.040000000000000001,1,0,0,26786.944858841431,0.00096143827297938097,1,3,0.01,0.15000000000000002,0,1,0,0,0,0,0,0,0,0.19340742018410689,0.99498711864702116,0.99003940561346793,0.99610675521848147,0.98527565233117365,0.15000000000000002,1,0.99498711864702116,0.99003940561346793,0.99498711864702116,0.99003940561346815,0,0.13750000000000001,0.015112170613976839,0.37780426534942096,0.19340742018410689,0.0011396641528664828,0.0011396641528664828,0.011755899834568626,0.011638804084667789,18,4892,1,2,0,1,6.7815049583333336
248,163.6586189452423,182.46053857999618,0.11488499509484879,0.49999905159235497,-9.4840764502945873e-07,28.78061761459147,0.30694444444444446,0.17194444444444446,0.040000000000000001,1,0,0,26788.79964477574,0.00095403671200063706,1,3,0.01,0.15000000000000002,0,1,0,0,0,0,0,0,0,0.18938112723059453,0.99476201845668832,0.98931745278023475,0.99610675521848147,0.98527565233117365,0.15000000000000002,1,0.99476201845668832,0.98931745278023475,0.99476201845668832,0.98931745278023464,0,0.10541666666666667,0.014067431374789201,0.35168578436973003,0.18938112723059453,0.0011159389941125476,0.001115938994112547,0.011669351352399764,0.011544692955553722,18,4910,1,2,0,1,6.8315947916666664
249,163.66414201056207,182.5188318374135,0.11520354791970644,0.4999990734433728,-9.2655662720098064e-07,28.739400429601954,0.3059722222222222,0.1711111111111111,0.040000000000000001,1,0,0,26790.45097514927,0.00094495627745026344,1,3,0.01,0.15000000000000002,0,1,0,0,0,0,0,0,0,0.18630100132382604,0.99443292125544436,0.98824863825006892,0.99610675521848147,0.98538457092379295,0.15000000000000002,1,0.99443292125544436,0.98824863825006892,0.99443292125544436,0.98824863825006881,0,0.080069444444444443,0.014006009372695666,0.35015023431739162,0.18630100132382604,0.0010977891781493447,0.0010977891781493445,0.011570804177195273,0.011434831471571438,18,4928,1,2,0,1,6.9505513749999999
250,163.66980218342678,182.57691640204911,0.11551986967903149,0.49999907419537842,-9.2580462157654253e-07,28.698185071754235,0.30541666666666667,0.17069444444444445,0.040000000000000001,1,0,0,26792.354631385624,0.00093310911410292958,1,3,0.01,0.15000000000000002,0,1,0,0,0,0,0,0,0,0.18587957949757211,0.99711947754659891,0.98730073300400856,0.99637675859134833,0.98628622104972996,0.15000000000000002,1,0.99711947754659891,0.98730073300400856,0.99711947754659891,0.98730073300400867,0,0.058680555555555555,0.012519939282884283,0.31299848207210706,0.18587957949757211,0.0010953059262236431,0.0010953059262236429,0.011478418371010686,0.011332650871425529,18,4946,1,2,0,1,7.0129852916666664
251,163.67583720797217,182.63548741771191,0.11583658610310918,0.49999907635815583,-9.2364184417492723e-07,28.657171199663793,0.30506944444444445,0.17020833333333332,0.040000000000000001,1,0,0,26794.253765310517,0.0009206371087960983,1,3,0.01,0.15000000000000002,0,1,0,0,0,0,0,0,0,0.18474122842884325,0.99733562218030702,0.98676487495010301,0.99646401542101259,0.98677305800793258,0.15000000000000002,1,0.99733562218030702,0.98676487495010301,0.99733562218030702,0.98676487495010301,0,0.048402777777777781,0.012967213786790997,0.32418034466977491,0.18474122842884325,0.001088598128223067,0.0010885981282230674,0.011370431231148359,0.011219942151932857,18,4964,1,2,0,1,7.0254384999999999
252,163.68203820901962,182.69394217900353,0.1161514371277927,0.49999909425810707,-9.0574189293146645e-07,28.617052455456282,0.30472222222222223,0.16951388888888888,0.040000000000000001,1,0,0,26796.190747527042,0.00090411444115472562,1,3,0.01,0.15000000000000002,0,1,0,0,0,0,0,0,0,0.18383102356237865,0.99784985293846096,0.98674184556103206,0.99646401542101259,0.98677305800793258,0.15000000000000002,1,0.99784985293846096,0.98674184556103206,0.99784985293846096,0.98674184556103206,0,0.053055555555555557,0.01326262922985919,0.33156573074647977,0.18383102356237865,0.0010832346946118496,0.0010832346946118489,0.011253551674983863,0.01110435034889002,18,4982,1,2,0,1,7.0635790416666664
253,163.68748638544926,182.75045650691209,0.11645954460180041,0.49999909352501931,-9.0647498068863186e-07,28.578087450062228,0.30458333333333332,0.16888888888888889,0.040000000000000001,1,0,0,26797.887146500289,0.00088439150590954624,1,3,0.01,0.15000000000000002,0,1,0,0,0,0,0,0,0,0.18336937367762646,0.9952648579888943,0.98667848258474489,0.99646401542101259,0.98677305800793258,0.15000000000000002,1,0.9952648579888943,0.98667848258474489,0.9952648579888943,0.98667848258474489,0,0.032708333333333332,0.015205880590025755,0.38014701475064389,0.18336937367762646,0.0010805143965781641,0.0010805143965781643,0.011199482956953321,0.011050288849700414,18,5000,1,2,0,1,7.0662168333333337
254,163.69209089364296,182.80537377932481,0.11676363092032645,0.49999911052478746,-8.8947521253990303e-07,28.539305760567864,0.30430555555555555,0.16826388888888888,0.040000000000000001,1,0,0,26799.368796390616,0.00086348034732073534,1,3,0.01,0.15000000000000002,0,1,0,0,0,0,0,0,0,0.18172882050014044,0.99735526855139256,0.98693179549356125,0.99657393890378421,0.98685651827966181,0.15000000000000002,1,0.99735526855139256,0.98693179549356125,0.99735526855139256,0.98693179549356136,0,0.042430555555555555,0.013963271294045015,0.34908178235112536,0.18172882050014044,0.0010708473442723515,0.0010708473442723515,0.011098260117544612,0.010953225784662885,18,5018,1,2,0,1,7.0656731666666666
255,163.69715273626946,182.85932697401938,0.11705868988828337,0.49999912512144556,-8.7487855443546536e-07,28.501155949839781,0.30416666666666664,0.16770833333333332,0.040000000000000001,1,0,0,26800.847549116294,0.00083795115783481138,1,3,0.01,0.15000000000000002,0,1,0,0,0,0,0,0,0,0.17928151585057026,0.99714230774172785,0.9876044165413409,0.99663379357945081,0.98711626424878496,0.15000000000000002,1,0.99714230774172785,0.9876044165413409,0.99714230774172785,0.9876044165413409,0,0.026180555555555554,0.013362441853190406,0.33406104632976014,0.17928151585057026,0.0010564264633278477,0.0010564264633278475,0.010989365946419593,0.010853146343673003,18,5036,1,2,0,1,7.0536665833333334
256,163.70174215469987,182.91135313590155,0.11734518355368749,0.49999913324054673,-8.667594532663081e-07,28.463376213933341,0.30381944444444442,0.16756944444444444,0.040000000000000001,1,0,0,26802.286573943573,0.00081025815359660213,1,3,0.01,0.15000000000000002,0,1,0,0,0,0,0,0,0,0.17837301925372739,0.99847584330849859,0.98900741981765172,0.99679872233297639,0.98745257477267478,0.15000000000000002,1,0.99847584330849859,0.98900741981765172,0.99847584330849859,0.98900741981765172,0,0.038680555555555558,0.012962394447894708,0.32405986119736768,0.17837301925372739,0.0010510730957919102,0.0010510730957919105,0.010879392374157207,0.010759799781149056,18,5054,1,2,0,1,6.9977647083333334
257,163.70590614518514,182.96120567316433,0.11762128796319864,0.49999915310644494,-8.4689355506206709e-07,28.42576236619362,0.30312499999999998,0.16694444444444445,0.040000000000000001,1,0,0,26803.662104788113,0.00078175221597259694,1,3,0.01,0.15000000000000002,0,1,0,0,0,0,0,0,0,0.17755910833493013,0.99711482467739809,0.99010520582967154,0.99702602206110869,0.98780550012371404,0.15000000000000002,1,0.99711482467739809,0.99010520582967154,0.99711482467739809,0.99010520582967165,0,0.085277777777777772,0.013219141372572397,0.3304785343143099,0.17755910833493013,0.0010462770797088827,0.0010462770797088827,0.010786005300999608,0.010679279998626145,18,5072,1,2,0,1,6.922747208333333
258,163.71002539353211,183.00825145849754,0.1178805391946868,0.49999916509462394,-8.3490537605701576e-07,28.388295544568333,0.30277777777777776,0.16590277777777779,0.040000000000000001,1,0,0,26804.914726207935,0.00075286830682968543,1,3,0.01,0.15000000000000002,0,1,0,0,0,0,0,0,0,0.17653134046325084,0.99633134906181253,0.99035047299939516,0.99677229069129392,0.988127610978078,0.15000000000000002,1,0.99633134906181253,0.99035047299939516,0.99633134906181253,0.99035047299939494,0,0.34569444444444447,0.012982118272245602,0.32455295680614005,0.17653134046325084,0.0010402208994459653,0.0010402208994459655,0.010710287206333024,0.010606938000751281,18,5090,1,2,0,1,6.7324540833333337
259,163.71449263711554,183.05480374126373,0.11813438622698674,0.49999917363808583,-8.2636191417462257e-07,28.350690647151755,0.30284722222222221,0.16520833333333335,0.040000000000000001,1,0,0,26806.394199137911,0.0007245961499828214,1,3,0.01,0.15000000000000002,0,1,0,0,0,0,0,0,0,0.17437252072455733,0.99813853239365746,0.99050494303213699,0.99702602206110869,0.98862802903386027,0.15000000000000002,1,0.99813853239365746,0.99050494303213699,0.99813853239365746,0.99050494303213676,0,0.34486111111111112,0.011930165402313885,0.29825413505784709,0.17437252072455733,0.0010274999321410524,0.0010274999321410526,0.010639997960324733,0.010538970573553503,18,5108,1,2,0,1,6.9115605000000002
260,163.71922141245372,183.10219173474658,0.11839153738376164,0.49999918887843003,-8.1112156996576701e-07,28.313457780578492,0.30249999999999999,0.16472222222222221,0.040000000000000001,1,0,0,26807.898445072678,0.00069896203319447345,1,3,0.01,0.15000000000000002,0,1,0,0,0,0,0,0,0,0.17277998640269107,0.99735085698938364,0.99061665567848722,0.99702602206110869,0.98907952474467442,0.15000000000000002,1,0.99735085698938364,0.99061665567848722,0.99735085698938364,0.99061665567848733,0,0.068888888888888888,0.012990226691296342,0.32475566728240857,0.17277998640269107,0.0010181158336555194,0.001018115833655519,0.010562807867756612,0.010463693404531467,18,5126,1,2,0,1,6.9754896249999998
261,163.72395545156934,183.15031054482205,0.11865310143327901,0.49999919650144264,-8.0349855735573072e-07,28.276690980511965,0.30270833333333336,0.16381944444444443,0.040000000000000001,1,0,0,26809.415086841145,0.00067437229677017019,1,3,0.01,0.15000000000000002,0,1,0,0,0,0,0,0,0,0.17139708797126027,0.99688140430658756,0.99051822822250735,0.99702602206110869,0.98923454122596588,0.15000000000000002,1,0.99688140430658756,0.99051822822250735,0.99688140430658756,0.99051822822250757,0,0.062291666666666669,0.011711433553849836,0.29278583884624587,0.17139708797126027,0.0010099670265008782,0.0010099670265008777,0.010484176766034421,0.010384768194663992,18,5144,1,2,0,1,7.0557269583333335
262,163.72900605681946,183.19954301672601,0.11891928882259033,0.49999919967175421,-8.0032824578690764e-07,28.240212015638001,0.30194444444444446,0.16319444444444445,0.040000000000000001,1,0,0,26811.004988377521,0.0006517589219944606,1,3,0.01,0.15000000000000002,0,1,0,0,0,0,0,0,0,0.17072694988790763,0.99685978363862493,0.99018661905007399,0.99702602206110869,0.98967842919685134,0.15000000000000002,1,0.99685978363862493,0.99018661905007399,0.99685978363862493,0.99018661905007399,0,0.059513888888888887,0.012382202622576128,0.30955506556440321,0.17072694988790763,0.0010060181999752946,0.0010060181999752946,0.010406960271397866,0.010304832805723894,18,5162,1,2,0,1,7.1055525833333331
263,163.7346165285754,183.24846652983103,0.11917974595097319,0.49999920429534622,-7.9570465377765132e-07,28.203762734905759,0.30215277777777777,0.16291666666666665,0.040000000000000001,1,0,0,26812.817112089167,0.00063043176366470784,1,3,0.01,0.15000000000000002,0,1,0,0,0,0,0,0,0,0.17046109381868463,0.99726069797399108,0.990012665179828,0.99702602206110869,0.99002603539664791,0.15000000000000002,1,0.99726069797399108,0.990012665179828,0.99726069797399108,0.99001266517982789,0,0.27590277777777777,0.01251726305553722,0.3129315763884305,0.17046109381868463,0.0010044516280639014,0.0010044516280639016,0.010330897502883601,0.010227719370529425,18,5180,1,2,0,1,7.1094449166666669
264,163.74050131290596,183.29637270395168,0.1194320967277039,0.49999921209850873,-7.8790149127261344e-07,28.167613880391329,0.30180555555555555,0.16250000000000001,0.040000000000000001,1,0,0,26814.59286419582,0.00061107201565318301,1,3,0.01,0.15000000000000002,0,1,0,0,0,0,0,0,0,0.16907476402762539,0.99655057194052299,0.99011169918002762,0.99699811449199283,0.99002603539664791,0.15000000000000002,1,0.99655057194052299,0.99011169918002762,0.99655057194052299,0.99011169918002739,0,0.26909722222222221,0.012555472734438185,0.31388681836095461,0.16907476402762539,0.00099628260142874386,0.00099628260142874407,0.010256332760039994,0.010154915056398981,18,5198,1,2,0,1,7.0945766666666668
265,163.74584179241731,183.3429143043071,0.11967981780406522,0.49999922055522322,-7.7944477677727164e-07,28.13210245018508,0.30118055555555556,0.16229166666666667,0.040000000000000001,1,0,0,26816.241070156226,0.00059724748219253782,1,3,0.01,0.15000000000000002,0,1,0,0,0,0,0,0,0,0.16802717764799335,0.99878919895135077,0.99043031116597824,0.9971171511119985,0.99002603539664791,0.15000000000000002,1,0.99878919895135077,0.99043031116597824,0.99878919895135077,0.99043031116597791,0,0.049930555555555554,0.012566212001858696,0.31415530004646741,0.16802717764799335,0.00099010963948777315,0.00099010963948777293,0.01019001593619992,0.010092500654476763,18,5216,1,2,0,1,7.0653031249999998
266,163.75040434209845,183.38799835012389,0.11992394209298959,0.49999921218777749,-7.8781222251356198e-07,28.096693343447519,0.3009027777777778,0.16166666666666665,0.040000000000000001,1,0,0,26817.849692658241,0.00058708549821830103,1,3,0.01,0.15000000000000002,0,1,0,0,0,0,0,0,0,0.16936726091524149,0.99809090091480135,0.9911439122352983,0.99713089264416332,0.99002603539664791,0.15000000000000002,1,0.99809090091480135,0.9911439122352983,0.99809090091480135,0.99114391223529841,0,0.042708333333333334,0.015557066205570454,0.38892665513926133,0.16936726091524149,0.00099800615586798807,0.00099800615586798807,0.010136948996275999,0.010047175286298674,18,5234,1,2,0,1,7.0631438333333332
267,163.75500597616877,183.43254160589646,0.1201644829874169,0.49999920347010957,-7.9652989043443867e-07,28.061192691352709,0.30027777777777775,0.16111111111111112,0.040000000000000001,1,0,0,26819.391502093418,0.00057998118101578637,1,3,0.01,0.15000000000000002,0,1,0,0,0,0,0,0,0,0.17001110494969357,0.9982498984134317,0.99195756566579696,0.99720150285785947,0.99005893550474977,0.15000000000000002,1,0.9982498984134317,0.99195756566579696,0.9982498984134317,0.99195756566579685,0,0.2590972222222222,0.014057281735692853,0.35143204339232131,0.17001110494969357,0.0010018000432245511,0.0010018000432245506,0.010092471959791667,0.010011303916785256,18,5252,1,2,0,1,7.0156834166666666
268,163.75961662723859,183.47670963808818,0.1204026573641233,0.49999922486289516,-7.7513710483589904e-07,28.026007300379153,0.29951388888888891,0.16069444444444445,0.040000000000000001,1,0,0,26820.84379814854,0.00057625852982151919,1,3,0.01,0.15000000000000002,0,1,0,0,0,0,0,0,0,0.1680103664233622,0.99786287843624577,0.99291207692705963,0.99729816007714911,0.99010845250484958,0.15000000000000002,1,0.99786287843624577,0.99291207692705963,0.99786287843624577,0.99291207692705963,0,0.27326388888888886,0.01176529833826969,0.29413245845674224,0.1680103664233622,0.00099001057839663369,0.00099001057839663326,0.010042261638742335,0.0099710828607685893,18,5270,1,2,0,1,7.0008222083333331
269,163.76387899073944,183.51987319676127,0.12063706800166227,0.49999924615187569,-7.5384812431300574e-07,27.991582262502391,0.299375,0.16027777777777777,0.040000000000000001,1,0,0,26822.157204075571,0.00057552976525297814,1,3,0.01,0.15000000000000002,0,1,0,0,0,0,0,0,0,0.1658136925895187,0.99499384060985807,0.99312054832995689,0.99729816007714911,0.99014915911505086,0.15000000000000002,1,0.99499384060985807,0.99312054832995689,0.99499384060985807,0.99312054832995689,0,0.044722222222222219,0.0123720553518192,0.30930138379548,0.1658136925895187,0.00097706655369691879,0.00097706655369691835,0.0099918282602982009,0.0099230899606861083,18,5288,1,2,0,1,6.912794166666667
270,163.76747240125707,183.56148428132605,0.12086656519660031,0.49999926156151103,-7.3843848896748554e-07,27.957786852169242,0.29895833333333333,0.15944444444444444,0.040000000000000001,1,0,0,26823.182736589857,0.00057482306319642316,1,3,0.01,0.15000000000000002,0,1,0,0,0,0,0,0,0,0.16373422727594719,0.9978567186011883,0.99279339736377759,0.99734323958484539,0.99026854602473458,0.15000000000000002,1,0.9978567186011883,0.99279339736377759,0.9978567186011883,0.99279339736377736,0,0.03048611111111111,0.011934088883568688,0.29835222208921719,0.16373422727594719,0.00096481318682634695,0.00096481318682634641,0.0099385256134690275,0.0098669026085828372,18,5306,1,2,0,1,6.8787508333333331
271,163.77046248479601,183.60167907405204,0.1210915343851893,0.49999927678169115,-7.2321830885124783e-07,27.924423798145483,0.29888888888888887,0.15881944444444446,0.040000000000000001,1,0,0,26824.085945400479,0.0005738214087722801,1,3,0.01,0.15000000000000002,0,1,0,0,0,0,0,0,0,0.16224637824726459,0.99862593904828512,0.99228144783842953,0.99735306277038815,0.99039039208268664,0.15000000000000002,1,0.99862593904828512,0.99228144783842953,0.99862593904828512,0.99228144783842942,0,0.03201388888888889,0.011468305395983957,0.28670763489959894,0.16224637824726459,0.00095604595234665291,0.00095604595234665302,0.0098846045393148028,0.0098083097035816056,18,5324,1,2,0,1,6.8461815416666667
272,163.7733123844076,183.64047303143212,0.12130890166275965,0.49999927557899809,-7.244210019075048e-07,27.891188819539508,0.29868055555555556,0.15812499999999999,0.040000000000000001,1,0,0,26825.070656204229,0.00057195906136628752,1,3,0.01,0.15000000000000002,0,1,0,0,0,0,0,0,0,0.1623405878073356,0.99847063307024297,0.99181244950900016,0.99735306277038815,0.99046762709905756,0.15000000000000002,1,0.99847063307024297,0.99181244950900016,0.99847063307024297,0.99181244950900005,0,0.045347222222222219,0.011563012569411429,0.28907531423528571,0.1623405878073356,0.00095660108750314293,0.00095660108750314228,0.0098351874268426502,0.0097546613331969297,18,5342,1,2,0,1,6.7801403333333337
273,163.77615142219372,183.67902833260774,0.12152487854661441,0.49999927892871293,-7.2107128706866419e-07,27.858057723775921,0.2986111111111111,0.15770833333333334,0.040000000000000001,1,0,0,26825.952857247878,0.00056913472257125771,1,3,0.01,0.15000000000000002,0,1,0,0,0,0,0,0,0,0.16157715469469591,0.99828201116754101,0.99156381610697453,0.99760599357629043,0.99051158562732211,0.15000000000000002,1,0.99828201116754101,0.99156381610697453,0.99828201116754101,0.99156381610697442,0,0.045624999999999999,0.012196188903091652,0.30490472257729129,0.16157715469469591,0.00095210251474539401,0.0009521025147453938,0.009782838313524141,0.0097003084905155166,18,5360,1,2,0,1,6.6558819583333335
274,163.77921144757835,183.71791451111432,0.12174135464022459,0.49999929310743063,-7.0689256936873335e-07,27.824951537037872,0.29819444444444443,0.15687499999999999,0.040000000000000001,1,0,0,26826.884086045269,0.00056240963511804565,1,3,0.01,0.15000000000000002,0,1,0,0,0,0,0,0,0,0.15968986655431616,0.99848556221246032,0.9914513649755845,0.99785979851871698,0.99056744195049728,0.15000000000000002,1,0.99848556221246032,0.9914513649755845,0.99848556221246032,0.99145136497558428,0,0.053194444444444447,0.011522522768363909,0.28806306920909774,0.15968986655431616,0.00094098156272776502,0.00094098156272776491,0.0097275372748231621,0.0096443801089743011,18,5378,1,2,0,1,6.4925658750000004
275,163.78271230014948,183.75704850200938,0.1219563159099159,0.49999930316618801,-6.968338119861528e-07,27.792041933706201,0.29805555555555557,0.15618055555555554,0.040000000000000001,1,0,0,26828.015148379789,0.00055143725456875681,1,3,0.01,0.15000000000000002,0,1,0,0,0,0,0,0,0,0.15904690514917125,0.99789550384509496,0.99130680045641861,0.99787919114067036,0.99088028395689276,0.15000000000000002,1,0.99789550384509496,0.99130680045641861,0.99789550384509496,0.99130680045641895,0,0.061874999999999999,0.012203775558716344,0.30509438896790858,0.15904690514917125,0.00093719287631427168,0.00093719287631427201,0.0096746205116496637,0.0095905171050334678,18,5396,1,2,0,1,6.1297724999999996
276,163.78646025758613,183.79614328350326,0.12216933557540716,0.49999931865140046,-6.8134859954049887e-07,27.759583543301659,0.29784722222222221,0.1554861111111111,0.040000000000000001,1,0,0,26829.207387849245,0.00053790470268040656,1,3,0.01,0.15000000000000002,0,1,0,0,0,0,0,0,0,0.15787222492617548,0.99780363361136026,0.99136196797384424,0.99785979851871698,0.9912253563458584,0.15000000000000002,1,0.99780363361136026,0.99136196797384424,0.99780363361136026,0.99136196797384424,0,0.070347222222222228,0.012811453969478344,0.32028634923695859,0.15787222492617548,0.00093027100671922141,0.00093027100671922195,0.0096068853625008964,0.0095239007790680064,18,5414,1,2,0,1,6.2576091666666667
277,163.79001937378385,183.83488526223695,0.12238148554527538,0.49999932734179375,-6.7265820624662354e-07,27.727594849776366,0.29715277777777777,0.15465277777777778,0.040000000000000001,1,0,0,26830.292203574911,0.00052218773248428874,1,3,0.01,0.15000000000000002,0,1,0,0,0,0,0,0,0,0.15646873264537242,0.99766932550018872,0.99184212933765836,0.99785979851871698,0.99133438421513143,0.15000000000000002,1,0.99766932550018872,0.99184212933765836,0.99766932550018872,0.99184212933765825,0,0.069236111111111109,0.012430753485488343,0.3107688371372086,0.15646873264537242,0.00092200084914339803,0.00092200084914339814,0.009527086168419744,0.0094493654316687922,18,5432,1,2,0,1,6.4945865833333336
278,163.79327814035014,183.87329728935296,0.12259367036904154,0.49999932932870955,-6.7067129044806606e-07,27.695916890356337,0.29625000000000001,0.15409722222222222,0.040000000000000001,1,0,0,26831.338799857844,0.00050414767524545497,1,3,0.01,0.15000000000000002,0,1,0,0,0,0,0,0,0,0.15597771842909736,0.9986495629034845,0.99236578940170217,0.99787919114067036,0.99140666647471432,0.15000000000000002,1,0.9986495629034845,0.99236578940170217,0.9986495629034845,0.99236578940170228,0,0.049930555555555554,0.011889413131166301,0.29723532827915755,0.15597771842909736,0.0009191075201268388,0.00091910752012683836,0.0094561831101499499,0.0093839926168309985,18,5450,1,2,0,1,6.6020269166666665
279,163.79620595948856,183.91157650220782,0.12280730450920434,0.49999932948032477,-6.7051967522768763e-07,27.664078872727426,0.29625000000000001,0.15375,0.040000000000000001,1,0,0,26832.316899881102,0.00048385166229735995,1,3,0.01,0.15000000000000002,0,1,0,0,0,0,0,0,0,0.15567827884139027,0.99835947409119075,0.9924462772017858,0.99787919114067036,0.99150759054127957,0.15000000000000002,1,0.99835947409119075,0.9924462772017858,0.99835947409119075,0.99244627720178569,0,0.060624999999999998,0.01184965924789343,0.29624148119733573,0.15567827884139027,0.00091734305543497729,0.0009173430554349774,0.0093964596118880084,0.0093254813606951908,18,5468,1,2,0,1,6.7163878333333331
280,163.79945161087474,183.94994969522261,0.12301932568259019,0.49999933742882324,-6.6257117675716515e-07,27.632619564381361,0.29583333333333334,0.15375,0.040000000000000001,1,0,0,26833.339163980134,0.00046292721773906031,1,3,0.01,0.15000000000000002,0,1,0,0,0,0,0,0,0,0.1542614673442935,0.99794038516205419,0.99243956874727801,0.99791794450357463,0.9916881328079874,0.15000000000000002,1,0.99794038516205419,0.99243956874727801,0.99794038516205419,0.99243956874727812,0,0.059722222222222225,0.01089765320969319,0.27244133024232975,0.1542614673442935,0.0009089944136244757,0.0009089944136244757,0.0093406408386861386,0.0092700215657688847,18,5486,1,2,0,1,6.8190469583333337
281,163.80249890717903,183.98819104974393,0.1232318937576368,0.49999934991432532,-6.500856746805006e-07,27.601473501388639,0.29576388888888888,0.15277777777777779,0.040000000000000001,1,0,0,26834.236848247005,0.00044377896257377923,1,3,0.01,0.15000000000000002,0,1,0,0,0,0,0,0,0,0.15252976302743346,0.99855854109248765,0.99249885685810812,0.99801564303842771,0.99182728942332932,0.15000000000000002,1,0.99855854109248765,0.99249885685810812,0.99855854109248765,0.99249885685810812,0,0.036944444444444446,0.010553725966899134,0.26384314917247831,0.15252976302743346,0.00089879024807896113,0.00089879024807896092,0.009283385134418445,0.0092137491336838611,18,5504,1,2,0,1,6.8613059999999999
282,163.80535711487008,184.02568116804795,0.12344116461953182,0.49999935455489586,-6.4544510414155098e-07,27.5705467844842,0.29520833333333335,0.15222222222222223,0.040000000000000001,1,0,0,26835.167493380111,0.00042690063549011455,1,3,0.01,0.15000000000000002,0,1,0,0,0,0,0,0,0,0.15208129489751404,0.99859031383840158,0.99278649844001543,0.99817039966411647,0.99189984750172766,0.15000000000000002,1,0.99859031383840158,0.99278649844001543,0.99859031383840158,0.99278649844001532,0,0.030694444444444444,0.011312974016160668,0.28282435040401671,0.15208129489751404,0.00089614762428052715,0.00089614762428052715,0.0092229316711958283,0.009156402039198026,18,5522,1,2,0,1,6.9119073333333336
283,163.80826389091555,184.06315560228785,0.12364999927513173,0.49999934363837151,-6.5636162849269652e-07,27.539561991303103,0.29499999999999998,0.1517361111111111,0.040000000000000001,1,0,0,26836.203259762107,0.00041208001233996932,1,3,0.01,0.15000000000000002,0,1,0,0,0,0,0,0,0,0.1533926024686704,0.99824373060350702,0.9931856791461805,0.9982468145084693,0.99211950675211324,0.15000000000000002,1,0.99824373060350702,0.9931856791461805,0.99824373060350702,0.99318567914618028,0,0.032430555555555553,0.012687583009403041,0.31718957523507602,0.1533926024686704,0.00090387457824540982,0.00090387457824540939,0.0091747037346958452,0.0091121843597088917,18,5540,1,2,0,1,6.9530130416666669
284,163.81127936935567,184.10075100293724,0.12385881919543289,0.49999934750153785,-6.5249846215031937e-07,27.509009518632578,0.29451388888888891,0.15159722222222222,0.040000000000000001,1,0,0,26837.121101516277,0.00040130203079290211,1,3,0.01,0.15000000000000002,0,1,0,0,0,0,0,0,0,0.15261537482657153,0.99871252774886343,0.99341311002317689,0.99826595479048641,0.99232361862006591,0.15000000000000002,1,0.99871252774886343,0.99341311002317689,0.99871252774886343,0.99341311002317689,0,0.036944444444444446,0.01073070755383964,0.268267688845991,0.15261537482657153,0.00089929472044329533,0.00089929472044329565,0.0091330168924113764,0.0090728587149845955,18,5558,1,2,0,1,6.9262537916666664
285,163.81394979300393,184.13709126801908,0.12406233718615274,0.4999993575510559,-6.424489440992609e-07,27.479063714778491,0.29423611111111109,0.15027777777777779,0.040000000000000001,1,0,0,26837.943643412273,0.00039362502635510255,1,3,0.01,0.15000000000000002,0,1,0,0,0,0,0,0,0,0.151380064855139,0.99781191556870519,0.99357730616672912,0.9982468145084693,0.99240267907449009,0.15000000000000002,1,0.99781191556870519,0.99357730616672912,0.99781191556870519,0.99357730616672923,0,0.030624999999999999,0.010652679638855205,0.26631699097138012,0.151380064855139,0.00089201558662940111,0.000892015586629401,0.0090878396027265062,0.0090294711913523201,18,5576,1,2,0,1,6.9225776666666663
286,163.81631308468127,184.17263461558935,0.12426309167625645,0.49999934653686623,-6.5346313377068199e-07,27.449388629396744,0.29402777777777778,0.14958333333333335,0.040000000000000001,1,0,0,26838.806759042091,0.00038672723685177594,1,3,0.01,0.15000000000000002,0,1,0,0,0,0,0,0,0,0.15256120202258255,0.99651923290283839,0.99350142626197435,0.9982468145084693,0.99244292297453196,0.15000000000000002,1,0.99651923290283839,0.99350142626197435,0.99651923290283839,0.99350142626197435,0,0.13354166666666667,0.011032968136154342,0.27582420340385855,0.15256120202258255,0.0008989755041344912,0.00089897550413449109,0.0090565441001417748,0.008997689480495322,18,5594,1,2,0,1,6.8395715416666665
287,163.8183229171008,184.20697621540714,0.12445893069375324,0.4999993500068402,-6.4999315979585859e-07,27.419533599376411,0.29409722222222223,0.14930555555555555,0.040000000000000001,1,0,0,26839.462568119634,0.00038015593934559168,1,3,0.01,0.15000000000000002,0,1,0,0,0,0,0,0,0,0.15161175429358523,0.99748455535031988,0.99336886054912765,0.99809205788278055,0.99247256702994702,0.15000000000000002,1,0.99748455535031988,0.99336886054912765,0.99748455535031988,0.99336886054912787,0,0.10868055555555556,0.011318603584914506,0.28296508962286265,0.15161175429358523,0.00089338082973818976,0.00089338082973819031,0.0090279240807365681,0.0089680586572053154,18,5612,1,2,0,1,7.0032666250000002
288,163.82066288880088,184.24335887477878,0.1246649575569141,0.49999935822966951,-6.417703304895106e-07,27.389634745050518,0.29368055555555556,0.14854166666666666,0.040000000000000001,1,0,0,26840.16670718923,0.00037369016450911345,1,3,0.01,0.15000000000000002,0,1,0,0,0,0,0,0,0,0.15007906346661751,0.99786919908699212,0.99334604314085972,0.99809205788278055,0.99247256702994702,0.15000000000000002,1,0.99786919908699212,0.99334604314085972,0.99786919908699212,0.99334604314085972,0,0.096666666666666665,0.010633852781583327,0.26584631953958315,0.15007906346661751,0.00088434936242809566,0.00088434936242809523,0.0089931659230378241,0.0089333257849588399,18,5630,1,2,0,1,7.1123014166666669
289,163.82349620129926,184.28048219262007,0.12487211215529267,0.49999936450806826,-6.3549193174416985e-07,27.359546170844055,0.29340277777777779,0.14756944444444445,0.040000000000000001,1,0,0,26841.051896481578,0.00036746121603311568,1,3,0.01,0.15000000000000002,1,1,1,0,1,1,0,1,0,0.14837200579291182,0.99759439541340655,0.99354729531684394,0.99809205788278055,0.99247256702994702,0.15000000000000002,1,0.99759439541340655,0.99354729531684394,0.99759439541340655,0.99354729531684383,0,0.28388888888888891,0.010330378822378956,0.2582594705594739,0.14837200579291182,0.00087429042862014709,0.00087429042862014698,0.0089501132962229932,0.0088923608582416776,18,5648,1,2,0,1,7.1852376250000001
290,163.82710100777834,184.31772803339342,0.12507470924875982,0.49999936005108014,-6.3994891985608149e-07,27.329229495700602,0.29291666666666666,0.14659722222222221,0.040000000000000001,1,0,0,26842.258167543161,0.00036213673433112606,1,3,0.01,0.15000000000000002,1,1,1,0,1,1,0,2,0,0.14772614212175716,0.99795361155934736,0.99355831755209412,0.99809867108142725,0.99247256702994702,0.15000000000000002,1,0.99795361155934736,0.99355831755209412,0.99795361155934736,0.99355831755209389,0,0.098680555555555549,0.010571191250959677,0.26427978127399193,0.14772614212175716,0.00087048464044018465,0.00087048464044018465,0.0089116035230387015,0.0088541978030416465,18,5666,1,2,0,1,7.1905504583333331
291,163.83137867346403,184.35166191837942,0.12525246024947898,0.49999936370841352,-6.3629158647549033e-07,27.299573768683054,0.29319444444444442,0.1463888888888889,0.040000000000000001,1,0,0,26843.45708872184,0.00035751070272618216,1,3,0.01,0.15000000000000002,1,1,1,0,1,1,0,3,0,0.14766596072266241,0.99827256538937492,0.99358753221210128,0.99809867108142725,0.99264267764906178,0.15000000000000002,1,0.99827256538937492,0.99358753221210128,0.99827256538937492,0.99358753221210128,0,0.36104166666666665,0.010508023967144517,0.26270059917861294,0.14766596072266241,0.0008701300181451747,0.00087013001814517405,0.0088829432931049161,0.00882598170537615,18,5684,1,2,0,1,7.1601498333333335
292,163.83404022068225,184.38592217915604,0.12544329573262478,0.49999937464137567,-6.2535862432877565e-07,27.270227604118446,0.29312500000000002,0.14583333333333334,0.040000000000000001,1,0,0,26844.331444456948,0.00035402839531017055,1,3,0.01,0.15000000000000002,1,1,1,0,1,1,0,4,0,0.14692116939529501,0.9983700443411434,0.99363163936865839,0.99809867108142725,0.99298608879309791,0.15000000000000002,1,0.9983700443411434,0.99363163936865839,0.9983700443411434,0.99363163936865839,0,0.062430555555555559,0.0099140830404610188,0.24785207601152548,0.14692116939529501,0.00086574129316058788,0.00086574129316058788,0.0088525369619849754,0.0087961608141087742,18,5702,1,2,0,1,7.0514393333333336
293,163.83635089192302,184.41994522563343,0.12563508782790622,0.4999993772055088,-6.2279449120072883e-07,27.241110643922283,0.29270833333333335,0.14541666666666667,0.040000000000000001,1,0,0,26845.107925884851,0.00035053813402156122,1,3,0.01,0.15000000000000002,1,1,1,0,1,1,0,5,0,0.14704535729014132,0.99864703825211665,0.9940058820943215,0.99809867108142725,0.99326586114352011,0.15000000000000002,1,0.99864703825211665,0.9940058820943215,0.99864703825211665,0.99400588209432161,0,0.058958333333333335,0.010495040880291177,0.26237602200727944,0.14704535729014132,0.00086647307734881375,0.00086647307734881408,0.008815135461088381,0.0087622964997800899,18,5720,1,2,0,1,7.0070914166666665
294,163.83836552447528,184.45254561259318,0.12582022545286209,0.49999938201703137,-6.1798296863146973e-07,27.212279981293499,0.29263888888888889,0.14465277777777777,0.040000000000000001,1,0,0,26845.746379817079,0.00034550927061758729,1,3,0.01,0.15000000000000002,1,1,1,0,1,1,0,6,0,0.14654230061512283,0.9986850060266782,0.99417166577147664,0.99809867108142725,0.99335745184499369,0.15000000000000002,1,0.9986850060266782,0.99417166577147664,0.9986850060266782,0.99417166577147664,0,0.057013888888888892,0.010371395908463006,0.25928489771157515,0.14654230061512283,0.000863508787463591,0.000863508787463591,0.0087793495281086754,0.0087281805447498289,18,5738,1,2,0,1,6.9472927916666665
295,163.84014832338889,184.48431228829122,0.12600186325609722,0.49999938946385997,-6.1053614003325762e-07,27.183908929400857,0.2928472222222222,0.14374999999999999,0.040000000000000001,1,0,0,26846.294651693621,0.00033948947864958058,1,3,0.01,0.15000000000000002,1,1,1,0,1,1,0,7,0,0.14593222894302144,0.99865480625100878,0.99399748989576464,0.99825814799644097,0.99339098528615222,0.15000000000000002,1,0.99865480625100878,0.99399748989576464,0.99865480625100878,0.99399748989576464,0,0.056250000000000001,0.0098565732451635895,0.24641433112908973,0.14593222894302144,0.00085991390566065174,0.00085991390566065207,0.0087472478471399273,0.0086947424035532187,18,5756,1,2,0,1,6.8850005000000003
296,163.84154484039394,184.51514603333678,0.12618045815597018,0.49999939419321876,-6.058067812397816e-07,27.155823245715439,0.29236111111111113,0.14291666666666666,0.040000000000000001,1,0,0,26846.733214847198,0.00033359816888594695,1,3,0.01,0.15000000000000002,1,1,1,0,1,1,0,8,0,0.14524328971044517,0.99815685855398051,0.99399538118518205,0.99825814799644097,0.99345726814257562,0.15000000000000002,1,0.99815685855398051,0.99399538118518205,0.99815685855398051,0.99399538118518216,0,0.038541666666666669,0.0094272619757579546,0.23568154939394886,0.14524328971044517,0.00085585429230081731,0.0008558542923008172,0.0087041266353062533,0.0086518616727453354,18,5774,1,2,0,1,6.8622837499999996
297,163.84312225391778,184.54557504758046,0.12635533618297878,0.4999993885530134,-6.1144698659809649e-07,27.127427823119906,0.29201388888888891,0.14194444444444446,0.040000000000000001,1,0,0,26847.304313842345,0.00032735208012474315,1,3,0.01,0.15000000000000002,1,1,1,0,1,1,0,9,0,0.14591920049430376,0.99873073012421021,0.99413228672144582,0.99831601974028283,0.99352436078940909,0.15000000000000002,1,0.99873073012421021,0.99413228672144582,0.99873073012421021,0.99413228672144571,0,0.048472222222222222,0.0099359168889105558,0.24839792222276388,0.14591920049430376,0.00085983713479034676,0.00085983713479034622,0.0086705829403584088,0.0086197064457064626,18,5792,1,2,0,1,6.8789394166666664
298,163.84507556612829,184.57587118661803,0.12652681533979176,0.49999938606889666,-6.1393110334373446e-07,27.098896414210156,0.291875,0.14131944444444444,0.040000000000000001,1,0,0,26847.988782416382,0.00032238993627528464,1,3,0.01,0.15000000000000002,1,1,1,0,1,1,0,10,0,0.14651128786199086,0.99915233650795365,0.99437066537525176,0.99831601974028283,0.99355280643446897,0.15000000000000002,1,0.99915233650795365,0.99437066537525176,0.99915233650795365,0.99437066537525143,0,0.027222222222222221,0.010390138526735506,0.25975346316838765,0.14651128786199086,0.00086332604306323373,0.00086332604306323341,0.0086495596209935459,0.0086008683555302626,18,5810,1,2,0,1,6.8553463749999999
299,163.8470704106997,184.60612597206321,0.12669775241832998,0.49999939400428717,-6.0599571283237452e-07,27.070573890182875,0.29166666666666669,0.14048611111111112,0.040000000000000001,1,0,0,26848.560306491701,0.00031863132759650471,1,3,0.01,0.15000000000000002,1,1,1,0,1,1,0,11,0,0.14554426079622579,0.99818159805872353,0.99447696654504525,0.99825814799644097,0.99356781185941156,0.15000000000000002,1,0.99818159805872353,0.99447696654504525,0.99818159805872353,0.99447696654504503,0,0.049513888888888892,0.010084684198163238,0.25211710495408091,0.14554426079622579,0.0008576277814316219,0.0008576277814316219,0.008632896973805022,0.0085852171950055196,18,5828,1,2,0,1,6.813737791666667
300,163.84888983548387,184.63517141904944,0.12686251096627202,0.49999940430180562,-5.9569819438332061e-07,27.042290051662597,0.29125000000000001,0.14027777777777778,0.040000000000000001,1,0,0,26849.105291422569,0.0003140505107998426,1,3,0.01,0.15000000000000002,1,1,1,0,1,1,0,12,0,0.14453534416587846,0.99855812852595127,0.99485766105299278,0.99832130486525916,0.99358241918941514,0.15000000000000002,1,0.99855812852595127,0.99485766105299278,0.99855812852595127,0.99485766105299267,0,0.033472222222222223,0.0098002088923404718,0.24500522230851179,0.14453534416587846,0.00085168268317353465,0.00085168268317353444,0.0086140950165383718,0.0085697984202416054,18,5846,1,2,0,1,6.7445234166666665
301,163.8508793506295,184.66351513464218,0.12702181316631869,0.49999940339409271,-5.9660590728816132e-07,27.013913383736039,0.29090277777777779,0.13944444444444445,0.040000000000000001,1,0,0,26849.764854054862,0.00030632019555333899,1,3,0.01,0.15000000000000002,1,1,1,0,1,1,0,13,0,0.14478047634675956,0.99866988360641173,0.99509298459081064,0.99832130486525916,0.99360958579037983,0.15000000000000002,1,0.99866988360641173,0.99509298459081064,0.99866988360641173,0.99509298459081041,0,0.031805555555555552,0.010343745288030047,0.25859363220075116,0.14478047634675956,0.00085312713840176853,0.00085312713840176853,0.0085970921367949666,0.008554906073205493,18,5864,1,2,0,1,6.70886125
302,163.85297058921532,184.69182262508633,0.1271801906363644,0.49999939292873807,-6.070712619266061e-07,26.984944171757597,0.29055555555555557,0.13777777777777778,0.040000000000000001,1,0,0,26850.537063152871,0.00029545808560872699,1,3,0.01,0.15000000000000002,1,1,1,0,1,1,0,14,0,0.14630203228816896,0.99899958734801342,0.99533336627069979,0.99832130486525916,0.99381351027692022,0.15000000000000002,1,0.99899958734801342,0.99533336627069979,0.99899958734801342,0.99533336627069968,0,0.26506944444444447,0.011437384081505289,0.28593460203763221,0.14630203228816896,0.0008620929927694791,0.0008620929927694791,0.0085934438364038586,0.008553341381546049,18,5882,1,2,0,1,6.6237865833333336
303,163.85531016549683,184.72075998904072,0.12734069956273864,0.49999938977650132,-6.1022349867601022e-07,26.95589949741699,0.29006944444444444,0.13638888888888889,0.040000000000000001,1,0,0,26851.346638295268,0.00028442592804694776,1,3,0.01,0.15000000000000002,1,1,1,0,1,1,0,15,0,0.14666432536859486,0.99839876388772153,0.99556254002898426,0.99838440411443252,0.99399643554047334,0.15000000000000002,1,0.99839876388772153,0.99556254002898426,0.99839876388772153,0.99556254002898426,0,0.25437500000000002,0.010186863619965129,0.25467159049912819,0.14666432536859486,0.00086422782521903012,0.00086422782521903012,0.0085911985842740748,0.0085530754844533111,18,5900,1,2,0,1,6.6003307500000004
304,163.85745020121712,184.74999279152195,0.1275043799634912,0.49999939778454694,-6.0221545306049507e-07,26.927075071892236,0.29020833333333335,0.13541666666666666,0.040000000000000001,1,0,0,26851.966082793657,0.0002744840878019683,1,3,0.01,0.15000000000000002,1,1,1,0,1,1,0,16,0,0.14549057688106654,0.99790515414196346,0.99558683488191868,0.99832130486525916,0.99400168599504313,0.15000000000000002,1,0.99790515414196346,0.99558683488191868,0.99790515414196346,0.99558683488191846,0,0.034027777777777775,0.010138174115192687,0.25345435287981716,0.14549057688106654,0.00085731144592787398,0.00085731144592787387,0.0085850012427383555,0.0085471142147152176,18,5918,1,2,0,1,6.6310262916666662
305,163.85962514592038,184.77918587507409,0.12766757345212046,0.49999940337081694,-5.9662918305836143e-07,26.898265122175978,0.28958333333333336,0.13465277777777779,0.040000000000000001,1,0,0,26852.622640909936,0.00026551322950492021,1,3,0.01,0.15000000000000002,1,1,1,0,1,1,0,17,0,0.14478127000599245,0.99823902712386225,0.99542414510387367,0.99832130486525916,0.99406908440788366,0.15000000000000002,1,0.99823902712386225,0.99542414510387367,0.99823902712386225,0.99542414510387345,0,0.027222222222222221,0.0095752499582060033,0.23938124895515009,0.14478127000599245,0.00085313181508364796,0.00085313181508364796,0.008578219152161351,0.0085389664660538885,18,5936,1,2,0,1,6.5720231250000003
306,163.86177777495016,184.80818838672917,0.12782975319935244,0.4999993969942223,-6.0300577769956121e-07,26.868840425104572,0.28923611111111114,0.13395833333333335,0.040000000000000001,1,0,0,26853.411889030755,0.0002579683895465566,1,3,0.01,0.15000000000000002,1,1,1,0,1,1,0,18,0,0.14562469895280622,0.99905740037079105,0.99523470281994642,0.99838440411443252,0.99415197624646123,0.15000000000000002,1,0.99905740037079105,0.99523470281994642,0.99905740037079105,0.99523470281994653,0,0.28347222222222224,0.0096255697582388767,0.24063924395597192,0.14562469895280622,0.00085810176781482333,0.00085810176781482398,0.0085804666276753597,0.0085395781542509548,18,5954,1,2,0,1,6.572501458333333
307,163.86437504582921,184.83778240922086,0.12799247766652064,0.49999939357847734,-6.0642152266421334e-07,26.839269642988011,0.28923611111111114,0.13298611111111111,0.040000000000000001,1,0,0,26854.292885233572,0.00025331240872352036,1,3,0.01,0.15000000000000002,1,1,1,0,1,1,0,19,0,0.14649062170049773,0.99914969228588324,0.99535374188775927,0.99847844620683635,0.99427116557336426,0.15000000000000002,1,0.99914969228588324,0.99535374188775927,0.99914969228588324,0.99535374188775905,0,0.028194444444444446,0.010363787314960153,0.25909468287400383,0.14649062170049773,0.000863204266538793,0.00086320426653879278,0.0085838337594238059,0.008543951052184957,18,5972,1,2,0,1,6.4812580000000004
308,163.86714331589417,184.86732881688161,0.1281537291493782,0.4999993952699307,-6.0473006929795403e-07,26.809894495926844,0.28909722222222223,0.13194444444444445,0.040000000000000001,1,0,0,26855.163801342675,0.00025012676972607447,1,3,0.01,0.15000000000000002,1,1,1,0,1,1,0,20,1,0.14612497235392269,0.99757142283498679,0.99555174583717554,0.99847844620683635,0.9944238159601485,0.15000000000000002,1,0.99757142283498679,0.99555174583717554,0.99757142283498679,0.99555174583717554,0,0.268125,0.01111214956201392,0.277803739050348,0.14612497235392269,0.00086104965710129592,0.00086104965710129657,0.0085815573734618691,0.0085433844251518506,18,5990,1,2,0,1,6.4387021249999998
309,163.86982521937298,184.89633970241275,0.12831230188286044,0.49999973066810321,-2.693318967850189e-07,26.782729423841268,0.28916666666666668,0.13159722222222223,0.02,2,1,1,26855.810062159726,0.00024770914205171862,1,3,0.01,0.15000000000000002,1,0,0,0,0,0,0,0,0,0.04165594433719199,NaN,NaN,NaN,NaN,0.15000000000000002,309,0.94541851267676313,0.99455478177753198,0.94541851267676313,0.99455478177753187,0,0.20284722222222223,0.0028007964835183277,0.14003982417591637,0.04165594433719199,0.0002454600059796485,0.0002454600059796486,0.0079693895980098954,0.0079259945325488648,18,6008,1,2,0,1,10.571144916666666
310,163.87521502439782,184.90954349058975,0.12835576425062409,0.49999976050299805,-2.3949700195258217e-07,26.763926723537708,0.28909722222222223,0.13145833333333334,0.02,2,0,0,26856.610417294069,0.00024673873157752798,1,3,0.01,0.15000000000000002,1,1,1,0,0,0,0,0,0,0.040205591353936421,0.98923073188278143,NaN,NaN,NaN,0.15000000000000002,309,0.98923073188278143,0.99420243349528004,0.98923073188278143,0.99420243349527992,0,0.058749999999999997,0.0027712807282421299,0.13856403641210649,0.040205591353936421,0.00023691371906653055,0.00023691371906653036,0.0073546206339028912,0.0073119817316608538,18,6026,1,2,0,1,10.947187416666667
311,163.87848209487447,184.91920592321634,0.12839223038544331,0.49999977234441478,-2.2765558521653517e-07,26.749524308196236,0.28902777777777777,0.13111111111111112,0.02,2,0,0,26857.293613117265,0.00024918342063356627,1,3,0.01,0.15000000000000002,1,1,1,0,0,0,0,0,0,0.039724758717755521,0.99634424655859355,NaN,NaN,NaN,0.15000000000000002,309,0.99634424655859355,0.99407669481619232,0.99634424655859355,0.99407669481619243,0,0.067916666666666667,0.002727734447581307,0.13638672237906535,0.039724758717755521,0.00023408038558603623,0.0002340803855860362,0.0067355738810871597,0.0066956770214013969,18,6044,1,2,0,1,11.080832541666666
312,163.88074708870369,184.92718174467871,0.12842530333708585,0.49999977830461173,-2.2169538826943835e-07,26.73750199540769,0.28888888888888886,0.13062499999999999,0.02,2,0,0,26857.840221302158,0.0002537255209873545,1,3,0.01,0.15000000000000002,1,1,1,0,0,0,0,0,0,0.039503734247519733,0.99860589141399336,NaN,NaN,NaN,0.15000000000000002,309,0.99860589141399336,0.99429252128720758,0.99860589141399336,0.99429252128720769,0,0.036874999999999998,0.0026759783911628459,0.1337989195581423,0.039503734247519733,0.00023277798640510382,0.00023277798640510407,0.0061062588747227845,0.0060714075321805045,18,6062,1,2,0,1,11.194457333333334
313,163.88246462629047,184.93433339349181,0.12845711598984669,0.49999978146925295,-2.1853074705369124e-07,26.726809337624342,0.28902777777777777,0.13034722222222223,0.02,2,0,0,26858.303001600423,0.00025780767456764201,1,3,0.01,0.15000000000000002,1,1,1,0,0,0,0,0,0,0.039392452642589844,0.99943448096767928,NaN,NaN,NaN,0.15000000000000002,309,0.99943448096767928,0.99449336870418681,0.99943448096767928,0.99449336870418681,0,0.021319444444444443,0.0026203178326745331,0.13101589163372665,0.039392452642589844,0.00023212225325954343,0.00023212225325954352,0.0054741533027632978,0.0054440091588682221,18,6080,1,2,0,1,11.239708708333334
314,163.88384969593082,184.9411050699932,0.12848889877270941,0.49999978317421523,-2.1682578477122405e-07,26.716875476774188,0.28902777777777777,0.13006944444444443,0.02,2,0,0,26858.707262857832,0.00026047466461671595,1,3,0.01,0.15000000000000002,1,1,1,0,0,0,0,0,0,0.039314038543831448,0.99973495051144057,NaN,NaN,NaN,0.15000000000000002,309,0.99973495051144057,0.9943230089826175,0.99973495051144057,0.99432300898261783,0,0.044097222222222225,0.002563865326008944,0.1281932663004472,0.039314038543831448,0.00023166019375143765,0.00023166019375143765,0.004848502050586863,0.0048209771479979209,18,6098,1,2,0,1,11.262295875
315,163.88502683923102,184.94772752609509,0.12852120229095912,0.49999978496133901,-2.1503866098893099e-07,26.707419161102486,0.28881944444444446,0.12979166666666667,0.02,2,0,0,26859.064655196449,0.00026241089235216566,1,3,0.01,0.15000000000000002,1,1,1,0,0,0,0,0,0,0.039190997532575066,0.99975373696596237,NaN,NaN,NaN,0.15000000000000002,309,0.99975373696596237,0.99391646127558531,0.99975373696596237,0.99391646127558553,0,0.065763888888888886,0.0025085082203178668,0.12542541101589333,0.039190997532575066,0.00023093516763957565,0.00023093516763957557,0.0042263054031427896,0.0042005945105615672,18,6116,1,2,0,1,11.281864208333333
316,163.88609861924823,184.95431008915824,0.12855398747917704,0.49999978556032798,-2.1443967201939529e-07,26.698242852835179,0.28881944444444446,0.12958333333333333,0.02,2,0,0,26859.410073510571,0.00026282938859266598,1,3,0.01,0.15000000000000002,1,1,1,0,0,0,0,0,0,0.039151509426533497,0.99979615673351196,NaN,NaN,NaN,0.15000000000000002,309,0.99979615673351196,0.99359746572401408,0.99979615673351196,0.99359746572401408,0,0.028541666666666667,0.0025210043018636559,0.12605021509318279,0.039151509426533497,0.00023070248174325727,0.00023070248174325751,0.0035989061170712227,0.0035758639973006187,18,6134,1,2,0,1,11.235406333333334
317,163.88711042029976,184.9609347959591,0.12858744242676604,0.4999997860766412,-2.1392335880499047e-07,26.689285777841715,0.28868055555555555,0.12930555555555556,0.02,2,0,0,26859.731061464005,0.00026028846334395843,1,3,0.01,0.15000000000000002,1,1,1,0,0,0,0,0,0,0.039137649804136983,0.99984116068629481,NaN,NaN,NaN,0.15000000000000002,309,0.99984116068629481,0.99371611975035679,0.99984116068629481,0.99371611975035656,0,0.029097222222222222,0.0025446746281044892,0.12723373140522445,0.039137649804136983,0.00023062081313508011,0.00023062081313508019,0.0029663226636675098,0.0029476826472672204,18,6152,1,2,0,1,11.252653958333333
318,163.88807297912135,184.9676014948576,0.12862149229383946,0.49999978652942861,-2.1347057138632053e-07,26.680491570673066,0.2886111111111111,0.12895833333333334,0.02,2,0,0,26860.039045550839,0.00025450761146431284,1,3,0.01,0.15000000000000002,1,1,1,0,0,0,0,0,0,0.039120881676969387,0.99987662529231347,0.99391593777762144,NaN,NaN,0.15000000000000002,309,0.99987662529231347,0.99391593777762144,0.99987662529231347,0.99391593777762133,0,0.2442361111111111,0.0025556184653864195,0.12778092326932097,0.039120881676969387,0.00023052200599818007,0.00023052200599817986,0.0023357950125643934,0.0023215838903692301,18,6170,1,2,0,1,11.242019166666667
319,163.88899523625409,184.97430481610817,0.1286560427651568,0.49999978697569308,-2.1302430691649832e-07,26.67181772050246,0.28868055555555555,0.12875,0.02,2,0,0,26860.336086919331,0.00024593607679778659,1,3,0.01,0.15000000000000002,1,1,1,0,0,0,0,0,0,0.039093069417127327,0.9998888121649,0.99734711153127209,NaN,NaN,0.15000000000000002,309,0.9998888121649,0.99734711153127209,0.9998888121649,0.99734711153127209,0,0.012638888888888889,0.0025532739454070998,0.12766369727035498,0.039093069417127327,0.00023035812068539303,0.00023035812068539286,0.002320693127270138,0.0023145365872333469,18,6188,1,2,0,1,11.233801666666666
320,163.88988861767621,184.98104560876783,0.12869102034899335,0.49999978724770888,-2.1275229111772376e-07,26.663238914666742,0.2886111111111111,0.12840277777777778,0.02,2,0,0,26860.624084947263,0.00023578609515875434,1,3,0.01,0.15000000000000002,1,1,1,0,0,0,0,0,0,0.039062741128514648,0.99988808854878175,0.99847655255333478,NaN,NaN,0.15000000000000002,309,0.99988808854878175,0.99847655255333478,0.99988808854878175,0.99847655255333467,0,0.010138888888888888,0.0025378514602897671,0.12689257301448836,0.039062741128514648,0.00023017940953089464,0.00023017940953089469,0.0023139588177345021,0.0023104336230819361,18,6206,1,2,0,1,11.245450208333333
321,163.89075723469898,184.98782340781472,0.12872639390459209,0.49999978741187895,-2.1258812105129365e-07,26.654722567113826,0.2886111111111111,0.12798611111111111,0.02,2,0,0,26860.908664111274,0.00022277746309848909,1,3,0.01,0.15000000000000002,1,1,1,0,0,0,0,0,0,0.039062537136332995,0.99982843843867308,0.99891661856825986,NaN,NaN,0.15000000000000002,309,0.99982843843867308,0.99891661856825986,0.99982843843867308,0.99891661856825986,0,0.013541666666666667,0.0025258264618086188,0.12629132309043092,0.039062537136332995,0.00023017820749543668,0.00023017820749543646,0.0023100566396439025,0.0023075539671742443,18,6224,1,2,0,1,11.249483874999999
322,163.89161162090119,184.99464679438964,0.12876214325295687,0.49999978735864803,-2.1264135197096579e-07,26.646245658903229,0.2886111111111111,0.1275,0.02,2,0,0,26861.190896244669,0.00020819714328303032,1,3,0.01,0.15000000000000002,1,1,1,0,0,0,0,0,0,0.039058583690659364,0.99988013762265948,0.99911501355567267,NaN,NaN,0.15000000000000002,309,0.99988013762265948,0.99911501355567267,0.99988013762265948,0.99911501355567267,0,0.018749999999999999,0.0025219819834360717,0.12609909917180359,0.039058583690659364,0.00023015491159339603,0.00023015491159339598,0.0023074335648321943,0.0023053915174061318,18,6242,1,2,0,1,11.290336999999999
323,163.89245520765527,185.00151530583497,0.12879824194124168,0.49999978750507601,-2.1249492399011416e-07,26.637823030143647,0.28854166666666664,0.1270138888888889,0.02,2,0,0,26861.465207187066,0.0001934734146528693,1,3,0.01,0.15000000000000002,1,1,1,0,0,0,0,0,0,0.039045234052230871,0.99986853704052958,0.99923522344388371,NaN,NaN,0.15000000000000002,309,0.99986853704052958,0.99923522344388371,0.99986853704052958,0.99923522344388382,0,0.035069444444444445,0.0025067040550871239,0.1253352027543562,0.039045234052230871,0.00023007624809456956,0.00023007624809456953,0.0023053875596672204,0.0023036244533088247,18,6260,1,2,0,1,11.269873791666667
324,163.89328424178316,185.00841061452471,0.12883460399506977,0.49999978780143439,-2.1219856560783512e-07,26.629440087219702,0.2886111111111111,0.12708333333333333,0.02,2,0,0,26861.734782512372,0.00017934026721715151,1,3,0.01,0.15000000000000002,1,1,1,0,0,0,0,0,0,0.039027568641843417,0.99985556263810993,0.99931757457129811,NaN,NaN,0.15000000000000002,309,0.99985556263810993,0.99931757457129811,0.99985556263810993,0.99931757457129822,0,0.025694444444444443,0.0024830076951986991,0.12415038475993495,0.039027568641843417,0.00022997215366559113,0.00022997215366559121,0.0023036995195813742,0.0023021274164491236,18,6278,1,2,0,1,11.284044708333333
325,163.89410165059473,185.01533029043873,0.12887119443061024,0.49999978837836462,-2.1162163538201995e-07,26.621106486337652,0.28854166666666664,0.12666666666666668,0.02,2,0,0,26862.000285027949,0.00016550772103398053,1,3,0.01,0.15000000000000002,1,1,1,0,0,0,0,0,0,0.039003833778221052,0.99981081045466769,0.99932452493841673,NaN,NaN,0.15000000000000002,309,0.99981081045466769,0.99932452493841673,0.99981081045466769,0.9993245249384165,0,0.020972222222222222,0.0024535934673057961,0.1226796733652898,0.039003833778221052,0.00022983229464044186,0.00022983229464044197,0.0023025966465822401,0.0023010412999705885,18,6296,1,2,0,1,11.277409291666666
326,163.89490473186987,185.02226134794441,0.12890795263366267,0.49999978934138306,-2.1065861693925214e-07,26.61281893649301,0.28847222222222224,0.12618055555555555,0.02,2,0,0,26862.260918605167,0.00015244782455862984,1,3,0.01,0.15000000000000002,1,1,1,0,0,0,0,0,0,0.038964644281611317,0.99971704064902778,0.99926937788132331,NaN,NaN,0.15000000000000002,309,0.99971704064902778,0.99926937788132331,0.99971704064902778,0.99926937788132331,0,0.013819444444444445,0.00242067355954608,0.12103367797730399,0.038964644281611317,0.00022960136831707493,0.00022960136831707501,0.0023014955331560581,0.0022998140096134987,18,6314,1,2,0,1,11.286889541666667
327,163.89569427272463,185.02919790033616,0.12894483727220496,0.49999978941855183,-2.1058144816787916e-07,26.604575729667829,0.28833333333333333,0.12625,0.02,2,0,0,26862.514102072491,0.00014072564956932058,1,3,0.01,0.15000000000000002,1,1,1,0,0,0,0,0,0,0.038936757092916947,0.99947210139631182,0.99915324733294753,NaN,NaN,0.15000000000000002,309,0.99947210139631182,0.99915324733294753,0.99947210139631182,0.99915324733294741,0,0.0095138888888888894,0.0023860286012058413,0.11930143006029206,0.038936757092916947,0.00022943704148179145,0.0002294370414817915,0.002300311761502769,0.0022983639663836644,18,6332,1,2,0,1,11.260732916666667
328,163.89647051749483,185.03613408913029,0.128981810925446,0.49999978945474632,-2.1054525367603105e-07,26.596351202132084,0.28812500000000002,0.12590277777777778,0.02,2,0,0,26862.768219412264,0.00013083689634382984,1,3,0.01,0.15000000000000002,1,1,1,0,1,1,0,1,0,0.038960974811987445,0.99993013469219771,0.99907261356403809,0.99981081045466769,0.99911501355567267,0.15000000000000002,309,0.99993013469219771,0.99907261356403809,0.99993013469219771,0.99907261356403798,0,0.019791666666666666,0.0023509198008895174,0.11754599004447587,0.038960974811987445,0.00022957974575995495,0.000229579745759955,0.0022993695012645441,0.0022972370971778068,18,6350,1,2,0,1,11.235683458333334
329,163.8972452446323,185.04309433197849,0.12901894144580645,0.49999978910521942,-2.1089478058344824e-07,26.588129474544807,0.28791666666666665,0.12590277777777778,0.02,2,0,0,26863.028196381343,0.00012284417256058682,1,3,0.01,0.15000000000000002,1,1,1,0,1,1,0,2,0,0.039024201884251514,0.99987210797555193,0.99903745664832488,0.99981962444667039,0.99909381355985538,0.15000000000000002,309,0.99987210797555193,0.99903745664832488,0.99987210797555193,0.99903745664832488,0,0.023819444444444445,0.0023964711163239573,0.11982355581619786,0.039024201884251514,0.00022995231485622574,0.00022995231485622595,0.002298963695435377,0.0022967508432145934,18,6368,1,2,0,1,11.245217999999999
330,163.89802766202789,185.05010187162409,0.12905630721324873,0.4999997883317393,-2.1166826069674016e-07,26.579881491647729,0.28770833333333334,0.1254861111111111,0.02,2,0,0,26863.294829644841,0.00011601409887023778,1,3,0.01,0.15000000000000002,1,1,1,0,1,1,0,3,0,0.039133523078263961,0.99978251606396129,0.99905154298395416,0.99981962444667039,0.99907261356403809,0.15000000000000002,309,0.99978251606396129,0.99905154298395416,0.99978251606396129,0.99905154298395404,0,0.024583333333333332,0.0024867141006372929,0.12433570503186464,0.039133523078263961,0.0002305964961696725,0.00023059649616967258,0.0022993807820741552,0.0022971999182388359,18,6386,1,2,0,1,11.244899
331,163.89882559494228,185.05717399959681,0.12909395981240912,0.49999978772417919,-2.1227582081007057e-07,26.571635108044632,0.28756944444444443,0.12513888888888888,0.02,2,0,0,26863.556850147088,0.00011101249102970225,1,3,0.01,0.15000000000000002,1,1,1,0,1,1,0,4,0,0.03921842815106856,0.99988835945281818,0.99907687196669215,0.99983479956248389,0.99907474276536512,0.15000000000000002,309,0.99988835945281818,0.99907687196669215,0.99988835945281818,0.99907687196669226,0,0.01576388888888889,0.0025504962806602652,0.12752481403301325,0.03921842815106856,0.00023109680410914976,0.00023109680410914987,0.0023002993786878688,0.0022981759078464013,18,6404,1,2,0,1,11.2943585
332,163.89962761530171,185.06428333540808,0.12913181090187192,0.49999978732022216,-2.1267977784455994e-07,26.563393661196116,0.28749999999999998,0.12493055555555556,0.02,2,0,0,26863.820956627707,0.00010741128325195086,1,3,0.01,0.15000000000000002,1,1,1,0,1,1,0,5,0,0.039278009203890761,0.99992375088531349,0.99913457026183872,0.99984836166220237,0.99907687196669215,0.15000000000000002,309,0.99992375088531349,0.99913457026183872,0.99992375088531349,0.99913457026183883,0,0.012361111111111111,0.002589501923839688,0.12947509619198441,0.039278009203890761,0.00023144788882982319,0.00023144788882982316,0.002301592355924296,0.0022996004894543544,18,6422,1,2,0,1,11.242915125
333,163.90042803120346,185.07141537689324,0.12916981120793189,0.49999978104017284,-2.189598271584714e-07,26.555961864996451,0.28743055555555558,0.12479166666666666,0.02,2,0,0,26863.915455471189,0.00010472707259257484,1,3,0.01,0.15000000000000002,1,1,1,0,1,1,0,6,0,0.037428810562362164,0.99984997247584262,0.99922582049746467,0.99985276755697627,0.99909594276118241,0.15000000000000002,309,0.99984997247584262,0.99922582049746467,0.99984997247584262,0.99922582049746489,0,0.21868055555555554,0.0024827843907782995,0.12413921953891498,0.037428810562362164,0.000220551381336608,0.00022055138133660797,0.0022920674891663342,0.0022902930174977941,17,6439,1,2,0,1,10.444500583333333
334,163.90098554782276,185.07808180286906,0.12920664378108507,0.49999978099501935,-2.1900498065052787e-07,26.548311353327698,0.28736111111111112,0.12472222222222222,0.02,2,0,0,26864.207908352204,0.00010207523136302962,1,3,0.01,0.15000000000000002,1,1,1,0,1,1,0,7,0,0.037437037508728066,0.99986490631073888,0.99934164545275228,0.9998602344744244,0.99911501355567267,0.15000000000000002,309,0.99986490631073888,0.99934164545275228,0.99986490631073888,0.99934164545275239,0,0.074444444444444438,0.0024823289114957632,0.12411644557478815,0.037437037508728066,0.0002205998590829729,0.00022059985908297298,0.0022826951945837158,0.0022811923718223811,17,6456,1,2,0,1,10.400458291666666
335,163.90167334273522,185.08487231746852,0.12924333560913107,0.4999997809627848,-2.1903721519889174e-07,26.54058151935147,0.28729166666666667,0.12423611111111112,0.02,2,0,0,26864.448214608365,0.00010001010274458267,1,3,0.01,0.15000000000000002,1,1,1,0,1,1,0,8,0,0.037445328505559941,0.99992471710094211,0.9994561163856639,0.99986672167563428,0.99912479190875569,0.15000000000000002,309,0.99992471710094211,0.9994561163856639,0.99992471710094211,0.9994561163856639,0,0.089513888888888893,0.0024693958490135432,0.12346979245067716,0.037445328505559941,0.00022064871425032804,0.00022064871425032812,0.002273511614193602,0.0022722750884796392,17,6473,1,2,0,1,10.520915375
336,163.90238612522435,185.09168819562947,0.12928000971392883,0.49999978099776365,-2.1900223634574445e-07,26.532831545869271,0.28736111111111112,0.12368055555555556,0.02,2,0,0,26864.680705483697,9.8193347991228918e-05,1,3,0.01,0.15000000000000002,1,1,1,0,1,1,0,9,0,0.037446807318770724,0.99990202015370022,0.99950864540804063,0.99987032250804075,0.99913457026183872,0.15000000000000002,309,0.99990202015370022,0.99950864540804063,0.99990202015370022,0.99950864540804052,0,0.038194444444444448,0.0024470693859843812,0.12235346929921906,0.037446807318770724,0.00022065742824074012,0.00022065742824074018,0.0022645676741172671,0.0022634549683917867,17,6490,1,2,0,1,10.491121625
337,163.90308409700614,185.09850200562792,0.1293167729295274,0.4999997812628042,-2.1873719580067785e-07,26.52507373081534,0.28729166666666667,0.12347222222222222,0.02,2,0,0,26864.910617311878,9.6587534050206146e-05,1,3,0.01,0.15000000000000002,1,1,1,0,1,1,0,10,0,0.037447957777520795,0.99986158381971413,0.99948047884290614,0.99987032250804075,0.99914390879739312,0.15000000000000002,309,0.99986158381971413,0.99948047884290614,0.99986158381971413,0.99948047884290614,0,0.035069444444444445,0.002418141038420355,0.12090705192101775,0.037447957777520795,0.00022066420738393723,0.00022066420738393731,0.0022557948400194132,0.00225462290687396,17,6507,1,2,0,1,10.472819625
338,163.90377316338683,185.10530458808429,0.12935352869248959,0.49999978151697833,-2.1848302167448708e-07,26.517328268148034,0.28729166666666667,0.12291666666666666,0.02,2,0,0,26865.13351059339,9.5147566254504931e-05,1,3,0.01,0.15000000000000002,1,1,1,0,1,1,0,11,0,0.037455583157784557,0.9997904275234748,0.99940435495190383,0.99986672167563428,0.99918953391520615,0.15000000000000002,309,0.9997904275234748,0.99940435495190383,0.9997904275234748,0.99940435495190394,0,0.22722222222222221,0.0023848866107585749,0.11924433053792874,0.037455583157784557,0.00022070914036805082,0.00022070914036805079,0.0022469242346275092,0.0022455858653337062,17,6524,1,2,0,1,10.482585583333334
339,163.90443357496022,185.11208728703875,0.12939036028198342,0.49999978147937252,-2.1852062748184409e-07,26.509588028192422,0.28743055555555558,0.12270833333333334,0.02,2,0,0,26865.350949623957,9.3791941044927811e-05,1,3,0.01,0.15000000000000002,1,1,1,0,1,1,0,12,0,0.037484899136097038,0.99981444439718126,0.99927493366780573,0.9998632450652265,0.99923052197067419,0.15000000000000002,309,0.99981444439718126,0.99927493366780573,0.99981444439718126,0.99927493366780584,0,0.015902777777777776,0.0023492913478050819,0.1174645673902541,0.037484899136097038,0.00022088188642689977,0.0002208818864268996,0.0022378538061981826,0.0022362312137469355,17,6541,1,2,0,1,10.496911583333333
340,163.9050758863834,185.11885284337791,0.12942721170941399,0.49999978105591664,-2.1894408336331495e-07,26.501849613312661,0.28749999999999998,0.12243055555555556,0.02,2,0,0,26865.562149453624,9.2415979508481569e-05,1,3,0.01,0.15000000000000002,1,1,1,0,1,1,0,13,0,0.037534245269666526,0.99992123258754395,0.99917011639577225,0.9998632450652265,0.99923052197067419,0.15000000000000002,309,0.99992123258754395,0.99917011639577225,0.99992123258754395,0.99917011639577247,0,0.026666666666666668,0.0023126537314885265,0.11563268657442632,0.037534245269666526,0.00022117266130750244,0.00022117266130750252,0.0022284299713360126,0.0022265806338396311,17,6558,1,2,0,1,10.505179458333334
341,163.90569430216888,185.12561209108463,0.12946418902198542,0.49999978064469142,-2.1935530858385732e-07,26.494069850113434,0.28736111111111112,0.12201388888888889,0.02,2,0,0,26865.773667757236,9.0913224851528742e-05,1,3,0.01,0.15000000000000002,1,1,1,0,1,1,0,14,0,0.037594615532508931,0.99989139938546812,0.999145602211989,0.99986672167563428,0.99923052197067419,0.15000000000000002,309,0.99989139938546812,0.999145602211989,0.99989139938546812,0.99914560221198923,0,0.25874999999999998,0.0022760382889422657,0.11380191444711328,0.037594615532508931,0.00022152839649281809,0.00022152839649281801,0.0022188615637196807,0.002216965773307736,17,6575,1,2,0,1,10.488149249999999
342,163.90634990602302,185.13240841220534,0.12950113597400245,0.49999978025512959,-2.1974487041109825e-07,26.48627082867398,0.28736111111111112,0.12145833333333333,0.02,2,0,0,26865.988438301745,8.9306482791268296e-05,1,3,0.01,0.15000000000000002,1,1,1,0,1,1,0,15,0,0.037651532507967309,0.99992062429248307,0.99919606338313061,0.99986672167563428,0.99923052197067419,0.15000000000000002,309,0.99992062429248307,0.99919606338313061,0.99992062429248307,0.99919606338313061,0,0.02361111111111111,0.0022407106366072725,0.11203553183036362,0.037651532507967309,0.00022186378298707851,0.00022186378298707826,0.002209277457876936,0.0022075013388317246,17,6592,1,2,0,1,10.486742416666667
343,163.9070225997761,185.13922627342924,0.12953809627484594,0.49999978704341219,-2.1295658780839943e-07,26.477652690224208,0.28743055555555558,0.12118055555555556,0.02,2,0,0,26866.37401884481,8.7583593625927838e-05,1,3,0.01,0.15000000000000002,1,1,1,0,1,1,0,16,0,0.039589850908225643,0.99992949460347491,0.99926552866538454,0.99986850714314546,0.99924567458142466,0.15000000000000002,309,0.99992949460347491,0.99926552866538454,0.99992949460347491,0.99926552866538421,0,0.40159722222222222,0.0023174621251310064,0.11587310625655031,0.039589850908225643,0.00023328543369475623,0.00023328543369475655,0.0022220115102350841,0.0022203795064756307,18,6610,1,2,0,1,11.333270875
344,163.90793646844747,185.14654483343065,0.1295764489663479,0.49999978663270139,-2.1336729860710335e-07,26.469240525985565,0.28736111111111112,0.12111111111111111,0.02,2,0,0,26866.565053919079,8.7613748565302127e-05,1,3,0.01,0.15000000000000002,1,1,1,0,1,1,0,17,0,0.039643541329670275,0.99994729553547723,0.99935641950090326,0.999880233714185,0.99924567458142466,0.15000000000000002,309,0.99994729553547723,0.99935641950090326,0.99994729553547723,0.99935641950090337,0,0.089722222222222217,0.0022830946371641993,0.11415473185820996,0.039643541329670275,0.00023360180753715843,0.00023360180753715821,0.0022350134586892698,0.0022335750476120387,18,6628,1,2,0,1,11.333626000000001
345,163.90873142084615,185.1537571656246,0.12961497267787694,0.49999978619342017,-2.1380657982961182e-07,26.460885554679265,0.28729166666666667,0.12069444444444444,0.02,2,0,0,26866.815533498651,8.718119687243447e-05,1,3,0.01,0.15000000000000002,1,1,1,0,1,1,0,18,0,0.039693133476166535,0.99996027625800177,0.99946632689802395,0.99988987941914309,0.99924567458142466,0.15000000000000002,309,0.99996027625800177,0.99946632689802395,0.99996027625800177,0.99946632689802395,0,0.052291666666666667,0.0022769175208344327,0.11384587604172164,0.039693133476166535,0.00023389403206283427,0.00023389403206283417,0.002248258776501776,0.0022470589412664755,18,6646,1,2,0,1,11.295322916666667
346,163.90951727472319,185.16095918443807,0.129653495800955,0.49999978568720166,-2.1431279834116523e-07,26.452554594418192,0.28715277777777776,0.12041666666666667,0.02,2,0,0,26867.071203538319,8.688032595144694e-05,1,3,0.01,0.15000000000000002,1,1,1,0,1,1,0,19,0,0.039740285761450216,0.99996201294872811,0.99956938335242185,0.99989670976958411,0.99924567458142466,0.15000000000000002,309,0.99996201294872811,0.99956938335242185,0.99996201294872811,0.99956938335242207,0,0.02673611111111111,0.0022873474615381236,0.11436737307690618,0.039740285761450216,0.00023417187956843873,0.00023417187956843849,0.0022617732278294739,0.0022607992706245241,18,6664,1,2,0,1,11.352872541666667
347,163.91029974096054,185.16816147992776,0.12969204359068698,0.49999978535803941,-2.1464196059417517e-07,26.444228416580469,0.28722222222222221,0.12048611111111111,0.02,2,0,0,26867.330077333565,8.6770515538880572e-05,1,3,0.01,0.15000000000000002,1,1,1,0,1,1,0,20,1,0.03980061576497413,0.99994367518489979,0.99964273210879251,0.99991132222309165,0.99927023116659508,0.15000000000000002,309,0.99994367518489979,0.99964273210879251,0.99994367518489979,0.9996427321087924,0,0.022013888888888888,0.0022893426412821049,0.11446713206410525,0.03980061576497413,0.00023452737752344512,0.00023452737752344528,0.0022756363979689817,0.0022748233861519243,18,6682,1,2,0,1,11.352647708333333
348,163.91108982232902,185.17537762403236,0.12973062301490834,0.49999828383529027,-1.7161647097307942e-06,26.433784050404341,0.28729166666666667,0.12048611111111111,0.01,3,1,1,26866.135051824764,8.6855152790531184e-05,1,3,0.01,0.15000000000000002,1,0,0,0,0,0,0,0,0,0.010226117961108398,NaN,NaN,NaN,NaN,0.15000000000000002,348,0.71097849170595151,0.99170953850805388,0.71097849170595151,0.99170953850805366,0,0.17590277777777777,0.00063163333312380994,0.063163333312380998,0.010226117961108398,6.0257977962610825e-05,6.0257977962610947e-05,0.0021151852355635417,0.002097649373819769,18,6700,1,2,0,1,14.620610791666667
349,163.91189389905909,185.17511214027985,0.12972346140003213,0.49999894960560531,-1.0503943946860161e-06,26.423293474603156,0.28729166666666667,0.12041666666666667,0.01,3,0,0,26869.389860978721,8.1777910666709237e-05,1,3,0.01,0.15000000000000002,1,1,1,0,0,0,0,0,0,0.0088080044853727918,0.89594815646496984,NaN,NaN,NaN,0.15000000000000002,348,0.89594815646496984,0.98541608228912048,0.89594815646496984,0.98541608228912037,0,0.17430555555555555,0.00065616223897006396,0.065616223897006401,0.0088080044853727918,5.1901664169405227e-05,5.1901664169405105e-05,0.0019462050133060476,0.0019178217195434911,18,6718,1,2,0,1,14.77526675
350,163.91667711920149,185.17929014996591,0.1297159837818215,0.49999733731428186,-2.662685718135549e-06,26.422877191338717,0.28729166666666667,0.12041666666666667,0.01,3,0,0,26865.86266576486,8.8165444003514531e-05,1,3,0.01,0.15000000000000002,1,1,1,0,0,0,0,0,0,0.0061555319177998245,0.72900667877761005,NaN,NaN,NaN,0.15000000000000002,348,0.72900667877761005,0.98015472111392132,0.72900667877761005,0.98015472111392132,0,0.22631944444444443,0.00057888735611694902,0.0578887356116949,0.0061555319177998245,3.627181967405408e-05,3.6271819674053952e-05,0.0017613041716725989,0.0017263505991825423,15,6733,1,2,0,1,13.428635249999999
351,163.91402264470204,185.17612984511163,0.12971499849343007,0.49999916644341591,-8.3355658409001165e-07,26.412468812371547,0.28736111111111112,0.12041666666666667,0.01,3,0,0,26871.167827674075,8.0843516938107918e-05,1,3,0.01,0.15000000000000002,1,1,1,0,0,0,0,0,0,0.010105326604132546,0.69336961105798123,NaN,NaN,NaN,0.15000000000000002,348,0.69336961105798123,0.9742972702420919,0.69336961105798123,0.9742972702420919,0,0.23777777777777778,0.00069623647386244454,0.06962364738624445,0.010105326604132546,5.9546208065724577e-05,5.9546208065724577e-05,0.0015993219832455055,0.0015582150425142646,18,6751,1,2,0,1,15.705013041666666
352,163.91952715767334,185.18249520741782,0.12971589424664295,0.49999690602713837,-3.0939728616341533e-06,26.413486160680065,0.28722222222222221,0.12041666666666667,0.01,3,0,0,26866.3517915294,9.2670016326753228e-05,1,3,0.01,0.15000000000000002,1,1,1,0,0,0,0,0,0,0.005683595735108681,0.66140121452894385,NaN,NaN,NaN,0.15000000000000002,348,0.66140121452894385,0.9674623523457716,0.66140121452894385,0.9674623523457716,0,0.49249999999999999,0.0005678122932295974,0.056781229322959738,0.005683595735108681,3.3490909048485737e-05,3.3490909048485758e-05,0.001410949109306913,0.0013650401443302373,14,6765,1,2,0,1,12.004111291666666
353,163.9165282789148,185.1792877948422,0.1297169952242242,0.49999937549142071,-6.2450857929441383e-07,26.405342660156546,0.28722222222222221,0.12034722222222222,0.01,3,0,0,26871.814404872777,8.5953733067725888e-05,1,3,0.01,0.15000000000000002,1,1,1,0,0,0,0,0,0,0.0090458830929608016,0.70515767553292841,NaN,NaN,NaN,0.15000000000000002,348,0.70515767553292841,0.96001296926369717,0.70515767553292841,0.96001296926369717,0,0.5,0.00072156825449006228,0.072156825449006229,0.0090458830929608016,5.3303377307111025e-05,5.3303377307110768e-05,0.0012309670529192672,0.0011817443355388083,18,6783,1,2,0,1,15.990094624999999
354,163.92103015610843,185.18446741800335,0.12971756730448142,0.49999823834132567,-1.7616586743263163e-06,26.408059101030307,0.28729166666666667,0.12027777777777778,0.01,3,0,0,26866.720181472712,9.7052130091682495e-05,1,3,0.01,0.15000000000000002,1,1,1,0,0,0,0,0,0,0.005901607980614283,0.63700604742599121,NaN,NaN,NaN,0.15000000000000002,348,0.63700604742599121,0.94769142183206811,0.63700604742599121,0.94769142183206823,0,0.53923611111111114,0.00060074069478876504,0.060074069478876502,0.005901607980614283,3.4775558524975054e-05,3.4775558524974891e-05,0.0010321408039070839,0.00097815098598559819,14,6797,1,2,0,1,13.233299666666667
355,163.91757907920081,185.18090993535299,0.12971964920173865,0.49999865398508492,-1.3460149150823497e-06,26.400926360505416,0.28722222222222221,0.12020833333333333,0.01,3,0,0,26871.745808272797,8.8854819330623055e-05,1,3,0.01,0.15000000000000002,1,1,1,0,0,0,0,0,0,0.0093196120331444886,0.65597003059253789,NaN,NaN,NaN,0.15000000000000002,348,0.65597003059253789,0.93686638776445263,0.65597003059253789,0.93686638776445263,0,0.46486111111111111,0.00075265708181912071,0.075265708181912069,0.0093196120331444886,5.4916340555535128e-05,5.4916340555535128e-05,0.00085316311239978489,0.00079929984328786419,18,6815,1,2,0,1,15.288183875
356,163.92106698137275,185.18521562180715,0.12972187792586026,0.49999897255638454,-1.0274436154644739e-06,26.395277778711936,0.28722222222222221,0.12020833333333333,0.01,3,0,0,26871.083853399203,9.8393912155084163e-05,1,3,0.01,0.15000000000000002,1,1,1,0,0,0,0,0,0,0.0076014636758017645,0.95590456643017352,NaN,NaN,NaN,0.15000000000000002,348,0.95590456643017352,0.92621847512475419,0.95590456643017352,0.92621847512475408,0,0.15583333333333332,0.00076057438959670199,0.076057438959670196,0.0076014636758017645,4.4792054267522063e-05,4.4792054267522165e-05,0.00066378328709886859,0.00061480834399001095,18,6833,1,2,0,1,15.062705625
357,163.92260001300258,185.18755242891652,0.12972556812927061,0.4999976441095591,-2.3558904408971237e-06,26.398601824677197,0.28722222222222221,0.12013888888888889,0.01,3,0,0,26867.982159291383,0.00010443098258553469,1,3,0.01,0.15000000000000002,1,1,1,0,0,0,0,0,0,0.0055478893045434133,0.68437395676149138,0.90594928903411065,NaN,NaN,0.15000000000000002,348,0.68437395676149138,0.90594928903411065,0.68437395676149138,0.90594928903411054,0,0.5130555555555556,0.00056159957741204317,0.056159957741204317,0.0055478893045434133,3.2691251237624721e-05,3.2691251237624762e-05,0.00046194716081304803,0.00041850070190990686,12,6845,1,2,0,1,10.668442750000001
358,163.91946144788085,185.18461296510938,0.12972926661298184,0.49999952158034039,-4.7841965961081812e-07,26.392277922500888,0.28729166666666667,0.12013888888888889,0.01,3,0,0,26871.911718341238,9.7851596727594904e-05,1,3,0.01,0.15000000000000002,1,1,1,0,0,0,0,0,0,0.0085896396499231132,0.65311211989436924,0.91476242479325098,NaN,NaN,0.15000000000000002,348,0.65311211989436924,0.91476242479325098,0.65311211989436924,0.91476242479325098,0,0.53500000000000003,0.00075473657990699069,0.075473657990699064,0.0085896396499231132,5.0614937036745628e-05,5.0614937036745648e-05,0.00045230411988718275,0.00041375081345197657,17,6862,1,2,0,1,15.414537749999999
359,163.92343450517157,185.18893018270589,0.12972822184776406,0.49999909895971795,-9.0104028205306719e-07,26.387495340524765,0.28729166666666667,0.12006944444444445,0.01,3,0,0,26871.586947308977,0.00011562489593295299,1,3,0.01,0.15000000000000002,1,1,1,0,0,0,0,0,0,0.0079784063222844478,0.94080567496246847,0.92324868511192315,NaN,NaN,0.15000000000000002,348,0.94080567496246847,0.92324868511192315,0.94080567496246847,0.92324868511192315,0,0.12076388888888889,0.00076965487177865994,0.076965487177865999,0.0079784063222844478,4.7013210112907967e-05,4.7013210112907981e-05,0.00044741566583068562,0.0004130759251766561,18,6880,1,2,0,1,15.077387
360,163.92435075685506,185.19022958844474,0.12972983411801231,0.49999760875582899,-2.391244171007223e-06,26.391345474511823,0.28729166666666667,0.12006944444444445,0.01,3,0,0,26868.39980460755,0.00010876773823003652,1,3,0.01,0.15000000000000002,1,1,1,0,0,0,0,0,0,0.005630216031355011,0.70051864853761958,0.91639611195013237,NaN,NaN,0.15000000000000002,348,0.70051864853761958,0.91639611195013237,0.70051864853761958,0.91639611195013249,0,0.56159722222222219,0.00052508881193862706,0.052508881193862704,0.005630216031355011,3.3176366127636166e-05,3.3176366127636335e-05,0.00044432021228426802,0.00040717331499816068,12,6892,1,2,0,1,11.012573666666666
361,163.92095338642903,185.18718494780683,0.12973467468337954,0.49999866624073874,-1.333759261257228e-06,26.385152209195539,0.28729166666666667,0.11986111111111111,0.01,3,0,0,26872.401067788469,0.00011709249453106413,1,3,0.01,0.15000000000000002,1,1,1,0,0,0,0,0,0,0.0086734051386636868,0.60937547881311627,0.91898680239949337,NaN,NaN,0.15000000000000002,348,0.60937547881311627,0.91898680239949337,0.60937547881311627,0.91898680239949349,0,0.63638888888888889,0.00069872247676140134,0.069872247676140128,0.0086734051386636868,5.1108529912727833e-05,5.1108529912728016e-05,0.00043588253413127145,0.00040057029626308519,18,6910,1,2,0,1,14.92928275
362,163.9245246078986,185.19064971657016,0.12973119891327636,0.49999896504788877,-1.0349521112340554e-06,26.381078532097984,0.28729166666666667,0.11944444444444445,0.01,3,0,0,26871.58162028181,0.00010160319687554183,1,3,0.01,0.15000000000000002,1,1,1,0,0,0,0,0,0,0.0073097066444338197,0.93650524533521962,0.92889070334268931,NaN,NaN,0.15000000000000002,348,0.93650524533521962,0.92889070334268931,0.93650524533521962,0.92889070334268942,0,0.097013888888888886,0.00065708928001717852,0.065708928001717848,0.0073097066444338197,4.307285947302931e-05,4.3072859473029222e-05,0.00044546448455581487,0.00041378781837323944,18,6928,1,2,0,1,15.106308875
363,163.92526510221407,185.19218068963556,0.12973543507256619,0.49999794592340441,-2.0540765955923135e-06,26.381412678442125,0.28722222222222221,0.119375,0.01,3,0,0,26870.078557506913,0.00011971606070726779,1,3,0.01,0.15000000000000002,1,1,1,0,0,0,0,0,0,0.0054990341658513759,0.85576875314475209,0.9249036418183515,NaN,NaN,0.15000000000000002,348,0.85576875314475209,0.9249036418183515,0.85576875314475209,0.92490364181835161,0,0.44548611111111114,0.00052751088416185259,0.052751088416185254,0.0054990341658513759,3.2403369572083482e-05,3.2403369572083583e-05,0.00042456447682078771,0.00039268123079824963,15,6943,1,2,0,1,12.7010285
364,163.92457527564386,185.19078631906905,0.12973168304792276,0.4999982059620191,-1.7940379808956131e-06,26.376713062070234,0.28722222222222221,0.11930555555555555,0.01,3,0,0,26872.201266586526,9.3004267233863232e-05,1,3,0.01,0.15000000000000002,1,1,1,0,0,0,0,0,0,0.0069776084309355673,0.79172348962979011,0.93540391831234171,NaN,NaN,0.15000000000000002,348,0.79172348962979011,0.93540391831234171,0.79172348962979011,0.93540391831234182,0,0.52666666666666662,0.00058655098206264738,0.058655098206264737,0.0069776084309355673,4.1115951983158044e-05,4.1115951983158281e-05,0.00043090487027897114,0.00040307010407882092,18,6961,1,2,0,1,14.359660625
365,163.92667058758545,185.19345812294904,0.12973354158377065,0.49999832625558632,-1.6737444136771806e-06,26.377091980514233,0.28722222222222221,0.11930555555555555,0.01,3,0,0,26871.403689304258,0.00011282699212199706,1,3,0.01,0.15000000000000002,1,1,1,0,0,0,0,0,0,0.0055101981721024382,0.76396343036178538,0.93008482112896584,NaN,NaN,0.15000000000000002,348,0.76396343036178538,0.93008482112896584,0.76396343036178538,0.93008482112896573,0,0.51909722222222221,0.00051622148704869616,0.051622148704869614,0.0055101981721024382,3.2469154109794604e-05,3.2469154109794686e-05,0.00040845768383323064,0.00037990029180678199,15,6976,1,2,0,1,12.3980725
366,163.92563940884551,185.19287055783872,0.12973706386437078,0.49999917523997883,-8.2476002116749214e-07,26.377619108253636,0.28729166666666667,0.11930555555555555,0.01,3,0,0,26871.298113233628,9.3201863423752747e-05,1,3,0.01,0.15000000000000002,1,1,1,0,0,0,0,0,0,0.0053821235837389313,0.91889408949315976,0.92871494585300141,NaN,NaN,0.15000000000000002,348,0.91889408949315976,0.92871494585300141,0.91889408949315976,0.92871494585300152,0,0.23979166666666665,0.00046365907167930231,0.04636590716793023,0.0053821235837389313,3.1714467360382011e-05,3.1714467360382059e-05,0.00039538009692609061,0.00036719540530806869,13,6989,1,2,0,1,11.624354625
367,163.9255231744645,185.19345612466458,0.12974143707667049,0.4999978854122108,-2.1145877892037035e-06,26.377101989424318,0.28729166666666667,0.11930555555555555,0.01,3,0,0,26871.048261866064,7.9063644944590475e-05,1,3,0.01,0.15000000000000002,1,1,1,0,1,1,0,1,0,0.0054702053607033592,0.94379772877903334,0.93987226494573006,0.72900667877761005,0.9249036418183515,0.15000000000000002,348,0.94379772877903334,0.93987226494573006,0.94379772877903334,0.93987226494572984,0,0.34062500000000001,0.00045117712548447229,0.045117712548447229,0.0054702053607033592,3.2233494208636242e-05,3.2233494208636147e-05,0.00039492233989710192,0.00037117655407675662,13,7002,1,2,0,1,10.927004958333333
368,163.92491962036308,185.19342260057221,0.1297453921555384,0.49999856723352359,-1.4327664764057779e-06,26.372437759169198,0.28729166666666667,0.11923611111111111,0.01,3,0,0,26872.905106789745,8.8047919576945209e-05,1,3,0.01,0.15000000000000002,1,1,1,0,1,1,0,2,0,0.0073117497274785602,0.91767424321592606,0.9410169027634494,0.74648505456969771,0.92680929383567645,0.15000000000000002,348,0.91767424321592606,0.9410169027634494,0.91767424321592606,0.94101690276344907,0,0.29812499999999997,0.00057785568010647781,0.057785568010647777,0.0073117497274785602,4.3084898455324837e-05,4.3084898455324905e-05,0.00038739230131568114,0.00036454270353848721,17,7019,1,2,0,1,14.374492166666666
369,163.92728955039922,185.19586277895777,0.12974394493370525,0.49999763124058266,-2.3687594173371629e-06,26.37617101059498,0.28729166666666667,0.11923611111111111,0.01,3,0,0,26869.932041358588,7.0244075231542621e-05,1,3,0.01,0.15000000000000002,1,1,1,0,1,1,0,3,0,0.0054367157183390323,0.68008505437030975,0.92989747433587333,0.71708217715526923,0.92871494585300141,0.15000000000000002,348,0.68008505437030975,0.92989747433587333,0.68008505437030975,0.92989747433587311,0,0.64736111111111116,0.0004367033373348618,0.04367033373348618,0.0054367157183390323,3.2036154598508511e-05,3.2036154598508735e-05,0.00037241524580128196,0.00034630799647478557,12,7031,1,2,0,1,10.822190041666667
370,163.9241252787636,185.19363524291987,0.12975216386231186,0.49999876807849492,-1.2319215050848875e-06,26.370792726184472,0.28722222222222221,0.11923611111111111,0.01,3,0,0,26873.204865297306,5.5907637944554135e-05,1,3,0.01,0.15000000000000002,1,1,1,0,1,1,0,4,0,0.0081493396978073764,0.66799745851402337,0.94151256939865136,0.70283816203527394,0.92880282459784536,0.15000000000000002,348,0.66799745851402337,0.94151256939865136,0.66799745851402337,0.94151256939865136,0,0.65847222222222224,0.00058508662186924952,0.058508662186924951,0.0081493396978073764,4.8020444687602711e-05,4.8020444687602765e-05,0.0003872593243612484,0.00036460952150294473,17,7048,1,2,0,1,15.195712333333333
371,163.9276304868925,185.19702627312651,0.12974869290222979,0.49999850775110283,-1.4922488971724768e-06,26.366116141340612,0.28722222222222221,0.11909722222222222,0.01,3,0,0,26872.396042237462,6.4347498119789935e-05,1,3,0.01,0.15000000000000002,1,1,1,0,1,1,0,5,0,0.0080241791915136099,0.92152596265795561,0.94168246412559864,0.73456055294735689,0.92889070334268931,0.15000000000000002,348,0.92152596265795561,0.94168246412559864,0.92152596265795561,0.94168246412559886,0,0.1525,0.00062775029746428611,0.062775029746428609,0.0080241791915136099,4.7282929331460513e-05,4.7282929331460533e-05,0.00038343372377998096,0.00036107281383798663,19,7067,1,2,0,1,15.794267375
372,163.92847633504766,185.19895159370569,0.12975460843779238,0.49999782180999369,-2.1781900063078119e-06,26.370075702465801,0.28722222222222221,0.11909722222222222,0.01,3,0,0,26870.516877180769,5.973884522870694e-05,1,3,0.01,0.15000000000000002,1,1,1,0,1,1,0,6,0,0.0055680433311048562,0.64841664199140647,0.92838699260576818,0.73456055294735689,0.92880282459784536,0.15000000000000002,348,0.64841664199140647,0.92838699260576818,0.64841664199140647,0.92838699260576851,0,0.53340277777777778,0.00043736051786624021,0.043736051786624021,0.0055680433311048562,3.2810009978039803e-05,3.2810009978039675e-05,0.00037317087428499144,0.00034644698570550841,12,7079,1,2,0,1,10.873993625000001
373,163.92536973820125,185.19638077229143,0.12976033586540797,0.49999757836028708,-2.4216397129239731e-06,26.370032370631353,0.28722222222222221,0.11909722222222222,0.01,3,0,0,26870.863235343688,3.6312117232413143e-05,1,3,0.01,0.15000000000000002,1,1,1,0,1,1,0,7,0,0.0066777998936830207,0.81516092403518869,0.93115142078974977,0.77784345999578774,0.92889070334268931,0.15000000000000002,348,0.81516092403518869,0.93115142078974977,0.81516092403518869,0.93115142078974977,0,0.16979166666666667,0.00045607090978352769,0.04560709097835277,0.0066777998936830207,3.9349313235250582e-05,3.9349313235250555e-05,0.00038011681794815837,0.00035394631509850632,13,7092,1,2,0,1,11.722994125
374,163.92437079406852,185.1961538306451,0.12976583612024017,0.49999750007657484,-2.4999234251588121e-06,26.368967602434029,0.28722222222222221,0.11909722222222222,0.01,3,0,0,26870.935852167691,4.5692673543322226e-05,1,3,0.01,0.15000000000000002,1,1,1,0,1,1,0,8,0,0.0065342732732909629,0.97115777945531312,0.93725904087919953,0.80344220683248935,0.92939408883928132,0.15000000000000002,348,0.97115777945531312,0.93725904087919953,0.97115777945531312,0.93725904087919953,0,0.3042361111111111,0.00045932913761483025,0.045932913761483021,0.0065342732732909629,3.8503574513917153e-05,3.8503574513917099e-05,0.00037750444047891714,0.00035381944981090874,13,7105,1,2,0,1,11.611127249999999
375,163.92425797949659,185.1968255042319,0.12977071110119681,0.49999873670879474,-1.263291205255701e-06,26.3620311612504,0.28722222222222221,0.11916666666666667,0.01,3,0,0,26874.025301327754,2.0584654604498883e-05,1,3,0.01,0.15000000000000002,1,1,1,0,1,1,0,9,0,0.0089415801402047204,0.91279195023265836,0.93662087679092032,0.83546483858997034,0.92989747433587333,0.15000000000000002,348,0.91279195023265836,0.93662087679092032,0.91279195023265836,0.93662087679092032,0,0.26305555555555554,0.00060541304872571266,0.060541304872571262,0.0089415801402047204,5.2688766263847649e-05,5.268876626384773e-05,0.00039772405263297016,0.00037251665089793064,18,7123,1,2,0,1,15.035590125000001
376,163.92852674514882,185.20125116603666,0.12976828891995987,0.49999860297315479,-1.3970268452068169e-06,26.359810261588891,0.28722222222222221,0.11909722222222222,0.01,3,0,0,26872.134964961166,3.1614214864259915e-05,1,3,0.01,0.15000000000000002,1,1,1,0,1,1,0,10,0,0.0068320644508166935,0.90024144462356603,0.93883509386720243,0.83546483858997034,0.92999114773241964,0.15000000000000002,348,0.90024144462356603,0.93883509386720243,0.90024144462356603,0.93883509386720243,0,0.17736111111111111,0.00057826468399299201,0.057826468399299197,0.0068320644508166935,4.025832585563358e-05,4.0258325855633675e-05,0.00040626791112822178,0.00038141857247929635,17,7140,1,2,0,1,14.393122375000001
377,163.92820669222684,185.20176758979011,0.12977364498047683,0.49999879795714242,-1.2020428575842956e-06,26.360643625679277,0.28729166666666667,0.11909722222222222,0.01,3,0,0,26870.705416763642,3.3931165464444898e-05,1,3,0.01,0.15000000000000002,1,1,1,0,1,1,0,11,0,0.005781629260825376,0.8989559341596407,0.93645632512905297,0.87736234365219645,0.93061812095935781,0.15000000000000002,348,0.8989559341596407,0.93645632512905297,0.8989559341596407,0.93645632512905286,0,0.44458333333333333,0.00046582838927038405,0.046582838927038406,0.005781629260825376,3.4068577138634911e-05,3.4068577138634822e-05,0.00040810299405822048,0.00038217063008992488,13,7153,1,2,0,1,12.297266666666667
378,163.92763648319089,185.20142284250295,0.12977547176124549,0.49999775400341462,-2.2459965853816044e-06,26.355657250535856,0.28729166666666667,0.11909722222222222,0.01,3,0,0,26873.697158428578,2.1244523847856059e-05,1,3,0.01,0.15000000000000002,1,1,1,0,1,1,0,12,0,0.0076709525250625134,0.80851735587021134,0.93335797348961258,0.87736234365219645,0.93225469713968123,0.15000000000000002,348,0.80851735587021134,0.93335797348961258,0.80851735587021134,0.9333579734896128,0,0.53986111111111112,0.00058442446649137054,0.058442446649137052,0.0076709525250625134,4.5201521238598104e-05,4.5201521238598144e-05,0.00041021961684149376,0.00038288175026086196,18,7171,1,2,0,1,14.656768
379,163.92937004417195,185.20346775405508,0.12977599867644632,0.49999870081727621,-1.2991827237907039e-06,26.351960487991789,0.28729166666666667,0.11909722222222222,0.01,3,0,0,26874.185264131629,2.0495181667407716e-05,1,3,0.01,0.15000000000000002,1,1,1,0,1,1,0,13,0,0.0072755926804272163,0.83495003820561509,0.94288477850193542,0.84535939567518359,0.93438094590097709,0.15000000000000002,348,0.83495003820561509,0.94288477850193542,0.83495003820561509,0.94288477850193553,0,0.18687500000000001,0.00061744818962972548,0.061744818962972549,0.0072755926804272163,4.287184101234412e-05,4.2871841012343876e-05,0.00042105530325532887,0.00039700663634696599,18,7189,1,2,0,1,15.450097
380,163.93123060912615,185.20559619920508,0.12977615986306501,0.49999776315591332,-2.2368440866782358e-06,26.356422494065303,0.28729166666666667,0.11902777777777777,0.01,3,0,0,26870.952487267492,4.248221291832659e-05,1,3,0.01,0.15000000000000002,1,1,1,0,1,1,0,14,0,0.0056269665477135123,0.68436906589478508,0.92849571937165754,0.84535939567518359,0.93438094590097709,0.15000000000000002,348,0.68436906589478508,0.92849571937165754,0.68436906589478508,0.92849571937165776,0,0.58756944444444448,0.00046285609445386318,0.046285609445386316,0.0056269665477135123,3.3157218361650675e-05,3.3157218361650777e-05,0.00040619207692937687,0.00037714760467160943,12,7201,1,2,0,1,11.033680541666667
381,163.92800235275965,185.20303071053655,0.1297827586039558,0.49999752119343238,-2.4788065676184523e-06,26.357003088569186,0.28729166666666667,0.11902777777777777,0.01,3,0,0,26871.57956359012,1.6217898864186778e-05,1,3,0.01,0.15000000000000002,1,1,1,0,1,1,0,15,0,0.0065799821687017139,0.83455168624279674,0.92978790175032255,0.84535939567518359,0.93438094590097709,0.15000000000000002,348,0.83455168624279674,0.92978790175032255,0.83455168624279674,0.92978790175032267,0,0.1361111111111111,0.00049681816471863977,0.049681816471863975,0.0065799821687017139,3.8772916763129556e-05,3.8772916763129705e-05,0.00039768206436104612,0.00036975997218599381,13,7214,1,2,0,1,11.853958499999999
382,163.92669014355113,185.20247558696067,0.1297884159362839,0.49999867253368191,-1.3274663180906643e-06,26.350657270297013,0.28722222222222221,0.11902777777777777,0.01,3,0,0,26874.564674820373,1.3198157333824989e-05,1,3,0.01,0.15000000000000002,1,1,1,0,1,1,0,16,0,0.0087358836526462858,0.85746299473224497,0.93970932941793772,0.84535939567518359,0.93593012172069734,0.15000000000000002,348,0.85746299473224497,0.93970932941793772,0.85746299473224497,0.93970932941793761,0,0.52847222222222223,0.00065570779592469134,0.065570779592469139,0.0087358836526462858,5.1476688087024119e-05,5.1476688087023896e-05,0.00041634874247003026,0.0003912467975905138,18,7232,1,2,0,1,15.175440208333333
383,163.93064195445018,185.20653106763484,0.12978591957869834,0.49999895791406718,-1.0420859328230669e-06,26.347071166790592,0.28722222222222221,0.11895833333333333,0.01,3,0,0,26873.608896064106,3.2224095900945234e-05,1,3,0.01,0.15000000000000002,1,1,1,0,1,1,0,17,0,0.0072763965594537777,0.93335046783526776,0.94159817758445519,0.84620651646893008,0.93653860095998664,0.15000000000000002,348,0.93335046783526776,0.94159817758445519,0.93335046783526776,0.94159817758445541,0,0.11395833333333333,0.00063628693973962717,0.063628693973962716,0.0072763965594537777,4.2876577914935248e-05,4.2876577914935078e-05,0.00041987600714971486,0.00039535448314360921,18,7250,1,2,0,1,15.591354958333334
384,163.9312869753295,185.20805435492474,0.12979076643738693,0.4999966286002645,-3.3713997354967162e-06,26.35008386493362,0.28722222222222221,0.11888888888888889,0.01,3,0,0,26870.284443286717,3.9521611791789162e-05,1,3,0.01,0.15000000000000002,1,1,1,0,1,1,0,18,0,0.0057727601225125982,0.77787758591231659,0.92989816170279194,0.84620651646893008,0.93653860095998664,0.15000000000000002,348,0.77787758591231659,0.92989816170279194,0.77787758591231659,0.92989816170279183,0,0.53180555555555553,0.00050354944668406913,0.050354944668406912,0.0057727601225125982,3.4016315239932859e-05,3.4016315239932656e-05,0.00041538874787573035,0.00038626923304166616,14,7264,1,2,0,1,12.401230916666666
385,163.92836813975191,185.20492515847138,0.12979179418525549,0.49999840985113148,-1.590148868524377e-06,26.345402647314732,0.28722222222222221,0.11881944444444445,0.01,3,0,0,26875.001273324335,4.1806771468023639e-05,1,3,0.01,0.15000000000000002,1,1,1,0,1,1,0,19,0,0.0075259682182863647,0.67410025710071131,0.93084378067753182,0.84620651646893008,0.93653860095998664,0.15000000000000002,348,0.67410025710071131,0.93084378067753182,0.67410025710071131,0.93084378067753193,0,0.58458333333333334,0.00057067877487248803,0.0570678774872488,0.0075259682182863647,4.4347193017872729e-05,4.4347193017872892e-05,0.00040704717462975554,0.00037889733094646918,17,7281,1,2,0,1,14.356378375
386,163.93172747916933,185.20866045176069,0.129791427808232,0.4999984544949872,-1.5455050128010406e-06,26.341563025293119,0.28729166666666667,0.11861111111111111,0.01,3,0,0,26873.744667047969,3.5682302758362775e-05,1,3,0.01,0.15000000000000002,1,1,1,0,1,1,0,20,1,0.0078577517050709318,0.92859035076676089,0.9305715823257048,0.84620651646893008,0.93653860095998664,0.15000000000000002,348,0.92859035076676089,0.9305715823257048,0.92859035076676089,0.9305715823257048,0,0.19305555555555556,0.00062430118121121851,0.062430118121121848,0.0078577517050709318,4.6302245962798433e-05,4.6302245962798568e-05,0.00041309109473692044,0.00038441083367399368,19,7300,1,2,0,1,15.878805249999999
