=== run "FINAL_lp_240x30" ===
              a: 8
              b: 1
              t: 1
              E: 10000000
             nu: 0.3000
           rhom: 1
           nelx: 240
           nely: 30
             bc: 'a'
        support: 'mid'
          axial: 'both'
       elemType: 'Q4'
       massType: 'consistent'
              p: 3
     massInterp: '4'
         rhomin: 1.0000e-03
           rho0: 0.5000
        volfrac: 0.5000
              n: 1
           Nmax: 4
         rminEl: 3
       rminPhys: 0.0600
        tolMult: 0.0500
           move: 0.0050
        offDiag: 0
    innerSolver: 'lp'
     filterMode: 'diag'
       maxInner: 300
       tolInner: 0.0100
       minInner: 5
       maxOuter: 1600
       tolOuter: 1.0000e-03
         solver: 'eigs'
        threads: 1
        verbose: 1
           name: 'FINAL_lp_240x30'

  it    omega1    omega2    omega3    N sqrt(beta)  inner  cumIn  maxdrho       vol    conv
   1     68.32    252.59    406.66    1     69.07      1      1   0.0050     0.500     yes
   2     69.09    254.92    407.94    1     69.84      1      2   0.0050     0.500     yes
   3     69.85    257.22    408.95    1     70.61      1      3   0.0050     0.500     yes
   4     70.62    259.50    409.93    1     71.38      1      4   0.0050     0.500     yes
   5     71.39    261.75    410.76    1     72.15      1      5   0.0050     0.500     yes
   6     72.17    263.98    411.54    1     72.92      1      6   0.0050     0.500     yes
   7     72.94    266.17    412.25    1     73.69      1      7   0.0050     0.500     yes
   8     73.71    268.34    412.73    1     74.47      1      8   0.0050     0.500     yes
   9     74.48    270.48    413.22    1     75.24      1      9   0.0050     0.500     yes
  10     75.25    272.60    413.75    1     76.01      1     10   0.0050     0.500     yes
  11     76.02    274.71    414.40    1     76.78      1     11   0.0050     0.500     yes
  12     76.79    276.80    415.24    1     77.55      1     12   0.0050     0.500     yes
  13     77.56    278.87    416.31    1     78.32      1     13   0.0050     0.500     yes
  14     78.33    280.93    417.54    1     79.09      1     14   0.0050     0.500     yes
  15     79.10    282.98    419.22    1     79.85      1     15   0.0050     0.500     yes
  16     79.87    285.00    421.09    1     80.62      1     16   0.0050     0.500     yes
  17     80.64    286.99    423.15    1     81.39      1     17   0.0050     0.500     yes
  18     81.41    288.93    425.28    1     82.16      1     18   0.0050     0.500     yes
  19     82.17    290.82    427.50    1     82.93      1     19   0.0050     0.500     yes
  20     82.94    292.66    429.89    1     83.69      1     20   0.0050     0.500     yes
  21     83.71    294.46    432.43    1     84.46      1     21   0.0050     0.500     yes
  22     84.47    296.18    434.90    1     85.22      1     22   0.0050     0.500     yes
  23     85.24    297.84    437.26    1     85.98      1     23   0.0050     0.500     yes
  24     86.00    299.43    439.70    1     86.74      1     24   0.0050     0.500     yes
  25     86.76    300.96    442.19    1     87.50      1     25   0.0050     0.500     yes
  26     87.51    302.42    444.89    1     88.25      1     26   0.0050     0.500     yes
  27     88.27    303.81    447.49    1     89.00      1     27   0.0050     0.500     yes
  28     89.02    305.14    450.33    1     89.75      1     28   0.0050     0.500     yes
  29     89.77    306.38    453.24    1     90.50      1     29   0.0050     0.500     yes
  30     90.52    307.57    456.32    1     91.24      1     30   0.0050     0.500     yes
  31     91.26    308.69    459.71    1     91.99      1     31   0.0050     0.500     yes
  32     92.01    309.69    462.96    1     92.73      1     32   0.0050     0.500     yes
  33     92.75    310.57    466.20    1     93.48      1     33   0.0050     0.500     yes
  34     93.50    311.32    469.37    1     94.22      1     34   0.0050     0.500     yes
  35     94.24    311.93    472.46    1     94.96      1     35   0.0050     0.500     yes
  36     94.98    312.42    475.59    1     95.70      1     36   0.0050     0.500     yes
  37     95.72    312.74    478.50    1     96.43      1     37   0.0050     0.500     yes
  38     96.46    312.92    481.45    1     97.17      1     38   0.0050     0.500     yes
  39     97.19    312.95    484.37    1     97.90      1     39   0.0050     0.500     yes
  40     97.92    312.79    487.22    1     98.63      1     40   0.0050     0.500     yes
  41     98.65    312.48    490.05    1     99.35      1     41   0.0050     0.500     yes
  42     99.37    312.09    493.05    1    100.07      1     42   0.0050     0.500     yes
  43    100.09    311.51    496.11    1    100.79      1     43   0.0050     0.500     yes
  44    100.81    310.76    499.27    1    101.51      1     44   0.0050     0.500     yes
  45    101.54    309.84    502.48    1    102.23      1     45   0.0050     0.500     yes
  46    102.26    308.70    505.51    1    102.95      1     46   0.0050     0.500     yes
  47    102.98    307.38    508.60    1    103.68      1     47   0.0050     0.500     yes
  48    103.70    305.85    511.52    1    104.40      1     48   0.0050     0.500     yes
  49    104.42    304.13    514.47    1    105.12      1     49   0.0050     0.500     yes
  50    105.15    302.17    517.20    1    105.84      1     50   0.0050     0.500     yes
  51    105.87    299.99    517.44    1    106.56      1     51   0.0050     0.500     yes
  52    106.59    297.62    513.72    1    107.27      1     52   0.0050     0.500     yes
  53    107.30    295.05    509.91    1    107.99      1     53   0.0050     0.500     yes
  54    108.02    292.26    506.22    1    108.70      1     54   0.0050     0.500     yes
  55    108.74    289.28    502.61    1    109.42      1     55   0.0050     0.500     yes
  56    109.45    286.08    499.09    1    110.14      1     56   0.0050     0.500     yes
  57    110.17    282.72    495.61    1    110.86      1     57   0.0050     0.500     yes
  58    110.90    279.15    492.05    1    111.59      1     58   0.0050     0.500     yes
  59    111.62    275.39    488.58    1    112.31      1     59   0.0050     0.500     yes
  60    112.35    271.46    485.21    1    113.05      1     60   0.0050     0.500     yes
  61    113.08    267.34    481.60    1    113.78      1     61   0.0050     0.500     yes
  62    113.82    263.05    478.06    1    114.53      1     62   0.0050     0.500     yes
  63    114.57    258.61    474.53    1    115.27      1     63   0.0050     0.500     yes
  64    115.32    253.99    470.92    1    116.03      1     64   0.0050     0.500     yes
  65    116.07    249.25    467.38    1    116.78      1     65   0.0050     0.500     yes
  66    116.83    244.40    463.90    1    117.55      1     66   0.0050     0.500     yes
  67    117.59    239.45    460.43    1    118.32      1     67   0.0050     0.500     yes
  68    118.37    234.43    457.08    1    119.10      1     68   0.0050     0.500     yes
  69    119.14    229.37    453.85    1    119.88      1     69   0.0050     0.500     yes
  70    119.93    224.27    450.75    1    120.68      1     70   0.0050     0.500     yes
  71    120.73    219.18    447.80    1    121.49      1     71   0.0050     0.500     yes
  72    121.54    214.11    444.98    1    122.31      1     72   0.0050     0.500     yes
  73    122.36    209.09    442.32    1    123.14      1     73   0.0050     0.500     yes
  74    123.19    204.14    439.79    1    123.98      1     74   0.0050     0.500     yes
  75    124.04    199.30    437.50    1    124.84      1     75   0.0050     0.500     yes
  76    124.90    194.60    435.43    1    125.71      1     76   0.0050     0.500     yes
  77    125.78    190.05    433.58    1    126.60      1     77   0.0050     0.500     yes
  78    126.67    185.68    431.95    1    127.51      1     78   0.0050     0.500     yes
  79    127.57    181.53    430.62    1    128.42      1     79   0.0050     0.500     yes
  80    128.49    177.60    429.52    1    129.36      1     80   0.0050     0.500     yes
  81    133.11    176.54    439.08    1    133.84      1     81   0.0050     0.500     yes
  82    133.89    172.87    437.53    1    134.63      1     82   0.0050     0.500     yes
  83    134.76    169.63    436.42    1    135.50      1     83   0.0050     0.500     yes
  84    135.56    166.53    435.57    1    136.32      1     84   0.0050     0.500     yes
  85    136.43    163.81    435.04    1    137.19      1     85   0.0050     0.500     yes
  86    137.24    161.32    434.81    1    138.02      1     86   0.0050     0.500     yes
  87    138.11    159.22    419.09    1    138.89      1     87   0.0050     0.500     yes
  88    138.95    157.36    399.01    1    139.74      1     88   0.0050     0.500     yes
  89    139.83    155.85    380.94    1    140.63      1     89   0.0050     0.500     yes
  90    140.68    154.56    365.23    1    141.49      1     90   0.0050     0.500     yes
  91    141.57    153.59    351.55    1    142.39      1     91   0.0050     0.500     yes
  92    142.44    152.83    340.28    1    143.26      1     92   0.0050     0.500     yes
  93    143.34    152.36    330.98    1    144.18      1     93   0.0050     0.500     yes
  94    144.22    152.05    323.83    1    145.06      1     94   0.0050     0.500     yes
  95    145.14    151.99    318.51    2    145.99      1     95   0.0050     0.500     yes
  96    146.03    151.99    314.84    2    146.89      1     96   0.0050     0.500     yes
  97    146.98    152.22    312.54    2    147.86      1     97   0.0050     0.500     yes
  98    147.89    152.49    311.72    2    148.78      1     98   0.0050     0.500     yes
  99    148.83    152.91    311.62    2    149.77      1     99   0.0050     0.500     yes
 100    149.74    153.33    312.24    2    150.71      1    100   0.0050     0.500     yes
 101    150.70    153.88    312.92    2    150.99      1    101   0.0050     0.500     yes
 102    151.02    153.82    313.40    2    151.30      1    102   0.0050     0.500     yes
 103    151.46    153.99    313.61    2    151.73      1    103   0.0050     0.500     yes
 104    151.76    154.00    313.87    2    152.02      1    104   0.0050     0.500     yes
 105    152.27    154.28    314.24    2    152.53      1    105   0.0050     0.500     yes
 106    152.55    154.30    314.35    2    152.81      1    106   0.0050     0.500     yes
 107    153.09    154.55    315.09    2    153.33      1    107   0.0050     0.500     yes
 108    153.35    154.55    314.98    2    153.59      1    108   0.0050     0.500     yes
 109    153.99    154.73    316.68    2    154.23      1    109   0.0050     0.500     yes
 110    154.24    154.72    316.29    2    154.47      1    110   0.0050     0.500     yes
 111    154.52    154.77    316.09    2    154.75      1    111   0.0050     0.500     yes
 112    154.76    154.78    315.87    2    155.00      1    112   0.0050     0.500     yes
 113    154.98    155.03    316.11    2    155.24      1    113   0.0050     0.500     yes
 114    155.17    155.25    316.39    2    155.47      1    114   0.0050     0.500     yes
 115    155.38    155.50    316.57    2    155.71      1    115   0.0050     0.500     yes
 116    155.58    155.71    316.83    2    155.92      1    116   0.0050     0.500     yes
 117    155.87    155.96    317.13    2    156.18      1    117   0.0050     0.500     yes
 118    156.13    156.15    317.41    2    156.41      1    118   0.0050     0.500     yes
 119    156.40    156.40    317.75    2    156.67      1    119   0.0050     0.500     yes
 120    156.47    156.64    317.88    2    156.84      1    120   0.0050     0.500     yes
 121    156.73    156.85    318.19    2    157.06      1    121   0.0050     0.500     yes
 122    156.91    157.02    318.37    2    157.23      1    122   0.0050     0.500     yes
 123    157.16    157.18    318.57    2    157.42      1    123   0.0050     0.500     yes
 124    157.27    157.39    318.69    2    157.58      1    124   0.0050     0.500     yes
 125    157.51    157.52    318.54    2    157.77      1    125   0.0050     0.500     yes
 126    157.56    157.87    318.35    2    157.91      1    126   0.0050     0.500     yes
 127    157.79    157.97    317.97    2    158.09      1    127   0.0050     0.500     yes
 128    157.94    158.11    317.57    2    158.25      1    128   0.0050     0.500     yes
 129    158.13    158.28    317.11    2    158.37      1    129   0.0050     0.500     yes
 130    158.27    158.42    316.60    2    158.51      1    130   0.0050     0.500     yes
 131    158.45    158.68    316.13    2    158.69      1    131   0.0050     0.500     yes
 132    158.60    158.83    315.55    2    158.83      1    132   0.0050     0.500     yes
 133    158.78    159.00    314.97    2    159.00      1    133   0.0050     0.500     yes
 134    158.93    159.06    314.29    2    159.12      1    134   0.0050     0.500     yes
 135    159.17    159.39    313.67    2    159.37      1    135   0.0050     0.500     yes
 136    159.29    159.54    312.92    2    159.47      1    136   0.0050     0.500     yes
 137    159.71    159.88    313.07    2    159.90      1    137   0.0050     0.500     yes
 138    159.80    159.94    312.23    2    160.00      1    138   0.0050     0.500     yes
 139    160.26    160.36    313.42    2    160.43      1    139   0.0050     0.500     yes
 140    160.36    160.48    312.57    2    160.52      1    140   0.0050     0.500     yes
 141    160.56    160.81    312.03    2    160.74      1    141   0.0050     0.500     yes
 142    160.66    160.96    311.25    2    160.84      1    142   0.0050     0.500     yes
 143    160.84    161.14    310.57    2    161.02      1    143   0.0050     0.500     yes
 144    160.95    161.23    309.86    2    161.12      1    144   0.0050     0.500     yes
 145    161.13    161.43    309.27    2    161.31      1    145   0.0050     0.500     yes
 146    161.24    161.52    308.59    2    161.41      1    146   0.0050     0.500     yes
 147    161.41    161.82    308.08    2    161.59      1    147   0.0050     0.500     yes
 148    161.51    161.85    307.48    2    161.69      1    148   0.0050     0.500     yes
 149    161.69    162.10    306.89    2    161.87      1    149   0.0050     0.500     yes
 150    161.79    162.13    306.35    2    161.97      1    150   0.0050     0.500     yes
 151    161.97    162.43    305.93    2    162.15      1    151   0.0050     0.500     yes
 152    162.06    162.45    305.34    2    162.26      1    152   0.0050     0.500     yes
 153    162.25    162.73    304.90    2    162.45      1    153   0.0050     0.500     yes
 154    162.34    162.81    304.43    2    162.56      1    154   0.0050     0.500     yes
 155    162.52    163.04    303.97    2    162.73      1    155   0.0050     0.500     yes
 156    162.60    163.10    303.50    2    162.84      1    156   0.0050     0.500     yes
 157    162.78    163.31    303.03    2    162.96      1    157   0.0050     0.500     yes
 158    162.87    163.33    302.58    2    163.07      1    158   0.0050     0.500     yes
 159    163.05    163.57    302.17    2    163.18      1    159   0.0050     0.500     yes
 160    163.13    163.58    301.78    2    163.27      1    160   0.0050     0.500     yes
 161    163.29    163.73    301.39    2    163.41      1    161   0.0050     0.500     yes
 162    163.36    163.78    301.10    2    163.49      1    162   0.0050     0.500     yes
 163    163.66    164.02    301.42    2    163.78      1    163   0.0050     0.500     yes
 164    163.74    164.11    301.07    2    163.85      1    164   0.0050     0.500     yes
 165    164.22    164.46    302.45    2    164.34      1    165   0.0050     0.500     yes
 166    164.25    164.38    301.94    2    164.41      1    166   0.0050     0.500     yes
 167    164.37    164.64    301.64    2    164.48      1    167   0.0050     0.500     yes
 168    164.41    164.81    301.34    2    164.51      1    168   0.0050     0.500     yes
 169    164.56    165.04    301.04    2    164.65      1    169   0.0050     0.500     yes
 170    164.61    165.07    300.68    2    164.70      1    170   0.0050     0.500     yes
 171    164.73    165.24    300.38    2    164.84      1    171   0.0050     0.500     yes
 172    164.77    165.24    300.10    2    164.87      1    172   0.0050     0.500     yes
 173    164.91    165.50    299.80    2    165.01      1    173   0.0050     0.500     yes
 174    164.94    165.42    299.54    2    165.05      1    174   0.0050     0.500     yes
 175    165.06    165.66    299.32    2    165.16      1    175   0.0050     0.500     yes
 176    165.09    165.62    299.05    2    165.19      1    176   0.0050     0.500     yes
 177    165.20    165.80    298.84    2    165.30      1    177   0.0050     0.500     yes
 178    165.24    165.87    298.60    2    165.35      1    178   0.0050     0.500     yes
 179    165.37    166.05    298.31    2    165.48      1    179   0.0050     0.500     yes
 180    165.41    166.14    298.04    2    165.52      1    180   0.0050     0.500     yes
 181    165.52    166.34    297.82    2    165.67      1    181   0.0050     0.500     yes
 182    165.55    166.40    297.59    2    165.71      1    182   0.0050     0.500     yes
 183    165.64    166.62    297.44    2    165.77      1    183   0.0050     0.500     yes
 184    165.67    166.77    297.25    2    165.84      1    184   0.0050     0.500     yes
 185    165.80    167.02    297.08    2    165.85      1    185   0.0050     0.500     yes
 186    165.80    167.16    296.87    2    165.86      1    186   0.0050     0.500     yes
 187    165.91    167.43    296.58    2    165.97      1    187   0.0050     0.500     yes
 188    165.90    167.53    296.33    2    165.95      1    188   0.0050     0.500     yes
 189    166.22    167.86    297.37    2    166.27      1    189   0.0050     0.500     yes
 190    165.97    167.89    295.44    2    166.04      1    190   0.0050     0.500     yes
 191    166.29    168.24    296.73    2    166.34      1    191   0.0050     0.500     yes
 192    166.03    168.31    294.94    2    166.11      1    192   0.0050     0.500     yes
 193    166.35    168.64    296.12    2    166.39      1    193   0.0050     0.500     yes
 194    166.11    168.73    294.47    2    166.17      1    194   0.0050     0.500     yes
 195    166.39    169.10    295.46    2    166.44      1    195   0.0050     0.500     yes
 196    166.14    169.15    293.91    2    166.20      1    196   0.0050     0.500     yes
 197    166.42    169.50    294.81    2    166.47      1    197   0.0050     0.500     yes
 198    166.20    169.55    293.54    2    166.26      1    198   0.0050     0.500     yes
 199    166.48    169.88    294.33    2    166.53      1    199   0.0050     0.500     yes
 200    166.24    169.93    293.13    2    166.30      1    200   0.0050     0.500     yes
 201    166.52    170.30    293.82    2    166.57      1    201   0.0050     0.500     yes
 202    166.28    170.35    292.62    2    166.33      1    202   0.0050     0.500     yes
 203    166.55    170.69    293.36    2    166.60      1    203   0.0050     0.500     yes
 204    166.30    170.72    292.05    2    166.35      1    204   0.0050     0.500     yes
 205    166.58    171.10    292.94    2    166.63      1    205   0.0050     0.500     yes
 206    166.35    171.10    291.59    2    166.39      1    206   0.0050     0.500     yes
 207    166.63    171.46    292.38    2    166.67      1    207   0.0050     0.500     yes
 208    166.38    171.47    291.14    2    166.42      1    208   0.0050     0.500     yes
 209    166.64    171.80    291.96    2    166.69      1    209   0.0050     0.500     yes
 210    166.40    171.79    290.76    2    166.44      1    210   0.0050     0.500     yes
 211    166.68    172.09    291.65    2    166.72      1    211   0.0050     0.500     yes
 212    166.43    172.10    290.51    2    166.47      1    212   0.0050     0.500     yes
 213    166.70    172.43    291.28    2    166.74      1    213   0.0050     0.500     yes
 214    166.45    172.43    289.94    2    166.49      1    214   0.0050     0.500     yes
 215    166.70    172.76    290.82    2    166.74      1    215   0.0050     0.500     yes
 216    166.46    172.76    289.72    2    166.50      1    216   0.0050     0.500     yes
 217    166.71    173.05    290.48    2    166.75      1    217   0.0050     0.500     yes
 218    166.49    173.02    289.38    2    166.53      1    218   0.0050     0.500     yes
 219    166.73    173.32    290.30    2    166.77      1    219   0.0050     0.500     yes
 220    166.51    173.28    289.10    2    166.54      1    220   0.0050     0.500     yes
 221    166.74    173.60    290.08    2    166.78      1    221   0.0050     0.500     yes
 222    166.51    173.54    288.98    2    166.55      1    222   0.0050     0.500     yes
 223    166.76    173.83    289.82    2    166.80      1    223   0.0050     0.500     yes
 224    166.52    173.77    288.80    2    166.56      1    224   0.0050     0.500     yes
 225    166.75    174.05    289.54    2    166.79      1    225   0.0050     0.500     yes
 226    166.53    173.99    288.50    2    166.56      1    226   0.0050     0.500     yes
 227    166.76    174.25    289.29    2    166.80      1    227   0.0050     0.500     yes
 228    166.54    174.19    288.29    2    166.58      1    228   0.0050     0.500     yes
 229    166.76    174.42    288.94    2    166.80      1    229   0.0050     0.500     yes
 230    166.57    174.38    288.11    2    166.62      1    230   0.0050     0.500     yes
 231    166.79    174.60    288.69    2    166.83      1    231   0.0050     0.500     yes
 232    166.60    174.56    287.75    2    166.64      1    232   0.0050     0.500     yes
 233    166.79    174.73    288.30    2    166.84      1    233   0.0050     0.500     yes
 234    166.62    174.67    287.41    2    166.66      1    234   0.0050     0.500     yes
 235    166.80    174.85    288.04    2    166.85      1    235   0.0050     0.500     yes
 236    166.64    174.80    287.24    2    166.68      1    236   0.0050     0.500     yes
 237    166.83    174.96    287.61    2    166.87      1    237   0.0050     0.500     yes
 238    166.66    174.88    286.95    2    166.70      1    238   0.0050     0.500     yes
 239    166.84    175.02    287.44    2    166.88      1    239   0.0050     0.500     yes
 240    166.67    174.93    286.70    2    166.70      1    240   0.0050     0.500     yes
 241    166.85    175.09    287.15    2    166.89      1    241   0.0050     0.500     yes
 242    166.67    174.96    286.32    2    166.71      1    242   0.0050     0.500     yes
 243    166.89    175.17    286.94    2    166.94      1    243   0.0050     0.500     yes
 244    166.71    175.05    286.22    1    166.76      1    244   0.0050     0.500     yes
 245    166.77    175.12    286.51    1    166.91      1    245   0.0050     0.500     yes
 246    166.70    175.06    286.38    1    166.78      1    246   0.0050     0.500     yes
 247    166.77    175.10    286.34    2    166.89      1    247   0.0050     0.500     yes
 248    166.73    175.06    285.95    2    166.77      1    248   0.0050     0.500     yes
 249    166.85    175.15    286.08    2    166.89      1    249   0.0050     0.500     yes
 250    166.76    175.07    285.70    2    166.79      1    250   0.0050     0.500     yes
 251    166.90    175.19    286.02    2    166.93      1    251   0.0050     0.500     yes
 252    166.76    175.08    285.46    2    166.79      1    252   0.0050     0.500     yes
 253    166.90    175.23    285.80    2    166.94      1    253   0.0050     0.500     yes
 254    166.77    175.09    285.29    2    166.80      1    254   0.0050     0.500     yes
 255    166.90    175.20    285.69    2    166.94      1    255   0.0050     0.500     yes
 256    166.78    175.08    285.08    2    166.81      1    256   0.0050     0.500     yes
 257    166.92    175.16    285.48    2    166.96      1    257   0.0050     0.500     yes
 258    166.78    175.00    284.83    2    166.81      1    258   0.0050     0.500     yes
 259    166.94    175.11    285.34    2    166.98      1    259   0.0050     0.500     yes
 260    166.81    174.97    284.68    2    166.84      1    260   0.0050     0.500     yes
 261    166.96    175.07    285.05    2    167.00      1    261   0.0050     0.500     yes
 262    166.81    174.93    284.45    2    166.85      1    262   0.0050     0.500     yes
 263    166.97    175.00    284.86    2    167.00      1    263   0.0050     0.500     yes
 264    166.81    174.82    284.11    2    166.84      1    264   0.0050     0.500     yes
 265    166.98    174.96    284.61    2    167.01      1    265   0.0050     0.500     yes
 266    166.82    174.78    283.94    2    166.85      1    266   0.0050     0.500     yes
 267    166.98    174.89    284.29    2    167.02      1    267   0.0050     0.500     yes
 268    166.82    174.71    283.70    2    166.85      1    268   0.0050     0.500     yes
 269    167.00    174.86    284.19    2    167.03      1    269   0.0050     0.500     yes
 270    166.83    174.65    283.48    2    166.86      1    270   0.0050     0.500     yes
 271    167.01    174.79    283.89    2    167.05      1    271   0.0050     0.500     yes
 272    166.85    174.59    283.03    2    166.88      1    272   0.0050     0.500     yes
 273    167.02    174.72    283.58    2    167.06      1    273   0.0050     0.500     yes
 274    166.87    174.56    282.95    2    166.91      1    274   0.0050     0.500     yes
 275    167.04    174.67    283.31    2    167.08      1    275   0.0050     0.500     yes
 276    166.88    174.46    282.66    2    166.91      1    276   0.0050     0.500     yes
 277    167.05    174.60    283.04    2    167.09      1    277   0.0050     0.500     yes
 278    166.89    174.40    282.19    2    166.93      1    278   0.0050     0.500     yes
 279    167.06    174.49    282.63    2    167.09      1    279   0.0050     0.500     yes
 280    166.90    174.31    281.89    2    166.94      1    280   0.0050     0.500     yes
 281    167.07    174.40    282.19    2    167.10      1    281   0.0050     0.500     yes
 282    166.91    174.20    281.45    2    166.94      1    282   0.0050     0.500     yes
 283    167.07    174.31    281.82    2    167.11      1    283   0.0050     0.500     yes
 284    166.91    174.09    281.04    2    166.93      1    284   0.0050     0.500     yes
 285    167.07    174.19    281.42    2    167.11      1    285   0.0050     0.500     yes
 286    166.91    173.99    280.55    2    166.94      1    286   0.0050     0.500     yes
 287    167.08    174.08    280.89    2    167.11      1    287   0.0050     0.500     yes
 288    166.92    173.87    280.07    2    166.95      1    288   0.0050     0.500     yes
 289    167.09    173.99    280.46    2    167.12      1    289   0.0050     0.500     yes
 290    166.93    173.80    279.60    2    166.96      1    290   0.0050     0.500     yes
 291    167.10    173.88    279.95    2    167.13      1    291   0.0050     0.500     yes
 292    166.94    173.68    279.03    2    166.97      1    292   0.0050     0.500     yes
 293    167.10    173.78    279.31    2    167.13      1    293   0.0050     0.500     yes
 294    166.96    173.62    278.55    2    166.99      1    294   0.0050     0.500     yes
 295    167.11    173.70    278.73    2    167.14      1    295   0.0050     0.500     yes
 296    166.97    173.56    278.01    2    166.99      1    296   0.0050     0.500     yes
 297    167.11    173.61    278.19    2    167.13      1    297   0.0050     0.500     yes
 298    166.98    173.47    277.63    2    167.00      1    298   0.0050     0.500     yes
 299    167.11    173.51    277.61    2    167.13      1    299   0.0050     0.500     yes
 300    166.99    173.43    277.14    2    167.02      1    300   0.0050     0.500     yes
 301    167.10    173.44    277.06    2    167.13      1    301   0.0050     0.500     yes
 302    167.00    173.35    276.55    2    167.03      1    302   0.0050     0.500     yes
 303    167.11    173.37    276.58    2    167.14      1    303   0.0050     0.500     yes
 304    167.01    173.29    276.00    2    167.03      1    304   0.0050     0.500     yes
 305    167.12    173.32    276.08    2    167.14      1    305   0.0050     0.500     yes
 306    167.01    173.17    223.61    2    167.05      1    306   0.0050     0.500     yes
 307    167.12    173.23    275.59    2    167.15      1    307   0.0050     0.500     yes
 308    167.03    173.13    246.40    2    167.05      1    308   0.0050     0.500     yes
 309    167.14    173.19    275.16    2    167.17      1    309   0.0050     0.500     yes
 310    167.05    173.09    207.74    2    167.09      1    310   0.0050     0.500     yes
 311    167.16    173.14    274.74    2    167.19      1    311   0.0050     0.500     yes
 312    167.06    173.08    203.87    2    167.10      1    312   0.0050     0.500     yes
 313    167.17    173.16    274.32    2    167.19      1    313   0.0050     0.500     yes
 314    167.08    173.08    205.60    2    167.11      1    314   0.0050     0.500     yes
 315    167.20    173.19    179.79    2    167.23      1    315   0.0050     0.500     yes
 316    167.09    173.07    226.21    2    167.12      1    316   0.0050     0.500     yes
 317    167.22    173.15    219.19    2    167.24      1    317   0.0050     0.500     yes
 318    133.15    167.10    173.08    1    167.15      1    318   0.0050     0.500     yes
 319    167.11    173.10    205.93    2    167.26      1    319   0.0050     0.500     yes
 320    167.09    172.98    249.98    2    167.13      1    320   0.0050     0.500     yes
 321    167.18    172.98    207.20    2    167.21      1    321   0.0050     0.500     yes
 322    167.11    172.86    240.67    2    167.15      1    322   0.0050     0.500     yes
 323    167.19    172.87    253.58    2    167.22      1    323   0.0050     0.500     yes
 324    167.13    172.78    259.43    2    167.15      1    324   0.0050     0.500     yes
 325    167.21    172.78    268.83    2    167.24      1    325   0.0050     0.500     yes
 326    167.12    172.68    231.24    2    167.15      1    326   0.0050     0.500     yes
 327    167.20    172.68    271.13    2    167.23      1    327   0.0050     0.500     yes
 328    167.13    172.59    254.74    2    167.15      1    328   0.0050     0.500     yes
 329    167.21    172.63    270.85    2    167.23      1    329   0.0050     0.500     yes
 330    167.12    172.51    179.76    2    167.22      1    330   0.0050     0.500     yes
 331    167.21    172.57    270.76    2    167.27      1    331   0.0050     0.500     yes
 332    167.15    172.53    185.58    2    167.20      1    332   0.0050     0.500     yes
 333    167.23    172.62    270.81    2    167.27      1    333   0.0050     0.500     yes
 334    167.15    172.56    188.12    2    167.19      1    334   0.0050     0.500     yes
 335    167.24    172.67    263.85    2    167.27      1    335   0.0050     0.500     yes
 336    167.15    172.61    175.93    2    167.24      1    336   0.0050     0.500     yes
 337    167.25    172.73    270.70    2    167.31      1    337   0.0050     0.500     yes
 338    126.04    167.21    172.70    1    167.30      1    338   0.0050     0.500     yes
 339    167.20    172.68    249.29    2    167.31      1    339   0.0050     0.500     yes
 340    167.18    172.61    251.51    2    167.24      1    340   0.0050     0.500     yes
 341    167.23    172.60    238.61    2    167.27      1    341   0.0050     0.500     yes
 342    167.18    172.50    259.04    2    167.21      1    342   0.0050     0.500     yes
 343    167.24    172.54    240.45    2    167.26      1    343   0.0050     0.500     yes
 344    167.18    172.44    224.99    2    167.21      1    344   0.0050     0.500     yes
 345    167.26    172.49    269.51    2    167.28      1    345   0.0050     0.500     yes
 346    167.19    172.41    269.35    2    167.21      1    346   0.0050     0.500     yes
 347    167.25    172.43    269.48    2    167.27      1    347   0.0050     0.500     yes
 348    167.19    172.34    269.26    2    167.21      1    348   0.0050     0.500     yes
 349    167.24    172.37    269.40    2    167.26      1    349   0.0050     0.500     yes
 350    167.18    172.28    269.31    2    167.20      1    350   0.0050     0.500     yes
 351    167.25    172.32    269.38    2    167.26      1    351   0.0050     0.500     yes
 352    167.19    172.22    269.12    2    167.20      1    352   0.0050     0.500     yes
 353    167.24    172.26    269.25    2    167.26      1    353   0.0050     0.500     yes
 354    167.19    172.17    269.12    2    167.21      1    354   0.0050     0.500     yes
 355    167.24    172.19    269.23    2    167.26      1    355   0.0050     0.500     yes
 356    167.18    172.11    269.08    2    167.20      1    356   0.0050     0.500     yes
 357    167.24    172.13    269.22    2    167.26      1    357   0.0050     0.500     yes
 358    167.18    172.07    269.01    2    167.20      1    358   0.0050     0.500     yes
 359    167.23    172.08    269.13    2    167.25      1    359   0.0050     0.500     yes
 360    167.18    171.99    269.01    2    167.20      1    360   0.0050     0.500     yes
 361    167.24    172.02    269.11    2    167.25      1    361   0.0050     0.500     yes
 362    167.18    171.95    269.03    2    167.20      1    362   0.0050     0.500     yes
 363    167.23    171.97    268.94    2    167.25      1    363   0.0050     0.500     yes
 364    167.17    171.88    268.91    2    167.20      1    364   0.0050     0.500     yes
 365    167.22    171.89    268.85    2    167.24      1    365   0.0050     0.500     yes
 366    167.15    171.75    268.67    2    167.17      1    366   0.0050     0.500     yes
 367    167.23    171.76    268.70    2    167.25      1    367   0.0050     0.500     yes
 368    167.15    171.66    268.65    2    167.17      1    368   0.0050     0.500     yes
 369    167.22    171.67    268.64    2    167.24      1    369   0.0050     0.500     yes
 370    167.15    171.56    268.46    2    167.18      1    370   0.0050     0.500     yes
 371    167.22    171.57    268.23    2    167.23      1    371   0.0050     0.500     yes
 372    167.15    171.49    268.28    2    167.18      1    372   0.0050     0.500     yes
 373    167.22    171.49    268.18    2    167.25      1    373   0.0050     0.500     yes
 374    167.15    171.46    268.16    2    167.19      1    374   0.0050     0.500     yes
 375    167.22    171.43    267.87    2    167.25      1    375   0.0050     0.500     yes
 376    167.15    171.40    267.86    2    167.19      1    376   0.0050     0.500     yes
 377    167.21    171.37    267.71    2    167.25      1    377   0.0050     0.500     yes
 378    167.16    171.35    267.74    2    167.20      1    378   0.0050     0.500     yes
 379    167.20    171.32    267.52    2    167.25      1    379   0.0050     0.500     yes
 380    167.15    171.30    267.53    2    167.20      1    380   0.0050     0.500     yes
 381    167.20    171.26    267.39    2    167.24      1    381   0.0050     0.500     yes
 382    167.15    171.23    267.35    2    167.20      1    382   0.0050     0.500     yes
 383    167.20    171.20    267.14    2    167.24      1    383   0.0050     0.500     yes
 384    167.14    171.16    267.03    2    167.19      1    384   0.0050     0.500     yes
 385    167.19    171.12    267.00    2    167.23      1    385   0.0050     0.500     yes
 386    167.14    171.07    266.87    2    167.19      1    386   0.0050     0.500     yes
 387    167.19    171.04    266.69    2    167.23      1    387   0.0050     0.500     yes
 388    167.14    170.99    266.53    2    167.19      1    388   0.0050     0.500     yes
 389    167.19    170.94    266.35    2    167.23      1    389   0.0050     0.500     yes
 390    167.13    170.89    266.15    2    167.18      1    390   0.0050     0.500     yes
 391    167.19    170.85    265.92    2    167.23      1    391   0.0050     0.500     yes
 392    167.13    170.79    265.70    2    167.18      1    392   0.0050     0.500     yes
 393    167.18    170.74    265.61    2    167.22      1    393   0.0050     0.500     yes
 394    167.12    170.64    265.35    2    167.18      1    394   0.0050     0.500     yes
 395    167.17    170.60    265.15    2    167.21      1    395   0.0050     0.500     yes
 396    167.12    170.54    264.94    2    167.17      1    396   0.0050     0.500     yes
 397    167.17    170.50    264.86    2    167.21      1    397   0.0050     0.500     yes
 398    167.12    170.43    264.67    2    167.18      1    398   0.0050     0.500     yes
 399    167.16    170.39    264.46    2    167.21      1    399   0.0050     0.500     yes
 400    167.11    170.31    264.23    2    167.18      1    400   0.0050     0.500     yes
 401    167.17    170.26    264.05    2    167.22      1    401   0.0050     0.500     yes
 402    167.11    170.18    263.78    2    167.18      1    402   0.0050     0.500     yes
 403    167.16    170.14    263.62    2    167.22      1    403   0.0050     0.500     yes
 404    167.10    170.07    263.39    2    167.18      1    404   0.0050     0.500     yes
 405    167.16    170.03    263.09    2    167.22      1    405   0.0050     0.500     yes
 406    167.11    169.96    262.86    2    167.18      1    406   0.0050     0.500     yes
 407    167.16    169.92    262.76    2    167.22      1    407   0.0050     0.500     yes
 408    167.11    169.85    262.49    2    167.19      1    408   0.0050     0.500     yes
 409    167.16    169.81    262.32    2    167.23      1    409   0.0050     0.500     yes
 410    167.11    169.73    262.03    2    167.19      1    410   0.0050     0.500     yes
 411    167.16    169.70    261.99    2    167.24      1    411   0.0050     0.500     yes
 412    167.11    169.63    261.74    2    167.18      1    412   0.0050     0.500     yes
 413    167.16    169.61    261.65    2    167.23      1    413   0.0050     0.500     yes
 414    167.11    169.54    261.46    2    167.19      1    414   0.0050     0.500     yes
 415    167.16    169.49    261.34    2    167.23      1    415   0.0050     0.500     yes
 416    167.10    169.44    261.04    2    167.17      1    416   0.0050     0.500     yes
 417    167.17    169.45    261.10    2    167.22      1    417   0.0050     0.500     yes
 418    167.11    169.36    260.91    2    167.18      1    418   0.0050     0.500     yes
 419    167.16    169.35    260.84    2    167.22      1    419   0.0050     0.500     yes
 420    167.11    169.29    260.69    2    167.18      1    420   0.0050     0.500     yes
 421    167.18    169.28    260.66    2    167.23      1    421   0.0050     0.500     yes
 422    167.12    169.21    260.56    2    167.19      1    422   0.0050     0.500     yes
 423    167.17    169.20    260.43    2    167.22      1    423   0.0050     0.500     yes
 424    167.11    169.11    260.21    2    167.19      1    424   0.0050     0.500     yes
 425    167.17    169.11    260.27    2    167.23      1    425   0.0050     0.500     yes
 426    167.11    169.03    260.12    2    167.19      1    426   0.0050     0.500     yes
 427    167.17    169.03    260.15    2    167.22      1    427   0.0050     0.500     yes
 428    167.12    168.96    259.98    2    167.17      1    428   0.0050     0.500     yes
 429    167.17    168.97    260.10    2    167.22      1    429   0.0050     0.500     yes
 430    167.11    168.87    260.07    2    167.16      1    430   0.0050     0.500     yes
 431    167.16    168.88    260.13    2    167.20      1    431   0.0050     0.500     yes
 432    167.09    168.79    260.09    2    167.13      1    432   0.0050     0.500     yes
 433    167.15    168.80    260.22    2    167.21      1    433   0.0050     0.500     yes
 434    167.09    168.72    260.13    2    167.13      1    434   0.0050     0.500     yes
 435    167.16    168.73    260.31    2    167.19      1    435   0.0050     0.500     yes
 436    167.10    168.65    260.27    2    167.12      1    436   0.0050     0.500     yes
 437    167.17    168.65    260.42    2    167.19      1    437   0.0050     0.500     yes
 438    167.09    168.56    260.44    2    167.12      1    438   0.0050     0.500     yes
 439    167.15    168.56    260.68    2    167.21      1    439   0.0050     0.500     yes
 440    167.10    168.49    260.59    2    167.26      1    440   0.0050     0.500     yes
 441    167.15    168.50    260.66    2    167.23      1    441   0.0050     0.500     yes
 442    167.11    168.47    260.62    2    167.29      1    442   0.0050     0.500     yes
 443    167.16    168.49    260.69    2    167.25      1    443   0.0050     0.500     yes
 444    167.12    168.46    260.67    2    167.28      1    444   0.0050     0.500     yes
 445    167.16    168.48    260.72    2    167.25      1    445   0.0050     0.500     yes
 446    167.13    168.44    260.67    2    167.31      1    446   0.0050     0.500     yes
 447    167.16    168.46    260.69    2    167.25      1    447   0.0050     0.500     yes
 448    167.14    168.45    260.69    2    167.32      1    448   0.0050     0.500     yes
 449    167.17    168.48    260.72    2    167.26      1    449   0.0050     0.500     yes
 450    167.14    168.45    260.79    2    167.32      1    450   0.0050     0.500     yes
 451    167.18    168.47    260.81    2    167.26      1    451   0.0050     0.500     yes
 452    167.15    168.44    260.81    2    167.30      1    452   0.0050     0.500     yes
 453    167.18    168.46    260.83    2    167.27      1    453   0.0050     0.500     yes
 454    167.15    168.44    260.81    2    167.29      1    454   0.0050     0.500     yes
 455    167.18    168.46    260.88    2    167.28      1    455   0.0050     0.500     yes
 456    167.16    168.42    260.87    2    167.31      1    456   0.0050     0.500     yes
 457    167.19    168.41    260.91    2    167.29      1    457   0.0050     0.500     yes
 458    167.16    168.39    260.87    2    167.32      1    458   0.0050     0.500     yes
 459    167.19    168.38    260.94    2    167.30      1    459   0.0050     0.500     yes
 460    167.17    168.36    260.93    2    167.33      1    460   0.0050     0.500     yes
 461    167.20    168.36    261.03    2    167.31      1    461   0.0050     0.500     yes
 462    167.18    168.33    261.07    2    167.36      1    462   0.0050     0.500     yes
 463    167.21    168.35    261.11    2    167.33      1    463   0.0050     0.500     yes
 464    167.18    168.31    261.10    2    167.37      1    464   0.0050     0.500     yes
 465    167.21    168.31    261.18    2    167.32      1    465   0.0050     0.500     yes
 466    167.19    168.27    261.20    2    167.39      1    466   0.0050     0.500     yes
 467    167.22    168.30    261.24    2    167.35      1    467   0.0050     0.500     yes
 468    167.19    168.27    261.25    2    167.44      1    468   0.0050     0.500     yes
 469    167.22    168.28    261.27    2    167.37      1    469   0.0050     0.500     yes
 470    167.20    168.25    261.26    2    167.46      1    470   0.0050     0.500     yes
 471    167.23    168.28    261.28    2    167.38      1    471   0.0050     0.500     yes
 472    167.20    168.26    261.26    2    167.47      1    472   0.0050     0.500     yes
 473    167.24    168.26    261.30    2    167.39      1    473   0.0050     0.500     yes
 474    167.21    168.23    261.32    2    167.44      1    474   0.0050     0.500     yes
 475    167.24    168.24    261.39    2    167.39      1    475   0.0050     0.500     yes
 476    167.22    168.20    261.31    2    167.48      1    476   0.0050     0.500     yes
 477    167.25    168.21    261.39    2    167.41      1    477   0.0050     0.500     yes
 478    167.22    168.18    261.40    2    167.51      1    478   0.0050     0.500     yes
 479    167.26    168.20    261.45    2    167.41      1    479   0.0050     0.500     yes
 480    167.23    168.17    261.38    2    167.57      1    480   0.0050     0.500     yes
 481    167.26    168.17    261.43    2    167.43      1    481   0.0050     0.500     yes
 482    167.24    168.14    261.35    2    167.59      1    482   0.0050     0.500     yes
 483    167.27    168.17    261.41    2    167.43      1    483   0.0050     0.500     yes
 484    167.24    168.16    261.40    2    167.62      1    484   0.0050     0.500     yes
 485    167.28    168.16    261.40    2    167.47      1    485   0.0050     0.500     yes
 486    167.25    168.14    261.38    2    167.64      1    486   0.0050     0.500     yes
 487    167.28    168.15    261.43    2    167.48      1    487   0.0050     0.500     yes
 488    167.25    168.13    261.43    2    167.64      1    488   0.0050     0.500     yes
 489    167.28    168.14    261.46    2    167.49      1    489   0.0050     0.500     yes
 490    167.26    168.12    261.45    2    167.65      1    490   0.0050     0.500     yes
 491    167.29    168.12    261.50    2    167.50      1    491   0.0050     0.500     yes
 492    167.26    168.10    261.44    2    167.69      1    492   0.0050     0.500     yes
 493    167.29    168.09    261.49    2    167.53      1    493   0.0050     0.500     yes
 494    167.27    168.07    261.48    2    167.69      1    494   0.0050     0.500     yes
 495    167.30    168.08    261.54    2    167.54      1    495   0.0050     0.500     yes
 496    167.27    168.06    261.48    2    167.71      1    496   0.0050     0.500     yes
 497    167.30    168.04    261.53    2    167.58      1    497   0.0050     0.500     yes
 498    167.28    168.01    257.34    2    167.75      1    498   0.0050     0.500     yes
 499    167.31    168.00    261.49    2    167.59      1    499   0.0050     0.500     yes
 500    167.28    167.98    261.41    2    167.78      1    500   0.0050     0.500     yes
 501    167.31    167.96    261.44    2    167.66      1    501   0.0050     0.500     yes
 502    167.29    167.93    261.39    2    167.79      1    502   0.0050     0.500     yes
 503    167.32    167.92    261.51    2    167.70      1    503   0.0050     0.500     yes
 504    167.29    167.88    252.82    2    167.86      1    504   0.0050     0.500     yes
 505    167.32    167.85    245.24    2    167.80      1    505   0.0050     0.500     yes
 506    167.29    167.79    219.81    2    167.99      1    506   0.0050     0.500     yes
 507    167.32    167.74    261.45    2    168.08      1    507   0.0050     0.500     yes
 508    167.29    167.64    219.18    2    168.35      1    508   0.0050     0.500     yes
 509    167.33    167.58    261.41    2    168.92      1    509   0.0050     0.500     yes
 510    167.31    167.66    240.27    2    167.51      1    510   0.0050     0.500     yes
 511    167.32    167.72    261.53    2    168.28      1    511   0.0050     0.500     yes
 512    167.30    167.53    226.98    2    168.60      1    512   0.0050     0.500     yes
 513    167.31    167.46    261.39    2    169.91      1    513   0.0050     0.500     yes
 514    167.25    167.57    240.60    2    167.80      1    514   0.0050     0.500     yes
 515    167.26    167.67    184.74    2    167.74      1    515   0.0050     0.500     yes
 516    167.24    167.80    228.10    2    167.50      1    516   0.0050     0.500     yes
 517    167.27    167.79    261.49    2    167.49      1    517   0.0050     0.500     yes
 518    167.22    167.77    261.36    2    167.39      1    518   0.0050     0.500     yes
 519    167.27    167.72    261.47    2    167.40      1    519   0.0050     0.500     yes
 520    167.24    167.82    261.45    2    167.32      1    520   0.0050     0.500     yes
 521    167.27    167.68    261.33    2    167.33      1    521   0.0050     0.500     yes
 522    167.24    167.62    261.13    2    167.29      1    522   0.0050     0.500     yes
 523    167.30    167.59    261.20    2    167.57      1    523   0.0050     0.500     yes
 524    167.25    167.57    261.05    2    167.42      1    524   0.0050     0.500     yes
 525    167.28    167.77    261.39    2    167.34      1    525   0.0050     0.500     yes
 526    167.22    167.72    261.00    2    167.28      1    526   0.0050     0.500     yes
 527    167.29    167.73    261.15    2    167.34      1    527   0.0050     0.500     yes
 528    167.23    167.61    260.86    2    167.30      1    528   0.0050     0.500     yes
 529    167.30    167.64    261.09    2    167.36      1    529   0.0050     0.500     yes
 530    167.24    167.56    260.86    2    167.37      1    530   0.0050     0.500     yes
 531    167.29    167.39    260.89    2    171.81      1    531   0.0050     0.500     yes
 532    167.25    167.48    260.75    2    167.53      1    532   0.0050     0.500     yes
 533    167.27    167.43    260.76    2    167.35      1    533   0.0050     0.500     yes
 534    167.23    167.63    260.87    2    167.33      1    534   0.0050     0.500     yes
 535    167.24    167.87    261.31    2    167.28      1    535   0.0050     0.500     yes
 536    167.20    167.73    261.04    2    167.26      1    536   0.0050     0.500     yes
 537    167.25    167.77    261.13    2    167.32      1    537   0.0050     0.500     yes
 538    167.20    167.70    260.92    2    167.34      1    538   0.0050     0.500     yes
 539    167.26    167.68    261.00    2    167.39      1    539   0.0050     0.500     yes
 540    167.20    167.68    260.89    2    167.43      1    540   0.0050     0.500     yes
 541    167.25    167.76    261.05    2    167.32      1    541   0.0050     0.500     yes
 542    167.20    167.72    260.83    2    167.30      1    542   0.0050     0.500     yes
 543    167.25    167.60    260.78    2    167.81      1    543   0.0050     0.500     yes
 544    167.21    167.60    260.67    2    167.49      1    544   0.0050     0.500     yes
 545    167.25    167.79    260.97    2    167.30      1    545   0.0050     0.500     yes
 546    167.19    167.85    260.59    2    167.27      1    546   0.0050     0.500     yes
 547    167.25    167.75    260.61    2    167.31      1    547   0.0050     0.500     yes
 548    167.20    167.65    260.37    2    167.37      1    548   0.0050     0.500     yes
 549    167.25    167.52    260.37    2    168.08      1    549   0.0050     0.500     yes
 550    167.20    167.50    260.26    2    167.52      1    550   0.0050     0.500     yes
 551    167.24    167.71    260.55    2    167.30      1    551   0.0050     0.500     yes
 552    167.18    167.84    260.23    2    167.22      1    552   0.0050     0.500     yes
 553    167.24    167.75    260.29    2    167.35      1    553   0.0050     0.500     yes
 554    167.18    167.73    260.16    2    167.28      1    554   0.0050     0.500     yes
 555    167.24    167.81    260.35    2    167.31      1    555   0.0050     0.500     yes
 556    167.19    167.71    260.12    2    167.27      1    556   0.0050     0.500     yes
 557    167.25    167.62    260.10    2    167.49      1    557   0.0050     0.500     yes
 558    167.20    167.68    260.06    2    167.35      1    558   0.0050     0.500     yes
 559    167.25    167.83    260.29    2    167.30      1    559   0.0050     0.500     yes
 560    167.21    167.80    260.00    2    167.27      1    560   0.0050     0.500     yes
 561    167.28    167.71    260.10    2    167.96      1    561   0.0050     0.500     yes
 562    167.22    167.69    259.99    2    167.37      1    562   0.0050     0.500     yes
 563    167.26    167.92    260.32    2    167.33      1    563   0.0050     0.500     yes
 564    167.19    167.79    260.00    2    167.35      1    564   0.0050     0.500     yes
 565    167.26    167.69    260.04    2    167.89      1    565   0.0050     0.500     yes
 566    167.19    167.69    259.94    2    167.43      1    566   0.0050     0.500     yes
 567    167.26    167.90    260.24    2    167.34      1    567   0.0050     0.500     yes
 568    167.18    167.79    259.93    2    167.38      1    568   0.0050     0.500     yes
 569    167.26    167.69    259.98    2    167.76      1    569   0.0050     0.500     yes
 570    167.19    167.70    259.86    2    167.44      1    570   0.0050     0.500     yes
 571    167.25    167.90    260.16    2    167.32      1    571   0.0050     0.500     yes
 572    167.19    167.84    259.86    2    167.32      1    572   0.0050     0.500     yes
 573    167.26    167.74    259.88    2    167.84      1    573   0.0050     0.500     yes
 574    167.20    167.76    259.79    2    167.40      1    574   0.0050     0.500     yes
 575    167.24    167.96    260.09    2    167.29      1    575   0.0050     0.500     yes
 576    167.20    167.87    259.72    2    167.27      1    576   0.0050     0.500     yes
 577    167.27    167.81    259.67    2    167.54      1    577   0.0050     0.500     yes
 578    167.21    167.85    259.56    2    167.39      1    578   0.0050     0.500     yes
 579    167.26    168.02    259.74    2    167.34      1    579   0.0050     0.500     yes
 580    167.20    167.92    259.50    2    167.36      1    580   0.0050     0.500     yes
 581    167.26    167.82    259.52    2    167.62      1    581   0.0050     0.500     yes
 582    167.20    167.87    259.44    2    167.42      1    582   0.0050     0.500     yes
 583    167.26    168.05    259.72    2    167.37      1    583   0.0050     0.500     yes
 584    167.19    168.00    259.51    2    167.38      1    584   0.0050     0.500     yes
 585    167.25    167.91    259.54    2    167.48      1    585   0.0050     0.500     yes
 586    167.19    167.96    259.42    2    167.41      1    586   0.0050     0.500     yes
 587    167.26    168.09    259.63    2    167.36      1    587   0.0050     0.500     yes
 588    167.18    168.01    259.35    2    167.36      1    588   0.0050     0.500     yes
 589    167.25    167.93    259.34    2    167.42      1    589   0.0050     0.500     yes
 590    167.18    167.98    259.27    2    167.38      1    590   0.0050     0.500     yes
 591    167.25    168.04    259.43    2    167.36      1    591   0.0050     0.500     yes
 592    167.18    168.01    259.14    2    167.35      1    592   0.0050     0.500     yes
 593    167.26    167.94    259.14    2    167.48      1    593   0.0050     0.500     yes
 594    167.18    167.99    259.12    2    167.38      1    594   0.0050     0.500     yes
 595    167.27    168.13    259.30    2    167.34      1    595   0.0050     0.500     yes
 596    167.18    168.02    258.85    2    167.31      1    596   0.0050     0.500     yes
 597    167.27    167.95    258.94    2    167.48      1    597   0.0050     0.500     yes
 598    167.19    167.97    258.84    2    167.37      1    598   0.0050     0.500     yes
 599    167.26    168.13    259.04    2    167.33      1    599   0.0050     0.500     yes
 600    167.19    168.06    258.63    2    167.32      1    600   0.0050     0.500     yes
 601    167.27    168.00    258.69    2    167.37      1    601   0.0050     0.500     yes
 602    167.19    168.00    258.50    2    167.34      1    602   0.0050     0.500     yes
 603    167.28    167.96    258.50    2    167.46      1    603   0.0050     0.500     yes
 604    167.20    167.97    258.41    2    167.36      1    604   0.0050     0.500     yes
 605    167.29    168.08    258.60    2    167.39      1    605   0.0050     0.500     yes
 606    167.20    168.03    258.33    2    167.33      1    606   0.0050     0.500     yes
 607    167.30    168.01    258.41    2    167.42      1    607   0.0050     0.500     yes
 608    167.21    168.02    258.28    2    167.37      1    608   0.0050     0.500     yes
 609    167.29    167.99    258.30    2    167.52      1    609   0.0050     0.500     yes
 610    167.22    168.01    258.24    2    167.39      1    610   0.0050     0.500     yes
 611    167.30    168.15    258.41    2    167.40      1    611   0.0050     0.500     yes
 612    167.21    168.07    258.10    2    167.36      1    612   0.0050     0.500     yes
 613    167.29    168.03    258.07    2    167.51      1    613   0.0050     0.500     yes
 614    167.22    168.04    258.01    2    167.39      1    614   0.0050     0.500     yes
 615    167.30    168.16    258.17    2    167.44      1    615   0.0050     0.500     yes
 616    167.22    168.12    257.93    2    167.41      1    616   0.0050     0.500     yes
 617    167.29    168.05    257.88    2    167.50      1    617   0.0050     0.500     yes
 618    167.22    168.09    257.85    2    167.40      1    618   0.0050     0.500     yes
 619    167.30    168.15    257.93    2    167.51      1    619   0.0050     0.500     yes
 620    167.22    168.10    257.78    2    167.40      1    620   0.0050     0.500     yes
 621    167.30    168.18    257.86    2    167.42      1    621   0.0050     0.500     yes
 622    167.21    168.13    257.57    2    167.37      1    622   0.0050     0.500     yes
 623    167.31    168.09    257.57    2    167.40      1    623   0.0050     0.500     yes
 624    167.22    168.07    257.28    2    167.38      1    624   0.0050     0.500     yes
 625    167.31    168.03    257.27    2    167.45      1    625   0.0050     0.500     yes
 626    167.22    168.04    257.01    2    167.39      1    626   0.0050     0.500     yes
 627    167.31    168.00    257.04    2    167.51      1    627   0.0050     0.500     yes
 628    167.23    168.04    256.97    2    167.40      1    628   0.0050     0.500     yes
 629    167.32    168.11    257.09    2    167.40      1    629   0.0050     0.500     yes
 630    167.22    168.06    256.59    2    167.33      1    630   0.0050     0.500     yes
 631    167.32    168.01    256.66    2    167.48      1    631   0.0050     0.500     yes
 632    167.23    168.01    256.31    2    167.41      1    632   0.0050     0.500     yes
 633    167.31    168.05    256.36    2    167.51      1    633   0.0050     0.500     yes
 634    167.23    168.04    256.13    2    167.41      1    634   0.0050     0.500     yes
 635    167.32    168.08    256.21    2    167.48      1    635   0.0050     0.500     yes
 636    167.23    168.05    255.92    2    167.40      1    636   0.0050     0.500     yes
 637    167.31    168.04    255.89    2    167.57      1    637   0.0050     0.500     yes
 638    167.24    168.05    255.76    2    167.42      1    638   0.0050     0.500     yes
 639    167.32    168.20    255.84    2    167.41      1    639   0.0050     0.500     yes
 640    167.24    168.13    255.29    2    167.38      1    640   0.0050     0.500     yes
 641    167.32    168.06    255.30    2    167.47      1    641   0.0050     0.500     yes
 642    167.25    168.06    254.95    2    167.41      1    642   0.0050     0.500     yes
 643    167.32    168.00    254.89    2    167.52      1    643   0.0050     0.500     yes
 644    167.26    168.03    254.60    2    167.45      1    644   0.0050     0.500     yes
 645    167.32    168.13    254.60    2    167.44      1    645   0.0050     0.500     yes
 646    167.24    168.09    254.20    2    167.37      1    646   0.0050     0.500     yes
 647    167.32    168.03    254.16    2    167.48      1    647   0.0050     0.500     yes
 648    167.26    168.06    253.75    2    167.43      1    648   0.0050     0.500     yes
 649    167.32    168.01    253.66    2    167.51      1    649   0.0050     0.500     yes
 650    167.26    168.05    253.33    2    167.43      1    650   0.0050     0.500     yes
 651    167.33    168.08    253.31    2    167.52      1    651   0.0050     0.500     yes
 652    167.26    168.08    252.85    2    167.43      1    652   0.0050     0.500     yes
 653    167.34    168.09    252.80    2    167.51      1    653   0.0050     0.500     yes
 654    167.26    168.09    252.35    2    167.41      1    654   0.0050     0.500     yes
 655    167.34    168.11    252.25    2    167.41      1    655   0.0050     0.500     yes
 656    167.28    168.09    251.59    2    167.42      1    656   0.0050     0.500     yes
 657    167.35    168.02    251.48    2    167.69      1    657   0.0050     0.500     yes
 658    167.28    168.01    251.02    2    167.48      1    658   0.0050     0.500     yes
 659    167.36    168.10    250.95    2    167.62      1    659   0.0050     0.500     yes
 660    167.28    168.07    250.40    2    167.47      1    660   0.0050     0.500     yes
 661    167.36    168.13    250.37    2    167.59      1    661   0.0050     0.500     yes
 662    167.28    168.09    249.83    2    167.46      1    662   0.0050     0.500     yes
 663    167.37    168.14    249.73    2    167.52      1    663   0.0050     0.500     yes
 664    167.28    168.09    249.10    2    167.44      1    664   0.0050     0.500     yes
 665    167.37    168.03    248.88    2    167.66      1    665   0.0050     0.500     yes
 666    167.29    168.01    248.43    2    167.50      1    666   0.0050     0.500     yes
 667    167.38    168.07    248.19    2    167.59      1    667   0.0050     0.500     yes
 668    167.29    168.07    247.75    2    167.50      1    668   0.0050     0.500     yes
 669    167.38    168.05    247.43    2    167.61      1    669   0.0050     0.500     yes
 670    167.30    168.04    246.93    2    167.51      1    670   0.0050     0.500     yes
 671    167.39    168.04    246.69    2    167.64      1    671   0.0050     0.500     yes
 672    167.30    168.03    246.23    2    167.52      1    672   0.0050     0.500     yes
 673    167.40    168.05    246.02    2    167.71      1    673   0.0050     0.500     yes
 674    167.32    168.04    245.55    2    167.58      1    674   0.0050     0.500     yes
 675    167.40    168.00    245.31    2    167.86      1    675   0.0050     0.500     yes
 676    167.32    167.98    244.84    2    167.60      1    676   0.0050     0.500     yes
 677    167.41    168.08    244.70    2    167.75      1    677   0.0050     0.500     yes
 678    167.32    168.07    244.19    2    167.55      1    678   0.0050     0.500     yes
 679    167.42    168.11    243.99    2    167.79      1    679   0.0050     0.500     yes
 680    167.33    168.09    243.49    2    167.55      1    680   0.0050     0.500     yes
 681    167.43    168.20    243.31    2    167.58      1    681   0.0050     0.500     yes
 682    167.34    168.17    242.57    2    167.58      1    682   0.0050     0.500     yes
 683    167.42    168.11    242.38    2    167.73      1    683   0.0050     0.500     yes
 684    167.34    168.13    241.94    2    167.58      1    684   0.0050     0.500     yes
 685    167.43    168.10    241.72    2    167.75      1    685   0.0050     0.500     yes
 686    167.35    168.10    241.31    2    167.61      1    686   0.0050     0.500     yes
 687    167.44    168.10    241.10    2    167.72      1    687   0.0050     0.500     yes
 688    167.35    168.14    240.72    2    167.58      1    688   0.0050     0.500     yes
 689    167.46    168.13    240.59    2    167.80      1    689   0.0050     0.500     yes
 690    167.37    168.13    240.14    2    167.66      1    690   0.0050     0.500     yes
 691    167.46    168.11    239.98    2    167.82      1    691   0.0050     0.500     yes
 692    167.38    168.11    239.65    2    167.67      1    692   0.0050     0.500     yes
 693    167.47    168.11    239.47    2    167.71      1    693   0.0050     0.500     yes
 694    167.38    168.15    239.07    2    167.63      1    694   0.0050     0.500     yes
 695    167.47    168.14    238.99    2    167.70      1    695   0.0050     0.500     yes
 696    167.38    168.17    238.62    2    167.61      1    696   0.0050     0.500     yes
 697    167.48    168.17    238.62    2    167.73      1    697   0.0050     0.500     yes
 698    167.39    168.18    238.24    2    167.67      1    698   0.0050     0.500     yes
 699    167.48    168.16    238.19    2    167.83      1    699   0.0050     0.500     yes
 700    167.40    168.16    237.89    2    167.65      1    700   0.0050     0.500     yes
 701    167.50    168.18    237.88    2    167.91      1    701   0.0050     0.500     yes
 702    167.41    168.18    237.55    2    167.71      1    702   0.0050     0.500     yes
 703    167.51    168.18    237.55    2    167.87      1    703   0.0050     0.500     yes
 704    167.42    168.19    237.27    2    167.66      1    704   0.0050     0.500     yes
 705    167.53    168.23    237.28    2    167.78      1    705   0.0050     0.500     yes
 706    167.44    168.26    237.05    2    167.70      1    706   0.0050     0.500     yes
 707    167.53    168.26    237.03    2    167.78      1    707   0.0050     0.500     yes
 708    167.44    168.27    236.79    2    167.71      1    708   0.0050     0.500     yes
 709    167.54    168.27    236.78    2    167.82      1    709   0.0050     0.500     yes
 710    167.45    168.29    236.55    2    167.70      1    710   0.0050     0.500     yes
 711    167.56    168.31    236.58    2    167.73      1    711   0.0050     0.500     yes
 712    167.45    168.32    236.19    2    167.67      1    712   0.0050     0.500     yes
 713    167.55    168.31    236.18    2    167.79      1    713   0.0050     0.500     yes
 714    167.46    168.33    236.01    2    167.67      1    714   0.0050     0.500     yes
 715    167.57    168.34    236.09    2    167.71      1    715   0.0050     0.500     yes
 716    167.46    168.34    235.79    2    167.64      1    716   0.0050     0.500     yes
 717    167.56    168.34    235.85    2    167.81      1    717   0.0050     0.500     yes
 718    167.47    168.34    235.67    2    167.67      1    718   0.0050     0.500     yes
 719    167.57    168.35    235.71    2    167.80      1    719   0.0050     0.500     yes
 720    167.48    168.36    235.53    2    167.68      1    720   0.0050     0.500     yes
 721    167.58    168.37    235.66    2    167.78      1    721   0.0050     0.500     yes
 722    167.49    168.39    235.51    2    167.68      1    722   0.0050     0.500     yes
 723    167.58    168.39    235.57    2    167.79      1    723   0.0050     0.500     yes
 724    167.50    168.40    235.43    2    167.67      1    724   0.0050     0.500     yes
 725    167.60    168.41    235.53    2    167.76      1    725   0.0050     0.500     yes
 726    167.50    168.43    235.37    2    167.69      1    726   0.0050     0.500     yes
 727    167.60    168.42    235.46    2    167.78      1    727   0.0050     0.500     yes
 728    167.51    168.43    235.27    2    167.69      1    728   0.0050     0.500     yes
 729    167.60    168.43    235.38    2    167.83      1    729   0.0050     0.500     yes
 730    167.52    168.43    216.40    2    167.71      1    730   0.0050     0.500     yes
 731    167.62    168.47    235.43    2    167.92      1    731   0.0050     0.500     yes
 732    167.53    168.46    230.06    2    167.70      1    732   0.0050     0.500     yes
 733    167.63    168.50    235.43    2    168.00      1    733   0.0050     0.500     yes
 734    167.55    168.49    214.49    2    167.73      1    734   0.0050     0.500     yes
 735    167.65    168.55    235.42    2    168.04      1    735   0.0050     0.500     yes
 736    167.56    168.53    221.97    2    167.69      1    736   0.0050     0.500     yes
 737    167.67    168.63    235.39    2    168.00      1    737   0.0050     0.500     yes
 738    167.58    168.61    235.15    2    167.70      1    738   0.0050     0.500     yes
 739    167.69    168.70    235.52    2    167.95      1    739   0.0050     0.500     yes
 740    167.59    168.67    234.56    2    167.71      1    740   0.0050     0.500     yes
 741    167.70    168.73    235.54    2    167.84      1    741   0.0050     0.500     yes
 742    167.59    168.73    235.46    2    167.73      1    742   0.0050     0.500     yes
 743    167.70    168.74    235.62    2    167.85      1    743   0.0050     0.500     yes
 744    167.59    168.72    235.55    2    167.72      1    744   0.0050     0.500     yes
 745    167.70    168.74    235.68    2    167.88      1    745   0.0050     0.500     yes
 746    167.60    168.74    235.59    2    167.72      1    746   0.0050     0.500     yes
 747    167.71    168.76    235.75    2    167.90      1    747   0.0050     0.500     yes
 748    167.60    168.75    235.57    2    167.72      1    748   0.0050     0.500     yes
 749    167.72    168.79    235.72    2    167.86      1    749   0.0050     0.500     yes
 750    167.61    168.78    235.69    2    167.72      1    750   0.0050     0.500     yes
 751    167.72    168.81    235.84    2    167.83      1    751   0.0050     0.500     yes
 752    167.62    168.82    235.65    2    167.72      1    752   0.0050     0.500     yes
 753    167.72    168.84    235.80    2    167.83      1    753   0.0050     0.500     yes
 754    167.61    168.82    235.74    2    167.68      1    754   0.0050     0.500     yes
 755    167.72    168.89    235.87    2    167.81      1    755   0.0050     0.500     yes
 756    167.62    168.88    235.72    2    167.73      1    756   0.0050     0.500     yes
 757    167.72    168.89    235.89    2    167.82      1    757   0.0050     0.500     yes
 758    167.63    168.88    235.75    2    167.72      1    758   0.0050     0.500     yes
 759    167.72    168.90    235.93    2    167.84      1    759   0.0050     0.500     yes
 760    167.63    168.90    235.84    2    167.73      1    760   0.0050     0.500     yes
 761    167.73    168.92    235.98    2    167.85      1    761   0.0050     0.500     yes
 762    167.63    168.91    235.87    2    167.73      1    762   0.0050     0.500     yes
 763    167.73    168.93    236.03    2    167.86      1    763   0.0050     0.500     yes
 764    167.64    168.93    236.00    2    167.74      1    764   0.0050     0.500     yes
 765    167.73    168.95    236.12    2    167.85      1    765   0.0050     0.500     yes
 766    167.64    168.94    236.04    2    167.74      1    766   0.0050     0.500     yes
 767    167.73    168.97    236.17    2    167.84      1    767   0.0050     0.500     yes
 768    167.64    168.96    236.13    2    167.74      1    768   0.0050     0.500     yes
 769    167.74    168.99    236.21    2    167.82      1    769   0.0050     0.500     yes
 770    167.64    169.00    236.06    2    167.72      1    770   0.0050     0.500     yes
 771    167.73    169.04    236.14    2    167.88      1    771   0.0050     0.500     yes
 772    167.65    169.03    236.08    2    167.76      1    772   0.0050     0.500     yes
 773    167.74    169.05    236.16    2    167.88      1    773   0.0050     0.500     yes
 774    167.65    169.04    236.13    2    167.76      1    774   0.0050     0.500     yes
 775    167.74    169.06    236.22    2    167.90      1    775   0.0050     0.500     yes
 776    167.66    169.05    236.18    2    167.76      1    776   0.0050     0.500     yes
 777    167.75    169.08    236.24    2    167.88      1    777   0.0050     0.500     yes
 778    167.66    169.06    236.27    2    167.76      1    778   0.0050     0.500     yes
 779    167.75    169.09    236.39    2    167.89      1    779   0.0050     0.500     yes
 780    167.66    169.07    236.33    2    167.76      1    780   0.0050     0.500     yes
 781    167.75    169.09    236.45    2    167.90      1    781   0.0050     0.500     yes
 782    167.66    169.08    236.40    2    167.77      1    782   0.0050     0.500     yes
 783    167.76    169.11    236.50    2    167.92      1    783   0.0050     0.500     yes
 784    167.67    169.10    236.43    2    167.78      1    784   0.0050     0.500     yes
 785    167.76    169.13    236.52    2    167.92      1    785   0.0050     0.500     yes
 786    167.67    169.11    236.55    2    167.78      1    786   0.0050     0.500     yes
 787    167.76    169.14    236.60    2    167.93      1    787   0.0050     0.500     yes
 788    167.68    169.12    236.53    2    167.78      1    788   0.0050     0.500     yes
 789    167.77    169.15    236.65    2    167.93      1    789   0.0050     0.500     yes
 790    167.68    169.15    236.57    2    167.79      1    790   0.0050     0.500     yes
 791    167.77    169.16    236.65    2    167.93      1    791   0.0050     0.500     yes
 792    167.69    169.16    236.68    2    167.79      1    792   0.0050     0.500     yes
 793    167.77    169.18    236.78    2    167.93      1    793   0.0050     0.500     yes
 794    167.69    169.17    236.69    2    167.79      1    794   0.0050     0.500     yes
 795    167.77    169.20    236.82    2    167.91      1    795   0.0050     0.500     yes
 796    167.69    169.20    236.76    2    167.79      1    796   0.0050     0.500     yes
 797    167.77    169.21    236.86    2    167.95      1    797   0.0050     0.500     yes
 798    167.69    169.21    236.82    2    167.80      1    798   0.0050     0.500     yes
 799    167.78    169.22    236.90    2    167.94      1    799   0.0050     0.500     yes
 800    167.70    169.22    236.91    2    167.81      1    800   0.0050     0.500     yes
 801    167.78    169.23    236.99    2    167.96      1    801   0.0050     0.500     yes
 802    167.70    169.22    236.95    2    167.80      1    802   0.0050     0.500     yes
 803    167.78    169.25    237.06    2    167.95      1    803   0.0050     0.500     yes
 804    167.70    169.24    237.02    2    167.80      1    804   0.0050     0.500     yes
 805    167.79    169.25    237.10    2    167.95      1    805   0.0050     0.500     yes
 806    167.70    169.25    237.08    2    167.81      1    806   0.0050     0.500     yes
 807    167.79    169.28    237.15    2    167.93      1    807   0.0050     0.500     yes
 808    167.70    169.26    237.13    2    167.80      1    808   0.0050     0.500     yes
 809    167.79    169.28    237.21    2    167.94      1    809   0.0050     0.500     yes
 810    167.70    169.27    237.24    2    167.80      1    810   0.0050     0.500     yes
 811    167.80    169.31    237.35    2    167.91      1    811   0.0050     0.500     yes
 812    167.70    169.30    237.31    2    167.78      1    812   0.0050     0.500     yes
 813    167.80    169.33    237.39    2    167.91      1    813   0.0050     0.500     yes
 814    167.70    169.30    237.36    2    167.76      1    814   0.0050     0.500     yes
 815    167.78    169.37    237.48    2    167.85      1    815   0.0050     0.500     yes
 816    167.69    169.37    237.50    2    167.75      1    816   0.0050     0.500     yes
 817    167.78    169.40    237.57    2    167.86      1    817   0.0050     0.500     yes
 818    167.69    169.39    237.53    2    167.73      1    818   0.0050     0.500     yes
 819    167.77    169.49    237.69    2    167.81      1    819   0.0050     0.500     yes
 820    167.69    169.49    237.58    2    167.73      1    820   0.0050     0.500     yes
 821    167.76    169.51    237.69    2    167.81      1    821   0.0050     0.500     yes
 822    167.68    169.51    237.71    2    167.73      1    822   0.0050     0.500     yes
 823    167.76    169.52    237.79    2    167.82      1    823   0.0050     0.500     yes
 824    167.68    169.52    237.78    2    167.74      1    824   0.0050     0.500     yes
 825    167.76    169.53    237.86    2    167.83      1    825   0.0050     0.500     yes
 826    167.69    169.54    237.81    2    167.74      1    826   0.0050     0.500     yes
 827    167.77    169.56    237.92    2    167.84      1    827   0.0050     0.500     yes
 828    167.69    169.56    237.93    2    167.74      1    828   0.0050     0.500     yes
 829    167.77    169.56    238.07    2    167.85      1    829   0.0050     0.500     yes
 830    167.69    169.57    237.95    2    167.76      1    830   0.0050     0.500     yes
 831    167.78    169.57    238.09    2    167.86      1    831   0.0050     0.500     yes
 832    167.69    169.57    238.03    2    167.76      1    832   0.0050     0.500     yes
 833    167.78    169.59    238.19    2    167.88      1    833   0.0050     0.500     yes
 834    167.70    169.58    238.10    2    167.77      1    834   0.0050     0.500     yes
 835    167.78    169.59    238.20    2    167.89      1    835   0.0050     0.500     yes
 836    167.71    169.60    238.14    2    167.78      1    836   0.0050     0.500     yes
 837    167.78    169.60    238.25    2    167.89      1    837   0.0050     0.500     yes
 838    167.71    169.61    238.25    2    167.79      1    838   0.0050     0.500     yes
 839    167.78    169.61    238.32    2    167.91      1    839   0.0050     0.500     yes
 840    167.71    169.62    238.26    2    167.78      1    840   0.0050     0.500     yes
 841    167.78    169.62    238.34    2    167.92      1    841   0.0050     0.500     yes
 842    167.71    169.62    238.28    2    167.79      1    842   0.0050     0.500     yes
 843    167.79    169.64    238.35    2    167.90      1    843   0.0050     0.500     yes
 844    167.71    169.64    238.38    2    167.78      1    844   0.0050     0.500     yes
 845    167.78    169.68    238.46    2    167.89      1    845   0.0050     0.500     yes
 846    167.71    169.67    238.44    2    167.77      1    846   0.0050     0.500     yes
 847    167.78    169.70    238.51    2    167.89      1    847   0.0050     0.500     yes
 848    167.71    169.70    238.43    2    167.78      1    848   0.0050     0.500     yes
 849    167.78    169.70    238.56    2    167.90      1    849   0.0050     0.500     yes
 850    167.71    169.70    238.55    2    167.78      1    850   0.0050     0.500     yes
 851    167.78    169.72    238.61    2    167.90      1    851   0.0050     0.500     yes
 852    167.71    169.71    238.51    2    167.77      1    852   0.0050     0.500     yes
 853    167.78    169.75    238.62    2    167.89      1    853   0.0050     0.500     yes
 854    167.71    169.75    238.58    2    167.76      1    854   0.0050     0.500     yes
 855    167.76    169.80    238.64    2    167.84      1    855   0.0050     0.500     yes
 856    167.70    169.81    238.59    2    167.73      1    856   0.0050     0.500     yes
 857    167.74    169.90    238.67    2    167.79      1    857   0.0050     0.500     yes
 858    167.67    169.91    238.60    2    167.71      1    858   0.0050     0.500     yes
 859    167.74    169.92    238.63    2    167.80      1    859   0.0050     0.500     yes
 860    167.67    169.91    238.67    2    167.71      1    860   0.0050     0.500     yes
 861    167.74    169.94    238.74    2    167.79      1    861   0.0050     0.500     yes
 862    167.67    169.92    238.73    2    167.71      1    862   0.0050     0.500     yes
 863    167.73    169.94    238.82    2    167.78      1    863   0.0050     0.500     yes
 864    167.67    169.92    238.76    2    167.71      1    864   0.0050     0.500     yes
 865    167.73    169.94    238.84    2    167.79      1    865   0.0050     0.500     yes
 866    167.67    169.93    238.83    2    167.71      1    866   0.0050     0.500     yes
 867    167.74    169.96    238.93    2    167.79      1    867   0.0050     0.500     yes
 868    167.67    169.94    238.90    2    167.71      1    868   0.0050     0.500     yes
 869    167.74    169.98    239.02    2    167.79      1    869   0.0050     0.500     yes
 870    167.67    169.97    238.99    2    167.72      1    870   0.0050     0.500     yes
 871    167.73    169.99    239.10    2    167.79      1    871   0.0050     0.500     yes
 872    167.67    169.97    239.08    2    167.72      1    872   0.0050     0.500     yes
 873    167.73    169.99    239.16    2    167.80      1    873   0.0050     0.500     yes
 874    167.67    169.98    239.10    2    167.72      1    874   0.0050     0.500     yes
 875    167.73    170.00    239.18    2    167.80      1    875   0.0050     0.500     yes
 876    167.68    170.00    239.24    2    167.72      1    876   0.0050     0.500     yes
 877    167.73    170.02    239.30    2    167.79      1    877   0.0050     0.500     yes
 878    167.67    170.02    239.29    2    167.70      1    878   0.0050     0.500     yes
 879    167.73    170.06    239.37    2    167.79      1    879   0.0050     0.500     yes
 880    167.66    170.04    239.36    2    167.69      1    880   0.0050     0.500     yes
 881    167.73    170.10    239.41    2    167.78      1    881   0.0050     0.500     yes
 882    167.66    170.06    239.42    2    167.68      1    882   0.0050     0.500     yes
 883    167.73    170.13    239.53    2    167.77      1    883   0.0050     0.500     yes
 884    167.65    170.09    239.50    2    167.68      1    884   0.0050     0.500     yes
 885    167.72    170.14    239.62    2    167.76      1    885   0.0050     0.500     yes
 886    167.66    170.11    239.57    2    167.68      1    886   0.0050     0.500     yes
 887    167.72    170.15    239.66    2    167.76      1    887   0.0050     0.500     yes
 888    167.67    170.13    239.64    2    167.70      1    888   0.0050     0.500     yes
 889    167.72    170.14    239.78    2    167.77      1    889   0.0050     0.500     yes
 890    167.67    170.14    239.81    2    167.71      1    890   0.0050     0.500     yes
 891    167.72    170.14    239.89    2    167.78      1    891   0.0050     0.500     yes
 892    167.67    170.14    239.87    2    167.70      1    892   0.0050     0.500     yes
 893    167.72    170.15    239.92    2    167.78      1    893   0.0050     0.500     yes
 894    167.67    170.15    239.97    2    167.70      1    894   0.0050     0.500     yes
 895    167.73    170.17    240.02    2    167.78      1    895   0.0050     0.500     yes
 896    167.68    170.16    240.06    2    167.71      1    896   0.0050     0.500     yes
 897    167.72    170.16    240.11    2    167.79      1    897   0.0050     0.500     yes
 898    167.68    170.17    240.14    2    167.72      1    898   0.0050     0.500     yes
 899    167.72    170.17    240.16    2    167.79      1    899   0.0050     0.500     yes
 900    167.68    170.18    240.19    2    167.73      1    900   0.0050     0.500     yes
 901    167.72    170.18    240.23    2    167.80      1    901   0.0050     0.500     yes
 902    167.69    170.20    240.27    2    167.73      1    902   0.0050     0.500     yes
 903    167.74    170.21    240.36    2    167.79      1    903   0.0050     0.500     yes
 904    167.69    170.20    240.35    2    167.72      1    904   0.0050     0.500     yes
 905    167.73    170.21    240.44    2    167.78      1    905   0.0050     0.500     yes
 906    167.69    170.22    240.46    2    167.72      1    906   0.0050     0.500     yes
 907    167.74    170.22    240.50    2    167.79      1    907   0.0050     0.500     yes
 908    167.69    170.23    240.54    2    167.72      1    908   0.0050     0.500     yes
 909    167.74    170.24    240.61    2    167.79      1    909   0.0050     0.500     yes
 910    167.68    170.23    240.65    2    167.71      1    910   0.0050     0.500     yes
 911    167.74    170.25    240.73    2    167.79      1    911   0.0050     0.500     yes
 912    167.68    170.23    240.76    2    167.71      1    912   0.0050     0.500     yes
 913    167.74    170.26    240.89    2    167.79      1    913   0.0050     0.500     yes
 914    167.68    170.25    240.91    2    167.71      1    914   0.0050     0.500     yes
 915    167.74    170.27    240.92    2    167.79      1    915   0.0050     0.500     yes
 916    167.68    170.26    241.04    2    167.72      1    916   0.0050     0.500     yes
 917    167.74    170.27    241.11    2    167.79      1    917   0.0050     0.500     yes
 918    167.68    170.28    241.10    2    167.72      1    918   0.0050     0.500     yes
 919    167.74    170.29    241.14    2    167.79      1    919   0.0050     0.500     yes
 920    167.68    170.28    241.17    2    167.72      1    920   0.0050     0.500     yes
 921    167.74    170.29    241.20    2    167.79      1    921   0.0050     0.500     yes
 922    167.69    170.30    241.28    2    167.72      1    922   0.0050     0.500     yes
 923    167.73    170.31    241.33    2    167.80      1    923   0.0050     0.500     yes
 924    167.69    170.31    241.35    2    167.73      1    924   0.0050     0.500     yes
 925    167.74    170.32    241.42    2    167.82      1    925   0.0050     0.500     yes
 926    167.70    170.32    241.48    2    167.75      1    926   0.0050     0.500     yes
 927    167.74    170.32    241.52    2    167.82      1    927   0.0050     0.500     yes
 928    167.70    170.31    241.45    2    167.75      1    928   0.0050     0.500     yes
 929    167.75    170.32    241.51    2    167.82      1    929   0.0050     0.500     yes
 930    167.70    170.32    241.57    2    167.74      1    930   0.0050     0.500     yes
 931    167.75    170.33    241.61    2    167.83      1    931   0.0050     0.500     yes
 932    167.70    170.32    241.60    2    167.75      1    932   0.0050     0.500     yes
 933    167.75    170.32    241.68    2    167.85      1    933   0.0050     0.500     yes
 934    167.71    170.33    241.65    2    167.76      1    934   0.0050     0.500     yes
 935    167.76    170.34    241.67    2    167.85      1    935   0.0050     0.500     yes
 936    167.71    170.34    241.72    2    167.77      1    936   0.0050     0.500     yes
 937    167.76    170.35    241.77    2    167.83      1    937   0.0050     0.500     yes
 938    167.71    170.35    241.81    2    167.76      1    938   0.0050     0.500     yes
 939    167.76    170.35    241.83    2    167.83      1    939   0.0050     0.500     yes
 940    167.71    170.36    241.90    2    167.77      1    940   0.0050     0.500     yes
 941    167.76    170.35    241.92    2    167.83      1    941   0.0050     0.500     yes
 942    167.71    170.35    241.98    2    167.77      1    942   0.0050     0.500     yes
 943    167.76    170.35    242.01    2    167.84      1    943   0.0050     0.500     yes
 944    167.71    170.35    242.04    2    167.76      1    944   0.0050     0.500     yes
 945    167.76    170.35    242.07    2    167.83      1    945   0.0050     0.500     yes
 946    167.71    170.36    242.13    2    167.78      1    946   0.0050     0.500     yes
 947    167.76    170.36    242.18    2    167.83      1    947   0.0050     0.500     yes
 948    167.71    170.37    242.22    2    167.78      1    948   0.0050     0.500     yes
 949    167.76    170.37    242.23    2    167.83      1    949   0.0050     0.500     yes
 950    167.71    170.37    242.21    2    167.78      1    950   0.0050     0.500     yes
 951    167.76    170.37    242.30    2    167.83      1    951   0.0050     0.500     yes
 952    167.71    170.38    242.35    2    167.78      1    952   0.0050     0.500     yes
 953    167.77    170.38    242.37    2    167.83      1    953   0.0050     0.500     yes
 954    167.72    170.39    242.33    2    167.77      1    954   0.0050     0.500     yes
 955    167.77    170.39    242.35    2    167.83      1    955   0.0050     0.500     yes
 956    167.72    170.39    242.34    2    167.76      1    956   0.0050     0.500     yes
 957    167.77    170.40    242.41    2    167.82      1    957   0.0050     0.500     yes
 958    167.72    170.41    242.41    2    167.76      1    958   0.0050     0.500     yes
 959    167.77    170.42    242.44    2    167.82      1    959   0.0050     0.500     yes
 960    167.72    170.42    242.37    2    167.76      1    960   0.0050     0.500     yes
 961    167.77    170.42    242.38    2    167.81      1    961   0.0050     0.500     yes
 962    167.71    170.40    242.34    2    167.74      1    962   0.0050     0.500     yes
 963    167.76    170.42    242.35    2    167.81      1    963   0.0050     0.500     yes
 964    167.71    170.41    242.32    2    167.75      1    964   0.0050     0.500     yes
 965    167.76    170.42    242.38    2    167.82      1    965   0.0050     0.500     yes
 966    167.71    170.42    242.43    2    167.76      1    966   0.0050     0.500     yes
 967    167.76    170.43    242.47    2    167.82      1    967   0.0050     0.500     yes
 968    167.71    170.43    242.43    2    167.76      1    968   0.0050     0.500     yes
 969    167.76    170.43    242.45    2    167.83      1    969   0.0050     0.500     yes
 970    167.72    170.43    242.41    2    167.76      1    970   0.0050     0.500     yes
 971    167.77    170.44    242.42    2    167.83      1    971   0.0050     0.500     yes
 972    167.72    170.44    242.41    2    167.77      1    972   0.0050     0.500     yes
 973    167.77    170.45    242.49    2    167.83      1    973   0.0050     0.500     yes
 974    167.72    170.45    242.51    2    167.76      1    974   0.0050     0.500     yes
 975    167.77    170.45    242.49    2    167.82      1    975   0.0050     0.500     yes
 976    167.72    170.45    242.41    2    167.76      1    976   0.0050     0.500     yes
 977    167.77    170.47    242.46    2    167.82      1    977   0.0050     0.500     yes
 978    167.72    170.46    242.46    2    167.76      1    978   0.0050     0.500     yes
 979    167.77    170.48    242.47    2    167.82      1    979   0.0050     0.500     yes
 980    167.72    170.47    242.37    2    167.76      1    980   0.0050     0.500     yes
 981    167.77    170.49    242.46    2    167.81      1    981   0.0050     0.500     yes
 982    167.73    170.49    242.43    2    167.76      1    982   0.0050     0.500     yes
 983    167.76    170.51    242.43    2    167.80      1    983   0.0050     0.500     yes
 984    167.72    170.51    242.44    2    167.75      1    984   0.0050     0.500     yes
 985    167.76    170.53    242.47    2    167.80      1    985   0.0050     0.500     yes
 986    167.71    170.52    242.42    2    167.74      1    986   0.0050     0.500     yes
 987    167.76    170.57    242.52    2    167.79      1    987   0.0050     0.500     yes
 988    167.71    170.56    242.45    2    167.74      1    988   0.0050     0.500     yes
 989    167.76    170.61    242.51    2    167.79      1    989   0.0050     0.500     yes
 990    167.71    170.60    242.47    2    167.73      1    990   0.0050     0.500     yes
 991    167.76    170.65    242.51    2    167.78      1    991   0.0050     0.500     yes
 992    167.71    170.62    242.42    2    167.73      1    992   0.0050     0.500     yes
 993    167.74    170.66    242.39    2    167.76      1    993   0.0050     0.500     yes
 994    167.69    170.66    242.41    2    167.72      1    994   0.0050     0.500     yes
 995    167.74    170.70    242.35    2    167.77      1    995   0.0050     0.500     yes
 996    167.70    170.67    242.39    2    167.72      1    996   0.0050     0.500     yes
 997    167.73    170.71    242.31    2    167.76      1    997   0.0050     0.500     yes
 998    167.69    170.70    242.45    2    167.72      1    998   0.0050     0.500     yes
 999    167.74    170.72    242.34    2    167.77      1    999   0.0050     0.500     yes
1000    167.69    170.71    242.44    2    167.72      1   1000   0.0050     0.500     yes
1001    167.74    170.75    242.32    2    167.77      1   1001   0.0050     0.500     yes
1002    167.70    170.73    242.42    2    167.73      1   1002   0.0050     0.500     yes
1003    167.74    170.75    242.36    2    167.77      1   1003   0.0050     0.500     yes
1004    167.70    170.74    242.41    2    167.73      1   1004   0.0050     0.500     yes
1005    167.74    170.77    242.42    2    167.78      1   1005   0.0050     0.500     yes
1006    167.70    170.76    242.40    2    167.73      1   1006   0.0050     0.500     yes
1007    167.74    170.78    242.33    2    167.77      1   1007   0.0050     0.500     yes
1008    167.70    170.77    242.40    2    167.73      1   1008   0.0050     0.500     yes
1009    167.74    170.79    242.42    2    167.77      1   1009   0.0050     0.500     yes
1010    167.70    170.79    242.41    2    167.74      1   1010   0.0050     0.500     yes
1011    167.75    170.81    242.44    2    167.78      1   1011   0.0050     0.500     yes
1012    167.70    170.80    242.39    2    167.73      1   1012   0.0050     0.500     yes
1013    167.75    170.84    242.36    2    167.78      1   1013   0.0050     0.500     yes
1014    167.70    170.82    242.40    2    167.73      1   1014   0.0050     0.500     yes
1015    167.75    170.87    242.42    2    167.78      1   1015   0.0050     0.500     yes
1016    167.70    170.85    242.46    2    167.73      1   1016   0.0050     0.500     yes
1017    167.75    170.91    242.45    2    167.78      1   1017   0.0050     0.500     yes
1018    167.71    170.87    242.49    2    167.74      1   1018   0.0050     0.500     yes
1019    167.75    170.92    242.45    2    167.78      1   1019   0.0050     0.500     yes
1020    167.71    170.90    242.45    2    167.73      1   1020   0.0050     0.500     yes
1021    167.75    170.94    242.47    2    167.78      1   1021   0.0050     0.500     yes
1022    167.71    170.92    242.52    2    167.73      1   1022   0.0050     0.500     yes
1023    167.75    170.97    242.49    2    167.78      1   1023   0.0050     0.500     yes
1024    167.70    170.94    242.49    2    167.72      1   1024   0.0050     0.500     yes
1025    167.74    171.00    242.52    2    167.77      1   1025   0.0050     0.500     yes
1026    167.71    170.99    242.55    2    167.73      1   1026   0.0050     0.500     yes
1027    167.74    171.02    242.53    2    167.77      1   1027   0.0050     0.500     yes
1028    167.70    170.99    242.59    2    167.72      1   1028   0.0050     0.500     yes
1029    167.74    171.05    242.58    2    167.77      1   1029   0.0050     0.500     yes
1030    167.70    171.02    242.64    2    167.72      1   1030   0.0050     0.500     yes
1031    167.74    171.07    242.66    2    167.78      1   1031   0.0050     0.500     yes
1032    167.70    171.05    242.65    2    167.72      1   1032   0.0050     0.500     yes
1033    167.74    171.11    242.59    2    167.78      1   1033   0.0050     0.500     yes
1034    167.70    171.08    242.68    2    167.73      1   1034   0.0050     0.500     yes
1035    167.75    171.13    242.58    2    167.79      1   1035   0.0050     0.500     yes
1036    167.71    171.10    242.72    2    167.73      1   1036   0.0050     0.500     yes
1037    167.74    171.14    242.65    2    167.78      1   1037   0.0050     0.500     yes
1038    167.71    171.12    242.69    2    167.72      1   1038   0.0050     0.500     yes
1039    167.75    171.18    242.75    2    167.78      1   1039   0.0050     0.500     yes
1040    167.71    171.15    242.83    2    167.72      1   1040   0.0050     0.500     yes
1041    167.74    171.20    242.77    2    167.77      1   1041   0.0050     0.500     yes
1042    167.71    171.19    242.85    2    167.73      1   1042   0.0050     0.500     yes
1043    167.74    171.26    242.92    2    167.77      1   1043   0.0050     0.500     yes
1044    167.70    171.22    242.95    2    167.71      1   1044   0.0050     0.500     yes
1045    167.74    171.30    242.86    2    167.77      1   1045   0.0050     0.500     yes
1046    167.71    171.27    242.87    2    167.72      1   1046   0.0050     0.500     yes
1047    167.73    171.33    242.88    2    167.76      1   1047   0.0050     0.500     yes
1048    167.70    171.30    242.95    2    167.72      1   1048   0.0050     0.500     yes
1049    167.73    171.34    243.00    2    167.76      1   1049   0.0050     0.500     yes
1050    167.71    171.32    242.91    2    167.72      1   1050   0.0050     0.500     yes
1051    167.73    171.37    242.93    2    167.75      1   1051   0.0050     0.500     yes
1052    167.71    171.36    243.01    2    167.73      1   1052   0.0050     0.500     yes
1053    167.73    171.40    243.09    2    167.76      1   1053   0.0050     0.500     yes
1054    167.72    171.38    243.02    2    167.73      1   1054   0.0050     0.500     yes
1055    167.73    171.42    243.06    2    167.75      1   1055   0.0050     0.500     yes
1056    167.71    171.39    243.10    2    167.72      1   1056   0.0050     0.500     yes
1057    167.73    171.44    243.06    2    167.75      1   1057   0.0050     0.500     yes
1058    167.70    171.41    243.18    2    167.72      1   1058   0.0050     0.500     yes
1059    167.72    171.47    243.19    2    167.75      1   1059   0.0050     0.500     yes
1060    167.69    171.44    243.26    2    167.71      1   1060   0.0050     0.500     yes
1061    167.72    171.50    243.18    2    167.74      1   1061   0.0050     0.500     yes
1062    167.69    171.47    243.37    2    167.71      1   1062   0.0050     0.500     yes
1063    167.72    171.53    243.19    2    167.74      1   1063   0.0050     0.500     yes
1064    167.69    171.48    243.42    2    167.71      1   1064   0.0050     0.500     yes
1065    167.72    171.54    243.27    2    167.75      1   1065   0.0050     0.500     yes
1066    167.70    171.50    243.49    2    167.72      1   1066   0.0050     0.500     yes
1067    167.73    171.55    243.52    2    167.75      1   1067   0.0050     0.500     yes
1068    167.71    171.54    243.52    2    167.72      1   1068   0.0050     0.500     yes
1069    167.72    171.57    243.53    2    167.74      1   1069   0.0050     0.500     yes
1070    167.71    171.55    243.53    2    167.73      1   1070   0.0050     0.500     yes
1071    167.72    171.59    243.61    2    167.75      1   1071   0.0050     0.500     yes
1072    167.71    171.56    243.59    2    167.72      1   1072   0.0050     0.500     yes
1073    167.73    171.61    243.73    2    167.75      1   1073   0.0050     0.500     yes
1074    167.71    171.59    243.74    2    167.72      1   1074   0.0050     0.500     yes
1075    167.72    171.64    243.74    2    167.74      1   1075   0.0050     0.500     yes
1076    167.70    171.60    243.88    2    167.72      1   1076   0.0050     0.500     yes
1077    167.73    171.66    243.83    2    167.75      1   1077   0.0050     0.500     yes
1078    167.70    171.60    243.84    2    167.72      1   1078   0.0050     0.500     yes
1079    167.73    171.66    243.87    2    167.75      1   1079   0.0050     0.500     yes
1080    167.70    171.60    243.95    2    167.72      1   1080   0.0050     0.500     yes
1081    167.73    171.67    243.96    2    167.75      1   1081   0.0050     0.500     yes
1082    167.70    171.61    244.03    2    167.72      1   1082   0.0050     0.500     yes
1083    167.72    171.68    243.96    2    167.75      1   1083   0.0050     0.500     yes
1084    167.70    171.63    244.08    2    167.72      1   1084   0.0050     0.500     yes
1085    167.73    171.69    244.07    2    167.75      1   1085   0.0050     0.500     yes
1086    167.70    171.64    244.12    2    167.72      1   1086   0.0050     0.500     yes
1087    167.73    171.69    244.09    2    167.76      1   1087   0.0050     0.500     yes
1088    167.71    171.64    244.11    2    167.73      1   1088   0.0050     0.500     yes
1089    167.73    171.70    244.11    2    167.76      1   1089   0.0050     0.500     yes
1090    167.71    171.66    244.23    2    167.73      1   1090   0.0050     0.500     yes
1091    167.73    171.70    244.24    2    167.75      1   1091   0.0050     0.500     yes
1092    167.71    171.66    244.29    2    167.73      1   1092   0.0050     0.500     yes
1093    167.72    171.71    244.28    2    167.75      1   1093   0.0050     0.500     yes
1094    167.70    171.67    244.30    2    167.72      1   1094   0.0050     0.500     yes
1095    167.72    171.72    244.32    2    167.74      1   1095   0.0050     0.500     yes
1096    167.71    171.69    244.34    2    167.72      1   1096   0.0050     0.500     yes
1097    167.72    171.74    244.39    2    167.75      1   1097   0.0050     0.500     yes
1098    167.71    171.71    244.44    2    167.73      1   1098   0.0050     0.500     yes
1099    167.72    171.75    244.43    2    167.74      1   1099   0.0050     0.500     yes
1100    167.71    171.73    244.48    2    167.73      1   1100   0.0050     0.500     yes
1101    167.72    171.76    244.43    2    167.74      1   1101   0.0050     0.500     yes
1102    167.71    171.72    244.51    2    167.72      1   1102   0.0050     0.500     yes
1103    167.72    171.77    244.43    2    167.75      1   1103   0.0050     0.500     yes
1104    167.71    171.74    244.52    2    167.73      1   1104   0.0050     0.500     yes
1105    167.73    171.79    244.45    2    167.75      1   1105   0.0050     0.500     yes
1106    167.71    171.75    244.56    2    167.73      1   1106   0.0050     0.500     yes
1107    167.73    171.79    244.51    2    167.75      1   1107   0.0050     0.500     yes
1108    167.71    171.76    244.58    2    167.73      1   1108   0.0050     0.500     yes
1109    167.72    171.79    244.49    2    167.74      1   1109   0.0050     0.500     yes
1110    167.70    171.75    244.62    2    167.71      1   1110   0.0050     0.500     yes
1111    167.72    171.79    244.38    2    167.75      1   1111   0.0050     0.500     yes
1112    167.70    171.77    244.64    2    167.71      1   1112   0.0050     0.500     yes
1113    167.72    171.81    244.39    2    167.74      1   1113   0.0050     0.500     yes
1114    167.70    171.79    244.60    2    167.71      1   1114   0.0050     0.500     yes
1115    167.72    171.82    244.43    2    167.75      1   1115   0.0050     0.500     yes
1116    167.70    171.80    244.62    2    167.72      1   1116   0.0050     0.500     yes
1117    167.73    171.84    244.42    2    167.75      1   1117   0.0050     0.500     yes
1118    167.69    171.80    244.66    2    167.71      1   1118   0.0050     0.500     yes
1119    167.72    171.83    244.45    2    167.75      1   1119   0.0050     0.500     yes
1120    167.70    171.80    244.73    2    167.72      1   1120   0.0050     0.500     yes
1121    167.72    171.83    244.61    2    167.75      1   1121   0.0050     0.500     yes
1122    167.70    171.81    244.83    2    167.73      1   1122   0.0050     0.500     yes
1123    167.72    171.83    244.69    2    167.76      1   1123   0.0050     0.500     yes
1124    167.71    171.83    244.82    2    167.74      1   1124   0.0050     0.500     yes
1125    167.73    171.84    244.63    2    167.76      1   1125   0.0050     0.500     yes
1126    167.71    171.84    244.80    2    167.74      1   1126   0.0050     0.500     yes
1127    167.73    171.86    244.65    2    167.77      1   1127   0.0050     0.500     yes
1128    167.72    171.85    244.81    2    167.74      1   1128   0.0050     0.500     yes
1129    167.74    171.87    244.65    2    167.77      1   1129   0.0050     0.500     yes
1130    167.72    171.86    244.82    2    167.74      1   1130   0.0050     0.500     yes
1131    167.74    171.88    244.65    2    167.77      1   1131   0.0050     0.500     yes
1132    167.72    171.86    244.89    2    167.74      1   1132   0.0050     0.500     yes
1133    167.74    171.88    244.73    2    167.77      1   1133   0.0050     0.500     yes
1134    167.72    171.88    244.93    2    167.74      1   1134   0.0050     0.500     yes
1135    167.73    171.89    244.79    2    167.77      1   1135   0.0050     0.500     yes
1136    167.73    171.90    244.98    2    167.75      1   1136   0.0050     0.500     yes
1137    167.74    171.91    244.89    2    167.78      1   1137   0.0050     0.500     yes
1138    167.73    171.91    245.05    2    167.75      1   1138   0.0050     0.500     yes
1139    167.74    171.91    244.90    2    167.77      1   1139   0.0050     0.500     yes
1140    167.73    171.91    245.09    2    167.76      1   1140   0.0050     0.500     yes
1141    167.74    171.91    245.00    2    167.78      1   1141   0.0050     0.500     yes
1142    167.73    171.92    245.20    2    167.76      1   1142   0.0050     0.500     yes
1143    167.74    171.93    245.03    2    167.78      1   1143   0.0050     0.500     yes
1144    167.73    171.92    245.22    2    167.76      1   1144   0.0050     0.500     yes
1145    167.74    171.93    245.09    2    167.78      1   1145   0.0050     0.500     yes
1146    167.73    171.93    245.31    2    167.76      1   1146   0.0050     0.500     yes
1147    167.75    171.94    245.12    2    167.79      1   1147   0.0050     0.500     yes
1148    167.73    171.93    245.33    2    167.76      1   1148   0.0050     0.500     yes
1149    167.75    171.94    245.17    2    167.80      1   1149   0.0050     0.500     yes
1150    167.73    171.93    245.35    2    167.76      1   1150   0.0050     0.500     yes
1151    167.75    171.94    245.20    2    167.79      1   1151   0.0050     0.500     yes
1152    167.73    171.93    245.35    2    167.76      1   1152   0.0050     0.500     yes
1153    167.75    171.94    245.21    2    167.79      1   1153   0.0050     0.500     yes
1154    167.74    171.93    245.40    2    167.77      1   1154   0.0050     0.500     yes
1155    167.75    171.94    245.24    2    167.79      1   1155   0.0050     0.500     yes
1156    167.74    171.94    245.52    2    167.78      1   1156   0.0050     0.500     yes
1157    167.75    171.94    245.34    2    167.79      1   1157   0.0050     0.500     yes
1158    167.74    171.94    245.55    2    167.77      1   1158   0.0050     0.500     yes
1159    167.75    171.95    245.36    2    167.79      1   1159   0.0050     0.500     yes
1160    167.74    171.94    245.62    2    167.77      1   1160   0.0050     0.500     yes
1161    167.75    171.95    245.52    2    167.78      1   1161   0.0050     0.500     yes
1162    167.74    171.95    245.68    2    167.77      1   1162   0.0050     0.500     yes
1163    167.75    171.96    245.59    2    167.78      1   1163   0.0050     0.500     yes
1164    167.74    171.96    245.75    2    167.77      1   1164   0.0050     0.500     yes
1165    167.76    171.97    245.58    2    167.78      1   1165   0.0050     0.500     yes
1166    167.74    171.96    245.71    2    167.77      1   1166   0.0050     0.500     yes
1167    167.76    171.98    245.61    2    167.79      1   1167   0.0050     0.500     yes
1168    167.74    171.97    245.75    2    167.77      1   1168   0.0050     0.500     yes
1169    167.76    171.99    245.59    2    167.79      1   1169   0.0050     0.500     yes
1170    167.74    171.98    245.82    2    167.76      1   1170   0.0050     0.500     yes
1171    167.76    172.00    245.68    2    167.79      1   1171   0.0050     0.500     yes
1172    167.74    172.00    245.84    2    167.77      1   1172   0.0050     0.500     yes
1173    167.76    172.00    245.73    2    167.79      1   1173   0.0050     0.500     yes
1174    167.74    171.99    245.84    2    167.77      1   1174   0.0050     0.500     yes
1175    167.76    172.01    245.79    2    167.79      1   1175   0.0050     0.500     yes
1176    167.74    171.99    245.91    2    167.77      1   1176   0.0050     0.500     yes
1177    167.76    172.01    245.79    2    167.79      1   1177   0.0050     0.500     yes
1178    167.74    172.01    246.02    2    167.77      1   1178   0.0050     0.500     yes
1179    167.76    172.03    245.89    2    167.79      1   1179   0.0050     0.500     yes
1180    167.74    172.02    246.03    2    167.77      1   1180   0.0050     0.500     yes
1181    167.76    172.03    245.87    2    167.79      1   1181   0.0050     0.500     yes
1182    167.74    172.03    246.21    2    167.76      1   1182   0.0050     0.500     yes
1183    167.77    172.04    246.02    2    167.79      1   1183   0.0050     0.500     yes
1184    167.74    172.03    246.25    2    167.77      1   1184   0.0050     0.500     yes
1185    167.77    172.06    246.07    2    167.80      1   1185   0.0050     0.500     yes
1186    167.74    172.05    246.37    2    167.77      1   1186   0.0050     0.500     yes
1187    167.77    172.07    246.21    2    167.80      1   1187   0.0050     0.500     yes
1188    167.74    172.06    246.35    2    167.77      1   1188   0.0050     0.500     yes
1189    167.77    172.07    246.36    2    167.79      1   1189   0.0050     0.500     yes
1190    167.75    172.06    246.41    2    167.77      1   1190   0.0050     0.500     yes
1191    167.77    172.10    246.40    2    167.79      1   1191   0.0050     0.500     yes
1192    167.75    172.07    246.50    2    167.77      1   1192   0.0050     0.500     yes
1193    167.77    172.11    246.45    2    167.80      1   1193   0.0050     0.500     yes
1194    167.74    172.07    246.63    2    167.76      1   1194   0.0050     0.500     yes
1195    167.77    172.11    246.51    2    167.80      1   1195   0.0050     0.500     yes
1196    167.74    172.09    246.63    2    167.77      1   1196   0.0050     0.500     yes
1197    167.77    172.11    246.51    2    167.79      1   1197   0.0050     0.500     yes
1198    167.75    172.10    246.64    2    167.77      1   1198   0.0050     0.500     yes
1199    167.78    172.16    246.73    2    167.80      1   1199   0.0050     0.500     yes
1200    167.75    172.13    246.75    2    167.77      1   1200   0.0050     0.500     yes
1201    167.78    172.17    246.73    2    167.80      1   1201   0.0050     0.500     yes
1202    167.75    172.14    246.79    2    167.77      1   1202   0.0050     0.500     yes
1203    167.78    172.18    246.75    2    167.80      1   1203   0.0050     0.500     yes
1204    167.75    172.15    246.78    2    167.77      1   1204   0.0050     0.500     yes
1205    167.78    172.19    246.76    2    167.80      1   1205   0.0050     0.500     yes
1206    167.75    172.16    246.87    2    167.77      1   1206   0.0050     0.500     yes
1207    167.78    172.19    246.74    2    167.80      1   1207   0.0050     0.500     yes
1208    167.75    172.16    246.95    2    167.77      1   1208   0.0050     0.500     yes
1209    167.78    172.20    246.79    2    167.81      1   1209   0.0050     0.500     yes
1210    167.75    172.17    246.94    2    167.77      1   1210   0.0050     0.500     yes
1211    167.78    172.20    246.85    2    167.81      1   1211   0.0050     0.500     yes
1212    167.75    172.18    246.99    2    167.77      1   1212   0.0050     0.500     yes
1213    167.78    172.21    246.84    2    167.80      1   1213   0.0050     0.500     yes
1214    167.75    172.18    247.02    2    167.77      1   1214   0.0050     0.500     yes
1215    167.78    172.21    246.92    2    167.81      1   1215   0.0050     0.500     yes
1216    167.76    172.19    247.14    2    167.78      1   1216   0.0050     0.500     yes
1217    167.78    172.21    247.08    2    167.80      1   1217   0.0050     0.500     yes
1218    167.76    172.19    247.09    2    167.78      1   1218   0.0050     0.500     yes
1219    167.78    172.20    246.98    2    167.80      1   1219   0.0050     0.500     yes
1220    167.76    172.17    247.21    2    167.77      1   1220   0.0050     0.500     yes
1221    167.77    172.18    246.99    2    167.80      1   1221   0.0050     0.500     yes
1222    167.76    172.17    247.13    2    167.78      1   1222   0.0050     0.500     yes
1223    167.77    172.19    246.94    2    167.79      1   1223   0.0050     0.500     yes
1224    167.76    172.17    247.21    2    167.77      1   1224   0.0050     0.500     yes
1225    167.77    172.17    246.98    2    167.79      1   1225   0.0050     0.500     yes
1226    167.76    172.16    247.26    2    167.78      1   1226   0.0050     0.500     yes
1227    167.77    172.19    247.11    2    167.79      1   1227   0.0050     0.500     yes
1228    167.77    172.20    247.32    2    167.79      1   1228   0.0050     0.500     yes
1229    167.77    172.18    247.06    2    167.80      1   1229   0.0050     0.500     yes
1230    167.77    172.20    247.29    2    167.79      1   1230   0.0050     0.500     yes
1231    167.77    172.20    247.09    2    167.80      1   1231   0.0050     0.500     yes
1232    167.77    172.23    247.34    2    167.78      1   1232   0.0050     0.500     yes
1233    167.78    172.21    247.13    2    167.80      1   1233   0.0050     0.500     yes
1234    167.77    172.23    247.38    2    167.79      1   1234   0.0050     0.500     yes
1235    167.78    172.23    247.11    2    167.80      1   1235   0.0050     0.500     yes
1236    167.78    172.25    247.41    2    167.80      1   1236   0.0050     0.500     yes
1237    167.78    172.25    247.17    2    167.81      1   1237   0.0050     0.500     yes
1238    167.78    172.26    247.46    2    167.80      1   1238   0.0050     0.500     yes
1239    167.78    172.26    247.20    2    167.81      1   1239   0.0050     0.500     yes
1240    167.78    172.27    247.47    2    167.80      1   1240   0.0050     0.500     yes
1241    167.79    172.26    247.28    2    167.81      1   1241   0.0050     0.500     yes
1242    167.78    172.27    247.56    2    167.80      1   1242   0.0050     0.500     yes
1243    167.79    172.26    247.32    2    167.81      1   1243   0.0050     0.500     yes
1244    167.78    172.28    247.59    2    167.80      1   1244   0.0050     0.500     yes
1245    167.79    172.28    247.35    2    167.82      1   1245   0.0050     0.500     yes
1246    167.77    172.27    247.58    2    167.79      1   1246   0.0050     0.500     yes
1247    167.80    172.29    247.42    2    167.83      1   1247   0.0050     0.500     yes
1248    167.77    172.27    247.53    2    167.80      1   1248   0.0050     0.500     yes
1249    167.80    172.30    247.36    2    167.83      1   1249   0.0050     0.500     yes
1250    167.77    172.28    247.58    2    167.80      1   1250   0.0050     0.500     yes
1251    167.80    172.30    247.37    2    167.84      1   1251   0.0050     0.500     yes
1252    167.78    172.28    247.58    2    167.80      1   1252   0.0050     0.500     yes
1253    167.80    172.31    247.40    2    167.84      1   1253   0.0050     0.500     yes
1254    167.78    172.30    247.61    2    167.81      1   1254   0.0050     0.500     yes
1255    167.81    172.32    247.40    2    167.85      1   1255   0.0050     0.500     yes
1256    167.78    172.30    247.64    2    167.81      1   1256   0.0050     0.500     yes
1257    167.81    172.32    247.43    2    167.85      1   1257   0.0050     0.500     yes
1258    167.78    172.30    247.65    2    167.81      1   1258   0.0050     0.500     yes
1259    167.81    172.32    247.49    2    167.85      1   1259   0.0050     0.500     yes
1260    167.78    172.31    247.70    2    167.81      1   1260   0.0050     0.500     yes
1261    167.81    172.33    247.52    2    167.85      1   1261   0.0050     0.500     yes
1262    167.79    172.33    247.70    2    167.82      1   1262   0.0050     0.500     yes
1263    167.81    172.33    247.51    2    167.85      1   1263   0.0050     0.500     yes
1264    167.79    172.33    247.70    2    167.82      1   1264   0.0050     0.500     yes
1265    167.81    172.34    247.55    2    167.86      1   1265   0.0050     0.500     yes
1266    167.79    172.33    247.75    2    167.82      1   1266   0.0050     0.500     yes
1267    167.81    172.34    247.59    2    167.86      1   1267   0.0050     0.500     yes
1268    167.79    172.33    247.78    2    167.82      1   1268   0.0050     0.500     yes
1269    167.81    172.34    247.64    2    167.86      1   1269   0.0050     0.500     yes
1270    167.79    172.33    247.73    2    167.83      1   1270   0.0050     0.500     yes
1271    167.81    172.34    247.67    2    167.86      1   1271   0.0050     0.500     yes
1272    167.79    172.34    247.81    2    167.83      1   1272   0.0050     0.500     yes
1273    167.81    172.34    247.66    2    167.86      1   1273   0.0050     0.500     yes
1274    167.80    172.34    247.77    2    167.83      1   1274   0.0050     0.500     yes
1275    167.81    172.35    247.67    2    167.86      1   1275   0.0050     0.500     yes
1276    167.80    172.35    247.80    2    167.83      1   1276   0.0050     0.500     yes
1277    167.81    172.35    247.62    2    167.86      1   1277   0.0050     0.500     yes
1278    167.80    172.35    247.81    2    167.83      1   1278   0.0050     0.500     yes
1279    167.81    172.35    247.71    2    167.86      1   1279   0.0050     0.500     yes
1280    167.80    172.35    247.89    2    167.83      1   1280   0.0050     0.500     yes
1281    167.81    172.35    247.79    2    167.86      1   1281   0.0050     0.500     yes
1282    167.79    172.35    247.98    2    167.83      1   1282   0.0050     0.500     yes
1283    167.82    172.37    247.85    2    167.86      1   1283   0.0050     0.500     yes
1284    167.79    172.35    247.98    2    167.82      1   1284   0.0050     0.500     yes
1285    167.82    172.37    247.90    2    167.87      1   1285   0.0050     0.500     yes
1286    167.79    172.35    247.99    2    167.82      1   1286   0.0050     0.500     yes
1287    167.82    172.37    247.95    2    167.86      1   1287   0.0050     0.500     yes
1288    167.79    172.35    248.13    2    167.82      1   1288   0.0050     0.500     yes
1289    167.81    172.36    248.01    2    167.85      1   1289   0.0050     0.500     yes
1290    167.79    172.34    248.14    2    167.82      1   1290   0.0050     0.500     yes
1291    167.81    172.36    248.04    2    167.85      1   1291   0.0050     0.500     yes
1292    167.79    172.35    248.15    2    167.82      1   1292   0.0050     0.500     yes
1293    167.81    172.36    248.10    2    167.86      1   1293   0.0050     0.500     yes
1294    167.79    172.36    248.14    2    167.82      1   1294   0.0050     0.500     yes
1295    167.81    172.36    248.03    2    167.85      1   1295   0.0050     0.500     yes
1296    167.79    172.36    248.15    2    167.82      1   1296   0.0050     0.500     yes
1297    167.81    172.37    248.08    2    167.86      1   1297   0.0050     0.500     yes
1298    167.79    172.36    248.21    2    167.82      1   1298   0.0050     0.500     yes
1299    167.82    172.38    248.14    2    167.86      1   1299   0.0050     0.500     yes
1300    167.80    172.37    248.30    2    167.82      1   1300   0.0050     0.500     yes
1301    167.82    172.39    248.20    2    167.86      1   1301   0.0050     0.500     yes
1302    167.80    172.37    248.36    2    167.83      1   1302   0.0050     0.500     yes
1303    167.82    172.40    248.24    2    167.86      1   1303   0.0050     0.500     yes
1304    167.80    172.39    248.38    2    167.83      1   1304   0.0050     0.500     yes
1305    167.82    172.41    248.24    2    167.86      1   1305   0.0050     0.500     yes
1306    167.80    172.39    248.48    2    167.83      1   1306   0.0050     0.500     yes
1307    167.82    172.41    248.30    2    167.86      1   1307   0.0050     0.500     yes
1308    167.80    172.40    248.38    2    167.83      1   1308   0.0050     0.500     yes
1309    167.83    172.42    248.33    2    167.87      1   1309   0.0050     0.500     yes
1310    167.81    172.41    248.38    2    167.83      1   1310   0.0050     0.500     yes
1311    167.82    172.42    248.25    2    167.86      1   1311   0.0050     0.500     yes
1312    167.81    172.41    248.38    2    167.84      1   1312   0.0050     0.500     yes
1313    167.82    172.41    248.28    2    167.86      1   1313   0.0050     0.500     yes
1314    167.80    172.41    248.40    2    167.83      1   1314   0.0050     0.500     yes
1315    167.83    172.42    248.30    2    167.86      1   1315   0.0050     0.500     yes
1316    167.81    172.41    248.46    2    167.83      1   1316   0.0050     0.500     yes
1317    167.83    172.44    248.34    2    167.86      1   1317   0.0050     0.500     yes
1318    167.81    172.43    248.53    2    167.83      1   1318   0.0050     0.500     yes
1319    167.83    172.44    248.29    2    167.86      1   1319   0.0050     0.500     yes
1320    167.81    172.43    248.47    2    167.83      1   1320   0.0050     0.500     yes
1321    167.83    172.46    248.25    2    167.86      1   1321   0.0050     0.500     yes
1322    167.81    172.45    248.39    2    167.83      1   1322   0.0050     0.500     yes
1323    167.83    172.48    248.28    2    167.86      1   1323   0.0050     0.500     yes
1324    167.81    172.46    248.46    2    167.83      1   1324   0.0050     0.500     yes
1325    167.83    172.48    248.33    2    167.86      1   1325   0.0050     0.500     yes
1326    167.82    172.45    248.52    2    167.83      1   1326   0.0050     0.500     yes
1327    167.83    172.48    248.39    2    167.86      1   1327   0.0050     0.500     yes
1328    167.81    172.47    248.55    2    167.83      1   1328   0.0050     0.500     yes
1329    167.82    172.49    248.33    2    167.85      1   1329   0.0050     0.500     yes
1330    167.82    172.47    248.61    2    167.83      1   1330   0.0050     0.500     yes
1331    167.82    172.50    248.37    2    167.84      1   1331   0.0050     0.500     yes
1332    167.82    172.48    248.61    2    167.84      1   1332   0.0050     0.500     yes
1333    167.83    172.53    248.46    2    167.85      1   1333   0.0050     0.500     yes
1334    167.82    172.50    248.57    2    167.84      1   1334   0.0050     0.500     yes
1335    167.82    172.53    248.52    2    167.84      1   1335   0.0050     0.500     yes
1336    167.82    172.49    248.68    2    167.83      1   1336   0.0050     0.500     yes
1337    167.82    172.52    248.51    2    167.84      1   1337   0.0050     0.500     yes
1338    167.81    172.47    248.70    2    167.82      1   1338   0.0050     0.500     yes
1339    167.82    172.49    248.47    2    167.84      1   1339   0.0050     0.500     yes
1340    167.81    172.49    248.69    2    167.83      1   1340   0.0050     0.500     yes
1341    167.82    172.49    248.62    2    167.84      1   1341   0.0050     0.500     yes
1342    167.81    172.48    248.82    2    167.83      1   1342   0.0050     0.500     yes
1343    167.82    172.50    248.64    2    167.84      1   1343   0.0050     0.500     yes
1344    167.81    172.47    248.74    2    167.83      1   1344   0.0050     0.500     yes
1345    167.82    172.50    248.57    2    167.85      1   1345   0.0050     0.500     yes
1346    167.81    172.48    248.72    2    167.83      1   1346   0.0050     0.500     yes
1347    167.82    172.51    248.53    2    167.85      1   1347   0.0050     0.500     yes
1348    167.81    172.49    248.76    2    167.83      1   1348   0.0050     0.500     yes
1349    167.82    172.49    248.51    2    167.84      1   1349   0.0050     0.500     yes
1350    167.81    172.48    248.73    2    167.83      1   1350   0.0050     0.500     yes
1351    167.82    172.49    248.52    2    167.84      1   1351   0.0050     0.500     yes
1352    167.81    172.48    248.68    2    167.84      1   1352   0.0050     0.500     yes
1353    167.82    172.49    248.54    2    167.84      1   1353   0.0050     0.500     yes
1354    167.81    172.48    248.66    2    167.84      1   1354   0.0050     0.500     yes
1355    167.82    172.50    248.53    2    167.84      1   1355   0.0050     0.500     yes
1356    167.81    172.48    248.68    2    167.83      1   1356   0.0050     0.500     yes
1357    167.82    172.49    248.57    2    167.84      1   1357   0.0050     0.500     yes
1358    167.81    172.46    248.75    2    167.83      1   1358   0.0050     0.500     yes
1359    167.83    172.48    248.61    2    167.85      1   1359   0.0050     0.500     yes
1360    167.81    172.45    248.77    2    167.83      1   1360   0.0050     0.500     yes
1361    167.82    172.46    248.63    2    167.84      1   1361   0.0050     0.500     yes
1362    167.82    172.45    248.88    2    167.84      1   1362   0.0050     0.500     yes
1363    167.81    172.44    248.76    2    167.83      1   1363   0.0050     0.500     yes
1364    167.82    172.43    248.96    2    167.83      1   1364   0.0050     0.500     yes
1365    167.81    172.43    248.86    2    167.82      1   1365   0.0050     0.500     yes
1366    167.82    172.42    249.12    2    167.83      1   1366   0.0050     0.500     yes
1367    167.81    172.42    249.05    2    167.83      1   1367   0.0050     0.500     yes
1368    167.81    172.40    249.24    2    167.82      1   1368   0.0050     0.500     yes
1369    167.81    172.38    249.17    2    167.83      1   1369   0.0050     0.500     yes
1370    167.81    172.37    249.36    2    167.82      1   1370   0.0050     0.500     yes
1371    167.81    172.37    249.27    2    167.82      1   1371   0.0050     0.500     yes
1372    167.80    172.35    249.49    2    167.81      1   1372   0.0050     0.500     yes
1373    167.81    172.37    249.32    2    167.82      1   1373   0.0050     0.500     yes
1374    167.80    172.34    249.54    2    167.81      1   1374   0.0050     0.500     yes
1375    167.81    172.35    249.42    2    167.83      1   1375   0.0050     0.500     yes
1376    167.80    172.31    249.68    2    167.81      1   1376   0.0050     0.500     yes
1377    167.81    172.32    249.51    2    167.82      1   1377   0.0050     0.500     yes
1378    167.80    172.29    249.74    2    167.81      1   1378   0.0050     0.500     yes
1379    167.80    172.28    249.63    2    167.82      1   1379   0.0050     0.500     yes
1380    167.80    172.27    249.77    2    167.82      1   1380   0.0050     0.500     yes
1381    167.81    172.26    249.62    2    167.82      1   1381   0.0050     0.500     yes
1382    167.80    172.25    249.76    2    167.81      1   1382   0.0050     0.500     yes
1383    167.80    172.24    249.70    2    167.82      1   1383   0.0050     0.500     yes
1384    167.80    172.24    249.86    2    167.82      1   1384   0.0050     0.500     yes
1385    167.80    172.22    249.65    2    167.82      1   1385   0.0050     0.500     yes
1386    167.80    172.19    249.86    2    167.81      1   1386   0.0050     0.500     yes
1387    167.81    172.20    249.69    2    167.82      1   1387   0.0050     0.500     yes
1388    167.80    172.16    249.93    2    167.81      1   1388   0.0050     0.500     yes
1389    167.80    172.15    249.80    2    167.81      1   1389   0.0050     0.500     yes
1390    167.80    172.11    249.95    2    167.81      1   1390   0.0050     0.500     yes
1391    167.80    172.10    249.91    2    167.81      1   1391   0.0050     0.500     yes
1392    167.80    172.07    250.10    2    167.81      1   1392   0.0050     0.500     yes
1393    167.80    172.06    250.01    2    167.82      1   1393   0.0050     0.500     yes
1394    167.80    172.03    250.13    2    167.81      1   1394   0.0050     0.500     yes
1395    167.80    172.03    250.08    2    167.81      1   1395   0.0050     0.500     yes
1396    167.79    171.99    250.19    2    167.80      1   1396   0.0050     0.500     yes
1397    167.79    171.99    250.20    2    167.80      1   1397   0.0050     0.500     yes
1398    167.79    171.96    250.37    2    167.80      1   1398   0.0050     0.500     yes
1399    167.80    171.95    250.27    2    167.81      1   1399   0.0050     0.500     yes
1400    167.79    171.91    250.52    2    167.81      1   1400   0.0050     0.500     yes
1401    167.79    171.91    250.39    2    167.80      1   1401   0.0050     0.500     yes
1402    167.78    171.87    250.74    2    167.80      1   1402   0.0050     0.500     yes
1403    167.79    171.87    250.57    2    167.81      1   1403   0.0050     0.500     yes
1404    167.78    171.82    250.89    2    167.80      1   1404   0.0050     0.500     yes
1405    167.79    171.82    250.72    2    167.80      1   1405   0.0050     0.500     yes
1406    167.79    171.79    250.97    2    167.80      1   1406   0.0050     0.500     yes
1407    167.78    171.75    250.85    2    167.80      1   1407   0.0050     0.500     yes
1408    167.79    171.73    251.06    2    167.80      1   1408   0.0050     0.500     yes
1409    167.78    171.69    250.97    2    167.80      1   1409   0.0050     0.500     yes
1410    167.78    171.68    251.15    2    167.80      1   1410   0.0050     0.500     yes
1411    167.78    171.64    251.00    2    167.80      1   1411   0.0050     0.500     yes
1412    167.78    171.63    251.21    2    167.80      1   1412   0.0050     0.500     yes
1413    167.78    171.60    251.11    2    167.80      1   1413   0.0050     0.500     yes
1414    167.79    171.59    251.29    2    167.80      1   1414   0.0050     0.500     yes
1415    167.78    171.56    251.24    2    167.79      1   1415   0.0050     0.500     yes
1416    167.78    171.54    251.32    2    167.80      1   1416   0.0050     0.500     yes
1417    167.78    171.50    251.20    2    167.80      1   1417   0.0050     0.500     yes
1418    167.79    171.50    251.37    2    167.81      1   1418   0.0050     0.500     yes
1419    167.78    171.44    251.27    2    167.81      1   1419   0.0050     0.500     yes
1420    167.79    171.45    251.42    2    167.81      1   1420   0.0050     0.500     yes
1421    167.78    171.39    251.31    2    167.80      1   1421   0.0050     0.500     yes
1422    167.79    171.40    251.51    2    167.81      1   1422   0.0050     0.500     yes
1423    167.78    171.36    251.39    2    167.80      1   1423   0.0050     0.500     yes
1424    167.79    171.36    251.52    2    167.81      1   1424   0.0050     0.500     yes
1425    167.78    171.31    251.48    2    167.81      1   1425   0.0050     0.500     yes
1426    167.79    171.31    251.60    2    167.81      1   1426   0.0050     0.500     yes
1427    167.78    171.28    251.54    2    167.80      1   1427   0.0050     0.500     yes
1428    167.79    171.29    251.69    2    167.81      1   1428   0.0050     0.500     yes
1429    167.78    171.24    251.57    2    167.80      1   1429   0.0050     0.500     yes
1430    167.79    171.25    251.64    2    167.81      1   1430   0.0050     0.500     yes
1431    167.78    171.21    251.62    2    167.81      1   1431   0.0050     0.500     yes
1432    167.79    171.23    251.73    2    167.81      1   1432   0.0050     0.500     yes
1433    167.78    171.19    251.67    2    167.81      1   1433   0.0050     0.500     yes
1434    167.79    171.21    251.80    2    167.81      1   1434   0.0050     0.500     yes
1435    167.79    171.17    251.56    2    167.83      1   1435   0.0050     0.500     yes
1436    167.80    171.18    251.76    2    167.82      1   1436   0.0050     0.500     yes
1437    167.78    171.13    251.66    2    167.82      1   1437   0.0050     0.500     yes
1438    167.80    171.16    251.81    2    167.82      1   1438   0.0050     0.500     yes
1439    167.78    171.11    251.77    2    167.82      1   1439   0.0050     0.500     yes
1440    167.80    171.13    251.91    2    167.82      1   1440   0.0050     0.500     yes
1441    167.78    171.07    251.83    2    167.82      1   1441   0.0050     0.500     yes
1442    167.80    171.11    251.90    2    167.83      1   1442   0.0050     0.500     yes
1443    167.78    171.05    251.76    2    167.82      1   1443   0.0050     0.500     yes
1444    167.80    171.09    251.95    2    167.83      1   1444   0.0050     0.500     yes
1445    167.79    171.05    251.88    2    167.82      1   1445   0.0050     0.500     yes
1446    167.80    171.07    251.97    2    167.82      1   1446   0.0050     0.500     yes
1447    167.79    171.04    251.90    2    167.82      1   1447   0.0050     0.500     yes
1448    167.80    171.08    251.98    2    167.83      1   1448   0.0050     0.500     yes
1449    167.78    171.04    251.93    2    167.82      1   1449   0.0050     0.500     yes
1450    167.80    171.08    252.04    2    167.83      1   1450   0.0050     0.500     yes
1451    167.78    171.02    251.84    2    167.82      1   1451   0.0050     0.500     yes
1452    167.81    171.09    252.05    2    167.84      1   1452   0.0050     0.500     yes
1453    167.79    171.04    251.90    2    167.83      1   1453   0.0050     0.500     yes
1454    167.81    171.10    252.07    2    167.84      1   1454   0.0050     0.500     yes
1455    167.79    171.05    251.92    2    167.83      1   1455   0.0050     0.500     yes
1456    167.83    171.14    252.08    2    167.85      1   1456   0.0050     0.500     yes
1457    167.81    171.10    251.97    2    167.84      1   1457   0.0050     0.500     yes
1458    167.83    171.16    252.12    2    167.85      1   1458   0.0050     0.500     yes
1459    167.81    171.14    252.03    2    167.84      1   1459   0.0050     0.500     yes
1460    167.83    171.19    252.22    2    167.85      1   1460   0.0050     0.500     yes
1461    167.81    171.17    252.06    2    167.84      1   1461   0.0050     0.500     yes
1462    167.83    171.22    252.34    2    167.85      1   1462   0.0050     0.500     yes
1463    167.82    171.21    252.11    2    167.84      1   1463   0.0050     0.500     yes
1464    167.83    171.27    252.32    2    167.85      1   1464   0.0050     0.500     yes
1465    167.82    171.27    252.17    2    167.84      1   1465   0.0050     0.500     yes
1466    167.83    171.30    252.42    2    167.85      1   1466   0.0050     0.500     yes
1467    167.82    171.28    235.52    2    167.85      1   1467   0.0050     0.500     yes
1468    167.83    171.33    252.55    2    167.85      1   1468   0.0050     0.500     yes
1469    167.83    171.32    241.44    2    167.84      1   1469   0.0050     0.500     yes
1470    167.83    171.35    252.60    2    167.84      1   1470   0.0050     0.500     yes
1471    167.83    171.41    252.38    2    167.85      1   1471   0.0050     0.500     yes
1472    167.83    171.39    252.53    2    167.84      1   1472   0.0050     0.500     yes
1473    167.84    171.45    252.56    2    167.85      1   1473   0.0050     0.500     yes
1474    167.83    171.43    252.60    2    167.86      1   1474   0.0050     0.500     yes
1475    167.84    171.48    252.62    2    167.86      1   1475   0.0050     0.500     yes
1476    167.83    171.43    252.55    2    167.86      1   1476   0.0050     0.500     yes
1477    167.84    171.49    252.64    2    167.86      1   1477   0.0050     0.500     yes
1478    167.84    171.44    252.64    2    167.87      1   1478   0.0050     0.500     yes
1479    167.85    171.50    252.73    2    167.87      1   1479   0.0050     0.500     yes
1480    167.84    171.44    252.69    2    167.87      1   1480   0.0050     0.500     yes
1481    167.86    171.51    252.76    2    167.88      1   1481   0.0050     0.500     yes
1482    167.85    171.45    252.77    2    167.87      1   1482   0.0050     0.500     yes
1483    167.86    171.52    252.85    2    167.88      1   1483   0.0050     0.500     yes
1484    167.85    171.47    247.45    2    167.89      1   1484   0.0050     0.500     yes
1485    167.86    171.53    252.92    2    167.89      1   1485   0.0050     0.500     yes
1486    167.86    171.48    252.85    2    167.89      1   1486   0.0050     0.500     yes
1487    167.87    171.54    252.95    2    167.89      1   1487   0.0050     0.500     yes
1488    167.86    171.51    252.93    2    167.90      1   1488   0.0050     0.500     yes
1489    167.87    171.55    252.99    2    167.89      1   1489   0.0050     0.500     yes
1490    167.87    171.52    252.99    2    167.90      1   1490   0.0050     0.500     yes
1491    167.87    171.57    253.10    2    167.89      1   1491   0.0050     0.500     yes
1492    167.87    171.54    253.03    2    167.91      1   1492   0.0050     0.500     yes
1493    167.88    171.59    253.14    2    167.90      1   1493   0.0050     0.500     yes
1494    167.87    171.55    253.12    2    167.91      1   1494   0.0050     0.500     yes
1495    167.88    171.59    253.23    2    167.90      1   1495   0.0050     0.500     yes
1496    167.87    171.56    253.16    2    167.92      1   1496   0.0050     0.500     yes
1497    167.88    171.60    253.28    2    167.91      1   1497   0.0050     0.500     yes
1498    167.87    171.57    253.19    2    167.92      1   1498   0.0050     0.500     yes
1499    167.89    171.63    253.37    2    167.92      1   1499   0.0050     0.500     yes
1500    167.88    171.59    253.39    2    167.93      1   1500   0.0050     0.500     yes
1501    167.89    171.63    253.53    2    167.91      1   1501   0.0050     0.500     yes
1502    167.88    171.60    253.47    2    167.93      1   1502   0.0050     0.500     yes
1503    167.89    171.65    253.63    2    167.92      1   1503   0.0050     0.500     yes
1504    167.88    171.61    253.60    2    167.93      1   1504   0.0050     0.500     yes
1505    167.89    171.67    253.72    2    167.91      1   1505   0.0050     0.500     yes
1506    167.88    171.64    253.62    2    167.94      1   1506   0.0050     0.500     yes
1507    167.88    171.68    253.79    2    167.91      1   1507   0.0050     0.500     yes
1508    167.88    171.62    253.68    2    167.94      1   1508   0.0050     0.500     yes
1509    167.88    171.67    253.84    2    167.91      1   1509   0.0050     0.500     yes
1510    167.88    171.63    253.80    2    167.94      1   1510   0.0050     0.500     yes
1511    167.88    171.68    253.92    2    167.91      1   1511   0.0050     0.500     yes
1512    167.88    171.64    253.83    2    167.95      1   1512   0.0050     0.500     yes
1513    167.88    171.68    254.00    2    167.91      1   1513   0.0050     0.500     yes
1514    167.89    171.66    253.96    2    167.96      1   1514   0.0050     0.500     yes
1515    167.89    171.69    254.11    2    167.92      1   1515   0.0050     0.500     yes
1516    167.88    171.65    254.03    2    167.95      1   1516   0.0050     0.500     yes
1517    167.89    171.69    254.18    2    167.91      1   1517   0.0050     0.500     yes
1518    167.88    171.66    254.03    2    167.96      1   1518   0.0050     0.500     yes
1519    167.89    171.71    254.31    2    167.91      1   1519   0.0050     0.500     yes
1520    167.89    171.68    254.22    2    167.95      1   1520   0.0050     0.500     yes
1521    167.89    171.71    254.41    2    167.91      1   1521   0.0050     0.500     yes
1522    167.89    171.68    254.35    2    167.95      1   1522   0.0050     0.500     yes
1523    167.89    171.72    254.53    2    167.91      1   1523   0.0050     0.500     yes
1524    167.88    171.71    254.50    2    167.94      1   1524   0.0050     0.500     yes
1525    167.88    171.75    254.62    2    167.91      1   1525   0.0050     0.500     yes
1526    167.88    171.72    254.46    2    167.94      1   1526   0.0050     0.500     yes
1527    167.88    171.76    254.71    2    167.90      1   1527   0.0050     0.500     yes
1528    167.88    171.73    254.60    2    167.94      1   1528   0.0050     0.500     yes
1529    167.88    171.76    254.79    2    167.91      1   1529   0.0050     0.500     yes
1530    167.88    171.74    254.70    2    167.94      1   1530   0.0050     0.500     yes
1531    167.88    171.77    254.94    2    167.91      1   1531   0.0050     0.500     yes
1532    167.88    171.74    254.77    2    167.93      1   1532   0.0050     0.500     yes
1533    167.88    171.78    255.05    2    167.90      1   1533   0.0050     0.500     yes
1534    167.87    171.79    254.85    2    167.91      1   1534   0.0050     0.500     yes
1535    167.88    171.82    254.95    2    167.90      1   1535   0.0050     0.500     yes
1536    167.87    171.82    255.01    2    167.90      1   1536   0.0050     0.500     yes
1537    167.89    171.87    255.14    2    167.91      1   1537   0.0050     0.500     yes
1538    167.87    171.89    255.19    2    167.89      1   1538   0.0050     0.500     yes
1539    167.88    171.92    255.19    2    167.89      1   1539   0.0050     0.500     yes
1540    167.87    171.94    255.27    2    167.89      1   1540   0.0050     0.500     yes
1541    167.88    171.97    255.19    2    167.89      1   1541   0.0050     0.500     yes
1542    167.87    171.98    255.37    2    167.88      1   1542   0.0050     0.500     yes
1543    167.87    172.01    255.26    2    167.89      1   1543   0.0050     0.500     yes
1544    167.86    172.02    255.47    2    167.87      1   1544   0.0050     0.500     yes
1545    167.87    172.07    255.30    2    167.88      1   1545   0.0050     0.500     yes
1546    167.85    172.07    255.52    2    167.86      1   1546   0.0050     0.500     yes
1547    167.87    172.10    255.41    2    167.88      1   1547   0.0050     0.500     yes
1548    167.85    172.10    255.58    2    167.87      1   1548   0.0050     0.500     yes
1549    167.87    172.13    255.47    2    167.88      1   1549   0.0050     0.500     yes
1550    167.86    172.13    255.69    2    167.87      1   1550   0.0050     0.500     yes
1551    167.86    172.12    255.58    2    167.87      1   1551   0.0050     0.500     yes
1552    167.86    172.15    255.87    2    167.88      1   1552   0.0050     0.500     yes
1553    167.87    172.16    255.65    2    167.88      1   1553   0.0050     0.500     yes
1554    167.87    172.17    255.88    2    167.88      1   1554   0.0050     0.500     yes
1555    167.86    172.19    255.66    2    167.87      1   1555   0.0050     0.500     yes
1556    167.87    172.21    255.82    2    167.88      1   1556   0.0050     0.500     yes
1557    167.86    172.22    255.77    2    167.87      1   1557   0.0050     0.500     yes
1558    167.87    172.23    255.95    2    167.89      1   1558   0.0050     0.500     yes
1559    167.86    172.24    255.91    2    167.88      1   1559   0.0050     0.500     yes
1560    167.88    172.27    255.97    2    167.89      1   1560   0.0050     0.500     yes
1561    167.86    172.28    255.97    2    167.88      1   1561   0.0050     0.500     yes
1562    167.88    172.29    256.10    2    167.89      1   1562   0.0050     0.500     yes
1563    167.87    172.30    256.08    2    167.88      1   1563   0.0050     0.500     yes
1564    167.87    172.32    256.20    2    167.88      1   1564   0.0050     0.500     yes
1565    167.86    172.33    256.16    2    167.88      1   1565   0.0050     0.500     yes
1566    167.87    172.35    256.20    2    167.88      1   1566   0.0050     0.500     yes
1567    167.87    172.36    256.24    2    167.88      1   1567   0.0050     0.500     yes
1568    167.87    172.38    256.35    2    167.88      1   1568   0.0050     0.500     yes
1569    167.86    172.39    256.20    2    167.88      1   1569   0.0050     0.500     yes
1570    167.87    172.42    256.47    2    167.88      1   1570   0.0050     0.500     yes
1571    167.86    172.43    256.39    2    167.87      1   1571   0.0050     0.500     yes
1572    167.86    172.43    256.60    2    167.87      1   1572   0.0050     0.500     yes
1573    167.86    172.43    256.47    2    167.87      1   1573   0.0050     0.500     yes
1574    167.86    172.46    256.57    2    167.88      1   1574   0.0050     0.500     yes
1575    167.86    172.47    256.58    2    167.87      1   1575   0.0050     0.500     yes
1576    167.87    172.49    256.70    2    167.88      1   1576   0.0050     0.500     yes
1577    167.87    172.51    256.71    2    167.88      1   1577   0.0050     0.500     yes
1578    167.87    172.52    256.76    2    167.88      1   1578   0.0050     0.500     yes
1579    167.87    172.54    256.79    2    167.89      1   1579   0.0050     0.500     yes
1580    167.87    172.56    256.83    2    167.89      1   1580   0.0050     0.500     yes
1581    167.87    172.55    256.89    2    167.88      1   1581   0.0050     0.500     yes
1582    167.87    172.57    256.84    2    167.89      1   1582   0.0050     0.500     yes
1583    167.87    172.58    256.87    2    167.88      1   1583   0.0050     0.500     yes
1584    167.87    172.60    256.91    2    167.89      1   1584   0.0050     0.500     yes
1585    167.87    172.60    256.93    2    167.88      1   1585   0.0050     0.500     yes
1586    167.87    172.61    256.90    2    167.89      1   1586   0.0050     0.500     yes
1587    167.87    172.63    257.05    2    167.88      1   1587   0.0050     0.500     yes
1588    167.87    172.64    256.96    2    167.89      1   1588   0.0050     0.500     yes
1589    167.86    172.65    257.01    2    167.88      1   1589   0.0050     0.500     yes
1590    167.87    172.65    257.05    2    167.88      1   1590   0.0050     0.500     yes
1591    167.87    172.68    257.14    2    167.88      1   1591   0.0050     0.500     yes
1592    167.87    172.68    257.10    2    167.88      1   1592   0.0050     0.500     yes
1593    167.87    172.70    257.21    2    167.88      1   1593   0.0050     0.500     yes
1594    167.87    172.70    257.10    2    167.88      1   1594   0.0050     0.500     yes
1595    167.87    172.73    257.26    2    167.89      1   1595   0.0050     0.500     yes
1596    167.87    172.73    257.08    2    167.89      1   1596   0.0050     0.500     yes
1597    167.87    172.75    257.28    2    167.88      1   1597   0.0050     0.500     yes
1598    167.87    172.73    257.19    2    167.88      1   1598   0.0050     0.500     yes
1599    167.87    172.75    257.29    2    167.88      1   1599   0.0050     0.500     yes
1600    167.88    172.75    257.19    2    167.89      1   1600   0.0050     0.500     yes

--- FINAL_lp_240x30: outer=1600  wallclock=175.9 s ---
final omega: 167.87 172.77 257.32 514.28 
mode split Ex: 0.01 0.03 0.02 0.02 
LOG: iter 313: omega_J (J=3) is itself multiple -- (25b) undefined
LOG: iter 318: omega_J (J=2) is itself multiple -- (25b) undefined
LOG: iter 324: omega_J (J=3) is itself multiple -- (25b) undefined
LOG: iter 325: omega_J (J=3) is itself multiple -- (25b) undefined
LOG: iter 335: omega_J (J=3) is itself multiple -- (25b) undefined
LOG: iter 337: omega_J (J=3) is itself multiple -- (25b) undefined
LOG: iter 338: omega_J (J=2) is itself multiple -- (25b) undefined
LOG: iter 340: omega_J (J=3) is itself multiple -- (25b) undefined
LOG: iter 342: omega_J (J=3) is itself multiple -- (25b) undefined
LOG: iter 498: omega_J (J=3) is itself multiple -- (25b) undefined
LOG: iter 500: omega_J (J=3) is itself multiple -- (25b) undefined
LOG: iter 502: omega_J (J=3) is itself multiple -- (25b) undefined
LOG: iter 504: omega_J (J=3) is itself multiple -- (25b) undefined
LOG: iter 518: omega_J (J=3) is itself multiple -- (25b) undefined
LOG: iter 732: omega_J (J=3) is itself multiple -- (25b) undefined
LOG: iter 738: omega_J (J=3) is itself multiple -- (25b) undefined
LOG: iter 740: omega_J (J=3) is itself multiple -- (25b) undefined
LOG: iter 1469: omega_J (J=3) is itself multiple -- (25b) undefined
LOG: iter 1471: omega_J (J=3) is itself multiple -- (25b) undefined
LOG: iter 1484: omega_J (J=3) is itself multiple -- (25b) undefined
mean t/iter: eig 0.08s  grad 0.00s  inner 0.03s
