outer,omega1,omega2,gap12,volume,volErr,Mnd,gray,mid,move,stage,moveChanged,descent,beta,betaStallRel,betaStallFires,prodStageShadow,prodMoveShadow,prodTol,prodStopRaw,prodSettled,prodStopAdmit,exA,exB,exE,exNA,exNB,exDecl,exAmp,exCos,exNet,exMedcos,exMednet,exTol,exStageStart,cosT,net_ratio,cosT_unsat,net_ratio_unsat,boundFrac,revFrac,maxAbs,ratio,l2,rms,stepNorm,path_W,net_W,nInner,cumInner,innerConv,multN,multJ,degen,tOuter
1,68.14595542448825,250.48355182584436,2.6756921267822316,0.49978012248663656,-0.0002198775133634423,99.959862780439963,1,1,0.040000000000000001,1,1,0,4947.8786753509366,NaN,0,1,0.040000000000000001,0.25,0,0,0,0,0,0,0,0,0,2.8332744152282343,NaN,NaN,NaN,NaN,0.25,1,NaN,NaN,NaN,NaN,0.00080000000000000004,NaN,0.039914423475312752,0.99786058688281876,2.8332744152282343,0.010017137759851172,0.010017137759851172,NaN,NaN,15,15,1,2,0,1,6.8023346250000003
2,70.469037792183641,255.39354115246897,2.6241950955203333,0.49978282954230235,-0.00021717045769764631,99.838273094985169,1,1,0.040000000000000001,1,0,0,5289.3716846699035,NaN,0,1,0.040000000000000001,0.25,0,1,0,0,0,0,0,0,0,2.8570918046103344,0.99784514912154276,NaN,NaN,NaN,0.25,1,0.99784514912154276,NaN,NaN,NaN,0.00059999999999999995,0.018149999999999999,0.039891013517880262,0.99727533794700651,2.8570918046103344,0.01010134494756239,0.010101344947562393,NaN,NaN,15,30,1,2,0,1,5.1431447500000003
3,72.86271547427593,260.37172247816846,2.573456201616481,0.49978486563809121,-0.00021513436190878643,99.636948320330575,1,0.99929999999999997,0.040000000000000001,1,0,0,5644.7276882192064,NaN,0,1,0.040000000000000001,0.25,0,1,0,0,0,0,0,0,0,2.8415440659540683,0.99827324722273159,NaN,NaN,NaN,0.25,1,0.99827324722273159,NaN,0.99827413169516432,NaN,0.00044999999999999999,0.016400000000000001,0.039864320361768533,0.99660800904421332,2.8415440659540683,0.010046375390382578,0.010046375390382578,NaN,NaN,15,45,1,2,0,1,4.1654492916666666
4,75.270351047994623,265.29451850383822,2.5245553502823248,0.4997864310214547,-0.00021356897854529766,99.357386157509481,1,0.9637,0.040000000000000001,1,0,0,6014.8288546866042,NaN,0,1,0.040000000000000001,0.25,0,1,0,0,0,0,0,0,0,2.8296815868005112,0.99845204414864408,NaN,NaN,NaN,0.25,1,0.99845204414864408,NaN,0.99845530902518909,NaN,0.00035,0.0152,0.039834137339701189,0.99585343349252975,2.8296815868005112,0.010004435193126758,0.01000443519312676,NaN,NaN,15,60,1,2,0,1,4.1881479583333334
5,77.698924188524956,270.18631587570388,2.477349508985951,0.49978765004719755,-0.00021234995280244862,99.000989670946154,1,0.93225000000000002,0.040000000000000001,1,0,0,6400.712564694024,NaN,0,1,0.040000000000000001,0.25,0,1,0,0,0,0,0,0,0,2.8199512009471004,0.99862432604573359,NaN,NaN,NaN,0.25,1,0.99862432604573359,NaN,0.99862775590225028,NaN,0.00025000000000000001,0.01575,0.039800520458833456,0.99501301147083643,2.8199512009471004,0.0099700330840242161,0.0099700330840242161,NaN,NaN,15,75,1,2,0,1,4.0783939166666663
6,80.152644285211025,275.05319989102611,2.4316172890352941,0.4997887477014471,-0.00021125229855289973,98.569131613801872,1,0.90595000000000003,0.040000000000000001,1,0,0,6803.1922046057744,NaN,0,1,0.040000000000000001,0.25,0,1,0,0,0,0,0,0,0,2.8115543318659157,0.99875735067698801,NaN,NaN,NaN,0.25,1,0.99875735067698801,NaN,0.99876335424257512,NaN,0.0001,0.017649999999999999,0.03975596767651704,0.99389919191292597,2.8115543318659157,0.0099403456686840089,0.0099403456686840072,NaN,NaN,15,90,1,2,0,1,3.9047564583333334
7,82.634236718695462,279.89057245124889,2.3871018062895164,0.49978971038366898,-0.00021028961633101639,98.063168091507649,1,0.88580000000000003,0.040000000000000001,1,0,0,7222.9567698405881,NaN,0,1,0.040000000000000001,0.25,0,1,0,0,0,0,0,0,0,2.8040381078585201,0.99887305835645046,NaN,NaN,NaN,0.25,1,0.99887305835645046,NaN,0.99887338635414913,NaN,0.0001,0.0147,0.039174276786298041,0.97935691965745097,2.8040381078585201,0.0099137718038612762,0.0099137718038612762,NaN,NaN,15,105,1,2,0,1,3.736685875
8,85.144886146483245,284.68235617895914,2.3435050425599449,0.49979118238690978,-0.00020881761309021751,97.450298128250608,1,0.86124999999999996,0.040000000000000001,1,0,0,7683.4198642687743,NaN,0,1,0.040000000000000001,0.25,0,1,0,0,0,0,0,0,0,2.9512609548916688,0.99896023921651744,NaN,NaN,NaN,0.25,1,0.99896023921651744,NaN,0.99896364194208742,NaN,5.0000000000000002e-05,0.015100000000000001,0.038051079109452282,0.95127697773630704,2.9512609548916688,0.010434283171274922,0.010434283171274924,NaN,NaN,16,121,1,2,0,1,3.8243699583333335
9,87.825449876661096,289.65744076391883,2.2981036951214406,0.49979304500778526,-0.00020695499221473623,96.719551771412114,1,0.79500000000000004,0.040000000000000001,1,0,0,8189.5534858714709,NaN,0,1,0.040000000000000001,0.25,0,1,0,0,0,0,0,0,0,3.0972557822369113,0.99895752040492802,NaN,NaN,NaN,0.25,1,0.99895752040492802,NaN,0.99895873354523568,NaN,5.0000000000000002e-05,0.015949999999999999,0.036950874630073342,0.92377186575183357,3.0972557822369113,0.010950452833444823,0.010950452833444823,NaN,NaN,17,138,1,2,0,1,3.9138980416666667
10,90.680947291113426,294.77548902661914,2.2506882408307907,0.49979429573819928,-0.00020570426180072099,95.90325719768677,1,0.74109999999999998,0.040000000000000001,1,0,0,8720.0050640260724,NaN,0,1,0.040000000000000001,0.25,0,1,0,0,0,0,0,0,0,3.0873008601365894,0.99894891655967377,0.98933092413603396,NaN,NaN,0.25,1,0.99894891655967377,0.98933092413603396,0.99894951135623322,0.98943461700697322,0,0.017749999999999998,0.035043329896559623,0.87608324741399057,3.0873008601365894,0.010915256868828216,0.010915256868828212,0.10229343672104037,0.10120206028427778,17,155,1,2,0,1,3.7470044583333335
11,93.570290068486415,299.73050092717148,2.2032657022628794,0.49979572180818377,-0.00020427819181623175,95.00365411247293,0.99990000000000001,0.69474999999999998,0.040000000000000001,1,0,0,9273.2732060692106,NaN,0,1,0.040000000000000001,0.25,0,1,0,0,0,0,0,0,0,3.0766770234344549,0.9990445575460396,0.99018064745208922,NaN,NaN,0.25,1,0.9990445575460396,0.99018064745208922,0.9990445575460396,0.99024876398792638,0,0.017399999999999999,0.03494126112375999,0.8735315280939997,3.0766770234344549,0.010877695933956728,0.010877695933956724,0.10315399489514593,0.1021410894525451,17,172,1,2,0,1,3.7259508750000001
12,96.491641071030202,304.46499894257039,2.155351028991674,0.49979738215221625,-0.00020261784778374814,94.023227301138874,0.99980000000000002,0.65515000000000001,0.040000000000000001,1,0,0,9849.3370754062435,NaN,0,1,0.040000000000000001,0.25,0,1,0,0,0,0,0,0,0,3.0647642896815617,0.99912770636104409,0.99093226450570759,NaN,NaN,0.25,1,0.99912770636104409,0.99093226450570759,0.99912770636104409,0.99098037983583087,0,0.0184,0.034832981869583876,0.87082454673959686,3.0647642896815617,0.010835578059861024,0.010835578059861024,0.10388822800744454,0.10294619703490229,17,189,1,2,0,1,3.7234892916666666
13,99.44190436795769,308.90839667206615,2.1064207653247942,0.49979932531690158,-0.00020067468309842296,92.964948001499351,0.9889,0.62139999999999995,0.040000000000000001,1,0,0,10447.826040222048,NaN,0,1,0.040000000000000001,0.25,0,1,0,0,0,0,0,0,0,3.0506658789584877,0.99918991576716532,0.99157936084078391,NaN,NaN,0.25,1,0.99918991576716532,0.99157936084078391,0.99918991576716532,0.99160968054988596,0,0.024799999999999999,0.034711100200692485,0.8677775050173121,3.0506658789584877,0.01078573265072983,0.010785732650729829,0.10462758526779181,0.10374655412615162,17,206,1,2,0,1,3.6980097916666668
14,102.41662009712499,312.97637524989477,2.0559139224970435,0.49980161206498125,-0.00019838793501875118,91.83247416585435,0.97799999999999998,0.59145000000000003,0.040000000000000001,1,0,0,11067.994534026007,NaN,0,1,0.040000000000000001,0.25,0,1,0,0,0,0,0,0,0,3.0336279475133692,0.99919712042257813,0.99212037675160136,NaN,NaN,0.25,1,0.99919712042257813,0.99212037675160136,0.99919712042257813,0.99214632298507011,0,0.0349,0.034574620119321428,0.86436550298303572,3.0336279475133692,0.010725494466418656,0.010725494466418656,0.1053486445410837,0.10451853691237049,17,223,1,2,0,1,3.7274074166666669
15,105.40690663782777,316.54591638271529,2.0030851533320235,0.49980461455483144,-0.00019538544516856104,90.632483820756931,0.96745000000000003,0.56579999999999997,0.040000000000000001,1,0,0,11706.767636859066,NaN,0,1,0.040000000000000001,0.25,0,1,0,0,0,0,0,0,0,3.0081558360360137,0.99904117023785011,0.99254226876721396,NaN,NaN,0.25,1,0.99904117023785011,0.99254226876721396,0.99904117023785011,0.99258061656509189,0,0.023199999999999998,0.034027471085196041,0.85068677712990104,3.0081558360360137,0.010635436952634766,0.01063543695263477,0.10601404840969425,0.10522342412975519,17,240,1,2,0,1,3.7918850833333333
16,108.39695418993578,319.5056340391871,1.9475517686534027,0.49981560007828085,-0.00018439992171914721,89.422304973224414,0.95740000000000003,0.54269999999999996,0.040000000000000001,1,0,0,12335.624543347063,NaN,0,1,0.040000000000000001,0.25,0,1,0,0,0,0,0,0,0,2.9148193814858976,0.98416256091794108,0.99136260921180475,NaN,NaN,0.25,1,0.98416256091794108,0.99136260921180475,0.98416256091794108,0.99142555974492341,0,0.028150000000000001,0.032604863310915229,0.81512158277288072,2.9148193814858976,0.010305442752913282,0.010305442752913284,0.10637914549392352,0.10546030724257822,17,257,1,2,0,1,3.7622401249999999
17,111.22928104509724,321.82555754548514,1.8933528520696175,0.49982855936091147,-0.00017144063908852702,88.248262735509371,0.95009999999999994,0.51380000000000003,0.040000000000000001,1,0,0,12923.854056301108,NaN,0,1,0.040000000000000001,0.25,0,1,0,0,0,0,0,0,0,2.8040546253897403,0.9758751104499892,0.98715200338811493,NaN,NaN,0.25,1,0.9758751104499892,0.98715200338811493,0.9758751104499892,0.9871962676266911,0,0.039399999999999998,0.03144297867341414,0.78607446683535354,2.8040546253897403,0.0099138302021529474,0.0099138302021529474,0.1063792038922152,0.10501244424103298,17,274,1,2,0,1,4.000468708333333
18,113.80035271644049,323.29198951578331,1.8408698373838872,0.49984134077314119,-0.00015865922685881495,87.115146312269061,0.94059999999999999,0.49304999999999999,0.040000000000000001,1,0,0,13465.732425922473,NaN,0,1,0.040000000000000001,0.25,0,1,0,0,0,0,0,0,0,2.6952543093274786,0.97848399227071126,0.980873953865816,NaN,NaN,0.25,1,0.97848399227071126,0.980873953865816,0.97848399227071126,0.98091894713921912,0,0.0263,0.030160550002794984,0.75401375006987459,2.6952543093274786,0.0095291629957386225,0.0095291629957386208,0.10547408371667889,0.1034567815255529,17,291,1,2,0,1,4.0427410833333335
19,116.12518637193963,323.61200193163342,1.7867511953447395,0.49985338698396464,-0.00014661301603535737,86.020311099976894,0.93425000000000002,0.4758,0.040000000000000001,1,0,0,13965.085464574249,NaN,0,1,0.040000000000000001,0.25,0,1,0,0,0,0,0,0,0,2.5934686225763959,0.98113714396586149,0.97340741334165248,NaN,NaN,0.25,1,0.98113714396586149,0.97340741334165248,0.98113714396586149,0.97340741334165248,0,0.016400000000000001,0.028757259104937715,0.71893147762344289,2.5934686225763959,0.0091692962490915221,0.0091692962490915221,0.10369292713232559,0.1009354639817015,17,308,1,2,0,1,4.2765117500000001
20,118.23320058632255,322.55524536104269,1.7281274951661634,0.49986497955726739,-0.00013502044273261404,84.910101968771414,0.9254,0.46184999999999998,0.040000000000000001,1,0,0,14447.594816651977,NaN,0,1,0.040000000000000001,0.25,0,1,0,0,0,0,0,0,0,2.6159114009059357,0.98272970093254386,0.9652043729116937,0.99875735067698801,0.99018064745208922,0.25,1,0.98272970093254386,0.9652043729116937,0.98272970093254386,0.9652043729116937,0,0.014500000000000001,0.028660474920295245,0.71651187300738106,2.6159114009059357,0.0092486434528189412,0.0092486434528189412,0.10202631371631631,0.098476244151048817,18,326,1,2,0,1,4.8251741666666668
21,120.24137068614652,319.79593997751016,1.6596165542077865,0.49987460678966711,-0.00012539321033289141,83.8362501455792,0.91910000000000003,0.44850000000000001,0.040000000000000001,1,0,0,14893.761473842784,0.78555106109967099,0,1,0.040000000000000001,0.25,0,1,0,0,0,0,0,0,0,2.5186149550454426,0.98461962680128778,0.95736677512858859,0.99869083836136086,0.98975578579406154,0.25,1,0.98461962680128778,0.95736677512858859,0.98461962680128778,0.95736677512858859,0,0.021649999999999999,0.027040118157432656,0.67600295393581633,2.5186149550454426,0.0089046485695524202,0.008904648569552422,0.10005326635191202,0.095787672948411728,18,344,1,2,0,1,5.2322180833333336
22,122.071107704189,315.21224531583454,1.5822018923566932,0.49988418268109092,-0.00011581731890908387,82.796544423222954,0.91295000000000004,0.43695000000000001,0.040000000000000001,1,0,0,15308.10216827932,0.75603584107945587,0,1,0.040000000000000001,0.25,0,1,0,0,0,0,0,0,0,2.4218111367913111,0.98580948178319128,0.95090161023676267,0.99869083836136086,0.98933092413603396,0.25,1,0.98580948178319128,0.95090161023676267,0.98580948178319128,0.95090161023676245,0,0.018550000000000001,0.025527991526577108,0.63819978816442768,2.4218111367913111,0.0085623953878911866,0.0085623953878911883,0.097780083679942176,0.092979239020342414,18,362,1,2,0,1,5.5775571666666668
23,123.74844807288646,308.74949119609897,1.4949766724690476,0.49989143756736232,-0.00010856243263768217,81.785091989550267,0.90575000000000006,0.42830000000000001,0.040000000000000001,1,0,0,15695.737143368024,0.72241275277762984,0,1,0.040000000000000001,0.25,0,1,0,0,0,0,0,0,0,2.3449804159805341,0.98841264271785545,0.94642712940123708,0.99869083836136086,0.98824146376207445,0.25,1,0.98841264271785545,0.94642712940123708,0.98841264271785545,0.94642712940123686,0,0.018200000000000001,0.024558516159078097,0.61396290397695241,2.3449804159805341,0.0082907577694474339,0.0082907577694474321,0.095285108798659771,0.090180411995000126,18,380,1,2,0,1,5.8766631666666669
24,125.29968607503169,300.40871840947233,1.3975217162921083,0.49989833638965575,-0.0001016636103442492,80.799933143724772,0.90049999999999997,0.41785,0.040000000000000001,1,0,0,16060.600693378727,0.68488402868103815,0,1,0.040000000000000001,0.25,0,1,0,0,0,0,0,0,0,2.2654379407551515,0.98931394892063984,0.94518009829377514,0.99869083836136086,0.98715200338811493,0.25,1,0.98931394892063984,0.94518009829377514,0.98931394892063984,0.94518009829377525,0,0.019949999999999999,0.023525712597818202,0.58814281494545506,2.2654379407551515,0.0080095326513262774,0.0080095326513262774,0.092569146983567413,0.087494515444899168,18,398,1,2,0,1,6.0570655416666668
25,126.74350483669707,290.26796218812518,1.2901999006743701,0.49990432005320351,-9.5679946796489723e-05,79.838136247544284,0.89610000000000001,0.40934999999999999,0.040000000000000001,1,0,0,16406.007343497557,0.6437742566206599,0,1,0.040000000000000001,0.25,0,1,0,0,0,0,0,0,0,2.2014457949058226,0.99036482329024422,0.94770660757865377,0.99456108698361612,0.98401297862696546,0.25,1,0.99036482329024422,0.94770660757865377,0.99036482329024422,0.94770660757865366,0,0.038399999999999997,0.022431292568220677,0.56078231420551694,2.2014457949058226,0.0077832862499625831,0.0077832862499625814,0.089716996280895217,0.0850253901875139,18,416,1,2,0,1,6.3446316666666664
26,128.09563916537954,278.47462958423756,1.1739587030336707,0.49990876810540841,-9.1231894591592422e-05,78.891212453988373,0.88975000000000004,0.40115000000000001,0.040000000000000001,1,0,0,16736.482046773832,0.5995512385723345,0,1,0.040000000000000001,0.25,0,1,0,0,0,0,0,0,0,2.150754369316592,0.99291914331917808,0.95141342789360461,0.99164198330471121,0.980873953865816,0.25,1,0.99291914331917808,0.95141342789360461,0.99291914331917808,0.9514134278936045,0,0.028799999999999999,0.021637734383941599,0.54094335959854001,2.150754369316592,0.007604064996051792,0.0076040649960517938,0.087015618524033722,0.08278782790023316,18,434,1,2,1,1,6.5211951250000002
27,129.37884884041398,265.25786565151492,1.0502413495632874,0.49991280085643902,-8.7199143560978687e-05,78.004824539404765,0.88465000000000005,0.39584999999999998,0.040000000000000001,1,0,0,17039.326400815171,0.55345071065423235,0,1,0.040000000000000001,0.25,0,1,0,0,0,0,0,0,0,1.9978363019107923,0.99278731162800604,0.95523959369496458,0.99157606745912519,0.97714068360373418,0.25,1,0.99278731162800604,0.95523959369496458,0.99278731162800604,0.95523959369496458,0,0.045999999999999999,0.020561156978241152,0.51402892445602877,1.9978363019107923,0.0070634179839088795,0.0070634179839088786,0.08416520630578965,0.080397937474795372,17,451,1,2,1,1,6.3380907916666667
28,130.54347201454581,251.64945131797691,0.92770613064387364,0.49991634979470989,-8.3650205290108914e-05,77.083458998193748,0.88055000000000005,0.38984999999999997,0.040000000000000001,1,0,0,17348.057126679345,0.50706421995623296,0,1,0.040000000000000001,0.25,0,1,0,0,0,0,0,0,0,2.0586595728114863,0.99419581037615234,0.95864720838753215,0.99157606745912519,0.97340741334165248,0.25,1,0.99419581037615234,0.95864720838753215,0.99419581037615234,0.95864720838753226,0,0.053949999999999998,0.020968452012426961,0.52421130031067398,2.0586595728114863,0.0072784607204480151,0.0072784607204480134,0.081914504030499033,0.078527110615287152,18,469,1,2,1,1,6.7215743333333338
29,131.72025663411793,236.6893318274486,0.79690913057439172,0.4999187067688784,-8.1293231121604137e-05,76.213586559634052,0.87024999999999997,0.38645000000000002,0.040000000000000001,1,0,0,17634.774093446747,0.46231525627373121,0,1,0.040000000000000001,0.25,0,1,0,0,0,0,0,0,0,1.93481529936925,0.99428469748808512,0.96186771437840435,0.99157606745912519,0.96930589312667315,0.25,1,0.99428469748808512,0.96186771437840435,0.99428469748808512,0.96186771437840424,0,0.05985,0.019169394767378108,0.47923486918445268,1.93481529936925,0.0068406050926373835,0.0068406050926373826,0.079585812874044898,0.076551023926104952,17,486,1,2,1,1,6.612714875
30,132.80950048462248,222.25025684025138,0.67345149277167049,0.49991397983499519,-8.6020165004807581e-05,75.31279730569949,0.85519999999999996,0.38329999999999997,0.040000000000000001,1,0,0,17942.38919923496,0.42033082567724656,0,1,0.040000000000000001,0.25,0,1,0,0,0,0,0,0,0,1.9928664719292819,0.9884298757920752,0.96437398808933572,0.98983938610544198,0.96478918050051465,0.25,1,0.9884298757920752,0.96437398808933572,0.9884298757920752,0.9643739880893355,0,0.041250000000000002,0.032140235885755021,0.80350589714387555,1.9928664719292819,0.0070458469815025283,0.0070458469815025291,0.077383016402728502,0.074626168138681767,17,503,1,2,0,1,6.6913429166666667
31,134.01719437892714,206.83246215328236,0.54332780291216642,0.49989912680839316,-0.00010087319160684283,74.336172056914279,0.84099999999999997,0.38014999999999999,0.040000000000000001,1,0,0,18323.861197739923,0.38149455263060783,0,1,0.040000000000000001,0.25,0,1,0,0,0,0,0,0,0,2.1617619513779429,0.97603990455685796,0.96516631285568555,0.98887191235635752,0.96477015047251058,0.25,1,0.97603990455685796,0.96516631285568555,0.97603990455685796,0.96516631285568566,0,0.029700000000000001,0.03384855872702934,0.84621396817573347,2.1617619513779429,0.0076429826756520347,0.0076429826756520365,0.076121350508828123,0.073469763200200905,17,520,1,2,0,1,6.6158327083333335
32,135.34989023440929,191.05660006087621,0.41157558184930759,0.49990307001760687,-9.6929982393134662e-05,73.367231391887117,0.82374999999999998,0.37785000000000002,0.040000000000000001,1,0,0,18670.316146494053,0.34684666910780754,0,1,0.040000000000000001,0.25,0,1,0,0,0,0,0,0,0,2.1139241291768869,0.94761118045363746,0.96555577278574733,0.98842125925496527,0.96477015047251058,0.25,1,0.94761118045363746,0.96555577278574733,0.94761118045363746,0.96555577278574745,0,0.027699999999999999,0.031777880847434797,0.79444702118586996,2.1139241291768869,0.0074738504332742192,0.007473850433274221,0.075032805554211157,0.072448358551179065,17,537,1,2,0,1,6.7107794583333336
33,136.61906711975206,179.15678210767916,0.31136001646564532,0.499909554234648,-9.0445765351998553e-05,72.430147061591612,0.80905000000000005,0.37490000000000001,0.040000000000000001,1,0,0,18997.277057051862,0.3162872787966744,0,1,0.040000000000000001,0.25,0,1,0,0,0,0,0,0,0,2.0436329513617775,0.95434834619229736,0.96474561540648962,0.98711106225052336,0.96455980174791267,0.25,1,0.95434834619229736,0.96474561540648962,0.95434834619229736,0.96474561540648962,0,0.0123,0.030115115380004095,0.7528778845001024,2.0436329513617775,0.0072253335908209534,0.0072253335908209534,0.073967381375584659,0.071359706865194938,17,554,1,2,0,1,6.7655143750000004
34,137.80810076026302,170.0134651842157,0.2336971792389661,0.49991574132002353,-8.4258679976467743e-05,71.531657167948239,0.79690000000000005,0.37125000000000002,0.040000000000000001,1,0,0,19304.514532093755,0.28973391777685814,0,1,0.040000000000000001,0.25,0,1,0,0,0,0,0,0,0,1.9727184748348037,0.9604375641527485,0.9618152910744342,0.98521455429223947,0.96312085123387003,0.25,1,0.9604375641527485,0.9618152910744342,0.9604375641527485,0.96181529107443409,0,0.0077499999999999999,0.028785180043641473,0.71962950109103685,1.9727184748348037,0.006974613054638366,0.0069746130546383669,0.072932461778896757,0.070147556954644627,17,571,1,2,0,1,6.8961815833333331
35,138.91548105707395,162.75820624721217,0.1716347595581687,0.49992113085603385,-7.8869143966153743e-05,70.665618015584471,0.78549999999999998,0.36770000000000003,0.040000000000000001,1,0,0,19595.092768216695,0.26704105732277705,0,1,0.040000000000000001,0.25,0,1,0,0,0,0,0,0,0,1.9076481190046579,0.96625663135193729,0.95737215351046379,0.98439109385961443,0.96184150272641933,0.25,1,0.96625663135193729,0.95737215351046379,0.96625663135193729,0.95737215351046356,0,0.01055,0.027748169029392998,0.69370422573482493,1.9076481190046579,0.0067445546053297774,0.0067445546053297774,0.071893730134263936,0.068829055242540391,17,588,1,2,0,1,6.8134993750000001
36,139.95513870606385,156.88233689637073,0.12094731459526949,0.49992619841995328,-7.380158004671733e-05,69.830764563363417,0.7752,0.36459999999999998,0.040000000000000001,1,0,0,19870.158080236339,0.24803759126050884,0,1,0.040000000000000001,0.25,0,1,0,0,0,0,0,0,0,1.8411726256084142,0.97052982290716894,0.95214609055701716,0.98367466386691582,0.96023124973098317,0.25,1,0.97052982290716894,0.95214609055701716,0.97052982290716894,0.95214609055701716,0,0.0072500000000000004,0.026639785671823662,0.66599464179559154,1.8411726256084142,0.0065095282445137501,0.0065095282445137492,0.070799193382725903,0.067411175193952705,17,605,1,2,0,1,6.8441022916666663
37,140.93325350834783,152.05132167769366,0.078888891674435663,0.49993041505984503,-6.9584940154965302e-05,69.026783465809288,0.76380000000000003,0.36180000000000001,0.040000000000000001,1,0,0,20132.690225246552,0.23230234759456164,0,1,0.040000000000000001,0.25,0,1,0,0,0,0,0,0,0,1.7811417705098334,0.97302690915364864,0.94570453424522571,0.98367466386691582,0.95800968094899797,0.25,1,0.97302690915364864,0.94570453424522571,0.97302690915364864,0.94570453424522571,0,0.0071000000000000004,0.025868918853290141,0.64672297133225354,1.7811417705098334,0.0062972871209105823,0.0062972871209105823,0.070033062519727615,0.066230584771985776,17,622,1,2,1,1,6.8371829166666664
38,141.85248524112814,148.02714190580971,0.043528716851069474,0.49993466242090023,-6.5337579099766785e-05,68.253251740223504,0.75334999999999996,0.35730000000000001,0.040000000000000001,1,0,0,20380.620025309767,0.2194588040818285,0,1,0.040000000000000001,0.25,0,1,0,0,0,0,0,0,0,1.7235915271941142,0.97569881583545448,0.93853040340013505,0.98367466386691582,0.95736946431952619,0.25,1,0.97569881583545448,0.93853040340013505,0.97569881583545448,0.93853040340013538,0,0.0055500000000000002,0.025175946753446272,0.6293986688361568,1.7235915271941142,0.0060938162843731788,0.0060938162843731797,0.068848418083652788,0.064616333597511802,17,639,1,2,1,1,6.6254439999999999
39,142.7139815106577,144.65261023779212,0.013584014030115473,0.49995352914511015,-4.6470854889846258e-05,67.684908210144229,0.74602500000000005,0.35354999999999998,0.040000000000000001,1,0,0,20575.121934896546,0.20868132463606054,0,1,0.040000000000000001,0.25,0,1,0,0,0,0,0,0,0,1.4131603950877829,0.92734078727835478,0.92851542922769792,0.98367466386691582,0.95630318441177664,0.25,1,0.92734078727835478,0.92851542922769792,0.92734078727835478,0.92851542922769792,0,0.18024999999999999,0.025737254717609109,0.64343136794022771,1.4131603950877829,0.0049962764913541596,0.0049962764913541596,0.067004089482369564,0.062214330905733452,20,659,1,2,1,1,7.6817034166666662
40,143.34866484971749,143.78430580045691,0.003039030403220881,0.49996652031471611,-3.3479685283888116e-05,67.257009890933958,0.74092499999999994,0.35015000000000002,0.040000000000000001,1,0,0,20703.496266371836,0.19942755122987324,0,1,0.040000000000000001,0.25,0,1,0,0,0,0,0,0,0,1.2013828973268212,0.9542533955797925,0.91771780759988353,0.98032976567907282,0.95369284212599092,0.25,1,0.9542533955797925,0.91771780759988353,0.9542533955797925,0.91771780759988342,0,0.201375,0.025133355595267626,0.6283338898816907,1.2013828973268212,0.0042475299675066849,0.0042475299675066849,0.064205772468373709,0.05892278074493288,19,678,1,2,1,1,7.358523541666667
41,143.8074170450621,144.1359742930529,0.0022847030754182011,0.49997425309169213,-2.5746908307866523e-05,66.846493627436843,0.73629999999999995,0.34512500000000002,0.040000000000000001,1,0,0,20825.562766222429,0.19076039864678837,0,1,0.040000000000000001,0.25,0,1,0,0,0,0,0,0,0,1.1527657786705225,0.97829277494145617,0.91398861982193091,0.97716633974915701,0.95177975922531088,0.25,1,0.97829277494145617,0.91398861982193091,0.97829277494145617,0.91398861982193091,0,0.084000000000000005,0.026220805695099565,0.65552014237748912,1.1527657786705225,0.004075642496088586,0.004075642496088586,0.060638432288810266,0.055422837035815305,19,697,1,2,1,1,7.6216141249999998
42,144.22069973778687,144.58529352168546,0.0025280267295989148,0.49997359522328505,-2.6404776714950007e-05,66.443403652449675,0.73242499999999999,0.34044999999999997,0.040000000000000001,1,0,0,20934.958641351448,0.18136710996330346,0,1,0.040000000000000001,0.25,0,1,0,0,0,0,0,0,0,1.105750264254564,0.97297786496638872,0.91127755596240423,0.97586936019615622,0.95177975922531088,0.25,1,0.97297786496638872,0.91127755596240423,0.97297786496638872,0.91127755596240423,0,0.086099999999999996,0.025650710011291968,0.64126775028229921,1.105750264254564,0.0039094175507660952,0.003909417550766096,0.057073999406302138,0.052010254687974725,19,716,1,2,1,1,8.1288074166666675
43,144.60093480729395,144.98955284137091,0.0026875208973915496,0.49997424604575752,-2.5753954242480059e-05,66.060220952581545,0.72842499999999999,0.33474999999999999,0.040000000000000001,1,0,0,21035.845691872724,0.17143233257446688,0,1,0.040000000000000001,0.25,0,1,0,0,0,0,0,0,0,1.0484430190659999,0.97296120967825295,0.90903780938278167,0.97436286249455151,0.95177975922531088,0.25,1,0.97296120967825295,0.90903780938278167,0.97296120967825295,0.90903780938278178,0,0.082974999999999993,0.025688329041231507,0.64220822603078764,1.0484430190659999,0.003706805842346326,0.003706805842346326,0.053555471657827508,0.048683948636293169,19,735,1,2,1,1,8.4104088333333333
44,144.94396678605366,145.35580115722564,0.0028413350365929383,0.4999764386041331,-2.3561395866900092e-05,65.696451434656865,0.72472499999999995,0.33027499999999999,0.040000000000000001,1,0,0,21129.014965442126,0.16099061382766436,0,1,0.040000000000000001,0.25,0,1,0,0,0,0,0,0,0,1.000138044427654,0.96853240581727273,0.90716243603224167,0.97300238706001863,0.95177975922531088,0.25,1,0.96853240581727273,0.90716243603224167,0.96853240581727273,0.90716243603224167,0,0.044499999999999998,0.02883167632850436,0.72079190821260897,1.000138044427654,0.0035360219666872332,0.0035360219666872323,0.050116880569876371,0.04546415146410597,19,754,1,2,1,1,8.5878065416666658
45,145.25665797757023,145.69241933052612,0.0029999406500401601,0.49998124604049538,-1.8753959504624884e-05,65.356803324006606,0.72032499999999999,0.32667499999999999,0.040000000000000001,1,0,0,21208.933710295401,0.15010709152432594,0,1,0.040000000000000001,0.25,0,1,0,0,0,0,0,0,0,0.92665803696582161,0.96196902923397698,0.90651543162819059,0.97296953732232083,0.95177975922531088,0.25,1,0.96196902923397698,0.90651543162819059,0.96196902923397698,0.9065154316281907,0,0.084375000000000006,0.030297496419156272,0.75743741047890678,0.92665803696582161,0.0032762309088977342,0.0032762309088977346,0.046648556873444331,0.042287636668962583,19,773,1,2,1,1,8.7632054166666666
46,145.53256459875993,145.97755823168134,0.003057691137019937,0.49998007251725474,-1.9927482745263347e-05,65.034985165131872,0.71692500000000003,0.32355,0.040000000000000001,1,0,0,21285.372022677464,0.13879630803184609,0,1,0.040000000000000001,0.25,0,1,0,0,0,0,0,0,0,0.90063376451652355,0.95036291343164991,0.90662055172536982,0.97174551629271089,0.94892531240112143,0.25,1,0.95036291343164991,0.90662055172536982,0.95036291343164991,0.90662055172536971,0,0.116525,0.033980581971738109,0.84951454929345271,0.90063376451652355,0.0031842212112760098,0.0031842212112760094,0.043323249840206593,0.039277748672664141,19,792,1,2,1,1,8.9978615000000008
47,145.78667574047742,146.26937455423024,0.0033109940349562309,0.49996714299250133,-3.2857007498665602e-05,64.753141041565058,0.71419999999999995,0.32042500000000002,0.040000000000000001,1,0,0,21349.73340476022,0.12713900220686408,0,1,0.040000000000000001,0.25,0,1,0,0,0,0,0,0,0,0.78496237445255712,0.93206942091484846,0.90952284481392798,0.96953111436222084,0.94211746882268033,0.25,1,0.93206942091484846,0.90952284481392798,0.93206942091484846,0.90952284481392776,0,0.10362499999999999,0.030699313943539613,0.76748284858849036,0.78496237445255712,0.0027752610897584852,0.0027752610897584852,0.039801223809054494,0.036200122305887088,19,811,1,2,1,1,9.3529820000000008
48,145.99417418650174,146.51713957931983,0.0035820976811720331,0.49996732395837473,-3.2676041625268049e-05,64.468441791805134,0.71114999999999995,0.31719999999999998,0.040000000000000001,1,0,0,21409.414452780173,0.11505499441774486,0,1,0.040000000000000001,0.25,0,1,0,0,0,0,0,0,0,0.78535477187821989,0.95680918430744022,0.91627318587782958,0.96739451858460501,0.93352291631391648,0.25,1,0.95680918430744022,0.91627318587782958,0.95680918430744022,0.91627318587782935,0,0.13370000000000001,0.033578952630501618,0.83947381576254043,0.78535477187821989,0.0027766484241615167,0.0027766484241615159,0.036484055948842825,0.033429362177991195,20,831,1,2,1,1,9.6921901249999998
49,146.19690852620735,146.74976049404651,0.0037815571711631354,0.49998309604662872,-1.6903953371283365e-05,64.219604940704187,0.70862499999999995,0.31395000000000001,0.040000000000000001,1,0,0,21452.79539725737,0.10272772638284118,0,1,0.040000000000000001,0.25,0,1,0,0,0,0,0,0,0,0.68180283325130719,0.92857836485575285,0.91537315690619692,0.96411283029295713,0.92311661841379067,0.25,1,0.92857836485575285,0.91537315690619692,0.92857836485575285,0.91537315690619669,0,0.1502,0.030321882142412254,0.75804705356030633,0.68180283325130719,0.0024105370341210011,0.0024105370341210011,0.033898316491609667,0.03102960898073014,18,849,1,2,1,1,9.3820926250000003
50,146.38592977480226,146.88045713835234,0.0033782438265129015,0.49998574471197244,-1.4255288027564816e-05,63.972500973767112,0.70637499999999998,0.31080000000000002,0.040000000000000001,1,0,0,21501.691286836838,0.090525318000218874,0,1,0.040000000000000001,0.25,0,1,0,0,0,0,0,0,0,0.70755169306219434,0.95519782631242411,0.91300614000530878,0.9612032966933628,0.9169954967388565,0.25,1,0.95519782631242411,0.91300614000530878,0.95519782631242411,0.91300614000530844,0,0.12280000000000001,0.033343106712639271,0.83357766781598175,0.70755169306219434,0.0025015730010215015,0.0025015730010215019,0.032152359525124484,0.029355301662096829,20,869,1,2,1,1,10.161981166666667
51,146.56265554413497,147.10164883418386,0.0036775622551856934,0.4999371588359306,-6.2841164069404876e-05,63.754860118458076,0.70452499999999996,0.30790000000000001,0.040000000000000001,1,0,0,21560.580744422052,0.07926697814739421,0,1,0.040000000000000001,0.25,0,1,0,0,0,0,0,0,0,0.64619919050723806,0.94796854546350318,0.91116086392558815,0.95862337423009436,0.9158231713920133,0.25,1,0.94796854546350318,0.91116086392558815,0.94796834224903292,0.91114767459842316,2.5000000000000001e-05,0.13412499999999999,0.036366156714318872,0.90915391785797173,0.64619919050723806,0.0022846591480246287,0.0022846591480246282,0.030361376177060532,0.027664097747460245,21,890,1,2,1,1,11.135207375
52,146.70477915341331,147.29997974453863,0.0040571315710369706,0.49998838913195442,-1.1610868045575096e-05,63.546291688208342,0.70274999999999999,0.30470000000000003,0.040000000000000001,1,0,0,21590.090875006812,0.069395397948286877,0,1,0.040000000000000001,0.25,0,1,0,0,0,0,0,0,0,0.59131174960003507,0.88317222034966114,0.9091940268788915,0.95862337423009436,0.91468088836406392,0.25,1,0.88317222034966114,0.9091940268788915,0.88550375225945765,0.90920873611411623,0,0.22775000000000001,0.030221918483017238,0.75554796207543096,0.59131174960003507,0.0020906027396873327,0.0020906027396873327,0.028542561365981767,0.025950726305774836,19,909,1,2,1,1,10.120075249999999
53,146.85486563454222,147.34700428227046,0.0033511906166797246,0.49998925420413071,-1.0745795869293584e-05,63.324840189280842,0.70084999999999997,0.30247499999999999,0.040000000000000001,1,0,0,21627.740181871493,0.060619963398029823,0,1,0.040000000000000001,0.25,0,1,0,0,0,0,0,0,0,0.64821552647968539,0.94717830223540544,0.90769586437251892,0.95862337423009436,0.9134973799136199,0.25,1,0.94717830223540544,0.90769586437251892,0.94717830223540544,0.90776691798714459,0,0.1716,0.03241598663983386,0.81039966599584645,0.64821552647968539,0.0022917879722209678,0.0022917879722209678,0.027127543495856409,0.024623559041774486,24,933,1,2,1,1,12.947514833333333
54,147.00353402271361,147.54768562716075,0.0037016226042773902,0.49999105738189425,-8.9426181057450371e-06,63.12507556615239,0.69899999999999995,0.30130000000000001,0.040000000000000001,1,0,0,21663.980250173954,0.052898351116450359,0,1,0.040000000000000001,0.25,0,1,0,0,0,0,0,0,0,0.5612879902127994,0.94379828622052719,0.90772211339902531,0.95600350530993217,0.91214184798385656,0.25,1,0.94379828622052719,0.90772211339902531,0.94379828622052719,0.90785318816544858,0,0.16744999999999999,0.029559892008520664,0.73899730021301657,0.5612879902127994,0.0019844527203901948,0.0019844527203901952,0.025575974249559374,0.023215877398049086,24,957,1,2,1,1,12.819341958333334
55,147.14000790658329,147.57049680573257,0.0029257093653453641,0.49999005592552193,-9.9440744780743273e-06,62.924791825235104,0.69669999999999999,0.29902499999999999,0.040000000000000001,1,0,0,21700.44869144565,0.046143156113863701,0,1,0.040000000000000001,0.25,0,1,0,0,0,0,0,0,0,0.61730130273501516,0.95207462115166508,0.90917048564620129,0.95472561094610831,0.91121920994399619,0.25,1,0.95207462115166508,0.90917048564620129,0.95207462115166508,0.90936801249942945,0,0.21510000000000001,0.025555424479147618,0.63888561197869043,0.61730130273501516,0.0021824896859960956,0.0021824896859960951,0.024482233026657734,0.02225852369054988,26,983,1,2,1,1,13.904062874999999
56,147.27130264594931,147.81929624364804,0.0037209801764037528,0.49998944017221236,-1.055982778763731e-05,62.778329656212037,0.6956,0.29775000000000001,0.040000000000000001,1,0,0,21728.19758001859,0.040355851972645483,0,1,0.040000000000000001,0.25,0,1,0,0,0,0,0,0,0,0.44276070350235713,0.96098394607239124,0.91396244760136547,0.95472561094610831,0.91121920994399619,0.25,1,0.96098394607239124,0.91396244760136547,0.96098394607239124,0.91422599581718078,0,0.16655,0.021858435031582243,0.54646087578955604,0.44276070350235713,0.0015653954794472155,0.001565395479447215,0.022863407294828941,0.020896295691688774,18,1001,1,2,1,1,9.9990552916666662
57,147.37373564227204,147.80541610606556,0.0029291546550829577,0.49998869592567974,-1.1304074320261925e-05,62.610093986831927,0.69389999999999996,0.29647499999999999,0.040000000000000001,1,0,0,21761.634026011918,0.035411360555623918,0,1,0.040000000000000001,0.25,0,1,0,0,0,0,0,0,0,0.54378824782345936,0.96003222987645853,0.91737521005895861,0.95472561094610831,0.91121920994399619,0.25,1,0.96003222987645853,0.91737521005895861,0.96003222987645853,0.91769704598440849,0,0.21462500000000001,0.022775612587424374,0.5693903146856093,0.54378824782345936,0.0019225817878275946,0.0019225817878275951,0.022010727992898049,0.02019209621603545,21,1022,1,2,1,1,11.237734124999999
58,147.48286665575728,148.00920066258817,0.0035687806913830898,0.49998678444374628,-1.3215556253720617e-05,62.420848220378744,0.69237499999999996,0.29549999999999998,0.040000000000000001,1,0,0,21798.728635335454,0.031361104418687426,0,1,0.040000000000000001,0.25,0,1,0,0,0,0,0,0,0,0.54599350615575959,0.92345498951913374,0.91979866135749733,0.95316400836572879,0.91121920994399619,0.25,1,0.92345498951913374,0.91979866135749733,0.92345498951913374,0.92016581474105053,0,0.24145,0.032016110391979824,0.8004027597994956,0.54599350615575959,0.0019303785534327828,0.0019303785534327833,0.021164458122169313,0.019467040249128147,28,1050,1,2,1,1,14.680249333333334
59,147.60860618661707,147.93407787577917,0.0022049641790575286,0.49999131529800422,-8.6847019957758675e-06,62.28528956634689,0.69097500000000001,0.2944,0.040000000000000001,1,0,0,21823.894174912024,0.028169274611424579,0,1,0.040000000000000001,0.25,0,1,0,0,0,0,0,0,0,0.45118700667451872,0.92989406552546128,0.92228565069645085,0.95316400836572879,0.91121920994399619,0.25,1,0.92989406552546128,0.92228565069645085,0.92989406552546128,0.92265247298503006,0,0.31407499999999999,0.01779298843682495,0.44482471092062376,0.45118700667451872,0.0015951869600140613,0.0015951869600140608,0.020349108048062371,0.018767690357199589,19,1069,1,2,1,1,10.2473835
60,147.68839381407403,148.06747903142434,0.002566790846324332,0.49996673146387577,-3.3268536124231307e-05,62.141636544187186,0.68920000000000003,0.29307499999999997,0.040000000000000001,1,0,0,21841.014003529606,0.025655267043319115,0,1,0.040000000000000001,0.25,0,1,0,0,0,0,0,0,0,0.48370921632469405,0.96099459837884404,0.92634934290504256,0.9536362237320446,0.91121920994399619,0.25,1,0.96099459837884404,0.92634934290504256,0.96099459837884404,0.9266409475985985,0,0.13289999999999999,0.02047646820997924,0.51191170524948104,0.48370921632469405,0.0017101703349281089,0.0017101703349281089,0.019557705381968982,0.018117267529317381,19,1088,1,2,1,1,9.9898340833333332
61,147.76999770835232,148.27777299652789,0.0034362542874077952,0.49998760185299779,-1.2398147002212756e-05,61.991359395405524,0.68752500000000005,0.29215000000000002,0.040000000000000001,1,0,0,21877.402637829859,0.023395602201942842,0,1,0.040000000000000001,0.25,0,1,0,0,0,0,0,0,0,0.47408164742444225,0.96897385688773341,0.93583660382351797,0.9536362237320446,0.91121920994399619,0.25,1,0.96897385688773341,0.93583660382351797,0.96897385688773341,0.93583660382351808,0,0.18332499999999999,0.018625808654664247,0.46564521636660616,0.47408164742444225,0.0016761317386495653,0.0016761317386495644,0.018949177972593923,0.017733334359119713,20,1108,1,2,1,1,11.437837833333333
62,147.87028702524557,148.38422986518987,0.0034756329367004453,0.49999406316942585,-5.9368305741491767e-06,61.851348230756152,0.68612499999999998,0.291325,0.040000000000000001,1,0,0,21900.467705005231,0.021350242744677918,0,1,0.040000000000000001,0.25,0,1,0,0,0,0,0,0,0,0.4115433830157042,0.96102522557019421,0.9399328543560217,0.9536362237320446,0.91208350196544852,0.25,1,0.96102522557019421,0.9399328543560217,0.96102522557019421,0.93993285435602181,0,0.18604999999999999,0.016552798442467313,0.41381996106168284,0.4115433830157042,0.0014550255844142854,0.0014550255844142852,0.018313600817320873,0.01721355508976118,20,1128,1,2,1,1,11.872708416666667
63,147.95746520476635,148.34415007105125,0.0026134866919336652,0.49998338215228616,-1.6617847713840117e-05,61.741548321711882,0.68447499999999994,0.29070000000000001,0.040000000000000001,1,0,0,21911.072496578123,0.019670134082202959,0,1,0.040000000000000001,0.25,0,1,0,0,0,0,0,0,0,0.34722850186573528,0.96527414405080725,0.94435377329663206,0.9536362237320446,0.91348429380333718,0.25,1,0.96527414405080725,0.94435377329663206,0.96527414405080725,0.94435377329663217,0,0.28497499999999998,0.012574060815497274,0.31435152038743186,0.34722850186573528,0.001227638141452536,0.0012276381414525355,0.01724945098655244,0.01628958412644611,16,1144,1,2,1,1,8.6803518333333329
64,148.01926065271874,148.37236733688789,0.0023855455203063312,0.49999267685554805,-7.3231444519539224e-06,61.629897967517486,0.68322499999999997,0.289775,0.040000000000000001,1,0,0,21938.402816268081,0.018174656089672461,0,1,0.040000000000000001,0.25,0,1,0,0,0,0,0,0,0,0.37280134669842258,0.97475341491788714,0.94786839349438579,0.9536362237320446,0.91466780225378119,0.25,1,0.97475341491788714,0.94786839349438579,0.97475341491788714,0.94786839349438567,0,0.124275,0.013272141810157819,0.33180354525394545,0.37280134669842258,0.0013180518014296585,0.001318051801429659,0.016583050067591899,0.015718549026805299,15,1159,1,2,1,1,7.9945096666666666
65,148.08534669787576,148.52187527265897,0.0029478174884772193,0.49998709582575257,-1.2904174247430067e-05,61.514938075050395,0.68217499999999998,0.28939999999999999,0.040000000000000001,1,0,0,21954.065714431435,0.016915559372798612,0,1,0.040000000000000001,0.25,0,1,0,0,0,0,0,0,0,0.35118424380857488,0.95874578255035847,0.9483949312260731,0.9536362237320446,0.9158231713920133,0.25,1,0.95874578255035847,0.9483949312260731,0.95874578255035847,0.9483949312260731,0,0.28599999999999998,0.017211131898227813,0.43027829745569529,0.35118424380857488,0.0012416238012145655,0.0012416238012145657,0.015642184182810371,0.01483496819228201,16,1175,1,2,1,1,9.483257291666666
66,148.14824863247054,148.52162973009879,0.0025203206995348709,0.49999314583430676,-6.8541656932374906e-06,61.342312421973119,0.68047500000000005,0.288275,0.040000000000000001,1,0,0,21987.682949375263,0.015771141343055045,0,1,0.040000000000000001,0.25,0,1,0,0,0,0,0,0,0,0.54892408583039665,0.9268454675434209,0.9494246155237166,0.9536362237320446,0.91682419796839409,0.25,1,0.9268454675434209,0.9494246155237166,0.9268454675434209,0.9494246155237166,0,0.20435,0.021001787963295861,0.52504469908239648,0.54892408583039665,0.0019407397172364995,0.0019407397172364995,0.016017528420599655,0.015207435762368032,27,1202,1,2,1,1,15.712105208333334
67,148.24485934772957,148.76624346782501,0.0035170468803403985,0.49998823258489256,-1.1767415107444279e-05,61.208535614860637,0.67937499999999995,0.2878,0.040000000000000001,1,0,0,22001.778386178801,0.014888313960613202,0,1,0.040000000000000001,0.25,0,1,0,0,0,0,0,0,0,0.4072261091456037,0.93411602521990922,0.94896214575127869,0.9536362237320446,0.91858693570822791,0.25,1,0.93411602521990922,0.94896214575127869,0.93411602521990922,0.94896214575127857,0,0.32990000000000003,0.015671746132908258,0.39179365332270644,0.4072261091456037,0.0014397617162653475,0.0014397617162653469,0.01553470834903741,0.014741850168522844,20,1222,1,2,1,1,11.857394625
68,148.30532670175359,148.60518285925116,0.0020218839347597548,0.49999175109140032,-8.2489085996839684e-06,61.06298592459445,0.67805000000000004,0.28692499999999999,0.040000000000000001,1,0,0,22028.955650023992,0.014064741790074803,0,1,0.040000000000000001,0.25,0,1,0,0,0,0,0,0,0,0.47178963097825866,0.8872378520158597,0.95349009060645495,0.95002158330758413,0.92104215602697415,0.25,1,0.8872378520158597,0.95349009060645495,0.8872378520158597,0.95349009060645507,0,0.31682500000000002,0.012672978562436562,0.31682446406091402,0.47178963097825866,0.0016680282367911277,0.0016680282367911277,0.015272358032395753,0.014562042044083246,25,1247,1,2,1,1,13.692916374999999
69,148.38933797832334,148.91943413420032,0.003572333181743906,0.49998239245906262,-1.7607540937381039e-05,60.954928009115193,0.67712499999999998,0.28670000000000001,0.040000000000000001,1,0,0,22040.759313461655,0.013304235764969322,0,1,0.040000000000000001,0.25,0,1,0,0,0,0,0,0,0,0.34281959868656942,0.88762088755402957,0.95229021918231749,0.95002158330758413,0.92431749680074671,0.25,1,0.88762088755402957,0.95229021918231749,0.88762088755402957,0.95229021918231738,0,0.27105000000000001,0.013529944430886452,0.33824861077216128,0.34281959868656942,0.0012120503147746203,0.0012120503147746201,0.014889221387156313,0.014178859898229135,16,1263,1,2,1,1,9.1594208333333338
70,148.44232195628342,148.77980485191398,0.0022734951271507812,0.49998966174776321,-1.0338252236785639e-05,60.765272582137378,0.67567500000000003,0.285775,0.040000000000000001,1,0,0,22078.801228546134,0.012569907301814377,0,1,0.040000000000000001,0.25,0,1,0,0,0,0,0,0,0,0.60197234483979001,0.90585860795906437,0.95402101228982961,0.94757342384945431,0.93109297336428032,0.25,1,0.90585860795906437,0.95402101228982961,0.90585860795906437,0.95402101228982972,0,0.30495,0.01959434707168526,0.48985867679213146,0.60197234483979001,0.0021282936356149117,0.0021282936356149113,0.015307344687843118,0.014603528474565437,35,1298,1,2,1,1,20.576438
71,148.54753375016023,149.0601151489509,0.003450622072613976,0.49998582198655128,-1.4178013448717941e-05,60.655797232373828,0.67459999999999998,0.285275,0.040000000000000001,1,0,0,22082.794642911987,0.012082562550636767,0,1,0.040000000000000001,0.25,0,1,0,0,0,0,0,0,0,0.37271201209898419,0.91607195691776555,0.9524054420965733,0.94548829422796632,0.93788472908976983,0.25,1,0.91607195691776555,0.9524054420965733,0.91607195691776555,0.95240544209657341,0,0.38600000000000001,0.012600884070147164,0.31502210175367906,0.37271201209898419,0.0013177359559243713,0.0013177359559243711,0.014948948905117923,0.014237460290857921,18,1316,1,2,1,1,11.512873125
72,148.57684215053862,148.88158558214116,0.0020510829762673544,0.4999897757680723,-1.0224231927702387e-05,60.512553718349082,0.67344999999999999,0.28484999999999999,0.040000000000000001,1,0,0,22112.246055541593,0.011552429397637801,0,1,0.040000000000000001,0.25,0,1,0,0,0,0,0,0,0,0.46455325735617053,0.85146519000147081,0.95135326607756976,0.94548829422796632,0.94214331382632688,0.25,1,0.85146519000147081,0.95135326607756976,0.85146519000147081,0.95135326607756987,0,0.35312500000000002,0.012046053693734122,0.30115134234335306,0.46455325735617053,0.0016424437924942379,0.0016424437924942379,0.015136367113197874,0.014400032289689915,26,1342,1,2,1,1,14.426779625
73,148.67566702766695,149.14809649231816,0.0031775842953729572,0.49998532680254693,-1.4673197453074494e-05,60.369052982126412,0.67232499999999995,0.284275,0.040000000000000001,1,0,0,22130.106736234666,0.011083099802182328,0,1,0.040000000000000001,0.25,0,1,0,0,0,0,0,0,0,0.49378133806001817,0.95142612362667822,0.95195711414021777,0.94761220492360265,0.94611108339550887,0.25,1,0.95142612362667822,0.95195711414021777,0.95142612362667822,0.95195711414021777,0,0.27445000000000003,0.017362086278315245,0.43405215695788113,0.49378133806001817,0.0017457806628280296,0.0017457806628280292,0.01565450963457337,0.0149024218150087,28,1370,1,2,1,1,16.178227708333335
74,148.75022328962001,149.29911096117738,0.0036899956142497359,0.49999150191520675,-8.4980847932514259e-06,60.20464814273889,0.67100000000000004,0.28384999999999999,0.040000000000000001,1,0,0,22162.325991367623,0.010773759621346657,0,1,0.040000000000000001,0.25,0,1,0,0,0,0,0,0,0,0.52115431092133857,0.9784487764782015,0.95397845489118671,0.95175037238917159,0.94813166236022939,0.25,1,0.9784487764782015,0.95397845489118671,0.9784487764782015,0.9539784548911866,0,0.23247499999999999,0.018953407450661913,0.4738351862665478,0.52115431092133857,0.0018425587364854046,0.0018425587364854046,0.016179016569629112,0.015434433228753689,30,1400,1,2,1,1,16.542810333333332
75,148.83665787720278,149.4152294486554,0.0038872921476775031,0.49999114364973346,-8.8563502665395255e-06,60.098202242642806,0.66992499999999999,0.28399999999999997,0.040000000000000001,1,0,0,22169.585997804734,0.010528864786678801,0,1,0.040000000000000001,0.25,0,1,0,0,0,0,0,0,0,0.33564829891942016,0.91926843985407813,0.95094137098724407,0.94277107442329378,0.94867853848867589,0.25,1,0.91926843985407813,0.95094137098724407,0.91926843985407813,0.95094137098724418,0,0.28702499999999997,0.01275145424040177,0.31878635601004424,0.33564829891942016,0.0011866959412982566,0.0011866959412982563,0.016124088709712804,0.015333063023534238,16,1416,1,2,1,1,10.076238416666667
76,148.88300536065535,149.14903157831964,0.0017868138611244868,0.49998406875373941,-1.5931246260592058e-05,59.951380453270694,0.66884999999999994,0.28360000000000002,0.040000000000000001,1,0,0,22199.288591864512,0.010342317728404835,0,1,0.040000000000000001,0.25,0,1,0,0,0,0,0,0,0,0.47353117589338567,0.85601634499101298,0.95397899177712597,0.93200504537268525,0.9491933806374977,0.25,1,0.85601634499101298,0.95397899177712597,0.85601634499101298,0.95397899177712597,0,0.31769999999999998,0.010509739487684529,0.26274348719211321,0.47353117589338567,0.001674185527887264,0.0016741855278872631,0.015857534520363568,0.015127754793807407,29,1445,1,2,1,1,16.239910416666667
77,148.96703381524807,149.34470891107156,0.0025352931192272488,0.49998675573995277,-1.3244260047229339e-05,59.828008633958177,0.66800000000000004,0.28325,0.040000000000000001,1,0,0,22212.830552227981,0.010111217594878171,0,1,0.040000000000000001,0.25,0,1,0,0,0,0,0,0,0,0.4465628598898293,0.96037599820024444,0.9578515594178465,0.93200504537268525,0.95018299325548039,0.25,1,0.96037599820024444,0.9578515594178465,0.96037599820024444,0.9578515594178465,0,0.28315000000000001,0.014147619757495549,0.35369049393738872,0.4465628598898293,0.0015788381322707819,0.0015788381322707813,0.015996610936369001,0.015322378730801625,26,1471,1,2,1,1,15.688797833333334
78,149.0250186326391,149.55790472069117,0.0035758162820008202,0.49998945268134992,-1.0547318650078186e-05,59.666574280269046,0.66715000000000002,0.28289999999999998,0.040000000000000001,1,0,0,22245.035916256154,0.0099673117506955452,0,1,0.040000000000000001,0.25,0,1,0,0,0,0,0,0,0,0.53151459162854275,0.97960672337868138,0.96005611999771345,0.94277107442329378,0.95114731853240686,0.25,1,0.97960672337868138,0.96005611999771345,0.97960672337868138,0.96005611999771356,0,0.151925,0.017387643490317826,0.43469108725794564,0.53151459162854275,0.0018791878602007056,0.001879187860200705,0.016207770559778581,0.015560369317434193,32,1503,1,2,1,1,18.486957208333333
79,149.10881435727151,149.67780955222017,0.0038159729014095515,0.49999102686443164,-8.9731355683575487e-06,59.555728052469625,0.6663,0.28294999999999998,0.040000000000000001,1,0,0,22255.262310195809,0.0098923270853766912,0,1,0.040000000000000001,0.25,0,1,0,0,0,0,0,0,0,0.35803597091967643,0.95761961850193977,0.96128630557933425,0.954522871064309,0.95165519010889377,0.25,1,0.95761961850193977,0.96128630557933425,0.95761961850193977,0.96128630557933425,0,0.22752500000000001,0.013755331939559972,0.34388329848899929,0.35803597091967643,0.0012658483147300636,0.001265848314730064,0.016261568559734024,0.015632023163711775,20,1523,1,2,1,1,11.770717208333334
80,149.15289084901173,149.55358186864365,0.0026864448778102651,0.49999261699773334,-7.383002266658778e-06,59.414096334386691,0.66547500000000004,0.28289999999999998,0.040000000000000001,1,0,0,22276.142051048861,0.0098717903175334545,0,1,0.040000000000000001,0.25,0,1,0,0,0,0,0,0,0,0.44604308855253871,0.94326915716269299,0.96295090309612508,0.94734764039468566,0.95212366666126758,0.25,1,0.94326915716269299,0.96295090309612508,0.94326915716269299,0.96295090309612497,0,0.31374999999999997,0.011504729946248932,0.28761824865622326,0.44604308855253871,0.0015770004630844591,0.0015770004630844597,0.015710275387203571,0.015128223871996504,28,1551,1,2,1,1,16.299313458333334
81,149.23384126060506,149.64491071094483,0.0027545323960529947,0.49998383469907687,-1.6165300923132175e-05,59.291565628564513,0.66322499999999995,0.28270000000000001,0.040000000000000001,1,0,0,22292.421156928995,0.0096770246741643695,0,1,0.040000000000000001,0.25,0,1,0,0,0,0,0,0,0,0.37446782633260761,0.97136020599546979,0.96544995688158131,0.94734764039468566,0.95234783063944539,0.25,1,0.97136020599546979,0.96544995688158131,0.97136020599546979,0.96544995688158119,0,0.21010000000000001,0.0092698858951741295,0.23174714737935323,0.37446782633260761,0.0013239436966798661,0.0013239436966798657,0.015716483127959067,0.015173477958218181,24,1575,1,2,1,1,14.048635875
82,149.28341133022107,149.5717053533607,0.0019311859272957616,0.49999318764519712,-6.8123548028764525e-06,59.190087290464511,0.66095000000000004,0.2828,0.040000000000000001,1,0,0,22303.987937974583,0.0096872414647625783,0,1,0.040000000000000001,0.25,0,1,0,0,0,0,0,0,0,0.38471400600501987,0.89279405267377332,0.96520629443805417,0.93869259119130111,0.95294776635151413,0.25,1,0.89279405267377332,0.96520629443805417,0.89279405267377332,0.96520629443805417,0,0.32679999999999998,0.009364419237045802,0.23411048092614503,0.38471400600501987,0.0013601694123179585,0.0013601694123179583,0.015434208747782788,0.014897195433030825,23,1598,1,2,1,1,13.901817458333333
83,149.32254921812387,149.75749163081008,0.002912771145172903,0.49999405882197717,-5.9411780228280087e-06,59.06264870666471,0.65892499999999998,0.28282499999999999,0.040000000000000001,1,0,0,22322.974161191807,0.0095869036735435047,0,1,0.040000000000000001,0.25,0,1,0,0,0,0,0,0,0,0.42109204545090445,0.9110276787760806,0.96487466098878538,0.93048074638166511,0.95373427274882083,0.25,1,0.9110276787760806,0.96487466098878538,0.9110276787760806,0.96487466098878572,0,0.21679999999999999,0.0091686027454746036,0.22921506863686508,0.42109204545090445,0.0014887852042102421,0.0014887852042102421,0.015177213289165003,0.014644108527137571,26,1624,1,2,1,1,15.379287124999999
84,149.39151048869226,149.89312201403354,0.00335769766100091,0.49998531198718377,-1.4688012816232998e-05,58.945715660415424,0.65717499999999995,0.28317500000000001,0.040000000000000001,1,0,0,22340.929884834226,0.0094586261272005586,0,1,0.040000000000000001,0.25,0,1,0,0,0,0,0,0,0,0.38870192324830466,0.95981648293957866,0.96562844225587663,0.93048074638166511,0.95397872333415634,0.25,1,0.95981648293957866,0.96562844225587663,0.95981648293957866,0.96562844225587674,0,0.2319,0.012048218927729476,0.30120547319323687,0.38870192324830466,0.0013742688289456457,0.0013742688289456457,0.014708923381625242,0.014203354772259823,23,1647,1,2,1,1,14.346326916666667
85,149.44732375482337,149.85781512069391,0.0027467294532752908,0.49998711672476503,-1.2883275234965019e-05,58.82090088438283,0.65557500000000002,0.28289999999999998,0.040000000000000001,1,0,0,22360.378037660012,0.0092435685917416389,0,1,0.040000000000000001,0.25,0,1,0,0,0,0,0,0,0,0.42661983552001159,0.97797874899909543,0.97067700195714435,0.93048074638166511,0.95400000203347779,0.25,1,0.97797874899909543,0.97067700195714435,0.97797874899909543,0.97067700195714446,0,0.14695,0.013095128517811916,0.3273782129452979,0.42661983552001159,0.0015083288934244485,0.0015083288934244485,0.015030556333751435,0.01458981535979381,26,1673,1,2,1,1,15.3239465
86,149.50330353698018,149.97427312936364,0.0031502286654619539,0.4999788644131184,-2.1135586881604329e-05,58.71350965340875,0.65439999999999998,0.28284999999999999,0.040000000000000001,1,0,0,22365.419318268425,0.0091225494764151285,0,1,0.040000000000000001,0.25,0,1,0,0,0,0,0,0,0,0.37050370761169166,0.98027196157290586,0.97078738168223644,0.93869259119130111,0.95593628585383805,0.25,1,0.98027196157290586,0.97078738168223644,0.98027196157290586,0.97078738168223666,0,0.29270000000000002,0.013818030297840818,0.34545075744602044,0.37050370761169166,0.0013099284205349252,0.0013099284205349254,0.014666299226399096,0.014237858224964189,22,1695,1,2,1,1,12.874500791666666
87,149.5509930916997,150.01058978053558,0.0030731771105931604,0.49999347668667532,-6.5233133246800357e-06,58.600379801605662,0.65327500000000005,0.28297499999999998,0.040000000000000001,1,0,0,22389.173756360851,0.0089080523080402943,0,1,0.040000000000000001,0.25,0,1,0,0,0,0,0,0,0,0.39025423413253874,0.98792865759132831,0.97232801508819777,0.94734764039468566,0.95895383970777992,0.25,1,0.98792865759132831,0.97232801508819777,0.98792865759132831,0.97232801508819777,0,0.116275,0.011616815282098727,0.29042038205246817,0.39025423413253874,0.0013797570767094037,0.0013797570767094028,0.014467218170837718,0.014066881527898546,24,1719,1,2,1,1,14.179967041666666
88,149.60420953104031,150.13037677056209,0.0035170617268801664,0.49998974945710289,-1.0250542897105586e-05,58.497516129107986,0.65234999999999999,0.28297499999999998,0.040000000000000001,1,0,0,22392.3680356798,0.0087426540306064573,0,1,0.040000000000000001,0.25,0,1,0,0,0,0,0,0,0,0.32015992331363219,0.8960104680493115,0.96720237640625206,0.94734764039468566,0.96067121278852385,0.25,1,0.8960104680493115,0.96720237640625206,0.8960104680493115,0.96720237640625206,0,0.264625,0.011473623659579553,0.28684059148948882,0.32015992331363219,0.0011319362641961717,0.0011319362641961706,0.013719966574833183,0.013269984275393,16,1735,1,2,1,1,10.098709291666667
89,149.63004250259462,149.85334925446256,0.0014923924910605134,0.49998394183952549,-1.6058160474508032e-05,58.349465239778851,0.65107499999999996,0.28287499999999999,0.040000000000000001,1,0,0,22424.719702984654,0.0084236545382720806,0,1,0.040000000000000001,0.25,0,1,0,0,0,0,0,0,0,0.50999220907206955,0.78321861278609617,0.96577284397328267,0.94734764039468566,0.96211860433772967,0.25,1,0.78321861278609617,0.96577284397328267,0.78321861278609617,0.96577284397328267,0,0.41702499999999998,0.0093440253208396558,0.23360063302099138,0.50999220907206955,0.0018030947469358392,0.0018030947469358392,0.014257213007038957,0.013769229152940892,33,1768,1,2,1,1,18.427744166666667
90,149.71533439454313,150.14726753830001,0.0028850294160156676,0.49999274181885123,-7.2581811487726355e-06,58.245991572280396,0.64980000000000004,0.28317500000000001,0.040000000000000001,1,0,0,22435.593780600575,0.0082122723272072505,0,1,0.040000000000000001,0.25,0,1,0,0,0,0,0,0,0,0.37879987648204899,0.9252414465075175,0.96562489740473445,0.94734764039468566,0.96391278204245523,0.25,1,0.9252414465075175,0.96562489740473445,0.9252414465075175,0.96562489740473434,0,0.27402500000000002,0.010626446600057364,0.26566116500143411,0.37879987648204899,0.0013392598068654171,0.0013392598068654169,0.014019472350819915,0.013537551550428991,23,1791,1,2,1,1,13.819881791666667
91,149.75839135131272,150.20606407792877,0.0029892997819792881,0.49998521341885827,-1.47865811417347e-05,58.115075364831881,0.64862500000000001,0.28360000000000002,0.040000000000000001,1,0,0,22440.652049237302,0.0080341768131633132,0,1,0.040000000000000001,0.25,0,1,0,0,0,0,0,0,0,0.43105195503696014,0.96429632076937655,0.96655559848470962,0.954522871064309,0.96504047771341983,0.25,1,0.96429632076937655,0.96655559848470962,0.96429632076937655,0.96655559848470951,0,0.30969999999999998,0.012988408145197038,0.32471020362992598,0.43105195503696014,0.0015239988022517665,0.0015239988022517663,0.014219527456391816,0.013743963870782552,27,1818,1,2,1,1,15.553001708333333
92,149.81697794006536,150.25515962154574,0.0029247798714487658,0.49999377742445622,-6.2225755437794739e-06,58.014098360087139,0.64762500000000001,0.28410000000000002,0.040000000000000001,1,0,0,22465.444331276973,0.0077501042703827412,0,1,0.040000000000000001,0.25,0,1,0,0,0,0,0,0,0,0.37793347569324487,0.96547493571673193,0.96943852675479814,0.95871805072075922,0.96532812565981774,0.25,1,0.96547493571673193,0.96943852675479814,0.96547493571673193,0.96943852675479791,0,0.20622499999999999,0.0094177546448237538,0.23544386612059384,0.37793347569324487,0.0013361966175004733,0.0013361966175004724,0.014195554661574329,0.013761717597583824,24,1842,1,2,1,1,14.037444375
93,149.85408197946066,150.45738386547842,0.0040259289440006743,0.49999451180979387,-5.4881902061265642e-06,57.893692413384024,0.64685000000000004,0.28437499999999999,0.040000000000000001,1,0,0,22478.995017451107,0.007607148412547453,0,1,0.040000000000000001,0.25,0,1,0,0,0,0,0,0,0,0.37723337635406085,0.93449055807163772,0.96893238469433907,0.95871805072075922,0.96553742714315782,0.25,1,0.93449055807163772,0.96893238469433907,0.93449055807163772,0.96893238469433907,0,0.32082500000000003,0.012603795278496421,0.31509488196241053,0.37723337635406085,0.0013337213925492671,0.001333721392549268,0.014040490849913356,0.013604286281485595,22,1864,1,2,1,1,13.803094833333333
94,149.9046136775809,150.25805768265835,0.0023577927083528369,0.49999587799738821,-4.1220026117949615e-06,57.783873627807701,0.64457500000000001,0.284275,0.040000000000000001,1,0,0,22490.399682639523,0.007434905268976005,0,1,0.040000000000000001,0.25,0,1,0,0,0,0,0,0,0,0.37482374651863903,0.92569969628676074,0.9673566887589079,0.95044438783231633,0.96562666983030554,0.25,1,0.92569969628676074,0.9673566887589079,0.92569969628676074,0.9673566887589079,0,0.175425,0.0079480430210694484,0.19870107552673621,0.37482374651863903,0.0013252020645653862,0.0013252020645653866,0.013991424085533097,0.013534697674402928,23,1887,1,2,1,1,13.953894125
95,149.95118623228322,150.28115004126624,0.0022004748163304993,0.49999244481118638,-7.5551888136238254e-06,57.671311626786427,0.64295000000000002,0.28432499999999999,0.040000000000000001,1,0,0,22501.69145777341,0.0072980702603836689,0,1,0.040000000000000001,0.25,0,1,0,0,0,0,0,0,0,0.38072621916700333,0.88433621096290971,0.96470170514677789,0.95044438783231633,0.96562666983030554,0.25,1,0.88433621096290971,0.96470170514677789,0.88433621096290971,0.96470170514677789,0,0.21729999999999999,0.0080175131598906688,0.20043782899726673,0.38072621916700333,0.0013460704567425188,0.001346070456742519,0.013829165648851166,0.013341019682203968,23,1910,1,2,1,1,14.136649416666666
96,149.98701850130456,150.30428139923774,0.0021152690486371437,0.49999454086414152,-5.4591358584765715e-06,57.564709742315458,0.641625,0.28397499999999998,0.040000000000000001,1,0,0,22516.943701985427,0.007069753737093688,0,1,0.040000000000000001,0.25,0,1,0,0,0,0,0,0,0,0.37505750918931213,0.86860594732914609,0.96238170107779741,0.95044438783231633,0.96562666983030554,0.25,1,0.86860594732914609,0.96238170107779741,0.86860594732914609,0.96238170107779741,0,0.28060000000000002,0.0078296649748084268,0.19574162437021067,0.37505750918931213,0.0013260285404134923,0.001326028540413493,0.013845265768729737,0.013324430422384322,23,1933,1,2,1,1,13.649578291666666
97,150.04299390372455,150.38182817669855,0.0022582478805469007,0.49999570280123734,-4.2971987626594377e-06,57.452439122233876,0.64052500000000001,0.28402500000000003,0.040000000000000001,1,0,0,22530.655403754237,0.0069989797982092893,0,1,0.040000000000000001,0.25,0,1,0,0,0,0,0,0,0,0.36956244035642477,0.88474721932455058,0.96022216565419027,0.9388798576171653,0.96562666983030554,0.25,1,0.88474721932455058,0.96022216565419027,0.88474721932455058,0.96022216565419027,0,0.39655000000000001,0.0071557162796412437,0.17889290699103108,0.36956244035642477,0.0013066005382393849,0.0013066005382393845,0.013772109230259717,0.01322428455070605,23,1956,1,2,1,1,13.794259875
98,150.08315651358404,150.40323631319137,0.0021326830208182436,0.49999222762824691,-7.7723717530897574e-06,57.340170775583701,0.63942500000000002,0.28437499999999999,0.040000000000000001,1,0,0,22542.078187264186,0.0068372253715351938,0,1,0.040000000000000001,0.25,0,1,0,0,0,0,0,0,0,0.37491994830294129,0.88332284334754885,0.965193369781153,0.93009512717919929,0.96562666983030554,0.25,1,0.88332284334754885,0.965193369781153,0.88332284334754885,0.96519336978115289,0,0.26205000000000001,0.0078327199922875318,0.19581799980718828,0.37491994830294129,0.001325542189235598,0.0013255421892355975,0.013965715155299142,0.013479615672146898,23,1979,1,2,1,1,13.812268375
99,150.12676713570806,150.43546458446792,0.0020562452296119128,0.49998012234100625,-1.9877658993749936e-05,57.182719634517063,0.63795000000000002,0.28432499999999999,0.040000000000000001,1,0,0,22567.223368111077,0.0068433637282142362,0,1,0.040000000000000001,0.25,0,1,0,0,0,0,0,0,0,0.50157636531273631,0.89527452793010709,0.96636827312835283,0.92547057139713917,0.96570064311457959,0.25,1,0.89527452793010709,0.96636827312835283,0.89527452793010709,0.96636827312835272,0,0.23050000000000001,0.010488462442012738,0.26221156105031845,0.50157636531273631,0.0017733402459776842,0.0017733402459776837,0.013935960654340988,0.013467270231920171,35,2014,1,2,1,1,19.566972541666665
100,150.19924481078465,150.50688514316735,0.0020482149079395001,0.49997989820658667,-2.0101793413329627e-05,57.03380777363666,0.63660000000000005,0.28412500000000002,0.040000000000000001,1,0,0,22586.193249863092,0.0067175590422246575,0,1,0.040000000000000001,0.25,0,1,0,0,0,0,0,0,0,0.49273037605910042,0.94035058408176253,0.96603995507339779,0.92547057139713917,0.96590639952334023,0.25,1,0.94035058408176253,0.96603995507339779,0.94035058408176253,0.96603995507339768,0,0.20269999999999999,0.010789666483947332,0.26974166209868328,0.49273037605910042,0.001742064951039938,0.001742064951039938,0.014338765798515509,0.013851820667805895,35,2049,1,2,1,1,19.654231750000001
101,150.25958198024875,150.53994236096361,0.0018658402813319821,0.4999796043045846,-2.0395695415398318e-05,56.891940787181447,0.63517500000000005,0.28442499999999998,0.040000000000000001,1,0,0,22603.434878103926,0.0066731845085540838,0,1,0.040000000000000001,0.25,0,1,0,0,0,0,0,0,0,0.49215158754036065,0.94575357131713311,0.96652990754862333,0.92547057139713917,0.96620411410087526,0.25,1,0.94575357131713311,0.96652990754862333,0.94575357131713311,0.96652990754862367,0,0.36559999999999998,0.010186488408113519,0.25466221020283797,0.49215158754036065,0.0017400186246075689,0.0017400186246075684,0.014554785620871313,0.014067635600530783,35,2084,1,2,1,1,19.468397249999999
102,150.31307852675641,150.58571772434331,0.0018138088864859939,0.49999016699062249,-9.8330093775134131e-06,56.785787413957308,0.63407500000000006,0.28439999999999999,0.040000000000000001,1,0,0,22614.059011389883,0.0067337931195957162,0,1,0.040000000000000001,0.25,0,1,0,0,0,0,0,0,0,0.39063717150814026,0.92397445833357961,0.9660289589983927,0.92547057139713917,0.96620411410087526,0.25,1,0.92397445833357961,0.9660289589983927,0.92397445833357961,0.9660289589983927,0,0.25390000000000001,0.0076531330507222297,0.19132832626805574,0.39063717150814026,0.0013811109647846919,0.0013811109647846919,0.014599699968155532,0.014103732961926156,27,2111,1,2,1,1,15.262114083333334
103,150.3559027385578,150.67771892822378,0.0021403628577559872,0.49998208061396854,-1.7919386031461926e-05,56.662061084112572,0.63327500000000003,0.28460000000000002,0.040000000000000001,1,0,0,22629.51293760625,0.006671593096734308,0,1,0.040000000000000001,0.25,0,1,0,0,0,0,0,0,0,0.42012651139716661,0.91225962795608107,0.96760223616288021,0.92547057139713917,0.96644909033848814,0.25,1,0.91225962795608107,0.96760223616288021,0.91225962795608107,0.96760223616288021,0,0.33692499999999997,0.0085286670459810057,0.21321667614952514,0.42012651139716661,0.0014853715258259191,0.0014853715258259191,0.01475135010143218,0.014273439344567308,29,2140,1,2,1,1,16.640383750000002
104,150.40359181043669,150.71777614737712,0.0020889417144798984,0.49998163944576279,-1.8360554237206728e-05,56.534899467626985,0.63190000000000002,0.284775,0.040000000000000001,1,0,0,22646.485599340824,0.006642391720107165,0,1,0.040000000000000001,0.25,0,1,0,0,0,0,0,0,0,0.44001694425671906,0.92370837650884741,0.96831690427063932,0.92460795242054861,0.96654275301666648,0.25,1,0.92370837650884741,0.96831690427063932,0.92370837650884741,0.9683169042706391,0,0.37645000000000001,0.0090569756883890715,0.22642439220972679,0.44001694425671906,0.0015556948256045455,0.0015556948256045455,0.01498184286247134,0.014507171700857422,31,2171,1,2,1,1,17.499757500000001
105,150.46065330981972,150.76915206101401,0.0020503616354705721,0.49998096248474222,-1.9037515257780413e-05,56.408017480768343,0.63109999999999999,0.285275,0.040000000000000001,1,0,0,22661.688202901343,0.0066674684375289082,0,1,0.040000000000000001,0.25,0,1,0,0,0,0,0,0,0,0.43358718009226244,0.93046798397881314,0.96973848435441157,0.92460795242054861,0.96654275301666648,0.25,1,0.93046798397881314,0.96973848435441157,0.93046798397881314,0.96973848435441135,0,0.3639,0.0085452167844935912,0.21363041961233978,0.43358718009226244,0.0015329621763939579,0.0015329621763939575,0.015168734582122777,0.01470970568324209,31,2202,1,2,1,1,17.822058875
106,150.50798085096935,150.80093462393276,0.0019464334801853006,0.49998086649423867,-1.9133505761326219e-05,56.29870147604683,0.63014999999999999,0.28537499999999999,0.040000000000000001,1,0,0,22675.156581369822,0.0067465341735109506,0,1,0.040000000000000001,0.25,0,1,0,0,0,0,0,0,0,0.40958845957460094,0.92210520124366602,0.9702289244125476,0.92384141742121351,0.96654275301666648,0.25,1,0.92210520124366602,0.9702289244125476,0.92210520124366602,0.97022892441254749,0,0.36067500000000002,0.0075485552530744288,0.18871388132686071,0.40958845957460094,0.001448113886304762,0.0014481138863047616,0.015290819928014046,0.014835595772143016,29,2231,1,2,1,1,16.822713166666666
107,150.55501397129399,150.88664823035009,0.0022027446998167336,0.49998182632987564,-1.8173670124355112e-05,56.174176158720691,0.62882499999999997,0.28575,0.040000000000000001,1,0,0,22691.184892691534,0.0067717694662969017,0,1,0.040000000000000001,0.25,0,1,0,0,0,0,0,0,0,0.42781278034640996,0.9191193812460775,0.97062344552914903,0.92290678887625677,0.96654275301666648,0.25,1,0.9191193812460775,0.97062344552914903,0.9191193812460775,0.97062344552914881,0,0.39787499999999998,0.0086240318209247005,0.21560079552311751,0.42781278034640996,0.001512546590306087,0.0015125465903060866,0.015496765980080748,0.015041524390144875,31,2262,1,2,1,1,17.780848541666668
108,150.60476878042914,150.92464455570038,0.0021239418768843779,0.49997985745318363,-2.0142546816370732e-05,56.068874721409365,0.62785000000000002,0.28622500000000001,0.040000000000000001,1,0,0,22704.495024300199,0.0068522838186905457,0,1,0.040000000000000001,0.25,0,1,0,0,0,0,0,0,0,0.40475134328836515,0.9173938869003585,0.97125495685747376,0.92290678887625677,0.96654275301666648,0.25,1,0.9173938869003585,0.97125495685747376,0.9173938869003585,0.97125495685747398,0,0.38085000000000002,0.007575625014374753,0.18939062535936882,0.40475134328836515,0.001431012097667836,0.0014310120976678362,0.01560223588851299,0.015153748944777813,29,2291,1,2,1,1,17.210056291666668
109,150.64987307123658,150.98223833705393,0.0022062100620568164,0.49998043559576727,-1.9564404232730315e-05,55.928525532405558,0.62687499999999996,0.28649999999999998,0.040000000000000001,1,0,0,22722.293390691149,0.0069042385216306172,0,1,0.040000000000000001,0.25,0,1,0,0,0,0,0,0,0,0.46526945554657106,0.92379776046361783,0.9717139951572169,0.92375306848623262,0.96695614362180882,0.25,1,0.92379776046361783,0.9717139951572169,0.92379776046361783,0.97171399515721701,0,0.38080000000000003,0.009087185375595384,0.22717963438988459,0.46526945554657106,0.0016449759354797665,0.0016449759354797669,0.015473871578015072,0.015036177571622733,35,2326,1,2,1,1,19.466453666666666
110,150.70793511532065,151.02249258330676,0.0020871991096249078,0.49999174794004586,-8.2520599541391348e-06,55.834848743856149,0.62622500000000003,0.28697499999999998,0.040000000000000001,1,0,0,22730.803985422855,0.0069557231408687642,0,1,0.040000000000000001,0.25,0,1,0,0,0,0,0,0,0,0.37054641362722102,0.91341055547688721,0.97095573746802888,0.92290678887625677,0.967479462460894,0.25,1,0.91341055547688721,0.97095573746802888,0.91341055547688721,0.97095573746802888,0,0.405725,0.0070442515164589039,0.17610628791147259,0.37054641362722102,0.0013100794091008164,0.0013100794091008162,0.01504188603607595,0.01460500554906817,27,2353,1,2,1,1,15.502975708333333
111,150.74589076686263,151.08767834694243,0.0022673094327220525,0.49999279463932089,-7.2053606791078195e-06,55.748890392929106,0.62512500000000004,0.28765000000000002,0.040000000000000001,1,0,0,22738.887796260751,0.0069244675737242722,0,1,0.040000000000000001,0.25,0,1,0,0,0,0,0,0,0,0.33859259156961863,0.88382252720761689,0.96912891848513516,0.92061229124487176,0.96795957021675982,0.25,1,0.88382252720761689,0.96912891848513516,0.88382252720761689,0.96912891848513494,0,0.158025,0.0074403306175889394,0.18600826543972349,0.33859259156961863,0.0011971055877920218,0.0011971055877920216,0.014498972999260402,0.01405137402191841,23,2376,1,2,1,1,13.670892416666666
112,150.77816272810585,151.13966998754307,0.0023976101903371385,0.49998225629171122,-1.7743708288775473e-05,55.637530486871377,0.62457499999999999,0.28767500000000001,0.040000000000000001,1,0,0,22757.30261881492,0.0067981505074479198,0,1,0.040000000000000001,0.25,0,1,0,0,0,0,0,0,0,0.39994478068332628,0.88739724482467475,0.96880899300227841,0.918256634073218,0.96795957021675982,0.25,1,0.88739724482467475,0.96880899300227841,0.88739724482467475,0.96880899300227852,0,0.35254999999999997,0.0076049070958062502,0.19012267739515626,0.39994478068332628,0.0014140183326067327,0.0014140183326067331,0.014531880367082445,0.014078616384862724,29,2405,1,2,1,1,16.922272499999998
113,150.82769374706015,151.19844192976439,0.0024580909081987428,0.49999178046563392,-8.2195343660829145e-06,55.554932637976904,0.62387499999999996,0.28797499999999998,0.040000000000000001,1,0,0,22761.580460094461,0.0067698431381288896,0,1,0.040000000000000001,0.25,0,1,0,0,0,0,0,0,0,0.32992292331244022,0.89070335580310167,0.96757008842521208,0.9154022211886228,0.96758616229404615,0.25,1,0.89070335580310167,0.96757008842521208,0.89070335580310167,0.96757008842521208,0,0.38109999999999999,0.0083005501116163102,0.20751375279040776,0.32992292331244022,0.0011664536817155788,0.0011664536817155783,0.014212962522972102,0.013752037405136343,22,2427,1,2,1,1,13.314949374999999
114,150.86211917162069,151.20223249921349,0.0022544647354839978,0.49998500306808874,-1.4996931911259725e-05,55.442483186914536,0.62304999999999999,0.28849999999999998,0.040000000000000001,1,0,0,22781.758401317344,0.006683535880389572,0,1,0.040000000000000001,0.25,0,1,0,0,0,0,0,0,0,0.39951373904438997,0.88374039294221263,0.96679708859528501,0.91283509171648414,0.96758616229404615,0.25,1,0.88374039294221263,0.96679708859528501,0.88374039294221263,0.96679708859528501,0,0.39550000000000002,0.0076360069027157623,0.19090017256789404,0.39951373904438997,0.0014124943702774045,0.0014124943702774049,0.014069762067644962,0.013602605004227527,30,2457,1,2,0,1,17.150443791666667
115,150.90558643977593,151.31074994849746,0.0026848807806278481,0.49999395101311067,-6.0489868893287557e-06,55.364841556231056,0.62219999999999998,0.28887499999999999,0.040000000000000001,1,0,0,22790.653063182806,0.0065867143720351228,0,1,0.040000000000000001,0.25,0,1,0,0,0,0,0,0,0,0.34316828727922694,0.82768839650478887,0.96270196316847123,0.91283509171648414,0.96758616229404615,0.25,1,0.82768839650478887,0.96270196316847123,0.82768839650478887,0.96270196316847123,0,0.40837499999999999,0.0091543883928749091,0.22885970982187273,0.34316828727922694,0.0012132831151165729,0.0012132831151165733,0.013750083006367578,0.013237231903959503,22,2479,1,2,0,1,13.118449666666667
116,150.93329716071901,151.38246816954694,0.0029759570437902718,0.49999060726327371,-9.3927367262880423e-06,55.274486717375169,0.62152499999999999,0.28944999999999999,0.040000000000000001,1,0,0,22798.017448929146,0.0064446781489948205,0,1,0.040000000000000001,0.25,0,1,0,0,0,0,0,0,0,0.35265724356417832,0.82000532616289146,0.96087020589975003,0.91283509171648414,0.96758616229404615,0.25,1,0.82000532616289146,0.96087020589975003,0.82000532616289146,0.96087020589975014,0,0.2321,0.0087422539830449841,0.2185563495761246,0.35265724356417832,0.0012468316417939321,0.0012468316417939321,0.013548800761856749,0.013018638977739985,23,2502,1,2,0,1,13.588969458333333
117,150.98777975297014,151.42312345477288,0.0028833042151821735,0.49999070291838926,-9.2970816107373899e-06,55.179635470070068,0.62060000000000004,0.29004999999999997,0.040000000000000001,1,0,0,22813.039628615992,0.0062837818910423471,0,1,0.040000000000000001,0.25,0,1,0,0,0,0,0,0,0,0.3487921657664616,0.88846190458468222,0.96003469864062418,0.91283509171648414,0.96758616229404615,0.25,1,0.88846190458468222,0.96003469864062418,0.88846190458468222,0.96003469864062407,0,0.31182500000000002,0.012797947504022749,0.31994868760056872,0.3487921657664616,0.0012331665281910369,0.0012331665281910375,0.013269420699741699,0.012739104302612183,23,2525,1,2,0,1,13.546370749999999
118,151.02582578593712,151.45747633263534,0.0028581240622384705,0.49997881170264619,-2.1188297353813557e-05,55.092332159969502,0.61980000000000002,0.29060000000000002,0.040000000000000001,1,0,0,22815.826686314409,0.0061083596975632223,0,1,0.040000000000000001,0.25,0,1,0,0,0,0,0,0,0,0.3339981633143223,0.88092954884211139,0.9580313972461022,0.91283509171648414,0.96758616229404615,0.25,1,0.88092954884211139,0.9580313972461022,0.88092954884211139,0.9580313972461022,0,0.2419,0.011020143243193944,0.27550358107984857,0.3339981633143223,0.0011808618309170464,0.0011808618309170466,0.013019270432990912,0.012472869844043149,21,2546,1,2,0,1,12.494008166666667
119,151.06188236043553,151.49457933492073,0.0028643690103951976,0.4999668514553563,-3.3148544643701872e-05,55.017075770511269,0.61912500000000004,0.29110000000000003,0.040000000000000001,1,0,0,22835.005717358541,0.0058783154986635231,0,1,0.040000000000000001,0.25,0,1,0,0,0,0,0,0,0,0.32243776354601822,0.84020333906267719,0.95635599231047552,0.91283509171648414,0.96758616229404615,0.25,1,0.84020333906267719,0.95635599231047552,0.84020333906267719,0.95635599231047541,0,0.3901,0.017078853048430417,0.42697132621076045,0.32243776354601822,0.0011399896455700702,0.0011399896455700702,0.012514284143081214,0.011968110629711683,20,2566,1,2,0,1,11.772857
120,151.10167274588289,151.5570726882975,0.0030138643347812294,0.49998471914730491,-1.528085269508761e-05,54.930484525639244,0.6179,0.29104999999999998,0.040000000000000001,1,0,0,22846.967537104705,0.0056873103947606817,0,1,0.040000000000000001,0.25,0,1,0,0,0,0,0,0,0,0.36173683759330616,0.84406927767665718,0.95404146547443347,0.90148149187959137,0.96758616229404615,0.25,1,0.84406927767665718,0.95404146547443347,0.84406927767665718,0.95404146547443347,0,0.25787500000000002,0.022338545868587245,0.55846364671468107,0.36173683759330616,0.0012789328543360179,0.0012789328543360184,0.012483137588316416,0.011909430878476379,23,2589,1,2,0,1,12.824745708333333
121,151.13559230861043,151.77640839185418,0.0042400077536682308,0.49996649384389441,-3.350615610558938e-05,54.837379648346094,0.616475,0.29135,0.040000000000000001,1,0,0,22858.968938804745,0.005558186765168934,0,1,0.040000000000000001,0.25,0,1,0,0,0,0,0,0,0,0.3529253759377331,0.87551076662101934,0.95385851836181246,0.88958263019389194,0.96758616229404615,0.25,1,0.87551076662101934,0.95385851836181246,0.87551076662101934,0.95385851836181235,0,0.36607499999999998,0.024947240976536389,0.62368102441340967,0.3529253759377331,0.0012477796328919132,0.0012477796328919134,0.012533811633416308,0.011955482994076528,22,2611,1,2,0,1,12.456484333333334
122,151.18883001119727,151.8498506451792,0.0043721525851676876,0.49998670777329052,-1.3292226709482602e-05,54.741311171410835,0.61495,0.29162500000000002,0.040000000000000001,1,0,0,22888.717577320625,0.0054870949988280208,0,1,0.040000000000000001,0.25,0,1,0,0,0,0,0,0,0,0.40827200044630996,0.93795669858979991,0.95260210946861967,0.88958263019389194,0.96758616229404615,0.25,1,0.93795669858979991,0.95260210946861967,0.93795669858979991,0.95260210946861956,0,0.23222499999999999,0.028202037018809065,0.70505092547022663,0.40827200044630996,0.0014434595004209146,0.001443459500420915,0.012563252801230489,0.011967781120239709,24,2635,1,2,0,1,13.393870833333333
123,151.24066241305292,152.04847546656811,0.0053412424980589816,0.49994973935094583,-5.0260649054167938e-05,54.661416957830546,0.61362499999999998,0.29215000000000002,0.040000000000000001,1,0,0,22882.497296620415,0.0054315135665609793,0,1,0.040000000000000001,0.25,0,1,0,0,0,0,0,0,0,0.36122723145033431,0.95330392016762266,0.94980032069172593,0.88958263019389194,0.96718358851024855,0.25,1,0.95330392016762266,0.94980032069172593,0.95330392016762266,0.94980032069172593,0,0.30622500000000002,0.024146580861926233,0.60366452154815575,0.36122723145033431,0.0012771311245388694,0.0012771311245388696,0.012673930244053781,0.012037703010226846,18,2653,1,2,0,1,10.26498275
124,151.28182376142092,152.06880507172195,0.0052020876714319588,0.49997340237263277,-2.6597627367230814e-05,54.563630660004051,0.61232500000000001,0.29242499999999999,0.040000000000000001,1,0,0,22920.000616703557,0.0053792522655375609,0,1,0.040000000000000001,0.25,0,1,0,0,0,0,0,0,0,0.4175206419148485,0.95114294838989122,0.95043677416262651,0.88958263019389194,0.96474952588187812,0.25,1,0.95114294838989122,0.95043677416262651,0.95114294838989122,0.95043677416262662,0,0.31507499999999999,0.027605926091430338,0.69014815228575843,0.4175206419148485,0.0014761583859167482,0.0014761583859167482,0.012737594259693126,0.012106277998775124,24,2677,1,2,0,1,13.804222625
125,151.33772667524104,152.30879854189541,0.0064165881699691073,0.49998457701167442,-1.5422988325575204e-05,54.456341476518809,0.61099999999999999,0.29262500000000002,0.040000000000000001,1,0,0,22935.582828979841,0.0053891180170611468,0,1,0.040000000000000001,0.25,0,1,0,0,0,0,0,0,0,0.410967636948674,0.9490457149415743,0.9524653030101039,0.88958263019389194,0.96178608453411063,0.25,1,0.9490457149415743,0.9524653030101039,0.9490457149415743,0.95246530301010379,0,0.28455000000000003,0.026980035795100984,0.67450089487752463,0.410967636948674,0.0014529900146730925,0.0014529900146730921,0.012977301159249643,0.012360429080898084,23,2700,1,2,0,1,13.9675075
126,151.39823569840493,152.25144373163712,0.0056355216379921236,0.49997941904679655,-2.0580953203452879e-05,54.30930508255738,0.60945000000000005,0.29254999999999998,0.040000000000000001,1,0,0,22961.184955421504,0.0054562815191685019,0,1,0.040000000000000001,0.25,0,1,0,0,0,0,0,0,0,0.51025361685699344,0.94740992573189287,0.95053573630666444,0.88958263019389194,0.96045245227018716,0.25,1,0.94740992573189287,0.95053573630666444,0.94740992573189287,0.95053573630666433,0,0.27552500000000002,0.029931766038890213,0.74829415097225527,0.51025361685699344,0.0018040189630227125,0.0018040189630227129,0.013534488480478423,0.012865014973325626,32,2732,1,2,0,1,19.577788541666667
127,151.48092556515488,152.20397762325683,0.0047732218126100472,0.49998483586557957,-1.5164134420431186e-05,54.208335667168306,0.60814999999999997,0.29277500000000001,0.040000000000000001,1,0,0,22968.40796373237,0.0056305245391014801,0,1,0.040000000000000001,0.25,0,1,0,0,0,0,0,0,0,0.37858305512895046,0.94982557980345028,0.94737911229445226,0.88958263019389194,0.95903304794336319,0.25,1,0.94982557980345028,0.94737911229445226,0.94982557980345028,0.94737911229445226,0,0.22835,0.019858446533848009,0.49646116334620022,0.37858305512895046,0.0013384932276200071,0.0013384932276200073,0.013639815179907394,0.012922075997001061,22,2754,1,2,0,1,13.141091125000001
128,151.52857006982981,152.08767115760406,0.0036897404068196383,0.49997121183018162,-2.8788169818383391e-05,54.121127250400477,0.60699999999999998,0.29272500000000001,0.040000000000000001,1,0,0,22975.082238887433,0.0057747585531734416,0,1,0.040000000000000001,0.25,0,1,0,0,0,0,0,0,0,0.35778273668020971,0.93017067937375941,0.9463228476809733,0.88958263019389194,0.95719369477828886,0.25,1,0.93017067937375941,0.9463228476809733,0.93017067937375941,0.9463228476809733,0,0.28220000000000001,0.019298335821096239,0.48245839552740599,0.35778273668020971,0.0012649529964902859,0.0012649529964902854,0.013723906345480633,0.012987246134162212,21,2775,1,2,0,1,13.068108333333333
129,151.57673991198362,152.06161199016819,0.0031988554343240086,0.4999797738088666,-2.0226191133398963e-05,54.010922491200354,0.605325,0.29304999999999998,0.040000000000000001,1,0,0,23004.83257104913,0.0059823952100922914,0,1,0.040000000000000001,0.25,0,1,0,0,0,0,0,0,0,0.44408440687812678,0.92023834675132854,0.94312706012798952,0.88958263019389194,0.9551987288924545,0.25,1,0.92023834675132854,0.94312706012798952,0.92023834675132854,0.94312706012798975,0,0.34105000000000002,0.027234737366782232,0.68086843416955578,0.44408440687812678,0.0015700754776136465,0.0015700754776136463,0.014153992177524211,0.013349013031462971,25,2800,1,2,0,1,15.186462083333334
130,151.63654763764427,152.11342050404522,0.0031448412261436088,0.49999073016826362,-9.2698317363804072e-06,53.912280361908735,0.60435000000000005,0.29344999999999999,0.040000000000000001,1,0,0,23012.306671907365,0.0062301325680739952,0,1,0.040000000000000001,0.25,0,1,0,0,0,0,0,0,0,0.38780076963281773,0.91325507785402593,0.94327552058973763,0.88958263019389194,0.95394999191812291,0.25,1,0.91325507785402593,0.94327552058973763,0.91325507785402593,0.94327552058973763,0,0.37664999999999998,0.018390697054364292,0.45976742635910728,0.38780076963281773,0.0013710827697836379,0.0013710827697836377,0.014246142092971826,0.013438037099143374,24,2824,1,2,0,1,14.720832625
131,151.69566726749781,152.10385116727124,0.0026908078993030729,0.49998119071877845,-1.8809281221554564e-05,53.800471226458498,0.60287500000000005,0.29360000000000003,0.040000000000000001,1,0,0,23037.796310136619,0.0064426975983147682,0,1,0.040000000000000001,0.25,0,1,0,0,0,0,0,0,0,0.45838876957239155,0.91856295006313993,0.93981387588500809,0.90197921682856386,0.95323031391521607,0.25,1,0.91856295006313993,0.93981387588500809,0.91856295006313993,0.93981387588500787,0,0.33169999999999999,0.025802515722715209,0.64506289306788023,0.45838876957239155,0.001620649036921979,0.0016206490369219783,0.01461901149700189,0.013739149856604842,26,2850,1,2,0,1,15.894647958333334
132,151.7562715509751,152.20948537590516,0.0029864586174801026,0.49999091868175027,-9.0813182497262446e-06,53.70912014429797,0.60162499999999997,0.29412500000000003,0.040000000000000001,1,0,0,23052.081459885725,0.0066968973960338327,0,1,0.040000000000000001,0.25,0,1,0,0,0,0,0,0,0,0.38963582017460374,0.92328937189872207,0.93793868118784618,0.91590901395858293,0.95253370623936173,0.25,1,0.92328937189872207,0.93793868118784618,0.92328937189872207,0.93793868118784607,0,0.20905000000000001,0.021967466771554506,0.54918666928886262,0.38963582017460374,0.0013775706531932224,0.0013775706531932233,0.0145531226497742,0.013649936665294186,23,2873,1,2,0,1,14.110015125
133,151.80526775954721,152.26287420974074,0.0030144306383251863,0.49997655493331283,-2.3445066687166616e-05,53.612852327184768,0.60040000000000004,0.29435,0.040000000000000001,1,0,0,23065.299408600764,0.0068330505081837635,0,1,0.040000000000000001,0.25,0,1,0,0,0,0,0,0,0,0.39419456062823366,0.91359940270196838,0.93704356877111383,0.91608117638255415,0.95150051965838411,0.25,1,0.91359940270196838,0.93704356877111383,0.91359940270196838,0.93704356877111361,0,0.318075,0.018648466455862232,0.46621166139655579,0.39419456062823366,0.0013936882346353783,0.0013936882346353785,0.014669679759870709,0.013746129074918626,25,2898,1,2,0,1,16.204033666666668
134,151.85169657394491,152.31995163967471,0.0030836340738661918,0.49996788062598263,-3.2119374017369751e-05,53.514564003789374,0.59919999999999995,0.29492499999999999,0.040000000000000001,1,0,0,23078.827879481552,0.0071004880107236037,0,1,0.040000000000000001,0.25,0,1,0,0,0,0,0,0,0,0.3848617270732253,0.91878599445661691,0.93784423560483465,0.91867447225987842,0.95048625523464547,0.25,1,0.91878599445661691,0.93784423560483465,0.91878599445661691,0.93784423560483465,0,0.25207499999999999,0.019622817287145322,0.49057043217863305,0.3848617270732253,0.0013606916851632194,0.0013606916851632189,0.01455421305911718,0.013649584821257653,25,2923,1,2,0,1,15.455751291666667
135,151.89987093752171,152.35076326221795,0.0029683522567421974,0.49998366283223422,-1.6337167765778648e-05,53.425269881849012,0.59809999999999997,0.29542499999999999,0.040000000000000001,1,0,0,23095.228569375329,0.0071862988507897275,0,1,0.040000000000000001,0.25,0,1,0,0,0,0,0,0,0,0.37823974305820129,0.92450991976906416,0.93891065393049433,0.91951217060397272,0.95011854742717627,0.25,1,0.92450991976906416,0.93891065393049433,0.92450991976906416,0.93891065393049444,0,0.20962500000000001,0.018581411671843708,0.46453529179609271,0.37823974305820129,0.0013372794361535575,0.0013372794361535571,0.014438502480597647,0.013556463805835002,26,2949,1,2,0,1,15.679816166666667
136,151.94837237653712,152.50126507687705,0.0036386878759702909,0.4999819744339058,-1.8025566094204137e-05,53.368558993988771,0.59699999999999998,0.29585,0.040000000000000001,1,0,0,23091.690076408704,0.0072461185689145415,0,1,0.040000000000000001,0.25,0,1,0,0,0,0,0,0,0,0.29829067845013979,0.92027586097852654,0.93938500903281053,0.92025710386492754,0.9485897164930891,0.25,1,0.92027586097852654,0.93938500903281053,0.92027586097852654,0.93938500903281064,0,0.23835000000000001,0.013578510641124624,0.33946276602811559,0.29829067845013979,0.001054616807484149,0.001054616807484149,0.013689100325059081,0.012859335632506675,18,2967,1,2,0,1,11.094661291666666
137,151.96867865226588,152.70880011308057,0.0048702237025317202,0.49998472574230174,-1.5274257698261184e-05,53.267699569847323,0.59612500000000002,0.29642499999999999,0.040000000000000001,1,0,0,23123.991672305463,0.0070981685631900746,0,1,0.040000000000000001,0.25,0,1,0,0,0,0,0,0,0,0.38770926802483346,0.92959873073748867,0.94073339009767298,0.92178261643862425,0.94685097998771273,0.25,1,0.92959873073748867,0.94073339009767298,0.92959873073748867,0.94073339009767309,0,0.35967500000000002,0.016992356171693791,0.42480890429234475,0.38770926802483346,0.0013707592627461621,0.0013707592627461617,0.013721366360185238,0.012908147492789226,27,2994,1,2,0,1,16.682772624999998
138,152.02514932692861,152.82988324968434,0.0052934262937322143,0.49998972959296517,-1.0270407034829176e-05,53.187874660677082,0.59537499999999999,0.29685,0.040000000000000001,1,0,0,23129.693765725675,0.0070942917342000948,0,1,0.040000000000000001,0.25,0,1,0,0,0,0,0,0,0,0.32606869392976667,0.96826687869988715,0.94208994975073568,0.92389964583389306,0.94479918413535546,0.25,1,0.96826687869988715,0.94208994975073568,0.96826687869988715,0.94208994975073579,0,0.34917500000000001,0.015572992360252159,0.38932480900630395,0.32606869392976667,0.0011528269230518943,0.0011528269230518945,0.013609240286746847,0.012821128497887024,20,3014,1,2,0,1,12.375972708333334
139,152.06391158347205,152.87366265063918,0.0053250706149475368,0.49999251172654324,-7.4882734567571774e-06,53.095978373962453,0.59414999999999996,0.29777500000000001,0.040000000000000001,1,0,0,23142.321971943376,0.0070690864685723004,0,1,0.040000000000000001,0.25,0,1,0,0,0,0,0,0,0,0.35221349636594684,0.98111339004433351,0.94684747183995688,0.92705432525327636,0.94479918413535546,0.25,1,0.98111339004433351,0.94684747183995688,0.98111339004433351,0.94684747183995677,0,0.25172499999999998,0.016719376679879012,0.41798441699697531,0.35221349636594684,0.001245262758528922,0.0012452627585289222,0.013284427567662122,0.012578326657281909,22,3036,1,2,0,1,14.055172083333334
140,152.11066029561277,152.90552224977836,0.0052255506130920969,0.49997504684686711,-2.4953153132889483e-05,53.016557014339028,0.59340000000000004,0.29825000000000002,0.040000000000000001,1,0,0,23138.190461322425,0.006922787195190485,0,1,0.040000000000000001,0.25,0,1,0,0,0,0,0,0,0,0.31461293738353413,0.9750635015543575,0.94859306374277808,0.92988470505562404,0.94479918413535546,0.25,1,0.9750635015543575,0.94859306374277808,0.9750635015543575,0.94859306374277796,0,0.317025,0.015598318732699205,0.38995796831748014,0.31461293738353413,0.0011123247073645782,0.001112324707364578,0.013025669505243061,0.012356059743279392,19,3055,1,2,0,1,11.782734958333334
141,152.14725365838427,152.92888528090376,0.0051373363877765341,0.49998698942298742,-1.3010577012584346e-05,52.942442514830176,0.59245000000000003,0.29880000000000001,0.040000000000000001,1,0,0,23164.57704107793,0.0067458098139759129,0,1,0.040000000000000001,0.25,0,1,0,0,0,0,0,0,0,0.31615192969190337,0.92524872757269239,0.95303511820180331,0.92988470505562404,0.94479918413535546,0.25,1,0.92524872757269239,0.95303511820180331,0.92524872757269239,0.95303511820180331,0,0.16817499999999999,0.015063906449918183,0.37659766124795457,0.31615192969190337,0.0011177658668517873,0.0011177658668517871,0.01252278633517287,0.011934655155157403,19,3074,1,2,0,1,11.945577541666667
142,152.18264533009645,153.06132313903882,0.0057738371352163542,0.49997569850580148,-2.4301494198519791e-05,52.867996146756866,0.59167499999999995,0.29915000000000003,0.040000000000000001,1,0,0,23167.142123049292,0.0065138580357677152,0,1,0.040000000000000001,0.25,0,1,0,0,0,0,0,0,0,0.31893018021047914,0.90235188063976279,0.95595081605899024,0.92742372915509053,0.94479918413535546,0.25,1,0.90235188063976279,0.95595081605899024,0.90235188063976279,0.95595081605899024,0,0.2074,0.014210649905147598,0.35526624762868997,0.31893018021047914,0.0011275884657593871,0.0011275884657593869,0.012272804147739033,0.011732197140363288,20,3094,1,2,0,1,12.073639541666667
143,152.21926501879122,153.21900403291011,0.0065677561509410202,0.49996284736591207,-3.7152634087933567e-05,52.787013828667128,0.59062499999999996,0.29954999999999998,0.040000000000000001,1,0,0,23176.862409836358,0.0062989836186368615,0,1,0.040000000000000001,0.25,0,1,0,0,0,0,0,0,0,0.32555923802984094,0.89841409384122362,0.95677966627077948,0.92487932367087833,0.94479918413535546,0.25,1,0.89841409384122362,0.95677966627077948,0.89841409384122362,0.95677966627077948,0,0.38645000000000002,0.014596660118453156,0.36491650296132888,0.32555923802984094,0.0011510257244441294,0.0011510257244441294,0.012030141637547785,0.011510194901163178,20,3114,1,2,0,1,11.704247791666667
144,152.25401497336924,153.40485632187313,0.0075586929428769576,0.49998409222640539,-1.5907773594614483e-05,52.707809894759826,0.58987500000000004,0.30004999999999998,0.040000000000000001,1,0,0,23205.293438165616,0.005984149679837015,0,1,0.040000000000000001,0.25,0,1,0,0,0,0,0,0,0,0.3358557314120037,0.90311599972577505,0.9588706550548437,0.92389964583389306,0.94479918413535546,0.25,1,0.90311599972577505,0.9588706550548437,0.90311599972577505,0.95887065505484392,0,0.26827499999999999,0.015876558699115563,0.39691396747788904,0.3358557314120037,0.0011874293259089778,0.0011874293259089782,0.011856879278293545,0.011369213600483534,21,3135,1,2,0,1,12.345300833333333
145,152.29879023240048,153.59180747985368,0.0084900034037048242,0.49998925905709329,-1.0740942906706241e-05,52.630698525958167,0.58875,0.30035000000000001,0.040000000000000001,1,0,0,23214.347260671479,0.0058393717790709287,0,1,0.040000000000000001,0.25,0,1,0,0,0,0,0,0,0,0.3020241799126922,0.82077978882695046,0.95436970921268294,0.92178261643862425,0.94479918413535546,0.25,1,0.82077978882695046,0.95436970921268294,0.82077978882695046,0.95436970921268294,0,0.417325,0.011873857158580517,0.29684642896451291,0.3020241799126922,0.0010678167284928525,0.0010678167284928521,0.011587416570632839,0.011058679383041087,20,3155,1,2,0,1,12.885954458333334
146,152.33858334671916,153.48632960633984,0.0075341796832154497,0.49998780461573772,-1.2195384262281284e-05,52.537950442550041,0.58807500000000001,0.30064999999999997,0.040000000000000001,1,0,0,23233.255852234131,0.0056593105794132638,0,1,0.040000000000000001,0.25,0,1,0,0,0,0,0,0,0,0.34579674664665716,0.86743035476861685,0.95455387915557144,0.92025710386492754,0.94479918413535546,0.25,1,0.86743035476861685,0.95455387915557144,0.86743035476861685,0.95455387915557155,0,0.25412499999999999,0.015119918922431383,0.37799797306078453,0.34579674664665716,0.001222576122330489,0.001222576122330489,0.01175537588547918,0.011221139652416012,25,3180,1,2,0,1,15.720441083333334
147,152.38657556821269,153.54250123181473,0.007585482246660287,0.49998430398444327,-1.5696015556732057e-05,52.429370729873938,0.58712500000000001,0.3009,0.040000000000000001,1,0,0,23241.906793754581,0.0057041148863782812,0,1,0.040000000000000001,0.25,0,1,0,0,0,0,0,0,0,0.38201969297704308,0.92364544207856625,0.9517462761210409,0.92025710386492754,0.94479918413535546,0.25,1,0.92364544207856625,0.9517462761210409,0.92364544207856625,0.95174627612104123,0,0.19375000000000001,0.017122327720509211,0.42805819301273029,0.38201969297704308,0.0013506435772543503,0.0013506435772543506,0.01173526019998737,0.011168990194649441,25,3205,1,2,0,1,16.435033708333332
148,152.44483703464201,153.33987814211974,0.0058712457888904831,0.49998118954810816,-1.8810451891837499e-05,52.354450467608274,0.58635000000000004,0.30162499999999998,0.040000000000000001,1,0,0,23248.850047007229,0.0055368704458614451,0,1,0.040000000000000001,0.25,0,1,0,0,0,0,0,0,0,0.31303745534118993,0.92969837348145634,0.95032260809498581,0.92025710386492754,0.94506149621484725,0.25,1,0.92969837348145634,0.95032260809498581,0.92969837348145634,0.95032260809498592,0,0.201575,0.016658000154841722,0.41645000387104303,0.31303745534118993,0.0011067545371856822,0.0011067545371856826,0.011689187814121156,0.011108499450027743,19,3224,1,2,0,1,12.687649374999999
149,152.48005510810881,153.30315041510804,0.0053980522660202609,0.4999722568177335,-2.7743182266504185e-05,52.280348202174942,0.58525000000000005,0.30230000000000001,0.040000000000000001,1,0,0,23249.460699898958,0.0053794685890353588,0,1,0.040000000000000001,0.25,0,1,0,0,0,0,0,0,0,0.31563373187281857,0.87642136700693629,0.94620485482901173,0.91953092771757172,0.94652616333448436,0.25,1,0.87642136700693629,0.94620485482901173,0.87642136700693629,0.94620485482901173,0,0.19702500000000001,0.016440908237028862,0.41102270592572154,0.31563373187281857,0.0011159337608924326,0.0011159337608924321,0.011559858816484666,0.010937994533295744,20,3244,1,2,0,1,12.4241125
150,152.51406686212854,153.36596949559606,0.0055857315393578119,0.49997907286636128,-2.0927133638715123e-05,52.179293599735374,0.58392500000000003,0.30314999999999998,0.040000000000000001,1,0,0,23274.884185427938,0.0052447790100620595,0,1,0.040000000000000001,0.25,0,1,0,0,0,0,0,0,0,0.40406383918207467,0.87451531448567976,0.9446728447286854,0.91953092771757172,0.94652616333448436,0.25,1,0.87451531448567976,0.9446728447286854,0.87451531448567976,0.94467284472868529,0,0.34137499999999998,0.017816740468759005,0.44541851171897512,0.40406383918207467,0.0014285814035895779,0.0014285814035895773,0.011876115512709664,0.011219043825717909,27,3271,1,2,0,1,16.873225458333334
151,152.57273060912857,153.4186465400833,0.0055443454906883589,0.49997660463005433,-2.3395369945666822e-05,52.081011863909168,0.58284999999999998,0.30404999999999999,0.040000000000000001,1,0,0,23309.65007353339,0.005288725652010288,0,1,0.040000000000000001,0.25,0,1,0,0,0,0,0,0,0,0.37649530349584415,0.92085697939796285,0.94566668936082288,0.92056642018824464,0.94652616333448436,0.25,1,0.92085697939796285,0.94566668936082288,0.92085697939796285,0.94566668936082299,0,0.210975,0.017588449520586264,0.43971123801465661,0.37649530349584415,0.0013311119109339932,0.0013311119109339937,0.012089461556791871,0.011432601086566309,27,3298,1,2,0,1,16.151315125
152,152.61430560225395,153.64552385098142,0.0067570221851616496,0.49999280573829435,-7.1942617056452995e-06,51.990460583954132,0.58174999999999999,0.30475000000000002,0.040000000000000001,1,0,0,23316.121140225579,0.005364983432625833,0,1,0.040000000000000001,0.25,0,1,0,0,0,0,0,0,0,0.35244544208503537,0.91271116824596255,0.94686327789217051,0.91953092771757172,0.94685537486606375,0.25,1,0.91271116824596255,0.94686327789217051,0.91271116824596255,0.94686327789217051,0,0.20880000000000001,0.016102402286970918,0.40256005717427296,0.35244544208503537,0.0012460828104830955,0.0012460828104830955,0.01220795590151558,0.011559265141272109,25,3323,1,2,0,1,15.791724625000001
153,152.65968669086931,153.66472412599114,0.0065835156412773332,0.49998163371146204,-1.8366288537963182e-05,51.88232317720437,0.58022499999999999,0.305425,0.040000000000000001,1,0,0,23324.439107635291,0.0055090210317076003,0,1,0.040000000000000001,0.25,0,1,0,0,0,0,0,0,0,0.37536288110909166,0.9355557731149271,0.94734558046633677,0.92056642018824464,0.94710442917925364,0.25,1,0.9355557731149271,0.94734558046633677,0.9355557731149271,0.94734558046633666,0,0.159275,0.019964669720151259,0.49911674300378145,0.37536288110909166,0.0013271081931897925,0.0013271081931897921,0.012384038370261244,0.011731964018392525,26,3349,1,2,0,1,16.188855291666666
154,152.71626390639244,153.47217523333794,0.004949776190234921,0.4999903103778135,-9.6896221865039323e-06,51.817035243881215,0.57902500000000001,0.30599999999999999,0.040000000000000001,1,0,0,23334.756358904215,0.0056620594616342756,0,1,0.040000000000000001,0.25,0,1,0,0,0,0,0,0,0,0.30653312141894351,0.92660048682222906,0.95053093229320862,0.92225121073826455,0.94796932210455742,0.25,1,0.92660048682222906,0.95053093229320862,0.92660048682222906,0.95053093229320895,0,0.40715000000000001,0.012838993602023164,0.32097484005057908,0.30653312141894351,0.0010837582440680715,0.0010837582440680715,0.012280367288420338,0.011672868967565206,21,3370,1,2,0,1,13.728314541666666
155,152.7505759020251,153.52452941948528,0.0050667797020718828,0.49997880761405394,-2.1192385946056103e-05,51.746402480375878,0.57799999999999996,0.30632500000000001,0.040000000000000001,1,0,0,23332.75175918598,0.0056719166855844173,0,1,0.040000000000000001,0.25,0,1,0,0,0,0,0,0,0,0.31289123255703194,0.97401473204906375,0.95478062446268452,0.92225121073826455,0.94945783591888189,0.25,1,0.97401473204906375,0.95478062446268452,0.97401473204906375,0.95478062446268464,0,0.106125,0.012311330197951255,0.30778325494878139,0.31289123255703194,0.0011062375615744718,0.0011062375615744718,0.012318788121501958,0.011761740215271141,21,3391,1,2,0,1,13.698824
156,152.78187816495137,153.560100829459,0.0050936843679027666,0.49999321155521081,-6.7884447891852773e-06,51.667025857222235,0.57697500000000002,0.30659999999999998,0.040000000000000001,1,0,0,23364.430443727088,0.0056659145287966395,0,1,0.040000000000000001,0.25,0,1,0,0,0,0,0,0,0,0.32933886064541235,0.97349594014022633,0.95647221526984239,0.92444708482562932,0.95042677019409716,0.25,1,0.97349594014022633,0.95647221526984239,0.97349594014022633,0.9564722152698425,0,0.28717500000000001,0.013126782775579618,0.32816956938949043,0.32933886064541235,0.0011643887083531122,0.0011643887083531129,0.012260600707524581,0.011726923919265032,23,3414,1,2,0,1,14.650540541666667
157,152.8211196823105,153.72661333552421,0.0059251866175047017,0.49998463875162613,-1.5361248373868541e-05,51.591703832934556,0.57597500000000001,0.30709999999999998,0.040000000000000001,1,0,0,23359.113986367804,0.0056176042447554217,0,1,0.040000000000000001,0.25,0,1,0,0,0,0,0,0,0,0.30647264617685471,0.96226151528175941,0.95999949651655125,0.92444708482562932,0.95113860420712482,0.25,1,0.96226151528175941,0.95999949651655125,0.96226151528175941,0.95999949651655136,0,0.36467500000000003,0.012704349024138018,0.31760872560345044,0.30647264617685471,0.001083544431799197,0.0010835444317991965,0.011993501562069426,0.01151375546105712,21,3435,1,2,0,1,14.119802333333332
158,152.85395357422775,153.72743339077334,0.0057144731694586141,0.49999164879719865,-8.3512028013488226e-06,51.50387330485794,0.57484999999999997,0.30745,0.040000000000000001,1,0,0,23383.597471307356,0.0056116929031639375,0,1,0.040000000000000001,0.25,0,1,0,0,0,0,0,0,0,0.3243571236128715,0.93663112926264025,0.96023029557497364,0.92444708482562932,0.95239069716142211,0.25,1,0.93663112926264025,0.96023029557497364,0.93663112926264025,0.96023029557497364,0,0.32097500000000001,0.013151846587695795,0.32879616469239487,0.3243571236128715,0.0011467756081641233,0.0011467756081641231,0.012033522633047865,0.011554952994739687,22,3457,1,2,0,1,13.372707458333334
159,152.89151346051537,153.86605042391722,0.0063740422299732331,0.4999801193594936,-1.9880640506397818e-05,51.407020220096712,0.57377500000000003,0.30807499999999999,0.040000000000000001,1,0,0,23388.916821034316,0.0056760325651042266,0,1,0.040000000000000001,0.25,0,1,0,0,0,0,0,0,0,0.37293915828306062,0.90901777321257626,0.96179314408521788,0.92225121073826455,0.95370241370724318,0.25,1,0.90901777321257626,0.96179314408521788,0.90901777321257626,0.96179314408521777,0,0.30985000000000001,0.017222635309039502,0.43056588272598756,0.37293915828306062,0.0013185390389597767,0.0013185390389597769,0.01223612791111521,0.011768623935060387,27,3484,1,2,0,1,17.817520083333335
160,152.94381336270649,153.82786543324838,0.005780240802845376,0.4999771192339631,-2.2880766036903477e-05,51.340912715082339,0.57282500000000003,0.30875000000000002,0.040000000000000001,1,0,0,23393.349995735291,0.0058126869601745242,0,1,0.040000000000000001,0.25,0,1,0,0,0,0,0,0,0,0.29657059243753336,0.93461917010901019,0.96380927590837639,0.92225121073826455,0.95446179418412713,0.25,1,0.93461917010901019,0.96380927590837639,0.93461917010901019,0.96380927590837628,0,0.254525,0.012395625440966422,0.30989063602416056,0.29657059243753336,0.0010485353850654582,0.0010485353850654584,0.011856081892591091,0.011427001704008632,20,3504,1,2,0,1,12.918990666666666
161,152.96961455041119,153.91761126458326,0.0061972877225211992,0.499974964871714,-2.5035128285999519e-05,51.268985159357293,0.57197500000000001,0.30937500000000001,0.040000000000000001,1,0,0,23409.900770486307,0.0057307559073613906,0,1,0.040000000000000001,0.25,0,1,0,0,0,0,0,0,0,0.29907770750509027,0.93861980460936578,0.96553062861167693,0.92225121073826455,0.95466725180912793,0.25,1,0.93861980460936578,0.96553062861167693,0.93861980460936578,0.96553062861167704,0,0.27165,0.012303979508601492,0.30759948771503731,0.29907770750509027,0.0010573993753928805,0.0010573993753928807,0.011582369357049978,0.01118313236612509,20,3524,1,2,0,1,12.395698541666667
162,153.00569676985688,154.04584661289749,0.0067981118677244287,0.49998809951145423,-1.1900488545768528e-05,51.200481831357195,0.57082500000000003,0.30990000000000001,0.040000000000000001,1,0,0,23427.585070910194,0.0055342451083305417,0,1,0.040000000000000001,0.25,0,1,0,0,0,0,0,0,0,0.29879589145569646,0.94533348943865259,0.96641652175657644,0.92512296445039766,0.95466725180912793,0.25,1,0.94533348943865259,0.96641652175657644,0.94533348943865259,0.96641652175657633,0,0.28189999999999998,0.013042946482557457,0.3260736620639364,0.29879589145569646,0.0010564030051950129,0.0010564030051950124,0.011392689551761896,0.011010083410066221,21,3545,1,2,0,1,13.561112916666668
163,153.03539391328084,154.19804922225026,0.0075972968033019275,0.49999239035068616,-7.6096493138444465e-06,51.108780811321473,0.56994999999999996,0.31069999999999998,0.040000000000000001,1,0,0,23444.211639297188,0.0053693228875098028,0,1,0.040000000000000001,0.25,0,1,0,0,0,0,0,0,0,0.3269359659762574,0.9490591100445358,0.97197741242012348,0.9281494301518427,0.95466725180912793,0.25,1,0.9490591100445358,0.97197741242012348,0.9490591100445358,0.97197741242012337,0,0.36009999999999998,0.010702046515658327,0.26755116289145814,0.3269359659762574,0.00115589319277793,0.0011558931927779302,0.011221474551350034,0.010907019797959472,25,3570,1,2,0,1,16.457970666666668
164,153.08277821076578,154.17685870321773,0.0071469861289400628,0.49996974566143798,-3.025433856201909e-05,51.024763442895306,0.56867500000000004,0.31095,0.040000000000000001,1,0,0,23441.047247444869,0.0052463894626050816,0,1,0.040000000000000001,0.25,0,1,0,0,0,0,0,0,0,0.29263667335889459,0.87837251583885423,0.96439692563439461,0.9281494301518427,0.95466725180912793,0.25,1,0.87837251583885423,0.96439692563439461,0.87837251583885423,0.96439692563439472,0,0.21129999999999999,0.01321266049282384,0.330316512320596,0.29263667335889459,0.0010346268807797352,0.0010346268807797352,0.011172343188061699,0.010774573422699074,19,3589,1,2,0,1,12.461457208333334
165,153.12311690036648,154.00081942212148,0.0057320053269690006,0.49998008899049701,-1.9911009502993071e-05,50.960184623895024,0.56740000000000002,0.31157499999999999,0.040000000000000001,1,0,0,23454.927604916556,0.0051439126260147223,0,1,0.040000000000000001,0.25,0,1,0,0,0,0,0,0,0,0.29382642051604008,0.85997830452407442,0.96364535457609879,0.9281494301518427,0.9556264198662634,0.25,1,0.85997830452407442,0.96364535457609879,0.85997830452407442,0.96364535457609868,0,0.36385000000000001,0.012642144851546851,0.31605362128867126,0.29382642051604008,0.0010388332721933103,0.0010388332721933105,0.011104938898680538,0.010701222782564919,20,3609,1,2,0,1,13.212184791666667
166,153.1577487405435,154.09134653097132,0.0060956614869639028,0.49997688144176156,-2.3118558238444109e-05,50.868428025659121,0.566025,0.31212499999999999,0.040000000000000001,1,0,0,23481.254658942282,0.0051574924693102899,0,1,0.040000000000000001,0.25,0,1,0,0,0,0,0,0,0,0.36915362986534078,0.97923032595292347,0.96392399689950203,0.93215877179523332,0.95823585589319682,0.25,1,0.97923032595292347,0.96392399689950203,0.97923032595292347,0.96392399689950192,0,0.17085,0.015271432974990489,0.38178582437476222,0.36915362986534078,0.0013051551748870563,0.0013051551748870566,0.011245705365214482,0.010840005263591718,29,3638,1,2,0,1,18.738879916666665
167,153.2031950417923,154.22340509834345,0.0066591956928368692,0.49998033393952573,-1.9666060474266001e-05,50.798586691453771,0.564975,0.31227500000000002,0.040000000000000001,1,0,0,23472.676870457966,0.0050929985398486524,0,1,0.040000000000000001,0.25,0,1,0,0,0,0,0,0,0,0.30376756468727195,0.95289281389909131,0.96296557189732501,0.93508747161196859,0.96011489604576239,0.25,1,0.95289281389909131,0.96296557189732501,0.95289281389909131,0.96296557189732523,0,0.25267499999999998,0.012723338427165845,0.31808346067914611,0.30376756468727195,0.001073980524474466,0.0010739805244744664,0.011236141457889752,0.010820017384916048,21,3659,1,2,0,1,13.959430458333333
168,153.2324269941974,154.23169570990123,0.0065212614281810926,0.49997913233525448,-2.0867664745516379e-05,50.724544605832953,0.56384999999999996,0.31324999999999997,0.040000000000000001,1,0,0,23487.514991988784,0.0050748047108435139,0,1,0.040000000000000001,0.25,0,1,0,0,0,0,0,0,0,0.29424497214633333,0.92707746326951923,0.96358016007660841,0.93508747161196859,0.96101171983009581,0.25,1,0.92707746326951923,0.96358016007660841,0.92707746326951923,0.96358016007660818,0,0.30902499999999999,0.012745595105572972,0.31863987763932433,0.29424497214633333,0.0010403130756735954,0.0010403130756735952,0.011129678925399221,0.010724337800537437,20,3679,1,2,0,1,12.569389624999999
169,153.26922905150118,154.33344893935569,0.0069434673511465841,0.49997526592367686,-2.473407632314073e-05,50.656592645746287,0.56282500000000002,0.31369999999999998,0.040000000000000001,1,0,0,23501.269100135607,0.0049396971958928287,1,2,0.02,0.25,0,1,0,0,0,0,0,0,0,0.28827602925629237,0.92777604721899209,0.96425209939181145,0.93508747161196859,0.96237935799127139,0.25,1,0.92777604721899209,0.96425209939181145,0.92777604721899209,0.96425209939181156,0,0.1535,0.010296024852762667,0.25740062131906666,0.28827602925629237,0.0010192096757032794,0.0010192096757032797,0.010830349562142726,0.01044318730244331,20,3699,1,2,0,1,12.736206833333334
170,153.30058690349185,154.47157034402437,0.007638479827019185,0.49999114608863854,-8.8539113614616305e-06,50.583688694647236,0.56157500000000005,0.31417499999999998,0.040000000000000001,1,0,0,23520.720959950395,0.0048206138056196089,1,2,0.02,0.25,0,1,0,0,0,0,0,0,0,0.30460010766739287,0.94736767671529232,0.96445832821252508,0.93609345118878373,0.96327286598696671,0.25,1,0.94736767671529232,0.96445832821252508,0.94736767671529232,0.96445832821252531,0,0.31175000000000003,0.011211606383020127,0.28029015957550318,0.30460010766739287,0.00107692400840883,0.00107692400840883,0.010858738185486098,0.01047280047687143,22,3721,1,2,0,1,14.283417375000001
171,153.33503014347326,154.56610471615076,0.0080286583667515624,0.49998646064657098,-1.3539353429015133e-05,50.488723862483177,0.56012499999999998,0.31455,0.040000000000000001,1,0,0,23528.730175233217,0.0048563046904697227,1,2,0.02,0.25,0,1,0,0,0,0,0,0,0,0.31604961132287351,0.92374654526690658,0.96299631328600444,0.93609345118878373,0.96328823668130648,0.25,1,0.92374654526690658,0.96299631328600444,0.92374654526690658,0.96299631328600488,0,0.350775,0.01590574427536379,0.39764360688409472,0.31604961132287351,0.0011174041167888826,0.0011174041167888822,0.010918742926882101,0.010514709184305101,24,3745,1,2,0,1,15.805074375
172,153.38528926544666,154.39889056037828,0.0066082040838837718,0.49998302162539815,-1.6978374601850366e-05,50.420357418560677,0.55892500000000001,0.31492500000000001,0.040000000000000001,1,0,0,23538.448562763591,0.0049337502747246222,1,2,0.02,0.25,0,1,0,0,0,0,0,0,0,0.27329596992739291,0.93601834666580253,0.96320155582129952,0.93632473796422144,0.96339085794895396,0.25,1,0.93601834666580253,0.96320155582129952,0.93601834666580253,0.96320155582129974,0,0.38350000000000001,0.009706809821948938,0.24267024554872343,0.27329596992739291,0.00096624716803307145,0.00096624716803307166,0.010828587089720161,0.010430111932164896,20,3765,1,2,0,1,13.787510458333333
173,153.41564221417045,154.38373537946822,0.0063102637470715097,0.49998770857017516,-1.2291429824839994e-05,50.320351408578922,0.55747500000000005,0.31542500000000001,0.040000000000000001,1,0,0,23547.852896756682,0.004928828232406042,1,2,0.02,0.25,0,1,0,0,0,0,0,0,0,0.33780113907138432,0.96013724001513434,0.96116891011750893,0.93762546693600302,0.96339085794895396,0.25,1,0.96013724001513434,0.96116891011750893,0.96013724001513434,0.96116891011750916,0,0.35494999999999999,0.013837148857218186,0.34592872143045461,0.33780113907138432,0.0011943073806495793,0.0011943073806495799,0.010867001277591808,0.010445023774228495,25,3790,1,2,0,1,16.315967624999999
174,153.46190212212281,154.27049248810644,0.0052689974176142332,0.49999259574914284,-7.4042508571570131e-06,50.242506758401248,0.55589999999999995,0.31590000000000001,0.040000000000000001,1,0,0,23569.13797805005,0.0048573190315552347,1,2,0.02,0.25,0,1,0,0,0,0,0,0,0,0.32581631423677893,0.89748170913329728,0.96767093999166776,0.93762546693600302,0.96361275732635354,0.25,1,0.89748170913329728,0.96767093999166776,0.89748170913329728,0.96767093999166776,0,0.41425000000000001,0.013901349898033178,0.34753374745082943,0.32581631423677893,0.0011519346260901672,0.0011519346260901672,0.01098430902290224,0.010629196637350768,24,3814,1,2,0,1,15.4601755
175,153.49947588302064,154.33154989338854,0.0054206961006304276,0.49997939377709771,-2.0606222902286309e-05,50.175141745963494,0.55477500000000002,0.316525,0.040000000000000001,1,0,0,23556.878646485358,0.0049482958078605104,1,2,0.02,0.25,0,1,0,0,0,0,0,0,0,0.29426987578853941,0.88628356942685316,0.96496488464322561,0.93632473796422144,0.96372731524223765,0.25,1,0.88628356942685316,0.96496488464322561,0.88628356942685316,0.9649648846432255,0,0.20402500000000001,0.013437989546033053,0.33594973865082634,0.29426987578853941,0.0010404011233449962,0.0010404011233449962,0.010985876874053925,0.010600985410476126,20,3834,1,2,0,1,13.464902791666667
176,153.52782955937525,154.34512139294253,0.0053234116310567851,0.49997751559648751,-2.2484403512490481e-05,50.108966762937101,0.55377500000000002,0.31722499999999998,0.040000000000000001,1,0,0,23573.100217399056,0.0048593069321356481,1,2,0.02,0.25,0,1,0,0,0,0,0,0,0,0.2862940441437945,0.84448773182952941,0.96192069527723723,0.9353187583874063,0.96372731524223765,0.25,1,0.84448773182952941,0.96192069527723723,0.84448773182952941,0.96192069527723711,0,0.241175,0.012230917878051608,0.3057729469512902,0.2862940441437945,0.0010122023001369893,0.0010122023001369889,0.010692923999303857,0.010285744887957022,19,3853,1,2,0,1,12.070272416666667
177,153.55863354496202,154.4183250977735,0.0055984579503292175,0.49998864121464964,-1.135878535035717e-05,50.037496976881378,0.55279999999999996,0.31764999999999999,0.040000000000000001,1,0,0,23595.797646135379,0.0047502202660462851,1,2,0.02,0.25,0,1,0,0,0,0,0,0,0,0.29661096654847785,0.87132597566400205,0.95997805426310412,0.93119760866400114,0.96372731524223765,0.25,1,0.87132597566400205,0.95997805426310412,0.87132597566400205,0.95997805426310423,0,0.39090000000000003,0.012429041460804697,0.31072603652011743,0.29661096654847785,0.0010486781291036244,0.0010486781291036238,0.010667621603933015,0.01024068263095867,22,3875,1,2,0,1,13.384299833333333
178,153.59334002902884,154.6327857949874,0.0067675184728850091,0.49997187283002514,-2.8127169974856425e-05,49.970420629322412,0.55179999999999996,0.318075,0.040000000000000001,1,0,0,23596.82511269693,0.0047887116887022603,1,2,0.02,0.25,0,1,0,0,0,0,0,0,0,0.29162937781725451,0.93031544230267049,0.9602511384720116,0.92904574476083135,0.96372731524223765,0.25,1,0.93031544230267049,0.9602511384720116,0.93031544230267049,0.96025113847201182,0,0.185025,0.010325541424969319,0.25813853562423295,0.29162937781725451,0.0010310655532389718,0.0010310655532389716,0.010658374081498391,0.010234715846019411,20,3895,1,2,0,1,12.398274041666667
179,153.61882507625225,154.79714423353272,0.0076704086019118017,0.49997592332503954,-2.4076674960460398e-05,49.902652693510845,0.550875,0.31869999999999998,0.040000000000000001,1,0,0,23610.590021898784,0.0048095945387194991,1,2,0.02,0.25,0,1,0,0,0,0,0,0,0,0.28539009498548479,0.94495537068533642,0.96033485432269461,0.9324673062058404,0.96372731524223765,0.25,1,0.94495537068533642,0.96033485432269461,0.94495537068533642,0.96033485432269472,0,0.17585000000000001,0.0099645686632953614,0.24911421658238403,0.28539009498548479,0.001009006357238546,0.001009006357238545,0.010648170763033656,0.010225809518521102,20,3915,1,2,0,1,12.673697125
180,153.65018093038185,154.95532535694016,0.0084942589631552008,0.49998390164713308,-1.6098352866922294e-05,49.811744334751005,0.54990000000000006,0.319025,0.040000000000000001,1,0,0,23631.184386040779,0.0047943641889868598,1,3,0.01,0.25,0,1,0,0,0,0,0,0,0,0.31051529922179266,0.9507100740659794,0.9604657675059658,0.93316689448423651,0.96361275732635354,0.25,1,0.9507100740659794,0.9604657675059658,0.9507100740659794,0.96046576750596602,0,0.215475,0.012390323432516528,0.3097580858129132,0.31051529922179266,0.0010978373687094973,0.0010978373687094976,0.010669084123334324,0.010247290071104016,24,3939,1,2,0,1,14.893284541666667
181,153.69475320951435,154.90037280055279,0.0078442468975825057,0.49998640512070924,-1.3594879290756978e-05,49.731960539554791,0.54915000000000003,0.31924999999999998,0.040000000000000001,1,0,0,23639.655922561826,0.004719704633398848,1,3,0.01,0.25,0,1,0,0,0,0,0,0,0,0.30704100989635075,0.97819981348275165,0.96406121570894676,0.93316689448423651,0.96361275732635354,0.25,1,0.97819981348275165,0.96406121570894676,0.97819981348275165,0.96406121570894676,0,0.31862499999999999,0.010705939213530535,0.26764848033826338,0.30704100989635075,0.0010855539010003773,0.0010855539010003776,0.010637233907545819,0.010254944652689052,24,3963,1,2,0,1,15.862508166666666
182,153.73585531456135,154.82613407140622,0.0070918963869165772,0.49998636277613079,-1.3637223869211734e-05,49.647700661731982,0.54769999999999996,0.319575,0.040000000000000001,1,0,0,23651.095854548643,0.0046836486641771667,1,3,0.01,0.25,0,1,0,0,0,0,0,0,0,0.3124449357005003,0.98862838970238454,0.96443431268089619,0.93316689448423651,0.96361275732635354,0.25,1,0.98862838970238454,0.96443431268089619,0.98862838970238454,0.9644343126808963,0,0.13514999999999999,0.01363254875467701,0.34081371886692524,0.3124449357005003,0.0011046596639060929,0.0011046596639060925,0.01077564640341884,0.01039240313277362,24,3987,1,2,0,1,15.731628875
183,153.77693849143617,154.75690816172332,0.0063726699198249524,0.49997520472085927,-2.4795279140732429e-05,49.578734728632853,0.54652500000000004,0.31745000000000001,0.040000000000000001,1,0,0,23645.086483801668,0.0046890327062820789,1,3,0.01,0.25,0,1,0,0,0,0,0,0,0,0.29908851110525903,0.96027535693026622,0.96716321622358847,0.93316689448423651,0.96361275732635354,0.25,1,0.96027535693026622,0.96716321622358847,0.96027535693026622,0.96716321622358836,0,0.1923,0.0097872625525010446,0.24468156381252612,0.29908851110525903,0.0010574375718875833,0.0010574375718875833,0.010638776594656844,0.010289433387972549,20,4007,1,2,0,1,13.562277833333333
184,153.8106204408908,154.79909005076357,0.0064265367829566319,0.49997612061527436,-2.3879384725644659e-05,49.512835070173622,0.54567500000000002,0.31609999999999999,0.040000000000000001,1,0,0,23668.296859183476,0.0046596948448086612,1,3,0.01,0.25,0,1,0,0,0,0,0,0,0,0.29183606138548041,0.94891052915702956,0.96819308165175189,0.94048685867556947,0.96361275732635354,0.25,1,0.94891052915702956,0.96819308165175189,0.94891052915702956,0.96819308165175166,0,0.27315,0.0098809042396185067,0.24702260599046266,0.29183606138548041,0.0010317962900022338,0.0010317962900022338,0.01051863825856891,0.01018407279034385,20,4027,1,2,0,1,13.155425125000001
185,153.84224409630002,154.97384653278564,0.0073556027678410435,0.49997876739240021,-2.1232607599785958e-05,49.441250799949003,0.544875,0.31485000000000002,0.040000000000000001,1,0,0,23676.668920936219,0.0045340955468700424,1,3,0.01,0.25,0,1,0,0,0,0,0,0,0,0.29250876768013884,0.95474049836783448,0.97043651178216095,0.94616152370031437,0.96375207848805522,0.25,1,0.95474049836783448,0.97043651178216095,0.95474049836783448,0.97043651178216117,0,0.20052500000000001,0.0098367031104806251,0.24591757776201562,0.29250876768013884,0.001034174665915733,0.0010341746659157326,0.010512411801139647,0.010201628238715583,20,4047,1,2,0,1,12.703881291666667
186,153.87707488635743,155.10644152119821,0.0079892773874775998,0.49998357545998334,-1.6424540016657385e-05,49.349890681204215,0.54407499999999998,0.31374999999999997,0.040000000000000001,1,0,0,23694.137756378484,0.0046079758435411946,1,3,0.01,0.25,0,1,0,0,0,0,0,0,0,0.32769547770814894,0.92257205032589062,0.97246791630731877,0.94048685867556947,0.96382068789277753,0.25,1,0.92257205032589062,0.97246791630731877,0.92257205032589062,0.97246791630731888,0,0.37107499999999999,0.012917012084583027,0.32292530211457565,0.32769547770814894,0.0011585784722579861,0.001158578472257987,0.010658787973260645,0.010365329330718289,24,4071,1,2,0,1,15.338558125
187,153.92261933017292,155.08552637853134,0.0075551407156339845,0.49998115148076866,-1.8848519231340344e-05,49.276356934828577,0.54315000000000002,0.31317499999999998,0.040000000000000001,1,0,0,23701.559709367899,0.0047302419169609729,1,3,0.01,0.25,0,1,0,0,0,0,0,0,0,0.30474899960238294,0.91561687157932714,0.97329349329050696,0.93316689448423651,0.96415665755037905,0.25,1,0.91561687157932714,0.97329349329050696,0.91561687157932714,0.97329349329050685,0,0.44685000000000002,0.01191613852194779,0.29790346304869475,0.30474899960238294,0.0010774504208933072,0.0010774504208933072,0.010687560265050328,0.010402132865123649,20,4091,1,2,0,1,12.638872166666667
188,153.95885354965085,155.211022345983,0.0081331392606682745,0.49994219094975295,-5.7809050247048521e-05,49.19403494278307,0.54227499999999995,0.31232500000000002,0.040000000000000001,1,0,0,23713.179394167662,0.0046540328211986306,1,3,0.01,0.25,0,1,0,0,0,0,0,0,0,0.32385059326777549,0.967485263264524,0.97409133322222252,0.94048685867556947,0.96434320603635382,0.25,1,0.967485263264524,0.97409133322222252,0.967485263264524,0.97409133322222252,0,0.18285000000000001,0.012080880341080505,0.30202200852701261,0.32385059326777549,0.0011449847529546526,0.0011449847529546526,0.01080147946476601,0.010521627532606381,24,4115,1,2,0,1,15.278929249999999
189,153.99598225994399,155.23681665706948,0.0080575764309940116,0.49998100962510106,-1.8990374898941731e-05,49.109447082409588,0.54152500000000003,0.31142500000000001,0.040000000000000001,1,0,0,23741.808591189652,0.0046817807184709051,1,3,0.01,0.25,0,1,0,0,0,0,0,0,0,0.327853196247197,0.96284350169938615,0.9746219181268434,0.94616152370031437,0.96444632044671064,0.25,1,0.96284350169938615,0.9746219181268434,0.96284350169938615,0.97462191812684329,0,0.37892500000000001,0.013447335128357196,0.33618337820892991,0.327853196247197,0.0011591360915003848,0.001159136091500385,0.010951609199027847,0.010673678364132104,24,4139,1,2,0,1,15.1899835
190,154.03860028457473,155.36734666275026,0.0086260611023521293,0.49998766663672994,-1.2333363270056186e-05,49.019425178617283,0.54054999999999997,0.311025,0.040000000000000001,1,0,0,23742.059855919408,0.0047725378267568499,1,3,0.01,0.25,0,1,0,0,0,0,0,0,0,0.3023676776984876,0.85065251916354756,0.96874562731027158,0.94048685867556947,0.9646995986620609,0.25,1,0.85065251916354756,0.96874562731027158,0.85065251916354756,0.96874562731027181,0,0.33944999999999997,0.011893858874570959,0.29734647186427399,0.3023676776984876,0.0010690311765611451,0.0010690311765611446,0.010922803006879497,0.010581417650885999,20,4159,1,2,0,1,13.362417333333333
191,154.08739838571174,155.23782870971007,0.0074660896092137103,0.4999939908088436,-6.0091911563975309e-06,48.939900113495618,0.53972500000000001,0.3105,0.040000000000000001,1,0,0,23764.904277580252,0.0047720493949366758,1,3,0.01,0.25,0,1,0,0,0,0,0,0,0,0.33318477587430589,0.91547795938516507,0.96927797085317768,0.94048685867556947,0.96606405043340704,0.25,1,0.91547795938516507,0.96927797085317768,0.91547795938516507,0.96927797085317779,0,0.36459999999999998,0.013432117192628811,0.33580292981572024,0.33318477587430589,0.0011779860720442085,0.0011779860720442083,0.011015235177923325,0.010676824801728062,23,4182,1,2,0,1,15.707443916666668
192,154.13080588153966,155.2856901507468,0.0074928841291776165,0.49997362043444116,-2.6379565558842799e-05,48.842658957915773,0.53895000000000004,0.30995,0.040000000000000001,1,0,0,23758.371086691423,0.0048305302541664166,1,3,0.01,0.25,0,1,0,0,0,0,0,0,0,0.31935143077103967,0.89080615559092902,0.96359435169139351,0.93763540649400345,0.96606405043340704,0.25,1,0.89080615559092902,0.96359435169139351,0.89080615559092902,0.96359435169139351,0,0.37027500000000002,0.014235487324479263,0.35588718311198159,0.31935143077103967,0.0011290778113991421,0.0011290778113991428,0.011039653325416378,0.010637747589002331,20,4202,1,2,0,1,13.307841249999999
193,154.1789515599246,155.1292580010718,0.0061636587324817201,0.4999851081554878,-1.489184451219927e-05,48.764722276718118,0.53800000000000003,0.3095,0.040000000000000001,1,0,0,23780.782532188885,0.0048054586235588091,1,3,0.01,0.25,0,1,0,0,0,0,0,0,0,0.34389413532828289,0.88857738037065115,0.96340199408142824,0.9264437463142805,0.96606405043340704,0.25,1,0.88857738037065115,0.96340199408142824,0.88857738037065115,0.96340199408142846,0,0.37117499999999998,0.010986243627197656,0.2746560906799414,0.34389413532828289,0.0012158493755045653,0.0012158493755045658,0.011198065129033362,0.010788238275164447,22,4224,1,2,0,1,14.682756541666667
194,154.22357074767947,155.23483061025189,0.0065571031566044324,0.49998771558947447,-1.2284410525531531e-05,48.688756788506524,0.53737500000000005,0.30945,0.040000000000000001,1,0,0,23800.057622699907,0.0049664079759319845,1,3,0.01,0.25,0,1,0,0,0,0,0,0,0,0.32756018699035877,0.96798783778581654,0.96407838963370951,0.93763540649400345,0.9646995986620609,0.25,1,0.96798783778581654,0.96407838963370951,0.96798783778581654,0.96407838963370962,0,0.170125,0.0093797499754307689,0.23449374938576922,0.32756018699035877,0.001158100147338081,0.0011581001473380812,0.011324368986369208,0.010917579415996749,21,4245,1,2,0,1,13.835119375
195,154.26395658473189,155.38397258982644,0.0072603868712479789,0.49997811720486318,-2.1882795136818345e-05,48.606816735275572,0.53657500000000002,0.30892500000000001,0.040000000000000001,1,0,0,23801.389430731426,0.0051023677563802154,0,3,0.01,0.25,0,1,0,0,0,0,0,0,0,0.33670397085301274,0.98163933198807529,0.96456772644181521,0.94693294992118293,0.9645010195613557,0.25,1,0.98163933198807529,0.96456772644181521,0.98163933198807529,0.96456772644181532,0,0.18010000000000001,0.011318876013952997,0.28297190034882491,0.33670397085301274,0.0011904283052130147,0.0011904283052130149,0.01148062262566649,0.011073838064175589,21,4266,1,2,0,1,13.599857458333334
196,154.30517482108434,155.45888716221415,0.0074768220992428728,0.49996938173760291,-3.0618262397086315e-05,48.52395559818293,0.53600000000000003,0.30882500000000002,0.040000000000000001,1,0,0,23820.296798087547,0.0051206463646921397,0,3,0.01,0.25,0,1,0,0,0,0,0,0,0,0.32716676884606211,0.960185408005924,0.96566094839333794,0.94981030161150448,0.96511433741757657,0.25,1,0.960185408005924,0.96566094839333794,0.960185408005924,0.96566094839333827,0,0.35252499999999998,0.011739015196067794,0.29347537990169487,0.32716676884606211,0.0011567092041497109,0.0011567092041497109,0.011478753357558215,0.011084583853632878,20,4286,1,2,0,1,12.692420958333333
197,154.34829442088184,155.61861801628842,0.0082302405748820359,0.49997358298497785,-2.6417015022150991e-05,48.439735704189026,0.53505000000000003,0.308475,0.040000000000000001,1,0,0,23840.334453314499,0.0051396883886468308,0,3,0.01,0.25,0,1,0,0,0,0,0,0,0,0.33278789086244526,0.94584078936553939,0.96546422700730128,0.94981030161150448,0.96556258770031955,0.25,1,0.94584078936553939,0.96546422700730128,0.94584078936553939,0.96546422700730128,0,0.18024999999999999,0.0099599739705743956,0.24899934926435988,0.33278789086244526,0.0011765828716280187,0.0011765828716280189,0.011577885808292925,0.011178034572282333,20,4306,1,2,0,1,12.685154666666667
198,154.39473405351623,155.78362875988313,0.0089957388435636665,0.4999852469298392,-1.4753070160800075e-05,48.345264957023481,0.53395000000000004,0.30809999999999998,0.040000000000000001,1,0,0,23858.366870602094,0.0052769696722718131,0,3,0.01,0.25,0,1,0,0,0,0,0,0,0,0.32644525232553395,0.918626356149155,0.96474773705886196,0.94981030161150448,0.96556258770031955,0.25,1,0.918626356149155,0.96474773705886196,0.918626356149155,0.96474773705886196,0,0.37414999999999998,0.0099320809862682921,0.24830202465670731,0.32644525232553395,0.0011541582580276931,0.0011541582580276931,0.011587059313365965,0.011178589251736626,22,4328,1,2,0,1,14.766663124999999
199,154.44829462010782,155.74264509344522,0.008380477599452171,0.49996452152493037,-3.5478475069627979e-05,48.254396973689765,0.53267500000000001,0.30807499999999999,0.040000000000000001,1,0,0,23864.589114760533,0.0053962234583430843,0,3,0.01,0.25,0,1,0,0,0,0,0,0,0,0.35968608143075897,0.91662908680736344,0.96473904646812525,0.94981030161150448,0.96556258770031955,0.25,1,0.91662908680736344,0.96473904646812525,0.91662908680736344,0.96473904646812536,0,0.41667500000000002,0.010113705271327088,0.25284263178317717,0.35968608143075897,0.0012716823363905319,0.0012716823363905319,0.011699605558256113,0.011287066310325181,20,4348,1,2,0,1,13.240782083333333
200,154.49909820199738,155.82974364225035,0.0086126421172584063,0.4999400077626851,-5.9992237314898667e-05,48.162184384302691,0.53144999999999998,0.30767499999999998,0.040000000000000001,1,0,0,23880.816957158098,0.0053575935075490721,0,3,0.01,0.25,0,1,0,0,0,0,0,0,0,0.37158663478464055,0.93397213849370908,0.9684239534228436,0.94737565926128453,0.96641208230846321,0.25,1,0.93397213849370908,0.9684239534228436,0.93397213849370908,0.9684239534228436,0,0.2321,0.018708499569834395,0.46771248924585984,0.37158663478464055,0.0013137571462725419,0.0013137571462725425,0.011944331527967511,0.011567176759307411,20,4368,1,2,0,1,12.671250916666667
201,154.55537137015449,155.9986483685162,0.0093382519518206506,0.49998391562936523,-1.6084370634772416e-05,48.053944206893014,0.53010000000000002,0.30780000000000002,0.040000000000000001,1,0,0,23916.479861358028,0.0054727925482928276,0,3,0.01,0.25,0,1,0,0,0,0,0,0,0,0.40959280397474973,0.90110814073189027,0.96377364877908045,0.93990646392962418,0.96641208230846321,0.25,1,0.90110814073189027,0.96377364877908045,0.90110814073189027,0.96377364877908045,0,0.40605000000000002,0.017818099424870906,0.44545248562177264,0.40959280397474973,0.0014481292460787889,0.0014481292460787889,0.012214474702002091,0.011771988851468327,22,4390,1,2,0,1,14.364287583333333
202,154.6310799989854,156.0189933088856,0.0089756426063201892,0.49996390495853532,-3.609504146467879e-05,47.952060303298325,0.52887499999999998,0.30759999999999998,0.040000000000000001,1,0,0,23929.71864690692,0.0055809862216105116,0,3,0.01,0.25,0,1,0,0,0,0,0,0,0,0.41540151336570569,0.92925120034718611,0.9662473013976518,0.9316116694204476,0.96670525881062019,0.25,1,0.92925120034718611,0.9662473013976518,0.92925120034718611,0.96624730139765169,0,0.238175,0.01740748627240498,0.43518715681012449,0.41540151336570569,0.0014686661350802237,0.0014686661350802239,0.012554063025683172,0.012130329520142404,20,4410,1,2,0,1,12.83440225
203,154.69626634715425,156.13664870469634,0.0093110350466360063,0.49995540712090925,-4.45928790907546e-05,47.814133350045211,0.52659999999999996,0.30745,0.040000000000000001,1,0,0,23952.599695727738,0.0058486876165786727,0,3,0.01,0.25,0,1,0,0,0,0,0,0,0,0.51647764492952741,0.9573638350101431,0.96355069863001896,0.9316116694204476,0.96595412489549481,0.25,1,0.9573638350101431,0.96355069863001896,0.9573638350101431,0.96355069863001885,0,0.22869999999999999,0.0201273074985776,0.50318268746443995,0.51647764492952741,0.0018260242253046336,0.001826024225304634,0.013164237875483238,0.012684410601853631,25,4435,1,2,0,1,15.850671500000001
204,154.78818169703703,156.25002250818432,0.0094441371112460436,0.49997779859597441,-2.2201404025590232e-05,47.696900621950071,0.52500000000000002,0.30752499999999999,0.040000000000000001,1,0,0,23986.268996482169,0.005997596771594298,0,3,0.01,0.25,0,1,0,0,0,0,0,0,0,0.46820995109432961,0.94308342519984223,0.96083414076937712,0.9316116694204476,0.96556258770031955,0.25,1,0.94308342519984223,0.96083414076937712,0.94308342519984223,0.9608341407693769,0,0.26040000000000002,0.017041675246512691,0.42604188116281727,0.46820995109432961,0.0016553721571891111,0.0016553721571891116,0.013661509885334268,0.013126445112287503,21,4456,1,2,0,1,13.356564958333333
205,154.87333811486275,156.42243616939737,0.010002354655684678,0.49996378088369903,-3.6219116300972853e-05,47.569685325195515,0.52359999999999995,0.30735000000000001,0.040000000000000001,1,0,0,24018.82677449207,0.0062236555170372384,0,3,0.01,0.25,0,1,0,0,0,0,0,0,0,0.50135319416960045,0.94740056144124984,0.95719677035454243,0.9316116694204476,0.96510598203308162,0.25,1,0.94740056144124984,0.95719677035454243,0.94740056144124984,0.95719677035454209,0,0.15204999999999999,0.021067544099440449,0.52668860248601124,0.50135319416960045,0.0017725512168343016,0.0017725512168343016,0.014243632796955556,0.013633959311361896,21,4477,1,2,0,1,13.522114625
206,154.96466831037236,156.59933993958131,0.010548673107439793,0.49995905316033307,-4.0946839666933244e-05,47.408860057720162,0.52127500000000004,0.3075,0.040000000000000001,1,0,0,24060.711381491084,0.0066107767542553158,0,3,0.01,0.25,0,1,0,0,0,0,0,0,0,0.56481647764210063,0.95632722688940963,0.95471328226617003,0.93852778184677565,0.96474339176349355,0.25,1,0.95632722688940963,0.95471328226617003,0.95632722688940963,0.95471328226616969,0,0.2364,0.021327126858444023,0.53317817146110058,0.56481647764210063,0.0019969278073331469,0.0019969278073331464,0.01508385140013899,0.014400753279441859,24,4501,1,2,0,1,15.623903333333333
207,155.07989088268329,156.63504723909693,0.010028098082620594,0.49998726243007885,-1.2737569921150715e-05,47.244648572010753,0.51792499999999997,0.30754999999999999,0.040000000000000001,1,0,0,24093.864451628251,0.0070880910704445403,0,3,0.01,0.25,0,1,0,0,0,0,0,0,0,0.57189341609744926,0.96090950691624144,0.95164057965335314,0.94446210728269087,0.96465338645497023,0.25,1,0.96090950691624144,0.95164057965335314,0.96090950691624144,0.95164057965335314,0,0.218525,0.019070691678769246,0.47676729196923118,0.57189341609744926,0.0020219485631922311,0.0020219485631922315,0.015929217091703203,0.015158889386572536,23,4524,1,2,0,1,15.032680750000001
208,155.20015376694468,156.68146396944175,0.0095445150442406805,0.49997525499950607,-2.4745000493930913e-05,47.081981932485832,0.51465000000000005,0.30764999999999998,0.040000000000000001,1,0,0,24125.66401688079,0.0075665991573960556,0,3,0.01,0.25,0,1,0,0,0,0,0,0,0,0.59072214436104742,0.96706187941505528,0.94973672642759566,0.94446210728269087,0.96432305803776242,0.25,1,0.96706187941505528,0.94973672642759566,0.96706187941505528,0.94973672642759543,0,0.202325,0.018582347294553068,0.46455868236382669,0.59072214436104742,0.0020885181703737764,0.0020885181703737764,0.016863577004049286,0.01601595841968545,22,4546,1,2,0,1,14.949782875
209,155.32518580478597,156.67202126979535,0.0086710693956747725,0.49998838238475363,-1.161761524637317e-05,46.934690510861707,0.51224999999999998,0.307925,0.040000000000000001,1,0,0,24168.212721691023,0.0080752449592852299,0,3,0.01,0.25,0,1,0,0,0,0,0,0,0,0.49754954096867754,0.9533511728878129,0.94556204357338181,0.94446210728269087,0.96392601920639498,0.25,1,0.9533511728878129,0.94556204357338181,0.9533511728878129,0.94556204357338203,0,0.30482500000000001,0.019028113582028362,0.47570283955070902,0.49754954096867754,0.0017591032719760291,0.0017591032719760293,0.017350997939634787,0.016406445069838606,17,4563,1,2,0,1,10.992785791666666
210,155.43898910479103,156.75348187120716,0.0084566476788519394,0.49998410539850058,-1.5894601499422123e-05,46.793007250597299,0.50970000000000004,0.30777500000000002,0.040000000000000001,1,0,0,24189.052683347509,0.0088308250546308177,0,3,0.01,0.25,0,1,0,0,0,0,0,0,0,0.52475003966918765,0.97506385044059796,0.94515403124124109,0.94662067540339456,0.96368400023523693,0.25,1,0.97506385044059796,0.94515403124124109,0.97506385044059796,0.9451540312412412,0,0.33507500000000001,0.018087840198421728,0.45219600496054319,0.52475003966918765,0.001855271557389962,0.0018552715573899611,0.017892512350752204,0.016911180177347142,16,4579,1,2,0,1,10.334233625
211,155.55539266656302,156.74904102968958,0.0076734617981722552,0.49992819835644414,-7.1801643555857719e-05,46.600434696994625,0.50497499999999995,0.307925,0.040000000000000001,1,0,0,24253.09686052211,0.009537267299452588,0,3,0.01,0.25,0,1,0,0,0,0,0,0,0,0.70886205737418417,0.95882928271111556,0.94438740593077819,0.95037586716453137,0.96357252516070624,0.25,1,0.95882928271111556,0.94438740593077819,0.95882928271111556,0.94438740593077819,0,0.29849999999999999,0.022819556360709512,0.57048890901773774,0.70886205737418417,0.0025062058384756657,0.0025062058384756653,0.018950588943149081,0.017896697532881048,23,4602,1,2,0,1,14.371276833333333
212,155.71159859225367,156.90872858090742,0.0076881234248230967,0.49997856304507904,-2.1436954920961426e-05,46.402345319792545,0.50155000000000005,0.30790000000000001,0.040000000000000001,1,0,0,24306.150431284972,0.010307637619768399,0,3,0.01,0.25,0,1,0,0,0,0,0,0,0,0.76968779736463977,0.95998294468345324,0.94079102230116773,0.95483919988861121,0.96347634635572366,0.25,1,0.95998294468345324,0.94079102230116773,0.95998294468345324,0.94079102230116785,0,0.37874999999999998,0.02275138234837619,0.5687845587094047,0.76968779736463977,0.0027212573045653702,0.0027212573045653702,0.020203180112634229,0.019006970471899778,23,4625,1,2,0,1,15.087461583333333
213,155.88939864357857,157.05758205351057,0.0074936680755495269,0.4999606910393849,-3.9308960615103139e-05,46.213952988994919,0.498025,0.30819999999999997,0.040000000000000001,1,0,0,24345.002136152587,0.011160149763024383,0,3,0.01,0.25,0,1,0,0,0,0,0,0,0,0.69435208745741195,0.93846496247278555,0.9396293404478836,0.95483919988861121,0.96219241969969804,0.25,1,0.93846496247278555,0.9396293404478836,0.93846496247278555,0.93962934044788371,0,0.24005000000000001,0.021967128002175408,0.54917820005438522,0.69435208745741195,0.0024549053478608533,0.0024549053478608533,0.020832061235190449,0.019574415958591926,21,4646,1,2,0,1,13.525066083333334
214,156.04004859893269,157.28720141086643,0.0079925174538959705,0.49997462477264415,-2.5375227355850516e-05,46.028266072608076,0.49462499999999998,0.308425,0.040000000000000001,1,0,0,24404.171592833773,0.012076363253844011,0,3,0.01,0.25,0,1,0,0,0,0,0,0,0,0.69301740513680754,0.94703872116941124,0.93606686340897449,0.95037586716453137,0.95901545556195977,0.25,1,0.94703872116941124,0.93606686340897449,0.94703872116941124,0.9360668634089746,0,0.294825,0.022376584254888154,0.55941460637220386,0.69301740513680754,0.0024501865332627075,0.0024501865332627075,0.021626875611264047,0.020244201618771985,21,4667,1,2,0,1,13.485238958333333
215,156.18913561503467,157.70342881427234,0.0096952530870649447,0.49998604315966449,-1.3956840335505039e-05,45.854827455402962,0.49180000000000001,0.30859999999999999,0.040000000000000001,1,0,0,24451.612375537748,0.013036973006661718,0,3,0.01,0.25,0,1,0,0,0,0,0,0,0,0.59654933785106068,0.9620175338907444,0.93359456492557524,0.95037586716453137,0.95595502631035623,0.25,1,0.9620175338907444,0.93359456492557524,0.9620175338907444,0.93359456492557524,0,0.200625,0.021025556253787884,0.52563890634469712,0.59654933785106068,0.0021091204105341487,0.0021091204105341487,0.021963444804963889,0.020504952696957148,18,4685,1,2,0,1,11.238764541666667
216,156.32119870852097,157.83081723122211,0.0096571580513274153,0.49998666530479441,-1.3334695205591274e-05,45.648003476689084,0.48907499999999998,0.30857499999999999,0.040000000000000001,1,0,0,24492.524259933409,0.013925896942338305,0,3,0.01,0.25,0,1,0,0,0,0,0,0,0,0.66192080496047134,0.96965543945255928,0.93176179305328599,0.95037586716453137,0.95317693095976153,0.25,1,0.96965543945255928,0.93176179305328599,0.96965543945255928,0.93176179305328588,0,0.12989999999999999,0.020813367554580565,0.5203341888645141,0.66192080496047134,0.0023402434489800368,0.0023402434489800377,0.022306760446610778,0.020784587110944178,20,4705,1,2,0,1,13.539769666666666
217,156.47319593986566,157.88023472861121,0.0089922032990640312,0.49996857991326349,-3.1420086736511088e-05,45.453889074723001,0.485375,0.30827500000000002,0.040000000000000001,1,0,0,24531.40755498641,0.014711703293323443,0,3,0.01,0.25,0,1,0,0,0,0,0,0,0,0.69424141741936662,0.96358655864600207,0.92651166692971865,0.95483919988861121,0.95068865304047434,0.25,1,0.96358655864600207,0.92651166692971865,0.96358655864600207,0.92651166692971865,0,0.38919999999999999,0.021243093781134124,0.53107734452835309,0.69424141741936662,0.0024545140701889732,0.0024545140701889732,0.022739325953607521,0.021068250794135119,22,4727,1,2,0,1,15.392283791666667
218,156.62404813592065,157.90359426680229,0.0081695381144230965,0.49998950537115022,-1.0494628849777587e-05,45.291417322053839,0.48209999999999997,0.30827500000000002,0.040000000000000001,1,0,0,24584.218370598748,0.015464256136640252,0,3,0.01,0.25,0,1,0,0,0,0,0,0,0,0.59961245218437609,0.97060604503840286,0.92335740063248573,0.95684553094977631,0.94764938500048879,0.25,1,0.97060604503840286,0.92335740063248573,0.97060604503840286,0.92335740063248561,0,0.26515,0.017702844515589688,0.44257111288974221,0.59961245218437609,0.0021199501551173341,0.0021199501551173346,0.02277075793835108,0.021025547860387392,19,4746,1,2,0,1,12.352566124999999
219,156.75238733938147,158.06868050311493,0.0083972766608241961,0.49993422579578489,-6.5774204215107712e-05,45.093759184273523,0.47954999999999998,0.30812499999999998,0.040000000000000001,1,0,0,24614.073658713005,0.016244492199241366,0,3,0.01,0.25,0,1,0,0,0,0,0,0,0,0.69879106409473246,0.9587938884578715,0.91752467766236323,0.95807886173400725,0.94535803740731139,0.25,1,0.9587938884578715,0.91752467766236323,0.9587938884578715,0.91752467766236323,0,0.255575,0.019918653608959433,0.49796634022398584,0.69879106409473246,0.0024705995002697436,0.0024705995002697431,0.023482254166644796,0.021545547685036453,21,4767,1,2,0,1,15.387658416666667
220,156.90371189874165,158.09274109392831,0.0075780820019988246,0.49995929098991948,-4.0709010080519636e-05,44.920571779737813,0.47720000000000001,0.30785000000000001,0.040000000000000001,1,0,0,24658.275273369967,0.016816279605752493,0,3,0.01,0.25,0,1,0,0,0,0,0,0,0,0.659140151610208,0.95735228508424197,0.91423685215587092,0.95807886173400725,0.94477071858600969,0.25,1,0.95735228508424197,0.91423685215587092,0.95735228508424197,0.91423685215587103,0,0.24404999999999999,0.019889920022758013,0.4972480005689503,0.659140151610208,0.0023304123547795356,0.0023304123547795356,0.02395739496403437,0.021902733357773697,21,4788,1,2,0,1,14.086709208333334
221,157.03508769777861,158.28258442160026,0.0079440635982101077,0.49996152410651085,-3.8475893489153812e-05,44.758524559229734,0.47489999999999999,0.30785000000000001,0.040000000000000001,1,0,0,24702.459383921127,0.0174642690375891,0,3,0.01,0.25,0,1,0,0,0,0,0,0,0,0.61484376678428676,0.95648034647185132,0.91474119409840504,0.95807886173400725,0.94258921411597296,0.25,1,0.95648034647185132,0.91474119409840504,0.95648034647185132,0.91474119409840493,0,0.38472499999999998,0.020369290706628223,0.50923226766570551,0.61484376678428676,0.0021738009843172467,0.0021738009843172467,0.023624990109875951,0.021610751663670935,22,4810,1,2,0,1,14.654934916666667
222,157.15027359556964,158.60487640263887,0.0092561264691952121,0.4999592873105963,-4.0712689403699098e-05,44.611006315214837,0.47317500000000001,0.30737500000000001,0.040000000000000001,1,0,0,24729.004545733595,0.017908108371729743,0,3,0.01,0.25,0,1,0,0,0,0,0,0,0,0.58010849885095628,0.97064752666559106,0.91896378871075879,0.95881158558449353,0.94021018137452561,0.25,1,0.97064752666559106,0.91896378871075879,0.97064752666559106,0.91896378871075901,0,0.157275,0.021664409519540937,0.54161023798852337,0.58010849885095628,0.0020509932668072986,0.0020509932668072986,0.022954726072117879,0.021094562040051081,22,4832,1,2,0,1,14.653294833333334
223,157.25062177025012,158.8928767226175,0.010443551407808012,0.49990650449342755,-9.3495506572449649e-05,44.45178321670064,0.47110000000000002,0.30682500000000001,0.040000000000000001,1,0,0,24757.82913264188,0.018072654989916642,0,3,0.01,0.25,0,1,0,0,0,0,0,0,0,0.61239376688749081,0.96460788693178912,0.92139614065694508,0.95940611369728446,0.93784810192842905,0.25,1,0.96460788693178912,0.92139614065694508,0.96460788693178912,0.9213961406569452,0,0.21892500000000001,0.023316400353167156,0.58291000882917887,0.61239376688749081,0.0021651389266125927,0.0021651389266125927,0.022664959650869617,0.020883406350456647,25,4857,1,2,0,1,16.177081250000001
224,157.34938088409004,159.09732117412634,0.011108656927756843,0.4999345618901927,-6.5438109807303135e-05,44.309356199083638,0.46939999999999998,0.30640000000000001,0.040000000000000001,1,0,0,24807.332595261429,0.01812785257215118,0,3,0.01,0.25,0,1,0,0,0,0,0,0,0,0.55670552574758148,0.96027692910964424,0.92138834960130112,0.9601299368965488,0.93483071416727492,0.25,1,0.96027692910964424,0.92138834960130112,0.96027692910964424,0.92138834960130123,0,0.17787500000000001,0.020319654685370347,0.50799136713425863,0.55670552574758148,0.001968251261900685,0.0019682512619006846,0.022183024379507598,0.020439180222199933,24,4881,1,2,0,1,16.023879624999999
225,157.44027261293991,159.3690130624714,0.012250616805480346,0.49998239970147418,-1.7600298525821678e-05,44.157797291283778,0.46752500000000002,0.30572500000000002,0.040000000000000001,1,0,0,24832.723763541417,0.018035619012102558,0,3,0.01,0.25,0,1,0,0,0,0,0,0,0,0.55951449646200235,0.94963602244062328,0.91921053461853663,0.9601299368965488,0.93267817898943062,0.25,1,0.94963602244062328,0.91921053461853663,0.94963602244062328,0.91921053461853686,0,0.31487500000000002,0.020697242798987544,0.51743106997468857,0.55951449646200235,0.0019781824731022919,0.0019781824731022915,0.022052086442075743,0.020270510167874626,26,4907,1,2,0,1,17.681637416666668
226,157.53848424103069,159.42051854918947,0.011946505117310288,0.49998056236693267,-1.9437633067331817e-05,44.04018706814275,0.466225,0.30470000000000003,0.040000000000000001,1,0,0,24853.634484453989,0.017790237934442545,0,3,0.01,0.25,0,1,0,0,0,0,0,0,0,0.45952051260730647,0.96172224443363785,0.91944099285208392,0.96059321801294284,0.92913672999150232,0.25,1,0.96172224443363785,0.91944099285208392,0.96172224443363785,0.91944099285208425,0,0.253525,0.016586340963276134,0.41465852408190335,0.45952051260730647,0.001624650352794724,0.0016246503527947245,0.021336493345890429,0.019617646625927378,22,4929,1,2,0,1,15.544140041666667
227,157.6129633992814,159.41297860371776,0.011420476879661091,0.49998452325311998,-1.5476746880016545e-05,43.917576151513209,0.46489999999999998,0.30385000000000001,0.040000000000000001,1,0,0,24875.942087482428,0.017467440433734379,0,3,0.01,0.25,0,1,0,0,0,0,0,0,0,0.46614482142974811,0.98107652184775995,0.91839427699212683,0.96099958677164099,0.92493453378110213,0.25,1,0.98107652184775995,0.91839427699212683,0.98107652184775995,0.91839427699212706,0,0.2828,0.016404088932830258,0.41010222332075646,0.46614482142974811,0.0016480708212398359,0.0016480708212398365,0.020530050096941289,0.01885468051539254,23,4952,1,2,0,1,16.454650958333332
228,157.69191167191354,159.36668003091813,0.010620508948417299,0.49998104720430564,-1.8952795694360258e-05,43.809168580520335,0.46325,0.3034,0.040000000000000001,1,0,0,24892.858486010464,0.017053691867128195,0,3,0.01,0.25,0,1,0,0,0,0,0,0,0,0.41681048449784991,0.95647755726736094,0.91650133209146911,0.9601299368965488,0.92237677064471546,0.25,1,0.95647755726736094,0.91650133209146911,0.95647755726736094,0.91650133209146922,0,0.20485,0.015545223623298424,0.38863059058246058,0.41681048449784991,0.0014736476002904001,0.0014736476002904003,0.019883747542114354,0.01822348110931828,21,4973,1,2,0,1,15.663316125
229,157.7574717642527,159.288331048777,0.0097038781580625223,0.49997512475429196,-2.487524570804478e-05,43.674181954515809,0.46195000000000003,0.30232500000000001,0.040000000000000001,1,0,0,24913.822394512517,0.016406511674766134,0,3,0.01,0.25,0,1,0,0,0,0,0,0,0,0.51622374460854092,0.93325854580482259,0.91979803938700255,0.9601299368965488,0.9213922451291231,0.25,1,0.93325854580482259,0.91979803938700255,0.93325854580482259,0.91979803938700255,0,0.41667500000000002,0.019094712125689552,0.47736780314223881,0.51622374460854092,0.0018251265521110585,0.0018251265521110579,0.019238274593955669,0.017695327252709208,27,5000,1,2,0,1,19.883904083333334
230,157.84017580583279,159.24303208279349,0.0088878276382967896,0.49997109160666653,-2.8908393333471061e-05,43.555999485608069,0.460675,0.30127500000000002,0.040000000000000001,1,0,0,24927.797795882456,0.01577815274128274,0,3,0.01,0.25,0,1,0,0,0,0,0,0,0,0.46834147417941857,0.95100359428157244,0.92394858181433159,0.95940611369728446,0.9213922451291231,0.25,1,0.95100359428157244,0.92394858181433159,0.95100359428157244,0.92394858181433137,0,0.342275,0.017412480058135092,0.43531200145337728,0.46834147417941857,0.0016558371615158561,0.0016558371615158563,0.018563699400691989,0.017151903734496921,25,5025,1,2,0,1,17.678370749999999
231,157.91420073037406,159.20811094479109,0.0081937546365844181,0.49996742849344672,-3.257150655328056e-05,43.465846978872015,0.45974999999999999,0.3004,0.040000000000000001,1,0,0,24957.219979325248,0.014931590108848867,0,3,0.01,0.25,0,1,0,0,0,0,0,0,0,0.4024371352085464,0.95500534053474873,0.92761240645179655,0.95938841657066232,0.9213922451291231,0.25,1,0.95500534053474873,0.92761240645179655,0.95500534053474873,0.92761240645179666,0,0.22017500000000001,0.015500877558183744,0.38752193895459358,0.4024371352085464,0.0014228301365362532,0.0014228301365362538,0.017812728552910998,0.016523307998438399,22,5047,1,2,0,1,15.646976625000001
232,157.96776336902096,159.40767101495447,0.0091151992990482281,0.49997695987900104,-2.3040120998962799e-05,43.341414621473206,0.45837499999999998,0.299425,0.040000000000000001,1,0,0,24979.82688892532,0.014110211385854488,0,3,0.01,0.25,0,1,0,0,0,0,0,0,0,0.46260225828843865,0.94333741847016661,0.92947928247847478,0.95807308677105674,0.9213922451291231,0.25,1,0.94333741847016661,0.92947928247847478,0.94333741847016661,0.92947928247847489,0,0.2157,0.019562730560383594,0.48906826400958986,0.46260225828843865,0.0016355459691398287,0.0016355459691398287,0.017397281255243528,0.016170412498199973,26,5073,1,2,0,1,17.598175000000001
233,158.03387376932429,159.47595417284387,0.0091251348152392303,0.49997775381727716,-2.2246182722840402e-05,43.273600859988683,0.45734999999999998,0.29854999999999998,0.040000000000000001,1,0,0,24988.418472402751,0.013385204913432617,0,3,0.01,0.25,0,1,0,0,0,0,0,0,0,0.38625466818445936,0.93831089851111338,0.93186490375412823,0.95807308677105674,0.9213922451291231,0.25,1,0.93831089851111338,0.93186490375412823,0.93831089851111338,0.93186490375412834,0,0.45372499999999999,0.015250626524168769,0.38126566310421922,0.38625466818445936,0.001365616475690955,0.0013656164756909548,0.016597758804321891,0.015466868910723653,22,5095,1,2,0,1,16.138592625000001
234,158.0791893077504,159.59663201289172,0.0095992566243944064,0.49996231889535558,-3.7681104644415875e-05,43.20330816932632,0.45657500000000001,0.29754999999999998,0.040000000000000001,1,0,0,25003.858244300794,0.012621707949794185,0,3,0.01,0.25,0,1,0,0,0,0,0,0,0,0.36720204455037686,0.97571227533777805,0.93451118478538431,0.95953540878375787,0.9213922451291231,0.25,1,0.97571227533777805,0.93451118478538431,0.97571227533777805,0.93451118478538464,0,0.11885,0.015740107004292243,0.39350267510730608,0.36720204455037686,0.001298255278835681,0.0012982552788356814,0.015927762821256887,0.014884672505073368,21,5116,1,2,0,1,15.318556125000001
235,158.12048815374163,159.73056669809975,0.010182605449539386,0.49999125113006537,-8.7488699346272014e-06,43.119107454859652,0.45555000000000001,0.29665000000000002,0.040000000000000001,1,0,0,25029.745505349576,0.01176219015147849,0,3,0.01,0.25,0,1,0,0,0,0,0,0,0,0.37704613917097113,0.95843888329796822,0.93755640552137853,0.95861638587791986,0.9213922451291231,0.25,1,0.95843888329796822,0.93755640552137853,0.95843888329796822,0.93755640552137853,0,0.18112500000000001,0.016252749165821742,0.40631872914554357,0.37704613917097113,0.001333059409140002,0.001333059409140002,0.015282639757294597,0.014328336797727236,23,5139,1,2,0,1,16.334723333333333
236,158.17530730756658,159.77101576842719,0.010088227347381126,0.49999146276674344,-8.5372332565558651e-06,43.032689935870806,0.45479999999999998,0.29577500000000001,0.040000000000000001,1,0,0,25041.83792943359,0.010997841456332879,0,3,0.01,0.25,0,1,0,0,0,0,0,0,0,0.37065325336372623,0.9467439391674356,0.93815699051058221,0.9578955841911051,0.9213922451291231,0.25,1,0.9467439391674356,0.93815699051058221,0.9467439391674356,0.93815699051058254,0,0.207875,0.016150125284411471,0.40375313211028679,0.37065325336372623,0.0013104571446117316,0.0013104571446117309,0.014968446549111607,0.014042752767133055,23,5162,1,2,0,1,16.861872833333333
237,158.22769555547976,159.71354817333091,0.0093905975981945777,0.49994822823527868,-5.1771764721320057e-05,42.943009838291857,0.45419999999999999,0.29520000000000002,0.040000000000000001,1,0,0,25056.034378670563,0.010281940998327278,0,3,0.01,0.25,0,1,0,0,0,0,0,0,0,0.32173147322952256,0.9472636012904847,0.93895095701883302,0.9569163157780467,0.9213922451291231,0.25,1,0.9472636012904847,0.93895095701883302,0.9472636012904847,0.93895095701883324,0,0.33405000000000001,0.016070436931511733,0.40176092328779334,0.32173147322952256,0.0011374925322086679,0.0011374925322086683,0.014457868260080437,0.013575229239254737,22,5184,1,2,0,1,15.679967124999999
238,158.27108822251947,159.67615006357087,0.0088775647961425227,0.49997995042734039,-2.0049572659608383e-05,42.851876658126457,0.45327499999999998,0.29404999999999998,0.040000000000000001,1,0,0,25066.571903465923,0.0096029830122883447,0,3,0.01,0.25,0,1,0,0,0,0,0,0,0,0.39743649545070159,0.9344492404259499,0.94128986293364136,0.95647895186960619,0.9213922451291231,0.25,1,0.9344492404259499,0.94128986293364136,0.9344492404259499,0.94128986293364159,0,0.344725,0.017242069857320276,0.43105174643300687,0.39743649545070159,0.0014051502051210375,0.0014051502051210378,0.014389370864911074,0.013544568929133477,26,5210,1,2,0,1,18.870528125
239,158.32970308321916,159.61332626944017,0.0081072796905728179,0.49998277228775662,-1.722771224338393e-05,42.797358479329667,0.45252500000000001,0.29325000000000001,0.040000000000000001,1,0,0,25079.091403605762,0.0090463534992781935,0,3,0.01,0.25,0,1,0,0,0,0,0,0,0,0.34486928369179876,0.93726750879840193,0.94422444528203286,0.95574144890105484,0.92267236123563834,0.25,1,0.93726750879840193,0.94422444528203286,0.93726750879840193,0.94422444528203275,0,0.29060000000000002,0.014410707718044313,0.36026769295110783,0.34486928369179876,0.0012192970456070906,0.0012192970456070908,0.013783541358407104,0.013014756693163905,22,5232,1,2,0,1,16.255507583333333
240,158.36363337331412,159.69521237452193,0.0084083635418294115,0.49997852703036699,-2.1472969633007377e-05,42.736620855346281,0.4521,0.29260000000000003,0.040000000000000001,1,0,0,25085.581906803509,0.0084932157992159071,0,3,0.01,0.25,0,1,0,0,0,0,0,0,0,0.32278863930818436,0.9438617024874395,0.9443917133002333,0.95300446740816058,0.92578049413306407,0.25,1,0.9438617024874395,0.9443917133002333,0.9438617024874395,0.9443917133002333,0,0.1633,0.015093751592617922,0.37734378981544803,0.32278863930818436,0.0011412301787239786,0.0011412301787239788,0.013268934375615226,0.012531071668655625,21,5253,1,2,0,1,15.881854125
241,158.39733635016944,159.80781473944486,0.0089046850267562386,0.49997971543601744,-2.0284563982564396e-05,42.676705935976948,0.45140000000000002,0.29167500000000002,0.040000000000000001,1,0,0,25099.568738502025,0.008033970719026803,0,3,0.01,0.25,0,1,0,0,0,0,0,0,0,0.31760059985824363,0.98527037307095422,0.94548355889094382,0.95300446740816058,0.92854584446513566,0.25,1,0.98527037307095422,0.94548355889094382,0.98527037307095422,0.94548355889094371,0,0.13295000000000001,0.01494023503401282,0.37350587585032047,0.31760059985824363,0.0011228876893433965,0.0011228876893433963,0.012968991928422369,0.012261968643712706,21,5274,1,2,0,1,15.510773458333333
242,158.42868338605976,159.96004220879581,0.0096659190116756208,0.49998100596796174,-1.8994032038255337e-05,42.617490512101938,0.45072499999999999,0.29110000000000003,0.040000000000000001,1,0,0,25111.776897195141,0.0075734620877552583,0,3,0.01,0.25,0,1,0,0,0,0,0,0,0,0.30914271211645683,0.98331035683891932,0.94840124003546689,0.95300446740816058,0.9306720931163015,0.25,1,0.98331035683891932,0.94840124003546689,0.98331035683891932,0.94840124003546677,0,0.104675,0.013760369366334384,0.3440092341583596,0.30914271211645683,0.0010929845404597364,0.0010929845404597366,0.012426430499742276,0.011785242095170121,21,5295,1,2,0,1,15.360270583333334
243,158.45891932974945,160.11047025664453,0.010422581031606327,0.49997948314902008,-2.0516850979923618e-05,42.556282066281334,0.44995000000000002,0.29017500000000002,0.040000000000000001,1,0,0,25120.932936380439,0.0070880423937686628,0,3,0.01,0.25,0,1,0,0,0,0,0,0,0,0.3104774561519954,0.97798476522452604,0.94871856319291681,0.95300446740816058,0.93318804426975621,0.25,1,0.97798476522452604,0.94871856319291681,0.97798476522452604,0.94871856319291659,0,0.27897499999999997,0.01436386495912524,0.35909662397813097,0.3104774561519954,0.0010977035732531244,0.0010977035732531247,0.012158517597304444,0.011535011345470468,21,5316,1,2,0,1,15.467763083333333
244,158.49175960667708,160.22646322942256,0.010945071384470918,0.49997845539109748,-2.1544608902523965e-05,42.494218417917729,0.44937500000000002,0.28922500000000001,0.040000000000000001,1,0,0,25131.623119295375,0.0066876509863662992,0,3,0.01,0.25,0,1,0,0,0,0,0,0,0,0.30995488911885932,0.97480531900194201,0.94906201545871738,0.95300446740816058,0.93603379515338148,0.25,1,0.97480531900194201,0.94906201545871738,0.97480531900194201,0.94906201545871738,0,0.13412499999999999,0.015031809193453869,0.37579522983634672,0.30995488911885932,0.0010958560197893493,0.0010958560197893491,0.011956118338258114,0.011347097767170177,21,5337,1,2,0,1,15.557402708333333
245,158.52503671993045,160.31722015608088,0.011305365216957573,0.49998264875022497,-1.7351249775032773e-05,42.417602283334851,0.44879999999999998,0.28804999999999997,0.040000000000000001,1,0,0,25146.962638460096,0.0064064803213947103,0,3,0.01,0.25,0,1,0,0,0,0,0,0,0,0.35054963884851492,0.9637373207515052,0.94996518187565793,0.95574144890105484,0.93785669801598037,0.25,1,0.9637373207515052,0.94996518187565793,0.9637373207515052,0.94996518187565759,0,0.19587499999999999,0.015515945058077924,0.38789862645194811,0.35054963884851492,0.0012393801338614005,0.0012393801338614007,0.011862439062979511,0.01126890408195224,24,5361,1,2,0,1,16.947614666666666
246,158.5676176788424,160.33595514718749,0.011151945739177511,0.49998810081048095,-1.1899189519049003e-05,42.352769624034096,0.44774999999999998,0.2873,0.040000000000000001,1,0,0,25164.664134352897,0.0060814630447313528,0,3,0.01,0.25,0,1,0,0,0,0,0,0,0,0.30741911901488472,0.93740966104933432,0.951648879024802,0.95300446740816058,0.93855397376470762,0.25,1,0.93740966104933432,0.951648879024802,0.93740966104933432,0.951648879024802,0,0.38450000000000001,0.01420629792771624,0.35515744819290601,0.30741911901488472,0.0010868907186090966,0.0010868907186090966,0.011638872636976881,0.01107612009809149,22,5383,1,2,0,1,16.186799666666666
247,158.604504577109,160.28965388001734,0.010624851465609359,0.49997732410862938,-2.2675891370615986e-05,42.269813006770448,0.44700000000000001,0.28652499999999997,0.040000000000000001,1,0,0,25171.014863603836,0.0058149615483990367,0,3,0.01,0.25,0,1,0,0,0,0,0,0,0,0.31220251116959757,0.84225212772011249,0.94747953284645647,0.94913359778602857,0.94012040997623725,0.25,1,0.84225212772011249,0.94747953284645647,0.84225212772011249,0.94747953284645636,0,0.43722499999999997,0.013439407169718526,0.33598517924296317,0.31220251116959757,0.0011038025637574564,0.0011038025637574568,0.011605182668525667,0.010995673053372493,20,5403,1,2,0,1,14.55133775
248,158.64244341025858,160.19542528779493,0.0097891954016382128,0.49998794560890758,-1.2054391092419792e-05,42.193324440285522,0.44597500000000001,0.28565000000000002,0.040000000000000001,1,0,0,25187.536402509111,0.0055501044288730466,0,3,0.01,0.25,0,1,0,0,0,0,0,0,0,0.33597737449966658,0.89438978367792876,0.9495182775586859,0.94700377022896021,0.94275715410783711,0.25,1,0.89438978367792876,0.9495182775586859,0.89438978367792876,0.94951827755868579,0,0.23415,0.015229022799154415,0.38072556997886037,0.33597737449966658,0.0011878593991698323,0.0011878593991698323,0.011387891862574462,0.010813011466376279,24,5427,1,2,0,1,17.809862166666665
249,158.68352394836984,160.11411454505813,0.0090153694667995613,0.49998249548341045,-1.7504516589550434e-05,42.114051232871766,0.445525,0.28462500000000002,0.040000000000000001,1,0,0,25196.614741028654,0.0053352222760329098,0,3,0.01,0.25,0,1,0,0,0,0,0,0,0,0.27366507481440439,0.92162341338015397,0.94775907751093569,0.94700377022896021,0.94430807929113314,0.25,1,0.92162341338015397,0.94775907751093569,0.92162341338015397,0.94775907751093558,0,0.23572499999999999,0.015650712612962886,0.39126781532407212,0.27366507481440439,0.00096755215087594596,0.00096755215087594574,0.011136146967843317,0.010554384377269386,23,5450,1,2,0,1,15.740121166666666
250,158.72266557013162,160.07772570001706,0.0085372818369579169,0.49999120826407545,-8.7917359245515136e-06,42.071169582978726,0.44490000000000002,0.28375,0.040000000000000001,1,0,0,25204.853888338599,0.0051408140070542145,0,3,0.01,0.25,0,1,0,0,0,0,0,0,0,0.30920533182517251,0.92876699531824092,0.94938642921646044,0.94530282082743755,0.94493763609558856,0.25,1,0.92876699531824092,0.94938642921646044,0.92876699531824092,0.94938642921646044,0,0.47349999999999998,0.013957933329739936,0.34894833324349839,0.30920533182517251,0.0010932059345630804,0.0010932059345630807,0.01108812272368242,0.010526913239350746,22,5472,1,2,0,1,17.206660041666666
251,158.75313867813264,160.06311106843853,0.0082516314399415942,0.49996748064070917,-3.2519359290827943e-05,41.990513797351007,0.44414999999999999,0.28247499999999998,0.040000000000000001,1,0,0,25213.957267254496,0.0049837020446970312,1,3,0.01,0.25,0,1,0,0,0,0,0,0,0,0.33964209353459557,0.956204218916336,0.95181906941944072,0.94530282082743755,0.94648154586870015,0.25,1,0.956204218916336,0.95181906941944072,0.956204218916336,0.95181906941944072,0,0.42707499999999998,0.015164715980316193,0.37911789950790481,0.33964209353459557,0.0012008161375735408,0.0012008161375735404,0.011166051171912564,0.010628060435539672,25,5497,1,2,0,1,17.478474291666668
252,158.79392271891373,159.95950845319879,0.0073402414546323699,0.49998231752098937,-1.7682479010627805e-05,41.946049232102467,0.44362499999999999,0.28129999999999999,0.040000000000000001,1,0,0,25225.898283124043,0.0048692205810690796,1,3,0.01,0.25,0,1,0,0,0,0,0,0,0,0.28433973158315173,0.921772223854886,0.95272500326550402,0.94530282082743755,0.94761930517869608,0.25,1,0.921772223854886,0.95272500326550402,0.921772223854886,0.95272500326550402,0,0.46260000000000001,0.014097774555131099,0.35244436387827749,0.28433973158315173,0.0010052927618160465,0.0010052927618160467,0.011078359393268873,0.010554629989128515,21,5518,1,2,0,1,16.164328416666667
253,158.82303787342363,159.93641794203009,0.007010192497978694,0.49998585896273506,-1.4141037264936429e-05,41.89583063565442,0.44314999999999999,0.28025,0.040000000000000001,1,0,0,25234.352264361485,0.0047955019794640669,1,3,0.01,0.25,0,1,0,0,0,0,0,0,0,0.28188831173018125,0.94362821873980862,0.95123832465946534,0.94530282082743755,0.94808015877320129,0.25,1,0.94362821873980862,0.95123832465946534,0.94362821873980862,0.95123832465946512,0,0.23965,0.013424658657877904,0.33561646644694759,0.28188831173018125,0.00099662568380819291,0.00099662568380819226,0.010977281503823939,0.010442010867012821,21,5539,1,2,0,1,16.032842708333334
254,158.84834832529828,160.0084822525138,0.0073034056661372424,0.49995884214247943,-4.1157857520568442e-05,41.841612014614107,0.44255,0.27912500000000001,0.040000000000000001,1,0,0,25236.246426190297,0.0047167983380542811,1,3,0.01,0.25,0,1,0,0,0,0,0,0,0,0.28396850361842318,0.96519403264154457,0.95015966636807381,0.94530282082743755,0.9485599016141919,0.25,1,0.96519403264154457,0.95015966636807381,0.96519403264154457,0.9501596663680737,0,0.40455000000000002,0.013528221461127329,0.33820553652818319,0.28396850361842318,0.0010039802727599184,0.0010039802727599182,0.01088540575679451,0.010342873502156982,21,5560,1,2,0,1,15.699026041666666
255,158.87351081291703,160.08805011715489,0.0076446935554162453,0.499984285704616,-1.5714295383995047e-05,41.775873212285958,0.442025,0.27744999999999997,0.040000000000000001,1,0,0,25252.451437425378,0.0046221330500913864,1,3,0.01,0.25,0,1,0,0,0,0,0,0,0,0.30228063682836448,0.98007211252360094,0.94909718850312152,0.94530282082743755,0.94889028932581709,0.25,1,0.98007211252360094,0.94909718850312152,0.98007211252360094,0.9490971885031213,0,0.15790000000000001,0.013943835232815975,0.34859588082039938,0.30228063682836448,0.0010687234406136228,0.0010687234406136219,0.010714749063546731,0.010169338211728657,23,5583,1,2,0,1,16.337884708333334
256,158.90466558329061,160.22578787779267,0.0083139301772709034,0.49997941326238471,-2.0586737615291284e-05,41.720013692675131,0.44140000000000001,0.27627499999999999,0.040000000000000001,1,0,0,25257.045690722171,0.0045732363886679377,1,3,0.01,0.25,0,1,0,0,0,0,0,0,0,0.30042649230418306,0.97469003170259239,0.94925000054182207,0.94556265188896216,0.94907960198091945,0.25,1,0.97469003170259239,0.94925000054182207,0.97469003170259239,0.94925000054182207,0,0.34399999999999997,0.014687824035576166,0.36719560088940412,0.30042649230418306,0.0010621680497818798,0.0010621680497818794,0.010690026394719514,0.010147507560979591,23,5606,1,2,0,1,16.745621750000002
257,158.92891096753925,160.3360081547697,0.0088536263079147613,0.49997982230388954,-2.0177696110457166e-05,41.673536473479956,0.44097500000000001,0.2752,0.040000000000000001,1,0,0,25270.626151340839,0.0044497359703469163,1,3,0.01,0.25,0,1,0,0,0,0,0,0,0,0.27660324424308064,0.97460457821824065,0.95720822669322414,0.95003296070188781,0.94917359452247174,0.25,1,0.97460457821824065,0.95720822669322414,0.97460457821824065,0.95720822669322403,0,0.231575,0.013683947972982767,0.34209869932456916,0.27660324424308064,0.00097794014851240577,0.00097794014851240621,0.010564163979474463,0.010112104669289185,21,5627,1,2,0,1,16.150090083333332
258,158.94886382961883,160.44426892518567,0.0094080892403848766,0.4999869493687738,-1.3050631226196874e-05,41.621211005959495,0.44022499999999998,0.27415,0.040000000000000001,1,0,0,25280.931526370059,0.0043865105152295194,1,3,0.01,0.25,0,1,0,0,0,0,0,0,0,0.27569699974643153,0.98332233016544413,0.96049272438756006,0.9599707698339206,0.94931821487914125,0.25,1,0.98332233016544413,0.96049272438756006,0.98332233016544413,0.96049272438755995,0,0.151,0.01299764526464626,0.32494113161615651,0.27569699974643153,0.00097473609036743795,0.00097473609036743795,0.010351040670672069,0.0099420992540202521,21,5648,1,2,0,1,15.970115833333333
259,158.9724942824507,160.52919543143855,0.0097922672473265884,0.49998704363809404,-1.2956361905958058e-05,41.562768832099842,0.43980000000000002,0.273175,0.040000000000000001,1,0,0,25283.548298375179,0.0042746914676246384,1,3,0.01,0.25,0,1,0,0,0,0,0,0,0,0.29909883171337603,0.94969569262760545,0.96587412514131865,0.9599707698339206,0.94945235338757317,0.25,1,0.94969569262760545,0.96587412514131865,0.94969569262760545,0.96587412514131865,0,0.18395,0.013723633065599513,0.3430908266399878,0.29909883171337603,0.0010574740607475108,0.0010574740607475108,0.010440962580543634,0.010084655598115827,22,5670,1,2,0,1,16.737626666666667
260,159.00128058805038,160.53730820872465,0.0096604732678468395,0.49998232828294692,-1.767171705308046e-05,41.51127438163595,0.43942500000000001,0.2717,0.040000000000000001,1,0,0,25288.331183077495,0.0041510234357375556,1,3,0.01,0.25,0,1,0,0,0,0,0,0,0,0.27175971091829093,0.95691155558305485,0.96740891035049392,0.96032443816727997,0.94974172971717197,0.25,1,0.95691155558305485,0.96740891035049392,0.95691155558305485,0.96740891035049381,0,0.19600000000000001,0.011951103954704445,0.29877759886761113,0.27175971091829093,0.00096081567221809679,0.00096081567221809657,0.01030857231819865,0.0099726047136178206,21,5691,1,2,0,1,16.085199958333334
261,159.02785178125333,160.55916951555275,0.0096292424072091827,0.49998558985439678,-1.4410145603216407e-05,41.45338264002465,0.43885000000000002,0.27079999999999999,0.040000000000000001,1,0,0,25306.954370923624,0.0040067504380500007,1,3,0.01,0.25,0,1,0,0,0,0,0,0,0,0.2800262974172073,0.97418244730145254,0.97331058960302497,0.96032443816727997,0.95006242412186581,0.25,1,0.97418244730145254,0.97331058960302497,0.97418244730145254,0.97331058960302497,0,0.21715000000000001,0.013726268101240911,0.34315670253102276,0.2800262974172073,0.00099004246907134145,0.0009900424690713421,0.010097798649696453,0.0098282943574286834,22,5713,1,2,0,1,16.791962625
262,159.05481473181015,160.61386981085968,0.0098019986485685766,0.49998551687546144,-1.4483124538555714e-05,41.392651346341353,0.438525,0.269675,0.040000000000000001,1,0,0,25306.054089565449,0.0039199244620884552,1,3,0.01,0.25,0,1,0,0,0,0,0,0,0,0.29901310752309662,0.93515650913899195,0.97155000815946246,0.95655788724969537,0.95069899551376957,0.25,1,0.93515650913899195,0.97155000815946246,0.93515650913899195,0.97155000815946257,0,0.44009999999999999,0.013420464326318268,0.33551160815795666,0.29901310752309662,0.0010571709799662194,0.0010571709799662196,0.010149676867846626,0.0098609186437722974,22,5735,1,2,0,1,16.597820208333335
263,159.08556641333072,160.59723521674206,0.0095022373021809714,0.49996668793236332,-3.3312067636681597e-05,41.337729315148934,0.43827500000000003,0.26869999999999999,0.040000000000000001,1,0,0,25311.845969790407,0.0037832372521041952,1,3,0.01,0.25,0,1,0,0,0,0,0,0,0,0.28013939390020554,0.97090220967534457,0.97181007339016467,0.95655788724969537,0.95144360184213372,0.25,1,0.97090220967534457,0.97181007339016467,0.97090220967534457,0.97181007339016479,0,0.22547500000000001,0.012802850150121047,0.32007125375302614,0.28013939390020554,0.00099044232552162334,0.00099044232552162399,0.010143493509560057,0.0098575491719582187,21,5756,1,2,0,1,16.114777541666665
264,159.11117613485897,160.62189655468978,0.0094947473617463946,0.49995576090450938,-4.4239095490616887e-05,41.28601015334462,0.43782500000000002,0.26800000000000002,0.040000000000000001,1,0,0,25324.187603148286,0.003638902335282882,1,3,0.01,0.25,0,1,0,0,0,0,0,0,0,0.28606192814223025,0.96898803467697425,0.9704685176220168,0.95655788724969537,0.95173397422212136,0.25,1,0.96898803467697425,0.9704685176220168,0.96898803467697425,0.9704685176220168,0,0.130075,0.011918432220199513,0.29796080550498782,0.28606192814223025,0.0010113816461433493,0.0010113816461433491,0.010150894882943488,0.0098511239095870826,21,5777,1,2,0,1,15.322184791666666
265,159.13319570243152,160.70378495794486,0.0098696519515025487,0.49998306877330134,-1.6931226698657653e-05,41.218651140325505,0.4375,0.26719999999999999,0.040000000000000001,1,0,0,25340.232668194531,0.0035711878275019458,1,3,0.01,0.25,0,1,0,0,0,0,0,0,0,0.29415457146862567,0.95791186025296526,0.96808871424757148,0.95655788724969537,0.95227203634247237,0.25,1,0.95791186025296526,0.96808871424757148,0.95791186025296526,0.96808871424757137,0,0.30685000000000001,0.013329482805019464,0.33323707012548659,0.29415457146862567,0.0010399934610124408,0.0010399934610124404,0.010122164903342307,0.0097991536066785474,22,5799,1,2,0,1,15.778445749999999
266,159.16566238137125,160.77698347153625,0.01012354716499201,0.4999621476327139,-3.7852367286095312e-05,41.171959520630523,0.43704999999999999,0.26634999999999998,0.040000000000000001,1,0,0,25336.344394020751,0.0034994497124606555,1,3,0.01,0.25,0,1,0,0,0,0,0,0,0,0.28042243813985196,0.95142869027661314,0.96684180658718566,0.95655788724969537,0.95496661497936408,0.25,1,0.95142869027661314,0.96684180658718566,0.95142869027661314,0.96684180658718566,0,0.42752499999999999,0.011441581956406105,0.2860395489101526,0.28042243813985196,0.00099144303802777218,0.00099144303802777239,0.0100514398915882,0.00971815230358564,21,5820,1,2,0,1,15.3719445
267,159.18660986607659,160.79597867065513,0.010109950867931016,0.49998350212679588,-1.6497873204124325e-05,41.120895808425352,0.43657499999999999,0.26572499999999999,0.040000000000000001,1,0,0,25355.913351037998,0.0034462887194828548,1,3,0.01,0.25,0,1,0,0,0,0,0,0,0,0.27875641722009592,0.94195274924417227,0.96898759976699256,0.95655788724969537,0.95885047554039216,0.25,1,0.94195274924417227,0.96898759976699256,0.94195274924417227,0.96898759976699245,0,0.241725,0.011268068360853891,0.28170170902134728,0.27875641722009592,0.00098555276457798144,0.00098555276457798166,0.010059052507653774,0.0097470971453215774,21,5841,1,2,0,1,15.577869791666666
268,159.21165504452276,160.87449140369051,0.01044418738504258,0.49998627587346817,-1.3724126531833303e-05,41.063184258336591,0.43595,0.26490000000000002,0.040000000000000001,1,0,0,25365.262205415642,0.0033881493443152786,1,3,0.01,0.25,0,1,0,0,0,0,0,0,0,0.28077544319438902,0.88853426316863637,0.96515251628070553,0.95655788724969537,0.96282262033413279,0.25,1,0.88853426316863637,0.96515251628070553,0.88853426316863637,0.96515251628070542,0,0.19092500000000001,0.011699124776307485,0.29247811940768714,0.28077544319438902,0.00099269109936705362,0.00099269109936705384,0.010077007516653389,0.0097258491612776023,21,5862,1,2,0,1,15.766815625
269,159.2442382623681,160.7665785651931,0.0095597826297289228,0.49997982958501652,-2.0170414983478047e-05,41.006939442537686,0.43554999999999999,0.26440000000000002,0.040000000000000001,1,0,0,25367.070326878984,0.0033509786395536575,1,3,0.01,0.25,0,1,0,0,0,0,0,0,0,0.27758267749246363,0.9223488283563398,0.96563506830093138,0.95655788724969537,0.96539379229081845,0.25,1,0.9223488283563398,0.96563506830093138,0.9223488283563398,0.96563506830093138,0,0.25107499999999999,0.012612260847785781,0.31530652119464453,0.27758267749246363,0.00098140296797419725,0.00098140296797419725,0.010000936423880075,0.0096572549267467094,21,5883,1,2,0,1,15.842362124999999
270,159.26923677264904,160.7434056794668,0.0092558295417845705,0.49996212826509911,-3.7871734900885023e-05,40.955548685338727,0.43487500000000001,0.26367499999999999,0.040000000000000001,1,0,0,25363.527298121429,0.0033363115927405305,1,3,0.01,0.25,0,1,0,0,0,0,0,0,0,0.28068003613572473,0.9783133554353014,0.96755189163423339,0.95741170791801,0.96575459672112496,0.25,1,0.9783133554353014,0.96755189163423339,0.9783133554353014,0.96755189163423305,0,0.4486,0.013496885774160434,0.33742214435401086,0.28068003613572473,0.00099235378447628067,0.0009923537844762811,0.01003247453613826,0.009706939715212852,22,5905,1,2,0,1,16.170408083333335
271,159.29250964464765,160.78911505480747,0.0093953282141041542,0.4999663691487769,-3.3630851223098723e-05,40.905685083610024,0.4345,0.26295000000000002,0.040000000000000001,1,0,0,25381.08866196598,0.0033024176705476614,1,3,0.01,0.25,0,1,0,0,0,0,0,0,0,0.28151585418780778,0.94303696275058357,0.96932480874750948,0.95741170791801,0.96635796586425216,0.25,1,0.94303696275058357,0.96932480874750948,0.94303696275058357,0.96932480874750937,0,0.224525,0.012533173993507266,0.31332934983768163,0.28151585418780778,0.00099530884753861099,0.00099530884753861099,0.01003774091460553,0.0097298312923070566,21,5926,1,2,0,1,15.462241958333333
272,159.31290380200664,160.89967207073585,0.0099600737345245435,0.49995700819888217,-4.2991801117830963e-05,40.845062766900831,0.43407499999999999,0.26255000000000001,0.040000000000000001,1,0,0,25393.13465759622,0.0032265381496413134,1,3,0.01,0.25,0,1,0,0,0,0,0,0,0,0.27411298495123021,0.93574002103728005,0.96807273893132006,0.95741170791801,0.96712535846883974,0.25,1,0.93574002103728005,0.96807273893132006,0.93574002103728005,0.96807273893131995,0,0.292875,0.012577418273477614,0.31443545683694035,0.27411298495123021,0.00096913575235150465,0.00096913575235150421,0.0099497056869908146,0.0096320388359657297,21,5947,1,2,0,1,15.483556666666667
273,159.3361266063265,160.99057349043611,0.010383375819077511,0.49997901336236511,-2.0986637634889949e-05,40.798974546735309,0.43354999999999999,0.26222499999999999,0.040000000000000001,1,0,0,25397.246987953906,0.0032529160661165179,1,3,0.01,0.25,0,1,0,0,0,0,0,0,0,0.26825151986158852,0.9796017730492026,0.9677710828152154,0.96155294644725497,0.96748040099236365,0.25,1,0.9796017730492026,0.9677710828152154,0.9796017730492026,0.9677710828152154,0,0.37080000000000002,0.013391443186059601,0.33478607965149004,0.26825151986158852,0.0009484123437886354,0.0009484123437886354,0.0099076757052578273,0.0095883620454593702,21,5968,1,2,0,1,16.083699166666666
274,159.35750477950944,161.07187312641295,0.010758001948358506,0.49998939134468673,-1.0608655313271154e-05,40.75085923094867,0.43314999999999998,0.26185000000000003,0.040000000000000001,1,0,0,25415.352559604453,0.0032831985536396218,1,3,0.01,0.25,0,1,0,0,0,0,0,0,0,0.25851540804897583,0.98337701885708217,0.96724985552765286,0.96344994746496981,0.96748040099236365,0.25,1,0.98337701885708217,0.96724985552765286,0.98337701885708217,0.96724985552765275,0,0.19705,0.013220063776811191,0.33050159442027977,0.25851540804897583,0.0009139899903631909,0.0009139899903631909,0.0098102840494776692,0.0094889958295425129,21,5989,1,2,0,1,15.667094208333333
275,159.38067522649396,161.11420209121587,0.010876643998768453,0.49997385363712948,-2.6146362870516082e-05,40.691131684058242,0.43259999999999998,0.26127499999999998,0.040000000000000001,1,0,0,25406.379154180937,0.003294804960691075,1,3,0.01,0.25,0,1,0,0,0,0,0,0,0,0.28381497476924106,0.91851837302201522,0.96501645155007731,0.95741170791801,0.96748040099236365,0.25,1,0.91851837302201522,0.96501645155007731,0.91851837302201522,0.9650164515500772,0,0.39465,0.011324243801436221,0.2831060950359055,0.28381497476924106,0.0010034374663080961,0.0010034374663080961,0.0097737280547733237,0.0094318083658327927,21,6010,1,2,0,1,15.368647583333333
276,159.41160860851863,161.00217833918998,0.0099777534682398972,0.49998922201722196,-1.0777982778042983e-05,40.634312212512313,0.43235000000000001,0.26045000000000001,0.040000000000000001,1,0,0,25428.263704109537,0.0032081386056711193,1,3,0.01,0.25,0,1,0,0,0,0,0,0,0,0.28510638310329295,0.94716306702613395,0.96636202286788042,0.95417012292983405,0.96748040099236365,0.25,1,0.94716306702613395,0.96636202286788042,0.94716306702613395,0.96636202286788053,0,0.4556,0.011752034260232766,0.29380085650581911,0.28510638310329295,0.0010080032842595408,0.0010080032842595408,0.0097902883010050935,0.0094609628070190261,22,6032,1,2,0,1,16.630828375
277,159.44075810457986,161.02708187548058,0.0099492989732288106,0.49997271022054457,-2.7289779455430541e-05,40.579668346735914,0.431975,0.25990000000000002,0.040000000000000001,1,0,0,25420.977577974092,0.0032570074129361706,1,3,0.01,0.25,0,1,0,0,0,0,0,0,0,0.2848146741329593,0.97150565808559719,0.96778276092831694,0.95417012292983405,0.96766148722472445,0.25,1,0.97150565808559719,0.96778276092831694,0.97150565808559719,0.96778276092831717,0,0.40252500000000002,0.013902852794554683,0.34757131986386708,0.2848146741329593,0.0010069719373042615,0.0010069719373042615,0.0098117074737313729,0.0094956013483487502,22,6054,1,2,0,1,16.175329625
278,159.46598662789506,160.99360422687232,0.0095795826513265687,0.49997266621343461,-2.7333786565386653e-05,40.529539675365392,0.43159999999999998,0.25874999999999998,0.040000000000000001,1,0,0,25433.072631439081,0.0031760197700785898,1,3,0.01,0.25,0,1,0,0,0,0,0,0,0,0.27683440499629663,0.97949939395509622,0.97154256294427055,0.95417012292983405,0.96777692187176623,0.25,1,0.97949939395509622,0.97154256294427055,0.97949939395509622,0.97154256294427066,0,0.25962499999999999,0.01306848324017929,0.32671208100448224,0.27683440499629663,0.00097875742519312205,0.00097875742519312227,0.009797773799557442,0.0095189542683702614,21,6075,1,2,0,1,15.50393775
279,159.48709334984053,161.05444429015876,0.0098274468949044146,0.49996663448009859,-3.3365519901407126e-05,40.467016118108781,0.43132500000000001,0.25837500000000002,0.040000000000000001,1,0,0,25461.509517209393,0.0031097209910353244,1,3,0.01,0.25,1,1,1,0,1,1,0,1,0,0.23456171693086969,0.90078092555238287,0.96873935344933515,0.95417012292983405,0.96792774992981845,0.25,1,0.90078092555238287,0.96873935344933515,0.90078092555238287,0.96873935344933504,0,0.29172500000000001,0.013533181252247809,0.33832953130619525,0.23456171693086969,0.00082930090324288689,0.000829300903242887,0.0096456717348261303,0.0093441417999799922,20,6095,1,2,0,1,14.122957333333334
280,159.50879966902579,161.07118880299313,0.0097950027660495022,0.49998546994887294,-1.4530051127059629e-05,40.415806567405163,0.43099999999999999,0.25747500000000001,0.040000000000000001,1,0,0,25449.700642323562,0.0031517949713751907,1,3,0.01,0.25,0,1,0,0,0,0,0,0,0,0.29125835464085303,0.89057950710975042,0.96864087770693486,0.94929587865137355,0.96808072658944577,0.25,1,0.89057950710975042,0.96864087770693486,0.89057950710975042,0.96864087770693497,0,0.54049999999999998,0.012698391595479308,0.3174597898869827,0.29125835464085303,0.0010297537882189177,0.001029753788218917,0.0096830717385687666,0.0093794191077464662,22,6117,1,2,0,1,16.249058833333333
281,159.53687218458046,161.03361195911796,0.0093817796102070323,0.49999189836145624,-8.1016385437560068e-06,40.351197727890323,0.43075000000000002,0.25667499999999999,0.040000000000000001,1,0,0,25469.400756421626,0.0031941832299503263,1,3,0.01,0.25,0,1,0,0,0,0,0,0,0,0.29655232708193163,0.96188738168441423,0.97051634332004,0.94929587865137355,0.96808072658944577,0.25,1,0.96188738168441423,0.97051634332004,0.96188738168441423,0.97051634332004011,0,0.25555,0.014061953364346217,0.35154883410865539,0.29655232708193163,0.0010484708072814246,0.0010484708072814248,0.0097362336983115808,0.0094491739265947054,24,6141,1,2,0,1,16.765810625
282,159.56613282269828,160.99045776060973,0.0089262358666928852,0.49996108338102185,-3.8916618978146467e-05,40.308131658303417,0.43045,0.25572499999999998,0.040000000000000001,1,0,0,25461.914491421536,0.0032491878499376322,1,3,0.01,0.25,0,1,0,0,0,0,0,0,0,0.27345337483926607,0.95900631326013375,0.97153213286814821,0.9546702752647892,0.96808072658944577,0.25,1,0.95900631326013375,0.97153213286814821,0.95900631326013375,0.97153213286814821,0,0.31647500000000001,0.012741255739104472,0.31853139347761178,0.27345337483926607,0.00096680367843595934,0.00096680367843595934,0.0097339016243960345,0.0094567982062782122,20,6161,1,2,0,1,14.300685583333333
283,159.58571197139338,160.94308329544754,0.0085055943122118154,0.49997065744327074,-2.934255672926156e-05,40.264237607979176,0.43004999999999999,0.25505,0.040000000000000001,1,0,0,25471.50410621761,0.0031758906288991379,1,3,0.01,0.25,0,1,0,0,0,0,0,0,0,0.26124510684495428,0.95739368746521547,0.97010528639879612,0.95441118887091436,0.96808072658944577,0.25,1,0.95739368746521547,0.97010528639879612,0.95739368746521547,0.9701052863987959,0,0.17655000000000001,0.011791435965251942,0.29478589913129855,0.26124510684495428,0.0009236409330093565,0.00092364093300935737,0.0097091302136167561,0.0094188785465638882,20,6181,1,2,0,1,15.150686208333333
284,159.60616661494433,161.0099223075816,0.0087951219079391053,0.49997586783252829,-2.4132167471713206e-05,40.219548870282281,0.42975000000000002,0.25430000000000003,0.040000000000000001,1,0,0,25478.229266129547,0.0031308825704108442,1,3,0.01,0.25,0,1,0,0,0,0,0,0,0,0.26564409567744013,0.97618474836950264,0.96984983775443956,0.95441118887091436,0.96808072658944577,0.25,1,0.97618474836950264,0.96984983775443956,0.97618474836950264,0.96984983775443945,0,0.157025,0.01109189556866552,0.27729738921663799,0.26564409567744013,0.0009391937071784297,0.00093919370717842948,0.0097343339304319949,0.0094408421830770063,20,6201,1,2,0,1,14.656492333333333
285,159.62524317707704,161.11152917767492,0.0093110962340029434,0.49999246433356914,-7.5356664308579013e-06,40.149052559775718,0.42925000000000002,0.25342500000000001,0.040000000000000001,1,0,0,25503.274750909855,0.0030182614908201926,1,3,0.01,0.25,0,1,0,0,0,0,0,0,0,0.28478215372963905,0.94406936102471295,0.96818792965657618,0.94929587865137355,0.96813033429394812,0.25,1,0.94406936102471295,0.96818792965657618,0.94406936102471295,0.96818792965657641,0,0.43914999999999998,0.012661990803313327,0.31654977008283319,0.28478215372963905,0.0010068569603156881,0.0010068569603156874,0.0097377534244395877,0.0094279753275143992,22,6223,1,2,0,1,15.375414291666667
286,159.65635587451598,161.11019492867561,0.0091060518461431872,0.49997366778520519,-2.6332214794810849e-05,40.095717549968221,0.42857499999999998,0.25267499999999998,0.040000000000000001,1,0,0,25490.210351518886,0.0031386386068334654,1,3,0.01,0.25,0,1,0,0,0,0,0,0,0,0.30208915693716487,0.9138322234267352,0.96644214262627326,0.9456162140254234,0.96813033429394812,0.25,1,0.9138322234267352,0.96644214262627326,0.9138322234267352,0.96644214262627326,0,0.51724999999999999,0.014555522972407682,0.36388807431019204,0.30208915693716487,0.0010680464569659822,0.001068046456965982,0.009797796597146028,0.0094690035363622169,21,6244,1,2,0,1,15.539514583333334
287,159.68107285592237,161.05141084815079,0.0085817183446961313,0.49998355956033885,-1.6440439661147277e-05,40.046856557306938,0.42814999999999998,0.25187500000000002,0.040000000000000001,1,0,0,25509.466043594923,0.0030194406783511777,1,3,0.01,0.25,0,1,0,0,0,0,0,0,0,0.27839984799055056,0.91265066049177723,0.96415929110075993,0.9456162140254234,0.96792774992981845,0.25,1,0.91265066049177723,0.96415929110075993,0.91265066049177723,0.96415929110076015,0,0.22470000000000001,0.016536492771257794,0.41341231928144484,0.27839984799055056,0.00098429210197711154,0.00098429210197711154,0.0097751167618188792,0.009424769647502447,21,6265,1,2,0,1,15.845448749999999
288,159.70344036649286,161.12744490981794,0.0089165552104402326,0.49996759162158416,-3.2408378415837991e-05,39.997305057772422,0.42777500000000002,0.25080000000000002,0.040000000000000001,1,0,0,25513.138577818532,0.003110910853683316,1,3,0.01,0.25,0,1,0,0,0,0,0,0,0,0.27700543537555611,0.98528113345087076,0.9632167141055028,0.95227837724567466,0.96792774992981845,0.25,1,0.98528113345087076,0.9632167141055028,0.98528113345087076,0.9632167141055028,0,0.18654999999999999,0.019113266178060851,0.47783165445152126,0.27700543537555611,0.00097936210889793831,0.00097936210889793831,0.0097757214455236937,0.0094161382887680278,20,6285,1,2,0,1,14.871478416666667
289,159.72240481905183,161.18041703194368,0.0091284138536707766,0.49997209329598635,-2.7906704013647143e-05,39.945490478379114,0.42749999999999999,0.24992500000000001,0.040000000000000001,1,0,0,25521.56104138933,0.0031583292720704348,1,3,0.01,0.25,0,1,0,0,0,0,0,0,0,0.27612199162357082,0.98702812223289349,0.96921578702502997,0.95820000036267461,0.96813033429394812,0.25,1,0.98702812223289349,0.96921578702502997,0.98702812223289349,0.96921578702502997,0,0.37827499999999997,0.02412383022913113,0.60309575572827823,0.27612199162357082,0.00097623866355880994,0.00097623866355880994,0.0099226592058396165,0.0096171979515690034,20,6305,1,2,0,1,15.054390583333333
290,159.74522665871615,161.22620300334327,0.0092708644608900884,0.49997754248366427,-2.2457516335727679e-05,39.895016433167086,0.426925,0.249025,0.040000000000000001,1,0,0,25527.603909178364,0.003021824507187893,1,3,0.01,0.25,0,1,0,0,0,0,0,0,0,0.2783444216132015,0.98508311179717267,0.97019721608627507,0.95820000036267461,0.96841440368175546,0.25,1,0.98508311179717267,0.97019721608627507,0.98508311179717267,0.97019721608627518,0,0.32955000000000001,0.02335932568870772,0.58398314221769299,0.2783444216132015,0.00098409614014071094,0.00098409614014071073,0.0098770015577614098,0.0095826394146199222,20,6325,1,2,0,1,14.983888291666666
291,159.76699879892502,161.28753332185599,0.0095172002626440003,0.49996911099289709,-3.0889007102907762e-05,39.847504632560714,0.42627500000000002,0.24807499999999999,0.040000000000000001,1,0,0,25531.933710228754,0.0029882646191410909,1,3,0.01,0.25,0,1,0,0,0,0,0,0,0,0.27312870615601104,0.97453777542314113,0.97251436901418775,0.96044684747227405,0.96841440368175546,0.25,1,0.97453777542314113,0.97251436901418775,0.97453777542314113,0.97251436901418775,0,0.40439999999999998,0.02089224023013549,0.52230600575338726,0.27312870615601104,0.00096565580129811667,0.00096565580129811645,0.0097941865517781005,0.0095249871544097232,20,6345,1,2,0,1,14.784714958333334
292,159.78550480306839,161.35388526319167,0.0098155365347831064,0.49997109270887596,-2.8907291124036227e-05,39.796378205407485,0.42570000000000002,0.24727499999999999,0.040000000000000001,1,0,0,25538.361358489539,0.0028858438674177196,1,3,0.01,0.25,0,1,0,0,0,0,0,0,0,0.29523138891711459,0.95926836871292409,0.97133733809120903,0.96057787519866911,0.968690115578135,0.25,1,0.95926836871292409,0.97133733809120903,0.95926836871292409,0.97133733809120903,0,0.35317500000000002,0.019988368266436459,0.49970920666091145,0.29523138891711459,0.0010438005856120733,0.0010438005856120733,0.009871183458954217,0.0095882490648305629,21,6366,1,2,0,1,15.002680166666666
293,159.80676439935152,161.42389190252388,0.010119268162711874,0.49998695793941861,-1.3042060581391901e-05,39.743116427500219,0.42532500000000001,0.24679999999999999,0.040000000000000001,1,0,0,25555.112515240253,0.0029152078418956682,1,3,0.01,0.25,0,1,0,0,0,0,0,0,0,0.30086520594870109,0.94661780390246297,0.9661990070269515,0.95913734098652892,0.968690115578135,0.25,1,0.94661780390246297,0.9661990070269515,0.94661780390246297,0.96619900702695161,0,0.21312500000000001,0.023286641417590709,0.58216603543976775,0.30086520594870109,0.0010637191367470686,0.0010637191367470688,0.01001126166269193,0.0096728710775799299,22,6388,1,2,0,1,16.359689083333333
294,159.83188729156646,161.51689755225811,0.010542391066294846,0.49998221259299963,-1.7787407000369182e-05,39.692957417263273,0.42467500000000002,0.24615000000000001,0.040000000000000001,1,0,0,25559.779676498463,0.0029511125857718946,1,3,0.01,0.25,0,1,0,0,0,0,0,0,0,0.28086190465359295,0.9634168953422575,0.96277517063351203,0.95913734098652892,0.968690115578135,0.25,1,0.9634168953422575,0.96277517063351203,0.9634168953422575,0.96277517063351192,0,0.27527499999999999,0.018707964202546681,0.46769910506366702,0.28086190465359295,0.00099299678678762562,0.00099299678678762583,0.010065064742301124,0.0096903944247063098,20,6408,1,2,0,1,15.322023583333333
295,159.85582377881758,161.49714769711676,0.010267526571757406,0.49998114346157035,-1.8856538429645742e-05,39.631181136710595,0.42417500000000002,0.24557499999999999,0.040000000000000001,1,0,0,25567.656534780639,0.0030237630040826587,1,3,0.01,0.25,0,1,0,0,0,0,0,0,0,0.2898094840470134,0.98011213525596785,0.96161719698397685,0.96057787519866911,0.968690115578135,0.25,1,0.98011213525596785,0.96161719698397685,0.98011213525596785,0.96161719698397696,0,0.30387500000000001,0.019967821185602225,0.49919552964005559,0.2898094840470134,0.0010246312571090886,0.0010246312571090886,0.010082839039094528,0.0096958314144146938,20,6428,1,2,0,1,14.896542958333333
296,159.88563833485512,161.44556571525027,0.009756519701463939,0.49997158270439102,-2.8417295608984539e-05,39.579766501050131,0.42352499999999998,0.24465000000000001,0.040000000000000001,1,0,0,25567.62357112228,0.0028948955377727011,1,3,0.01,0.25,0,1,0,0,0,0,0,0,0,0.28190344793362976,0.98421981930890723,0.96120942572805712,0.96265213851333586,0.968690115578135,0.25,1,0.98421981930890723,0.96120942572805712,0.98421981930890723,0.96120942572805712,0,0.38800000000000001,0.021827346167053806,0.54568365417634512,0.28190344793362976,0.00099667919836869201,0.00099667919836869201,0.010011471780497236,0.0096231210408243978,19,6447,1,2,0,1,14.730947833333333
297,159.91125011546069,161.38530061431294,0.0092179286809898724,0.49997096784746081,-2.9032152539187894e-05,39.525292109565967,0.42270000000000002,0.24410000000000001,0.040000000000000001,1,0,0,25583.671561234663,0.0029549303142511938,1,3,0.01,0.25,0,1,0,0,0,0,0,0,0,0.28532882703340234,0.9738230134283784,0.96034984679539004,0.96265213851333586,0.968690115578135,0.25,1,0.9738230134283784,0.96034984679539004,0.9738230134283784,0.96034984679539015,0,0.39952500000000002,0.021350854315773767,0.53377135789434416,0.28532882703340234,0.0010087897423166113,0.0010087897423166118,0.010035969420836736,0.0096380416957437785,20,6467,1,2,0,1,15.251477583333333
298,159.93504982044382,161.41183900931213,0.0092336807380638194,0.49998184677032659,-1.8153229673412152e-05,39.473647228787158,0.42209999999999998,0.243475,0.040000000000000001,1,0,0,25587.951446896906,0.0028978325115078256,1,3,0.01,0.25,0,1,0,0,0,0,0,0,0,0.27925820698833093,0.96649206640826046,0.95956447074640305,0.96265213851333586,0.96841440368175546,0.25,1,0.96649206640826046,0.95956447074640305,0.96649206640826046,0.95956447074640305,0,0.44269999999999998,0.020822379336547566,0.52055948341368918,0.27925820698833093,0.00098732685931722649,0.00098732685931722671,0.010043934171256024,0.0096378023772529988,20,6487,1,2,0,1,15.166064416666666
299,159.95953544649467,161.4335627335029,0.0092150010494452712,0.49998128735341862,-1.8712646581375836e-05,39.42363856296501,0.42147499999999999,0.24282500000000001,0.040000000000000001,1,0,0,25595.704606546205,0.002876306156363835,1,3,0.01,0.25,0,1,0,0,0,0,0,0,0,0.27377958276302211,0.97716986910245729,0.96068973770303856,0.96495448087525904,0.96731503614142467,0.25,1,0.97716986910245729,0.96068973770303856,0.97716986910245729,0.96068973770303878,0,0.15165000000000001,0.022408024563793878,0.56020061409484689,0.27377958276302211,0.00096795699761078279,0.00096795699761078279,0.010035652505307998,0.0096411483730031826,20,6507,1,2,0,1,15.199721500000001
300,159.98129755262667,161.47424437358725,0.0093320084522346778,0.49998035871398877,-1.9641286011229386e-05,39.374308282819463,0.4209,0.24207500000000001,0.040000000000000001,1,0,0,25603.018635507549,0.0029309198880258444,1,3,0.01,0.25,0,1,0,0,0,0,0,0,0,0.27126325769419385,0.98353271660957964,0.96319512624958659,0.97015753991831943,0.96632057482661238,0.25,1,0.98353271660957964,0.96319512624958659,0.98353271660957964,0.96319512624958681,0,0.26217499999999999,0.018187513259501402,0.45468783148753505,0.27126325769419385,0.00095906044501159189,0.00095906044501159167,0.010010616810178879,0.0096421773223164791,20,6527,1,2,0,1,15.166773958333334
301,160.00240218172675,161.52209725044014,0.0094979515806728788,0.4999805967599823,-1.9403240017701329e-05,39.325374772948244,0.42035,0.241475,0.040000000000000001,1,0,0,25610.323770370822,0.0029202632567091732,1,3,0.01,0.25,0,1,0,0,0,0,0,0,0,0.2683162057356403,0.98164457042829734,0.96491683719638377,0.97418039442575977,0.96555792211166769,0.25,1,0.98164457042829734,0.96491683719638377,0.98164457042829734,0.96491683719638377,0,0.072349999999999998,0.018589447022344247,0.46473617555860613,0.2683162057356403,0.0009486410428895803,0.00094864104288958073,0.0099936020517703422,0.0096429948839935296,20,6547,1,2,0,1,15.325007208333334
302,160.02344950203249,161.57422532855045,0.0096909286191725705,0.49997876126602203,-2.1238733977968494e-05,39.275046290837864,0.41999999999999998,0.24079999999999999,0.040000000000000001,1,0,0,25618.766819037715,0.0029817297293152837,1,3,0.01,0.25,0,1,0,0,0,0,0,0,0,0.27067615703209758,0.9904513725707581,0.96559048015608695,0.97536126189632188,0.96525365867623536,0.25,1,0.9904513725707581,0.96559048015608695,0.9904513725707581,0.96559048015608684,0,0.108975,0.022731148682584898,0.56827871706462241,0.27067615703209758,0.00095698473071455497,0.00095698473071455475,0.0099067861968728226,0.0095658984406421232,20,6567,1,2,0,1,15.388669416666668
303,160.04452031913939,161.62104117598224,0.0098505144299796121,0.49997872393651033,-2.1276063489672481e-05,39.224238475230266,0.41930000000000001,0.24022499999999999,0.040000000000000001,1,0,0,25625.419377612794,0.0029963548364101153,1,3,0.01,0.25,0,1,0,0,0,0,0,0,0,0.26840607531956218,0.98361007451492966,0.96557153607768209,0.97667730873597991,0.96524418663703293,0.25,1,0.98361007451492966,0.96557153607768209,0.98361007451492966,0.9655715360776822,0,0.107525,0.018457392639909635,0.46143481599774089,0.26840607531956218,0.00094895877985064821,0.00094895877985064821,0.0097920258399764037,0.0094549014316183712,20,6587,1,2,0,1,15.3017825
304,160.06617110592572,161.65789889779728,0.0099441860880036762,0.49997356997076386,-2.6430029236135244e-05,39.172598175385353,0.41862500000000002,0.23957500000000001,0.040000000000000001,1,0,0,25632.59388992907,0.0029432446511134442,1,3,0.01,0.25,0,1,0,0,0,0,0,0,0,0.27009203089764861,0.98696597298714239,0.96458527264190086,0.97864100217921257,0.96475105491914226,0.25,1,0.98696597298714239,0.96458527264190086,0.98696597298714239,0.96458527264190086,0,0.15865000000000001,0.017202198645909411,0.43005496614773525,0.27009203089764861,0.00095491953296086916,0.00095491953296086938,0.0097539485861496463,0.0094085151563062398,20,6607,1,2,0,1,15.201043416666666
305,160.08703353553665,161.69015995847701,0.010014092881448115,0.49999113234051001,-8.867659489986135e-06,39.11512961423562,0.41802499999999998,0.238925,0.040000000000000001,1,0,0,25648.27678132298,0.0029080783270932619,1,3,0.01,0.25,0,1,0,0,0,0,0,0,0,0.28932751875081497,0.97891742833828144,0.96427029229330363,0.97951478179712459,0.96442778246760219,0.25,1,0.97891742833828144,0.96427029229330363,0.97891742833828144,0.96427029229330363,0,0.39572499999999999,0.02212699488244077,0.55317487206101923,0.28932751875081497,0.0010229272524628962,0.0010229272524628964,0.009752244581503455,0.0094037997331221229,22,6629,1,2,0,1,16.919736374999999
306,160.11320780890171,161.71602146580983,0.010010502436632932,0.49996034651264898,-3.9653487351021255e-05,39.061427953020171,0.417375,0.23810000000000001,0.040000000000000001,1,0,0,25638.386593470626,0.0029709467307660695,1,3,0.01,0.25,0,1,0,0,0,0,0,0,0,0.28099733086629863,0.94937695317477411,0.96353198258755302,0.97951478179712459,0.96421479169703184,0.25,1,0.94937695317477411,0.96353198258755302,0.94937695317477411,0.96353198258755313,0,0.51047500000000001,0.020235781630944617,0.5058945407736154,0.28099733086629863,0.00099347559075439848,0.00099347559075439848,0.0097490409738891625,0.0093935127778987139,20,6649,1,2,0,1,15.492001083333333
307,160.13572077881923,161.64859557084156,0.0094474536016353611,0.49998341847212413,-1.6581527875869639e-05,38.995969204869809,0.41672500000000001,0.23769999999999999,0.040000000000000001,1,0,0,25659.191870005656,0.0029440070403150918,1,3,0.01,0.25,0,1,0,0,0,0,0,0,0,0.27393388345812963,0.94290248028531265,0.96443801747117719,0.97951478179712459,0.96435415488224041,0.25,1,0.94290248028531265,0.96443801747117719,0.94290248028531265,0.96443801747117719,0,0.29665000000000002,0.017708234616377164,0.44270586540942908,0.27393388345812963,0.00096850253295004433,0.00096850253295004433,0.0097087537645225951,0.0093634912327719994,21,6670,1,2,0,1,15.24292275
308,160.16609753832506,161.67576830559173,0.0094256574298155118,0.4999761234258932,-2.3876574106795889e-05,38.952579962392981,0.41615000000000002,0.237125,0.040000000000000001,1,0,0,25654.546322414913,0.0029482985220233146,1,3,0.01,0.25,0,1,0,0,0,0,0,0,0,0.27221708304635717,0.9471435088100254,0.96368513202076511,0.97804364872036942,0.96435415488224041,0.25,1,0.9471435088100254,0.96368513202076511,0.9471435088100254,0.96368513202076489,0,0.49837500000000001,0.017241686946057537,0.43104217365143843,0.27221708304635717,0.00096243272688450348,0.00096243272688450348,0.0096838596320898696,0.0093321915480210835,21,6691,1,2,0,1,16.305967041666666
309,160.18724115643789,161.67924157851351,0.0093141027419190101,0.49999217971797344,-7.8202820265604878e-06,38.880761578926801,0.41549999999999998,0.23665,0.040000000000000001,1,0,0,25680.815821675966,0.002915276205446861,1,3,0.01,0.25,0,1,0,0,0,0,0,0,0,0.28844515740729088,0.93720351885054998,0.95880577250616272,0.97585382226279926,0.96397771215703432,0.25,1,0.93720351885054998,0.95880577250616272,0.93720351885054998,0.9588057725061625,0,0.468775,0.019841158265530748,0.49602895663826868,0.28844515740729088,0.0010198076340155824,0.0010198076340155826,0.0097357102684946691,0.0093346552048802125,22,6713,1,2,0,1,15.665055458333333
310,160.22158894071032,161.62676919701386,0.008770230438942421,0.49998758004611155,-1.2419953888453961e-05,38.833170056990539,0.41497499999999998,0.23582500000000001,0.040000000000000001,1,0,0,25678.034341651404,0.0029573374468598247,1,3,0.01,0.25,0,1,0,0,0,0,0,0,0,0.2949727799612813,0.9094268025296659,0.95495025952598356,0.97418039442575977,0.96360855730415906,0.25,1,0.9094268025296659,0.95495025952598356,0.9094268025296659,0.95495025952598334,0,0.50705,0.019426420326553527,0.48566050816383816,0.2949727799612813,0.0010428862648803469,0.0010428862648803466,0.0098195360883634245,0.0093771685360074138,22,6735,1,2,0,1,16.291745041666665
311,160.24828391105865,161.55523545766749,0.0081557912179217491,0.49997101035886637,-2.8989641133625454e-05,38.785480202742576,0.41422500000000001,0.235375,0.040000000000000001,1,0,0,25680.718188558891,0.0029549046375976712,1,3,0.01,0.25,0,1,0,0,0,0,0,0,0,0.26474940434292582,0.94524912785637705,0.95503250107522475,0.97015753991831943,0.9633635544185698,0.25,1,0.94524912785637705,0.95503250107522475,0.94524912785637705,0.95503250107522453,0,0.41420000000000001,0.020208378379695156,0.50520945949237894,0.26474940434292582,0.00093603049562991018,0.00093603049562991018,0.0098069255411037531,0.0093659326273788195,20,6755,1,2,0,1,15.761657083333333
312,160.26780216036605,161.55343309712418,0.0080217668142208622,0.4999714467393932,-2.8553260606800634e-05,38.741302119424788,0.41367500000000001,0.2346,0.040000000000000001,1,0,0,25687.690066331383,0.0029227378364816993,1,3,0.01,0.25,0,1,0,0,0,0,0,0,0,0.26956140103893328,0.96036929309695063,0.95421954357324934,0.97015753991831943,0.96298514844154925,0.25,1,0.96036929309695063,0.95421954357324934,0.96036929309695063,0.95421954357324923,0,0.41152499999999997,0.018015412513166525,0.45038531282916311,0.26956140103893328,0.00095304347310388082,0.00095304347310388071,0.0098029842834930804,0.0093541991886505037,21,6776,1,2,0,1,15.945661291666667
313,160.2861598972176,161.63339502309796,0.0084051868654428132,0.49997988575620711,-2.0114243792890285e-05,38.697065370870973,0.41322500000000001,0.23425000000000001,0.040000000000000001,1,0,0,25696.546147720546,0.002876940551991902,1,3,0.01,0.25,0,1,0,0,0,0,0,0,0,0.27100680147187295,0.98359217583968805,0.95389689026940649,0.9754964412654179,0.9621961838087445,0.25,1,0.98359217583968805,0.95389689026940649,0.98359217583968805,0.95389689026940616,0,0.156475,0.019489524209942152,0.48723810524855377,0.27100680147187295,0.00095815373534218894,0.00095815373534218916,0.009812179238984621,0.0093598072628334611,21,6797,1,2,0,1,15.793988666666667
314,160.30272985873739,161.74020581188765,0.0089672581023229805,0.49998433086837801,-1.566913162198702e-05,38.635551025760606,0.41262500000000002,0.23352500000000001,0.040000000000000001,1,0,0,25711.35901680226,0.0028793539595977479,1,3,0.01,0.25,0,1,0,0,0,0,0,0,0,0.27083977903565221,0.97889565356185637,0.95442238429434612,0.97803276133215689,0.96141331135601704,0.25,1,0.97889565356185637,0.95442238429434612,0.97889565356185637,0.95442238429434589,0,0.46012500000000001,0.015267225100081478,0.38168062750203696,0.27083977903565221,0.00095756322185587897,0.000957563221855878,0.0098148229278796299,0.0093674867002536914,21,6818,1,2,0,1,15.182579416666666
315,160.32577252612336,161.81690210776705,0.0093006230885351072,0.49997596266142608,-2.4037338573923428e-05,38.593890155681784,0.41210000000000002,0.232625,0.040000000000000001,1,0,0,25706.059850484089,0.0029017813759699552,1,3,0.01,0.25,0,1,0,0,0,0,0,0,0,0.26780753125809392,0.970436365819217,0.95674279330964895,0.9754964412654179,0.96094958171554778,0.25,1,0.970436365819217,0.95674279330964895,0.970436365819217,0.95674279330964895,0,0.51712499999999995,0.015507864917803038,0.38769662294507595,0.26780753125809392,0.00094684260702713248,0.00094684260702713313,0.0097387382824438672,0.0093174676676569586,21,6839,1,2,0,1,16.248715499999999
316,160.34260848378634,161.84442942518336,0.0093663247442359703,0.49998816767405513,-1.1832325944871602e-05,38.551222008608107,0.41157500000000002,0.23192499999999999,0.040000000000000001,1,0,0,25726.123716854156,0.0028116856293029886,1,3,0.01,0.25,0,1,0,0,0,0,0,0,0,0.25654089634025223,0.97128526782067359,0.95910674676476626,0.97255414062452594,0.96051979224921435,0.25,1,0.97128526782067359,0.95910674676476626,0.97128526782067359,0.95910674676476637,0,0.2802,0.017819108928015411,0.44547772320038526,0.25654089634025223,0.00090700903726933753,0.00090700903726933753,0.0096522717289588052,0.0092575589368512051,21,6860,1,2,0,1,15.622828083333333
317,160.36206890402818,161.89665194318201,0.009569488904961879,0.49994749066043331,-5.2509339566686464e-05,38.499095863750149,0.41099999999999998,0.231325,0.040000000000000001,1,0,0,25716.298751792503,0.0028771766430693096,1,3,0.01,0.25,0,1,0,0,0,0,0,0,0,0.28243918522868566,0.93575204443352578,0.95714181198573833,0.97086081681994529,0.96012710422472081,0.25,1,0.93575204443352578,0.95714181198573833,0.93575204443352578,0.95714181198573844,0,0.4572,0.017258716374917146,0.43146790937292867,0.28243918522868566,0.00099857331574003502,0.00099857331574003524,0.0096823425117487961,0.0092673748559617877,21,6881,1,2,0,1,15.658933291666667
318,160.38087066181359,161.85667127169549,0.0092018493464463193,0.49995750805526668,-4.249194473332496e-05,38.444836222686305,0.41055000000000003,0.23089999999999999,0.040000000000000001,1,0,0,25734.047634234892,0.0028044628077671927,1,3,0.01,0.25,0,1,0,0,0,0,0,0,0,0.25918643541401787,0.94347847395657325,0.9518476658765419,0.97086081681994529,0.95989824223390241,0.25,1,0.94347847395657325,0.9518476658765419,0.94347847395657325,0.9518476658765419,0,0.27682499999999999,0.018226693857657839,0.45566734644144596,0.25918643541401787,0.00091636243036410578,0.00091636243036410556,0.0096362722152283989,0.0091722632158161253,20,6901,1,2,0,1,14.802825
319,160.40466357127039,161.91763755634372,0.009432231902665917,0.49998554951820251,-1.4450481797489978e-05,38.386372238258474,0.41020000000000001,0.230575,0.040000000000000001,1,0,0,25745.509833826123,0.0028540935410164298,1,3,0.01,0.25,0,1,0,0,0,0,0,0,0,0.28910794050485489,0.96741909856468744,0.95170253150722894,0.96892773219195227,0.95895625963546449,0.25,1,0.96741909856468744,0.95170253150722894,0.96741909856468744,0.95170253150722894,0,0.20597499999999999,0.016923178190556172,0.42307945476390429,0.28910794050485489,0.001022150926129299,0.001022150926129299,0.0096386155073421159,0.0091730947785623254,24,6925,1,2,0,1,17.663073458333333
320,160.43223972663566,161.97055351831827,0.0095885577257026466,0.49998677497748906,-1.3225022510943152e-05,38.343466566680824,0.40970000000000001,0.22992499999999999,0.040000000000000001,1,0,0,25753.958870327988,0.0027735068484536674,1,3,0.01,0.25,0,1,0,0,0,0,0,0,0,0.26317464814246366,0.96533563735961048,0.95104466484836303,0.96637736796214901,0.95797379224595058,0.25,1,0.96533563735961048,0.95104466484836303,0.96533563735961048,0.95104466484836314,0,0.45284999999999997,0.017214973269949183,0.43037433174872958,0.26317464814246366,0.00093046289168959842,0.0009304628916895982,0.0095261921341513681,0.0090598342055051,21,6946,1,2,0,1,16.352751375
321,160.45152643036619,161.95731194831865,0.0093846755556168029,0.49998487682684262,-1.5123173157383096e-05,38.294230665369675,0.409275,0.22952500000000001,0.040000000000000001,1,0,0,25750.623424886246,0.0027762394509755158,1,3,0.01,0.25,0,1,0,0,0,0,0,0,0,0.25647152024712455,0.95315102205216162,0.94896635428867426,0.96285246522828061,0.95694230264769364,0.25,1,0.95315102205216162,0.94896635428867426,0.95315102205216162,0.94896635428867449,0,0.207925,0.014674315567710738,0.36685788919276846,0.25647152024712455,0.00090676375573982347,0.00090676375573982325,0.0094969253942612814,0.0090122626683436582,20,6966,1,2,0,1,15.430782291666667
322,160.47684387069853,161.91452771554574,0.0089588242775113618,0.49993105863575654,-6.8941364243457759e-05,38.233314778333387,0.40875,0.22894999999999999,0.040000000000000001,1,0,0,25758.013209232791,0.0027735705663057691,1,3,0.01,0.25,0,1,0,0,0,0,0,0,0,0.27074398831566643,0.95636363030925231,0.94930344940070177,0.95836646170310147,0.95588764719243691,0.25,1,0.95636363030925231,0.94930344940070177,0.95636363030925231,0.94930344940070177,0,0.42559999999999998,0.018310777733140021,0.4577694433285005,0.27074398831566643,0.00095722455051749553,0.00095722455051749553,0.0095011064716748958,0.0090194331466843091,21,6987,1,2,0,1,16.360837083333333
323,160.49736189213851,161.91211027358514,0.0088147765469030158,0.49995395301903589,-4.604698096410953e-05,38.184622948411565,0.40839999999999999,0.2283,0.040000000000000001,1,0,0,25769.510748605993,0.0027782813987635596,1,3,0.01,0.25,0,1,0,0,0,0,0,0,0,0.25644245878921257,0.96611383544325091,0.95123953124436067,0.95836646170310147,0.95499138030060415,0.25,1,0.96611383544325091,0.95123953124436067,0.96611383544325091,0.95123953124436078,0,0.25712499999999999,0.016592007695070986,0.41480019237677462,0.25644245878921257,0.00090666100797001973,0.0009066610079700194,0.0094496137443027262,0.0089888461485707928,20,7007,1,2,0,1,15.305399541666667
324,160.51759428766397,161.93418063501673,0.0088251157366219576,0.4999835080332059,-1.6491966794096591e-05,38.14548189949614,0.40797499999999998,0.22785,0.040000000000000001,1,0,0,25773.00540992216,0.0027846721142842051,1,3,0.01,0.25,1,1,1,0,1,1,0,1,0,0.23929604958970888,0.97071641895869676,0.95597392923497315,0.95836646170310147,0.95499138030060415,0.25,1,0.97071641895869676,0.95597392923497315,0.97071641895869676,0.95597392923497315,0,0.41375000000000001,0.014417377945294208,0.36043444863235519,0.23929604958970888,0.00084603929688017749,0.00084603929688017749,0.0093380898193270254,0.0089269704161311567,19,7026,1,2,0,1,14.026656166666667
325,160.53805514616627,161.93674645248967,0.0087125218070564208,0.49999076156240063,-9.2384375993681545e-06,38.101071861963497,0.40739999999999998,0.227275,0.040000000000000001,1,0,0,25784.310881922927,0.0027171393250677084,1,3,0.01,0.25,1,1,1,0,1,1,0,2,0,0.24166049662048467,0.98373717321465293,0.96108397117436206,0.95836646170310147,0.95499138030060415,0.25,1,0.98373717321465293,0.96108397117436206,0.98373717321465293,0.96108397117436217,0,0.15537500000000001,0.013531664864319609,0.33829162160799026,0.24166049662048467,0.00085439887952626727,0.0008543988795262676,0.0092456460918261575,0.0088858422620050042,20,7046,1,2,0,1,14.822451750000001
326,160.55828258212907,161.96206144636756,0.0087431108608204376,0.49998521296332554,-1.4787036674457354e-05,38.06535246456545,0.40702500000000003,0.22675000000000001,0.040000000000000001,1,0,0,25784.674420281848,0.0027962338879487444,1,3,0.01,0.25,1,1,1,0,1,1,0,3,0,0.2311015437622071,0.98210072757631695,0.96559271155229875,0.96285246522828061,0.95499138030060415,0.25,1,0.98210072757631695,0.96559271155229875,0.98210072757631695,0.96559271155229875,0,0.23519999999999999,0.015363154248301779,0.38407885620754445,0.2311015437622071,0.00081706734368468151,0.00081706734368468161,0.0091557043982415012,0.0088406814360693191,19,7065,1,2,0,1,14.010480125000001
327,160.57471270627519,161.97259386161062,0.0087054875065692566,0.49998186078669132,-1.8139213308676627e-05,38.024630212083757,0.40662500000000001,0.22612499999999999,0.040000000000000001,1,0,0,25789.124994211958,0.0026816604329420899,1,3,0.01,0.25,1,1,1,0,1,1,0,4,0,0.23258624984923484,0.98178199665504406,0.96765204531750315,0.96572473640143075,0.95499138030060415,0.25,1,0.98178199665504406,0.96765204531750315,0.98178199665504406,0.96765204531750304,0,0.19622500000000001,0.017168275102625238,0.42920687756563097,0.23258624984923484,0.00082231657239571288,0.00082231657239571288,0.0089794476548971797,0.0086889808890827126,19,7084,1,2,0,1,14.079557875000001
328,160.59232916341711,161.98340157804725,0.0086621348720498578,0.49998076674858349,-1.9233251416506114e-05,37.980873710444975,0.40610000000000002,0.22572500000000001,0.040000000000000001,1,0,0,25796.254877742154,0.0027422439500617356,1,3,0.01,0.25,1,1,1,0,1,1,0,5,0,0.23119168418864747,0.98813407980366408,0.9681019215452551,0.96676646700396918,0.95499138030060415,0.25,1,0.98813407980366408,0.9681019215452551,0.98813407980366408,0.96810192154525532,0,0.33982499999999999,0.015842784982430844,0.39606962456077111,0.23119168418864747,0.00081738603821865667,0.00081738603821865656,0.0088804712627517327,0.0085972012936973707,19,7103,1,2,0,1,14.213274166666666
329,160.61087066694881,162.01227013403792,0.0087254334732741884,0.49997233852457557,-2.7661475424434201e-05,37.938933596415424,0.40575,0.22534999999999999,0.040000000000000001,1,0,0,25802.743930549641,0.002674108250674055,1,3,0.01,0.25,1,1,1,0,1,1,0,6,0,0.22917209570745717,0.98536912879093763,0.96902867441481122,0.96892773219195227,0.95499138030060415,0.25,1,0.98536912879093763,0.96902867441481122,0.98536912879093763,0.96902867441481122,0,0.142375,0.012660152446343212,0.31650381115858028,0.22917209570745717,0.00081024571466737716,0.00081024571466737695,0.00866856605128981,0.0084000890697585994,19,7122,1,2,0,1,14.15537125
330,160.62696533611651,162.05233056772647,0.0088737605708191121,0.49998751820412607,-1.2481795873930945e-05,37.877888821463927,0.40502500000000002,0.22487499999999999,0.040000000000000001,1,0,0,25828.462885267902,0.0026444177133675066,1,3,0.01,0.25,0,1,0,0,0,0,0,0,0,0.27329718183752949,0.97940112352463038,0.96923329519865931,0.97057639238895688,0.95550321515509895,0.25,1,0.97940112352463038,0.96923329519865931,0.97940112352463038,0.96923329519865919,0,0.25190000000000001,0.016502825536977451,0.41257063842443625,0.27329718183752949,0.00096625145278245021,0.00096625145278245064,0.0087043546123826612,0.0084365503035372953,25,7147,1,2,0,1,19.00368675
331,160.65529261448779,162.08909764057807,0.0089247294798489793,0.49998854234723805,-1.1457652761948101e-05,37.828191217949417,0.40457500000000002,0.22420000000000001,0.040000000000000001,1,0,0,25817.959018591213,0.0026381130759941967,1,3,0.01,0.25,0,1,0,0,0,0,0,0,0,0.26301491241235675,0.95089353759733286,0.96857355061533057,0.97057639238895688,0.956358361272311,0.25,1,0.95089353759733286,0.96857355061533057,0.95089353759733286,0.96857355061533068,0,0.47462500000000002,0.015763566774253033,0.39408916935632582,0.26301491241235675,0.00092989814059981648,0.00092989814059981615,0.008727488997242655,0.0084532150060155492,22,7169,1,2,0,1,17.069130874999999
332,160.68045253749227,162.02839397752643,0.0083889572051064603,0.49997859880307549,-2.1401196924508703e-05,37.781469275023674,0.40425,0.22345000000000001,0.040000000000000001,1,0,0,25820.966683407332,0.0026274063947088729,1,3,0.01,0.25,1,1,1,0,1,1,0,1,0,0.24272683861391303,0.96595886563305611,0.96907781773116008,0.97057639238895688,0.95694230264769364,0.25,1,0.96595886563305611,0.96907781773116008,0.96595886563305611,0.96907781773115997,0,0.41699999999999998,0.0139386632147639,0.3484665803690975,0.24272683861391303,0.00085816896779935311,0.00085816896779935365,0.0086284334145245115,0.0083616234237860361,20,7189,1,2,0,1,16.064585041666668
333,160.70100763017717,162.00202305069936,0.0080958759357391864,0.49997687825982395,-2.3121740176046401e-05,37.736506373035361,0.40375,0.22264999999999999,0.040000000000000001,1,0,0,25830.138766215408,0.0025980458076303031,1,3,0.01,0.25,1,1,1,0,1,1,0,2,0,0.23870136878952838,0.98300608609671347,0.96979922015302777,0.97057639238895688,0.95812427937525224,0.25,1,0.98300608609671347,0.96979922015302777,0.98300608609671347,0.96979922015302766,0,0.103925,0.013379568793638396,0.33448921984095992,0.23870136878952838,0.00084393678274793211,0.00084393678274793243,0.0085657091893024256,0.0083070180918431158,20,7209,1,2,0,1,15.712631916666666
334,160.71995572575341,162.00687751313612,0.0080072308480389678,0.49997296803037161,-2.7031969628388275e-05,37.692349829316349,0.40315000000000001,0.22205,0.040000000000000001,1,0,0,25836.855169653139,0.0025493762835945874,1,3,0.01,0.25,1,1,1,0,1,1,0,3,0,0.23813547842511767,0.99072925016361435,0.97085252708496939,0.97057639238895688,0.96009535896956422,0.25,1,0.99072925016361435,0.97085252708496939,0.99072925016361435,0.9708525270849695,0,0.097875000000000004,0.014877987471350825,0.37194968678377061,0.23813547842511767,0.00084193605817751743,0.00084193605817751743,0.0085616059505997655,0.0083120567730454939,20,7229,1,2,0,1,15.371810958333333
335,160.73757719185315,162.02591777430362,0.0080151798039903022,0.49996606793355047,-3.3932066449526843e-05,37.650905357282539,0.40279999999999999,0.22137499999999999,0.040000000000000001,1,0,0,25843.857167403392,0.0025573247810858775,1,3,0.01,0.25,1,1,1,0,1,1,0,4,0,0.23822818298946627,0.98480634858352278,0.97155690597948907,0.97100084338968518,0.96333834136333041,0.25,1,0.98480634858352278,0.97155690597948907,0.98480634858352278,0.97155690597948918,0,0.13355,0.017425468540701761,0.43563671351754402,0.23822818298946627,0.00084226381830800664,0.00084226381830800675,0.0085494708893815059,0.0083062974850492063,20,7249,1,2,0,1,15.53888875
336,160.7537255054859,162.05711700055741,0.0081080017957470534,0.49996776680512839,-3.223319487161147e-05,37.601325183722437,0.40244999999999997,0.22045000000000001,0.040000000000000001,1,0,0,25846.131705058993,0.0024839111027865541,1,3,0.01,0.25,1,1,1,0,1,1,0,5,0,0.24609892568863884,0.98057825810522048,0.97190987216258051,0.97505877124166362,0.96662237843490095,0.25,1,0.98057825810522048,0.97190987216258051,0.98057825810522048,0.97190987216258051,0,0.22697500000000001,0.017974994988124399,0.44937487470310999,0.24609892568863884,0.00087009109598580375,0.0008700910959858044,0.0086024946416826276,0.0083608494674770467,21,7270,1,2,0,1,15.584492291666667
337,160.77450973247383,162.09042625676821,0.0081848579509528202,0.49997055089269415,-2.9449107305845601e-05,37.552257133833159,0.40189999999999998,0.21975,0.040000000000000001,1,0,0,25857.43076733825,0.0024946310900095417,1,3,0.01,0.25,0,1,0,0,0,0,0,0,0,0.27121239926220669,0.96863075632570195,0.96989527054115665,0.97505877124166362,0.96787698343137918,0.25,1,0.96863075632570195,0.96989527054115665,0.96863075632570195,0.96989527054115676,0,0.41552499999999998,0.017680136591283341,0.44200341478208349,0.27121239926220669,0.00095888063330089876,0.00095888063330089909,0.0087390587025878135,0.0084759717046214572,23,7293,1,2,0,1,16.910369583333335
338,160.79591364709302,162.14293597506588,0.0083772174144253701,0.49990113243009465,-9.8867569905347619e-05,37.509898288533691,0.401175,0.21915000000000001,0.040000000000000001,1,0,0,25858.545182985927,0.0024763804566631572,1,3,0.01,0.25,1,1,1,0,1,1,0,1,0,0.24948185564607459,0.94135039116109476,0.96707518206171195,0.97505877124166362,0.96787698343137918,0.25,1,0.94135039116109476,0.96707518206171195,0.94135039116109476,0.96707518206171172,0,0.41465000000000002,0.01428374778018089,0.35709369450452222,0.24948185564607459,0.00088205155955171346,0.00088205155955171357,0.0088037242239208703,0.0085138632066693795,22,7315,1,2,0,1,15.931151166666666
339,160.80254837640669,162.23874991744916,0.0089314600766189564,0.49997384823246349,-2.6151767536508608e-05,37.461420844020374,0.400725,0.21865000000000001,0.040000000000000001,1,0,0,25869.635045317373,0.0024761049980213824,1,3,0.01,0.25,0,1,0,0,0,0,0,0,0,0.2617131397175983,0.93632799714734283,0.96345675607467318,0.97505877124166362,0.96787698343137918,0.25,1,0.93632799714734283,0.96345675607467318,0.93632799714734283,0.96345675607467307,0,0.33205000000000001,0.01511001485408405,0.37775037135210121,0.2617131397175983,0.00092529567909968059,0.00092529567909968016,0.0089187741883531742,0.0085928532476732752,22,7337,1,2,0,1,16.169283916666668
340,160.82238274844022,162.37339689869401,0.0096442679417323516,0.4999701537419548,-2.9846258045196361e-05,37.429662492219663,0.40034999999999998,0.21832499999999999,0.040000000000000001,1,0,0,25866.35010419332,0.0025130200291806379,1,3,0.01,0.25,1,1,1,0,1,1,0,1,0,0.24902705999855865,0.95082671741440472,0.96284830754941697,0.97505877124166362,0.96787698343137918,0.25,1,0.95082671741440472,0.96284830754941697,0.95082671741440472,0.96284830754941708,0,0.46307500000000001,0.015672842130606102,0.39182105326515254,0.24902705999855865,0.00088044361411965027,0.00088044361411965006,0.008832966349690375,0.0085048067004403292,22,7359,1,2,0,1,16.76796075
341,160.83416800088608,162.42993219431654,0.0099217984167497501,0.49998724939347255,-1.2750606527445196e-05,37.383752373304503,0.39984999999999998,0.21737500000000001,0.040000000000000001,1,0,0,25879.562481056379,0.0023702784312669865,1,3,0.01,0.25,0,1,0,0,0,0,0,0,0,0.26105360482071943,0.92187984193479133,0.96154760815100648,0.97505877124166362,0.96787698343137918,0.25,1,0.92187984193479133,0.96154760815100648,0.92187984193479133,0.96154760815100648,0,0.20394999999999999,0.013902020666117846,0.34755051665294612,0.26105360482071943,0.0009229638711096195,0.00092296387110961929,0.0088260320802001774,0.0084866500361805326,22,7381,1,2,0,1,16.531344458333333
342,160.85204045312389,162.46815720980783,0.010047225712097272,0.49997444943821429,-2.5550561785714354e-05,37.340457140400325,0.39929999999999999,0.21682499999999999,0.040000000000000001,1,0,0,25874.538706507046,0.0023474337527587276,1,3,0.01,0.25,0,1,0,0,0,0,0,0,0,0.25016028967628423,0.93860769598002103,0.95812917204864156,0.97505877124166362,0.96787698343137918,0.25,1,0.93860769598002103,0.95812917204864156,0.93860769598002103,0.95812917204864134,0,0.28949999999999998,0.012342861468119236,0.30857153670298088,0.25016028967628423,0.00088445018606845823,0.00088445018606845844,0.0088523132984692811,0.0084816596113775518,21,7402,1,2,0,1,15.93495225
343,160.87067469975426,162.4788365399634,0.0099966127649465976,0.49998123738179284,-1.8762618207157633e-05,37.281787801236746,0.399225,0.21632499999999999,0.040000000000000001,1,0,0,25895.515342132225,0.0023104940291764917,1,3,0.01,0.25,1,1,1,0,1,1,0,1,0,0.24836088861625547,0.97174689638039036,0.95565597636334298,0.97557400995251031,0.96787698343137918,0.25,1,0.97174689638039036,0.95565597636334298,0.97174689638039036,0.95565597636334287,0,0.44282500000000002,0.012025831152059931,0.30064577880149829,0.24836088861625547,0.00087808834261035519,0.00087808834261035498,0.0088864648583317045,0.0084924032506075216,21,7423,1,2,0,1,15.167406833333333
344,160.89534940400878,162.51333710638517,0.010056149592699596,0.49999048951818742,-9.5104818125801849e-06,37.236838264017862,0.39887499999999998,0.215725,0.040000000000000001,1,0,0,25902.445569963762,0.0023283544320438442,1,3,0.01,0.25,0,1,0,0,0,0,0,0,0,0.25294987603836661,0.96678974437438892,0.95405554775360946,0.97557400995251031,0.96787698343137918,0.25,1,0.96678974437438892,0.95405554775360946,0.96678974437438892,0.95405554775360923,0,0.45877499999999999,0.012410908360146146,0.31027270900365361,0.25294987603836661,0.0008943128632351281,0.00089431286323512842,0.0089388416633893152,0.0085281514794476789,22,7445,1,2,0,1,16.970327041666668
345,160.91682452468041,162.48025661969265,0.0097157776983876308,0.49997356037452562,-2.6439625474383721e-05,37.195237971657214,0.39829999999999999,0.21512500000000001,0.040000000000000001,1,0,0,25892.23534065545,0.0023345226931460183,1,3,0.01,0.25,1,1,1,0,1,1,0,1,0,0.24533608847925911,0.96194680242852026,0.95279608582846476,0.97018882635304615,0.96787698343137918,0.25,1,0.96194680242852026,0.95279608582846476,0.96194680242852026,0.95279608582846476,0,0.26147500000000001,0.01212201073229608,0.303050268307402,0.24533608847925911,0.00086739405916733462,0.00086739405916733462,0.0089639719042486424,0.0085408373438444363,21,7466,1,2,0,1,15.931477208333334
346,160.93780700863897,162.39749087260216,0.0090698630178602992,0.4999892653445342,-1.0734655465804988e-05,37.124105109957718,0.39779999999999999,0.21454999999999999,0.040000000000000001,1,0,0,25922.329600442557,0.002290722271212743,1,3,0.01,0.25,0,1,0,0,0,0,0,0,0,0.27130293536066347,0.94753930000756392,0.9514176429219483,0.96771025035004543,0.96787698343137918,0.25,1,0.94753930000756392,0.9514176429219483,0.94753930000756392,0.95141764292194808,0,0.471775,0.013831235577352484,0.34578088943381208,0.27130293536066347,0.00095920072674670351,0.00095920072674670373,0.0090530815350095412,0.0086132614952189913,24,7490,1,2,0,1,17.181569583333335
347,160.9693650671268,162.32702184015247,0.0084342556265877208,0.49998786826499164,-1.2131735008358291e-05,37.08197763714,0.39715,0.21382499999999999,0.040000000000000001,1,0,0,25917.716374329619,0.0023472641865226679,1,3,0.01,0.25,1,1,1,0,1,1,0,1,0,0.24420816616813695,0.95018870222095952,0.95287133630814647,0.96637430500372257,0.96758855180348347,0.25,1,0.95018870222095952,0.95287133630814647,0.95018870222095952,0.95287133630814647,0,0.51747500000000002,0.012899979441877353,0.32249948604693385,0.24420816616813695,0.00086340625159310425,0.00086340625159310447,0.0089576071533017474,0.0085354470982900478,21,7511,1,2,0,1,16.601366291666668
348,160.98850477395428,162.25497876630828,0.0078668597744433882,0.49998945426274005,-1.0545737259948229e-05,37.022463080723874,0.39657500000000001,0.212925,0.040000000000000001,1,0,0,25930.463453540484,0.0023155913025948382,1,3,0.01,0.25,1,1,1,0,1,1,0,2,0,0.24975828671168002,0.97568279405148817,0.9573907474295309,0.96637430500372257,0.96526596906819262,0.25,1,0.97568279405148817,0.9573907474295309,0.97568279405148817,0.95739074742953101,0,0.43695000000000001,0.015402472691686091,0.38506181729215228,0.24975828671168002,0.00088302889095681462,0.0008830288909568144,0.0089585844847068496,0.0085768658957240899,22,7533,1,2,0,1,16.506297458333332
349,161.01416294817173,162.2193946629329,0.0074852528044325921,0.49997048074914235,-2.951925085764584e-05,36.985715975010542,0.39632499999999998,0.21202499999999999,0.040000000000000001,1,0,0,25918.071034109049,0.00235230111501874,1,3,0.01,0.25,1,1,1,0,1,1,0,3,0,0.22112151995213647,0.95584293583476165,0.96213259515721128,0.96395283403078813,0.96315253181204508,0.25,1,0.95584293583476165,0.96213259515721128,0.95584293583476165,0.96213259515721139,0,0.47875000000000001,0.013481612520037918,0.33704031300094794,0.22112151995213647,0.00078178263112216079,0.0007817826311221609,0.0088150714367293305,0.0084812675579165973,19,7552,1,2,0,1,14.976041833333333
350,161.02979923079192,162.15408309782836,0.0069818373518871968,0.4999671417164398,-3.2858283560199819e-05,36.941415505175051,0.39547500000000002,0.2112,0.040000000000000001,1,0,0,25929.735303210487,0.0022802741993099796,1,3,0.01,0.25,1,1,1,0,1,1,0,4,0,0.24492065802522592,0.94463065905464183,0.96486601971341834,0.95889486913164101,0.96315253181204508,0.25,1,0.94463065905464183,0.96486601971341834,0.94463065905464183,0.96486601971341845,0,0.2626,0.015598838886068958,0.38997097215172394,0.24492065802522592,0.0008659252907115433,0.0008659252907115433,0.0088005531133212231,0.0084913546537267806,22,7574,1,2,0,1,16.214032291666665
351,161.04814883671096,162.18566062847844,0.0070631783102382602,0.49984129241865766,-0.00015870758134234331,36.905918180555211,0.39529999999999998,0.210675,0.040000000000000001,1,0,0,25932.111766339473,0.0023785980387842753,1,3,0.01,0.25,1,1,1,0,1,1,0,5,0,0.24182683728364052,0.9395559200372261,0.96112540836674065,0.95889486913164101,0.96249045135331412,0.25,1,0.9395559200372261,0.96112540836674065,0.9395559200372261,0.96112540836674032,0,0.45607500000000001,0.017151737087107762,0.42879342717769403,0.24182683728364052,0.00085498698258079013,0.00085498698258079046,0.0087325762247923919,0.0083931008901472776,22,7596,1,2,0,1,15.884349041666667
352,161.04518740069679,162.28188040148191,0.0076791676966298031,0.49998014274641411,-1.9857253585886525e-05,36.872466118975588,0.39492500000000003,0.21004999999999999,0.040000000000000001,1,0,0,25950.837461364394,0.002343006665873558,1,3,0.01,0.25,1,1,1,0,1,1,0,6,0,0.24985637555513146,0.88883632163648085,0.95709784900417183,0.95333482662458313,0.96184010165410894,0.25,1,0.88883632163648085,0.95709784900417183,0.88883632163648085,0.95709784900417183,0,0.56382500000000002,0.016367313246673593,0.40918283116683979,0.24985637555513146,0.00088337568738863087,0.00088337568738863098,0.0087315017261125651,0.0083569015206385495,23,7619,1,2,0,1,16.444552874999999
353,161.06479467672128,162.44017227116362,0.0085392813321055593,0.49987920578279266,-0.00012079421720734285,36.829899965883449,0.394675,0.20897499999999999,0.040000000000000001,1,0,0,25940.69662435287,0.0024304175027240181,1,3,0.01,0.25,1,1,1,0,1,1,0,7,0,0.23981981239036926,0.8798902546172126,0.95261712466944093,0.95050770981768218,0.96133650825887362,0.25,1,0.8798902546172126,0.95261712466944093,0.8798902546172126,0.95261712466944104,0,0.57399999999999995,0.013082147697117996,0.3270536924279499,0.23981981239036926,0.00084789107802057853,0.00084789107802057831,0.0087013044615227887,0.0082890116370092169,22,7641,1,2,0,1,16.008960333333334
354,161.06793743944374,162.50777497994733,0.0089393181746362203,0.49999135179565518,-8.6482043448188328e-06,36.777727041588498,0.39419999999999999,0.20827499999999999,0.040000000000000001,1,0,0,25965.831599499037,0.0023517170028370467,1,3,0.01,0.25,0,1,0,0,0,0,0,0,0,0.2545278577286994,0.90111569335483976,0.94991064643070688,0.94886400111426172,0.95962729020769111,0.25,1,0.90111569335483976,0.94991064643070688,0.90111569335483976,0.94991064643070677,0,0.37077500000000002,0.012674980051631783,0.31687450129079459,0.2545278577286994,0.00089989187100424073,0.00089989187100424051,0.0087068834692919025,0.0082707613047119065,24,7665,1,2,0,1,17.075343666666665
355,161.09274780785231,162.60458815753677,0.0093849063366139261,0.49996440651060586,-3.5593489394136757e-05,36.748896188487699,0.39365,0.2074,0.040000000000000001,1,0,0,25951.290136319352,0.0023425995871840738,1,3,0.01,0.25,1,1,1,0,1,1,0,1,0,0.22403898367040265,0.92784604620412392,0.94993305627394065,0.94608497953110282,0.95775995973908623,0.25,1,0.92784604620412392,0.94993305627394065,0.92784604620412392,0.94993305627394065,0,0.50687499999999996,0.012722822575680186,0.31807056439200465,0.22403898367040265,0.00079209742301741945,0.00079209742301741934,0.0086315868331419878,0.0081994296609004726,20,7685,1,2,0,1,15.545868333333333
356,161.10088891942402,162.57921761422151,0.0091764155040564774,0.49998801047716351,-1.1989522836486355e-05,36.707756958505158,0.39345000000000002,0.206675,0.040000000000000001,1,0,0,25965.461515249928,0.0023834251036876169,1,3,0.01,0.25,1,1,1,0,1,1,0,2,0,0.23221579885390684,0.97393478137271383,0.95224087911635991,0.94608497953110282,0.95724429821685142,0.25,1,0.97393478137271383,0.95224087911635991,0.97393478137271383,0.95224087911635991,0,0.23064999999999999,0.012775009358995089,0.31937523397487722,0.23221579885390684,0.00082100683034124411,0.00082100683034124432,0.0084933929367365275,0.0080877559567586726,22,7707,1,2,0,1,16.927330166666668
357,161.1200051689363,162.60950509150405,0.0092446615862877262,0.49998776485443613,-1.2235145563865846e-05,36.662447596255781,0.39295000000000002,0.20557500000000001,0.040000000000000001,1,0,0,25967.474444893138,0.0022549660436497025,1,3,0.01,0.25,1,1,1,0,1,1,0,3,0,0.23829458905752862,0.95553698944059495,0.95268919865123336,0.94608497953110282,0.95637691268375735,0.25,1,0.95553698944059495,0.95268919865123336,0.95553698944059495,0.95268919865123336,0,0.249025,0.012175649875044351,0.3043912468761088,0.23829458905752862,0.00084249859921320077,0.00084249859921320088,0.0084724852843566234,0.0080716452161380785,22,7729,1,2,0,1,16.846053000000001
358,161.13887722200104,162.58721655486724,0.0089881433818781078,0.49996490072018207,-3.5099279817929485e-05,36.604773191584151,0.39272499999999999,0.20477500000000001,0.040000000000000001,1,0,0,25970.671761783906,0.0022137750485323542,1,3,0.01,0.25,1,1,1,0,1,1,0,4,0,0.24478460391953408,0.92788261117469939,0.95078435833605346,0.94608497953110282,0.95485576205847622,0.25,1,0.92788261117469939,0.95078435833605346,0.92788261117469939,0.95078435833605357,0,0.39529999999999998,0.013732925298020329,0.34332313245050822,0.24478460391953408,0.00086544426680782837,0.00086544426680782815,0.0084549006602076364,0.0080387872990105927,24,7753,1,2,0,1,17.169534333333335
359,161.16372382833771,162.5437868700044,0.0085631121500806921,0.49998852496656254,-1.1475033437458038e-05,36.569480588693949,0.39234999999999998,0.20397499999999999,0.040000000000000001,1,0,0,25981.133923792375,0.0020907046654079901,1,3,0.01,0.25,1,1,1,0,1,1,0,5,0,0.22495270376564841,0.91893002389097012,0.95196118317433076,0.94608497953110282,0.95346344203087796,0.25,1,0.91893002389097012,0.95196118317433076,0.91893002389097012,0.95196118317433087,0,0.54820000000000002,0.012113373237768371,0.30283433094420925,0.22495270376564841,0.00079532791139469297,0.00079532791139469319,0.0084684459404801692,0.0080616318171473599,21,7774,1,2,0,1,16.470114916666667
360,161.17672192065507,162.55629930641413,0.0085594083892474807,0.49998825124038887,-1.1748759611129866e-05,36.530470771564168,0.392125,0.20307500000000001,0.040000000000000001,1,0,0,25986.850000659997,0.0021467883674936923,1,3,0.01,0.25,1,1,1,0,1,1,0,6,0,0.23401360868888818,0.97704422850493333,0.95322964633018092,0.94608497953110282,0.95305049131916375,0.25,1,0.97704422850493333,0.95322964633018092,0.97704422850493333,0.95322964633018059,0,0.18002499999999999,0.011674937194405901,0.29187342986014753,0.23401360868888818,0.00082736304796924003,0.00082736304796923981,0.0084298836977378649,0.0080356150557992223,23,7797,1,2,0,1,18.071621166666667
361,161.19204006978791,162.56108738889648,0.008493268765106806,0.49996879059000904,-3.1209409990962111e-05,36.492017692000545,0.39192500000000002,0.202075,0.040000000000000001,1,0,0,25978.691673694098,0.0021220585305776491,1,3,0.01,0.25,1,1,1,0,1,1,0,7,0,0.21851768170201905,0.95886176940869172,0.95915665711936193,0.94886400111426172,0.95305049131916375,0.25,1,0.95886176940869172,0.95915665711936193,0.95886176940869172,0.95915665711936204,0,0.283225,0.010579041596969966,0.26447603992424912,0.21851768170201905,0.00077257667270330612,0.00077257667270330557,0.0083474733878603821,0.0080065346700929994,20,7817,1,2,0,1,15.423245041666666
362,161.20564544589126,162.53014570520091,0.0082162151061528025,0.49998831116217218,-1.1688837827816823e-05,36.412017511587131,0.39147500000000002,0.20125000000000001,0.040000000000000001,1,0,0,26000.908839850552,0.0020985906233771095,1,3,0.01,0.25,1,1,1,0,1,1,0,8,0,0.24279270887193186,0.878488175209998,0.95466409982524714,0.94886400111426172,0.95305049131916375,0.25,1,0.878488175209998,0.95466409982524714,0.878488175209998,0.95466409982524725,0,0.50907500000000006,0.014304405836651993,0.3576101459162998,0.24279270887193186,0.0008584018543299712,0.00085840185432997152,0.0083224995548017225,0.0079451915457808067,24,7841,1,2,0,1,16.684159833333332
363,161.23724471742577,162.48321755469843,0.0077275746026066973,0.49998161872323071,-1.8381276769285915e-05,36.386039593553512,0.39119999999999999,0.20050000000000001,0.040000000000000001,1,0,0,25998.441446723995,0.0019967836576079978,1,3,0.01,0.25,1,1,1,0,1,1,0,9,0,0.19954603725894884,0.87689347809226259,0.95479354441673825,0.94608497953110282,0.95305049131916375,0.25,1,0.87689347809226259,0.95479354441673825,0.87689347809226259,0.95479354441673847,0,0.59492500000000004,0.010266320413350126,0.25665801033375313,0.19954603725894884,0.00070550178052353099,0.00070550178052353077,0.0081801102573046749,0.0078103164662916471,19,7860,1,2,0,1,14.929203208333334
364,161.24442543309388,162.50389130305112,0.0078109110846739747,0.49996539486851588,-3.4605131484122253e-05,36.341452327985095,0.39102500000000001,0.19947500000000001,0.040000000000000001,1,0,0,26002.082866487272,0.0020448992433635235,1,3,0.01,0.25,1,1,1,0,1,1,0,10,0,0.22632045684775606,0.95140644700034716,0.95314769204652061,0.94608497953110282,0.95300951417733359,0.25,1,0.95140644700034716,0.95314769204652061,0.95140644700034716,0.95314769204652072,0,0.42714999999999997,0.012522822578174584,0.3130705644543646,0.22632045684775606,0.00080016364879142857,0.00080016364879142868,0.0080803820350918622,0.007701797487601976,22,7882,1,2,0,1,16.733297791666665
365,161.25835526248551,162.53960234649972,0.0079453066597925011,0.49999252045170817,-7.4795482918332823e-06,36.287170615215331,0.39057500000000001,0.198625,0.040000000000000001,1,0,0,26026.868095365669,0.0019397531670499058,1,3,0.01,0.25,1,1,1,0,1,1,0,11,0,0.23930003443097922,0.95282647143126131,0.95159682736840256,0.94608497953110282,0.95300951417733359,0.25,1,0.95282647143126131,0.95159682736840256,0.95282647143126131,0.9515968273684029,0,0.26145000000000002,0.011976992323567179,0.29942480808917948,0.23930003443097922,0.00084605338542159854,0.00084605338542159865,0.0081343379974960425,0.0077406102311594789,26,7908,1,2,0,1,19.314986208333334
366,161.27799444837939,162.60869029664795,0.0082509449154545417,0.49997459238036224,-2.5407619637762835e-05,36.255540640592983,0.390125,0.19714999999999999,0.040000000000000001,1,0,0,26003.683421894875,0.0020030191666181103,1,3,0.01,0.25,1,1,1,0,1,1,0,12,0,0.24722869503443476,0.86950346069267537,0.94479347684283466,0.94209328954593397,0.95300951417733359,0.25,1,0.86950346069267537,0.94479347684283466,0.86950346069267537,0.94479347684283488,0,0.564975,0.011147404940021942,0.27868512350054853,0.24722869503443476,0.00087408543381374874,0.00087408543381374895,0.0081874166009685469,0.0077354177967898169,21,7929,1,2,0,1,16.924826416666665
367,161.28809259358709,162.53315445177799,0.007719490249836326,0.49996830312338297,-3.1696876617026692e-05,36.224912047864237,0.38974999999999999,0.19642499999999999,0.040000000000000001,1,0,0,26009.687964258064,0.0019837579501736416,1,3,0.01,0.25,1,1,1,0,1,1,0,13,0,0.21087691326909574,0.92000862074707301,0.94464477588681128,0.93371926560596274,0.95291844534887704,0.25,1,0.92000862074707301,0.94464477588681128,0.92000862074707301,0.94464477588681139,0,0.230125,0.010820397985952267,0.27050994964880665,0.21087691326909574,0.00074556247684132518,0.0007455624768413255,0.0080904804785966716,0.0076426301185205745,21,7950,1,2,0,1,16.482832416666668
368,161.29977203644469,162.53538864739627,0.0076603741924223005,0.49990850031629042,-9.1499683709583834e-05,36.185853728042375,0.38950000000000001,0.19589999999999999,0.040000000000000001,1,0,0,26021.356834534512,0.0019542987054885557,1,3,0.01,0.25,1,1,1,0,1,1,0,14,0,0.21868391134510518,0.96411114358931083,0.94610693917772148,0.93371926560596274,0.95265316166033709,0.25,1,0.96411114358931083,0.94610693917772148,0.96411114358931083,0.94610693917772148,0,0.414325,0.011908518246658562,0.29771295616646404,0.21868391134510518,0.00077316438324260823,0.00077316438324260823,0.0079982005950314499,0.0075671530838946361,22,7972,1,2,0,1,16.089603708333332
369,161.30478380064991,162.60263329659966,0.0080459454789245932,0.49998754917262106,-1.2450827378940321e-05,36.151929248543432,0.38892500000000002,0.1951,0.040000000000000001,1,0,0,26030.754037492217,0.0019943699916308527,1,3,0.01,0.25,1,1,1,0,1,1,0,15,0,0.22343384017534221,0.94414743395252276,0.9492132749423986,0.93371926560596274,0.95242900189290047,0.25,1,0.94414743395252276,0.9492132749423986,0.94414743395252276,0.94921327494239882,0,0.54449999999999998,0.010893868811753638,0.27234672029384094,0.22343384017534221,0.00078995791767267861,0.00078995791767267883,0.0079928306013094374,0.007586900911128752,22,7994,1,2,0,1,16.780259749999999
370,161.31990421537046,162.66408548640663,0.00833239566793708,0.49998134014952578,-1.8659850474223028e-05,36.064404696163926,0.38845000000000002,0.19367500000000001,0.040000000000000001,1,0,0,26050.710514050868,0.0019420938500236398,1,3,0.01,0.25,0,1,0,0,0,0,0,0,0,0.29928139761655104,0.93986157945868931,0.95416075355078289,0.93371926560596274,0.95242900189290047,0.25,1,0.93986157945868931,0.95416075355078289,0.93986157945868931,0.95416075355078311,0,0.44159999999999999,0.014343805726405383,0.35859514316013458,0.29928139761655104,0.0010581195286882533,0.0010581195286882537,0.008223587082028451,0.0078466240470787506,32,8026,1,2,0,1,24.058268416666667
371,161.35054112049588,162.68397617731168,0.0082642118678734281,0.49997087141749397,-2.9128582506032785e-05,36.05028079432271,0.38824999999999998,0.19267500000000001,0.040000000000000001,1,0,0,26023.878068245598,0.0019676507759659534,1,3,0.01,0.25,1,1,1,0,1,1,0,1,0,0.2145410075011471,0.90380323362514625,0.9543339262383842,0.92786432868941171,0.95242900189290047,0.25,1,0.90380323362514625,0.9543339262383842,0.90380323362514625,0.9543339262383842,0,0.57632499999999998,0.011016086558526584,0.27540216396316458,0.2145410075011471,0.0007585170062332754,0.00075851700623327529,0.0082095274155584205,0.0078346305310515226,20,8046,1,2,0,1,15.978843541666667
372,161.35496292431236,162.6205595236861,0.00784355545337268,0.49997905081646959,-2.0949183530405424e-05,36.008705719227834,0.388075,0.19167500000000001,0.040000000000000001,1,0,0,26040.698946588072,0.0019619310969175856,1,3,0.01,0.25,1,1,1,0,1,1,0,2,0,0.20928104818289886,0.88428112121415159,0.95872953531425653,0.92786432868941171,0.95242900189290047,0.25,1,0.88428112121415159,0.95872953531425653,0.88428112121415159,0.95872953531425675,0,0.40242499999999998,0.012208645542421667,0.30521613856054169,0.20928104818289886,0.00073992024171978181,0.00073992024171978159,0.0080910458029482303,0.0077571245828669221,21,8067,1,2,0,1,15.577254833333333
373,161.36986045646901,162.6588406916093,0.0079877384258382044,0.4999220927565215,-7.7907243478503307e-05,35.974006674619361,0.38797500000000001,0.1908,0.040000000000000001,1,0,0,26040.849268951733,0.0019219651815170658,1,3,0.01,0.25,1,1,1,0,1,1,0,3,0,0.20901158419105695,0.95380314496051533,0.95788870272568638,0.93387209531669435,0.95246503888379663,0.25,1,0.95380314496051533,0.95788870272568638,0.95380314496051533,0.95788870272568671,0,0.27729999999999999,0.012651019348521779,0.31627548371304448,0.20901158419105695,0.00073896754264019676,0.00073896754264019644,0.0081245115650648968,0.0077823778433398503,22,8089,1,2,0,1,16.826016458333335
374,161.37633426025783,162.69814338083054,0.0081908485939516801,0.49996278143636552,-3.7218563634477952e-05,35.940696660205454,0.387625,0.189975,0.040000000000000001,1,0,0,26047.863174935919,0.0018624965106279966,1,3,0.01,0.25,1,1,1,0,1,1,0,4,0,0.21351915840988722,0.94877996823125454,0.95700404253033911,0.94200450670560598,0.95291844534887704,0.25,1,0.94877996823125454,0.95700404253033911,0.94877996823125454,0.95700404253033922,0,0.34084999999999999,0.012242352865761417,0.30605882164403542,0.21351915840988722,0.00075490422412437946,0.00075490422412437936,0.0080792521403978464,0.0077318769589826341,22,8111,1,2,0,1,15.959944833333333
375,161.38684195648449,162.79611320750828,0.0087322561984562817,0.49998208808911676,-1.791191088323929e-05,35.896810934942167,0.38727499999999998,0.1883,0.040000000000000001,1,0,0,26054.301797044238,0.0018989145787852968,1,3,0.01,0.25,1,1,1,0,1,1,0,5,0,0.23117260334362727,0.91746951779611319,0.95744113433023781,0.94200450670560598,0.95318866918835077,0.25,1,0.91746951779611319,0.95744113433023781,0.91746951779611319,0.9574411343302377,0,0.495425,0.013913998951953548,0.3478499737988387,0.23117260334362727,0.00081731857724413393,0.00081731857724413426,0.0080505173322203815,0.007707896446506322,22,8133,1,2,0,1,16.158575124999999
376,161.40130725072086,162.84297440046259,0.0089321900441750833,0.49997285606928887,-2.7143930711126529e-05,35.869491625776426,0.38685000000000003,0.187275,0.040000000000000001,1,0,0,26047.049191107286,0.001713105603658728,1,3,0.01,0.25,1,1,1,0,1,1,0,6,0,0.21554671972664241,0.96988000054663848,0.96153555182243766,0.94200450670560598,0.95369519994048191,0.25,1,0.96988000054663848,0.96153555182243766,0.96988000054663848,0.96153555182243766,0,0.32784999999999997,0.01250708921254619,0.31267723031365474,0.21554671972664241,0.00076207273590612513,0.00076207273590612535,0.0079385046343127593,0.0076331544341988978,21,8154,1,2,0,1,16.507593458333332
377,161.40930741923927,162.86306467432271,0.0090066507212468467,0.49999067951348952,-9.3204865104778989e-06,35.82832847515634,0.386575,0.18604999999999999,0.040000000000000001,1,0,0,26066.691960224252,0.0017326441032033874,1,3,0.01,0.25,1,1,1,0,1,1,0,7,0,0.23260043355005633,0.9231916946900387,0.9585688872793906,0.93387209531669435,0.95424733989458355,0.25,1,0.9231916946900387,0.9585688872793906,0.9231916946900387,0.95856888727939082,0,0.183725,0.011543267523040251,0.28858168807600626,0.23260043355005633,0.00082236671935087882,0.00082236671935087904,0.0080153088768223132,0.0076832257112561869,23,8177,1,2,0,1,17.554369958333332
378,161.42466295717372,162.89242443071117,0.009092547858853826,0.4999841623057184,-1.5837694281595205e-05,35.783260784287982,0.38617499999999999,0.184975,0.040000000000000001,1,0,0,26062.762073677404,0.0017892581633586107,1,3,0.01,0.25,1,1,1,0,1,1,0,8,0,0.22427548545563267,0.91112882307596421,0.95556612929889861,0.93152663707436401,0.95449901303181561,0.25,1,0.91112882307596421,0.95556612929889861,0.91112882307596421,0.95556612929889861,0,0.46687499999999998,0.010601579118419722,0.26503947796049304,0.22427548545563267,0.00079293358309791382,0.00079293358309791393,0.0080350780766776184,0.0076780484563452704,21,8198,1,2,0,1,16.259017708333332
379,161.4429505876266,162.84652516059546,0.0086939353366627444,0.49999093980326714,-9.0601967328574062e-06,35.736120329904963,0.38572499999999998,0.18337500000000001,0.040000000000000001,1,0,0,26075.699158006464,0.0017532190382593506,1,3,0.01,0.25,1,1,1,0,1,1,0,9,0,0.23136094528656556,0.97928144571923414,0.95359203786829083,0.94200450670560598,0.95449901303181561,0.25,1,0.97928144571923414,0.95359203786829083,0.97928144571923414,0.95359203786829072,0,0.42380000000000001,0.011789007196960811,0.29472517992402025,0.23136094528656556,0.00081798446656930154,0.000817984466569301,0.0080631046255742397,0.0076889123714465818,23,8221,1,2,0,1,17.607933708333334
380,161.46328343493866,162.82412528490786,0.0084281814479361412,0.49998421747142113,-1.5782528578867083e-05,35.6925951487313,0.38550000000000001,0.18227499999999999,0.040000000000000001,1,0,0,26072.561139968355,0.0017349078774875281,1,3,0.01,0.25,1,1,1,0,1,1,0,10,0,0.21283604215450466,0.97154941291515873,0.95515215306954093,0.94200450670560598,0.95472882212099264,0.25,1,0.97154941291515873,0.95515215306954093,0.97154941291515873,0.95515215306954071,0,0.255525,0.011648881260904452,0.29122203152261128,0.21283604215450466,0.00075248904344178062,0.0007524890434417803,0.0077574741403277662,0.0074095681275153516,21,8242,1,2,0,1,16.535780791666667
381,161.48195230741064,162.76190781104631,0.0079263068432504791,0.49998185913949394,-1.8140860506055123e-05,35.627860461772556,0.38495000000000001,0.18102499999999999,0.040000000000000001,1,0,0,26091.121850830572,0.0015729819827670403,1,3,0.01,0.25,1,1,1,0,1,1,0,11,0,0.24454875722279676,0.94849321440847945,0.95661674723047907,0.94200450670560598,0.95472882212099264,0.25,1,0.94849321440847945,0.95661674723047907,0.94849321440847945,0.95661674723047896,0,0.48925000000000002,0.01165373744902513,0.29134343622562825,0.24454875722279676,0.00086461042281491137,0.00086461042281491104,0.0078635675569094024,0.0075224204179177977,24,8266,1,2,0,1,16.742684291666666
382,161.50751077328687,162.66176723989574,0.0071467664945262929,0.4999802276688054,-1.9772331194600756e-05,35.593802699477841,0.38452500000000001,0.18024999999999999,0.040000000000000001,1,0,0,26080.261844794037,0.0016574899899182353,1,3,0.01,0.25,1,1,1,0,1,1,0,12,0,0.20844992183762093,0.91293231952350506,0.95419709009225218,0.94200450670560598,0.95456373532756122,0.25,1,0.91293231952350506,0.95419709009225218,0.91293231952350506,0.95419709009225251,0,0.52900000000000003,0.010189697768480745,0.25474244421201864,0.20844992183762093,0.00073698176634593771,0.00073698176634593761,0.0078606290815355587,0.0075005893958957634,20,8286,1,2,0,1,16.048706750000001
383,161.51855838174924,162.6439746660451,0.0069677212053609952,0.49997827824093055,-2.172175906944851e-05,35.549078655246497,0.384075,0.17907500000000001,0.040000000000000001,1,0,0,26090.434433851038,0.0016563633525649595,1,3,0.01,0.25,1,1,1,0,1,1,0,13,0,0.20942248544007427,0.8994103787363642,0.95499962995623799,0.94200450670560598,0.95466677809731104,0.25,1,0.8994103787363642,0.95499962995623799,0.8994103787363642,0.95499962995623755,0,0.42817499999999997,0.011949129130009431,0.29872822825023576,0.20942248544007427,0.0007404202979380876,0.0007404202979380876,0.007862081836833448,0.0075082852448616023,21,8307,1,2,0,1,15.615748249999999
384,161.53104073479335,162.69112675887615,0.0071818148314135256,0.49998956477999329,-1.0435220006710377e-05,35.508567187146525,0.38372499999999998,0.17747499999999999,0.040000000000000001,1,0,0,26101.03299444501,0.00168367203399625,1,3,0.01,0.25,1,1,1,0,1,1,0,14,0,0.22891069923030019,0.93207890736657617,0.95631853094982155,0.93597024341263269,0.95507589151288941,0.25,1,0.93207890736657617,0.95631853094982155,0.93207890736657617,0.95631853094982155,0,0.40257500000000002,0.011545647676602861,0.28864119191507154,0.22891069923030019,0.00080932153855949734,0.00080932153855949756,0.0079164991512685676,0.0075706948386066661,24,8331,1,2,0,1,18.592606291666666
385,161.546673236701,162.70314098346176,0.007158722142586566,0.49999239550921248,-7.6044907875161272e-06,35.465949322496876,0.383525,0.17622499999999999,0.040000000000000001,1,0,0,26108.668517850991,0.0017117647522622503,1,3,0.01,0.25,1,1,1,0,1,1,0,15,0,0.22174550203472398,0.94842668812197717,0.95950505270726338,0.93597024341263269,0.95535914118421972,0.25,1,0.94842668812197717,0.95950505270726338,0.94842668812197717,0.95950505270726327,0,0.29822500000000002,0.011891234028779099,0.29728085071947746,0.22174550203472398,0.00078398874093184344,0.00078398874093184398,0.007883169314956277,0.0075639407890474037,23,8354,1,2,0,1,18.573608208333333
386,161.56041286275695,162.70620748283625,0.0070920505820484319,0.49999055740818193,-9.4425918180651713e-06,35.41520000534387,0.38347500000000001,0.17474999999999999,0.040000000000000001,1,0,0,26110.306676723227,0.0018150440557074656,1,3,0.01,0.25,1,1,1,0,1,1,0,16,0,0.22662942339774808,0.91458747847694888,0.96122373596935007,0.93597024341263269,0.95594233012436014,0.25,1,0.91458747847694888,0.96122373596935007,0.91458747847694888,0.96122373596935007,0,0.4486,0.011243828083125873,0.28109570207814683,0.22662942339774808,0.00080125601050472445,0.00080125601050472456,0.007922352589554876,0.0076151533537983929,24,8378,1,2,0,1,18.916225041666667
387,161.58003543347073,162.65119198833526,0.0066292630273965354,0.49997495407586795,-2.5045924132049979e-05,35.386178272132639,0.38319999999999999,0.1741,0.040000000000000001,1,0,0,26100.370435884546,0.0018911404666309736,1,3,0.01,0.25,1,1,1,0,1,1,0,17,0,0.19397611821934688,0.94748388809098083,0.96295297177548866,0.94200450670560598,0.95646763909015031,0.25,1,0.94748388809098083,0.96295297177548866,0.94748388809098083,0.96295297177548889,0,0.49930000000000002,0.010355224502856739,0.25888061257141848,0.19397611821934688,0.00068580914290571786,0.00068580914290571797,0.0077857950131097163,0.0074973544455087813,21,8399,1,2,0,1,17.376625583333333
388,161.58977589664599,162.60477860118445,0.0062813547386046482,0.49997847621569491,-2.1523784305088611e-05,35.343684015214208,0.38285000000000002,0.17302500000000001,0.040000000000000001,1,0,0,26112.829905460057,0.0018011590938275342,1,3,0.01,0.25,1,1,1,0,1,1,0,18,0,0.21408639442755328,0.96496202577272094,0.96303614580817964,0.94200450670560598,0.95681039488040909,0.25,1,0.96496202577272094,0.96303614580817964,0.96496202577272094,0.96303614580817976,0,0.35697499999999999,0.0097400280900394928,0.24350070225098733,0.21408639442755328,0.00075690970629750415,0.00075690970629750383,0.0077497711363093058,0.0074633097260067907,22,8421,1,2,0,1,16.461173375000001
389,161.60396707061261,162.60931882172704,0.0062210833640930678,0.49998029817134576,-1.9701828654239417e-05,35.291039301024526,0.382525,0.172125,0.040000000000000001,1,0,0,26125.671854765485,0.0018341308819161545,1,3,0.01,0.25,1,1,1,0,1,1,0,19,0,0.21339744312500486,0.96348601140161905,0.9625461731992101,0.94367273377483507,0.95722258843028851,0.25,1,0.96348601140161905,0.9625461731992101,0.96348601140161905,0.96254617319920999,0,0.30509999999999998,0.010658519337497162,0.26646298343742902,0.21339744312500486,0.00075447389560780761,0.00075447389560780772,0.0076862605653478123,0.0073983806933875336,25,8446,1,2,0,1,17.461807166666667
390,161.62101493899618,162.6482069641817,0.0063555597987874721,0.49997779743133886,-2.2202568661144895e-05,35.262612056841569,0.38227499999999998,0.17135,0.040000000000000001,1,0,0,26112.446225241492,0.0018531133833216587,1,3,0.01,0.25,1,1,1,0,1,1,0,20,1,0.2184664286534963,0.93924480623370499,0.96242002874292631,0.94336434716234296,0.95766491852796209,0.25,1,0.93924480623370499,0.96242002874292631,0.93924480623370499,0.96242002874292631,0,0.54982500000000001,0.010756116035134076,0.26890290087835189,0.2184664286534963,0.00077239546581247154,0.00077239546581247111,0.0077061669877185037,0.0074165694538178319,21,8467,1,2,0,1,16.549342833333334
391,161.62486940661157,162.65948801995455,0.006401357768402084,0.49998942123413337,-1.0578765866631201e-05,35.2145188109345,0.382075,0.171075,0.02,2,1,1,26142.618449625385,0.0019221795370577429,1,3,0.01,0.25,1,0,0,0,0,0,0,0,0,0.074895419144824879,NaN,NaN,NaN,NaN,0.25,391,0.71043758979002458,0.95909205091865712,0.71043758979002458,0.95909205091865712,0,0.53915000000000002,0.0035740114808848122,0.17870057404424061,0.074895419144824879,0.00026479529378557222,0.00026479529378557211,0.0071063518586891644,0.006815645578699802,23,8490,1,2,0,1,20.397067541666665
392,161.64482594733832,162.66511420483107,0.0063119141086838589,0.49997781788356932,-2.2182116430680132e-05,35.171548347068374,0.38205,0.17085,0.02,2,0,0,26139.004867580137,0.0018612568092379249,1,3,0.01,0.25,1,1,1,0,0,0,0,0,0,0.071305566735396536,0.86683200925439263,NaN,NaN,NaN,0.25,391,0.86683200925439263,0.95335151811258512,0.86683200925439263,0.95335151811258489,0,0.180675,0.0039305442851383611,0.19652721425691805,0.071305566735396536,0.000252103248874744,0.00025210324887474383,0.0066214733412179707,0.0063125916619921636,21,8511,1,2,0,1,19.411015291666665
393,161.65698755963007,162.62285564264147,0.0059747994664018037,0.49998037622244118,-1.9623777558819278e-05,35.134488564940952,0.38200000000000001,0.17065,0.02,2,0,0,26139.539398255089,0.0019345630912236754,1,3,0.01,0.25,1,1,1,0,0,0,0,0,0,0.070267828945258626,0.95265364401681873,NaN,NaN,NaN,0.25,391,0.95265364401681873,0.94844133372732631,0.95265364401681873,0.9484413337273262,0,0.10552499999999999,0.0046151508063066943,0.23075754031533471,0.070267828945258626,0.00024843429173224368,0.00024843429173224374,0.0061294873350121269,0.0058134591430836569,21,8532,1,2,0,1,20.181466541666666
394,161.66953493949603,162.57305366027219,0.0055886764387260684,0.49997755384078135,-2.2446159218647566e-05,35.106636038826132,0.38187500000000002,0.1704,0.02,2,0,0,26144.532268368272,0.001932353075898486,1,3,0.01,0.25,1,1,1,0,0,0,0,0,0,0.06432412994126839,0.94412487133993794,NaN,NaN,NaN,0.25,391,0.94412487133993794,0.94347839288260726,0.94412487133993794,0.94347839288260738,0,0.17854999999999999,0.005311322243267606,0.26556611216338027,0.06432412994126839,0.00022742014237697757,0.00022742014237697763,0.0055475859388296068,0.0052340274659451076,21,8553,1,2,0,1,20.807769791666665
395,161.6809525859905,162.51795869821134,0.005176899930594385,0.499969106701243,-3.0893298756995424e-05,35.073631529953119,0.38182500000000003,0.170075,0.02,2,0,0,26143.179515989304,0.0018948704625028521,1,3,0.01,0.25,1,1,1,0,0,0,0,0,0,0.070587359173131664,0.95556789521090257,NaN,NaN,NaN,0.25,391,0.95556789521090257,0.93865708793108471,0.95556789521090257,0.93865708793108449,0,0.20197499999999999,0.0054200760951649976,0.27100380475824987,0.070587359173131664,0.00024956400168685923,0.00024956400168685912,0.0050131611995846209,0.0047056392929312038,21,8574,1,2,0,1,20.101453833333334
396,161.69191268831474,162.46071133774615,0.0047547130629432104,0.49999646584376606,-3.5341562339419319e-06,35.040388642861686,0.38174999999999998,0.16980000000000001,0.02,2,0,0,26154.2336604091,0.0018183404586254966,1,3,0.01,0.25,1,1,1,0,0,0,0,0,0,0.069568189491616014,0.9088983856333418,NaN,NaN,NaN,0.25,391,0.9088983856333418,0.92981376567940766,0.9088983856333418,0.92981376567940754,0,0.19375000000000001,0.0041574627380820545,0.20787313690410272,0.069568189491616014,0.00024596069272196197,0.00024596069272196192,0.0044578658818018591,0.0041449850624519398,22,8596,1,2,0,1,21.215552833333334
397,161.70744789119445,162.42559676558392,0.0044410377119591914,0.49999104012395545,-8.9598760445452896e-06,35.022945643841801,0.38162499999999999,0.169575,0.02,2,0,0,26151.793898043383,0.001743796412710922,1,3,0.01,0.25,1,1,1,0,0,0,0,0,0,0.062888474426108606,0.86806781292377078,NaN,NaN,NaN,0.25,391,0.86806781292377078,0.92613589060547352,0.86806781292377078,0.92613589060547352,0,0.27962500000000001,0.0039299825354444044,0.1964991267722202,0.062888474426108606,0.00022234433362589083,0.00022234433362589083,0.0039944010725220316,0.0036993581947356506,21,8617,1,2,0,1,22.754006749999999
398,161.71515521174126,162.36342210079027,0.0040086959580269725,0.49999671955471475,-3.280445285247513e-06,34.989879330175313,0.38147500000000001,0.16930000000000001,0.02,2,0,0,26159.820290730037,0.0018115875885518101,1,3,0.01,0.25,1,1,1,0,0,0,0,0,0,0.068849698648187019,0.88279423935749135,NaN,NaN,NaN,0.25,391,0.88279423935749135,0.9216174011166095,0.88279423935749135,0.92161740111660972,0,0.28505000000000003,0.0042259263899957922,0.21129631949978961,0.068849698648187019,0.00024342044398391658,0.00024342044398391666,0.0034809118102084452,0.0032080688960404199,23,8640,1,2,0,1,22.921893499999999
399,161.72839507435293,162.31804680256761,0.0036459381665389671,0.49999683825211788,-3.1617478821188705e-06,34.975339656962355,0.38140000000000002,0.169125,0.02,2,0,0,26159.751778276084,0.0017994464493323744,1,3,0.01,0.25,1,1,1,0,0,0,0,0,0,0.065637773071743941,0.86534669164649514,NaN,NaN,NaN,0.25,391,0.86534669164649514,0.92052468762841899,0.86534669164649514,0.9205246876284191,0,0.47284999999999999,0.0033328959582010951,0.16664479791005474,0.065637773071743941,0.00023206457220506952,0.00023206457220506971,0.0029585024868057069,0.0027233745775147242,23,8663,1,2,0,1,25.911959208333332
400,161.73604251904564,162.25108433601784,0.0031844591282833581,0.49999629644373811,-3.7035562618914497e-06,34.946496864900389,0.38129999999999997,0.16897499999999999,0.02,2,0,0,26162.261067797244,0.0017382084830290349,1,3,0.01,0.25,1,1,1,0,0,0,0,0,0,0.06603246880100945,0.87774089245565168,0.94130942297667253,NaN,NaN,0.25,391,0.87774089245565168,0.94130942297667253,0.87774089245565168,0.94130942297667242,0,0.48947499999999999,0.0030609143093981348,0.15304571546990672,0.06603246880100945,0.00023346003233841456,0.00023346003233841453,0.0024195670533316499,0.0022775612668249831,22,8685,1,2,0,1,21.747899916666668
401,161.74727600896611,162.19156762637215,0.0027468259643606539,0.49999418190664729,-5.8180933527052225e-06,34.920297818613868,0.38122499999999998,0.168875,0.02,2,0,0,26163.818869793173,0.0017759831062435865,1,3,0.01,0.25,1,1,1,0,0,0,0,0,0,0.061955636053761358,0.96977090024606305,0.95449164168566225,NaN,NaN,0.25,391,0.96977090024606305,0.95449164168566225,0.96977090024606305,0.95449164168566225,0,0.13084999999999999,0.0030742224921387353,0.15371112460693676,0.061955636053761358,0.00021904625193170204,0.00021904625193170207,0.0023738180114777803,0.0022657894508384207,21,8706,1,2,0,1,19.820444083333335
402,161.75790017844045,162.13565640745966,0.0023353185754915028,0.49997628158682467,-2.3718413175333186e-05,34.897249927873119,0.38109999999999999,0.16872500000000001,0.02,2,0,0,26163.248075558062,0.0016595931280330117,1,3,0.01,0.25,1,1,1,0,0,0,0,0,0,0.057754421403695327,0.94082994930734354,0.95546393071585489,NaN,NaN,0.25,391,0.94082994930734354,0.95546393071585489,0.94082994930734354,0.95546393071585511,0,0.13739999999999999,0.0031621887564935,0.15810943782467499,0.057754421403695327,0.00020419271509029222,0.00020419271509029252,0.0023259074776933288,0.0022223207011182675,20,8726,1,2,0,1,17.915342500000001
403,161.76517077396613,162.09237284720302,0.0020226979124825847,0.49997677273850732,-2.32272614926754e-05,34.876584724889383,0.38095000000000001,0.16842499999999999,0.02,2,0,0,26168.242739429792,0.0015271091885693078,1,3,0.01,0.25,1,1,1,0,0,0,0,0,0,0.055750037460049987,0.9714579715720113,0.95548040591866068,NaN,NaN,0.25,391,0.9714579715720113,0.95548040591866068,0.9714579715720113,0.95548040591866079,0,0.10677499999999999,0.0033235366713027731,0.16617683356513865,0.055750037460049987,0.00019710614769702695,0.00019710614769702714,0.0022745793336581125,0.0021733159850178502,20,8746,1,2,0,1,17.643101458333334
404,161.77272210158728,162.06501116699496,0.0018067883238321225,0.49998325605983901,-1.6743940160990345e-05,34.858270155934292,0.38087500000000002,0.16817499999999999,0.02,2,0,0,26171.146469255218,0.0014487125550191977,1,3,0.01,0.25,1,1,1,0,0,0,0,0,0,0.055449532803583688,0.98190513064541352,0.95370478795093894,NaN,NaN,0.25,391,0.98190513064541352,0.95370478795093894,0.98190513064541352,0.95370478795093905,0,0.050750000000000003,0.0035737105549077663,0.17868552774538832,0.055449532803583688,0.00019604370329519969,0.00019604370329519958,0.0022432028945763341,0.0021393533409028551,20,8766,1,2,0,1,17.723858374999999
405,161.77949644206879,162.04319166010049,0.0016299668612587475,0.49998554927474026,-1.4450725259740338e-05,34.83950872793023,0.38077499999999997,0.16785,0.02,2,0,0,26172.194843047542,0.0013838360000258923,1,3,0.01,0.25,1,1,1,0,0,0,0,0,0,0.056523511409066959,0.9669880424906574,0.95505167102273525,NaN,NaN,0.25,391,0.9669880424906574,0.95505167102273525,0.9669880424906574,0.95505167102273536,0,0.1081,0.0042097896652863644,0.21048948326431821,0.056523511409066959,0.00019984079106913217,0.00019984079106913209,0.0021934796839586075,0.0020948864375190893,20,8786,1,2,0,1,17.534047166666667
406,161.78582761334204,162.01966419844919,0.0014453465334801174,0.49999363872819341,-6.3612718065875207e-06,34.821411185012359,0.38062499999999999,0.16752500000000001,0.02,2,0,0,26175.72681982438,0.001362618799269396,1,3,0.01,0.25,1,1,1,0,0,0,0,0,0,0.060238284528432808,0.95440441283087363,0.95349271127550184,NaN,NaN,0.25,391,0.95440441283087363,0.95349271127550184,0.95440441283087363,0.95349271127550184,0,0.2271,0.0048215452982491944,0.2410772649124597,0.060238284528432808,0.00021297449738549764,0.00021297449738549748,0.0021604934886221426,0.0020600147941593943,21,8807,1,2,0,1,18.200111625000002
407,161.79193333296885,161.99530450096364,0.0012569920131694657,0.49996086416128399,-3.9135838716009008e-05,34.835135235350748,0.38055,0.16735,0.02,2,0,0,26169.1544376893,0.0012765398165717609,1,3,0.01,0.25,1,1,1,0,0,0,0,0,0,0.064342140325109584,0.50913651007939154,0.91490495183670939,NaN,NaN,0.25,391,0.50913651007939154,0.91490495183670939,0.50913651007939154,0.91490495183670939,0,0.56410000000000005,0.0036436485423111294,0.18218242711555646,0.064342140325109584,0.00022748381869970699,0.00022748381869970694,0.0021656329736959587,0.0019813483314952908,19,8826,1,2,0,1,19.641072999999999
408,161.7865187059752,161.95639959580114,0.001050031184209374,0.49998999581494946,-1.000418505053835e-05,34.814097688862212,0.38035000000000002,0.16717499999999999,0.02,2,0,0,26178.102813463163,0.0011459620589798708,1,3,0.01,0.25,1,1,1,0,0,0,0,0,0,0.064063314093054713,0.43840974426107177,0.91124719232847307,NaN,NaN,0.25,391,0.43840974426107177,0.91124719232847307,0.43840974426107177,0.91124719232847295,0,0.73829999999999996,0.0047752806654954849,0.23876403327477425,0.064063314093054713,0.00022649801910241352,0.00022649801910241371,0.0021487105488144555,0.001958006454733745,21,8847,1,2,0,1,16.441485875000001
409,161.79755071305695,161.93989533176281,0.00087976992283589556,0.4999827486521552,-1.7251347844804421e-05,34.820845540026838,0.38024999999999998,0.16702500000000001,0.02,2,0,0,26179.804803766787,0.0010359379618914424,1,3,0.01,0.25,1,1,1,0,0,0,0,0,0,0.073380088522881665,0.56986444639531775,0.8906058548361333,NaN,NaN,0.25,391,0.56986444639531775,0.8906058548361333,0.56986444639531775,0.8906058548361333,0,0.58620000000000005,0.0048865173595640183,0.24432586797820091,0.073380088522881665,0.00025943779099299387,0.00025943779099299393,0.0021760837676023798,0.0019380329440405511,27,8874,1,2,0,1,28.641017250000001
410,161.79820853764159,161.91311221926628,0.0007101665875241407,0.49999604015288035,-3.9598471196500284e-06,34.826410530435105,0.38017499999999999,0.16675000000000001,0.02,2,0,0,26176.555484810782,0.00098215189056388751,1,3,0.01,0.25,1,1,1,0,1,1,0,1,0,0.061827538252030301,0.92562727216184115,0.88720972691340083,0.92562727216184115,0.95349271127550184,0.25,391,0.92562727216184115,0.88720972691340083,0.92562727216184115,0.88720972691340105,0,0.22869999999999999,0.0029709594259374958,0.14854797129687478,0.061827538252030301,0.00021859335781040644,0.00021859335781040641,0.002161217093074372,0.0019174528269470877,21,8895,1,2,0,1,19.97953875
411,161.79974921515972,161.88136369645798,0.00050441661185599148,0.49997519006827568,-2.4809931724323331e-05,34.81433071786627,0.38012499999999999,0.16639999999999999,0.02,2,0,0,26179.965328898605,0.00084612972853781313,1,3,0.01,0.25,1,1,1,0,1,1,0,2,0,0.063681664705666802,0.89727033003902179,0.89119116961293354,0.91726282889759148,0.94740106712608718,0.25,391,0.89727033003902179,0.89119116961293354,0.89727033003902179,0.89119116961293354,0,0.32797500000000002,0.0032520135922589548,0.16260067961294775,0.063681664705666802,0.0002251486847531251,0.00022514868475312504,0.0021673195258957948,0.0019314960232080221,25,8920,1,2,0,1,20.370090833333332
412,161.8055182519735,161.86195304622859,0.00034878164147166446,0.49992706135357184,-7.2938646428155618e-05,34.81297206802796,0.38005,0.16622500000000001,0.02,2,0,0,26173.236176006507,0.00082673565005459044,1,3,0.01,0.25,1,1,1,0,1,1,0,3,0,0.061771479614666898,0.91795794123033303,0.88945227316748177,0.92179260669608709,0.94130942297667253,0.25,391,0.91795794123033303,0.88945227316748177,0.91795794123033303,0.88945227316748166,0,0.35037499999999999,0.0033721239299812711,0.16860619649906355,0.061771479614666898,0.00021839516059728772,0.00021839516059728769,0.0021815219714027899,0.0019403596764290176,19,8939,1,2,0,1,16.055215333333333
413,161.80209793836858,161.84593069627277,0.00027090352018114335,0.49999193236062894,-8.0676393710565897e-06,34.793711358903138,0.38,0.16597500000000001,0.02,2,0,0,26187.659917485362,0.0007721549689649449,1,3,0.01,0.25,1,1,1,0,1,1,0,4,0,0.077059042911357858,0.7286440979875688,0.88791754241884679,0.91342816343183741,0.92810718740669096,0.25,391,0.7286440979875688,0.88791754241884679,0.7286440979875688,0.88791754241884713,0,0.45847500000000002,0.0039427398772028206,0.19713699386014102,0.077059042911357858,0.00027244485897183148,0.00027244485897183165,0.0022568606826775949,0.0020039061909448109,30,8969,1,2,0,1,26.324532416666667
414,161.81688138734029,161.86940922442878,0.00032461283790752884,0.49999024503222061,-9.7549677793851153e-06,34.766059464471702,0.37987500000000002,0.16585,0.02,2,0,0,26188.413460843054,0.00073656871995450731,1,3,0.01,0.25,1,1,1,0,1,1,0,5,0,0.072757781396822749,0.8676969476317602,0.88507160218368075,0.90308435783618179,0.91490495183670939,0.25,391,0.8676969476317602,0.88507160218368075,0.8676969476317602,0.88507160218368086,0,0.35139999999999999,0.0039147420985139892,0.19573710492569946,0.072757781396822749,0.00025723760304890899,0.0002572376030489091,0.0023180545824313041,0.0020516442832216974,29,8998,1,2,0,1,27.111466374999999
415,161.8245333613493,161.86533351010127,0.00025212585449490714,0.4999866643322759,-1.3335667724101441e-05,34.743477395735631,0.37974999999999998,0.1656,0.02,2,0,0,26186.783761667331,0.00070076251914162949,1,3,0.01,0.25,1,1,1,0,1,1,0,6,0,0.064796682886831214,0.92175629086815414,0.88296172420864538,0.90308435783618179,0.91307607208259123,0.25,391,0.92175629086815414,0.88296172420864538,0.92175629086815414,0.88296172420864527,0,0.21479999999999999,0.0039894866760381885,0.19947433380190943,0.064796682886831214,0.00022909086933836333,0.00022909086933836344,0.0023473046607005352,0.002072580170455134,23,9021,1,2,0,1,17.718708291666665
416,161.83054400945829,161.85172185002708,0.00013086429819790142,0.49992769845239965,-7.2301547600350791e-05,34.753331825908369,0.37977499999999997,0.16542499999999999,0.02,2,0,0,26178.11578215587,0.00064554356904895872,1,3,0.01,0.25,1,1,1,0,1,1,0,7,0,0.064569257664019955,0.58219692544308499,0.87975474011038268,0.89003228469825657,0.91124719232847307,0.25,391,0.58219692544308499,0.87975474011038268,0.58219692544308499,0.87975474011038268,0,0.64427500000000004,0.0036125799428996636,0.18062899714498318,0.064569257664019955,0.00022828679975204981,0.00022828679975204981,0.0023626169630670876,0.0020785234723234673,19,9040,1,2,0,1,16.763861250000001
417,161.82151931102302,161.83928982640251,0.00010981552673057447,0.49997793134467045,-2.2068655329554598e-05,34.740289095949706,0.37972499999999998,0.16542499999999999,0.02,2,0,0,26184.930905790228,0.00057247566293004302,1,3,0.01,0.25,1,1,1,0,1,1,0,8,0,0.064638602806123158,0.49829790528751161,0.88318237195013871,0.89003228469825657,0.9012191809707033,0.25,391,0.49829790528751161,0.88318237195013871,0.49829790528751161,0.8831823719501386,0,0.70794999999999997,0.0032602215782732086,0.16301107891366043,0.064638602806123158,0.00022853197185316741,0.00022853197185316752,0.0023636651162205484,0.0020875473638394641,20,9060,1,2,0,1,17.342182375
418,161.8271263980759,161.8822395093265,0.00034056781750557404,0.49998993219019278,-1.0067809807223771e-05,34.72923102741747,0.37974999999999998,0.16520000000000001,0.02,2,0,0,26187.947131630557,0.00056638387455359887,1,3,0.01,0.25,1,1,1,0,1,1,0,9,0,0.05593788499263902,0.88388631852946342,0.88456306705909749,0.89057832428424266,0.89119116961293354,0.25,391,0.88388631852946342,0.88456306705909749,0.88388631852946342,0.88456306705909737,0,0.26124999999999998,0.0037638443570959784,0.18819221785479892,0.05593788499263902,0.00019777028901764128,0.00019777028901764128,0.0023349373861357757,0.0020653993756712141,21,9081,1,2,0,1,20.402591291666667
419,161.82937798638218,161.90526093818434,0.00046890714619531309,0.49999691132863539,-3.0886713646149921e-06,34.715236349659797,0.37972499999999998,0.1651,0.02,2,0,0,26190.90203427559,0.00053409848125845008,1,3,0.01,0.25,1,1,1,0,1,1,0,10,0,0.058713040860992917,0.87930623625456505,0.88562126057322299,0.89057832428424266,0.89089851222453342,0.25,391,0.87930623625456505,0.88562126057322299,0.87930623625456505,0.88562126057322277,0,0.24502499999999999,0.0048720616513969256,0.24360308256984628,0.058713040860992917,0.00020758194668445471,0.00020758194668445482,0.0022830815418272365,0.0020219455530644946,22,9103,1,2,0,1,20.656879374999999
420,161.83170930080618,161.92400550814784,0.00057032214354298702,0.49997158794761554,-2.8412052384463315e-05,34.720413828472971,0.37967499999999998,0.16492499999999999,0.02,2,0,0,26184.980928721576,0.00049983643131360682,1,3,0.01,0.25,1,1,1,0,1,1,0,11,0,0.061224763653167126,0.69731452507017377,0.87078540640016411,0.89057832428424266,0.89002906400180759,0.25,391,0.69731452507017377,0.87078540640016411,0.69731452507017377,0.870785406400164,0,0.54872500000000002,0.004109026887139172,0.20545134435695861,0.061224763653167126,0.00021646222777849068,0.00021646222777849076,0.0022809504117953208,0.0019862183313138103,21,9124,1,2,0,1,19.754282875000001
421,161.82620976890718,161.90866174208435,0.00050950938846627825,0.49997960699805771,-2.0393001942287103e-05,34.721724646124827,0.37964999999999999,0.16472500000000001,0.02,2,0,0,26188.765105215294,0.00047738433372240395,1,3,0.01,0.25,1,1,1,0,1,1,0,12,0,0.065711717431539252,0.83442052930569732,0.86694873233887604,0.88159627739201429,0.88868490779316422,0.25,391,0.83442052930569732,0.86694873233887604,0.83442052930569732,0.86694873233887593,0,0.27447500000000002,0.002968913269609982,0.14844566348049909,0.065711717431539252,0.00023232600499627833,0.00023232600499627836,0.0022881277320384746,0.0019836894367201829,21,9145,1,2,0,1,18.248680041666667
422,161.82260104468733,161.92758625820326,0.00064876730962283558,0.49998518886112586,-1.4811138874137875e-05,34.710273666379585,0.37945000000000001,0.16445000000000001,0.02,2,0,0,26199.438005112592,0.00044928562713266731,1,3,0.01,0.25,1,1,1,0,1,1,0,13,0,0.080476252971787218,0.92718493997964579,0.87085099939599453,0.88159627739201429,0.88756363466612376,0.25,391,0.92718493997964579,0.87085099939599453,0.92718493997964579,0.87085099939599464,0,0.25527499999999997,0.0043302901146045703,0.21651450573022851,0.080476252971787218,0.00028452652100417395,0.00028452652100417357,0.0023542590924453604,0.0020502088834931493,37,9182,1,2,0,1,36.46118070833333
423,161.83151015843353,161.94737235607741,0.00071594337549250224,0.49998926304460928,-1.0736955390722169e-05,34.701124314599205,0.37932500000000002,0.164075,0.02,2,0,0,26194.215162836474,0.00051121343866699319,1,3,0.01,0.25,1,1,1,0,1,1,0,14,0,0.066885999967635112,0.91785907393137811,0.875028552676692,0.88159627739201429,0.88641549374331197,0.25,391,0.91785907393137811,0.875028552676692,0.91785907393137811,0.87502855267669233,0,0.32574999999999998,0.0032316298484789496,0.16158149242394748,0.066885999967635112,0.00023647772071778991,0.00023647772071778964,0.0023182919541913185,0.0020285716533580494,27,9209,1,2,0,1,24.80053075
424,161.83241767501315,161.94267064162281,0.00068127862262473845,0.49999415548241449,-5.8445175855070808e-06,34.702913804925643,0.37932500000000002,0.16375000000000001,0.02,2,0,0,26193.407373860438,0.00046203982694862402,1,3,0.01,0.25,1,1,1,0,1,1,0,15,0,0.06281032328961228,0.95506861611653526,0.88549549791213467,0.88159627739201429,0.88555837924267888,0.25,391,0.95506861611653526,0.88549549791213467,0.95506861611653526,0.88549549791213444,0,0.18809999999999999,0.0030809944078118785,0.15404972039059392,0.06281032328961228,0.00022206802763302089,0.00022206802763302075,0.0022831223787754297,0.0020216945875880864,23,9232,1,2,0,1,21.897195208333333
425,161.83100897166861,161.93658674242613,0.00065239518327419904,0.49999500898007937,-4.9910199206304462e-06,34.699883388984887,0.37919999999999998,0.16367499999999999,0.02,2,0,0,26193.322170186082,0.00041512631783202782,1,3,0.01,0.25,1,1,1,0,1,1,0,16,0,0.061705573456695362,0.98107958818838414,0.90507825194593505,0.88159627739201429,0.88555837924267888,0.25,391,0.98107958818838414,0.90507825194593505,0.98107958818838414,0.90507825194593505,0,0.043624999999999997,0.0035585406835765879,0.17792703417882938,0.061705573456695362,0.0002181621471411696,0.00021816214714116954,0.0022721936565782358,0.0020565130627784719,23,9255,1,2,0,1,21.567112000000002
426,161.83232776233098,161.93017303607158,0.00060460894985271327,0.49998671893840019,-1.328106159981246e-05,34.683472650370483,0.37912499999999999,0.16350000000000001,0.02,2,0,0,26195.934894268914,0.00038435203282663455,1,3,0.01,0.25,1,1,1,0,1,1,0,17,0,0.066496168181869555,0.91672678478005554,0.91657797430398658,0.88159627739201429,0.88555837924267888,0.25,391,0.91672678478005554,0.91657797430398658,0.91672678478005554,0.91657797430398669,0,0.41125,0.0043982272189742053,0.21991136094871025,0.066496168181869555,0.0002350994572216055,0.00023509945722160539,0.0022790063140477922,0.0020888869907559203,27,9282,1,2,0,1,24.178168833333334
427,161.84012226327002,161.9221756260099,0.00050700259980282221,0.49999495911686753,-5.040883132467755e-06,34.676320780916662,0.379,0.16339999999999999,0.02,2,0,0,26192.95220246461,0.00044328771545099521,1,3,0.01,0.25,1,1,1,0,1,1,0,18,0,0.062935575266631807,0.91774598144798814,0.93197866601460166,0.89057832428424266,0.88555837924267888,0.25,391,0.91774598144798814,0.93197866601460166,0.91774598144798814,0.93197866601460166,0,0.454125,0.0041370806941169666,0.20685403470584832,0.062935575266631807,0.00022251086024455854,0.00022251086024455854,0.002272985202439183,0.002118373716840199,22,9304,1,2,0,1,19.207375500000001
428,161.84078914396198,161.9119925291597,0.0004399594538208918,0.49998317602811965,-1.6823971880353117e-05,34.671144541763674,0.37890000000000001,0.16325000000000001,0.02,2,0,0,26195.198606159342,0.00041364003528101829,1,3,0.01,0.25,1,1,1,0,1,1,0,19,0,0.060067801757385762,0.92349190887187038,0.93657016245329971,0.90699855740953872,0.88555837924267888,0.25,391,0.92349190887187038,0.93657016245329971,0.92349190887187038,0.9365701624532996,0,0.16512499999999999,0.0038777764254411397,0.19388882127205698,0.060067801757385762,0.00021237174976808344,0.00021237174976808363,0.0022875866631896251,0.0021424854127695091,22,9326,1,2,0,1,20.143212416666668
429,161.84202900698736,161.91114243747242,0.00042704253591677838,0.49999525306641351,-4.7469335864858131e-06,34.667056936772433,0.37880000000000003,0.16312499999999999,0.02,2,0,0,26196.812773506295,0.00040372145842265992,1,3,0.01,0.25,1,1,1,0,1,1,0,20,1,0.059328593212748609,0.94670807256127498,0.94512236744394207,0.91723638311402178,0.88555837924267888,0.25,391,0.94670807256127498,0.94512236744394207,0.94670807256127498,0.94512236744394196,0,0.16775000000000001,0.0036607884704704737,0.18303942352352368,0.059328593212748609,0.00020975825289496359,0.00020975825289496362,0.0022897629694001338,0.0021641061985249251,22,9348,1,2,0,1,20.820224291666666
430,161.84335122591511,161.91839167751971,0.00046366100946491922,0.49999530827179817,-4.6917282018332784e-06,34.643986598997053,0.37877499999999997,0.163025,0.01,3,1,1,26204.355439579962,0.00038389606768832071,1,3,0.01,0.25,1,0,0,0,0,0,0,0,0,0.027562218216553133,NaN,NaN,NaN,NaN,0.25,430,0.57709419762706227,0.9417953608699553,0.57709419762706227,0.94179536086995497,0,0.50132500000000002,0.0017529599436690608,0.17529599436690607,0.027562218216553133,9.7447157027340543e-05,9.7447157027340448e-05,0.0021707478986489831,0.0020444003005658162,26,9374,1,2,0,1,27.080326041666666
431,161.8519156882748,161.92165350039079,0.00043087418409246982,0.49999165436874682,-8.3456312531815513e-06,34.624560311182961,0.37869999999999998,0.16284999999999999,0.01,3,0,0,26205.520514452706,0.00042569911436914749,1,3,0.01,0.25,1,1,1,0,0,0,0,0,0,0.026027403392906278,0.92364019417473686,NaN,NaN,NaN,0.25,430,0.92364019417473686,0.93162771788208765,0.92364019417473686,0.93162771788208754,0,0.088025000000000006,0.0017709231016542193,0.17709231016542193,0.026027403392906278,9.2020767179008922e-05,9.2020767179008936e-05,0.0020304426608317139,0.0018916166624010832,29,9403,1,2,0,1,30.415095583333333
432,161.85974147632732,161.92319947376546,0.00039205547259217951,0.49999491659061024,-5.083409389761151e-06,34.606767901026629,0.37859999999999999,0.162825,0.01,3,0,0,26207.907316211353,0.00045606701266705658,1,3,0.01,0.25,1,1,1,0,0,0,0,0,0,0.023809881695889355,0.93623355988918067,NaN,NaN,NaN,0.25,430,0.93623355988918067,0.92136869045491832,0.93623355988918067,0.92136869045491832,0,0.108625,0.0017075765452117359,0.17075765452117359,0.023809881695889355,8.4180644032064085e-05,8.4180644032064085e-05,0.0018300967838596046,0.0016861938771504817,29,9432,1,2,0,1,31.426584708333333
433,161.86600871948494,161.9251494974354,0.00036536872947149837,0.49998115939329618,-1.8840606703818263e-05,34.595253314167842,0.37857499999999999,0.16275000000000001,0.01,3,0,0,26206.461847958384,0.00038830846836852834,1,3,0.01,0.25,1,1,1,0,0,0,0,0,0,0.019759328847478792,0.89887379872819917,NaN,NaN,NaN,0.25,430,0.89887379872819917,0.91116246877994056,0.89887379872819917,0.91116246877994056,0,0.15812499999999999,0.0017950440684598643,0.17950440684598643,0.019759328847478792,6.9859777098736105e-05,6.9859777098736119e-05,0.0016634788402405509,0.0015156994868367726,25,9457,1,2,0,1,27.701482041666665
434,161.86946263938691,161.92387046991385,0.00033612164789939862,0.49999486803542942,-5.1319645705816264e-06,34.583734477097643,0.37857499999999999,0.16275000000000001,0.01,3,0,0,26209.84825439972,0.00041003138240610525,1,3,0.01,0.25,1,1,1,0,0,0,0,0,0,0.021715387323254214,0.81965308930697622,NaN,NaN,NaN,0.25,430,0.81965308930697622,0.90557936269627703,0.81965308930697622,0.90557936269627692,0,0.23280000000000001,0.0018897067002332621,0.18897067002332621,0.021715387323254214,7.6775488161827228e-05,7.6775488161827296e-05,0.0015181863007693573,0.001374838182704933,25,9482,1,2,0,1,27.992254041666666
435,161.87746410906959,161.92602704685243,0.00029999813778965853,0.49998156002897748,-1.8439971022521373e-05,34.57307348405854,0.37857499999999999,0.16270000000000001,0.01,3,0,0,26209.248723084365,0.00045373271622912753,1,3,0.01,0.25,1,1,1,0,0,0,0,0,0,0.019661079843891833,0.83154877806648719,NaN,NaN,NaN,0.25,430,0.83154877806648719,0.90221552013786954,0.83154877806648719,0.90221552013786965,0,0.25819999999999999,0.0018997217521037129,0.1899721752103713,0.019661079843891833,6.9512414415330307e-05,6.9512414415330294e-05,0.0013695365680435182,0.0012356171470852156,25,9507,1,2,0,1,27.593885166666666
436,161.88124398903557,161.92498854927646,0.00027022624216959041,0.49998338727727659,-1.661272272340808e-05,34.563944540445434,0.378525,0.162575,0.01,3,0,0,26210.497974794576,0.00048956822653900317,1,3,0.01,0.25,1,1,1,0,0,0,0,0,0,0.01945062082023526,0.8989984505571863,NaN,NaN,NaN,0.25,430,0.8989984505571863,0.89325440518926758,0.8989984505571863,0.89325440518926758,0,0.21557499999999999,0.0017240222747871669,0.1724022274787167,0.01945062082023526,6.8768329401382991e-05,6.8768329401383004e-05,0.0012032054402232959,0.001074768559827151,23,9530,1,2,0,1,24.590452875
437,161.88766447817818,161.92636097506031,0.00023903301716568254,0.49999423848104835,-5.7615189516524445e-06,34.550057134306662,0.3785,0.16250000000000001,0.01,3,0,0,26214.450703808667,0.00047710322960621814,1,3,0.01,0.25,1,1,1,0,0,0,0,0,0,0.024619143563092919,0.89142100904245669,NaN,NaN,NaN,0.25,430,0.89142100904245669,0.89023911084411855,0.89142100904245669,0.89023911084411844,0,0.17854999999999999,0.0019664918643509566,0.19664918643509566,0.024619143563092919,8.7041816802340725e-05,8.7041816802340617e-05,0.0010677363967810779,0.00095054070048628979,29,9559,1,2,0,1,30.466112875
438,161.89277852787106,161.92876767109777,0.00022230233833758656,0.49999128533211007,-8.714667889930805e-06,34.540044125769398,0.37847500000000001,0.16250000000000001,0.01,3,0,0,26213.593115844615,0.00052854367610234796,1,3,0.01,0.25,1,1,1,0,0,0,0,0,0,0.020543343648761227,0.89807695341430005,NaN,NaN,NaN,0.25,430,0.89807695341430005,0.90099908189924494,0.89807695341430005,0.90099908189924482,0,0.187725,0.0020608028869577434,0.20608028869577433,0.020543343648761227,7.2631688011423281e-05,7.2631688011423173e-05,0.00092799633502441766,0.00083612384586286437,27,9586,1,2,0,1,32.123713083333335
439,161.89702104886751,161.92837665981364,0.00019367626867363566,0.49999416532706625,-5.8346729337466208e-06,34.528894991889196,0.37842500000000001,0.16239999999999999,0.01,3,0,0,26216.040593974598,0.00057107122166539614,1,3,0.01,0.25,1,1,1,0,0,0,0,0,0,0.021134725067252901,0.87202992925534961,0.93716837996590752,NaN,NaN,0.25,430,0.87202992925534961,0.93716837996590752,0.87202992925534961,0.93716837996590752,0,0.14802499999999999,0.0016259938316356194,0.16259938316356193,0.021134725067252901,7.4722537067839183e-05,7.472253706783917e-05,0.00079296061919729315,0.00074313761886989017,29,9615,1,2,0,1,32.621620999999998
440,161.90027219282391,161.93005305597862,0.00018394572628786937,0.49999451956573482,-5.4804342651815219e-06,34.517615350111193,0.37845000000000001,0.16234999999999999,0.01,3,0,0,26217.434656763591,0.00062189949738574249,1,3,0.01,0.25,1,1,1,0,0,0,0,0,0,0.020416190584842456,0.90526962576060133,0.94504663610021722,NaN,NaN,0.25,430,0.90526962576060133,0.94504663610021722,0.90526962576060133,0.94504663610021733,0,0.085974999999999996,0.0011751495652148958,0.11751495652148958,0.020416190584842456,7.2182134042695232e-05,7.2182134042695368e-05,0.00076769559621264814,0.00072550814074971378,33,9648,1,2,0,1,40.242598874999999
441,161.90518391624835,161.93225623739005,0.00016721095944467287,0.49998888198576058,-1.1118014239419605e-05,34.511605159163729,0.37842500000000001,0.162325,0.01,3,0,0,26214.775168585813,0.00059782147986996289,1,3,0.01,0.25,1,1,1,0,0,0,0,0,0,0.016129987298666101,0.92345247305153988,0.94701050473912274,NaN,NaN,0.25,430,0.92345247305153988,0.94701050473912274,0.92345247305153988,0.94701050473912274,0,0.208625,0.0010046480737100009,0.10046480737100009,0.016129987298666101,5.7028116996698405e-05,5.7028116996698439e-05,0.00073270294603033752,0.00069387738674403217,23,9671,1,2,0,1,27.227523125000001
442,161.90541504305125,161.92896426160229,0.00014545046899622045,0.49999558676351435,-4.4132364856452888e-06,34.506204876726386,0.37840000000000001,0.16217500000000001,0.01,3,0,0,26217.064794316302,0.00056915125552232254,1,3,0.01,0.25,1,1,1,0,0,0,0,0,0,0.016442602048791603,0.85555451106592162,0.9436890718006482,NaN,NaN,0.25,430,0.85555451106592162,0.9436890718006482,0.85555451106592162,0.94368907180064832,0,0.19097500000000001,0.00092424116811302384,0.092424116811302387,0.016442602048791603,5.8133377045261807e-05,5.8133377045261943e-05,0.00070665567904353542,0.00066686324183925073,25,9696,1,2,0,1,29.972354791666667
443,161.90845632687768,161.93454430785252,0.00016112797050060724,0.49999247349869363,-7.5265013063652297e-06,34.497946444530228,0.37837500000000002,0.16217500000000001,0.01,3,0,0,26218.011907521304,0.00057175965181785677,1,3,0.01,0.25,1,1,1,0,0,0,0,0,0,0.020760261393889971,0.8164766323047068,0.94581366616419138,NaN,NaN,0.25,430,0.8164766323047068,0.94581366616419138,0.8164766323047068,0.94581366616419138,0,0.2122,0.0015313232631557986,0.15313232631557985,0.020760261393889971,7.339860805412443e-05,7.3398608054124539e-05,0.00071019450999892377,0.00067171167319176358,29,9725,1,2,0,1,36.73821375
444,161.91304545240411,161.93442175678425,0.00013202336056623973,0.49997935325335419,-2.0646746645813785e-05,34.492642904987207,0.37832500000000002,0.16214999999999999,0.01,3,0,0,26216.567033922773,0.00056907396652927916,1,3,0.01,0.25,1,1,1,0,0,0,0,0,0,0.018751884849122439,0.87318398079262127,0.94204758167595859,NaN,NaN,0.25,430,0.87318398079262127,0.94204758167595859,0.87318398079262127,0.94204758167595859,0,0.22755,0.0013861666453557049,0.13861666453557051,0.018751884849122439,6.6297924684218781e-05,6.62979246842187e-05,0.00069971694652131518,0.00065916665732809103,24,9749,1,2,0,1,25.575125875000001
445,161.91363275368283,161.93333724742365,0.00012169755817160961,0.49999398569710701,-6.0143028929871001e-06,34.490084407039689,0.37830000000000003,0.16200000000000001,0.01,3,0,0,26219.404466743232,0.00053193217914100437,1,3,0.01,0.25,1,1,1,0,0,0,0,0,0,0.019436154439475255,0.75424848121863752,0.92901425601098908,NaN,NaN,0.25,430,0.75424848121863752,0.92901425601098908,0.75424848121863752,0.9290142560109893,0,0.46602500000000002,0.0012759550728152276,0.12759550728152277,0.019436154439475255,6.8717183021709861e-05,6.8717183021709875e-05,0.00069892171512769493,0.00064930823718927996,27,9776,1,2,0,1,34.653702750000001
446,161.91663187639421,161.9350109512097,0.00011350949314168963,0.49999065912150864,-9.3408784913595611e-06,34.482866541196664,0.37824999999999998,0.16197500000000001,0.01,3,0,0,26217.943724609639,0.00050987589506282141,1,3,0.01,0.25,1,1,1,0,0,0,0,0,0,0.01840672204892525,0.75366796953180482,0.92915720916356548,NaN,NaN,0.25,430,0.75366796953180482,0.92915720916356548,0.75366796953180482,0.92915720916356548,0,0.43832500000000002,0.0012609128287061032,0.12609128287061031,0.01840672204892525,6.5077589901054925e-05,6.5077589901054979e-05,0.0006952309756273669,0.00064597887303798702,25,9801,1,2,0,1,27.900728541666666
447,161.91793075211933,161.93290121712508,9.2457116615850087e-05,0.49998425409738012,-1.5745902619879182e-05,34.477816613313891,0.37824999999999998,0.16197500000000001,0.01,3,0,0,26217.729140857751,0.00048268619653325936,1,3,0.01,0.25,1,1,1,0,0,0,0,0,0,0.016820006642376723,0.91297689873438781,0.92958073777656602,NaN,NaN,0.25,430,0.91297689873438781,0.92958073777656602,0.91297689873438781,0.92958073777656614,0,0.16470000000000001,0.0013492041814756493,0.13492041814756492,0.016820006642376723,5.9467703782136767e-05,5.9467703782136713e-05,0.00066765686260716298,0.00062064095892395391,23,9824,1,2,0,1,26.706438375000001
448,161.92031112408705,161.93282567238296,7.7288316759228408e-05,0.49999258354540499,-7.4164545950106131e-06,34.476705850504011,0.37822499999999998,0.161825,0.01,3,0,0,26220.159497625096,0.00041312037074845581,1,3,0.01,0.25,1,1,1,0,0,0,0,0,0,0.019647590367475935,0.70949976684000549,0.91400522778655247,NaN,NaN,0.25,430,0.70949976684000549,0.91400522778655247,0.70949976684000549,0.91400522778655247,0,0.43692500000000001,0.0015553621861709855,0.15553621861709854,0.019647590367475935,6.9464721914088619e-05,6.9464721914088565e-05,0.00066448989650982838,0.00060734723922132835,25,9849,1,2,0,1,31.787603749999999
449,161.92215995381022,161.93256865103939,6.4282104636795829e-05,0.49998246028746546,-1.7539712534542229e-05,34.471512313438559,0.37819999999999998,0.161825,0.01,3,0,0,26218.393945982221,0.00036795940496930701,1,3,0.01,0.25,1,1,1,0,1,1,0,1,0,0.018982969250806191,0.75451738847984651,0.91338724728586429,0.87318398079262127,0.93716837996590752,0.25,430,0.75451738847984651,0.91338724728586429,0.75451738847984651,0.9133872472858644,0,0.44987500000000002,0.0010764446572477117,0.10764446572477117,0.018982969250806191,6.7114931421503857e-05,6.7114931421503884e-05,0.00065688229086349314,0.00059998790744263846,26,9875,1,2,0,1,29.656198083333333
450,161.92306991179385,161.9394265427303,0.00010101482725943267,0.49999339321449604,-6.6067855039597667e-06,34.469647941797298,0.37819999999999998,0.161775,0.01,3,0,0,26221.077209467163,0.00030355010622634801,1,3,0.01,0.25,1,1,1,0,1,1,0,2,0,0.018522142568493515,0.75338739786395925,0.90794988916868424,0.87260695502398544,0.93337455887123677,0.25,430,0.75338739786395925,0.90794988916868424,0.75338739786395925,0.90794988916868424,0,0.46575,0.0014123336854171258,0.14123336854171259,0.018522142568493515,6.5485663061428897e-05,6.5485663061428721e-05,0.00065018581988222641,0.00059033614310111755,28,9903,1,2,0,1,36.561273041666666
451,161.92475964193366,161.94140350656372,0.00010278764450143168,0.49998059610671153,-1.940389328847214e-05,34.471030140389317,0.37817499999999998,0.16172500000000001,0.01,3,0,0,26217.901718588084,0.00026753240935538998,1,3,0.01,0.25,1,1,1,0,1,1,0,3,0,0.017224643577845561,0.75670659185678024,0.89882879965924023,0.86379222016063562,0.92958073777656602,0.25,430,0.75670659185678024,0.89882879965924023,0.75670659185678024,0.8988287996592399,0,0.33765000000000001,0.0011941484016351012,0.11941484016351012,0.017224643577845561,6.0898311387079559e-05,6.0898311387079531e-05,0.00065405601427260737,0.00058788438221855455,22,9925,1,2,0,1,28.216290000000001
452,161.9224194554335,161.93805787666886,9.6579715693230237e-05,0.49998971275441645,-1.0287245583551208e-05,34.470333123793587,0.37814999999999999,0.16164999999999999,0.01,3,0,0,26219.550559112024,0.00024414398417506354,1,3,0.01,0.25,1,1,1,0,1,1,0,4,0,0.018187978096681358,0.81987623742805893,0.90254396572542661,0.84355164456620435,0.92936897347006575,0.25,430,0.81987623742805893,0.90254396572542661,0.81987623742805893,0.90254396572542661,0,0.2402,0.0013834168724046699,0.138341687240467,0.018187978096681358,6.4304213241178919e-05,6.430421324117896e-05,0.00066022685046852457,0.00059588375990027038,23,9948,1,2,0,1,28.983605208333334
453,161.92434113531266,161.93945203529879,9.332074399795761e-05,0.49999531312861689,-4.6868713831083042e-06,34.468943671303421,0.37814999999999999,0.16164999999999999,0.01,3,0,0,26219.705790997654,0.00021868347249907294,1,3,0.01,0.25,1,1,1,0,1,1,0,5,0,0.01687983526289448,0.88911268746013805,0.9092927216599912,0.84355164456620435,0.92915720916356548,0.25,430,0.88911268746013805,0.9092927216599912,0.88911268746013805,0.90929272165999131,0,0.21882499999999999,0.0012614891844529286,0.12614891844529286,0.01687983526289448,5.9679229898522476e-05,5.9679229898522415e-05,0.00064650747231292244,0.00058786453907293864,23,9971,1,2,0,1,28.923931166666666
454,161.92464399489543,161.93868396132993,8.6706792049134009e-05,0.49997125706435497,-2.8742935645031942e-05,34.463956283849591,0.37812499999999999,0.16159999999999999,0.01,3,0,0,26217.414654953518,0.00018107507405556235,1,3,0.01,0.25,1,1,1,0,1,1,0,6,0,0.018020660018256609,0.68995247736428278,0.9011153730146062,0.84355164456620435,0.92908573258727722,0.25,430,0.68995247736428278,0.9011153730146062,0.68995247736428278,0.90111537301460631,0,0.56015000000000004,0.0013655261567072816,0.13655261567072816,0.018020660018256609,6.3712654501832711e-05,6.371265450183286e-05,0.0006439222021305366,0.00058024819536524515,20,9991,1,2,0,1,22.204214
455,161.92255551776077,161.93644375086527,8.5770836929337046e-05,0.49999032021392475,-9.6797860752451115e-06,34.455062026867509,0.37807499999999999,0.161525,0.01,3,0,0,26223.323304556088,0.00015867405570118369,1,3,0.01,0.25,1,1,1,0,1,1,0,7,0,0.02413507692667562,0.59948624145409501,0.8917350897455949,0.83771537424699027,0.92901425601098908,0.25,430,0.59948624145409501,0.8917350897455949,0.59948624145409501,0.89173508974559501,0,0.36817499999999997,0.0018917557146170727,0.18917557146170727,0.02413507692667562,8.5330382796556549e-05,8.5330382796556793e-05,0.0006605354019053835,0.00058902259589823974,33,10024,1,2,0,1,33.130647791666668
456,161.93082016127377,161.9529070043705,0.00013639678397684153,0.49999523523302686,-4.7647669731420983e-06,34.453076859881406,0.37805,0.16147500000000001,0.01,3,0,0,26223.439620381425,0.00013487725721873737,1,3,0.01,0.25,1,1,1,0,1,1,0,8,0,0.018643985833750265,0.7390442808248352,0.89286746658574534,0.81817643486638292,0.92150974189877077,0.25,430,0.7390442808248352,0.89286746658574534,0.7390442808248352,0.89286746658574556,0,0.45069999999999999,0.0013998365771512237,0.13998365771512236,0.018643985833750265,6.5916444056953694e-05,6.5916444056953667e-05,0.00066137425606128215,0.00059051955647446901,30,10054,1,2,0,1,40.72654441666667
457,161.93166373393106,161.95486230027791,0.00014326145864200265,0.4999955094801522,-4.4905198477995789e-06,34.450198754332575,0.378025,0.16147500000000001,0.01,3,0,0,26223.613227750462,0.00012743592761299625,1,3,0.01,0.25,1,1,1,0,1,1,0,9,0,0.019145301749848815,0.94176118784115337,0.89522355861935032,0.81817643486638292,0.91400522778655247,0.25,430,0.94176118784115337,0.89522355861935032,0.94176118784115337,0.89522355861935032,0,0.1217,0.0011091738849948001,0.11091738849948,0.019145301749848815,6.7688863475903849e-05,6.7688863475903917e-05,0.00066959541575504935,0.00059943759092743868,31,10085,1,2,0,1,44.466803083333332
458,161.93200892513281,161.95476866666823,0.00014055122076541768,0.49999598526086919,-4.0147391308087421e-06,34.44791054453119,0.37797500000000001,0.16147500000000001,0.01,3,0,0,26222.829789939573,0.00013737316801727242,1,3,0.01,0.25,1,1,1,0,1,1,0,10,0,0.018198691217413125,0.94734176014248506,0.89709181593700449,0.81817643486638292,0.91369623753620832,0.25,430,0.94734176014248506,0.89709181593700449,0.94734176014248506,0.89709181593700471,0,0.10965,0.001124108192531752,0.1124108192531752,0.018198691217413125,6.4342089842764428e-05,6.4342089842764401e-05,0.00066447278368372527,0.00059609309615554947,29,10114,1,2,0,1,41.607784416666668
459,161.93271669950948,161.95286140021645,0.00012440167198791665,0.49999604668336017,-3.9533166398264541e-06,34.445188881401862,0.37797500000000001,0.16142500000000001,0.01,3,0,0,26223.259699606719,0.00012250909034512513,1,3,0.01,0.25,1,1,1,0,1,1,0,11,0,0.018158947176307217,0.9649007702735708,0.90301476664709235,0.81817643486638292,0.91133998447292774,0.25,430,0.9649007702735708,0.90301476664709235,0.9649007702735708,0.90301476664709235,0,0.055324999999999999,0.0010025260277004479,0.10025260277004479,0.018158947176307217,6.4201573437875706e-05,6.4201573437875517e-05,0.00066155942570009674,0.00059739793042175727,29,10143,1,2,0,1,41.135907916666667
460,161.93377621386216,161.95093658339499,0.00010597152696648171,0.49999431730819188,-5.6826918081176458e-06,34.44248689398178,0.37797500000000001,0.16137499999999999,0.01,3,0,0,26223.830992702697,0.00013209081822010695,1,3,0.01,0.25,1,1,1,0,1,1,0,12,0,0.017182151951199098,0.9297029530971862,0.90090869619008673,0.81817643486638292,0.90862130541433772,0.25,430,0.9297029530971862,0.90090869619008673,0.9297029530971862,0.90090869619008673,0,0.19944999999999999,0.00093089420979089422,0.093089420979089427,0.017182151951199098,6.0748080800352752e-05,6.0748080800352718e-05,0.00065682184343902081,0.00059173651060181749,29,10172,1,2,0,1,40.617039833333337
461,161.93480026806384,161.94846293373917,8.4371399184792639e-05,0.49999181835101097,-8.1816489890251809e-06,34.442902466834646,0.37795000000000001,0.16134999999999999,0.01,3,0,0,26221.721343565991,0.00012869907669258159,1,3,0.01,0.25,1,1,1,0,1,1,0,13,0,0.017147132340503607,0.78634964507999439,0.90332091836585426,0.80141313869235065,0.90563540376726925,0.25,430,0.78634964507999439,0.90332091836585426,0.78634964507999439,0.90332091836585415,0,0.265625,0.0014764152569938746,0.14764152569938746,0.017147132340503607,6.0624267779366282e-05,6.0624267779366316e-05,0.00065654779983130747,0.00059307336149469773,22,10194,1,2,0,1,29.345711458333334
462,161.93455963734263,161.9449525734486,6.4179852214672336e-05,0.49999423615979194,-5.7638402080617546e-06,34.43987818702,0.37792500000000001,0.161325,0.01,3,0,0,26224.671938828877,0.00013134100725270166,1,3,0.01,0.25,1,1,1,0,1,1,0,14,0,0.017937074376660169,0.90180952856997598,0.90449640649210816,0.80141313869235065,0.90390866242898116,0.25,430,0.90180952856997598,0.90449640649210816,0.90180952856997598,0.90449640649210816,0,0.29330000000000001,0.0011788689169576661,0.1178868916957666,0.017937074376660169,6.3417134631919348e-05,6.3417134631919185e-05,0.00065566072122204776,0.00059304276622336612,28,10222,1,2,0,1,37.330614625000003
463,161.93635346930731,161.94474350373855,5.1810691370385746e-05,0.49999486236851814,-5.1376314818551982e-06,34.431473664631902,0.37792500000000001,0.16117500000000001,0.01,3,0,0,26226.096836854205,0.00014139219613551324,1,3,0.01,0.25,1,1,1,0,1,1,0,15,0,0.020100180049800322,0.75652444748651981,0.90080937283108886,0.77152811846838731,0.90316784250647331,0.25,430,0.75652444748651981,0.90080937283108886,0.75652444748651981,0.90080937283108886,0,0.36930000000000002,0.0010255506429204949,0.10255506429204948,0.020100180049800322,7.1064868081421818e-05,7.1064868081421981e-05,0.00066704635940494734,0.00060088161266483168,33,10255,1,2,0,1,39.846088083333335
464,161.9407357689378,161.95080546132732,6.2181342709774614e-05,0.49999522216032294,-4.7778396770614684e-06,34.428656902695707,0.37790000000000001,0.161075,0.01,3,0,0,26226.25124127384,0.00015930649854346057,1,3,0.01,0.25,1,1,1,0,1,1,0,16,0,0.01832324146941873,0.82177603867363913,0.91829116672497912,0.77152811846838731,0.90316784250647331,0.25,430,0.82177603867363913,0.91829116672497912,0.82177603867363913,0.91829116672497901,0,0.26655000000000001,0.00095558092610337382,0.095558092610337375,0.01832324146941873,6.4782441481722711e-05,6.4782441481722752e-05,0.00066811614638483726,0.00061352515557152915,31,10286,1,2,0,1,44.245514791666665
465,161.94161010512124,161.95147190298366,6.0897244729206867e-05,0.49999592451203079,-4.0754879692128654e-06,34.426493095287043,0.37780000000000002,0.16097500000000001,0.01,3,0,0,26225.511093778328,0.00018977620438571756,1,3,0.01,0.25,1,1,1,0,1,1,0,17,0,0.017570418290300645,0.96200928818718467,0.93569880157814989,0.80311294125402666,0.90316784250647331,0.25,430,0.96200928818718467,0.93569880157814989,0.96200928818718467,0.93569880157815,0,0.29497499999999999,0.00080234420892332653,0.080234420892332653,0.017570418290300645,6.2120809606778653e-05,6.2120809606778572e-05,0.00064490657319505901,0.0006034383076684881,29,10315,1,2,0,1,40.728920125000002
466,161.94204800788793,161.95133073599868,5.7321296259606015e-05,0.49999601052805553,-3.989471944465528e-06,34.424276957138538,0.37777500000000003,0.16092500000000001,0.01,3,0,0,26225.718529698079,0.00018317118070142847,1,3,0.01,0.25,1,1,1,0,1,1,0,18,0,0.017462648088006745,0.93278781786956266,0.93715846689415183,0.82082613805084903,0.90316784250647331,0.25,430,0.93278781786956266,0.93715846689415183,0.93278781786956266,0.93715846689415205,0,0.12567500000000001,0.00087439050968006959,0.087439050968006957,0.017462648088006745,6.1739784402519338e-05,6.173978440251927e-05,0.0006407299135406247,0.00060046546346695427,29,10344,1,2,0,1,41.679646750000003
467,161.942471088264,161.95074903839145,5.1116609940689268e-05,0.49999346447957488,-6.5355204251216215e-06,34.42234040555536,0.37772499999999998,0.16095000000000001,0.01,3,0,0,26226.288749104413,0.00017089807179291808,1,3,0.01,0.25,1,1,1,0,1,1,0,19,0,0.017418099008032185,0.84372308618835434,0.92976701519578897,0.82082613805084903,0.90316784250647331,0.25,430,0.84372308618835434,0.92976701519578897,0.84372308618835434,0.92976701519578897,0,0.30882500000000002,0.0010017727691071336,0.10017727691071336,0.017418099008032185,6.1582279619791169e-05,6.1582279619791142e-05,0.00063462332968451185,0.0005900518390143817,29,10373,1,2,0,1,38.976352541666664
468,161.94303696530952,161.94977885147935,4.1631219817610899e-05,0.49999367812652545,-6.321873474546269e-06,34.41232077776818,0.37762499999999999,0.16089999999999999,0.01,3,0,0,26228.452828687867,0.00015865735836373586,1,3,0.01,0.25,1,1,1,0,1,1,0,20,1,0.021131341479678399,0.78324611561276569,0.91703865166449439,0.82082613805084903,0.90316784250647331,0.25,430,0.78324611561276569,0.91703865166449439,0.78324611561276569,0.91703865166449416,0,0.43059999999999998,0.00095569461441271731,0.095569461441271722,0.021131341479678399,7.4710574279245842e-05,7.4710574279245788e-05,0.00064499181412099309,0.00059148242355615169,31,10404,1,2,0,1,34.602585124999997
