outer,omega1,omega2,omega3,omega4,omega5,gap23,tOuter,tEig,tGrad,tInner,tOther,multN,multJ,degen,nInner,dxOuter,dxNorm2,move,stage,vol
1,68.14595542448825,250.48355182584436,371.61994250782027,502.73049630731583,785.8806216262966,0.48361016042362476,6.8023346250000003,1.2631262083333332,0.035375916666666667,5.4900782916666664,0.013754208333334184,2,0,1,15,0.039914423475312752,2.8332744152282343,0.040000000000000001,1,0.49978012248663656
2,70.469037792183641,255.39354115246897,387.27620671169916,513.14438800235075,804.95125959860104,0.51638997980961754,5.1431447500000003,1.1368377083333334,0.030836708333333334,3.9705317083333331,0.0049386250000007514,2,0,1,15,0.039891013517880262,2.8570918046103344,0.040000000000000001,1,0.49978282954230235
3,72.86271547427593,260.37172247816846,399.74446883369268,522.80623081512135,821.16815923651438,0.53528372831350868,4.1654492916666666,1.1125344583333334,0.029625291666666668,3.0189645416666666,0.0043250000000001343,2,0,1,15,0.039864320361768533,2.8415440659540683,0.040000000000000001,1,0.49978486563809121
4,75.270351047994623,265.29451850383822,409.59656162097212,531.70426245678846,834.97002250403978,0.54393149142674868,4.1881479583333334,1.2824426666666666,0.030081541666666666,2.8724199166666669,0.0032038333333335167,2,0,1,15,0.039834137339701189,2.8296815868005112,0.040000000000000001,1,0.4997864310214547
5,77.698924188524956,270.18631587570388,417.39038062687763,540.0143587476814,846.91028783360036,0.54482427903156017,4.0783939166666663,1.2888414166666666,0.030010583333333334,2.7564285000000002,0.0031134166666659802,2,0,1,15,0.039800520458833456,2.8199512009471004,0.040000000000000001,1,0.49978765004719755
6,80.152644285211025,275.05319989102611,423.62284072953003,547.83033631903697,857.31758303269316,0.54014874539676694,3.9047564583333334,1.2870703333333333,0.030777291666666668,2.5838506250000002,0.0030582083333330345,2,0,1,15,0.03975596767651704,2.8115543318659157,0.040000000000000001,1,0.4997887477014471
7,82.634236718695462,279.89057245124889,428.69255455150636,555.19806662068538,866.38255163247618,0.53164342334601389,3.736685875,1.290942375,0.030556208333333335,2.4120702500000002,0.0031170416666661538,2,0,1,15,0.039174276786298041,2.8040381078585201,0.040000000000000001,1,0.49978971038366898
8,85.144886146483245,284.68235617895914,432.9508318419044,562.12135527025225,874.18145755107628,0.5208207408882749,3.8243699583333335,1.2886257083333332,0.029847958333333334,2.5024008333333332,0.0034954583333339784,2,0,1,16,0.038051079109452282,2.9512609548916688,0.040000000000000001,1,0.49979118238690978
9,87.825449876661096,289.65744076391883,436.7437691289947,568.90974202830478,881.0306954955048,0.50779406176192965,3.9138980416666667,1.32429475,0.031998375000000003,2.5544007083333335,0.003204208333333014,2,0,1,17,0.036950874630073342,3.0972557822369113,0.040000000000000001,1,0.49979304500778526
10,90.680947291113426,294.77548902661914,440.35385912110769,575.46465209305165,886.73908388115206,0.49386185593383025,3.7470044583333335,1.2879523333333334,0.033831,2.4219727083333331,0.0032484166666670866,2,0,1,17,0.035043329896559623,3.0873008601365894,0.040000000000000001,1,0.49979429573819928
11,93.570290068486415,299.73050092717148,443.8692490003113,581.3723695420515,890.87033278756837,0.48089449564614933,3.7259508750000001,1.2783706666666668,0.037837083333333334,2.4060815,0.0036616249999998907,2,0,1,17,0.03494126112375999,3.0766770234344549,0.040000000000000001,1,0.49979572180818377
12,96.491641071030202,304.46499894257039,447.46690298088379,586.56324649920737,893.33749232574689,0.46968257282436293,3.7234892916666666,1.2879811666666667,0.038691708333333331,2.3932063750000001,0.0036100416666666746,2,0,1,17,0.034832981869583876,3.0647642896815617,0.040000000000000001,1,0.49979738215221625
13,99.44190436795769,308.90839667206615,451.25894797121668,590.95595152764861,894.03723061584969,0.46081800570241011,3.6980097916666668,1.2826804999999999,0.042721374999999999,2.368776875,0.0038310416666664793,2,0,1,17,0.034711100200692485,3.0506658789584877,0.040000000000000001,1,0.49979932531690158
14,102.41662009712499,312.97637524989477,455.31561713442386,594.46281674295915,892.86344127948587,0.45479228830252405,3.7274074166666669,1.2947013333333333,0.041155791666666663,2.3876715000000002,0.0038787916666667144,2,0,1,17,0.034574620119321428,3.0336279475133692,0.040000000000000001,1,0.49980161206498125
15,105.40690663782777,316.54591638271529,459.2467601688349,596.93496453777118,889.6095742857018,0.45080614343983261,3.7918850833333333,1.2899782500000001,0.038183000000000002,2.460058375,0.0036654583333328716,2,0,1,17,0.034027471085196041,3.0081558360360137,0.040000000000000001,1,0.49980461455483144
16,108.39695418993578,319.5056340391871,463.08673444993485,598.24549802120589,884.21912244370526,0.44938519110163061,3.7622401249999999,1.2981366666666667,0.038716291666666666,2.4217056666666665,0.0036814999999998932,2,0,1,17,0.032604863310915229,2.9148193814858976,0.040000000000000001,1,0.49981560007828085
17,111.22928104509724,321.82555754548514,467.49765924996473,597.84178189971612,876.68759039657584,0.45264304928265697,4.000468708333333,1.2940404583333334,0.039005333333333336,2.6636951249999998,0.0037277916666664801,2,0,1,17,0.03144297867341414,2.8040546253897403,0.040000000000000001,1,0.49982855936091147
18,113.80035271644049,323.29198951578331,472.66392990302467,595.88402408887214,866.77247543288775,0.46203415250395163,4.0427410833333335,1.28938825,0.037126125000000003,2.712644375,0.0035823333333335761,2,0,1,17,0.030160550002794984,2.6952543093274786,0.040000000000000001,1,0.49984134077314119
19,116.12518637193963,323.61200193163342,478.43512346840913,592.87808109638775,854.79205421135657,0.47842206287974387,4.2765117500000001,1.2839791250000001,0.036104625000000001,2.9522688333333331,0.0041591666666667138,2,0,1,17,0.028757259104937715,2.5934686225763959,0.040000000000000001,1,0.49985338698396464
20,118.23320058632255,322.55524536104269,484.70128037367846,589.09127953553673,841.37012605099494,0.50269229021881934,4.8251741666666668,1.2989155416666667,0.037061333333333335,3.4837798333333332,0.0054174583333335136,2,0,1,18,0.028660474920295245,2.6159114009059357,0.040000000000000001,1,0.49986497955726739
21,120.24137068614652,319.79593997751016,491.69974157925714,584.38747925122266,826.36838161591902,0.53754216396191967,5.2322180833333336,1.3063873333333333,0.037820958333333335,3.8839601666666668,0.0040496249999999456,2,0,1,18,0.027040118157432656,2.5186149550454426,0.040000000000000001,1,0.49987460678966711
22,122.071107704189,315.21224531583454,498.94345916608785,578.99819356000637,810.91738914801772,0.58288095269319051,5.5775571666666668,1.2963749166666667,0.036694958333333333,4.2405520000000001,0.0039352916666670623,2,0,1,18,0.025527991526577108,2.4218111367913111,0.040000000000000001,1,0.49988418268109092
23,123.74844807288646,308.74949119609897,506.33172654071552,572.96828482805518,795.40800032907259,0.63994351724817677,5.8766631666666669,1.3083307500000001,0.038218416666666664,4.5262102500000001,0.0039037500000000946,2,0,1,18,0.024558516159078097,2.3449804159805341,0.040000000000000001,1,0.49989143756736232
24,125.29968607503169,300.40871840947233,513.79173646757806,566.32940546235818,780.13185392351579,0.71030900563695976,6.0570655416666668,1.283301625,0.03675629166666667,4.7331272916666665,0.0038803333333339296,2,0,1,18,0.023525712597818202,2.2654379407551515,0.040000000000000001,1,0.49989833638965575
25,126.74350483669707,290.26796218812518,521.29468278484626,559.17330726114847,765.38667856981181,0.79590843872390804,6.3446316666666664,1.3105200833333333,0.037783083333333335,4.991096625,0.0052318749999997749,2,0,1,18,0.022431292568220677,2.2014457949058226,0.040000000000000001,1,0.49990432005320351
26,128.09563916537954,278.47462958423756,528.77562512146142,551.58445272765766,751.45952939231154,0.8988287224258924,6.5211951250000002,1.2959887083333332,0.036746916666666664,5.1841280416666669,0.0043314583333335932,2,1,1,18,0.021637734383941599,2.150754369316592,0.040000000000000001,1,0.49990876810540841
27,129.37884884041398,265.25786565151492,536.1625128061678,543.63440894758651,738.60317932960959,1.0212878946653234,6.3380907916666667,1.2956483750000001,0.037001041666666665,5.001486083333333,0.0039552916666671933,2,1,1,17,0.020561156978241152,1.9978363019107923,0.040000000000000001,1,0.49991280085643902
28,130.54347201454581,251.64945131797691,535.90164688138111,543.11384603917838,727.60638173701193,1.1295561904652494,6.7215743333333338,1.2844272083333332,0.03663491666666667,5.3965805833333329,0.0039316250000016595,2,1,1,18,0.020968452012426961,2.0586595728114863,0.040000000000000001,1,0.49991634979470989
29,131.72025663411793,236.6893318274486,527.69755250270475,550.32693485475272,717.59827837027535,1.2294944534610759,6.612714875,1.29204875,0.037890208333333335,5.2790271249999998,0.0037487916666663068,2,1,1,17,0.019169394767378108,1.93481529936925,0.040000000000000001,1,0.4999187067688784
30,132.80950048462248,222.25025684025138,520.00625723062853,557.14401231007207,709.69613302560413,1.3397329866952534,6.6913429166666667,1.3073989166666666,0.038697333333333334,5.3412385000000002,0.0040081666666660354,2,0,1,17,0.032140235885755021,1.9928664719292819,0.040000000000000001,1,0.49991397983499519
31,134.01719437892714,206.83246215328236,513.5054391816584,564.36422804058259,702.37523411894995,1.4827120164585308,6.6158327083333335,1.3135584166666667,0.03830895833333333,5.2601311666666666,0.003834166666666583,2,0,1,17,0.03384855872702934,2.1617619513779429,0.040000000000000001,1,0.49989912680839316
32,135.34989023440929,191.05660006087621,507.96900589661539,572.12208274411353,664.75243187039086,1.6587357135778698,6.7107794583333336,1.3060352083333333,0.039455999999999998,5.3610790833333333,0.0042091666666665972,2,0,1,17,0.031777880847434797,2.1139241291768869,0.040000000000000001,1,0.49990307001760687
33,136.61906711975206,179.15678210767916,502.04090555126373,579.71071228458368,606.16929085183051,1.8022433739043189,6.7655143750000004,1.2902242500000001,0.040108958333333333,5.4310287083333337,0.0041524583333334419,2,0,1,17,0.030115115380004095,2.0436329513617775,0.040000000000000001,1,0.499909554234648
34,137.80810076026302,170.0134651842157,495.94325609902882,564.7846807022496,586.99136412365283,1.9170822179387759,6.8961815833333331,1.3042788750000001,0.040183458333333331,5.5478281249999997,0.0038911249999999953,2,0,1,17,0.028785180043641473,1.9727184748348037,0.040000000000000001,1,0.49991574132002353
35,138.91548105707395,162.75820624721217,489.8528285192989,533.39788492429398,593.93129259680552,2.0096966525624227,6.8134993750000001,1.1150610416666666,0.042080958333333335,5.6526542083333338,0.0037031666666669238,2,0,1,17,0.027748169029392998,1.9076481190046579,0.040000000000000001,1,0.49992113085603385
36,139.95513870606385,156.88233689637073,483.89746877611969,508.45164681014165,600.51808577156066,2.0844611213036695,6.8441022916666663,1.1100802083333334,0.041514333333333334,5.6888566666666662,0.0036510833333327497,2,0,1,17,0.026639785671823662,1.8411726256084142,0.040000000000000001,1,0.49992619841995328
37,140.93325350834783,152.05132167769366,478.18747282113924,488.00931997328274,606.76123009753405,2.1449083608412369,6.8371829166666664,1.1055081250000001,0.043485875,5.6845053333333331,0.0036835833333332957,2,1,1,17,0.025868918853290141,1.7811417705098334,0.040000000000000001,1,0.49993041505984503
38,141.85248524112814,148.02714190580971,470.91692962455693,472.8190328858891,612.70371212887926,2.1812877257618291,6.6254439999999999,1.0981948333333333,0.042350541666666665,5.4811585833333334,0.003740041666666194,2,1,1,17,0.025175946753446272,1.7235915271941142,0.040000000000000001,1,0.49993466242090023
39,142.7139815106577,144.65261023779212,456.43128668277569,467.80588061999839,618.36076233591791,2.1553615654253013,7.6817034166666662,1.0918410416666666,0.042862541666666663,6.5432710416666664,0.0037287916666661758,2,1,1,20,0.025737254717609109,1.4131603950877829,0.040000000000000001,1,0.49995352914511015
40,143.34866484971749,143.78430580045691,453.24293684214825,468.04786806172598,622.38024255221615,2.1522420636863968,7.358523541666667,1.1140399999999999,0.044756166666666666,6.1959923750000003,0.0037349999999998218,2,1,1,19,0.025133355595267626,1.2013828973268212,0.040000000000000001,1,0.49996652031471611
41,143.8074170450621,144.1359742930529,455.27316320624385,470.8892721216688,625.20408353059065,2.158636596028388,7.6216141249999998,1.0935894583333334,0.043576499999999997,6.480653291666667,0.0037948749999987541,2,1,1,19,0.026220805695099565,1.1527657786705225,0.040000000000000001,1,0.49997425309169213
42,144.22069973778687,144.58529352168546,457.59510422139425,473.69187069964823,627.76279601698366,2.1648800031848494,8.1288074166666675,1.088867375,0.043615791666666667,6.9925618333333333,0.0037624166666683223,2,1,1,19,0.025650710011291968,1.105750264254564,0.040000000000000001,1,0.49997359522328505
43,144.60093480729395,144.98955284137091,459.37421150638733,475.97363434982105,630.19672578653569,2.168326286301304,8.4104088333333333,1.1047639583333333,0.044014333333333336,7.2563380833333335,0.0052924583333338049,2,1,1,19,0.025688329041231507,1.0484430190659999,0.040000000000000001,1,0.49997424604575752
44,144.94396678605366,145.35580115722564,460.81954763702919,477.8948719613926,632.52678139668683,2.1702865930928952,8.5878065416666658,1.1342493333333334,0.044219916666666664,7.4047888333333329,0.0045484583333328388,2,1,1,19,0.02883167632850436,1.000138044427654,0.040000000000000001,1,0.4999764386041331
45,145.25665797757023,145.69241933052612,462.05071138792101,479.57564327655371,634.76104378943126,2.171412167572607,8.7632054166666666,1.1085541666666667,0.044395583333333336,7.6065273333333332,0.0037283333333331115,2,1,1,19,0.030297496419156272,0.92665803696582161,0.040000000000000001,1,0.49998124604049538
46,145.53256459875993,145.97755823168134,462.98102672490512,480.93553554751537,636.88689939795665,2.1715904302913929,8.9978615000000008,1.07591225,0.044484333333333334,7.8738486249999999,0.0036162916666677702,2,1,1,19,0.033980581971738109,0.90063376451652355,0.040000000000000001,1,0.49998007251725474
47,145.78667574047742,146.26937455423024,463.83934989065665,482.17509772828964,638.86763248005605,2.1711310129290631,9.3529820000000008,1.0731463750000001,0.043921833333333334,8.2324469166666674,0.0034668749999990922,2,1,1,19,0.030699313943539613,0.78496237445255712,0.040000000000000001,1,0.49996714299250133
48,145.99417418650174,146.51713957931983,464.46203895834935,483.10403229294354,640.62734600305407,2.170018472186348,9.6921901249999998,1.0889687083333333,0.045169708333333336,8.5545871249999994,0.0034645833333346587,2,1,1,20,0.033578952630501618,0.78535477187821989,0.040000000000000001,1,0.49996732395837473
49,146.19690852620735,146.74976049404651,464.87526132607258,483.8120449157949,642.41495469670053,2.1678093358450976,9.3820926250000003,1.10256775,0.045353625000000002,8.2306447499999997,0.0035264999999995439,2,1,1,18,0.030321882142412254,0.68180283325130719,0.040000000000000001,1,0.49998309604662872
50,146.38592977480226,146.88045713835234,465.03583610315735,484.2515347830348,644.03441355355608,2.1660838015034378,10.161981166666667,1.1198440416666666,0.047890500000000003,8.9840031249999992,0.010243500000001404,2,1,1,20,0.033343106712639271,0.70755169306219434,0.040000000000000001,1,0.49998574471197244
51,146.56265554413497,147.10164883418386,465.52634140655857,484.8901442806968,645.65560833984853,2.1646575350852109,11.135207375,1.0985995833333333,0.044562416666666667,9.9826597083333333,0.0093856666666667365,2,1,1,21,0.036366156714318872,0.64619919050723806,0.040000000000000001,1,0.4999371588359306
52,146.70477915341331,147.29997974453863,465.90895137592202,485.30932817339414,646.93377426955749,2.1629939948664267,10.120075249999999,1.1264897916666667,0.04460870833333333,8.9408852499999991,0.00809149999999903,2,1,1,19,0.030221918483017238,0.59131174960003507,0.040000000000000001,1,0.49998838913195442
53,146.85486563454222,147.34700428227046,465.70850520103028,485.37957385479524,648.40164542825221,2.1606241841800831,12.947514833333333,1.0763319583333333,0.044316416666666664,11.820319333333334,0.0065471249999990988,2,1,1,24,0.03241598663983386,0.64821552647968539,0.040000000000000001,1,0.49998925420413071
54,147.00353402271361,147.54768562716075,465.97814626466334,485.77328864228002,649.8710900020784,2.1581528662004685,12.819341958333334,1.1021998749999999,0.044462166666666664,11.667975291666666,0.0047046250000004619,2,1,1,24,0.029559892008520664,0.5612879902127994,0.040000000000000001,1,0.49999105738189425
55,147.14000790658329,147.57049680573257,465.57573601528611,485.67761058508739,651.18748984555452,2.1549377829105487,13.904062874999999,1.0762239166666667,0.044211374999999997,12.779921958333333,0.0037056250000002677,2,1,1,26,0.025555424479147618,0.61730130273501516,0.040000000000000001,1,0.49999005592552193
56,147.27130264594931,147.81929624364804,466.06751579445864,486.18391346940894,652.57022494395881,2.1529545034922064,9.9990552916666662,1.101912875,0.044792708333333334,8.8493595000000003,0.0029902083333332996,2,1,1,18,0.021858435031582243,0.44276070350235713,0.040000000000000001,1,0.49998944017221236
57,147.37373564227204,147.80541610606556,465.61676763151229,485.97710686772291,653.60425766469086,2.1502009865280205,11.237734124999999,1.0832369583333334,0.045079124999999998,10.106835125,0.0025829166666646586,2,1,1,21,0.022775612587424374,0.54378824782345936,0.040000000000000001,1,0.49998869592567974
58,147.48286665575728,148.00920066258817,465.8959309756836,486.29874503195418,654.73245549409137,2.1477497945399464,14.680249333333334,1.0816797499999999,0.045338666666666666,13.550222625,0.0030082916666689385,2,1,1,28,0.032016110391979824,0.54599350615575959,0.040000000000000001,1,0.49998678444374628
59,147.60860618661707,147.93407787577917,465.16485945755636,485.8892104396179,655.97892808425206,2.1444063878787762,10.2473835,1.1024790833333333,0.045390458333333335,9.0961185833333325,0.0033953750000002003,2,1,1,19,0.01779298843682495,0.45118700667451872,0.040000000000000001,1,0.49999131529800422
60,147.68839381407403,148.06747903142434,465.29446917732236,486.07090436949892,656.94261332308679,2.1424487822783354,9.9898340833333332,1.0929070416666666,0.045083791666666664,8.8483571249999997,0.0034861250000002286,2,1,1,19,0.02047646820997924,0.48370921632469405,0.040000000000000001,1,0.49996673146387577
61,147.76999770835232,148.27777299652789,465.44768636683847,486.34344049659632,657.81664106239077,2.1390253371133214,11.437837833333333,1.1146328333333333,0.045128374999999998,10.275167041666666,0.0029095833333343535,2,1,1,20,0.018625808654664247,0.47408164742444225,0.040000000000000001,1,0.49998760185299779
62,147.87028702524557,148.38422986518987,465.33246214609363,486.37899330109406,658.84098419201973,2.1359967468838015,11.872708416666667,1.1070802083333333,0.04511029166666667,10.717594249999999,0.002923666666667657,2,1,1,20,0.016552798442467313,0.4115433830157042,0.040000000000000001,1,0.49999406316942585
63,147.95746520476635,148.34415007105125,464.69804591062069,486.00315098701037,659.77126386349539,2.132567382590064,8.6803518333333329,1.0799220416666666,0.045292916666666669,7.5523704166666663,0.0027664583333333326,2,1,1,16,0.012574060815497274,0.34722850186573528,0.040000000000000001,1,0.49998338215228616
64,148.01926065271874,148.37236733688789,464.28247907130321,485.71605962358512,660.55822275807054,2.1291707978017458,7.9945096666666666,1.0910439166666666,0.045388916666666668,6.8552651666666664,0.0028116666666671009,2,1,1,15,0.013272141810157819,0.37280134669842258,0.040000000000000001,1,0.49999267685554805
65,148.08534669787576,148.52187527265897,464.35680471513479,485.86421483992996,661.27337143997272,2.1265212876060224,9.483257291666666,1.0852587499999999,0.044519000000000003,8.3509276666666672,0.0025518749999999812,2,1,1,16,0.017211131898227813,0.35118424380857488,0.040000000000000001,1,0.49998709582575257
66,148.14824863247054,148.52162973009879,463.9056686987073,485.6000806978214,662.01315543351939,2.1234889459652488,15.712105208333334,1.0782164583333333,0.045127541666666666,14.586272666666666,0.0024885416666684534,2,1,1,27,0.021001787963295861,0.54892408583039665,0.040000000000000001,1,0.49999314583430676
67,148.24485934772957,148.76624346782501,464.28976679031865,485.95945898798345,663.05704513267597,2.1209349377080611,11.857394625,1.0770925833333334,0.045510000000000002,10.732303458333334,0.0024885833333314622,2,1,1,20,0.015671746132908258,0.4072261091456037,0.040000000000000001,1,0.49998823258489256
68,148.30532670175359,148.60518285925116,463.20227177564976,485.11946452929817,664.01178667633553,2.1169994401498351,13.692916374999999,1.12552875,0.045453124999999997,12.519499041666666,0.0024354583333323632,2,1,1,25,0.012672978562436562,0.47178963097825866,0.040000000000000001,1,0.49999175109140032
69,148.38933797832334,148.91943413420032,464.06458221886732,485.69742500696896,664.93601275461674,2.1162123662158869,9.1594208333333338,1.1088587916666666,0.045065666666666664,8.0026142916666672,0.0028820833333345064,2,1,1,16,0.013529944430886452,0.34281959868656942,0.040000000000000001,1,0.49998239245906262
70,148.44232195628342,148.77980485191398,463.10636963613513,485.02284207539611,665.67737138769212,2.1126964449044814,20.576438,1.100832375,0.045668124999999997,19.427220166666668,0.0027173333333330163,2,1,1,35,0.01959434707168526,0.60197234483979001,0.040000000000000001,1,0.49998966174776321
71,148.54753375016023,149.0601151489509,463.77264015117862,485.54628450195196,666.76823038262978,2.1113127726202667,11.512873125,1.1272620833333333,0.045617333333333336,10.337123708333333,0.0028700000000014825,2,1,1,18,0.012600884070147164,0.37271201209898419,0.040000000000000001,1,0.49998582198655128
72,148.57684215053862,148.88158558214116,462.56152435775431,484.5939766754683,667.60266288962248,2.1069089071633322,14.426779625,1.1094557083333334,0.045789041666666669,13.26858725,0.0029476249999991211,2,1,1,26,0.012046053693734122,0.46455325735617053,0.040000000000000001,1,0.4999897757680723
73,148.67566702766695,149.14809649231816,463.27756818242915,485.06733978785769,668.41845216294189,2.1061581010944392,16.178227708333335,1.1220683333333332,0.0454665,15.007977958333333,0.0027149166666688984,2,1,1,28,0.017362086278315245,0.49378133806001817,0.040000000000000001,1,0.49998532680254693
74,148.75022328962001,149.29911096117738,463.42698462054051,485.24954015167884,669.21710872924643,2.1040170409390218,16.542810333333332,1.0899807916666666,0.044976833333333334,15.405176624999999,0.0026760833333323575,2,1,1,30,0.018953407450661913,0.52115431092133857,0.040000000000000001,1,0.49999150191520675
75,148.83665787720278,149.4152294486554,463.36393249872566,485.18219453838464,670.13439850769532,2.1011827523107653,10.076238416666667,1.1127385000000001,0.046001874999999998,8.9151445416666668,0.0023534999999998973,2,1,1,16,0.01275145424040177,0.33564829891942016,0.040000000000000001,1,0.49999114364973346
76,148.88300536065535,149.14903157831964,461.92966685976648,484.05168251622825,670.89863943356227,2.0971013487084065,16.239910416666667,1.1077407500000001,0.045142000000000002,15.084748708333333,0.0022789583333349128,2,1,1,29,0.010509739487684529,0.47353117589338567,0.040000000000000001,1,0.49998406875373941
77,148.96703381524807,149.34470891107156,462.33058151413951,484.25977603405272,671.70413513183075,2.0957278961214336,15.688797833333334,1.1026901250000001,0.045568625000000001,14.538225416666666,0.0023136666666676575,2,1,1,26,0.014147619757495549,0.4465628598898293,0.040000000000000001,1,0.49998675573995277
78,149.0250186326391,149.55790472069117,462.72432685307797,484.58077066540409,672.32667070584694,2.0939476433375077,18.486957208333333,1.1181133750000001,0.046097041666666665,17.320119708333333,0.002627083333333502,2,1,1,32,0.017387643490317826,0.53151459162854275,0.040000000000000001,1,0.49998945268134992
79,149.10881435727151,149.67780955222017,462.70765526623609,484.60129097724143,673.13190269630547,2.0913577413411093,11.770717208333334,1.1250679166666666,0.045348958333333335,10.597912208333334,0.0023881250000012955,2,1,1,20,0.013755331939559972,0.35803597091967643,0.040000000000000001,1,0.49999102686443164
80,149.15289084901173,149.55358186864365,461.79373227934809,483.83303003865268,673.8646811948156,2.0878145913278905,16.299313458333334,1.1017311666666667,0.045030374999999997,15.150170958333334,0.002380958333333183,2,1,1,28,0.011504729946248932,0.44604308855253871,0.040000000000000001,1,0.49999261699773334
81,149.23384126060506,149.64491071094483,461.72490878817359,483.68714111393734,674.62019958152757,2.0854701746592954,14.048635875,1.1174987916666668,0.04543470833333333,12.883422041666666,0.0022803333333332176,2,1,1,24,0.0092698858951741295,0.37446782633260761,0.040000000000000001,1,0.49998383469907687
82,149.28341133022107,149.5717053533607,461.01365918327213,483.1659299998588,675.30087825103544,2.0822250645209595,13.901817458333333,1.0831538333333333,0.045990250000000003,12.770132458333334,0.0025409166666658933,2,1,1,23,0.009364419237045802,0.38471400600501987,0.040000000000000001,1,0.49999318764519712
83,149.32254921812387,149.75749163081008,461.31415250749393,483.32330670571503,675.90940717038472,2.0804078479409194,15.379287124999999,1.1097437916666666,0.047986708333333336,14.218961708333334,0.0025949166666663359,2,1,1,26,0.0091686027454746036,0.42109204545090445,0.040000000000000001,1,0.49999405882197717
84,149.39151048869226,149.89312201403354,461.41264810053002,483.29129214497226,676.59241277153114,2.0782776547767878,14.346326916666667,1.1133684166666666,0.046290583333333336,13.184172958333333,0.0024949583333349068,2,1,1,23,0.012048218927729476,0.38870192324830466,0.040000000000000001,1,0.49998531198718377
85,149.44732375482337,149.85781512069391,460.87158835655924,482.81544567579675,677.29215586743283,2.0753924177085996,15.3239465,1.1147670000000001,0.046387666666666667,14.160509125000001,0.0022827083333325504,2,1,1,26,0.013095128517811916,0.42661983552001159,0.040000000000000001,1,0.49998711672476503
86,149.50330353698018,149.97427312936364,460.95355841292189,482.85890668013792,677.90153935544492,2.0735508750578586,12.874500791666666,1.0951896666666667,0.04641295833333333,11.730671375,0.0022267916666667276,2,1,1,22,0.013818030297840818,0.37050370761169166,0.040000000000000001,1,0.4999788644131184
87,149.5509930916997,150.01058978053558,460.70183158816866,482.67559683561194,678.43114107996439,2.071128726726374,14.179967041666666,1.1001951666666667,0.046559875000000001,13.030938666666666,0.0022733333333331274,2,1,1,24,0.011616815282098727,0.39025423413253874,0.040000000000000001,1,0.49999347668667532
88,149.60420953104031,150.13037677056209,460.75844899244737,482.71164405045789,678.97910741265105,2.0690554363731803,10.098709291666667,1.1221257916666667,0.046721249999999999,8.9276388749999995,0.0022233750000015817,2,1,1,16,0.011473623659579553,0.32015992331363219,0.040000000000000001,1,0.49998974945710289
89,149.63004250259462,149.85334925446256,459.21756124875776,481.47326897511829,679.67134306061428,2.06444643068318,18.427744166666667,1.0987555416666666,0.045476833333333334,17.281174624999998,0.0023371666666704982,2,1,1,33,0.0093440253208396558,0.50999220907206955,0.040000000000000001,1,0.49998394183952549
90,149.71533439454313,150.14726753830001,460.00286370688417,481.98417934782407,680.43417425852408,2.0636778893731469,13.819881791666667,1.1146014166666667,0.046912374999999999,12.656163125000001,0.0022048750000003281,2,1,1,23,0.010626446600057364,0.37879987648204899,0.040000000000000001,1,0.49999274181885123
91,149.75839135131272,150.20606407792877,459.91244370188446,481.90849347763691,680.95093212667518,2.0618766727239199,15.553001708333333,1.0831027499999999,0.046086000000000002,14.421481208333333,0.0023317499999997437,2,1,1,27,0.012988408145197038,0.43105195503696014,0.040000000000000001,1,0.49998521341885827
92,149.81697794006536,150.25515962154574,459.7152328057818,481.72228689309594,681.55596856485852,2.0595637045921533,14.037444375,1.1139734999999999,0.046417124999999997,12.874829958333333,0.0022237916666671964,2,1,1,24,0.0094177546448237538,0.37793347569324487,0.040000000000000001,1,0.49999377742445622
93,149.85408197946066,150.45738386547842,460.10744484069482,482.02564063025983,681.99707684152349,2.0580582555660389,13.803094833333333,1.1047171250000001,0.045838249999999997,12.650292374999999,0.002247083333333677,2,1,1,22,0.012603795278496421,0.37723337635406085,0.040000000000000001,1,0.49999451180979387
94,149.9046136775809,150.25805768265835,458.91221547912318,481.02760829759887,682.67919162333453,2.0541604394243898,13.953894125,1.0814406249999999,0.045837708333333331,12.8243835,0.0022322916666652759,2,1,1,23,0.0079480430210694484,0.37482374651863903,0.040000000000000001,1,0.49999587799738821
95,149.95118623228322,150.28115004126624,458.59621946674838,480.68666994219291,683.23791968443447,2.0515884350154412,14.136649416666666,1.1162968333333334,0.047099666666666665,12.971062958333333,0.0021899583333340189,2,1,1,23,0.0080175131598906688,0.38072621916700333,0.040000000000000001,1,0.49999244481118638
96,149.98701850130456,150.30428139923774,458.23236372379881,480.29898174992496,683.8012568052435,2.0486980108480308,13.649578291666666,1.0971389583333333,0.047123791666666665,12.50312175,0.0021937916666647794,2,1,1,23,0.0078296649748084268,0.37505750918931213,0.040000000000000001,1,0.49999454086414152
97,150.04299390372455,150.38182817669855,458.1690374589366,480.14798914099902,684.35795387550297,2.046704798139495,13.794259875,1.1080933333333334,0.046241999999999998,12.637698666666667,0.0022258750000005989,2,1,1,23,0.0071557162796412437,0.36956244035642477,0.040000000000000001,1,0.49999570280123734
98,150.08315651358404,150.40323631319137,457.83174423174995,479.7977243132475,684.90526578445179,2.0440285425666405,13.812268375,1.1213161250000001,0.047777041666666666,12.640917291666666,0.0022579166666680806,2,1,1,23,0.0078327199922875318,0.37491994830294129,0.040000000000000001,1,0.49999222762824691
99,150.12676713570806,150.43546458446792,457.52405237962455,479.47265888432003,685.42624299273984,2.0413310693950737,19.566972541666665,1.0974714999999999,0.046255791666666664,18.421008333333333,0.002236916666664257,2,1,1,35,0.010488462442012738,0.50157636531273631,0.040000000000000001,1,0.49998012234100625
100,150.19924481078465,150.50688514316735,457.40610823248534,479.29674476575792,686.14063371032603,2.0391042097335599,19.654231750000001,1.1207497916666667,0.046943458333333334,18.484319041666666,0.0022194583333323692,2,1,1,35,0.010789666483947332,0.49273037605910042,0.040000000000000001,1,0.49997989820658667
101,150.25958198024875,150.53994236096361,457.13997018806845,479.04720921374889,686.88738213229954,2.0366689598694112,19.468397249999999,1.1030869583333334,0.047047791666666665,18.315975833333333,0.0022866666666665481,2,1,1,35,0.010186488408113519,0.49215158754036065,0.040000000000000001,1,0.4999796043045846
102,150.31307852675641,150.58571772434331,456.89951588810294,478.80792262527495,687.54729963580314,2.0341490733170753,15.262114083333334,1.1120617083333333,0.048354083333333332,14.099476125000001,0.0022221666666659701,2,1,1,27,0.0076531330507222297,0.39063717150814026,0.040000000000000001,1,0.49999016699062249
103,150.3559027385578,150.67771892822378,456.86561862355524,478.72979337105318,688.10206883399189,2.0320715091339143,16.640383750000002,1.1009960000000001,0.047391416666666665,15.489742625,0.0022537083333347141,2,1,1,29,0.0085286670459810057,0.42012651139716661,0.040000000000000001,1,0.49998208061396854
104,150.40359181043669,150.71777614737712,456.58085386065983,478.46360367392504,688.59221856888371,2.029376265572012,17.499757500000001,1.0907625416666666,0.047217500000000003,16.359555666666665,0.0022217916666704696,2,1,1,31,0.0090569756883890715,0.44001694425671906,0.040000000000000001,1,0.49998163944576279
105,150.46065330981972,150.76915206101401,456.34889231326088,478.25356057783847,689.15028977056659,2.0268054577144756,17.822058875,1.1230614999999999,0.047431416666666663,16.649358750000001,0.0022072083333348758,2,1,1,31,0.0085452167844935912,0.43358718009226244,0.040000000000000001,1,0.49998096248474222
106,150.50798085096935,150.80093462393276,455.99930606344259,477.96678414191786,689.68486095002811,2.0238493362167369,16.822713166666666,1.10105275,0.046737833333333333,15.67237325,0.0025493333333326262,2,1,1,29,0.0075485552530744288,0.40958845957460094,0.040000000000000001,1,0.49998086649423867
107,150.55501397129399,150.88664823035009,455.87874964583852,477.85106081105755,690.15455982321998,2.0213326029343186,17.780848541666668,1.096331875,0.047223708333333336,16.635083166666668,0.0022097916666652395,2,1,1,31,0.0086240318209247005,0.42781278034640996,0.040000000000000001,1,0.49998182632987564
108,150.60476878042914,150.92464455570038,455.52955078850789,477.58175341375596,690.65628829939726,2.0182582316461226,17.210056291666668,1.1226380833333334,0.046470375000000001,16.038693916666666,0.0022539166666675214,2,1,1,29,0.007575625014374753,0.40475134328836515,0.040000000000000001,1,0.49997985745318363
109,150.64987307123658,150.98223833705393,455.25433787497997,477.36928806251103,691.09004130256108,2.0152840684390081,19.466453666666666,1.1185039999999999,0.04709091666666667,18.298626166666665,0.0022325833333347589,2,1,1,35,0.009087185375595384,0.46526945554657106,0.040000000000000001,1,0.49998043559576727
110,150.70793511532065,151.02249258330676,454.88338807009967,477.10875325262793,691.64829212640529,2.0120241050794316,15.502975708333333,1.1157809166666666,0.047569500000000001,14.337294541666667,0.0023307499999987158,2,1,1,27,0.0070442515164589039,0.37054641362722102,0.040000000000000001,1,0.49999174794004586
111,150.74589076686263,151.08767834694243,454.59986712224844,476.91789498065407,692.08666991029452,2.008848054957542,13.670892416666666,1.0992736249999999,0.047930833333333332,12.521459541666667,0.0022284166666644012,2,1,1,23,0.0074403306175889394,0.33859259156961863,0.040000000000000001,1,0.49999279463932089
112,150.77816272810585,151.13966998754307,454.22130176789881,476.66545836684014,692.42153777732801,2.0053082807798623,16.922272499999998,1.104756375,0.046822083333333334,15.768473125,0.0022209166666637969,2,1,1,29,0.0076049070958062502,0.39994478068332628,0.040000000000000001,1,0.49998225629171122
113,150.82769374706015,151.19844192976439,453.84838901003343,476.43968602630838,692.81526927535811,2.0016737157970041,13.314949374999999,1.1280451250000001,0.048089874999999997,12.136593375,0.0022209999999986962,2,1,1,22,0.0083005501116163102,0.32992292331244022,0.040000000000000001,1,0.49999178046563392
114,150.86211917162069,151.20223249921349,453.22671058306923,476.0525333947711,693.18508819226088,1.9974868961371108,17.150443791666667,1.1097865,0.047154624999999999,15.990922875000001,0.0025797916666689957,2,0,1,30,0.0076360069027157623,0.39951373904438997,0.040000000000000001,1,0.49998500306808874
115,150.90558643977593,151.31074994849746,452.94891141652363,475.97320384223872,693.55655848364506,1.993501199159323,13.118449666666667,1.1108364583333334,0.046390500000000001,11.959035708333333,0.0021870000000010492,2,0,1,22,0.0091543883928749091,0.34316828727922694,0.040000000000000001,1,0.49999395101311067
116,150.93329716071901,151.38246816954694,452.4381294049262,475.75158239292449,693.86569240796803,1.9887088965823951,13.588969458333333,1.0813001666666666,0.046441083333333334,12.458982083333334,0.0022461249999992106,2,0,1,23,0.0087422539830449841,0.35265724356417832,0.040000000000000001,1,0.49999060726327371
117,150.98777975297014,151.42312345477288,451.80263681685517,475.46473016859943,694.23363383184028,1.9837096640778236,13.546370749999999,1.09533875,0.047059458333333332,12.401782333333333,0.0021902083333333877,2,0,1,23,0.012797947504022749,0.3487921657664616,0.040000000000000001,1,0.49999070291838926
118,151.02582578593712,151.45747633263534,451.01347422447742,475.16419377002785,694.55999537106663,1.9778224564758258,12.494008166666667,1.1012734166666667,0.047068375000000003,11.343477875,0.0021885000000008148,2,0,1,21,0.011020143243193944,0.3339981633143223,0.040000000000000001,1,0.49997881170264619
119,151.06188236043553,151.49457933492073,450.24924653355021,474.85086559374099,694.8640714294155,1.9720485611445511,11.772857,1.082291125,0.046703250000000002,10.641676708333334,0.0021859166666668983,2,0,1,20,0.017078853048430417,0.32243776354601822,0.040000000000000001,1,0.4999668514553563
120,151.10167274588289,151.5570726882975,449.50285181985419,474.62405639038411,695.12860162957213,1.9658982180550038,12.824745708333333,1.1163399583333333,0.046785,11.659462124999999,0.0021586250000016349,2,0,1,23,0.022338545868587245,0.36173683759330616,0.040000000000000001,1,0.49998471914730491
121,151.13559230861043,151.77640839185418,449.24905371767665,474.88043633113489,695.45311892729887,1.9599399437481204,12.456484333333334,1.0913648333333332,0.047439250000000002,11.31547175,0.0022085000000000576,2,0,1,22,0.024947240976536389,0.3529253759377331,0.040000000000000001,1,0.49996649384389441
122,151.18883001119727,151.8498506451792,448.54557154660722,474.75485928071407,695.7780085350895,1.9538756188486723,13.393870833333333,1.1034513333333333,0.047587666666666667,12.240680749999999,0.0021510833333326929,2,0,1,24,0.028202037018809065,0.40827200044630996,0.040000000000000001,1,0.49998670777329052
123,151.24066241305292,152.04847546656811,448.13962110586965,475.05186579691627,696.01967460692617,1.9473470202889673,10.26498275,1.0866672083333333,0.047434083333333335,9.1286434166666659,0.0022380416666667458,2,0,1,18,0.024146580861926233,0.36122723145033431,0.040000000000000001,1,0.49994973935094583
124,151.28182376142092,152.06880507172195,447.07940745620311,474.75339815381301,696.21717273954732,1.9399810647906515,13.804222625,1.1179973333333333,0.047059125,12.6369785,0.0021876666666660327,2,0,1,24,0.027605926091430338,0.4175206419148485,0.040000000000000001,1,0.49997340237263277
125,151.33772667524104,152.30879854189541,446.92040927813059,475.17609224700152,696.46730848421316,1.9343046071970473,13.9675075,1.1051147916666666,0.046983458333333332,12.813188999999999,0.0022202500000005898,2,0,1,23,0.026980035795100984,0.410967636948674,0.040000000000000001,1,0.49998457701167442
126,151.39823569840493,152.25144373163712,445.77435358849647,474.65176611694847,696.91603431224598,1.9278826043464745,19.577788541666667,1.1214407083333333,0.047496166666666666,18.406594625,0.002257041666666737,2,0,1,32,0.029931766038890213,0.51025361685699344,0.040000000000000001,1,0.49997941904679655
127,151.48092556515488,152.20397762325683,444.60167003371686,474.13463732722232,697.47996001394483,1.9210910054809338,13.141091125000001,1.1164152083333334,0.04790604166666667,11.974287500000001,0.0024823750000013689,2,0,1,22,0.019858446533848009,0.37858305512895046,0.040000000000000001,1,0.49998483586557957
128,151.52857006982981,152.08767115760406,443.38470596791336,473.46963643299335,697.91708982479918,1.9153231329872005,13.068108333333333,1.1135457499999999,0.049221333333333332,11.902997333333333,0.0023439166666658906,2,0,1,21,0.019298335821096239,0.35778273668020971,0.040000000000000001,1,0.49997121183018162
129,151.57673991198362,152.06161199016819,442.47985407333994,473.03991036810118,698.24792008145266,1.9098721780086698,15.186462083333334,1.1016524999999999,0.047935666666666668,14.034671625,0.0022022916666664116,2,0,1,25,0.027234737366782232,0.44408440687812678,0.040000000000000001,1,0.4999797738088666
130,151.63654763764427,152.11342050404522,441.71872215333889,472.90503164908324,698.59125453772174,1.9038773876075719,14.720832625,1.1075151666666667,0.048132750000000002,13.562940958333334,0.0022437499999981014,2,0,1,24,0.018390697054364292,0.38780076963281773,0.040000000000000001,1,0.49999073016826362
131,151.69566726749781,152.10385116727124,440.90476944785468,472.55591790765999,698.94727843231067,1.898708783928055,15.894647958333334,1.1090140416666667,0.049506416666666664,14.733719750000001,0.0024077499999997087,2,0,1,26,0.025802515722715209,0.45838876957239155,0.040000000000000001,1,0.49998119071877845
132,151.7562715509751,152.20948537590516,440.35517569089171,472.60867430780712,699.22932720717813,1.8930862922462792,14.110015125,1.1319627083333332,0.048607291666666663,12.927215708333334,0.0022294166666672055,2,0,1,23,0.021967466771554506,0.38963582017460374,0.040000000000000001,1,0.49999091868175027
133,151.80526775954721,152.26287420974074,439.7461592581563,472.54098661092706,699.46421159086651,1.8880721025429343,16.204033666666668,1.1218547083333332,0.048119041666666668,15.031463375,0.0025965416666675623,2,0,1,25,0.018648466455862232,0.39419456062823366,0.040000000000000001,1,0.49997655493331283
134,151.85169657394491,152.31995163967471,439.13370955084025,472.42958247695009,699.70384017541994,1.8829690715084189,15.455751291666667,1.1443513333333333,0.048243166666666663,14.260899041666667,0.0022577500000000583,2,0,1,25,0.019622817287145322,0.3848617270732253,0.040000000000000001,1,0.49996788062598263
135,151.89987093752171,152.35076326221795,438.47852735892667,472.20494158593453,699.96827385375616,1.8780855308498912,15.679816166666667,1.1067553333333333,0.048096624999999997,14.522617833333333,0.0023463750000001227,2,0,1,26,0.018581411671843708,0.37823974305820129,0.040000000000000001,1,0.49998366283223422
136,151.94837237653712,152.50126507687705,438.3319610934584,472.45079231607514,700.16937418809744,1.8742840977253001,11.094661291666666,1.1304725,0.048852833333333331,9.9131190416666666,0.0022169166666667905,2,0,1,18,0.013578510641124624,0.29829067845013979,0.040000000000000001,1,0.4999819744339058
137,151.96867865226588,152.70880011308057,438.31555663677398,472.82783345878033,700.25649775279498,1.8702704514225912,16.682772624999998,1.1145747916666666,0.048585499999999997,15.516627541666667,0.0029847916666660979,2,0,1,27,0.016992356171693791,0.38770926802483346,0.040000000000000001,1,0.49998472574230174
138,152.02514932692861,152.82988324968434,437.98194380453418,472.96215778568694,700.45303672903424,1.8658135077482554,12.375972708333334,1.13473275,0.048828125,11.190074083333334,0.0023377500000005824,2,0,1,20,0.015572992360252159,0.32606869392976667,0.040000000000000001,1,0.49998972959296517
139,152.06391158347205,152.87366265063918,437.39488271578182,472.84346745742187,700.68566281305721,1.8611526350052623,14.055172083333334,1.1045264583333334,0.047680124999999997,12.900655416666666,0.0023100833333344895,2,0,1,22,0.016719376679879012,0.35221349636594684,0.040000000000000001,1,0.49999251172654324
140,152.11066029561277,152.90552224977836,436.69264078354593,472.64527523326427,700.93120161483557,1.8559638288942106,11.782734958333334,1.1155878749999999,0.04868666666666667,10.616282500000001,0.0021779166666675565,2,0,1,19,0.015598318732699205,0.31461293738353413,0.040000000000000001,1,0.49997504684686711
141,152.14725365838427,152.92888528090376,435.99556608130945,472.39438489510684,701.12885484664571,1.8509693592578111,11.945577541666667,1.124124125,0.048921874999999997,10.770362208333333,0.0021693333333345777,2,0,1,19,0.015063906449918183,0.31615192969190337,0.040000000000000001,1,0.49998698942298742
142,152.18264533009645,153.06132313903882,435.67296328041039,472.5280369564428,701.30137620307471,1.8463948589066557,12.073639541666667,1.1100914583333332,0.048881124999999997,10.912424208333332,0.0022427500000024025,2,0,1,20,0.014210649905147598,0.31893018021047914,0.040000000000000001,1,0.49997569850580148
143,152.21926501879122,153.21900403291011,435.43800615043369,472.72098740724431,701.46761418929759,1.8419321016921988,11.704247791666667,1.1266297083333334,0.04929,10.526196583333334,0.0021315000000008411,2,0,1,20,0.014596660118453156,0.32555923802984094,0.040000000000000001,1,0.49996284736591207
144,152.25401497336924,153.40485632187313,435.27887201630642,473.01802170237153,701.62475815354969,1.8374517108050803,12.345300833333333,1.1203978333333333,0.049067416666666669,11.173633708333334,0.0022018749999990206,2,0,1,21,0.015876558699115563,0.3358557314120037,0.040000000000000001,1,0.49998409222640539
145,152.29879023240048,153.59180747985368,435.13013672594923,473.34052930791387,701.7720361387494,1.8330295988151863,12.885954458333334,1.1149910416666666,0.048762291666666666,11.719626125,0.0025750000000019924,2,0,1,20,0.011873857158580517,0.3020241799126922,0.040000000000000001,1,0.49998925905709329
146,152.33858334671916,153.48632960633984,434.1156710778327,472.81120048934031,702.07637470137695,1.8283670095652695,15.720441083333334,1.1287447083333333,0.049027374999999998,14.540415291666667,0.0022537083333347141,2,0,1,25,0.015119918922431383,0.34579674664665716,0.040000000000000001,1,0.49998780461573772
147,152.38657556821269,153.54250123181473,433.57870875690662,472.68262101631342,702.35166538061105,1.8238351288956798,16.435033708333332,1.1159315000000001,0.048854333333333333,15.267602666666667,0.0026452083333321497,2,0,1,25,0.017122327720509211,0.38201969297704308,0.040000000000000001,1,0.49998430398444327
148,152.44483703464201,153.33987814211974,432.06935047985934,471.74685505626042,702.78006866850922,1.8177233196925149,12.687649374999999,1.1308979583333334,0.049194916666666665,11.505325125000001,0.0022313749999991472,2,0,1,19,0.016658000154841722,0.31303745534118993,0.040000000000000001,1,0.49998118954810816
149,152.48005510810881,153.30315041510804,431.2462602848687,471.34487503272459,703.00101403560768,1.8130293416486065,12.4241125,1.1102976250000001,0.048701833333333333,11.262891291666667,0.002221749999998579,2,0,1,20,0.016440908237028862,0.31563373187281857,0.040000000000000001,1,0.4999722568177335
150,152.51406686212854,153.36596949559606,430.74885663446048,471.23683215295785,703.16977233596447,1.8086338713284731,16.873225458333334,1.1140468333333333,0.048913125000000002,15.708054708333334,0.0022107916666662675,2,0,1,27,0.017816740468759005,0.40406383918207467,0.040000000000000001,1,0.49997907286636128
151,152.57273060912857,153.4186465400833,430.25048710149719,471.14133889374818,703.34346029352002,1.804421084428526,16.151315125,1.1373173333333333,0.049425833333333336,14.962331833333334,0.0022401249999983719,2,0,1,27,0.017588449520586264,0.37649530349584415,0.040000000000000001,1,0.49997660463005433
152,152.61430560225395,153.64552385098142,430.29918860079039,471.62450100961399,703.49954976588015,1.8005969703232707,15.791724625000001,1.1354614166666666,0.050517874999999997,14.603205458333333,0.0025398750000000803,2,0,1,25,0.016102402286970918,0.35244544208503537,0.040000000000000001,1,0.49999280573829435
153,152.65968669086931,153.66472412599114,429.74298199073706,471.44484816906129,703.72307338082248,1.7966274265939317,16.188855291666666,1.0974539999999999,0.048879041666666664,15.040307416666666,0.0022148333333351644,2,0,1,26,0.019964669720151259,0.37536288110909166,0.040000000000000001,1,0.49998163371146204
154,152.71626390639244,153.47217523333794,428.43660322774377,470.60755358522289,704.06062385707321,1.791623970770936,13.728314541666666,1.13192125,0.049427416666666668,12.544735833333334,0.0022300416666656275,2,0,1,21,0.012838993602023164,0.30653312141894351,0.040000000000000001,1,0.4999903103778135
155,152.7505759020251,153.52452941948528,427.99456376830352,470.54444959262065,704.20960834085668,1.7877927090000418,13.698824,1.1035641666666667,0.049270750000000002,12.543436166666666,0.0025529166666675707,2,0,1,21,0.012311330197951255,0.31289123255703194,0.040000000000000001,1,0.49997880761405394
156,152.78187816495137,153.560100829459,427.43278676580962,470.3340001338135,704.37458702234926,1.7834885784589876,14.650540541666667,1.1244285833333334,0.049873458333333336,13.474051583333333,0.0021869166666661499,2,0,1,23,0.013126782775579618,0.32933886064541235,0.040000000000000001,1,0.49999321155521081
157,152.8211196823105,153.72661333552421,427.35356799797302,470.60408987171905,704.50833167349651,1.779958256578708,14.119802333333332,1.0977710833333334,0.049090583333333333,12.970732375000001,0.0022082916666654739,2,0,1,21,0.012704349024138018,0.30647264617685471,0.040000000000000001,1,0.49998463875162613
158,152.85395357422775,153.72743339077334,426.72004111013189,470.29666300971422,704.70197935760598,1.7758223220016593,13.372707458333334,1.1360125833333334,0.049969208333333334,12.184474041666666,0.0022516250000013116,2,0,1,22,0.013151846587695795,0.3243571236128715,0.040000000000000001,1,0.49999164879719865
159,152.89151346051537,153.86605042391722,426.51928194182216,470.44792149488131,704.87616937024927,1.7720168339066122,17.817520083333335,1.120495875,0.049964541666666668,16.644779708333335,0.0022799583333323881,2,0,1,27,0.017222635309039502,0.37293915828306062,0.040000000000000001,1,0.4999801193594936
160,152.94381336270649,153.82786543324838,425.70843222210311,469.98833079878466,705.09708084625743,1.7674337872603048,12.918990666666666,1.1379775416666666,0.049331958333333335,11.729486166666666,0.0021950000000003911,2,0,1,20,0.012395625440966422,0.29657059243753336,0.040000000000000001,1,0.4999771192339631
161,152.96961455041119,153.91761126458326,425.4134604145774,469.97825485934288,705.21915691631159,1.7639037334284946,12.395698541666667,1.1128928333333334,0.049350041666666664,11.231129916666667,0.0023257499999989051,2,0,1,20,0.012303979508601492,0.29907770750509027,0.040000000000000001,1,0.499974964871714
162,153.00569676985688,154.04584661289749,425.24419154548104,470.12490121157407,705.31526665690092,1.7605041024837178,13.561112916666668,1.1212099166666667,0.049164416666666669,12.388414333333333,0.0023242500000009159,2,0,1,21,0.013042946482557457,0.29879589145569646,0.040000000000000001,1,0.49998809951145423
163,153.03539391328084,154.19804922225026,425.19833478490727,470.32964189388696,705.42381926636006,1.7574819326803299,16.457970666666668,1.1420249166666667,0.05006625,15.26305,0.0028295000000007065,2,0,1,25,0.010702046515658327,0.3269359659762574,0.040000000000000001,1,0.49999239035068616
164,153.08277821076578,154.17685870321773,424.60860834016518,470.02328505729383,705.59673347920364,1.7540359293317436,12.461457208333334,1.0999543333333333,0.04887233333333333,11.310090499999999,0.0025400416666681025,2,0,1,19,0.01321266049282384,0.29263667335889459,0.040000000000000001,1,0.49996974566143798
165,153.12311690036648,154.00081942212148,423.55037905278692,469.33022723052369,705.81681337175485,1.7503125025057233,13.212184791666667,1.1173529583333333,0.049051833333333336,12.043551291666667,0.0022287083333338842,2,0,1,20,0.012642144851546851,0.29382642051604008,0.040000000000000001,1,0.49998008899049701
166,153.1577487405435,154.09134653097132,423.27736304535352,469.3595624552965,705.93323414618271,1.7469249414358103,18.738879916666665,1.1309737916666667,0.049417124999999999,17.556239166666668,0.0022498333333302867,2,0,1,29,0.015271432974990489,0.36915362986534078,0.040000000000000001,1,0.49997688144176156
167,153.2031950417923,154.22340509834345,423.08577524958349,469.48212627961777,706.0424514592047,1.743330527424128,13.959430458333333,1.14403225,0.049361791666666668,12.763760416666667,0.0022759999999983904,2,0,1,21,0.012723338427165845,0.30376756468727195,0.040000000000000001,1,0.49998033393952573
168,153.2324269941974,154.23169570990123,422.52164852741618,469.20445391663037,706.21887100444906,1.7395254041824786,12.569389624999999,1.1093660000000001,0.048605916666666665,11.408870625,0.0025470833333329779,2,0,1,20,0.012745595105572972,0.29424497214633333,0.040000000000000001,1,0.49997913233525448
169,153.26922905150118,154.33344893935569,422.27146239553127,469.24653320805857,706.33919407726648,1.736098138786881,12.736206833333334,1.1196343333333334,0.049885791666666665,11.564369916666667,0.0023167916666668731,2,0,1,20,0.010296024852762667,0.28827602925629237,0.040000000000000001,1,0.49997526592367686
170,153.30058690349185,154.47157034402437,422.1499468241978,469.39293963191943,706.42588174772914,1.7328649918171068,14.283417375000001,1.1256299999999999,0.05066416666666667,13.104935875000001,0.002187333333333541,2,0,1,22,0.011211606383020127,0.30460010766739287,0.040000000000000001,1,0.49999114608863854
171,153.33503014347326,154.56610471615076,421.89562242564665,469.40182410451007,706.54336632875209,1.729548132175724,15.805074375,1.0960726249999999,0.04959070833333333,14.657089291666667,0.0023217500000001223,2,0,1,24,0.01590574427536379,0.31604961132287351,0.040000000000000001,1,0.49998646064657098
172,153.38528926544666,154.39889056037828,420.84197710338799,468.67919717197907,706.77238442783027,1.7256800588137395,13.787510458333333,1.1332422916666667,0.050669166666666668,12.601207916666667,0.0023910833333324888,2,0,1,20,0.009706809821948938,0.27329596992739291,0.040000000000000001,1,0.49998302162539815
173,153.41564221417045,154.38373537946822,420.25769500316608,468.31076231660313,706.97976080513286,1.7221630178217393,16.315967624999999,1.0980645,0.049619999999999997,15.165940708333334,0.0023424166666643487,2,0,1,25,0.013837148857218186,0.33780113907138432,0.040000000000000001,1,0.49998770857017516
174,153.46190212212281,154.27049248810644,419.36648037442205,467.69864044975986,707.23390615884,1.7183842717475819,15.4601755,1.1236563749999999,0.051995458333333334,14.282302541666667,0.002221125000000157,2,0,1,24,0.013901349898033178,0.32581631423677893,0.040000000000000001,1,0.49999259574914284
175,153.49947588302064,154.33154989338854,418.98651682672624,467.57823543944068,707.39785544016729,1.7148468159372472,13.464902791666667,1.0957861666666666,0.049327666666666665,12.317411333333334,0.0023776249999993837,2,0,1,20,0.013437989546033053,0.29426987578853941,0.040000000000000001,1,0.49997939377709771
176,153.52782955937525,154.34512139294253,418.47169591585555,467.30893805258586,707.53727764534767,1.7112725827626338,12.070272416666667,1.1164669583333333,0.049438625,10.9021355,0.0022313333333325858,2,0,1,19,0.012230917878051608,0.2862940441437945,0.040000000000000001,1,0.49997751559648751
177,153.55863354496202,154.4183250977735,418.16146271797084,467.23209105761924,707.64843352506921,1.7079782302599276,13.384299833333333,1.1294218333333332,0.050730875000000002,12.201964916666666,0.0021822083333340458,2,0,1,22,0.012429041460804697,0.29661096654847785,0.040000000000000001,1,0.49998864121464964
178,153.59334002902884,154.6327857949874,418.34053967414945,467.60737609726658,707.75537122224978,1.7053806055643761,12.398274041666667,1.1020807500000001,0.050088791666666667,11.243888291666666,0.0022162083333334692,2,0,1,20,0.010325541424969319,0.29162937781725451,0.040000000000000001,1,0.49997187283002514
179,153.61882507625225,154.79714423353272,418.3137523287229,467.79586592955917,707.8019820233169,1.7023350747197199,12.673697125,1.1128607916666666,0.05039004166666667,11.508039333333333,0.0024069583333350408,2,0,1,20,0.0099645686632953614,0.28539009498548479,0.040000000000000001,1,0.49997592332503954
180,153.65018093038185,154.95532535694016,418.30293617126597,467.99723034864314,707.86593251681052,1.6995066817336131,14.893284541666667,1.1285538749999999,0.050188083333333335,13.712316708333333,0.0022258750000005989,2,0,1,24,0.012390323432516528,0.31051529922179266,0.040000000000000001,1,0.49998390164713308
181,153.69475320951435,154.90037280055279,417.64845806369868,467.59489333182756,708.06672062149414,1.6962392053210618,15.862508166666666,1.1325095000000001,0.049564166666666666,14.678196791666666,0.002237708333334254,2,0,1,24,0.010705939213530535,0.30704100989635075,0.040000000000000001,1,0.49998640512070924
182,153.73585531456135,154.82613407140622,416.89746904320413,467.08382271950001,708.24334954894744,1.6926815136450408,15.731628875,1.12011525,0.05123495833333333,14.558060541666666,0.0022181250000006258,2,0,1,24,0.01363254875467701,0.3124449357005003,0.040000000000000001,1,0.49998636277613079
183,153.77693849143617,154.75690816172332,416.1464140759914,466.56434933865233,708.46075516350493,1.6890328775573111,13.562277833333333,1.0810708333333334,0.050185124999999997,12.428725125,0.0022967499999992924,2,0,1,20,0.0097872625525010446,0.29908851110525903,0.040000000000000001,1,0.49997520472085927
184,153.8106204408908,154.79909005076357,415.69462950840619,466.36813928209619,708.56850272372253,1.6853816089751343,13.155425125000001,1.127416875,0.05041804166666667,11.97535175,0.0022384583333341368,2,0,1,20,0.0098809042396185067,0.29183606138548041,0.040000000000000001,1,0.49997612061527436
185,153.84224409630002,154.97384653278564,415.71648964718912,466.6029246567004,708.60246520919759,1.6824944914769331,12.703881291666667,1.126612875,0.050271583333333335,11.524750166666667,0.002246666666666286,2,0,1,20,0.0098367031104806251,0.29250876768013884,0.040000000000000001,1,0.49997876739240021
186,153.87707488635743,155.10644152119821,415.56633827955568,466.68075413310743,708.70655494603147,1.6792332684826679,15.338558125,1.1021535,0.049638583333333333,14.184528541666667,0.0022374999999996703,2,0,1,24,0.012917012084583027,0.32769547770814894,0.040000000000000001,1,0.49998357545998334
187,153.92261933017292,155.08552637853134,414.91637498219006,466.28254328280667,708.91197826492714,1.6754035961387266,12.638872166666667,1.1335390416666666,0.052081416666666665,11.451015208333333,0.0022365000000004187,2,0,1,20,0.01191613852194779,0.30474899960238294,0.040000000000000001,1,0.49998115148076866
188,153.95885354965085,155.211022345983,414.73683940439787,466.35686987614486,709.02181952878527,1.6720836776649943,15.278929249999999,1.112237125,0.050202333333333335,14.11424075,0.0022490416666656188,2,0,1,24,0.012080880341080505,0.32385059326777549,0.040000000000000001,1,0.49994219094975295
189,153.99598225994399,155.23681665706948,414.25509176951698,466.12040714191374,709.09069661451724,1.6685363735887444,15.1899835,1.0984939583333333,0.050964958333333331,14.038304791666667,0.0022197916666666373,2,0,1,24,0.013447335128357196,0.327853196247197,0.040000000000000001,1,0.49998100962510106
190,154.03860028457473,155.36734666275026,414.14456334773814,466.21794179320329,709.26101494927673,1.6655830342955222,13.362417333333333,1.1354881666666667,0.050365874999999997,12.174365791666666,0.0021974999999994083,2,0,1,20,0.011893858874570959,0.3023676776984876,0.040000000000000001,1,0.49998766663672994
191,154.08739838571174,155.23782870971007,413.25315077998039,465.61431081064563,709.4805526412016,1.6620647442367347,15.707443916666668,1.1197515416666666,0.049944000000000002,14.535431375,0.0023170000000014568,2,0,1,23,0.013432117192628811,0.33318477587430589,0.040000000000000001,1,0.4999939908088436
192,154.13080588153966,155.2856901507468,412.74769806149078,465.39301445967214,709.64046012733195,1.6579892690743583,13.307841249999999,1.1217833333333334,0.050851250000000001,12.133020875,0.0021857916666672139,2,0,1,20,0.014235487324479263,0.31935143077103967,0.040000000000000001,1,0.49997362043444116
193,154.1789515599246,155.1292580010718,411.62442349379631,464.581208923497,709.91221556305334,1.6534286877782418,14.682756541666667,1.1013582083333333,0.050230041666666669,13.528832291666667,0.0023359999999978953,2,0,1,22,0.010986243627197656,0.34389413532828289,0.040000000000000001,1,0.4999851081554878
194,154.22357074767947,155.23483061025189,411.31460570993204,464.54944470969656,710.00389074108944,1.6496283346526766,13.835119375,1.1454139583333334,0.052145375000000001,12.635340458333333,0.0022195833333320536,2,0,1,21,0.0093797499754307689,0.32756018699035877,0.040000000000000001,1,0.49998771558947447
195,154.26395658473189,155.38397258982644,411.12832265444092,464.62294154464371,710.08202739544413,1.6458862893132069,13.599857458333334,1.116669125,0.050688916666666667,12.430230416666667,0.0022690000000000765,2,0,1,21,0.011318876013952997,0.33670397085301274,0.040000000000000001,1,0.49997811720486318
196,154.30517482108434,155.45888716221415,410.66096604308359,464.46094695997232,710.20253555406259,1.6416049512471929,12.692420958333333,1.2969106666666668,0.051821833333333331,11.341508791666667,0.0021796666666649145,2,0,1,20,0.011739015196067794,0.32716676884606211,0.040000000000000001,1,0.49996938173760291
197,154.34829442088184,155.61861801628842,410.51619401794397,464.58052967046399,710.24519056107147,1.6379632414867977,12.685154666666667,1.3189082083333334,0.051088458333333336,11.312901708333333,0.0022562916666668542,2,0,1,20,0.0099599739705743956,0.33278789086244526,0.040000000000000001,1,0.49997358298497785
198,154.39473405351623,155.78362875988313,410.3643185199187,464.70680232477463,709.8813450825578,1.6341941177428416,14.766663124999999,1.2873112916666667,0.050685416666666663,13.426438458333333,0.002227958333332225,2,0,1,22,0.0099320809862682921,0.32644525232553395,0.040000000000000001,1,0.4999852469298392
199,154.44829462010782,155.74264509344522,409.5842689774646,464.21644096045611,709.42107176597165,1.6298787254557994,13.240782083333333,1.3063087499999999,0.050662083333333337,11.881541500000001,0.0022697499999981829,2,0,1,20,0.010113705271327088,0.35968608143075897,0.040000000000000001,1,0.49996452152493037
200,154.49909820199738,155.82974364225035,409.07929654476635,464.07027665873511,708.98821877760963,1.62516825724824,12.671250916666667,1.3384752499999999,0.051602833333333334,11.278986583333333,0.0021862499999993901,2,0,1,20,0.018708499569834395,0.37158663478464055,0.040000000000000001,1,0.4999400077626851
201,154.55537137015449,155.9986483685162,408.74041013242686,464.1205300123018,708.53688022828271,1.6201535359899903,14.364287583333333,1.3063629166666666,0.052097999999999998,13.003604916666667,0.002221749999998579,2,0,1,22,0.017818099424870906,0.40959280397474973,0.040000000000000001,1,0.49998391562936523
202,154.6310799989854,156.0189933088856,407.85721753178279,463.71667259937306,708.09274901119579,1.6141510650841668,12.83440225,1.3085818333333334,0.051551583333333331,11.471917625,0.0023512083333336875,2,0,1,20,0.01740748627240498,0.41540151336570569,0.040000000000000001,1,0.49996390495853532
203,154.69626634715425,156.13664870469634,407.24757991562427,463.60091506456433,707.60375362924583,1.6082766813181568,15.850671500000001,1.3322788333333333,0.051963666666666665,14.464215458333333,0.0022135416666664298,2,0,1,25,0.0201273074985776,0.51647764492952741,0.040000000000000001,1,0.49995540712090925
204,154.78818169703703,156.25002250818432,406.37948823829095,463.37119797150109,707.0912268615989,1.6008283500695493,13.356564958333333,1.3048914583333333,0.051380291666666668,11.998021166666666,0.0022720416666679455,2,0,1,21,0.017041675246512691,0.46820995109432961,0.040000000000000001,1,0.49997779859597441
205,154.87333811486275,156.42243616939737,405.90584069125168,463.40818268273671,706.6445882729455,1.5949336337638722,13.522114625,1.318639125,0.051721916666666666,12.149565958333334,0.0021876249999994712,2,0,1,21,0.021067544099440449,0.50135319416960045,0.040000000000000001,1,0.49996378088369903
206,154.96466831037236,156.59933993958131,405.36296648000967,463.43340271623867,706.2759238022519,1.5885356007018012,15.623903333333333,1.2982618749999999,0.051351374999999998,14.27202125,0.0022688333333338306,2,0,1,24,0.021327126858444023,0.56481647764210063,0.040000000000000001,1,0.49995905316033307
207,155.07989088268329,156.63504723909693,404.27799840744882,462.99758741424188,705.79731825089402,1.5810187792157087,15.032680750000001,1.3141778749999999,0.052062666666666667,13.664210708333334,0.0022295000000003284,2,0,1,23,0.019070691678769246,0.57189341609744926,0.040000000000000001,1,0.49998726243007885
208,155.20015376694468,156.68146396944175,403.24943502760556,462.52632835335788,705.17318929923101,1.5736894767989467,14.949782875,1.29141675,0.051405874999999997,13.604715791666667,0.0022444583333331991,2,0,1,22,0.018582347294553068,0.59072214436104742,0.040000000000000001,1,0.49997525499950607
209,155.32518580478597,156.67202126979535,402.10157131035942,461.97528715574282,704.7142239569481,1.5665180550516087,10.992785791666666,1.3159654166666668,0.052088666666666665,9.6225424166666667,0.0021892916666654827,2,0,1,17,0.019028113582028362,0.49754954096867754,0.040000000000000001,1,0.49998838238475363
210,155.43898910479103,156.75348187120716,401.53917147814144,461.86852452480861,704.54039108890311,1.5615965060862682,10.334233625,1.3046243749999999,0.052190083333333331,8.9752537916666668,0.00216537500000058,2,0,1,16,0.018087840198421728,0.52475003966918765,0.040000000000000001,1,0.49998410539850058
211,155.55539266656302,156.74904102968958,400.72310078963636,461.57019578077461,704.50277820386282,1.5564628539815824,14.371276833333333,1.3113615416666666,0.049880124999999997,13.007846375,0.0021887916666667451,2,0,1,23,0.022819556360709512,0.70886205737418417,0.040000000000000001,1,0.49992819835644414
212,155.71159859225367,156.90872858090742,400.29186840445811,461.6906091075964,704.5334555734488,1.5511128158689664,15.087461583333333,1.2969862916666666,0.049303958333333335,13.738962958333333,0.0022083750000003732,2,0,1,23,0.02275138234837619,0.76968779736463977,0.040000000000000001,1,0.49997856304507904
213,155.88939864357857,157.05758205351057,399.80487833732201,461.7333950778513,704.66896226711253,1.5455942534573455,13.525066083333334,1.3159072083333334,0.051239791666666666,12.1557265,0.0021925833333327205,2,0,1,21,0.021967128002175408,0.69435208745741195,0.040000000000000001,1,0.4999606910393849
214,156.04004859893269,157.28720141086643,399.85900357349681,462.13429645851454,704.82517130485758,1.5422221260646827,13.485238958333333,1.303464,0.050146083333333334,12.129379500000001,0.0022493749999998869,2,0,1,21,0.022376584254888154,0.69301740513680754,0.040000000000000001,1,0.49997462477264415
215,156.18913561503467,157.70342881427234,400.58755897644278,463.23206959851819,705.37467652694511,1.5401322088450948,11.238764541666667,1.2908717916666668,0.050411458333333332,9.8952797916666668,0.0022014999999999674,2,0,1,18,0.021025556253787884,0.59654933785106068,0.040000000000000001,1,0.49998604315966449
216,156.32119870852097,157.83081723122211,400.47888170811575,463.53475190876441,705.83016918164742,1.5373934490969168,13.539769666666666,1.2622266666666666,0.05060320833333333,12.224025833333334,0.0029139583333321895,2,0,1,20,0.020813367554580565,0.66192080496047134,0.040000000000000001,1,0.49998666530479441
217,156.47319593986566,157.88023472861121,400.2085734152231,463.65012167581483,706.45978704024185,1.5348871193608435,15.392283791666667,1.3137760000000001,0.050949000000000001,14.025317333333334,0.002241458333333668,2,0,1,22,0.021243093781134124,0.69424141741936662,0.040000000000000001,1,0.49996857991326349
218,156.62404813592065,157.90359426680229,399.74818707465795,463.59019183613509,706.86557516651396,1.5315965031120331,12.352566124999999,1.2722309583333333,0.05042725,11.027622750000001,0.0022851666666650061,2,0,1,19,0.017702844515589688,0.59961245218437609,0.040000000000000001,1,0.49998950537115022
219,156.75238733938147,158.06868050311493,399.95443236122259,464.08782308943228,707.49378863012339,1.5302572975760433,15.387658416666667,1.3199457083333332,0.051339458333333331,14.0141545,0.0022187500000008242,2,0,1,21,0.019918653608959433,0.69879106409473246,0.040000000000000001,1,0.49993422579578489
220,156.90371189874165,158.09274109392831,399.56488683782277,464.0083955921433,707.91306226802647,1.5274081787248384,14.086709208333334,1.2939759166666667,0.051476500000000001,12.739029416666666,0.0022273750000021408,2,0,1,21,0.019889920022758013,0.659140151610208,0.040000000000000001,1,0.49995929098991948
221,157.03508769777861,158.28258442160026,399.92507205366451,464.67582088479588,708.79195765999464,1.5266524015581346,14.654934916666667,1.2971611666666667,0.051000999999999998,13.304573083333333,0.00219966666666771,2,0,1,22,0.020369290706628223,0.61484376678428676,0.040000000000000001,1,0.49996152410651085
222,157.15027359556964,158.60487640263887,400.84168344022629,465.80644231933815,709.85835352481013,1.5272973475458482,14.653294833333334,1.2803292916666666,0.051144916666666665,13.319612791666666,0.0022078333333350741,2,0,1,22,0.021664409519540937,0.58010849885095628,0.040000000000000001,1,0.4999592873105963
223,157.25062177025012,158.8928767226175,401.69646931526529,466.86182168395726,710.89537847225381,1.5280961462892695,16.177081250000001,1.260917625,0.050605999999999998,14.863365208333333,0.002192416666668251,2,0,1,25,0.023316400353167156,0.61239376688749081,0.040000000000000001,1,0.49990650449342755
224,157.34938088409004,159.09732117412634,402.14947340929848,467.65461060728074,711.93585510079197,1.5276948124673968,16.023879624999999,1.2903167083333333,0.051532416666666664,14.679852541666667,0.0021779583333305652,2,0,1,24,0.020319654685370347,0.55670552574758148,0.040000000000000001,1,0.4999345618901927
225,157.44027261293991,159.3690130624714,402.99993976844837,468.72540635433143,713.09853669678409,1.5287220647496611,17.681637416666668,1.2996921666666668,0.052073833333333333,16.327637791666668,0.0022336249999987956,2,0,1,26,0.020697242798987544,0.55951449646200235,0.040000000000000001,1,0.49998239970147418
226,157.53848424103069,159.42051854918947,403.08754435500379,469.05751058761666,714.03182709199893,1.5284546056135833,15.544140041666667,1.273862625,0.051921541666666668,14.216132416666667,0.0022234583333329283,2,0,1,22,0.016586340963276134,0.45952051260730647,0.040000000000000001,1,0.49998056236693267
227,157.6129633992814,159.41297860371776,402.95263792331144,469.15815948389604,714.71584978236694,1.5277279268773036,16.454650958333332,1.2942629166666666,0.051751916666666668,15.106426791666667,0.002209333333331287,2,0,1,23,0.016404088932830258,0.46614482142974811,0.040000000000000001,1,0.49998452325311998
228,157.69191167191354,159.36668003091813,402.67326493649819,469.14925113068801,715.46302966616406,1.5267092522626251,15.663316125,1.2952679166666667,0.05246995833333333,14.313039416666667,0.0025388333333324908,2,0,1,21,0.015545223623298424,0.41681048449784991,0.040000000000000001,1,0.49998104720430564
229,157.7574717642527,159.288331048777,402.29941344348055,469.00537232804419,716.04694253250636,1.5256050508827863,19.883904083333334,1.3905130833333332,0.053472249999999999,18.437689625000001,0.0022291250000030516,2,0,1,27,0.019094712125689552,0.51622374460854092,0.040000000000000001,1,0.49997512475429196
230,157.84017580583279,159.24303208279349,402.03607361067139,469.03293074841685,716.95606290882859,1.5246697978071981,17.678370749999999,1.2916262083333334,0.052260791666666667,16.332284791666666,0.0021989583333343887,2,0,1,25,0.017412480058135092,0.46834147417941857,0.040000000000000001,1,0.49997109160666653
231,157.91420073037406,159.20811094479109,401.77085985980318,469.10449084016898,717.79913492811897,1.5235577350649305,15.646976625000001,1.2888410833333332,0.052346499999999997,14.303560416666667,0.0022286250000007612,2,0,1,22,0.015500877558183744,0.4024371352085464,0.040000000000000001,1,0.49996742849344672
232,157.96776336902096,159.40767101495447,402.30948295891699,469.84730948755174,718.61931597960279,1.523777434281536,17.598175000000001,1.2891444166666666,0.052629583333333334,16.254207916666665,0.0021930833333350108,2,0,1,26,0.019562730560383594,0.46260225828843865,0.040000000000000001,1,0.49997695987900104
233,158.03387376932429,159.47595417284387,402.4633541393232,470.28194104528143,719.67221954705838,1.5236616781933392,16.138592625000001,1.3193697499999999,0.052680499999999998,14.764318291666667,0.002224083333334903,2,0,1,22,0.015250626524168769,0.38625466818445936,0.040000000000000001,1,0.49997775381727716
234,158.0791893077504,159.59663201289172,402.74711142233213,470.78454938051874,720.41879753831927,1.5235313950096356,15.318556125000001,1.3156853749999999,0.053017000000000002,13.947674958333334,0.0021787916666671236,2,0,1,21,0.015740107004292243,0.36720204455037686,0.040000000000000001,1,0.49996231889535558
235,158.12048815374163,159.73056669809975,403.07243318175586,471.32629063105168,721.15819170436134,1.523452095074493,16.334723333333333,1.2699271666666667,0.051700000000000003,15.010878166666666,0.0022179999999991651,2,0,1,23,0.016252749165821742,0.37704613917097113,0.040000000000000001,1,0.49999125113006537
236,158.17530730756658,159.77101576842719,403.08633306707742,471.58480868819436,721.90157069308134,1.5229002339905788,16.861872833333333,1.302418375,0.053489833333333334,15.503778875,0.0021857499999988761,2,0,1,23,0.016150125284411471,0.37065325336372623,0.040000000000000001,1,0.49999146276674344
237,158.22769555547976,159.71354817333091,402.76916236343811,471.50375325603835,722.51750363243627,1.5218221432681991,15.679967124999999,1.2976697083333333,0.052785249999999999,14.327289208333333,0.0022229583333341907,2,0,1,22,0.016070436931511733,0.32173147322952256,0.040000000000000001,1,0.49994822823527868
238,158.27108822251947,159.67615006357087,402.6053841530624,471.51707438346835,723.12636417983356,1.5213870950218653,18.870528125,1.2811407083333333,0.053377958333333336,17.532949583333334,0.0030598750000017105,2,0,1,26,0.017242069857320276,0.39743649545070159,0.040000000000000001,1,0.49997995042734039
239,158.32970308321916,159.61332626944017,402.31008642724083,471.49426412486628,723.96487219826076,1.5205294309079742,16.255507583333333,1.3248467916666666,0.05286679166666667,14.875587749999999,0.0022062500000004093,2,0,1,22,0.014410707718044313,0.34486928369179876,0.040000000000000001,1,0.49998277228775662
240,158.36363337331412,159.69521237452193,402.44961884486111,471.86839074541217,724.62481402620938,1.5201107338210262,15.881854125,1.3193727083333333,0.052842874999999997,14.507099958333333,0.0025385833333348984,2,0,1,21,0.015093751592617922,0.32278863930818436,0.040000000000000001,1,0.49997852703036699
241,158.39733635016944,159.80781473944486,402.70997359170747,472.26802664430051,725.21294640380211,1.519964209812249,15.510773458333333,1.319295125,0.053932916666666664,14.135305541666666,0.0022398749999990031,2,0,1,21,0.01494023503401282,0.31760059985824363,0.040000000000000001,1,0.49997971543601744
242,158.42868338605976,159.96004220879581,403.08011221070359,472.79473179236072,725.82631108145188,1.5198800065616587,15.360270583333334,1.3337289583333334,0.053217333333333332,13.971159249999999,0.0021650416666680883,2,0,1,21,0.013760369366334384,0.30914271211645683,0.040000000000000001,1,0.49998100596796174
243,158.45891932974945,160.11047025664453,403.43949453599981,473.30939077109014,726.41445424345045,1.5197571020141152,15.467763083333333,1.2990522083333333,0.053184916666666665,14.11323075,0.0022952083333329654,2,0,1,21,0.01436386495912524,0.3104774561519954,0.040000000000000001,1,0.49997948314902008
244,158.49175960667708,160.22646322942256,403.68152175231853,473.74012967186775,727.02631900640915,1.51944350275211,15.557402708333333,1.3221222083333333,0.052600458333333336,14.180417541666667,0.0022624999999987239,2,0,1,21,0.015031809193453869,0.30995488911885932,0.040000000000000001,1,0.49997845539109748
245,158.52503671993045,160.31722015608088,403.84828592990868,474.12148272504174,727.66863783201995,1.5190574383508646,16.947614666666666,1.309140875,0.053758458333333335,15.582456166666667,0.0022591666666649246,2,0,1,24,0.015515945058077924,0.35054963884851492,0.040000000000000001,1,0.49998264875022497
246,158.5676176788424,160.33595514718749,403.74986559167024,474.28687251259913,728.36791130845836,1.5181492524308111,16.186799666666666,1.3032510833333333,0.052457583333333335,14.828858,0.0022329999999985972,2,0,1,22,0.01420629792771624,0.30741911901488472,0.040000000000000001,1,0.49998810081048095
247,158.604504577109,160.28965388001734,403.49937235257846,474.20620172336771,728.83361947619892,1.5173138913545379,14.55133775,1.3293363333333332,0.05280816666666667,13.166953083333333,0.0022401666666667097,2,0,1,20,0.013439407169718526,0.31220251116959757,0.040000000000000001,1,0.49997732410862938
248,158.64244341025858,160.19542528779493,403.11405441109201,474.03135927175788,728.88687351128647,1.5163893019222485,17.809862166666665,1.2690361666666667,0.052256875000000001,16.486252624999999,0.0023164999999991664,2,0,1,24,0.015229022799154415,0.33597737449966658,0.040000000000000001,1,0.49998794560890758
249,158.68352394836984,160.11411454505813,402.70677662231418,473.85958627287425,729.00708737370667,1.5151235277823518,15.740121166666666,1.3434170000000001,0.052424083333333336,14.342085333333333,0.0021947499999992459,2,0,1,23,0.015650712612962886,0.27366507481440439,0.040000000000000001,1,0.49998249548341045
250,158.72266557013162,160.07772570001706,402.52741875797727,473.84949773999989,729.17549459372071,1.514574822935121,17.206660041666666,1.3091294583333333,0.053064583333333332,15.842184124999999,0.002281875000001321,2,0,1,22,0.013957933329739936,0.30920533182517251,0.040000000000000001,1,0.49999120826407545
251,158.75313867813264,160.06311106843853,402.34296984400555,473.87910038094583,729.19924408115367,1.5136520661026944,17.478474291666668,1.2906476666666666,0.052375958333333333,16.133223291666667,0.0022273750000003645,2,0,1,25,0.015164715980316193,0.33964209353459557,0.040000000000000001,1,0.49996748064070917
252,158.79392271891373,159.95950845319879,401.83916848691268,473.63440166034178,729.2593956508349,1.512130553367407,16.164328416666667,1.3025990416666666,0.052617875000000001,14.806900833333334,0.0022106666666665831,2,0,1,21,0.014097774555131099,0.28433973158315173,0.040000000000000001,1,0.49998231752098937
253,158.82303787342363,159.93641794203009,401.65257333962182,473.60262569552822,729.29768208358564,1.511326554063523,16.032842708333334,1.3207541666666667,0.052835541666666666,14.657048708333333,0.0022042916666666912,2,0,1,21,0.013424658657877904,0.28188831173018125,0.040000000000000001,1,0.49998585896273506
254,158.84834832529828,160.0084822525138,401.76419428717026,473.86321990145416,729.37333943222745,1.5108931016115452,15.699026041666666,1.27336625,0.052469666666666664,14.370993708333334,0.0021964166666652574,2,0,1,21,0.013528221461127329,0.28396850361842318,0.040000000000000001,1,0.49995884214247943
255,158.87351081291703,160.08805011715489,401.92122307993498,474.16185478335319,729.35281350605203,1.5106260135331953,16.337884708333334,1.30904675,0.052680999999999999,14.973951041666666,0.0022059166666679175,2,0,1,23,0.013943835232815975,0.30228063682836448,0.040000000000000001,1,0.499984285704616
256,158.90466558329061,160.22578787779267,402.2747246021641,474.68149512655958,729.40008995682024,1.5106740302565207,16.745621750000002,1.3049212916666666,0.053477916666666667,15.384977166666667,0.0022453750000011041,2,0,1,23,0.014687824035576166,0.30042649230418306,0.040000000000000001,1,0.49997941326238471
257,158.92891096753925,160.3360081547697,402.48806576776593,475.06284782361894,729.44267463156962,1.5102786978409171,16.150090083333332,1.3010178333333333,0.05358854166666667,14.792902583333333,0.0025811249999989627,2,0,1,21,0.013683947972982767,0.27660324424308064,0.040000000000000001,1,0.49997982230388954
258,158.94886382961883,160.44426892518567,402.70852076744711,475.430558713506,729.46138089381907,1.5099589001538471,15.970115833333333,1.3221441666666667,0.05360745833333333,14.592114125,0.0022500833333332082,2,0,1,21,0.01299764526464626,0.27569699974643153,0.040000000000000001,1,0.4999869493687738
259,158.9724942824507,160.52919543143855,402.84519549167976,475.72086519007161,729.49283592281608,1.5094824303391809,16.737626666666667,1.3138615833333334,0.053623916666666667,15.367854041666666,0.0022871250000022769,2,0,1,22,0.013723633065599513,0.29909883171337603,0.040000000000000001,1,0.49998704363809404
260,159.00128058805038,160.53730820872465,402.71100176105466,475.80933577694003,729.52311112993925,1.5085197095585081,16.085199958333334,1.3222,0.05277225,14.708051916666667,0.0021757916666658161,2,0,1,21,0.011951103954704445,0.27175971091829093,0.040000000000000001,1,0.49998232828294692
261,159.02785178125333,160.55916951555275,402.61919979648025,475.88186260006165,729.57278942664539,1.5076063921561331,16.791962625,1.1257219999999999,0.052790458333333332,15.61128525,0.0021649166666666275,2,0,1,22,0.013726268101240911,0.2800262974172073,0.040000000000000001,1,0.49998558985439678
262,159.05481473181015,160.61386981085968,402.64764278399736,476.07792087253989,729.66072806388263,1.5069294654201333,16.597820208333335,1.1003372916666667,0.052123083333333334,15.443140333333334,0.002219500000000707,2,0,1,22,0.013420464326318268,0.29901310752309662,0.040000000000000001,1,0.49998551687546144
263,159.08556641333072,160.59723521674206,402.43700787590893,476.1021868799142,729.68235017623419,1.505877559677661,16.114777541666665,1.1363259166666666,0.053976708333333331,14.92227475,0.0022001666666646713,2,0,1,21,0.012802850150121047,0.28013939390020554,0.040000000000000001,1,0.49996668793236332
264,159.11117613485897,160.62189655468978,402.36264029062227,476.21730242525905,729.67794081774014,1.5050298179838932,15.322184791666666,1.1221632916666666,0.05267820833333333,14.145122750000001,0.0022205416666665201,2,0,1,21,0.011918432220199513,0.28606192814223025,0.040000000000000001,1,0.49995576090450938
265,159.13319570243152,160.70378495794486,402.47872144564889,476.52534721559897,729.61431774580183,1.5044756820816321,15.778445749999999,1.1019040416666666,0.052232666666666663,14.622126041666666,0.0021830000000004901,2,0,1,22,0.013329482805019464,0.29415457146862567,0.040000000000000001,1,0.49998306877330134
266,159.16566238137125,160.77698347153625,402.58637837729299,476.83406135052456,729.65752136673166,1.5040050490098065,15.3719445,1.1346207916666666,0.05259654166666667,14.182485958333332,0.0022412083333342991,2,0,1,21,0.011441581956406105,0.28042243813985196,0.040000000000000001,1,0.4999621476327139
267,159.18660986607659,160.79597867065513,402.48688655354641,476.93930152881092,729.61887839310418,1.5030904994081129,15.577869791666666,1.1126437499999999,0.052208333333333336,14.410829208333332,0.0021885000000008148,2,0,1,21,0.011268068360853891,0.27875641722009592,0.040000000000000001,1,0.49998350212679588
268,159.21165504452276,160.87449140369051,402.60710326528607,477.23316330565029,729.60910415257638,1.5026161683706813,15.766815625,1.1311687083333333,0.052464291666666669,14.580958458333333,0.0022241666666662496,2,0,1,21,0.011699124776307485,0.28077544319438902,0.040000000000000001,1,0.49998627587346817
269,159.2442382623681,160.7665785651931,402.10501869506726,476.92102085712327,729.66712089248142,1.5011729569899881,15.842362124999999,1.1135977083333333,0.052680458333333333,14.673912166666666,0.0021717916666670334,2,0,1,21,0.012612260847785781,0.27758267749246363,0.040000000000000001,1,0.49997982958501652
270,159.26923677264904,160.7434056794668,401.87376339035757,476.89577375137338,729.69480902678299,1.500094866670431,16.170408083333335,1.1267139583333334,0.052381249999999997,14.989077833333333,0.002235041666668991,2,0,1,22,0.013496885774160434,0.28068003613572473,0.040000000000000001,1,0.49996212826509911
271,159.29250964464765,160.78911505480747,401.83501645641195,477.0624632632489,729.68553031765782,1.4991431560490911,15.462241958333333,1.1271194583333333,0.052610958333333332,14.280318666666666,0.0021928750000004271,2,0,1,21,0.012533173993507266,0.28151585418780778,0.040000000000000001,1,0.4999663691487769
272,159.31290380200664,160.89967207073585,402.05594327184662,477.4503701474664,729.63845474078255,1.4987990223814252,15.483556666666667,1.1085592916666667,0.052302000000000001,14.320526208333334,0.0021691666666665554,2,0,1,21,0.012577418273477614,0.27411298495123021,0.040000000000000001,1,0.49995700819888217
273,159.3361266063265,160.99057349043611,402.19620443602787,477.73851122180781,729.67069374377832,1.4982593434883376,16.083699166666666,1.139221625,0.052794250000000001,14.889534458333333,0.0021488333333330445,2,0,1,21,0.013391443186059601,0.26825151986158852,0.040000000000000001,1,0.49997901336236511
274,159.35750477950944,161.07187312641295,402.30743332181544,478.00019894722686,729.70845266110587,1.4976889230441568,15.667094208333333,1.1077528333333333,0.05290491666666667,14.504272416666666,0.0021640416666688367,2,0,1,21,0.013220063776811191,0.25851540804897583,0.040000000000000001,1,0.49998939134468673
275,159.38067522649396,161.11420209121587,402.28800401157793,478.12253081599187,729.77424666295519,1.496912120657246,15.368647583333333,1.1386948750000001,0.05268925,14.175085958333334,0.0021774999999983891,2,0,1,21,0.011324243801436221,0.28381497476924106,0.040000000000000001,1,0.49997385363712948
276,159.41160860851863,161.00217833918998,401.7278129752284,477.8086549110929,729.82227012217595,1.4951700475063867,16.630828375,1.1150755416666667,0.053512749999999998,15.460051,0.0021890833333344517,2,0,1,22,0.011752034260232766,0.28510638310329295,0.040000000000000001,1,0.49998922201722196
277,159.44075810457986,161.02708187548058,401.66230178588347,477.93092167760818,729.80786739773453,1.4943773252780044,16.175329625,1.1125122916666668,0.051517500000000001,15.009137791666667,0.0021620416666667808,2,0,1,22,0.013902852794554683,0.2848146741329593,0.040000000000000001,1,0.49997271022054457
278,159.46598662789506,160.99360422687232,401.36236850631775,477.84196580014617,729.82505959102491,1.4930330023590104,15.50393775,1.1011662083333333,0.051104458333333332,14.349476166666667,0.002190916666666709,2,0,1,21,0.01306848324017929,0.27683440499629663,0.040000000000000001,1,0.49997266621343461
279,159.48709334984053,161.05444429015876,401.41053290615145,478.07246039479622,729.78627847408814,1.4923902887334335,14.122957333333334,1.0987026666666666,0.051219958333333336,12.970829875,0.0022048333333337666,2,0,1,20,0.013533181252247809,0.23456171693086969,0.040000000000000001,1,0.49996663448009859
280,159.50879966902579,161.07118880299313,401.33179541371567,478.08866419882742,729.8983269687526,1.49164235016969,16.249058833333333,1.1252537916666667,0.051515916666666668,15.070108083333333,0.002181041666666772,2,0,1,22,0.012698391595479308,0.29125835464085303,0.040000000000000001,1,0.49998546994887294
281,159.53687218458046,161.03361195911796,401.03337260148106,478.01514672386543,729.91301795460151,1.4903705985511428,16.765810625,1.1077421666666667,0.052055375000000001,15.6038505,0.0021625833333338562,2,0,1,24,0.014061953364346217,0.29655232708193163,0.040000000000000001,1,0.49999189836145624
282,159.56613282269828,160.99045776060973,400.67754439882316,477.88770414983145,729.941959095887,1.4888279092579781,14.300685583333333,1.1062712916666666,0.051968083333333331,13.140227916666667,0.0022182916666650954,2,0,1,20,0.012741255739104472,0.27345337483926607,0.040000000000000001,1,0.49996108338102185
283,159.58571197139338,160.94308329544754,400.33531505558699,477.75320707444331,729.87980135643659,1.4874341093657359,15.150686208333333,1.1079775000000001,0.052723958333333334,13.987743666666667,0.0022410833333328384,2,0,1,20,0.011791435965251942,0.26124510684495428,0.040000000000000001,1,0.49997065744327074
284,159.60616661494433,161.0099223075816,400.42525539924549,477.9535971271099,729.88037344055454,1.4869601181118659,14.656492333333333,1.1035136666666667,0.052209666666666668,13.498573833333333,0.002195166666666637,2,0,1,20,0.01109189556866552,0.26564409567744013,0.040000000000000001,1,0.49997586783252829
285,159.62524317707704,161.11152917767492,400.6397782984032,478.29954701916114,729.81795199744727,1.486723205615998,15.375414291666667,1.1161606666666666,0.057999374999999999,14.199036041666666,0.0022182083333337488,2,0,1,22,0.012661990803313327,0.28478215372963905,0.040000000000000001,1,0.49999246433356914
286,159.65635587451598,161.11019492867561,400.48921331384429,478.3398668594977,729.8395015907073,1.4858092530466065,15.539514583333334,1.1184793333333334,0.051518124999999998,14.367333083333333,0.0021840416666680795,2,0,1,21,0.014555522972407682,0.30208915693716487,0.040000000000000001,1,0.49997366778520519
287,159.68107285592237,161.05141084815079,400.11242866300211,478.19257452171621,729.83268750726506,1.4843770480238312,15.845448749999999,1.0867525,0.051771583333333336,14.704748291666666,0.0021763749999994531,2,0,1,21,0.016536492771257794,0.27839984799055056,0.040000000000000001,1,0.49998355956033885
288,159.70344036649286,161.12744490981794,400.22538933412193,478.40913965444133,729.85814525210571,1.4839057651421561,14.871478416666667,1.0839151666666667,0.051485499999999997,13.733883208333333,0.0021945416666664386,2,0,1,20,0.019113266178060851,0.27700543537555611,0.040000000000000001,1,0.49996759162158416
289,159.72240481905183,161.18041703194368,400.24979478831921,478.55119812280458,729.8478763133852,1.483240843762027,15.054390583333333,1.1206490833333334,0.051843083333333331,13.879704958333333,0.002193458333334064,2,0,1,20,0.02412383022913113,0.27612199162357082,0.040000000000000001,1,0.49997209329598635
290,159.74522665871615,161.22620300334327,400.26869025898156,478.67923874169963,729.86735298737881,1.4826528368386953,14.983888291666666,1.0988936666666667,0.051528166666666667,13.831266416666667,0.0022000416666649869,2,0,1,20,0.02335932568870772,0.2783444216132015,0.040000000000000001,1,0.49997754248366427
291,159.76699879892502,161.28753332185599,400.34052079358747,478.86315621566746,729.87221984661801,1.4821541538160379,14.784714958333334,1.1224394166666667,0.051892833333333332,13.608162666666667,0.0022200416666660061,2,0,1,20,0.02089224023013549,0.27312870615601104,0.040000000000000001,1,0.49996911099289709
292,159.78550480306839,161.35388526319167,400.42529050577753,479.05326013949525,729.87343420127843,1.4816588076117634,15.002680166666666,1.0955494583333334,0.051539500000000002,13.853403541666667,0.0021876666666642564,2,0,1,21,0.019988368266436459,0.29523138891711459,0.040000000000000001,1,0.49997109270887596
293,159.80676439935152,161.42389190252388,400.49656917408851,479.29636617279442,729.82146957984048,1.4810241188827804,16.359689083333333,1.1184050416666667,0.052764625000000002,15.186294208333333,0.0022252083333338391,2,0,1,22,0.023286641417590709,0.30086520594870109,0.040000000000000001,1,0.49998695793941861
294,159.83188729156646,161.51689755225811,400.63311307482178,479.58217451879341,729.8305104374175,1.4804408649887459,15.322023583333333,1.1112745416666667,0.052231416666666669,14.156336416666667,0.0021812083333330179,2,0,1,20,0.018707964202546681,0.28086190465359295,0.040000000000000001,1,0.49998221259299963
295,159.85582377881758,161.49714769711676,400.4012322733646,479.51537238158193,729.84743591252561,1.4793083839740968,14.896542958333333,1.13269025,0.052993458333333333,13.70864675,0.0022125000000006168,2,0,1,20,0.019967821185602225,0.2898094840470134,0.040000000000000001,1,0.49998114346157035
296,159.88563833485512,161.44556571525027,400.05823771205746,479.3681379354864,729.89919463827346,1.4779760034887577,14.730947833333333,1.1051482916666666,0.052455833333333333,13.571163583333334,0.002180124999998867,2,0,1,19,0.021827346167053806,0.28190344793362976,0.040000000000000001,1,0.49997158270439102
297,159.91125011546069,161.38530061431294,399.6858381354424,479.17427999136385,729.91550907347903,1.4765938199702127,15.251477583333333,1.1228904583333332,0.053377250000000001,14.073062583333334,0.0021472916666649411,2,0,1,20,0.021350854315773767,0.28532882703340234,0.040000000000000001,1,0.49997096784746081
298,159.93504982044382,161.41183900931213,399.59943422725502,479.23942241954501,729.91928246357918,1.4756513318964257,15.166064416666666,1.0941990833333333,0.052359458333333331,14.017320708333333,0.0021851666666670155,2,0,1,20,0.020822379336547566,0.27925820698833093,0.040000000000000001,1,0.49998184677032659
299,159.95953544649467,161.4335627335029,399.51262123880866,479.29866877483732,729.95147950387252,1.4747804265357785,15.199721500000001,1.120427125,0.05226625,14.02481575,0.002212374999999156,2,0,1,20,0.022408024563793878,0.27377958276302211,0.040000000000000001,1,0.49998128735341862
300,159.98129755262667,161.47424437358725,399.48954561537175,479.41858914385398,729.95182689821183,1.474014027222271,15.166773958333334,1.0787651666666667,0.051827041666666664,14.034001333333334,0.0021804166666665736,2,0,1,20,0.018187513259501402,0.27126325769419385,0.040000000000000001,1,0.49998035871398877
301,160.00240218172675,161.52209725044014,399.48956096920801,479.56239920677223,729.94703734988946,1.4732811656710916,15.325007208333334,1.1387175,0.052610791666666663,14.131431458333333,0.0022474583333345066,2,0,1,20,0.018589447022344247,0.2683162057356403,0.040000000000000001,1,0.4999805967599823
302,160.02344950203249,161.57422532855045,399.50800820358126,479.72100145687051,729.93580199339124,1.4725973922586246,15.388669416666668,1.1039007083333334,0.052200000000000003,14.230395333333334,0.0021733750000016983,2,0,1,20,0.022731148682584898,0.27067615703209758,0.040000000000000001,1,0.49997876126602203
303,160.04452031913939,161.62104117598224,399.5055417493337,479.86153952914327,729.93312726931777,1.4718659083152992,15.3017825,1.134501625,0.052577166666666668,14.112516333333334,0.0021873749999983261,2,0,1,20,0.018457392639909635,0.26840607531956218,0.040000000000000001,1,0.49997872393651033
304,160.06617110592572,161.65789889779728,399.47164744130794,479.97150217208718,729.9366241071574,1.4710926602718022,15.201043416666666,1.1016915833333334,0.052229375000000001,14.044893333333333,0.0022291250000012752,2,0,1,20,0.017202198645909411,0.27009203089764861,0.040000000000000001,1,0.49997356997076386
305,160.08703353553665,161.69015995847701,399.42111216360098,480.06144938107309,729.93012854767017,1.4702870741557474,16.919736374999999,1.1714175416666666,0.054436625000000002,15.691677958333333,0.0022042500000001297,2,0,1,22,0.02212699488244077,0.28932751875081497,0.040000000000000001,1,0.49999113234051001
306,160.11320780890171,161.71602146580983,399.36317272331377,480.14113909539509,729.96297151527119,1.4695337487494864,15.492001083333333,1.1420949166666667,0.053685916666666667,14.294045791666667,0.0021744583333340728,2,0,1,20,0.020235781630944617,0.28099733086629863,0.040000000000000001,1,0.49996034651264898
307,160.13572077881923,161.64859557084156,398.97751592444189,479.94747626684057,729.92099094027537,1.4681780532364248,15.24292275,1.0807805833333333,0.052089958333333332,14.107837249999999,0.0022149583333348488,2,0,1,21,0.017708234616377164,0.27393388345812963,0.040000000000000001,1,0.49998341847212413
308,160.16609753832506,161.67576830559173,398.92450362705978,480.03654100103518,729.96285186590069,1.4674353355973044,16.305967041666666,1.1256430416666667,0.054996291666666669,15.123151208333333,0.0021764999999991375,2,0,1,21,0.017241686946057537,0.27221708304635717,0.040000000000000001,1,0.4999761234258932
309,160.18724115643789,161.67924157851351,398.76686272711663,480.05592210661786,729.90334603034023,1.4664073064288239,15.665055458333333,1.0805010416666667,0.052331291666666668,14.530052333333334,0.0021707916666660054,2,0,1,22,0.019841158265530748,0.28844515740729088,0.040000000000000001,1,0.49999217971797344
310,160.22158894071032,161.62676919701386,398.42518929142665,479.93402064782043,729.94565787966451,1.4650940637548038,16.291745041666665,1.12435675,0.052687958333333333,15.112533791666667,0.0021665416666643011,2,0,1,22,0.019426420326553527,0.2949727799612813,0.040000000000000001,1,0.49998758004611155
311,160.24828391105865,161.55523545766749,398.00728626115176,479.71114930920714,729.92352436542251,1.4635988127134516,15.761657083333333,1.1374598333333332,0.053809875,14.568151833333333,0.0022355416666659522,2,0,1,20,0.020208378379695156,0.26474940434292582,0.040000000000000001,1,0.49997101035886637
312,160.26780216036605,161.55343309712418,397.84642971483788,479.68411306843643,729.91660708863435,1.4626306113572771,15.945661291666667,1.0995357083333333,0.052865374999999999,14.7910725,0.0021877083333343705,2,0,1,21,0.018015412513166525,0.26956140103893328,0.040000000000000001,1,0.4999714467393932
313,160.2861598972176,161.63339502309796,397.95175502882785,479.90895682215739,729.89617937953687,1.4620639501630166,15.793988666666667,1.1296674583333333,0.052086458333333335,14.61001675,0.0022180000000009414,2,0,1,21,0.019489524209942152,0.27100680147187295,0.040000000000000001,1,0.49997988575620711
314,160.30272985873739,161.74020581188765,398.18451598199391,480.24140821355036,729.85467758683046,1.4618771441722005,15.182579416666666,1.1229967916666668,0.053729249999999999,14.0036585,0.0021948749999989303,2,0,1,21,0.015267225100081478,0.27083977903565221,0.040000000000000001,1,0.49998433086837801
315,160.32577252612336,161.81690210776705,398.29604405487385,480.48372648680504,729.8531135279826,1.4613995130719786,16.248715499999999,1.1335707916666666,0.054201874999999997,15.058709041666667,0.0022337916666650415,2,0,1,21,0.015507864917803038,0.26780753125809392,0.040000000000000001,1,0.49997596266142608
316,160.34260848378634,161.84442942518336,398.23378293735141,480.55870209728295,729.81231809813482,1.4605961685041804,15.622828083333333,1.1102282916666666,0.052378666666666664,14.458035666666667,0.0021854583333329458,2,0,1,21,0.017819108928015411,0.25654089634025223,0.040000000000000001,1,0.49998816767405513
317,160.36206890402818,161.89665194318201,398.2502598040183,480.70164783959689,729.79476507650702,1.4599042353500005,15.658933291666667,1.1868575833333332,0.055626916666666665,14.414265208333333,0.002183583333334127,2,0,1,21,0.017258716374917146,0.28243918522868566,0.040000000000000001,1,0.49994749066043331
318,160.38087066181359,161.85667127169549,397.91698543214812,480.57062661517631,729.71599592910729,1.4584527922497403,14.802825,1.123772,0.052972541666666664,13.623891041666667,0.0021894166666651671,2,0,1,20,0.018226693857657839,0.25918643541401787,0.040000000000000001,1,0.49995750805526668
319,160.40466357127039,161.91763755634372,397.96834179121942,480.73691800248815,729.69335717445563,1.4578442953920652,17.663073458333333,1.0980676250000001,0.052156333333333332,16.510296208333333,0.0025532916666684002,2,0,1,24,0.016923178190556172,0.28910794050485489,0.040000000000000001,1,0.49998554951820251
320,160.43223972663566,161.97055351831827,397.97322530412902,480.86623015443507,729.71375373262833,1.4570714655186983,16.352751375,1.1172647083333334,0.053134208333333335,15.180007041666666,0.0023454166666674325,2,0,1,21,0.017214973269949183,0.26317464814246366,0.040000000000000001,1,0.49998677497748906
321,160.45152643036619,161.95731194831865,397.75136541703205,480.79077415732536,729.69537147024107,1.4559024883294951,15.430782291666667,1.0983927916666667,0.052170250000000001,14.278095708333334,0.0021235416666662843,2,0,1,20,0.014674315567710738,0.25647152024712455,0.040000000000000001,1,0.49998487682684262
322,160.47684387069853,161.91452771554574,397.4650319808635,480.66200715164712,729.6569060382119,1.4547830116834048,16.360837083333333,1.1473272083333332,0.052871291666666667,15.158453833333333,0.0021847499999996245,2,0,1,21,0.018310777733140021,0.27074398831566643,0.040000000000000001,1,0.49993105863575654
323,160.49736189213851,161.91211027358514,397.28923259138787,480.63922043722971,729.55479071867114,1.4537338925425822,15.305399541666667,1.0984315416666666,0.052556208333333333,14.152187958333334,0.0022238333333319815,2,0,1,20,0.016592007695070986,0.25644245878921257,0.040000000000000001,1,0.49995395301903589
324,160.51759428766397,161.93418063501673,397.20348852865271,480.69238890172625,729.55183068102508,1.4528699683478759,14.026656166666667,1.1096899583333333,0.053920041666666668,12.860806208333333,0.0022399583333339024,2,0,1,19,0.014417377945294208,0.23929604958970888,0.040000000000000001,1,0.4999835080332059
325,160.53805514616627,161.93674645248967,397.05096432950859,480.68413846799729,729.54235589137807,1.4518892285266374,14.822451750000001,1.1080110000000001,0.05200991666666667,13.660243458333333,0.0021873750000018788,2,0,1,20,0.013531664864319609,0.24166049662048467,0.040000000000000001,1,0.49999076156240063
326,160.55828258212907,161.96206144636756,396.96777160889178,480.74081338774982,729.51399827246053,1.4509923377354919,14.010480125000001,1.0954930416666666,0.051931458333333333,12.860839125,0.0022165000000011759,2,0,1,19,0.015363154248301779,0.2311015437622071,0.040000000000000001,1,0.49998521296332554
327,160.57471270627519,161.97259386161062,396.82396334858174,480.73816701917241,729.47407856971756,1.449945104217002,14.079557875000001,1.0789522499999999,0.051820458333333333,12.946498791666667,0.0022863750000006178,2,0,1,19,0.017168275102625238,0.23258624984923484,0.040000000000000001,1,0.49998186078669132
328,160.59232916341711,161.98340157804725,396.68484636810996,480.74320401650766,729.44152070852977,1.4489228063097457,14.213274166666666,1.1322388750000001,0.054970083333333336,13.023762583333333,0.0023026249999986703,2,0,1,19,0.015842784982430844,0.23119168418864747,0.040000000000000001,1,0.49998076674858349
329,160.61087066694881,162.01227013403792,396.61753089931852,480.80788380174715,729.41094105812454,1.4480709428439229,14.15537125,1.1078796666666666,0.05307166666666667,12.992211041666666,0.0022088750000008872,2,0,1,19,0.012660152446343212,0.22917209570745717,0.040000000000000001,1,0.49997233852457557
330,160.62696533611651,162.05233056772647,396.58765803644491,480.895741157077,729.35886514584627,1.447281422285372,19.00368675,1.1183594166666666,0.053354375000000002,17.829723208333334,0.0022497499999971637,2,0,1,25,0.016502825536977451,0.27329718183752949,0.040000000000000001,1,0.49998751820412607
331,160.65529261448779,162.08909764057807,396.54126316188507,480.99134387541733,729.36369772733394,1.4464400686663657,17.069130874999999,1.1112717916666666,0.053601708333333331,15.902103791666667,0.00215358333333171,2,0,1,22,0.015763566774253033,0.26301491241235675,0.040000000000000001,1,0.49998854234723805
332,160.68045253749227,162.02839397752643,396.19004174752342,480.8101773362273,729.33590800593026,1.4451889697954763,16.064585041666668,1.1063943333333333,0.061191541666666668,14.894740083333334,0.002259083333333578,2,0,1,20,0.0139386632147639,0.24272683861391303,0.040000000000000001,1,0.49997859880307549
333,160.70100763017717,162.00202305069936,395.95944884140391,480.72540340218166,729.27402251041701,1.4441636060155025,15.712631916666666,1.1220080416666667,0.052111375000000001,14.536314041666667,0.002198458333330322,2,0,1,20,0.013379568793638396,0.23870136878952838,0.040000000000000001,1,0.49997687825982395
334,160.71995572575341,162.00687751313612,395.83446346071031,480.72257439935203,729.21430371403471,1.4433188858208479,15.371810958333333,1.0971846666666667,0.05307683333333333,14.219222583333334,0.0023268749999978411,2,0,1,20,0.014877987471350825,0.23813547842511767,0.040000000000000001,1,0.49997296803037161
335,160.73757719185315,162.02591777430362,395.75334066405765,480.75350102992252,729.15324888482826,1.4425310845350561,15.53888875,1.1213215000000001,0.053886833333333335,14.361456875,0.0022235416666660512,2,0,1,20,0.017425468540701761,0.23822818298946627,0.040000000000000001,1,0.49996606793355047
336,160.7537255054859,162.05711700055741,395.71154436050085,480.81792300652336,729.09132216605485,1.4418029376589474,15.584492291666667,1.1168360833333333,0.053751333333333332,14.411651916666667,0.0022529583333348313,2,0,1,21,0.017974994988124399,0.24609892568863884,0.040000000000000001,1,0.49996776680512839
337,160.77450973247383,162.09042625676821,395.68483450652076,480.90580789911695,729.03795135208429,1.4411363684102758,16.910369583333335,1.1166814166666668,0.053628916666666665,15.737874666666666,0.002184583333335155,2,0,1,23,0.017680136591283341,0.27121239926220669,0.040000000000000001,1,0.49997055089269415
338,160.79591364709302,162.14293597506588,395.71578570003896,481.05986000716189,728.93863006705476,1.4405366988105581,15.931151166666666,1.1157220416666667,0.054009291666666667,14.759215208333334,0.0022046249999991829,2,0,1,22,0.01428374778018089,0.24948185564607459,0.040000000000000001,1,0.49990113243009465
339,160.80254837640669,162.23874991744916,395.86386151768869,481.29118206805538,728.7451852197222,1.4400080851159998,16.169283916666668,1.0965708333333333,0.053388541666666664,15.017183958333334,0.0021405833333343338,2,0,1,22,0.01511001485408405,0.2617131397175983,0.040000000000000001,1,0.49997384823246349
340,160.82238274844022,162.37339689869401,396.18253683020134,481.69878129422113,728.74924991906346,1.4399473337210689,16.76796075,1.1382296666666667,0.053919083333333333,15.573551166666666,0.0022608333333327124,2,0,1,22,0.015672842130606102,0.24902705999855865,0.040000000000000001,1,0.4999701537419548
341,160.83416800088608,162.42993219431654,396.17406416821444,481.81791147591383,728.68139735516922,1.439045924702274,16.531344458333333,1.1521905416666667,0.053423416666666668,15.32357925,0.0021512500000007151,2,0,1,22,0.013902020666117846,0.26105360482071943,0.040000000000000001,1,0.49998724939347255
342,160.85204045312389,162.46815720980783,396.11987676480902,481.93305805417577,728.62072324952533,1.4381385470709098,15.93495225,1.100524375,0.053559583333333334,14.77864625,0.0022220416666662857,2,0,1,21,0.012342861468119236,0.25016028967628423,0.040000000000000001,1,0.49997444943821429
343,160.87067469975426,162.4788365399634,395.96321089524332,481.95647417877427,728.50945356435113,1.4370140710470436,15.167406833333333,1.1379911250000001,0.053003291666666667,13.974151000000001,0.002261416666664573,2,0,1,21,0.012025831152059931,0.24836088861625547,0.040000000000000001,1,0.49998123738179284
344,160.89534940400878,162.51333710638517,395.90303157975046,482.06991439104479,728.44521457567271,1.4361264043244817,16.970327041666668,1.1062903749999999,0.049988875000000002,15.811827375,0.0022204166666668357,2,0,1,22,0.012410908360146146,0.25294987603836661,0.040000000000000001,1,0.49999048951818742
345,160.91682452468041,162.48025661969265,395.59207937151257,481.95408764463565,728.41434976795369,1.43470860768918,15.931477208333334,1.1338172916666667,0.050531,14.744850333333334,0.0022785833333340832,2,0,1,21,0.01212201073229608,0.24533608847925911,0.040000000000000001,1,0.49997356037452562
346,160.93780700863897,162.39749087260216,395.09022423892156,481.65548268073502,728.35419536163909,1.4328591662100405,17.181569583333335,1.1204272916666667,0.051705083333333332,16.007203708333332,0.0022335000000026639,2,0,1,24,0.013831235577352484,0.27130293536066347,0.040000000000000001,1,0.4999892653445342
347,160.9693650671268,162.32702184015247,394.617831380273,481.41529545771607,728.33316595601536,1.4310051826667725,16.601366291666668,1.1040177499999999,0.049801625000000002,15.444901874999999,0.0026450416666676801,2,0,1,21,0.012899979441877353,0.24420816616813695,0.040000000000000001,1,0.49998786826499164
348,160.98850477395428,162.25497876630828,394.19889377916707,481.17809346955625,728.2712436706604,1.4295026061845639,16.506297458333332,1.1377944166666667,0.049586999999999999,15.316578916666666,0.0023371249999986077,2,0,1,22,0.015402472691686091,0.24975828671168002,0.040000000000000001,1,0.49998945426274005
349,161.01416294817173,162.2193946629329,393.88543280349722,481.0627849498635,728.26229663339961,1.4281032093722883,14.976041833333333,1.1118111666666666,0.050197791666666665,13.811835791666667,0.0021970833333337936,2,0,1,19,0.013481612520037918,0.22112151995213647,0.040000000000000001,1,0.49997048074914235
350,161.02979923079192,162.15408309782836,393.48354331684453,480.81456909581607,728.22719497106266,1.4266027459786748,16.214032291666665,1.1027692916666667,0.049807875000000001,15.059068208333333,0.0023869166666656838,2,0,1,22,0.015598838886068958,0.24492065802522592,0.040000000000000001,1,0.4999671417164398
351,161.04814883671096,162.18566062847844,393.43456434218274,480.88356579908788,728.15938459966003,1.4258282934360655,15.884349041666667,1.1216292916666666,0.049818458333333336,14.710633,0.0022682916666667552,2,0,1,22,0.017151737087107762,0.24182683728364052,0.040000000000000001,1,0.49984129241865766
352,161.04518740069679,162.28188040148191,393.55865975244245,481.10017696812878,727.87162466547534,1.4251546677841465,16.444552874999999,1.1100030416666666,0.049528666666666665,15.282720875000001,0.0023002916666641227,2,0,1,23,0.016367313246673593,0.24985637555513146,0.040000000000000001,1,0.49998014274641411
353,161.06479467672128,162.44017227116362,393.97982962816593,481.56700412117181,727.90327939257156,1.4253842145063105,16.008960333333334,1.1327404583333334,0.049563083333333334,14.824385833333332,0.0022709583333337946,2,0,1,22,0.013082147697117996,0.23981981239036926,0.040000000000000001,1,0.49987920578279266
354,161.06793743944374,162.50777497994733,394.00201243565436,481.69730327433547,727.67631111299568,1.424511765571046,17.075343666666665,1.11540825,0.049841041666666669,15.907842708333334,0.0022516666666643204,2,0,1,24,0.012674980051631783,0.2545278577286994,0.040000000000000001,1,0.49999135179565518
355,161.09274780785231,162.60458815753677,394.21253871572202,481.99183630730147,727.75238427620002,1.4243629480725091,15.545868333333333,1.1120412500000001,0.04937925,14.382150083333332,0.0022977500000003204,2,0,1,20,0.012722822575680186,0.22403898367040265,0.040000000000000001,1,0.49996440651060586
356,161.10088891942402,162.57921761422151,393.92617404639759,481.85666689581393,727.67725648079102,1.4229798852958631,16.927330166666668,1.1555966666666666,0.049879291666666666,15.719614541666667,0.0022396666666679721,2,0,1,22,0.012775009358995089,0.23221579885390684,0.040000000000000001,1,0.49998801047716351
357,161.1200051689363,162.60950509150405,393.82694950837788,481.90941752896782,727.64878332817614,1.4219183822419392,16.846053000000001,1.131528375,0.049959958333333332,15.662304000000001,0.0022606666666664665,2,0,1,22,0.012175649875044351,0.23829458905752862,0.040000000000000001,1,0.49998776485443613
358,161.13887722200104,162.58721655486724,393.56890767490927,481.82400129524376,727.58277895370293,1.4206632969947803,17.169534333333335,1.1148157083333334,0.050160916666666666,16.002290166666668,0.002267541666665096,2,0,1,24,0.013732925298020329,0.24478460391953408,0.040000000000000001,1,0.49996490072018207
359,161.16372382833771,162.5437868700044,393.19675724166927,481.64535624923099,727.50069321999672,1.4190205286414996,16.470114916666667,1.1403220000000001,0.050412125000000002,15.27708825,0.0022925416666677023,2,0,1,21,0.012113373237768371,0.22495270376564841,0.040000000000000001,1,0.49998852496656254
360,161.17672192065507,162.55629930641413,393.07740080017572,481.65720341195544,727.45650025072757,1.4181000827241748,18.071621166666667,1.123582125,0.050907458333333336,16.894854833333333,0.0022767500000000496,2,0,1,23,0.011674937194405901,0.23401360868888818,0.040000000000000001,1,0.49998825124038887
361,161.19204006978791,162.56108738889648,392.89583660220666,481.60565012782723,727.42299467018927,1.4169119616078729,15.423245041666666,1.1116466250000001,0.049982791666666665,14.259402291666667,0.0022133333333318461,2,0,1,20,0.010579041596969966,0.21851768170201905,0.040000000000000001,1,0.49996879059000904
362,161.20564544589126,162.53014570520091,392.61333305546748,481.48323773566091,727.34409096080685,1.4156339204149497,16.684159833333332,1.1111127916666668,0.049748124999999997,15.521051541666667,0.002247374999997831,2,0,1,24,0.014304405836651993,0.24279270887193186,0.040000000000000001,1,0.49998831116217218
363,161.23724471742577,162.48321755469843,392.25874211298049,481.33086971575375,727.37295589312646,1.4141492765610104,14.929203208333334,1.1129339583333333,0.049412791666666664,13.764595,0.0022614583333346872,2,0,1,19,0.010266320413350126,0.19954603725894884,0.040000000000000001,1,0.49998161872323071
364,161.24442543309388,162.50389130305112,392.17902699991993,481.35829584534946,727.25390712214403,1.4133516056458675,16.733297791666665,1.1079077916666666,0.049260916666666668,15.573854041666667,0.0022750416666639239,2,0,1,22,0.012522822578174584,0.22632045684775606,0.040000000000000001,1,0.49996539486851588
365,161.25835526248551,162.53960234649972,392.12009705123864,481.39560243656643,727.1703990706452,1.4124588185919289,19.314986208333334,1.1167486250000001,0.049810458333333335,18.146152499999999,0.002274625000001862,2,0,1,26,0.011976992323567179,0.23930003443097922,0.040000000000000001,1,0.49999252045170817
366,161.27799444837939,162.60869029664795,392.19606046206729,481.57110919243036,727.09910325384999,1.4119009860209919,16.924826416666665,1.1086220416666666,0.050399916666666669,15.763521291666667,0.0022831666666647266,2,0,1,21,0.011147404940021942,0.24722869503443476,0.040000000000000001,1,0.49997459238036224
367,161.28809259358709,162.53315445177799,391.74756616992119,481.29050287375344,726.95941981872659,1.4102624937741481,16.482832416666668,1.127160875,0.04984541666666667,15.303592666666667,0.0022334583333343261,2,0,1,21,0.010820397985952267,0.21087691326909574,0.040000000000000001,1,0.49996830312338297
368,161.29977203644469,162.53538864739627,391.59751568324242,481.24215193581847,726.86583529183213,1.4093061759785295,16.089603708333332,1.1239091666666667,0.049917250000000003,14.913477833333333,0.0022994583333311169,2,0,1,22,0.011908518246658562,0.21868391134510518,0.040000000000000001,1,0.49990850031629042
369,161.30478380064991,162.60263329659966,391.62192615607768,481.36609349324533,726.67981618452063,1.4084599259947364,16.780259749999999,1.1468520833333333,0.049394458333333335,15.581707874999999,0.0023053333333322712,2,0,1,22,0.010893868811753638,0.22343384017534221,0.040000000000000001,1,0.49998754917262106
370,161.31990421537046,162.66408548640663,391.69306855739887,481.52560086139403,726.67479514973365,1.4079874016820482,24.058268416666667,1.0920749583333333,0.049141833333333336,22.914833375000001,0.0022182499999985339,2,0,1,32,0.014343805726405383,0.29928139761655104,0.040000000000000001,1,0.49998134014952578
371,161.35054112049588,162.68397617731168,391.56910872288631,481.56182630755796,726.59813754971822,1.4069310200293441,15.978843541666667,1.1389729166666667,0.050181458333333331,14.787445249999999,0.0022439166666661237,2,0,1,20,0.011016086558526584,0.2145410075011471,0.040000000000000001,1,0.49997087141749397
372,161.35496292431236,162.6205595236861,391.1828945534042,481.31713433178663,726.53209749612211,1.4054947031247143,15.577254833333333,1.0959195833333333,0.050285999999999997,14.428778333333334,0.0022709166666654568,2,0,1,21,0.012208645542421667,0.20928104818289886,0.040000000000000001,1,0.49997905081646959
373,161.36986045646901,162.6588406916093,391.17649534901932,481.40782831571357,726.4515991657164,1.4048892374111088,16.826016458333335,1.1273627916666666,0.050026874999999998,15.646368041666667,0.0022587500000010863,2,0,1,22,0.012651019348521779,0.20901158419105695,0.040000000000000001,1,0.4999220927565215
374,161.37633426025783,162.69814338083054,391.12425496868696,481.45397293294099,726.28629882317205,1.4039872050240623,15.959944833333333,1.12062825,0.050212833333333332,14.786833,0.0022707500000009873,2,0,1,22,0.012242352865761417,0.21351915840988722,0.040000000000000001,1,0.49996278143636552
375,161.38684195648449,162.79611320750828,391.32560538626115,481.70923092141146,726.25067856875842,1.4037773241395355,16.158575124999999,1.1138930416666666,0.050162625000000002,14.992245875,0.0022735833333307198,2,0,1,22,0.013913998951953548,0.23117260334362727,0.040000000000000001,1,0.49998208808911676
376,161.40130725072086,162.84297440046259,391.30285985189721,481.82497236354442,726.19048415026589,1.4029459133410771,16.507593458333332,1.1374355416666666,0.050035625,15.317847625000001,0.0022746666666648707,2,0,1,21,0.01250708921254619,0.21554671972664241,0.040000000000000001,1,0.49997285606928887
377,161.40930741923927,162.86306467432271,391.19586296468151,481.83534450054418,726.07017271068287,1.4019925189726468,17.554369958333332,1.1266974999999999,0.050945499999999998,16.374471333333332,0.0022556250000000944,2,0,1,23,0.011543267523040251,0.23260043355005633,0.040000000000000001,1,0.49999067951348952
378,161.42466295717372,162.89242443071117,391.11585128358712,481.91151161628073,725.95272779248035,1.4010683900770005,16.259017708333332,1.1070810416666668,0.049692083333333331,15.099948958333334,0.0022956249999968037,2,0,1,21,0.010601579118419722,0.22427548545563267,0.040000000000000001,1,0.4999841623057184
379,161.4429505876266,162.84652516059546,390.75107219907017,481.73829625912072,725.88234613692839,1.399505127995335,17.607933708333334,1.1224040416666667,0.049798374999999999,16.433493958333333,0.0022373333333334244,2,0,1,23,0.011789007196960811,0.23136094528656556,0.040000000000000001,1,0.49999093980326714
380,161.46328343493866,162.82412528490786,390.45846478551891,481.6465285549973,725.80650100640617,1.3980381537582283,16.535780791666667,1.1115551666666668,0.049158291666666666,15.372769083333333,0.0022982500000008343,2,0,1,21,0.011648881260904452,0.21283604215450466,0.040000000000000001,1,0.49998421747142113
381,161.48195230741064,162.76190781104631,390.03670035513824,481.41871950712664,725.7649617109472,1.3963635324792332,16.742684291666666,1.1005797083333333,0.049055833333333333,15.590821041666667,0.0022277083333328562,2,0,1,24,0.01165373744902513,0.24454875722279676,0.040000000000000001,1,0.49998185913949394
382,161.50751077328687,162.66176723989574,389.44988428580689,481.09034550699545,725.70498389760883,1.3942312375805006,16.048706750000001,1.1347493333333334,0.049142749999999999,14.862420999999999,0.0023936666666681816,2,0,1,20,0.010189697768480745,0.20844992183762093,0.040000000000000001,1,0.4999802276688054
383,161.51855838174924,162.6439746660451,389.22976218656902,481.00645170951236,725.6019557118907,1.3931397580867646,15.615748249999999,1.3105812083333332,0.050461249999999999,14.252297291666666,0.0024084999999995915,2,0,1,21,0.011949129130009431,0.20942248544007427,0.040000000000000001,1,0.49997827824093055
384,161.53104073479335,162.69112675887615,389.25857642395812,481.12215964386928,725.50351285763622,1.3926232744142011,18.592606291666666,1.1023943333333333,0.048904999999999997,17.438900791666665,0.0024061666666668202,2,0,1,24,0.011545647676602861,0.22891069923030019,0.040000000000000001,1,0.49998956477999329
385,161.546673236701,162.70314098346176,389.11937443794551,481.10865642103482,725.43296097735208,1.3915910417334734,18.573608208333333,1.3564590833333334,0.049963708333333336,17.16483075,0.0023546666666653948,2,0,1,23,0.011891234028779099,0.22174550203472398,0.040000000000000001,1,0.49999239550921248
386,161.56041286275695,162.70620748283625,388.96968783478258,481.10624282652986,725.31438118260019,1.390625986877696,18.916225041666667,1.3049932083333333,0.050138124999999999,17.558902208333333,0.0021915000000021223,2,0,1,24,0.011243828083125873,0.22662942339774808,0.040000000000000001,1,0.49999055740818193
387,161.58003543347073,162.65119198833526,388.57972343203642,480.8765512562058,725.31180530372524,1.3890370472040803,17.376625583333333,1.3126547916666667,0.050285208333333331,16.011451000000001,0.0022345833333332621,2,0,1,21,0.010355224502856739,0.19397611821934688,0.040000000000000001,1,0.49997495407586795
388,161.58977589664599,162.60477860118445,388.22923435477128,480.66949251100039,725.24926299761682,1.3875635002521589,16.461173375000001,1.3153811666666666,0.051237291666666664,15.092358166666667,0.0021967500000013018,2,0,1,22,0.0097400280900394928,0.21408639442755328,0.040000000000000001,1,0.49997847621569491
389,161.60396707061261,162.60931882172704,388.08696242041276,480.64307269141051,725.18131292283272,1.3866219060045561,17.461807166666667,1.2980400000000001,0.049622416666666669,16.111944166666667,0.0022005833333338387,2,0,1,25,0.010658519337497162,0.21339744312500486,0.040000000000000001,1,0.49998029817134576
390,161.62101493899618,162.6482069641817,388.03160860518381,480.70803779285853,725.09779650946155,1.3857109515547006,16.549342833333334,1.323387375,0.049880750000000001,15.17356925,0.0025054583333350422,2,0,1,21,0.010756116035134076,0.2184664286534963,0.040000000000000001,1,0.49997779743133886
391,161.62486940661157,162.65948801995455,387.91097521298974,480.72478150496244,724.96247854888929,1.3848038619511827,20.397067541666665,1.359777875,0.052329291666666666,18.981801541666666,0.003158833333333888,2,0,1,23,0.0035740114808848122,0.074895419144824879,0.02,2,0.49998942123413337
392,161.64482594733832,162.66511420483107,387.88288531209776,480.76830165685391,724.97796024112688,1.3845486920057615,19.411015291666665,1.3033897916666666,0.049763208333333336,18.055641999999999,0.0022202916666635986,2,0,1,21,0.0039305442851383611,0.071305566735396536,0.02,2,0.49997781788356932
393,161.65698755963007,162.62285564264147,387.69013079888731,480.65374233764976,725.0508598487113,1.3839830463365124,20.181466541666666,1.2978665416666666,0.050967375000000002,18.830559791666666,0.0020728333333330795,2,0,1,21,0.0046151508063066943,0.070267828945258626,0.02,2,0.49998037622244118
394,161.66953493949603,162.57305366027219,387.45978405950092,480.50724362472624,725.14504862043611,1.3832964647952852,20.807769791666665,1.3339136666666667,0.050875083333333335,19.420908458333333,0.002072583333330158,2,0,1,21,0.005311322243267606,0.06432412994126839,0.02,2,0.49997755384078135
395,161.6809525859905,162.51795869821134,387.20383673274472,480.34048780325605,725.18695016859601,1.3825295360235548,20.101453833333334,1.2792844583333334,0.04900070833333333,18.771145624999999,0.0020230416666677797,2,0,1,21,0.0054200760951649976,0.070587359173131664,0.02,2,0.499969106701243
396,161.69191268831474,162.46071133774615,386.94349472622577,480.17018939050769,725.24549150240307,1.3817665916887023,21.215552833333334,1.2861383333333334,0.049564749999999998,19.877830916666667,0.0020188333333344133,2,0,1,22,0.0041574627380820545,0.069568189491616014,0.02,2,0.49999646584376606
397,161.70744789119445,162.42559676558392,386.76888243540719,480.07795080598828,725.30773836590072,1.3812064732235541,22.754006749999999,1.2897507083333333,0.050376875000000002,21.411866499999999,0.0020126666666655524,2,0,1,21,0.0039299825354444044,0.062888474426108606,0.02,2,0.49999104012395545
398,161.71515521174126,162.36342210079027,386.48579356097957,479.88492502904018,725.31717441390208,1.3803747701317908,22.921893499999999,1.3065583333333333,0.051062749999999997,21.562255416666666,0.002017000000002156,2,0,1,23,0.0042259263899957922,0.068849698648187019,0.02,2,0.49999671955471475
399,161.72839507435293,162.31804680256761,386.26672584210581,479.75368265132209,725.34827315765665,1.3796905732357279,25.911959208333332,1.2892950833333334,0.050011041666666665,24.57062225,0.0020308333333325379,2,0,1,23,0.0033328959582010951,0.065637773071743941,0.02,2,0.49999683825211788
400,161.73604251904564,162.25108433601784,385.96279582895562,479.54644285755802,725.33329983570206,1.3787994848135285,21.747899916666668,1.2991287083333334,0.049543666666666666,20.397057,0.0021705416666648603,2,0,1,22,0.0030609143093981348,0.06603246880100945,0.02,2,0.49999629644373811
401,161.74727600896611,162.19156762637215,385.69576664265111,479.37533780315408,725.32567011689457,1.3780260113839449,19.820444083333335,1.3120103333333333,0.05096241666666667,18.455297458333334,0.0021738750000004359,2,0,1,21,0.0030742224921387353,0.061955636053761358,0.02,2,0.49999418190664729
402,161.75790017844045,162.13565640745966,385.44343561486971,479.21589605796737,725.2867877529784,1.3772897594235536,17.915342500000001,1.2988663333333332,0.049797041666666667,16.564516458333333,0.0021626666666669792,2,0,1,20,0.0031621887564935,0.057754421403695327,0.02,2,0.49997628158682467
403,161.76517077396613,162.09237284720302,385.2317297274468,479.08999141147166,725.20776056522061,1.3766184858715524,17.643101458333334,1.308540875,0.049573208333333334,16.282821166666668,0.0021662083333353621,2,0,1,20,0.0033235366713027731,0.055750037460049987,0.02,2,0.49997677273850732
404,161.77272210158728,162.06501116699496,385.0841145727095,479.01372414593226,725.14550584618883,1.3761088948182114,17.723858374999999,1.2925123333333333,0.049939083333333335,16.379245958333332,0.002160999999997415,2,0,1,20,0.0035737105549077663,0.055449532803583688,0.02,2,0.49998325605983901
405,161.77949644206879,162.04319166010049,384.95620680686,478.95373554523104,725.07955378152394,1.3756394999571393,17.534047166666667,1.26939975,0.049732666666666668,16.211981541666667,0.0029332083333315495,2,0,1,20,0.0042097896652863644,0.056523511409066959,0.02,2,0.49998554927474026
406,161.78582761334204,162.01966419844919,384.82384132055876,478.89205510558395,724.9932614838882,1.3751675034285262,18.200111625000002,1.3154665416666667,0.050776083333333333,16.831560583333335,0.002308416666668478,2,0,1,21,0.0048215452982491944,0.060238284528432808,0.02,2,0.49999363872819341
407,161.79193333296885,161.99530450096364,384.68527704174392,478.82487759826375,724.89823850748655,1.3746693043158889,19.641072999999999,1.2958557083333333,0.049501541666666669,18.293522374999998,0.0021933749999973884,2,0,1,19,0.0036436485423111294,0.064342140325109584,0.02,2,0.49996086416128399
408,161.7865187059752,161.95639959580114,384.46372005711629,478.67987808168391,724.64434350864735,1.3738717396572937,16.441485875000001,1.2817093749999999,0.050059874999999997,15.107511875,0.0022047500000006437,2,0,1,21,0.0047752806654954849,0.064063314093054713,0.02,2,0.49998999581494946
409,161.79755071305695,161.93989533176281,384.35353284326789,478.64136660275693,724.55625714014275,1.3734332547013879,28.641017250000001,1.2973205833333334,0.049773499999999998,27.291784208333333,0.0021389583333331075,2,0,1,27,0.0048865173595640183,0.073380088522881665,0.02,2,0.4999827486521552
410,161.79820853764159,161.91311221926628,384.17281827954366,478.54728905328017,724.30554324353704,1.3727097392784868,19.97953875,1.3018581250000001,0.049692,18.625802624999999,0.0021860000000017976,2,0,1,21,0.0029709594259374958,0.061827538252030301,0.02,2,0.49999604015288035
411,161.79974921515972,161.88136369645798,383.99747567375783,478.44841685794273,724.06957965157414,1.3720919252557533,20.370090833333332,1.3115874166666666,0.049762500000000001,19.006501208333333,0.0022397083333345336,2,0,1,25,0.0032520135922589548,0.063681664705666802,0.02,2,0.49997519006827568
412,161.8055182519735,161.86195304622859,383.82813486540533,478.36342854184289,723.82021664750926,1.3713301837880461,16.055215333333333,1.2916525000000001,0.050307791666666664,14.711042583333333,0.0022124583333340553,2,0,1,19,0.0033721239299812711,0.061771479614666898,0.02,2,0.49992706135357184
413,161.80209793836858,161.84593069627277,383.69951322050559,478.30412933512537,723.60274688312836,1.370770223074518,26.324532416666667,1.3037880416666667,0.050000083333333334,24.967897416666666,0.0028468749999994714,2,0,1,30,0.0039427398772028206,0.077059042911357858,0.02,2,0.49999193236062894
414,161.81688138734029,161.86940922442878,383.70827058089577,478.37795789612903,723.60741457166489,1.370480453467843,27.111466374999999,1.3271215833333334,0.049679624999999998,25.732458958333332,0.0022062083333338478,2,0,1,29,0.0039147420985139892,0.072757781396822749,0.02,2,0.49999024503222061
415,161.8245333613493,161.86533351010127,383.64330624445654,478.38255533367067,723.51387661059141,1.370138793310645,17.718708291666665,1.2894137916666666,0.04969875,16.37731475,0.0022809999999964248,2,0,1,23,0.0039894866760381885,0.064796682886831214,0.02,2,0.4999866643322759
416,161.83054400945829,161.85172185002708,383.54235236578802,478.35159126622676,723.36570340195681,1.369714377961212,16.763861250000001,1.298616625,0.050197166666666668,15.412839583333334,0.0022078750000016356,2,0,1,19,0.0036125799428996636,0.064569257664019955,0.02,2,0.49992769845239965
417,161.82151931102302,161.83928982640251,383.41765735605333,478.29133960063552,723.12538268629828,1.3691259258943094,17.342182375,1.2880597916666667,0.04985445833333333,16.002071749999999,0.002196375000004025,2,0,1,20,0.0032602215782732086,0.064638602806123158,0.02,2,0.49997793134467045
418,161.8271263980759,161.8822395093265,383.55582508914108,478.44282303918283,723.31786759410625,1.3693508704334632,20.402591291666667,1.283385875,0.050019708333333336,19.066972291666666,0.0022134166666667454,2,0,1,21,0.0037638443570959784,0.05593788499263902,0.02,2,0.49998993219019278
419,161.82937798638218,161.90526093818434,383.6160305784968,478.51659472230205,723.38873663331117,1.3693858269680437,20.656879374999999,1.2981498333333332,0.049791083333333333,19.3067505,0.0021879583333337393,2,0,1,22,0.0048720616513969256,0.058713040860992917,0.02,2,0.49999691132863539
420,161.83170930080618,161.92400550814784,383.6345475195838,478.56285352426067,723.38832194760198,1.3692258989991433,19.754282875000001,1.2873006666666666,0.050206916666666664,18.414566666666666,0.0022086250000015184,2,0,1,21,0.004109026887139172,0.061224763653167126,0.02,2,0.49997158794761554
421,161.82620976890718,161.90866174208435,383.48823971609045,478.48172136208575,723.12641077658475,1.3685467818082255,18.248680041666667,1.284021125,0.049838750000000001,16.912632583333334,0.0021875833333346861,2,0,1,21,0.002968913269609982,0.065711717431539252,0.02,2,0.49997960699805771
422,161.82260104468733,161.92758625820326,383.47226085702903,478.51627560301085,723.05679942979623,1.3681712901318708,36.46118070833333,1.2686002916666668,0.049056833333333334,35.141327250000003,0.0021963333333303581,2,0,1,37,0.0043302901146045703,0.080476252971787218,0.02,2,0.49998518886112586
423,161.83151015843353,161.94737235607741,383.44384423461065,478.55386096702517,722.95746668958054,1.3677064879541476,24.80053075,1.3176917916666666,0.048835958333333332,23.431056625,0.002946374999996948,2,0,1,27,0.0032316298484789496,0.066885999967635112,0.02,2,0.49998926304460928
424,161.83241767501315,161.94267064162281,383.36207157349185,478.53885101043318,722.80214506472441,1.3672702818509614,21.897195208333333,1.3020506666666667,0.048613249999999997,20.54434625,0.0021850416666673311,2,0,1,23,0.0030809944078118785,0.06281032328961228,0.02,2,0.49999415548241449
425,161.83100897166861,161.93658674242613,383.27618610160982,478.5174253790077,722.63337145984883,1.3668288545024301,21.567112000000002,1.3024744583333334,0.050161458333333332,20.211870958333332,0.0026051250000023174,2,0,1,23,0.0035585406835765879,0.061705573456695362,0.02,2,0.49999500898007937
426,161.83232776233098,161.93017303607158,383.18355154580161,478.49374161757595,722.45625102235113,1.3663505346865998,24.178168833333334,1.2934410833333334,0.049811124999999998,22.832687583333332,0.0022290416666663759,2,0,1,27,0.0043982272189742053,0.066496168181869555,0.02,2,0.49998671893840019
427,161.84012226327002,161.9221756260099,383.08974052217337,478.47808301346254,722.27808695871829,1.3658880511029698,19.207375500000001,1.2914879583333334,0.049038541666666664,17.864652958333334,0.0021960416666644278,2,0,1,22,0.0041370806941169666,0.062935575266631807,0.02,2,0.49999495911686753
428,161.84078914396198,161.9119925291597,383.00168837170611,478.45545974067619,722.11307628225427,1.3654930211715419,20.143212416666668,1.2959855,0.049512708333333336,18.795532125000001,0.0021820833333308087,2,0,1,22,0.0038777764254411397,0.060067801757385762,0.02,2,0.49998317602811965
429,161.84202900698736,161.91114243747242,382.93940441342136,478.45372674450067,721.97717180330415,1.3651207609834921,20.820224291666666,1.3229849583333333,0.049880708333333336,19.444884958333333,0.0024736666666669294,2,0,1,22,0.0036607884704704737,0.059328593212748609,0.02,2,0.49999525306641351
430,161.84335122591511,161.91839167751971,382.90820007420876,478.47210125810358,721.89647714611169,1.3648221558228995,27.080326041666666,1.2880872916666666,0.049972333333333334,25.739483708333335,0.0027827083333313851,2,0,1,26,0.0017529599436690608,0.027562218216553133,0.01,3,0.49999530827179817
431,161.8519156882748,161.92165350039079,382.8786507119986,478.47649330550161,721.83731941478391,1.3645920260508861,30.415095583333333,1.299844,0.049536583333333335,29.062761541666667,0.0029534583333337139,2,0,1,29,0.0017709231016542193,0.026027403392906278,0.01,3,0.49999165436874682
432,161.85974147632732,161.92319947376546,382.85539238361059,478.48290378270036,721.78887533208422,1.3644258119148653,31.426584708333333,1.300542375,0.049277874999999999,30.073895,0.0028694583333326307,2,0,1,29,0.0017075765452117359,0.023809881695889355,0.01,3,0.49999491659061024
433,161.86600871948494,161.9251494974354,382.84414194333942,478.49766145656753,721.76140854158416,1.3643278584677359,27.701482041666665,1.3097566249999999,0.049432958333333332,26.339909916666667,0.0023825416666660715,2,0,1,25,0.0017950440684598643,0.019759328847478792,0.01,3,0.49998115939329618
434,161.86946263938691,161.92387046991385,382.8285019934309,478.50228582056064,721.72341933699795,1.3642499458692354,27.992254041666666,1.2875681666666667,0.049154000000000003,26.652780125,0.0027517499999980544,2,0,1,25,0.0018897067002332621,0.021715387323254214,0.01,3,0.49999486803542942
435,161.87746410906959,161.92602704685243,382.84285271798745,478.5312195909022,721.7413486844149,1.3643070833030069,27.593885166666666,1.3361460833333334,0.049859666666666663,26.205077583333335,0.0028018333333328371,2,0,1,25,0.0018997217521037129,0.019661079843891833,0.01,3,0.49998156002897748
436,161.88124398903557,161.92498854927646,382.82878748946138,478.53754954673764,721.70717065587894,1.3642353840461148,24.590452875,1.3171092083333333,0.049928541666666666,23.220615916666667,0.0027992083333323592,2,0,1,23,0.0017240222747871669,0.01945062082023526,0.01,3,0.49998338727727659
437,161.88766447817818,161.92636097506031,382.84312079843568,478.56226785483551,721.72291803085864,1.3643038631455486,30.466112875,1.2992177083333334,0.049270791666666668,29.114952291666668,0.002672083333330022,2,0,1,29,0.0019664918643509566,0.024619143563092919,0.01,3,0.49999423848104835
438,161.89277852787106,161.92876767109777,382.8361045089336,478.57712835577229,721.70926326297445,1.3642253937640816,32.123713083333335,1.3024788333333333,0.050120375000000002,30.768377333333333,0.002736541666671144,2,0,1,27,0.0020608028869577434,0.020543343648761227,0.01,3,0.49999128533211007
439,161.89702104886751,161.92837665981364,382.82761611732604,478.58523174738485,721.68813837133769,1.3641786820452564,32.621620999999998,1.3506227500000001,0.052025500000000002,31.216046250000002,0.0029264999999973895,2,0,1,29,0.0016259938316356194,0.021134725067252901,0.01,3,0.49999416532706625
440,161.90027219282391,161.93005305597862,382.81667223461739,478.59468326722174,721.66488986979289,1.3640866226498369,40.242598874999999,1.3005329999999999,0.049037083333333335,38.890069333333336,0.0029594583333292235,2,0,1,33,0.0011751495652148958,0.020416190584842456,0.01,3,0.49999451956573482
441,161.90518391624835,161.93225623739005,382.80948760054554,478.60723496042135,721.64507892109498,1.3640100897461285,27.227523125000001,1.3380030416666666,0.051980916666666668,25.835354416666668,0.0021847499999978481,2,0,1,23,0.0010046480737100009,0.016129987298666101,0.01,3,0.49998888198576058
442,161.90541504305125,161.92896426160229,382.79405931948344,478.60567024809484,721.61236422451555,1.3639628714049288,29.972354791666667,1.2765205833333333,0.04901629166666667,28.644609041666666,0.0022088750000008872,2,0,1,25,0.00092424116811302384,0.016442602048791603,0.01,3,0.49999558676351435
443,161.90845632687768,161.93454430785252,382.81482882421381,478.63085943183074,721.6401958164829,1.3640096710708463,36.73821375,1.3062698749999999,0.049600958333333334,35.379393749999998,0.0029491666666672245,2,0,1,29,0.0015313232631557986,0.020760261393889971,0.01,3,0.49999247349869363
444,161.91304545240411,161.93442175678425,382.81092510824692,478.64213375564321,721.62583394130957,1.3639873533695379,25.575125875000001,1.3450113749999999,0.056134416666666666,24.171150375,0.0028297083333370665,2,0,1,24,0.0013861666453557049,0.018751884849122439,0.01,3,0.49997935325335419
445,161.91363275368283,161.93333724742365,382.79562203886422,478.64423826469709,721.58922521899478,1.3639086833242824,34.653702750000001,1.2979132083333333,0.049530999999999999,33.303452083333333,0.0028064583333318183,2,0,1,27,0.0012759550728152276,0.019436154439475255,0.01,3,0.49999398569710701
446,161.91663187639421,161.9350109512097,382.78175006040863,478.64886408378533,721.55688790054887,1.363798586926573,27.900728541666666,1.3090334583333334,0.050737666666666667,26.538181083333335,0.0027763333333332696,2,0,1,25,0.0012609128287061032,0.01840672204892525,0.01,3,0.49999065912150864
447,161.91793075211933,161.93290121712508,382.75738645214244,478.64589822086526,721.51175264805397,1.3636789285886286,26.706438375000001,1.3023123333333333,0.052511541666666668,25.349414458333332,0.0022000416666685396,2,0,1,23,0.0013492041814756493,0.016820006642376723,0.01,3,0.49998425409738012
448,161.92031112408705,161.93282567238296,382.75542189782834,478.65545683792755,721.49916918844622,1.3636678993807358,31.787603749999999,1.2924115833333334,0.049649125000000002,30.443365249999999,0.0021777916666678721,2,0,1,25,0.0015553621861709855,0.019647590367475935,0.01,3,0.49999258354540499
449,161.92215995381022,161.93256865103939,382.73547939041356,478.65463743480569,721.45615282142933,1.3635484978639405,29.656198083333333,1.3186982916666667,0.049605875000000001,28.285070166666667,0.0028237499999974602,2,0,1,26,0.0010764446572477117,0.018982969250806191,0.01,3,0.49998246028746546
450,161.92306991179385,161.9394265427303,382.74446090735017,478.6757766835118,721.45334774761329,1.3635038673324988,36.561273041666666,1.3144123750000001,0.049233208333333334,35.194746208333335,0.0028812499999943952,2,0,1,28,0.0014123336854171258,0.018522142568493515,0.01,3,0.49999339321449604
451,161.92475964193366,161.94140350656372,382.73459855749849,478.679815751072,721.42627077317297,1.3634141131917861,28.216290000000001,1.3547297083333334,0.051411791666666665,26.807056625000001,0.003091874999999078,2,0,1,22,0.0011941484016351012,0.017224643577845561,0.01,3,0.49998059610671153
452,161.9224194554335,161.93805787666886,382.70545936787931,478.66606236617622,721.36467766329838,1.3632830008332302,28.983605208333334,1.3487675833333332,0.051673041666666669,27.580303458333333,0.0028611249999990207,2,0,1,23,0.0013834168724046699,0.018187978096681358,0.01,3,0.49998971275441645
453,161.92434113531266,161.93945203529879,382.69961126948073,478.67344683316094,721.34676365463474,1.3632265421403409,28.923931166666666,1.3501651666666667,0.051882083333333336,27.518910041666668,0.0029738749999985714,2,0,1,23,0.0012614891844529286,0.01687983526289448,0.01,3,0.49999531312861689
454,161.92464399489543,161.93868396132993,382.68174032827807,478.66918294444588,721.3084543194667,1.3631273946851412,22.204214,1.3073666666666666,0.049659791666666668,20.844946666666665,0.0022408750000018074,2,0,1,20,0.0013655261567072816,0.018020660018256609,0.01,3,0.49997125706435497
455,161.92255551776077,161.93644375086527,382.65352138934151,478.6577470750405,721.24876503692337,1.3629858265755381,33.130647791666668,1.304456125,0.049329625000000002,31.773871791666668,0.0029902499999998611,2,0,1,33,0.0018917557146170727,0.02413507692667562,0.01,3,0.49999032021392475
456,161.93082016127377,161.9529070043705,382.70066440681325,478.71722894875194,721.3155836368644,1.3630367091619144,40.72654441666667,1.3167552083333334,0.050367750000000003,39.356542833333336,0.0028786250000010227,2,0,1,30,0.0013998365771512237,0.018643985833750265,0.01,3,0.49999523523302686
457,161.93166373393106,161.95486230027791,382.69255797558338,478.72110714899827,721.29265549258014,1.3629581263576962,44.466803083333332,1.3179369166666666,0.050354999999999997,43.095915249999997,0.0025959166666638112,2,0,1,31,0.0011091738849948001,0.019145301749848815,0.01,3,0.4999955094801522
458,161.93200892513281,161.95476866666823,382.67619194782344,478.71915230328892,721.25593763480254,1.3628584394167438,41.607784416666668,1.3012305,0.049523625000000002,40.254381625000001,0.0026486666666656333,2,0,1,29,0.001124108192531752,0.018198691217413125,0.01,3,0.49999598526086919
459,161.93271669950948,161.95286140021645,382.65385527065416,478.71275749981436,721.20949082935988,1.3627483451807834,41.135907916666667,1.2998786250000001,0.050551291666666665,39.782349750000002,0.0031282500000031632,2,0,1,29,0.0010025260277004479,0.018158947176307217,0.01,3,0.49999604668336017
460,161.93377621386216,161.95093658339499,382.63025092723274,478.70644425133071,721.16048756867349,1.3626306769161607,40.617039833333337,1.3137697916666666,0.049989208333333333,39.25026316666667,0.0030176666666648089,2,0,1,29,0.00093089420979089422,0.017182151951199098,0.01,3,0.49999431730819188
461,161.93480026806384,161.94846293373917,382.60330902555654,478.69532662527763,721.10408620870646,1.362500403490077,29.345711458333334,1.3179594166666666,0.049429958333333336,27.975235958333332,0.0030861249999993845,2,0,1,22,0.0014764152569938746,0.017147132340503607,0.01,3,0.49999181835101097
462,161.93455963734263,161.9449525734486,382.57593810120352,478.68344287780832,721.04785413834531,1.3623825999003569,37.330614625000003,1.3088235833333333,0.050689833333333337,35.968127625000001,0.0029735833333290884,2,0,1,28,0.0011788689169576661,0.017937074376660169,0.01,3,0.49999423615979194
463,161.93635346930731,161.94474350373855,382.55563139858083,478.680743674263,721.0024036807373,1.3622602569360296,39.846088083333335,1.2949576666666667,0.050545416666666669,38.497938625000003,0.0026463749999976471,2,0,1,33,0.0010255506429204949,0.020100180049800322,0.01,3,0.49999486236851814
464,161.9407357689378,161.95080546132732,382.5667776216273,478.70610972776018,721.00933890225542,1.362240660253965,44.245514791666665,1.302143625,0.049491291666666666,42.89101479166667,0.0028650833333259129,2,0,1,31,0.00095558092610337382,0.01832324146941873,0.01,3,0.49999522216032294
465,161.94161010512124,161.95147190298366,382.55082593055101,478.70339524302591,720.96896912519344,1.362132442733935,40.728920125000002,1.3107043333333332,0.049316833333333331,39.365774666666667,0.0031242916666656129,2,0,1,29,0.00080234420892332653,0.017570418290300645,0.01,3,0.49999592451203079
466,161.94204800788793,161.95133073599868,382.53247230482356,478.69772385728498,720.92598388944828,1.3620211736845822,41.679646750000003,1.3138449166666666,0.050436208333333336,40.312585374999998,0.0027802500000078112,2,0,1,29,0.00087439050968006959,0.017462648088006745,0.01,3,0.49999601052805553
467,161.942471088264,161.95074903839145,382.51315595507805,478.69341239140601,720.88196517824804,1.3619103846466365,38.976352541666664,1.3091479583333334,0.049098166666666665,37.615210875000002,0.0028955416666605061,2,0,1,29,0.0010017727691071336,0.017418099008032185,0.01,3,0.49999346447957488
468,161.94303696530952,161.94977885147935,382.49272483745716,478.69014205536894,720.8364321964749,1.3617983769414899,34.602585124999997,1.3033287083333334,0.050333625,33.246253833333334,0.0026689583333308065,2,0,1,31,0.00095569461441271731,0.021131341479678399,0.01,3,0.49999367812652545
