{
  "study": "S1 scaling study mode diagnostic: scaling_400x50_s1",
  "scope": "Postprocessing-only mode diagnosis; no optimisation rerun",
  "created_utc": "2026-06-29T10:36:04Z",
  "mesh": {
    "nelx": 400,
    "nely": 50,
    "L": 8,
    "H": 1,
    "hx": 0.02,
    "hy": 0.02
  },
  "material": {
    "E0": 1.0E+7,
    "Emin": 10,
    "nu": 0.3,
    "rho0": 1,
    "rho_min": 1E-6,
    "penal": 3,
    "mass_interpolation_mode": "power",
    "pmass": 1
  },
  "thresholds": {
    "low_density": 0.05,
    "solid_component": 0.5
  },
  "components": {
    "count": 126,
    "largest_support_id": 1,
    "support_connected_count": 1
  },
  "reference": {
    "saved_final_tracked_mac": 0.78612668758286619,
    "saved_final_tracked_omega": 64.393651634490965,
    "saved_final_omega_1": 64.393651634490965
  },
  "modes": [
    {
      "mode": 1,
      "omega_rad_s": 64.393651634490965,
      "frequency_hz": 10.248567961366742,
      "mac_to_solid_reference_mode_1": 0.78612668758286652,
      "modal_mass": 0.99999999999999989,
      "modal_mass_residual": 1.1102230246251565E-16,
      "stiffness_rayleigh": 4146.5423708304543,
      "eigen_residual_relative": 3.2670135055296591E-9,
      "kinetic_energy_total": 2073.2711854120862,
      "strain_energy_total": 2073.2711859366768,
      "low_density_kinetic_fraction": 7.54475840408881E-7,
      "low_density_strain_fraction": 0.0022228153564508913,
      "low_density_displacement_fraction": 0.42249861029169739,
      "kinetic_localization_index": 0.00016174413018041825,
      "strain_localization_index": 0.0038349334418582978,
      "kinetic_effective_element_fraction": 0.30913022898714942,
      "strain_effective_element_fraction": 0.013038035928929043,
      "kinetic_top_1pct_fraction": 0.04181941372369738,
      "strain_top_1pct_fraction": 0.56485499220555935,
      "kinetic_top_5pct_fraction": 0.20345950609576111,
      "strain_top_5pct_fraction": 0.82064319019219412,
      "dominant_solid_component_id": 1,
      "dominant_solid_component_kinetic_fraction": 0.97239469070674744,
      "dominant_solid_component_strain_fraction": 0.99691711344799949,
      "dominant_component_touches_left_support": true,
      "dominant_component_touches_right_support": true,
      "dominant_component_touches_both_supports": true,
      "largest_support_component_kinetic_fraction": 0.97239469070674744,
      "largest_support_component_strain_fraction": 0.99691711344799949,
      "classification": "ambiguous",
      "classification_reason": "localized by participation but not clearly typed: effK 0.309, effS 0.013"
    },
    {
      "mode": 2,
      "omega_rad_s": 88.179095003340038,
      "frequency_hz": 14.034138847151416,
      "mac_to_solid_reference_mode_1": 5.3653061816845516E-5,
      "modal_mass": 1.0000000000000002,
      "modal_mass_residual": 2.2204460492503131E-16,
      "stiffness_rayleigh": 7775.5527970498888,
      "eigen_residual_relative": 1.6995373164260786E-9,
      "kinetic_energy_total": 3887.7763978040807,
      "strain_energy_total": 3887.7764002950103,
      "low_density_kinetic_fraction": 5.3157789447718781E-6,
      "low_density_strain_fraction": 0.9998989486425619,
      "low_density_displacement_fraction": 0.84049005075038319,
      "kinetic_localization_index": 0.062376753387612047,
      "strain_localization_index": 0.024862989932198831,
      "kinetic_effective_element_fraction": 0.00080158067364131122,
      "strain_effective_element_fraction": 0.0020110212060717391,
      "kinetic_top_1pct_fraction": 0.9999644271340451,
      "strain_top_1pct_fraction": 0.94420561219748733,
      "kinetic_top_5pct_fraction": 0.99996882258041686,
      "strain_top_5pct_fraction": 0.99725462006116294,
      "dominant_solid_component_id": 6,
      "dominant_solid_component_kinetic_fraction": 0.99886041234001754,
      "dominant_solid_component_strain_fraction": 1.6249317002649478E-6,
      "dominant_component_touches_left_support": false,
      "dominant_component_touches_right_support": false,
      "dominant_component_touches_both_supports": false,
      "largest_support_component_kinetic_fraction": 3.3158771122841366E-5,
      "largest_support_component_strain_fraction": 9.9382594761788083E-5,
      "classification": "localized low-density mode",
      "classification_reason": "low-density energy fractions: kinetic 0.000, strain 1.000"
    },
    {
      "mode": 3,
      "omega_rad_s": 101.80470481800131,
      "frequency_hz": 16.202722001796204,
      "mac_to_solid_reference_mode_1": 1.7762462014239341E-6,
      "modal_mass": 1.0000000000000002,
      "modal_mass_residual": 2.2204460492503131E-16,
      "stiffness_rayleigh": 10364.197922352923,
      "eigen_residual_relative": 1.3141710557666261E-9,
      "kinetic_energy_total": 5182.0989615401886,
      "strain_energy_total": 5182.0989643176,
      "low_density_kinetic_fraction": 5.2268064363461126E-6,
      "low_density_strain_fraction": 0.99958638366331243,
      "low_density_displacement_fraction": 0.83909143399455521,
      "kinetic_localization_index": 0.0991222309823486,
      "strain_localization_index": 0.027124334302455998,
      "kinetic_effective_element_fraction": 0.00050442771015619958,
      "strain_effective_element_fraction": 0.0018433632118843449,
      "kinetic_top_1pct_fraction": 0.99976484359529139,
      "strain_top_1pct_fraction": 0.95693018122207851,
      "kinetic_top_5pct_fraction": 0.999804466502721,
      "strain_top_5pct_fraction": 0.99860320808773884,
      "dominant_solid_component_id": 121,
      "dominant_solid_component_kinetic_fraction": 0.80066585704939663,
      "dominant_solid_component_strain_fraction": 8.84699678101454E-7,
      "dominant_component_touches_left_support": false,
      "dominant_component_touches_right_support": false,
      "dominant_component_touches_both_supports": false,
      "largest_support_component_kinetic_fraction": 0.00023323265822652227,
      "largest_support_component_strain_fraction": 0.0004120837580885308,
      "classification": "localized low-density mode",
      "classification_reason": "low-density energy fractions: kinetic 0.000, strain 1.000"
    },
    {
      "mode": 4,
      "omega_rad_s": 121.96434865125062,
      "frequency_hz": 19.411228968829874,
      "mac_to_solid_reference_mode_1": 0.0012576882018266124,
      "modal_mass": 1.0000000000000002,
      "modal_mass_residual": 2.2204460492503131E-16,
      "stiffness_rayleigh": 14875.302342995967,
      "eigen_residual_relative": 1.4181369116231473E-9,
      "kinetic_energy_total": 7437.6511709619363,
      "strain_energy_total": 7437.6511732625158,
      "low_density_kinetic_fraction": 1.1219135729696936E-5,
      "low_density_strain_fraction": 0.99182612449674634,
      "low_density_displacement_fraction": 0.91663001283804646,
      "kinetic_localization_index": 0.065378453727820945,
      "strain_localization_index": 0.039674987670362726,
      "kinetic_effective_element_fraction": 0.00076477795281235225,
      "strain_effective_element_fraction": 0.0012602398371342172,
      "kinetic_top_1pct_fraction": 0.993394546707818,
      "strain_top_1pct_fraction": 0.94683888289969331,
      "kinetic_top_5pct_fraction": 0.99473571036936614,
      "strain_top_5pct_fraction": 0.98909236527330568,
      "dominant_solid_component_id": 6,
      "dominant_solid_component_kinetic_fraction": 0.99250262131072831,
      "dominant_solid_component_strain_fraction": 1.7547823785388191E-5,
      "dominant_component_touches_left_support": false,
      "dominant_component_touches_right_support": false,
      "dominant_component_touches_both_supports": false,
      "largest_support_component_kinetic_fraction": 0.0067317710960748183,
      "largest_support_component_strain_fraction": 0.00815458020587092,
      "classification": "localized low-density mode",
      "classification_reason": "low-density energy fractions: kinetic 0.000, strain 0.992"
    },
    {
      "mode": 5,
      "omega_rad_s": 125.88792427203191,