{
  "gate": "A0-MATLAB-ONLY",
  "status": "passed",
  "fixture": "scripts/revision_v1/gate_a0_fixture.json",
  "timestamp": "2026-07-01 13:58:58",
  "matlab_version": "25.2.0.3042426 (R2025b) Update 1",
  "verified": {
    "item_1_solid_reference_eigenpair": true,
    "item_2_omega_sq_scalar": true,
    "item_3_load_formula_F_eq_omega_sq_M_phi": true,
    "item_4_no_rho_nodal_scaling": true,
    "item_5_mass_normalisation": true,
    "item_6_deterministic_phase": true,
    "item_7_branches_distinguishable": true,
    "item_8_complete_fd_tolerance_met": true,
    "item_9_obsolete_rho_source_rejected": true,
    "item_10_harmonic_normalize_rejected": true
  },
  "fd_check": {
    "perturbation_size": 1E-6,
    "relative_error_tolerance": 1E-5,
    "tested_element_indices": [
      1,
      3,
      5,
      8,
      10,
      12
    ],
    "finite_difference_values": [
      -2.6799185227137059E+6,
      -425824.44893196225,
      451466.02066233754,
      512781.44493699074,
      205703.82010191679,
      -2.1165391092654318E+6
    ],
    "complete_analytical_values": [
      -2.6799185390654798E+6,
      -425824.447511274,
      451466.02659995283,
      512781.4381080321,
      205703.81230674731,
      -2.1165391126888031E+6
    ],
    "complete_relative_errors": [
      6.1015936234197282E-9,
      3.3363237759166157E-9,
      1.3151854055985227E-8,
      1.3317483894383589E-8,
      3.7895112886129777E-8,
      1.6174382659559602E-9
    ],
    "max_complete_relative_error": 3.7895112886129777E-8,
    "omitted_analytical_values": [
      -2.7565266047523115E+6,
      -1.0135179498746272E+6,
      -1.0073176446854217E+6,
      -1.3988484077331331E+6,
      -1.2286342089464129E+6,
      -2.5991749577828832E+6
    ],
    "omitted_relative_errors_vs_complete_fd": [
      0.027791526447280283,
      0.579855049449655,
      1.4481863521841982,
      1.3665739919366711,
      1.16742478648573,
      0.18568809578295709
    ],
    "omitted_expected_to_match_complete_fd": false
  },
  "reference_omega": 1221.011036852916,
  "reference_omega_sq": 1.4908679521166331E+6,
  "reference_modal_mass": 1.0000000000000002
}
