{
  "gate": "V1-4",
  "status": "passed",
  "fixture": "scripts/revision_v1/gate_a0_fixture.json",
  "timestamp": "2026-07-01 14:00:15",
  "matlab_version": "25.2.0.3042426 (R2025b) Update 1",
  "check_1_both_finite": true,
  "check_2_branches_distinguishable": {
    "passed": true,
    "max_relative_difference": 0.71331640047080458,
    "min_required": 0.001
  },
  "check_3_cross_run_consistency": {
    "passed": true,
    "complete_sensitivity_cross_run_rel_error": 0
  },
  "check_4_complete_fd": {
    "passed": true,
    "perturbation_size": 1E-6,
    "relative_error_tolerance": 1E-5,
    "tested_element_indices": [
      1,
      3,
      5,
      8,
      10,
      12
    ],
    "finite_difference_values": [
      -2.6799185227137059E+6,
      -425824.44893196225,
      451466.02066233754,
      512781.44493699074,
      205703.82010191679,
      -2.1165391092654318E+6
    ],
    "complete_analytical_values": [
      -2.6799185390654798E+6,
      -425824.447511274,
      451466.02659995283,
      512781.4381080321,
      205703.81230674731,
      -2.1165391126888031E+6
    ],
    "complete_relative_errors": [
      6.1015936234197282E-9,
      3.3363237759166157E-9,
      1.3151854055985227E-8,
      1.3317483894383589E-8,
      3.7895112886129777E-8,
      1.6174382659559602E-9
    ],
    "max_relative_error": 3.7895112886129777E-8
  },
  "check_5_determinism": {
    "passed": true,
    "max_difference_second_run": 0
  }
}
