outer,omega1,omega2,gap12,volume,Mnd_pct,gray_frac,mid_frac,move,stage,itersSinceMoveChange,moveDescent,maxAbs,rms,l2,r_rho,r_rho_below_thr,utilPersistCount,beta,betaStallRel,betaStallFires,objRelRange_W10,nInner,innerConv,multN,degen,multJ
1,68.3985922143369,253.385066870241,2.70453628747537,0.499978097703904,99.4592349748065,1,1,0.04,1,0,0,0.0399875520422365,0.0367683636158008,2.07993273966924,0.999688801055913,0,0,5501.1067288552,NaN,0,NaN,22,1,2,1,0
2,74.5163028428069,270.84838001057,2.63475333152167,0.499969906277372,97.9960173006832,1,1,0.04,1,1,0,0.0399863663004209,0.0343933512793589,1.94558175338925,0.999659157510523,0,0,6449.03674842529,NaN,0,NaN,18,1,2,1,0
3,80.5812946577507,286.206459977108,2.55177291693687,0.499974843013813,95.7916358025895,1,0.33375,0.04,1,2,0,0.0399851056386527,0.0329436814978034,1.86357604674773,0.999627640966317,0,0,7448.34760794283,NaN,0,NaN,18,1,2,1,0
4,86.5186241902007,298.966206998194,2.4555127268431,0.499961794537465,93.0591025565724,1,0.30875,0.04,1,3,0,0.0399837365649781,0.0321858451787577,1.82070635072959,0.999593414124453,0,0,8486.17775554629,NaN,0,NaN,16,1,2,1,0
5,92.3294805473307,307.625812653206,2.33182652853232,0.499969089088074,89.9374703205674,1,0.2975,0.04,1,4,0,0.0399823190745481,0.0301039436211,1.70293621399498,0.999557976863702,0,0,9546.79975628659,NaN,0,NaN,15,1,2,1,0
6,97.8441417153147,309.317579954979,2.16132958532114,0.499963196293195,86.6400844162349,1,0.27,0.04,1,5,0,0.0399811630004157,0.0287061189060612,1.62386330720186,0.999529075010392,0,0,10600.3145572634,NaN,0,NaN,15,1,2,1,0
7,103.087428055453,301.287622709658,1.92264176527508,0.499965507292198,83.2636837610134,1,0.23625,0.04,1,6,0,0.039980515727189,0.0283130122061076,1.6016258341405,0.999512893179726,0,0,11672.0650552658,NaN,0,NaN,16,1,2,1,0
8,108.227942501584,281.982972035587,1.6054544281063,0.499967789425659,79.7568639947417,1,0.24625,0.04,1,7,0,0.0399810212158638,0.0272261231962007,1.54014210699631,0.999525530396594,0,0,12782.1596667368,NaN,0,NaN,16,1,2,1,1
9,113.294195751392,252.271149055987,1.22669085016111,0.499963817354413,76.0892772812986,1,0.2525,0.04,1,8,0,0.0399821840324617,0.0273702344074585,1.54829426817434,0.999554600811542,0,0,13970.299903103,NaN,0,NaN,16,1,2,1,0
10,118.542880584516,216.670803048307,0.827784190665333,0.499963019940599,71.9384800398426,1,0.255,0.04,1,9,0,0.0399833237292409,0.0277402953039316,1.56922807372219,0.999583093231021,0,0,15295.951823096,NaN,0,0.531560640173733,17,1,2,1,0
11,124.0947757997,182.525321542077,0.470854194834826,0.499965473107412,67.3504475701324,0.67875,0.25375,0.04,1,10,0,0.039984066468271,0.0276406533378109,1.56359147292742,0.999601661706775,0,0,16778.7426306874,NaN,0,0.496262597376267,17,1,2,1,0
12,131.365153420769,161.141589904918,0.226669217130764,0.499971841937938,62.1661766913867,0.6625,0.26375,0.04,1,11,0,0.0399841055906635,0.0282605161699063,1.59865620988583,0.999602639766588,0,0,18969.1961784903,NaN,0,0.480959712925545,19,1,2,1,1
13,137.215356447628,153.556853767656,0.119093793457911,0.499971826797437,58.6791378189825,0.65,0.25875,0.04,1,12,0,0.0399597387698568,0.021880001639258,1.23771980251937,0.99899346924642,0,0,19889.8994566366,NaN,0,0.4556927804781,18,1,2,1,0
14,141.223013668817,151.903447111456,0.0756281371227902,0.499976765249367,57.385341749802,0.64,0.26875,0.04,1,13,0,0.0399576750455731,0.0181521141388311,1.02683864003518,0.998941876139327,0,0,20515.792277581,NaN,0,0.418887186056894,18,1,2,1,0
15,143.391724503742,149.447436893817,0.0422319517464001,0.49998021008312,55.9625642168956,0.60125,0.275,0.04,1,14,0,0.0399574021160123,0.0167820065390933,0.949333650056788,0.998935052900308,0,0,21105.2919625988,NaN,0,0.373865905797571,17,1,2,1,0
16,145.542647396039,147.427076269338,0.012947606127927,0.499973784398569,54.3752270506947,0.58625,0.2775,0.04,1,15,0,0.0399794399138221,0.0176477559291583,0.998307831218636,0.999485997845553,0,0,21834.6854673201,NaN,0,0.33535322597874,39,1,2,1,0
17,147.581309761566,148.541178066841,0.00650399638562496,0.49997179515695,52.9795677450123,0.5775,0.275,0.04,1,16,0,0.0399541026954677,0.0143526376758353,0.811907794279735,0.998852567386692,0,0,22180.6284434857,NaN,0,0.300297580235273,25,1,2,1,0
18,148.709602689629,149.60045772561,0.00599056832825866,0.499969280879842,52.0087790389033,0.5725,0.2575,0.04,1,17,0,0.0399491142588434,0.0119695748928093,0.677101405970058,0.998727856471085,0,0,22425.9804925207,NaN,0,0.262149801887,22,1,2,1,0
19,149.627947341593,150.41503378977,0.00526029035458321,0.499970408134788,51.0524076626408,0.558125,0.25625,0.04,1,18,0,0.0399614066518279,0.0119413134755622,0.675502698787547,0.999035166295698,0,0,22660.2698960408,NaN,0,0.224069717983737,21,1,2,1,0
20,150.566349474766,151.191276252011,0.00415050759631841,0.499970781411058,50.0114310487303,0.544375,0.26,0.04,1,19,0,0.0399582857033338,0.0118966806810705,0.672977886655676,0.998957142583344,0,0,22934.2766574704,NaN,0,0.186509125536144,21,1,2,1,0
21,151.528549692968,152.192831933767,0.00438387513207749,0.499970580268657,48.9989094985116,0.514375,0.25875,0.04,1,20,0,0.0399551572063811,0.0115776013346864,0.654928033090494,0.998878930159528,0,0,23221.7353067391,1.05690531375331,0,0.139370127629785,21,1,2,1,0
22,152.714679430978,153.349418960772,0.00415637535408534,0.499969626482961,48.0082408156123,0.509375,0.258125,0.04,1,21,0,0.039972820493777,0.0111129448090095,0.628643090672199,0.999320512344425,0,0,23640.7487632973,0.908678718813593,0,0.105573942655951,20,1,2,1,0
23,153.543372809369,154.642449220939,0.00715808433448206,0.499966349037535,47.1952876278428,0.5025,0.26125,0.04,1,22,0,0.0399352304570033,0.00888073681487595,0.502370337898545,0.998380761425081,0,0,23747.5044447579,0.755549281430599,0,0.0829972838540525,18,1,2,1,0
24,154.065715518349,155.086595172828,0.00662626107985555,0.49996446880603,46.6234324252228,0.49875,0.259375,0.04,1,23,0,0.039934322941753,0.00795142667735407,0.449800617893175,0.998358073543824,0,0,23848.8662471316,0.625221409765178,0,0.0712895969292696,19,1,2,1,0
25,154.507560793355,155.639566250749,0.00732653762432132,0.499985127324745,46.1627659265159,0.485625,0.2625,0.04,1,24,0,0.039968414253549,0.00687272012776831,0.38877976060338,0.999210356338726,0,0,23966.0817911579,0.517118616295079,0,0.0594337463096606,15,1,2,1,0
26,154.991643883122,156.291815012502,0.0083886530706186,0.499980449164173,45.7400486644996,0.48125,0.261875,0.04,1,25,0,0.0399695795202899,0.0071833901181091,0.40635390915387,0.999239488007246,0,0,24138.0921522606,0.426297723281811,0,0.0488216813328907,18,1,2,1,0
27,155.480391099215,156.633777002864,0.00741820814505634,0.499986029393118,45.470467226059,0.48125,0.25875,0.04,1,26,0,0.0399058183770325,0.00723979374050155,0.409544579864045,0.997645459425812,0,0,24255.4413968635,0.3469051725386,0,0.0443772005158333,19,1,2,1,0
28,155.515547623263,156.793012959997,0.00821438985527618,0.499980578222771,45.0520111585218,0.47875,0.263125,0.04,1,27,0,0.0399696752032211,0.00748986339956156,0.423690655999273,0.999241880080527,0,0,24310.8532342711,0.281014647966307,0,0.0384172258420766,20,1,2,1,0
29,155.975671138105,157.256545472196,0.00821201360920268,0.499981191522642,44.7977761628136,0.474375,0.26,0.04,1,28,0,0.0399724636301037,0.00769721336409359,0.435420141279224,0.999311590752594,0,0,24428.0364906716,0.226761683332252,0,0.0351508131577735,19,1,2,1,0
30,155.971249538435,157.387245527727,0.0090785705281069,0.499979394166398,44.3042039743871,0.469375,0.255625,0.04,1,29,0,0.0399695525105511,0.00825222490901378,0.466816335443215,0.999238812763776,0,0,24466.0404530256,0.182663137892813,0,0.0287971095299816,22,1,2,1,0
31,156.528446682683,157.997913174723,0.00938785583823282,0.499985186886079,43.9581346517135,0.465625,0.240625,0.04,1,30,0,0.0399567077219243,0.00870087202173554,0.49219564870444,0.998917693048108,0,0,24620.465260079,0.146819902748314,0,0.0246161578506303,25,1,2,1,0
32,156.551517918549,157.899651720475,0.00861143871263996,0.499957057642552,43.4914113483297,0.464375,0.231875,0.04,1,31,0,0.0399704348171983,0.00771437319757929,0.436390848048966,0.999260870429958,0,0,24647.5888130499,0.119053681443215,0,0.0193682624489676,18,1,2,1,0
33,157.067162678577,158.135096151902,0.00679921541277786,0.499974652953161,43.1875017896413,0.45875,0.215,0.04,1,32,0,0.0399560114001487,0.00830462377066114,0.469780462674999,0.998900285003718,0,0,24795.997786777,0.0999035008416206,0,0.0192813908013586,21,1,2,1,0
34,157.049958676465,158.423266123503,0.00874439865257859,0.499981682907425,42.838517535263,0.458125,0.215,0.04,1,33,0,0.0399665340299024,0.00615533567282357,0.34819836757864,0.99916335074756,0,0,24787.6130850234,0.0856593136969016,0,0.0164115006036501,8,1,2,1,0
35,157.519999034433,158.730422146087,0.00768425037502663,0.499987281644682,42.5264640693489,0.45375,0.20625,0.04,1,34,0,0.0399650730220381,0.00826405234394189,0.467485396198552,0.999126825550952,0,0,24925.2226739156,0.0738849898593127,0,0.0161799032508938,21,1,2,1,0
36,157.444353303578,159.343959574818,0.0120652550020418,0.499989564053158,41.8382552320491,0.44375,0.20375,0.04,1,35,0,0.0399673237060584,0.0104096811141072,0.588860488461979,0.999183092651461,0,0,24948.7550393345,0.0647163217844021,0,0.0130317700757962,29,1,2,1,0
37,158.089145300853,159.328449208154,0.00783927261382881,0.499970293372697,41.4446740854503,0.441875,0.195625,0.04,1,36,0,0.0399745786860575,0.00915634500393985,0.517961091453555,0.999364467151437,0,0,25128.3726179343,0.0576627803997224,0,0.0164162547124246,23,1,2,1,0
38,158.039124770994,160.048978100516,0.0127174415350235,0.499984318648752,40.9099334911155,0.44,0.1875,0.04,1,37,0,0.0399668868635514,0.00833088200410358,0.471265852669329,0.999172171588786,0,0,25109.13298453,0.052035430461867,0,0.0134877490643498,19,1,2,1,0
39,158.482953085807,160.26183613789,0.0112244441275649,0.499983282442015,40.5841942048769,0.435,0.18125,0.04,1,38,0,0.039976340576101,0.00805707532142824,0.455777007705015,0.999408514402525,0,0,25225.4938139397,0.0470309788342181,0,0.0159702004237304,19,1,2,1,0
40,158.410346119971,160.261856668795,0.0116880657998328,0.499967977834451,39.9919491708222,0.43125,0.173125,0.04,1,39,0,0.039967994175379,0.00873745704486897,0.494265210140242,0.999199854384475,0,0,25231.5492305241,0.0426138467276736,0,0.0124081226989398,20,1,2,1,0
41,158.899272277834,160.552004725317,0.0104011328924955,0.499986978280067,39.4752665063515,0.4275,0.165,0.04,1,40,0,0.0399757733113938,0.0100701024968513,0.569651021021369,0.999394332784845,0,0,25389.8080389562,0.0391494788173245,0,0.0148822456002786,23,1,2,1,0
42,158.931294226094,160.882752869606,0.0122786305429284,0.499962565584532,38.6789344504871,0.423125,0.155625,0.04,1,41,0,0.0399682021813936,0.0105708114788291,0.597975398345972,0.99920505453484,0,0,25417.2461541074,0.0363156593887562,0,0.0119076873758972,22,1,2,1,0
43,159.546523700173,160.854094293236,0.00819554423837315,0.499991537262349,37.6267671746307,0.42,0.1425,0.04,1,42,0,0.0399771939429577,0.0164060843647201,0.928068280560974,0.999429848573941,0,0,25670.4337847644,0.0351864759884353,0,0.0157769499508411,38,1,2,1,0
44,159.820661570166,161.165908976686,0.00841723087180313,0.499972145539405,36.4988342639781,0.415,0.133125,0.04,1,43,0,0.0399653597628213,0.0144933209050877,0.819866039512022,0.999133994070533,0,0,25767.403571524,0.0343200708325178,0,0.0149907440158397,24,1,2,1,0
45,160.569035106643,161.985616725954,0.00882225902628119,0.499972164793521,35.3031184109894,0.40625,0.126875,0.04,1,44,0,0.0399802038991842,0.0156010641827419,0.882529462187472,0.999505097479604,0,0,26044.5700878101,0.0343561805104394,0,0.0196739544806595,25,1,2,1,0
46,160.968612735372,162.550350160231,0.00982637172539055,0.499986416693494,33.8380274535208,0.39125,0.12875,0.04,1,45,0,0.0399648157886354,0.0158306063181487,0.895514326228602,0.999120394715884,0,0,26201.556258378,0.0348747905221459,0,0.0184041158394545,25,1,2,1,0
47,161.955925743056,163.097961795571,0.00705152372335193,0.499985377258065,32.1679192839519,0.370625,0.11625,0.04,1,46,0,0.0399759330958362,0.0192902351621892,1.09122048750937,0.999398327395905,0,0,26587.4754894883,0.0365559040284854,0,0.0245471463663766,39,1,2,1,0
48,162.609681511404,164.330905133081,0.0105850008786632,0.499996110590955,30.0942880185939,0.340625,0.108125,0.04,1,47,0,0.039971690362188,0.020891058708411,1.1817767423107,0.9992922590547,0,0,26864.5331224962,0.0387993397378204,0,0.0262426592538571,51,1,2,1,0
49,163.958999089374,165.211943424387,0.00764181497796343,0.499992975167841,28.4128052944494,0.3225,0.099375,0.04,1,48,0,0.0399793471217644,0.0190334910168045,1.07669684541086,0.999483678044109,0,0,27307.483048466,0.0425359572994332,0,0.0345566134556499,35,1,2,1,0
50,164.494594792062,165.908616474915,0.00859615894759131,0.499985113308904,26.6290625982511,0.308125,0.08625,0.04,1,49,0,0.0399780441252981,0.0184452018315971,1.04341818363815,0.999451103132453,0,0,27458.6637108111,0.0475654676544961,0,0.0347157223042346,35,1,2,1,0
51,165.533945859873,166.645416572581,0.00671445791335688,0.499984630084554,25.3696098339492,0.291875,0.08,0.04,1,50,0,0.0399916353598352,0.01781859859261,1.00797215168605,0.999790883995879,0,0,27781.4839816851,0.0532794955057928,0,0.0407976729609414,44,1,2,1,0
52,165.829677116317,167.141321717332,0.00790958906647003,0.499987650055347,23.9142675956177,0.27375,0.069375,0.04,1,51,0,0.0399601625230501,0.0166882746125358,0.94403137158619,0.999004063076253,0,0,27816.1397475509,0.0596000755193082,0,0.0386587161245888,33,1,2,1,0
53,166.749883881918,168.17520070443,0.00854763307374385,0.499984162209673,22.9395798478083,0.26,0.068125,0.04,1,52,0,0.0399797608897762,0.0149625607983805,0.846410256356067,0.999494022244406,0,0,28144.3851177062,0.0659093268670833,0,0.0424456994732012,28,1,2,1,0
54,166.886524685342,168.817417284123,0.0115700929264428,0.499985781367446,21.9246388746857,0.248125,0.06625,0.04,1,53,0,0.0399663213178747,0.0131775640935884,0.745435594407735,0.999158032946868,0,0,28098.3778037362,0.0720319478320293,0,0.0385316889810493,23,1,2,1,0
55,167.532114776011,169.392478142806,0.0111045178966594,0.499987927078093,21.03333393374,0.231875,0.0625,0.04,1,54,0,0.0399809128021323,0.0154978247724438,0.876689359218873,0.999522820053307,0,0,28378.1736926333,0.0770973733109881,0,0.0398628756366726,42,1,2,1,0
56,167.642519542416,169.518106508732,0.011188014660215,0.499990372509057,20.1664453482641,0.220625,0.06,0.04,1,55,0,0.0399901977840259,0.0136792257061134,0.773813860653931,0.999754944600646,0,0,28381.2322608513,0.0815393264557832,0,0.0343976221596234,28,1,2,1,0
57,168.259340150897,169.996879006393,0.0103265521779539,0.499987699863609,19.7044694370626,0.214375,0.050625,0.04,1,56,0,0.0399909152383181,0.0127186129137996,0.719473395090758,0.999772880957954,0,0,28618.139749664,0.0847711793658839,0,0.0340443982813154,28,1,2,1,0
58,168.128387710278,170.23859479138,0.0125511646774242,0.49999242783947,18.8766753241259,0.21125,0.041875,0.04,1,57,0,0.0399667363917706,0.0137988135226036,0.780578769132934,0.999168409794265,0,0,28502.3810404523,0.0865162828913392,0,0.0258276262422577,36,1,2,1,0
59,168.601817976096,170.590857565529,0.0117972606304599,0.499981561161219,18.4549073620301,0.205,0.03625,0.04,1,58,0,0.0399798649091583,0.0137377931554472,0.777126935900389,0.999496622728957,0,0,28741.6020241958,0.0854736248324584,0,0.0245991765986272,35,1,2,1,0
60,168.427131981232,170.463502154231,0.0120905114814041,0.499990026775428,17.7274736882441,0.205,0.03375,0.04,1,59,0,0.0399639730441562,0.0136732698439067,0.773476946209596,0.999099326103905,0,0,28619.9458001379,0.0823032512974029,0,0.0183310706511917,35,1,2,1,0
61,168.847862915531,170.682410789853,0.0108650938344382,0.499984054611606,17.4859720661728,0.20125,0.034375,0.04,1,60,0,0.0399787070253013,0.011300122967579,0.639231486289357,0.999467675632533,0,0,28800.5081219805,0.0775484452958985,0,0.0179985469059229,22,1,2,1,0
62,168.669260295204,170.868212189059,0.0130370637186998,0.499985374254867,17.0457971548127,0.1975,0.031875,0.04,1,61,0,0.0399567740515855,0.0105219625332724,0.595212084693415,0.998919351289637,0,0,28635.289837764,0.0716709742953734,0,0.0124898673820204,22,1,2,1,0
63,168.974689698079,171.142372634005,0.0128284475018084,0.499981080138703,16.5500571096313,0.193125,0.03,0.04,1,62,0,0.0399830329087028,0.0122521484476003,0.693086180112194,0.99957582271757,0,0,28810.2940514881,0.0651226519457936,0,0.0124149981723516,31,1,2,1,0
64,168.864808668752,171.198383605444,0.013819190363513,0.499978150506605,16.1765638505725,0.186875,0.029375,0.04,1,63,0,0.0399808587463569,0.0107449580300479,0.607826614928936,0.999521468658921,0,0,28729.4235069827,0.0578287832707422,0,0.00856662425949193,21,1,2,1,0
65,169.125730780375,171.431683374256,0.0136345462233411,0.499988848523207,15.8073852092928,0.18,0.02875,0.04,1,64,0,0.0399764839386071,0.01029494567765,0.582370072049077,0.999412098465177,0,0,28809.3253597218,0.0510910143457908,0,0.00879961243439282,23,1,2,1,0
66,169.030013436117,171.687417144208,0.0157214902493955,0.499990927227002,15.3598034927951,0.175,0.029375,0.04,1,65,0,0.0399626917190165,0.0109396567187461,0.618840435974265,0.999067292975413,0,0,28766.1713247736,0.0437297747834283,0,0.00591218151037763,28,1,2,1,0
67,169.234198772465,171.860554125067,0.0155190580370371,0.499989314135556,15.1297740057465,0.171875,0.029375,0.04,1,66,0,0.0399795805693585,0.00983641155829187,0.556431465232793,0.999489514233962,0,0,28851.1959216076,0.0369019888935921,0,0.00655138637172053,22,1,2,1,0
68,169.101161853803,171.922369529618,0.0166835499229365,0.499988581921217,14.8292884825285,0.165625,0.026875,0.04,1,67,0,0.0399503611360483,0.0102885886894565,0.582010466492311,0.998759028401207,0,0,28764.4087321094,0.0301867191879447,0,0.00477871950345227,30,1,2,1,0
69,169.263508496792,171.937490982286,0.0157977493745779,0.499987050452194,14.6010829651994,0.163125,0.025625,0.04,1,68,0,0.0399814082573248,0.0106271185580766,0.601160607751151,0.999535206433121,0,0,28888.9298010094,0.025105327805663,0,0.00495032567443459,36,1,2,1,0
70,169.121100659858,171.842930420506,0.016093969055481,0.499981285761332,14.2992269841511,0.16125,0.024375,0.04,1,69,0,0.0399548769667929,0.0105179011887679,0.594982340354227,0.998871924169824,0,0,28819.3092117048,0.0204132431412525,0,0.00351577821036854,29,1,2,1,0
71,169.303096463374,171.836119791669,0.0149614707657952,0.49999391048209,14.1112823359486,0.1575,0.025,0.04,1,70,0,0.0399760219137517,0.010575507159794,0.598241026174177,0.999400547843794,0,0,28925.7144798586,0.0169314792191058,0,0.00374898461279766,34,1,2,1,0
72,169.154148745336,171.744430625439,0.0153131442492855,0.499988622609571,13.9754020507968,0.156875,0.024375,0.04,1,71,0,0.0399607810273413,0.00922978875983615,0.522115697679962,0.999019525683534,0,0,28829.8069202562,0.0137246206156153,0,0.00259162093527586,22,1,2,1,0
73,169.307522079476,171.931316773721,0.015497212776014,0.499992893075793,13.836830051763,0.156875,0.02375,0.04,1,72,0,0.0399764391086326,0.00966935140702551,0.546981115966674,0.999410977715815,0,0,28914.2077783356,0.0114928522145835,0,0.00261727476320706,37,1,2,1,0
74,169.124200130663,171.908523789748,0.0164631889282141,0.499993434045101,13.7669772299692,0.15625,0.024375,0.04,1,73,0,0.0399717724209283,0.00956237196512047,0.540929444861186,0.999294310523208,0,0,28855.0690373981,0.00949818682189542,0,0.00164035014093237,28,1,2,1,0
75,169.22621636556,172.09253947086,0.0169378194871856,0.499995116326582,13.6684574037584,0.15625,0.025625,0.04,1,74,0,0.0399784047800607,0.010074383353248,0.569893182828363,0.999460119501518,0,0,28952.8582136922,0.00771145165058455,0,0.00164025271499854,40,1,2,1,0
76,169.054716530684,172.111784952441,0.0180833074905796,0.499993404757296,13.6071591573448,0.155,0.02625,0.04,1,75,0,0.0399900251623863,0.0091264261936103,0.51626862796003,0.999750629059657,0,0,28859.2105063927,0.00669646646151874,0,0.00149421988546695,22,1,2,1,0
77,169.184276898625,172.361115516667,0.0187773868605166,0.499992768473958,13.5711797911663,0.153125,0.025,0.04,1,76,0,0.0399780649514791,0.00930672369100209,0.526467794602966,0.999451623786977,0,0,28942.0421211288,0.00567053031159405,0,0.0014942639760777,29,1,2,1,0
78,169.08549011233,172.406036242659,0.0196382677669302,0.499990076799637,13.4935541734659,0.1525,0.025,0.04,1,77,0,0.0399895509653799,0.00925363584867828,0.523464692738507,0.999738774134499,0,0,28848.965622659,0.00517088379559954,0,0.00149427781777453,25,1,2,1,0
79,169.276195884951,172.524855153844,0.0191914713814865,0.499997116147415,13.4434655034291,0.151875,0.025,0.02,2,0,1,0.0199767554682724,0.00503408629336409,0.28477092440928,0.998837773413619,0,0,28853.6675397934,0.00454894223362807,1,0.00149426661191776,40,1,2,1,0
80,169.340448226782,172.449460493886,0.0183595372497188,0.499997367918515,13.5312774161964,0.151875,0.025,0.02,2,1,0,0.0199374288370704,0.00269110544456382,0.152231912699129,0.996871441853518,0,0,28749.0328710846,0.00391190422246482,1,0.00168866540768646,23,1,2,1,0
81,169.212530956205,172.3209615547,0.0183699787535171,0.49999555863973,13.4782030016186,0.151875,0.025625,0.02,2,2,0,0.0199413713301944,0.0020607166718439,0.1165717386212,0.997068566509722,0,0,28680.2398663279,0.00297253894882164,1,0.00168875579653709,15,1,2,1,0
82,169.395138327563,172.348378369337,0.0174340306984676,0.499997924306478,13.515113169922,0.151875,0.02625,0.02,2,3,0,0.0198488749537744,0.00199271801008572,0.112725153433934,0.99244374768872,0,0,28732.2430774527,0.00168416022655682,1,0.00201170335595153,21,1,2,1,0
83,169.282470337804,172.31638249964,0.0179221874289888,0.499996343021562,13.4440139512632,0.15125,0.02625,0.02,2,4,0,0.0199261992191949,0.00223505266712302,0.126433671778541,0.996309960959745,0,0,28693.8335092627,0.000669538355701351,1,0.0020117331380212,28,1,2,1,0
84,169.469862439285,172.27989923899,0.0165813364055317,0.499998121165839,13.453654984178,0.15125,0.025625,0.02,2,5,0,0.0198979446569988,0.00221863933615616,0.125505193568259,0.99489723284994,0,0,28741.3577946447,-0.000455537140636004,1,0.0024528165501308,28,1,2,1,0
85,169.343814885728,172.206663753726,0.0169055413681926,0.499998113515938,13.4075151459966,0.149375,0.025,0.02,2,6,0,0.0199263783154364,0.00217529783693285,0.123053428127652,0.996318915771821,0,0,28697.6351178001,-0.00128521643915924,1,0.00245264613778445,24,1,2,1,0
86,169.508618233297,172.191967859648,0.0158301663615587,0.499998237802436,13.4238369726952,0.149375,0.024375,0.02,2,7,0,0.0199089236686098,0.00244411274348353,0.138259895592133,0.995446183430489,0,0,28754.4962968626,-0.00266642271606747,1,0.00249913418753397,30,1,2,1,0
87,169.367793352172,171.990095103062,0.0154828831325521,0.499997638358632,13.3710853526166,0.149375,0.024375,0.02,2,8,0,0.0199410259004963,0.00228440618233618,0.129225528201151,0.997051295024816,0,0,28710.190077542,-0.00335063536471518,1,0.00249886333356825,23,1,2,1,0
88,169.531795654618,172.010370503523,0.0146201179509387,0.49999679902879,13.4151500110538,0.149375,0.024375,0.02,2,9,0,0.0199090246303239,0.00210921114265959,0.119315000154306,0.995451231516195,0,0,28754.2051727169,-0.00446714484500963,1,0.00188498136914246,23,1,2,1,0
89,169.374558454346,171.953767154517,0.0152278401414469,0.499994868267582,13.3608639520687,0.149375,0.025,0.02,2,10,0,0.0199417824850528,0.00198768528458539,0.112440459487603,0.99708912425264,0,0,28713.0873055544,-0.00508666437228199,1,0.00188487190601113,16,1,2,1,0
90,169.523462743596,172.009132828926,0.0146626906099097,0.499998209640887,13.385685607444,0.149375,0.025,0.01,3,0,1,0.00925828273512303,0.0007236490338822,0.0409357711245758,0.925828273512303,0,0,28746.1164545753,-0.005451958795024,1,0.00188466827149191,18,1,2,1,0
91,169.480593087144,171.983065377237,0.0147655389004127,0.49999900877798,13.4024992795267,0.149375,0.025,0.01,3,1,0,0.00581044423737064,0.000416884759223378,0.0235825632176137,0.581044423737064,0,0,28726.3364816294,-0.00521998897202707,1,0.00147157255770423,22,1,2,1,0
92,169.495227021538,171.959995918159,0.0145418189050688,0.499997130121217,13.3864141731552,0.149375,0.025,0.01,3,2,0,0.00445500246856911,0.000271038239245996,0.0153322381545365,0.445500246856911,1,0,28732.395528586,-0.0042137330039493,1,0.00147148563037259,16,1,2,1,0
93,169.496904449704,171.951172210392,0.0144797202559889,0.49999823188253,13.3787197416121,0.14875,0.025,0.01,3,3,0,0.00778414444765174,0.000517235715461694,0.0292592705499871,0.778414444765174,0,1,28733.3431489896,-0.0038763217999563,1,0.00110929768916803,32,1,2,1,0
94,169.506339788989,171.90828962086,0.01417026545946,0.49999953679219,13.3608231691291,0.14875,0.025,0.01,3,4,0,0.00471536114399515,0.000351072661421,0.0198596687663999,0.471536114399515,1,0,28736.1054894518,-0.00297743496951226,1,0.00110927381123536,26,1,2,1,0
95,169.508423297973,171.877332018912,0.0139751681648005,0.499999180120164,13.3582037919654,0.148125,0.025,0.01,3,5,0,0.00445391866353011,0.000234495828833086,0.0132650872582268,0.445391866353011,1,1,28731.2990454925,-0.002602086681517,1,0.000967682974569054,18,1,2,1,0
96,169.512192049839,171.857089047456,0.0138332055603846,0.499999303793266,13.3407499608872,0.148125,0.025,0.01,3,6,0,0.00668794636954046,0.000481102022096521,0.0272152401813608,0.668794636954046,0,2,28737.4120044214,-0.00160061105415702,1,0.000967680934017395,33,1,2,1,0
97,169.51071518111,171.807511403655,0.0135495636372644,0.499999001355474,13.365035539984,0.148125,0.025625,0.01,3,7,0,0.00520039901540709,0.000299138578115111,0.0169218333679757,0.520039901540709,0,0,28731.6671440721,-0.00129659895041786,1,0.000927685821502377,18,1,2,1,0
98,169.514988258855,171.785142695402,0.0133920573033917,0.499999367709446,13.3428619984494,0.146875,0.025625,0.01,3,8,0,0.00763351120804614,0.00037075096755527,0.0209728418631844,0.763351120804614,0,0,28738.4581121561,-0.000416382474107728,1,0.000878531082107782,23,1,2,1,0
99,169.514482825095,171.757934124551,0.0132345700619059,0.499995199286625,13.3330679335137,0.14625,0.025625,0.01,3,9,0,0.00550338589477448,0.000225696938019104,0.0127673468293079,0.550338589477449,0,0,28737.7218610947,-0.000141563305904823,1,0.00025290887795136,8,1,2,1,0
100,169.524136642443,171.741510105563,0.0130799867619853,0.499999188129912,13.3325070800582,0.14625,0.025625,0.01,3,10,0,0.00378323689959458,0.00016510678379759,0.00933985011545417,0.378323689959458,1,0,28738.130773943,0.000433575101153772,1,0.000256884431688779,10,1,2,1,0
101,169.527086313021,171.724780200555,0.0129636740377613,0.499999217029579,13.3354889850091,0.14625,0.025625,0.005,4,0,1,0.00246209585899453,9.74411129959286e-05,0.00551210174126286,0.492419171798905,1,1,28738.7296356756,0.000415930300782424,1,0.00018794816952264,17,1,2,1,0
102,169.524370934344,171.715406240274,0.0129246036652635,0.499998870642568,13.3378938909855,0.14625,0.025625,0.005,4,1,0,0.00226920637529334,9.20583534098315e-05,0.00520760687687676,0.453841275058667,1,1,28738.3423523309,0.000298540065888139,1,0.000178049422062035,18,1,2,1,0
103,169.523481657812,171.707494015274,0.0128832438792822,0.49999916919656,13.3362335480402,0.14625,0.025625,0.005,4,2,0,0.00181956357487825,8.32419681428352e-05,0.00470887681224907,0.36391271497565,1,2,28738.4687815805,0.000318710407667617,1,0.000122386370287258,17,1,2,1,0
104,169.5238694039,171.699725846834,0.0128351036971058,0.499999128783532,13.3361912333157,0.14625,0.025625,0.005,4,3,0,0.00152441415931121,7.68621523338435e-05,0.00434797993054833,0.304882831862242,1,3,28738.5064311779,0.000198990594818742,1,0.000110094348690665,17,1,2,1,0
105,169.524213921238,171.692110021506,0.0127881206473249,0.499999323380938,13.3341954310561,0.14625,0.025625,0.005,4,4,0,0.00132127891534247,7.91994691633779e-05,0.00448019853694395,0.264255783068493,1,4,28738.9511039499,0.000225632390434531,1,9.65734803003312e-05,18,1,2,1,0
106,169.52495561318,171.684126151233,0.0127365940326842,0.49999774917443,13.3366148785023,0.14625,0.025625,0.005,4,5,0,0.00108279002163204,6.162274176007e-05,0.00348590868590823,0.216558004326408,1,5,28738.4603192653,0.00013507874492752,1,9.65727531809419e-05,14,1,2,1,0
107,169.52418413502,171.675538929587,0.0126905479919831,0.499998878935299,13.3343876129396,0.14625,0.025625,0.005,4,6,0,0.00126508252799509,7.20745173892144e-05,0.0040771503997329,0.253016505599017,1,6,28738.2208315978,0.000198196119414372,1,7.43469580975365e-05,17,1,2,1,0
108,169.525468011575,171.667007580022,0.0126325536426224,0.49999758647982,13.3369649005613,0.14625,0.025625,0.005,4,7,0,0.00108245397535186,5.93209748470647e-05,0.00335570108647649,0.216490795070373,1,7,28738.8673898038,0.000146245352211091,1,7.43464984933152e-05,14,1,2,1,0
109,169.52446036704,171.659279173993,0.0125929839406753,0.499999368815263,13.3321600107025,0.14625,0.025625,0.005,4,8,0,0.00133290976072212,7.57164777732501e-05,0.00428317079048205,0.266581952144424,1,8,28738.9620557988,0.000202483314422367,1,2.12633135655869e-05,18,1,2,1,0
110,169.526733558646,171.651277656119,0.0125322068848698,0.49999917365719,13.3332189495681,0.14625,0.025625,0.005,4,9,0,0.00121226537650344,6.32139789748681e-05,0.00357592265591305,0.242453075300688,1,9,28738.8996701499,0.000121052031051052,1,2.12632809927617e-05,16,1,2,1,0
111,169.526047216326,171.642226503227,0.0124829152903043,0.49999890665472,13.3340634205033,0.14625,0.025625,0.005,4,10,0,0.00134058281135972,6.90756413228765e-05,0.00390750835153725,0.268116562271944,1,10,28739.0112336839,0.000151522748958372,1,1.9182451459848e-05,18,1,2,1,0
112,169.526384459096,171.63403057617,0.0124325551081546,0.499999296696229,13.3314473541148,0.14625,0.025625,0.005,4,11,0,0.00133583398830425,7.09151919296299e-05,0.00401156904820695,0.267166797660851,1,11,28739.8305154374,0.000109367843677932,1,1.91824286759841e-05,18,1,2,1,0
113,169.527186281445,171.626131912435,0.0123811742354141,0.499998898902909,13.3334320600571,0.14625,0.025625,0.005,4,12,0,0.00134816451050223,6.80777648007997e-05,0.00385105993109347,0.269632902100445,1,12,28738.9623863787,9.38497052474266e-05,1,1.9565672855834e-05,18,1,2,1,0
114,169.52683962259,171.616869098976,0.0123286051992615,0.499999248817982,13.3311230890978,0.14625,0.025625,0.005,4,13,0,0.00134041719633561,6.88774642121765e-05,0.0038962977612291,0.268083439267122,1,13,28739.954972445,7.7729136258012e-05,1,1.77090987265444e-05,18,1,2,1,0
115,169.527727227754,171.608684996255,0.0122750290028105,0.499999307958176,13.3299272860205,0.14625,0.025625,0.005,4,14,0,0.00134275928157578,6.94828086377531e-05,0.00393054121309139,0.268551856315157,1,14,28739.8013470232,7.44142764200676e-05,1,2.08999962405574e-05,18,1,2,1,0
116,169.528100839267,171.600451251342,0.0122242295042275,0.499999303035999,13.3291880213342,0.14625,0.025625,0.005,4,15,0,0.00134434892834078,6.87940419228782e-05,0.0038915786839119,0.268869785668156,1,15,28739.8674020254,5.07436302363881e-05,1,2.3103813052425e-05,18,1,2,1,0
117,169.528371245639,171.592236304087,0.012174157300534,0.49999768798044,13.3330583088824,0.14625,0.025625,0.005,4,16,0,0.00109919076153173,5.62356029288067e-05,0.00318116609400586,0.219838152306345,1,16,28739.4650494419,5.19918657460087e-05,1,2.30693918055848e-05,14,1,2,1,0
118,169.527113395149,171.583666361852,0.0121311153450072,0.499998943013335,13.3318373109438,0.14625,0.025625,0.005,4,17,0,0.00136010463549952,6.82749333692376e-05,0.00386221346963581,0.272020927099905,1,17,28739.1751153027,3.3515504497449e-05,1,2.30693694150384e-05,18,1,2,1,0
119,169.528387202409,171.575765824551,0.0120769073305548,0.499999284115099,13.329510508485,0.14625,0.025625,0.005,4,18,0,0.00134918834941442,6.84390252463982e-05,0.00387149590796204,0.269837669882883,1,18,28740.4270701125,3.31620898161426e-05,1,1.38030053773101e-05,18,1,2,1,0
120,169.529119838332,171.56762674938,0.0120245236511118,0.499999315166213,13.3282941293372,0.14625,0.025625,0.005,4,19,0,0.00134920727540625,6.79156121890742e-05,0.00384188719418641,0.26984145508125,1,19,28740.2517164889,3.39442391339443e-05,1,1.81246199187993e-05,18,1,2,1,0
121,169.529463631142,171.559955628877,0.0119772218601015,0.49999931120651,13.3274490298451,0.14625,0.025625,0.005,4,20,0,0.0013535727223247,6.75098613925086e-05,0.00381893446300854,0.27071454446494,1,20,28740.3341852933,3.59732983212826e-05,1,1.81632203437883e-05,18,1,2,1,0
122,169.529804151121,171.551933214343,0.0119278676298047,0.499998859836699,13.3370989774198,0.14625,0.025625,0.005,4,21,0,0.00117114174518801,7.40148411705775e-05,0.00418691168801285,0.234228349037603,1,21,28738.7743805224,3.95967906636642e-05,1,1.74869333401478e-05,14,1,2,1,0
123,169.527893549145,171.53812312522,0.0118578101455177,0.499998911118684,13.3312069235657,0.14625,0.025625,0.005,4,22,0,0.00135858670249596,7.08543892819601e-05,0.00400812953104844,0.271717340499192,1,22,28740.5634212023,3.07434099757724e-05,1,1.74869260446435e-05,18,1,2,1,0
124,169.530311013041,171.533188864452,0.0118142758037944,0.499999243460381,13.3286229895411,0.14625,0.025625,0.005,4,23,0,0.00133643644328207,6.72709092358864e-05,0.0038054172877824,0.267287288656414,1,23,28741.2075409153,3.45967798492388e-05,1,1.8861816474653e-05,18,1,2,1,0
125,169.530980770369,171.52716075195,0.0117747208947294,0.499999215140233,13.3276776176425,0.14625,0.025625,0.005,4,24,0,0.00134499968164374,6.42651578629268e-05,0.00363538631351196,0.268999936328748,1,24,28740.8505680797,3.39147003419907e-05,1,2.2812476074892e-05,18,1,2,1,0
126,169.531120191609,171.520627851716,0.0117353537088531,0.499999204148645,13.3271174816274,0.14625,0.025625,0.005,4,25,0,0.00134641037457145,6.34849370507151e-05,0.00359125035934094,0.26928207491429,1,25,28740.8698532368,3.46069599041848e-05,1,2.36348376816193e-05,18,1,2,1,0
127,169.531321639299,171.513715814431,0.0116933800548682,0.49999917223129,13.3270738586581,0.14625,0.025625,0.005,4,26,0,0.00134211702369848,5.99001890552514e-05,0.00338846639002596,0.268423404739696,1,26,28740.8615567471,3.31988493386906e-05,1,2.48230713230536e-05,18,1,2,1,0
128,169.531425019227,171.508040728701,0.0116592880007338,0.499999167737685,13.3267856991328,0.14625,0.025625,0.005,4,27,0,0.00133871391879828,5.92033993662808e-05,0.0033490500128954,0.267742783759657,1,27,28740.9340257322,3.37286041521369e-05,1,2.08309469868793e-05,18,1,2,1,0
129,169.531682237572,171.502484618433,0.0116249797963979,0.499999172774477,13.3264323465093,0.14625,0.025625,0.005,4,28,0,0.0013369858626521,5.95101198355787e-05,0.00336640074279694,0.267397172530421,1,28,28741.0606763999,3.87780307446848e-05,1,2.23481475238927e-05,18,1,2,1,0
130,169.532007797819,171.496847382445,0.0115897853753299,0.499999204907292,13.3253944609241,0.14625,0.025625,0.005,4,29,0,0.00134061209215297,6.36064541360986e-05,0.00359812440374932,0.268122418430594,1,29,28741.2525966073,3.58849264996956e-05,1,2.42684721803377e-05,18,1,2,1,0
131,169.532537385556,171.489701369881,0.0115444740844831,0.499999262894293,13.3246435558811,0.14625,0.025625,0.005,4,30,0,0.00134347990012202,6.48501874507277e-05,0.00366848058461026,0.268695980024404,1,30,28741.404303581,3.46628711268281e-05,1,2.73922699758665e-05,18,1,2,1,0
132,169.532909395759,171.482299344695,0.0114985931397259,0.499999243843205,13.3240631076843,0.14625,0.025625,0.005,4,31,0,0.00134801030521983,6.52508517902252e-05,0.00369114558232533,0.269602061043966,1,31,28741.4670460876,3.37829794170624e-05,1,2.95865660991005e-05,18,1,2,1,0
133,169.53323775406,171.474863206163,0.0114527716088347,0.499999231818988,13.3235804412826,0.14625,0.025625,0.005,4,32,0,0.00135059646089368,6.53199788129265e-05,0.00369505599724655,0.270119292178736,1,32,28741.5873712142,4.68270821103952e-05,1,1.72636745734769e-05,18,1,2,1,0
134,169.533592836688,171.467566755815,0.0114076147786808,0.499999246467131,13.3230559259444,0.14625,0.025625,0.005,4,33,0,0.00135421870365827,6.60805801125915e-05,0.00373808210418835,0.270843740731654,1,33,28741.707059791,4.48188616317583e-05,1,1.5407504558476e-05,18,1,2,1,0
135,169.533922105554,171.459936250787,0.0113606417011569,0.499997751702518,13.3266287338496,0.14625,0.025625,0.005,4,34,0,0.00110842515067555,5.4551607114029e-05,0.00308590490519634,0.221685030135109,1,34,28741.4039017294,4.21984507718371e-05,1,1.65273089259519e-05,14,1,2,1,0
136,169.532744955476,171.452551639841,0.0113241054692413,0.499999258111544,13.3231368949513,0.145625,0.025625,0.005,4,35,0,0.00135894900348977,6.73815244596045e-05,0.00381167462976588,0.271789800697954,1,35,28741.5682928245,4.04728763080321e-05,1,1.53390392456741e-05,18,1,2,1,0
137,169.534467260962,171.446165674623,0.0112761637473896,0.499999265905804,13.3221950979382,0.145625,0.02625,0.005,4,36,0,0.00136077137547305,6.57987330982825e-05,0.00372213842938234,0.27215427509461,1,36,28742.0101758085,3.94149425377776e-05,1,1.79448507294494e-05,18,1,2,1,0
138,169.534801738005,171.438898712334,0.0112313044567184,0.499999191317139,13.3219599150561,0.145625,0.02625,0.005,4,37,0,0.0013590132569408,6.29512654513494e-05,0.00356106133479389,0.27180265138816,1,37,28742.0437207587,3.85522409827534e-05,1,1.84005292803896e-05,18,1,2,1,0
139,169.535065409269,171.431919583938,0.0111885654456763,0.499999174609571,13.3219056142894,0.145625,0.02625,0.005,4,38,0,0.00135477280979678,6.12010049245802e-05,0.00346205164780815,0.270954561959356,1,38,28742.1451187144,3.62931186812206e-05,1,1.80354380283572e-05,18,1,2,1,0
140,169.535329635157,171.425676569036,0.0111501652071418,0.499999171604661,13.3216475840231,0.145625,0.026875,0.005,4,39,0,0.00135339964142585,6.02171269600292e-05,0.00340639510536063,0.27067992828517,1,39,28742.2402061949,3.78616784525471e-05,1,1.64701587409907e-05,18,1,2,1,0
141,169.535614644224,171.419730855128,0.0111133947569534,0.499999173073936,13.3216126883224,0.145625,0.026875,0.005,4,40,0,0.00134946779086964,5.83971241282011e-05,0.00330344019782748,0.269893558173928,1,40,28742.3244552214,3.78153732494653e-05,1,1.69269048973244e-05,18,1,2,1,0
142,169.535828833238,171.414137118202,0.0110791229080682,0.499999164878313,13.3210110890514,0.145625,0.026875,0.005,4,41,0,0.00135190243156679,5.88843844007949e-05,0.00333100380126379,0.270380486313358,1,41,28742.4565808106,3.72934419540577e-05,1,1.81902708912325e-05,18,1,2,1,0
143,169.53622031745,171.408657217193,0.0110444652843936,0.499999170834672,13.3207432677224,0.145625,0.026875,0.005,4,42,0,0.00134770751393166,5.88069110693448e-05,0.00332662124782143,0.269541502786332,1,42,28742.5529191798,3.13673138928563e-05,1,2.0499406725673e-05,18,1,2,1,0
144,169.536499546412,171.403345750797,0.0110114707415794,0.499999166462533,13.3200977506811,0.145625,0.026875,0.005,4,43,0,0.00134963300794969,5.91946652432438e-05,0.00334855593628523,0.269926601589939,1,43,28742.6891767757,3.1164002035522e-05,1,2.21463995122262e-05,18,1,2,1,0
145,169.536906839272,171.39795891031,0.0109772680517422,0.499999178099858,13.3197965749822,0.145625,0.026875,0.005,4,44,0,0.00134585315365628,5.89585729870701e-05,0.00333520054145914,0.269170630731257,1,44,28742.7962366,3.28430639755324e-05,1,2.45487672468045e-05,18,1,2,1,0
146,169.53720759326,171.39279310625,0.0109450045764674,0.499999165712298,13.3192285676491,0.145625,0.026875,0.005,4,45,0,0.00134769000902185,5.88047028112858e-05,0.00332649632988158,0.26953800180437,1,45,28742.9136539862,3.57621538076745e-05,1,1.61637388212319e-05,18,1,2,1,0
147,169.537573044956,171.387496120426,0.0109115816762356,0.499999172058278,13.3189344587242,0.145625,0.026875,0.005,4,46,0,0.00134389814921563,5.86835848585551e-05,0.00331964486382564,0.268779629843126,1,46,28743.0105038277,3.80129080903227e-05,1,1.63464116077941e-05,18,1,2,1,0
148,169.537862701988,171.382444868461,0.0108800602831444,0.499999166098348,13.3183494629457,0.145625,0.026875,0.005,4,47,0,0.00134487502502416,5.85878583513465e-05,0.00331422975483472,0.268975005004831,1,47,28743.1434581891,3.74968076206456e-05,1,1.64996575364674e-05,18,1,2,1,0
149,169.538247950877,171.377161033995,0.0108465971858463,0.499999171244681,13.3180010669198,0.145625,0.026875,0.005,4,48,0,0.00134081386698417,5.85334003988563e-05,0.0033111491478351,0.268162773396833,1,48,28743.2399820353,3.74620175488143e-05,1,1.72134718885326e-05,18,1,2,1,0
150,169.538552223532,171.372152422374,0.0108152403969116,0.49999916602338,13.317249817039,0.145625,0.026875,0.005,4,49,0,0.00134337549263617,5.90396995147081e-05,0.0033397897508853,0.268675098527234,1,49,28743.3953945579,3.74981336997794e-05,1,1.7327063814468e-05,18,1,2,1,0
151,169.538998436834,171.367000773314,0.0107821937921926,0.499999178801592,13.3169800185445,0.145625,0.026875,0.005,4,50,0,0.00133726831419649,5.83436251969284e-05,0.00330041384126035,0.267453662839299,1,50,28743.4940199903,3.80810547015586e-05,1,1.86956021943268e-05,18,1,2,1,0
152,169.539265230654,171.361878728492,0.0107503916296802,0.49999916599285,13.3163263097444,0.145625,0.026875,0.005,4,51,0,0.00133786993379782,5.84028202906891e-05,0.00330376242143725,0.267573986759565,1,51,28743.6117503737,3.89487027154722e-05,1,1.79600915006006e-05,18,1,2,1,0
153,169.539667454609,171.356871927167,0.0107184619377884,0.499999172291568,13.3160177076149,0.145625,0.026875,0.005,4,52,0,0.0013314988172452,5.82695401056285e-05,0.00329622295562491,0.266299763449039,1,52,28743.7168311548,3.95248511900097e-05,1,1.86855261819266e-05,18,1,2,1,0
154,169.539972030294,171.351828530281,0.0106868986604739,0.499999164821086,13.3153350453297,0.145625,0.026875,0.005,4,53,0,0.00133281407728624,5.8186069746173e-05,0.00329150115904899,0.266562815457249,1,53,28743.8630624617,4.02148711403319e-05,1,1.80796242265563e-05,18,1,2,1,0
155,169.540400182124,171.346963143908,0.0106556488001883,0.499999173494518,13.3149512497626,0.145625,0.026875,0.005,4,54,0,0.00132640366258809,5.8395700710412e-05,0.00330335967715779,0.265280732517618,1,54,28743.9722908636,4.0881937623703e-05,1,1.8831024759309e-05,18,1,2,1,0
156,169.540725134009,171.342033170336,0.0106246333139361,0.499999169401383,13.3144545197717,0.145625,0.026875,0.005,4,55,0,0.00132423758068951,5.75061564828685e-05,0.00325303945672088,0.264847516137901,1,55,28744.0934500685,4.0129257223877e-05,1,1.8592103895397e-05,18,1,2,1,0
157,169.54108995123,171.337232255267,0.0105941415414607,0.499999173614262,13.3140025779384,0.145625,0.026875,0.005,4,56,0,0.00132027358868651,5.81292757503894e-05,0.00328828840548505,0.264054717737301,1,56,28744.2199673183,3.95530389246859e-05,1,1.90353850198273e-05,18,1,2,1,0
158,169.541442350034,171.332422707305,0.0105636730019877,0.499999165266198,13.3133027147755,0.145625,0.026875,0.005,4,57,0,0.0013192266866661,5.79209650255494e-05,0.00327650457139479,0.263845337333219,1,57,28744.3567588938,4.02805183703719e-05,1,1.884158455338e-05,18,1,2,1,0
159,169.541873328761,171.32760182862,0.0105326693919233,0.499999173441447,13.312957552017,0.145625,0.026875,0.005,4,58,0,0.00131225491842545,5.77612429206655e-05,0.00326746932471728,0.262450983685091,1,58,28744.468998812,4.06754682662573e-05,1,1.95888954684538e-05,18,1,2,1,0
160,169.542184418058,171.322694580265,0.0105018710730832,0.499999165108135,13.3123198286621,0.145625,0.026875,0.005,4,59,0,0.00131131681058395,5.77701629617593e-05,0.00326797391844095,0.262263362116791,1,59,28744.6067524932,4.11420519573796e-05,1,1.8791852461698e-05,18,1,2,1,0
161,169.542601981541,171.31792177759,0.0104712312734387,0.499999173255604,13.3119781802059,0.145625,0.026875,0.005,4,60,0,0.0013013676414395,5.68839186767457e-05,0.00321784037094328,0.260273528287899,1,60,28744.7063648697,4.13373076156627e-05,1,1.96810943521529e-05,18,1,2,1,0
162,169.542918318692,171.313302604976,0.0104421010552389,0.499999165160242,13.311245070921,0.145625,0.026875,0.005,4,61,0,0.00130298073280976,5.74975517090933e-05,0.00325255269720993,0.260596146561953,1,61,28744.8637988609,4.14859761940491e-05,1,1.91744685343613e-05,18,1,2,1,0
163,169.543365040218,171.308580026889,0.0104115839994846,0.499999171622381,13.3110099751229,0.145625,0.026875,0.005,4,62,0,0.00129074842005747,5.61998512518384e-05,0.00317914367374802,0.258149684011493,1,62,28744.9539997171,4.1822860706244e-05,1,2.00128391942488e-05,18,1,2,1,0
164,169.543641984809,171.303865298822,0.0103821251767787,0.49999859272686,13.3130629232083,0.145625,0.026875,0.005,4,63,0,0.00101153935698969,4.66408855553477e-05,0.00263840691653857,0.202307871397937,1,63,28744.185657007,4.2077557143717e-05,1,1.91209388880979e-05,14,1,2,1,0
165,169.541955022624,171.298590845922,0.0103610685807154,0.499999169532795,13.3099537872335,0.145625,0.026875,0.005,4,64,0,0.00129135772596738,5.8423739641399e-05,0.00330494579861684,0.258271545193475,1,64,28745.3854144227,3.9115684333956e-05,1,1.72042780420047e-05,18,1,2,1,0
166,169.544432631959,171.29518006883,0.0103261865323014,0.499999170566836,13.3092609137504,0.145625,0.026875,0.005,4,65,0,0.0012795574857122,5.74323920844774e-05,0.00324886671221589,0.255911497142439,1,65,28745.3754185923,3.99403014483583e-05,1,1.97158808750366e-05,18,1,2,1,0
167,169.544832339381,171.290423762028,0.0102957512686274,0.499997349381499,13.31207611282,0.145625,0.026875,0.005,4,66,0,0.000996287108776387,4.67369032831169e-05,0.00264383849945214,0.199257421755277,1,66,28744.2549468431,4.02955996128207e-05,1,1.99948735819e-05,14,1,2,1,0
168,169.542560422897,171.28505706951,0.0102776355521951,0.499999158115556,13.3089236360159,0.145625,0.026875,0.005,4,67,0,0.00126503650164945,5.57679154607405e-05,0.00315470969559422,0.253007300329891,1,67,28745.7050053114,3.62093695088601e-05,1,1.74528584647494e-05,18,1,2,1,0
169,169.545228272803,171.282027078046,0.0102438672142901,0.499999180248633,13.3078605799882,0.145625,0.026875,0.005,4,68,0,0.00126569752939981,5.76212881360267e-05,0.00325955228653507,0.253139505879961,1,68,28745.7192126396,3.66786943619617e-05,1,1.93062703611478e-05,18,1,2,1,0
170,169.545909150213,171.277597171244,0.0102136821213272,0.499997791926689,13.3104878506448,0.145625,0.026875,0.005,4,69,0,0.00098567174590404,4.62267541999616e-05,0.00261498010936293,0.197134349180808,1,69,28744.8021099464,3.67522820027319e-05,1,2.33221673827672e-05,14,1,2,1,0
171,169.543970724297,171.272321293669,0.0101941140223878,0.499999153149598,13.3075792933354,0.145625,0.026875,0.005,4,70,0,0.00124859707462569,5.50984854630585e-05,0.00311684101632297,0.249719414925139,1,70,28746.042778463,3.32174796978991e-05,1,2.33221485545752e-05,18,1,2,1,0
172,169.546274662767,171.269217176975,0.0101620782741128,0.499999174752101,13.3065246875396,0.145625,0.0275,0.005,4,71,0,0.00124701480631777,5.63724566415405e-05,0.00318890770907023,0.249402961263555,1,71,28746.0476232848,3.36489706019361e-05,1,2.54779562443652e-05,18,1,2,1,0
173,169.546915500274,171.264848661547,0.0101324943376532,0.49999917080142,13.3058629213764,0.145625,0.0275,0.005,4,72,0,0.00123854772410866,5.53205409918734e-05,0.00312940237394097,0.247709544821733,1,72,28746.1937289329,3.34114757779925e-05,1,2.9257661208198e-05,18,1,2,1,0
174,169.547322285519,171.26029220989,0.0101031965664808,0.499998997241922,13.3080363430653,0.145625,0.0275,0.005,4,73,0,0.000990529151838028,4.56373403953222e-05,0.00258163782950809,0.198105830367606,1,73,28746.024038182,3.34202403266769e-05,1,3.1656874520474e-05,14,1,2,1,0
175,169.546398417804,171.255658388212,0.0100813699751749,0.49999917634593,13.305121170719,0.145625,0.0275,0.005,4,74,0,0.001229436200239,5.63557533580953e-05,0.00318796282867086,0.245887240047799,1,74,28746.3068309873,3.86935234400805e-05,1,2.80860646103525e-05,18,1,2,1,0
176,169.548134793907,171.251718061697,0.0100477853670299,0.499999004312122,13.3071547000577,0.145625,0.0275,0.005,4,75,0,0.000978486853098051,4.54191007978741e-05,0.00256929233356577,0.19569737061961,1,75,28746.2900038572,3.69827257775513e-05,1,3.28782694769375e-05,14,1,2,1,0
177,169.547141231533,171.247025209211,0.0100260255957778,0.499999181738513,13.3041557520545,0.145625,0.0275,0.005,4,76,0,0.00121361817209316,5.66443527666645e-05,0.00320428847657851,0.242723634418632,1,76,28746.5620363494,3.57044709612276e-05,1,3.28782247030208e-05,18,1,2,1,0
178,169.548867738774,171.243086107846,0.00999250771572398,0.499999005646613,13.3061553412945,0.145625,0.0275,0.005,4,77,0,0.000965149603058615,4.50786645414245e-05,0.00255003435072599,0.193029920611723,1,77,28746.5327143106,4.36089106759776e-05,1,2.8882997398534e-05,14,1,2,1,0
179,169.547856103402,171.238408756132,0.00997094679687118,0.499999179604418,13.3030275674445,0.145625,0.0275,0.005,4,78,0,0.00119957637971141,5.61343263149114e-05,0.00317543702356898,0.239915275942281,1,78,28746.8139239136,4.17978168544734e-05,1,2.88829526323757e-05,18,1,2,1,0
180,169.549634738121,171.234501910096,0.00993730935827266,0.499999180618234,13.3024728814199,0.145625,0.0275,0.005,4,79,0,0.00117898042501369,5.37392634178395e-05,0.00303995180629796,0.235796085002738,1,79,28747.0887497176,4.12566620742156e-05,1,3.34066979572772e-05,18,1,2,1,0
181,169.549869359118,171.22990266042,0.00990878558416289,0.499998935869094,13.3042053821454,0.145625,0.0275,0.005,4,80,0,0.000914857019813646,4.41230093164043e-05,0.00249597432751894,0.182971403962729,1,80,28746.4355381483,4.85319259736733e-05,1,2.12016639040012e-05,14,1,2,1,0
182,169.548307795079,171.224826860194,0.00988814979588088,0.499998988652191,13.3042506606722,0.145625,0.0275,0.005,4,81,0,0.000939589829326119,4.37750333409827e-05,0.00247628983376608,0.187917965865224,1,81,28747.0739003274,4.52488696618176e-05,1,2.04717271624169e-05,14,1,2,1,0
183,169.54920978349,171.221402919319,0.00986258289239343,0.499999180617658,13.3009367252356,0.145625,0.026875,0.005,4,82,0,0.00116715935783792,5.6008902164401e-05,0.00316834196218095,0.233431871567584,1,82,28747.2969344054,4.47006018144334e-05,1,2.04716994606073e-05,18,1,2,1,0
184,169.551048957283,171.217666080873,0.00982958898714887,0.49999901834459,13.3029727982923,0.145625,0.026875,0.005,4,83,0,0.000923081192151521,4.42407049234582e-05,0.00250263219646803,0.184616238430304,1,83,28747.2781932629,4.42254673689928e-05,1,2.74289389133239e-05,14,1,2,1,0
185,169.550027039565,171.212959781675,0.00980791788208972,0.499999185984962,13.2998120954971,0.145625,0.026875,0.005,4,84,0,0.00114725333353784,5.56942841503332e-05,0.00315054447968249,0.229450666707568,1,84,28747.5437196827,4.21927795442882e-05,1,2.30477651001243e-05,18,1,2,1,0
186,169.551785975002,171.209036378522,0.0097743022522011,0.499999170093506,13.2996522762408,0.145625,0.026875,0.005,4,85,0,0.00111912390068593,5.17194751080675e-05,0.00292569532546587,0.223824780137186,1,85,28747.7587488795,4.32901048254588e-05,1,2.73946363573753e-05,18,1,2,1,0
187,169.551850902264,171.204252165891,0.0097456987631446,0.499998737677231,13.3012049447231,0.145625,0.026875,0.005,4,86,0,0.000868957917713725,4.30325570887186e-05,0.00243428903433841,0.173791583542745,1,86,28747.0886242835,4.52177650328416e-05,1,2.35612061009911e-05,14,1,2,1,0
188,169.550379159979,171.199209345791,0.00972472131281057,0.499998987841155,13.3011307357015,0.145625,0.026875,0.005,4,87,0,0.000894543516950452,4.27950674304079e-05,0.00242085459051016,0.17890870339009,1,87,28747.816577782,3.90234848098597e-05,1,2.3561185097802e-05,14,1,2,1,0
189,169.551340160936,171.195978848665,0.00969994507957193,0.499999179481132,13.2978367313792,0.145625,0.026875,0.005,4,88,0,0.00110912822218545,5.42344110294328e-05,0.00306796158500563,0.22182564443709,1,88,28748.0152861243,4.0610214598878e-05,1,2.08970803169616e-05,18,1,2,1,0
190,169.553164366352,171.192199369173,0.00966679099707282,0.499999011316137,13.2999132274518,0.145625,0.026875,0.005,4,89,0,0.000875566740570711,4.30299238660128e-05,0.00243414007676788,0.175113348114142,1,89,28747.9865677555,4.09810692607902e-05,1,2.86437703908172e-05,14,1,2,1,0
191,169.552116650833,171.187530240469,0.00964549202888364,0.499999185054209,13.2968105373432,0.145625,0.026875,0.005,4,90,0,0.0010873200967917,5.37438738481313e-05,0.00304021261161984,0.21746401935834,1,90,28748.2440781275,3.61494523847819e-05,1,2.86437324252864e-05,18,1,2,1,0
192,169.553855343884,171.183743284525,0.00961280377456284,0.499998988738664,13.2990526808232,0.145625,0.026875,0.005,4,91,0,0.000853976813275613,4.21531080794013e-05,0.00238453988568273,0.170795362655123,1,91,28748.1823640481,4.10744678364372e-05,1,2.73991147293158e-05,14,1,2,1,0
193,169.552729870101,171.17901535547,0.00959162076962611,0.499999313175645,13.2952319987801,0.145625,0.026875,0.005,4,92,0,0.00103233415677315,5.40881652786025e-05,0.00305968867603509,0.20646683135463,1,92,28748.654329435,4.13602223895864e-05,1,2.25789619749615e-05,19,1,2,1,0
194,169.55472968911,171.175071312158,0.00955645192569628,0.49999900245929,13.297938662492,0.145625,0.026875,0.005,4,93,0,0.00083856150572129,4.15873519986094e-05,0.00235253588878469,0.167712301144258,1,93,28748.3350089003,4.22443045170716e-05,1,2.77357038280192e-05,14,1,2,1,0
195,169.553366399271,171.170155906879,0.00953557892682234,0.499998997845421,13.2980359759785,0.145625,0.026875,0.005,4,94,0,0.000835618409350388,4.05715883341841e-05,0.00229507561876885,0.167123681870078,1,94,28748.3474769299,4.1557644975347e-05,1,2.56588862665393e-05,14,1,2,1,0
196,169.553712616222,171.166514496831,0.00951204108552869,0.499998990512246,13.2977085563557,0.145625,0.026875,0.005,4,95,0,0.000828822102173856,4.08766898254558e-05,0.00231233476544312,0.165764420434771,1,95,28748.4656815888,4.00507590942816e-05,1,2.56588571101409e-05,14,1,2,1,0
197,169.554057890607,171.162701566047,0.00948749735307308,0.499999019339538,13.2972394866662,0.145625,0.0275,0.005,4,96,0,0.000822265643468011,4.15536034791525e-05,0.00235062678422765,0.164453128693602,1,96,28748.6038833707,3.74004995250803e-05,1,2.56588237112527e-05,14,1,2,1,0
198,169.554433040234,171.158908506256,0.00946289305005182,0.499999021992254,13.29676284721,0.145625,0.0275,0.005,4,97,0,0.000813318299173703,4.13660677346932e-05,0.00234001816049789,0.162663659834741,1,97,28748.7194036072,4.08396351747053e-05,1,1.99909241626014e-05,14,1,2,1,0
199,169.55474915038,171.155040575646,0.00943819877228476,0.499999020773412,13.2963576154292,0.145625,0.0275,0.005,4,98,0,0.000803872065794588,4.127800409429e-05,0.00233503652871348,0.160774413158918,1,98,28748.8142389978,3.95139762576414e-05,1,1.55260526818031e-05,14,1,2,1,0
200,169.555028469158,171.15118091467,0.0094137723895472,0.499999047008407,13.2958473329414,0.145625,0.0275,0.005,4,99,0,0.000796477422405525,4.14105888232868e-05,0.00234253665358991,0.159295484481105,1,99,28748.9314680533,3.81139969448971e-05,1,1.71734103676241e-05,14,1,2,1,0
201,169.555368309777,171.147348902256,0.00938914885649551,0.499999002312149,13.295586354063,0.145625,0.0275,0.005,4,100,0,0.000745635458967302,3.92144521703586e-05,0.00221830440401409,0.14912709179346,1,100,28748.9829580375,3.82776569357346e-05,1,1.55610396453644e-05,14,1,2,1,0
202,169.555534170977,171.143416376739,0.00936496831864231,0.499998999671365,13.2952328977334,0.145625,0.0275,0.005,4,101,0,0.000738752030891356,3.89972551141218e-05,0.00220601788310859,0.147750406178271,1,101,28749.0767475309,3.45565500823641e-05,1,1.65392426034636e-05,14,1,2,1,0
203,169.555803467603,171.139609505939,0.00934091317398302,0.499999038541015,13.2946583359218,0.145625,0.0275,0.005,4,102,0,0.000737215148358897,3.97068921398685e-05,0.00224616101535551,0.147443029671779,1,102,28749.222448264,3.38117308948608e-05,1,1.43733476209462e-05,14,1,2,1,0
204,169.55618520923,171.135837046612,0.00931639170480665,0.499998998371871,13.2944767049735,0.145625,0.0275,0.005,4,103,0,0.000725750806209776,3.87426958885013e-05,0.0021916178387366,0.145150161241955,1,103,28749.2444457943,3.10660580587355e-05,1,1.66247700595479e-05,14,1,2,1,0
205,169.556322155908,171.131961090353,0.00929271710078934,0.499999000606363,13.2939965650935,0.145625,0.0275,0.005,4,104,0,0.000721400411370677,3.82680297409136e-05,0.00216476666659588,0.144280082274135,1,104,28749.354609822,3.0553285808724e-05,1,1.53905095569239e-05,14,1,2,1,0
206,169.556629605458,171.128127915762,0.00926827994847951,0.499998995824076,13.2937635266716,0.145625,0.0275,0.005,4,105,0,0.000712608591595279,3.81636802010947e-05,0.00215886376521831,0.142521718319056,1,105,28749.4348675279,3.12606420902635e-05,1,1.51674006377956e-05,14,1,2,1,0
207,169.556847583973,171.124335840186,0.0092446178290541,0.499998991465698,13.293363245949,0.145625,0.0275,0.005,4,106,0,0.000707419336350884,3.78007074172023e-05,0.00213833092386819,0.141483867270177,1,106,28749.5308332969,3.2172810221439e-05,1,1.42404170426291e-05,14,1,2,1,0
208,169.557124820888,171.120534743279,0.00922054985329002,0.499999000035795,13.29289648626,0.145625,0.0275,0.005,4,107,0,0.000701061345994765,3.77938885093151e-05,0.0021379451881876,0.140212269198953,1,107,28749.6197819089,3.01262244238818e-05,1,1.40111295281636e-05,14,1,2,1,0
209,169.557414045547,171.116711633535,0.00919628078055708,0.499998999997928,13.2925251063598,0.145625,0.0275,0.005,4,108,0,0.000694254418105556,3.77461504542e-05,0.0021352447159882,0.138850883621111,1,108,28749.7134772351,3.01176162015373e-05,1,1.40695299067562e-05,14,1,2,1,0
210,169.557671421414,171.112882689885,0.00917216694139071,0.499999000851634,13.2920908259962,0.145625,0.0275,0.005,4,109,0,0.000687932998642295,3.75681309457911e-05,0.00212517441186185,0.137586599728459,1,109,28749.8064379491,3.04663701428184e-05,1,1.35831523518597e-05,14,1,2,1,0
211,169.557946048291,171.10903322545,0.00914782947841444,0.499999000914126,13.2916746124422,0.145625,0.0275,0.005,4,110,0,0.000681436720917934,3.74713208556983e-05,0.00211969800616649,0.136287344183587,1,110,28749.8961352083,3.02230213870271e-05,1,1.42246023472791e-05,14,1,2,1,0
212,169.558211885968,171.105188798194,0.00912357411073488,0.49999900689697,13.2913013352784,0.145625,0.0275,0.005,4,111,0,0.000674520839759838,3.73340227181858e-05,0.00211193125064014,0.134904167951968,1,111,28749.9871679269,3.08292244965268e-05,1,1.42041799709307e-05,14,1,2,1,0
213,169.558470995046,171.101363420083,0.00909947120885695,0.499999006731333,13.2907903922981,0.145625,0.0275,0.005,4,112,0,0.000669765351392805,3.69519833085837e-05,0.00209031983806333,0.133953070278561,1,112,28750.0795611026,3.0884911689635e-05,1,1.34809061775396e-05,14,1,2,1,0
214,169.558756438805,171.097531884838,0.00907517534542191,0.499999006717648,13.2903472530073,0.145625,0.0275,0.005,4,113,0,0.000661956901137424,3.69372895259844e-05,0.00208948863219795,0.132391380227485,1,113,28750.1714739248,3.18900909202718e-05,1,1.43566774076836e-05,14,1,2,1,0
215,169.559035310109,171.093692188915,0.00905087054782873,0.499999016721348,13.2900250103692,0.145625,0.0275,0.005,4,114,0,0.000654701642602194,3.70137844938235e-05,0.00209381584103681,0.130940328520439,1,114,28750.255470064,3.19511794155272e-05,1,1.41881086979793e-05,14,1,2,1,0
216,169.559275270419,171.089853542719,0.0090268035756766,0.499999015606035,13.2895908334835,0.145625,0.0275,0.005,4,115,0,0.000649774653799695,3.66312433558535e-05,0.00207217604641749,0.129954930759939,1,115,28750.3559096231,3.1581409875688e-05,1,1.43177282448e-05,14,1,2,1,0
217,169.559538472469,171.086037046182,0.00900272899693365,0.499999000616455,13.2891106629433,0.145625,0.0275,0.005,4,116,0,0.000643042808322562,3.61779900963109e-05,0.0020465361701441,0.128608561664512,1,116,28750.4252393647,3.14138409599572e-05,1,1.42349324596901e-05,14,1,2,1,0
218,169.559793879021,171.08219590027,0.00897855550789169,0.499999015714426,13.2887317355644,0.145625,0.0275,0.005,4,117,0,0.000635290105751207,3.6445548361305e-05,0.00206167155122729,0.127058021150241,1,117,28750.5200119865,3.13005402229778e-05,1,1.40354621570751e-05,14,1,2,1,0
219,169.560063191262,171.078387637142,0.00895449327691853,0.499999008758991,13.2883424900253,0.145625,0.0275,0.005,4,118,0,0.000628385892081243,3.62056754192949e-05,0.0020481022885138,0.125677178416249,1,118,28750.6056562534,3.12999266191682e-05,1,1.41058368649849e-05,14,1,2,1,0
220,169.560308459613,171.074552270375,0.00893041434353697,0.499999003711189,13.2879195368502,0.145625,0.0275,0.005,4,119,0,0.000622911091294188,3.6020504735246e-05,0.00203762745280437,0.124582218258838,1,119,28750.691014001,3.127527432389e-05,1,1.3932668698905e-05,14,1,2,1,0
221,169.560558364697,171.070741082081,0.00890645048559135,0.499999018922412,13.2875261138899,0.145625,0.0275,0.005,4,120,0,0.000616827740307101,3.51538607481266e-05,0.00198860266559103,0.12336554806142,1,120,28750.786231299,3.13085925550206e-05,1,1.3838682560835e-05,14,1,2,1,0
222,169.560799552858,171.06693676833,0.00888257910698784,0.499998445801231,13.2878537579083,0.145625,0.0275,0.005,4,121,0,0.000457195530677063,3.13500007779432e-05,0.00177342385122297,0.0914391061354125,1,121,28750.9805906681,3.12282096669048e-05,1,1.37329705194532e-05,11,1,2,1,0
223,169.560517636572,171.063039250521,0.00886127050619921,0.499999142316266,13.2860093624114,0.145625,0.0275,0.005,4,122,0,0.000654182952035532,4.30892919726487e-05,0.00243749844403096,0.130836590407106,1,122,28750.8858572941,3.15168187921391e-05,1,1.20495145298278e-05,14,1,2,1,0
224,169.561985838537,171.059939774476,0.00883425567665519,0.499999067543158,13.285587018338,0.145625,0.0275,0.005,4,123,0,0.000610009977830259,3.86151294609864e-05,0.00218440159186079,0.122001995566052,1,123,28751.0570214852,3.13399692268656e-05,1,1.74010684350419e-05,14,1,2,1,0
225,169.561777022688,171.055592011079,0.00880985688296335,0.49999844256544,13.2863711677732,0.145625,0.0275,0.005,4,124,0,0.000443877113160204,3.10313479827098e-05,0.00175539812703469,0.0887754226320409,1,124,28751.2145882935,3.11955867213719e-05,1,1.59858500637299e-05,11,1,2,1,0
226,169.561243174961,171.051474261638,0.00878874829397084,0.499997477434821,13.2858526031103,0.145,0.0275,0.005,4,125,0,0.00063753580131743,4.30290733095158e-05,0.00243409196202653,0.127507160263486,1,125,28750.7563540145,3.13981265108152e-05,1,1.44335725553919e-05,14,1,2,1,0
227,169.561999097074,171.047520526731,0.00876093368542616,0.499999177130453,13.281814106603,0.145,0.0275,0.005,4,126,0,0.0010898955434217,5.21117344473449e-05,0.00294788486456881,0.217979108684339,1,126,28751.4572738249,2.95872476242116e-05,1,1.30054628904119e-05,18,1,2,1,0
228,169.563810187155,171.044089813276,0.00872992665408663,0.499999044399093,13.2821871755333,0.145,0.0275,0.005,4,127,0,0.0016696255407186,5.47292152260787e-05,0.00309595193723026,0.333925108143721,1,127,28751.3934099534,3.00658625137508e-05,1,2.20981777946941e-05,17,1,2,1,0
229,169.563623846284,171.039812182205,0.00870580789933973,0.499999071388177,13.2810601834944,0.145,0.0275,0.005,4,128,0,0.00244977063145134,7.11235260526672e-05,0.00402335420589912,0.489954126290267,1,128,28751.9064961558,2.99724396830977e-05,1,2.06516466881307e-05,17,1,2,1,0
230,169.564644490975,171.036478105436,0.00868007371984006,0.499999046712521,13.2801358258764,0.145,0.0275,0.005,4,129,0,0.00325361582297312,8.92757973581207e-05,0.00505020173662106,0.650723164594624,0,129,28752.3377051002,3.13937654366244e-05,1,2.43383073355125e-05,17,1,2,1,0
231,169.566090443425,171.033484303858,0.0086538166716953,0.499999049513891,13.2784590891381,0.145,0.0275,0.005,4,130,0,0.0038337544387259,0.000104883933275249,0.0059331312365157,0.76675088774518,0,0,28752.9868684936,3.40444762465698e-05,1,3.28657689715786e-05,17,1,2,1,0
232,169.568165741871,171.030987839684,0.00862674955179739,0.49999899598162,13.2780196057173,0.145,0.0275,0.005,4,131,0,0.00387781198859845,0.000106644585028023,0.00603272874001125,0.775562397719691,0,0,28753.5009109546,3.86027132047093e-05,1,4.5104697955323e-05,16,1,2,1,0
233,169.569661576916,171.027998213315,0.0086002214242664,0.499999148111728,13.2747819252658,0.145,0.0275,0.005,4,132,0,0.00395110640760378,0.000111686424306424,0.00631793823948406,0.790221281520756,0,0,28754.6316457484,4.3913437821112e-05,1,4.96472544515885e-05,17,1,2,1,0
234,169.572589873678,171.025502976749,0.00856808936015801,0.499998988748368,13.2751306302748,0.145,0.0275,0.005,4,133,0,0.00351054866132162,9.52718448623293e-05,0.00538938940466446,0.702109732264324,0,0,28754.7006854119,5.41374336793069e-05,1,6.69163718382382e-05,17,1,2,1,0
235,169.573256607342,171.022235579871,0.00854485548912171,0.499993277970913,13.2819344835644,0.145,0.0275,0.005,4,134,0,0.00158791726245997,5.29612987973661e-05,0.00299594348160516,0.317583452491994,1,0,28750.5192116921,6.37304961687512e-05,1,7.08479079214638e-05,9,1,2,1,0
236,169.568099119176,171.014865005433,0.00853206407203133,0.499993255755233,13.282648173118,0.145,0.0275,0.005,4,135,0,0.00125922584024998,4.05584148981179e-05,0.00229433041669093,0.251845168049996,1,1,28752.5753973728,5.79756694988357e-05,1,6.63896712335901e-05,9,1,2,1,0
237,169.56855902974,171.012093702446,0.00851298543177093,0.49999356785388,13.2820738893252,0.145,0.0275,0.005,4,136,0,0.00115495224529367,3.88931896856275e-05,0.00220013105349455,0.230990449058733,1,2,28753.0635727024,6.29097100571808e-05,1,5.68077088476539e-05,9,1,2,1,0
238,169.569432367143,171.009523670898,0.00849263504425515,0.499993642137116,13.2817911600676,0.145,0.0275,0.005,4,137,0,0.00120932032105629,4.02704510139215e-05,0.00227804071947076,0.241864064211258,1,3,28753.2187957119,6.49068634785374e-05,1,5.68075204970293e-05,9,1,2,1,0
239,169.570001716421,171.006997900784,0.00847435377612226,0.499999092784008,13.272800618271,0.145,0.0275,0.005,4,138,0,0.00199997997922668,7.29301226737653e-05,0.0041255507436309,0.399995995845336,1,4,28757.9072124014,6.82178149984616e-05,1,5.07882562382075e-05,17,1,2,1,0
240,169.576853358766,171.008531972577,0.00844265349577309,0.499999164141235,13.2702742910648,0.145,0.0275,0.005,4,139,0,0.00156790462270107,6.21546230878529e-05,0.00351599643740118,0.313580924540215,1,5,28756.6888586914,8.45642695576709e-05,1,6.34717116299661e-05,17,1,2,1,0
241,169.578052489805,171.004860466573,0.00841387169990399,0.4999993213915,13.2673506722342,0.145,0.0275,0.005,4,140,0,0.00125729036953166,5.51679906502149e-05,0.00312077282345624,0.251458073906331,1,6,28757.2509064453,9.39701932972495e-05,1,5.86972017986694e-05,20,1,2,1,0
242,169.5792671621,171.00059790528,0.00838151247476433,0.499999300385375,13.2717507182531,0.145,0.0275,0.005,4,141,0,0.000408574054252961,3.30248620188742e-05,0.00186816831050368,0.0817148108505923,1,7,28755.9658145843,0.00010114614632188,1,6.5859958609087e-05,12,1,2,1,0
243,169.576777260073,170.995345111902,0.00836534267692535,0.499999370164263,13.2671120573109,0.145,0.0275,0.005,4,142,0,0.000640297488408031,4.25572129803154e-05,0.00240739951094249,0.128059497681606,1,8,28757.1223540697,0.00010095251783597,1,6.5859682245633e-05,19,1,2,1,0
244,169.579248117773,170.992811595922,0.00833571025840982,0.499999357459418,13.2658288569731,0.145,0.0275,0.005,4,143,0,0.000626706162926189,3.97513067947871e-05,0.00224867348764967,0.125341232585238,1,9,28757.1550242968,9.65860290515191e-05,1,6.58594236505904e-05,19,1,2,1,0
245,169.579598115825,170.988217680291,0.00830653911270777,0.499999296870211,13.2651684092071,0.145,0.0275,0.005,4,144,0,0.000620734864239776,4.01030469194751e-05,0.00226857091384025,0.124146972847955,1,10,28757.2444778737,9.24483803568373e-05,1,6.78108478714774e-05,19,1,2,1,0
246,169.579981377257,170.983764478578,0.00827800009128685,0.499999411621264,13.2683379057403,0.145,0.0275,0.005,4,145,0,0.000330674368491664,2.98129948398881e-05,0.00168647766550115,0.0661348736983328,1,11,28756.8573358408,0.000118257363785161,1,6.7358367523779e-05,12,1,2,1,0
247,169.57861008751,170.978586868854,0.0082556212757144,0.499999418348692,13.2687675688326,0.145,0.0275,0.005,4,146,0,0.000398695165661884,2.87590674637047e-05,0.00162685852993496,0.0797390331323769,1,12,28756.8619088533,0.000126822432378077,1,6.22078681797859e-05,12,1,2,1,0
248,169.578877685683,170.974793900425,0.00823166324599341,0.499999012958943,13.2683115744958,0.145,0.0275,0.005,4,147,0,0.000450404590515053,3.18533186983606e-05,0.00180189581239257,0.0900809181030106,1,13,28757.2312378417,0.000134445469044145,1,5.88500685039744e-05,14,1,2,1,0
249,169.579540717314,170.971054012827,0.0082056673206406,0.499999047353259,13.2680318184069,0.145,0.0275,0.005,4,148,0,0.000442360360813779,3.14163646593495e-05,0.00177717795926844,0.0884720721627559,1,14,28757.2284485615,0.000142050989184111,1,1.88945754944151e-05,14,1,2,1,0
250,169.579818093621,170.967182669219,0.00818118919570806,0.49999914637804,13.2629048175869,0.145,0.0275,0.005,4,149,0,0.000642446324613754,4.47405164545837e-05,0.00253090580630596,0.128489264922751,1,15,28757.6980371967,0.000118817914170486,1,1.88945424611892e-05,21,1,2,1,0
251,169.581910185955,170.963605468948,0.00814765726767853,0.499999370176206,13.2668392553843,0.145,0.0275,0.005,4,150,0,0.000271041795712321,3.00859914604174e-05,0.00170192068643054,0.0542083591424641,1,16,28757.287551369,0.000107193463709995,1,3.02685762869637e-05,12,1,2,1,0
252,169.579670629848,170.95855559138,0.0081311925917236,0.499998987544114,13.266655319818,0.145,0.0275,0.005,4,151,0,0.000425228890402864,3.14860124992723e-05,0.00178111783606079,0.0850457780805728,1,17,28757.5655607512,9.24901512985951e-05,1,3.02685690853849e-05,14,1,2,1,0
253,169.58033830533,170.955011906734,0.00810632656557915,0.49999920974867,13.262915658695,0.145,0.0275,0.005,4,152,0,0.000599448149446701,4.57417636055657e-05,0.0025875448983142,0.11988962988934,1,18,28757.9000370511,8.94806019709679e-05,1,1.94604501056896e-05,18,1,2,1,0
254,169.582117085635,170.95144507268,0.00807471926036781,0.499999079077131,13.2647358696035,0.145,0.0275,0.005,4,153,0,0.000417286898629079,3.33339213672092e-05,0.00188565134738342,0.0834573797258157,1,19,28757.7497590878,8.35224934968921e-05,1,2.06804880825314e-05,14,1,2,1,0
255,169.581077542405,170.947007557397,0.00805473131075016,0.499999061445124,13.2646449236131,0.145,0.0275,0.005,4,154,0,0.00046501158998452,3.37928977219132e-05,0.00191161497080866,0.093002317996904,1,20,28757.6510486164,7.70547501578656e-05,1,2.06804700407642e-05,14,1,2,1,0
256,169.581198579492,170.943154008117,0.00803128790239806,0.499999205024372,13.261540393273,0.145,0.0275,0.005,4,155,0,0.000572213642281607,4.42492839673782e-05,0.00250311750047858,0.114442728456321,1,21,28758.1794112297,5.50793245945198e-05,1,2.06804551968749e-05,18,1,2,1,0
257,169.582666029986,170.939505104262,0.00800104813799302,0.499999238944637,13.2600362603683,0.145,0.0275,0.005,4,156,0,0.000565742849484141,4.62189510074261e-05,0.00261453869413439,0.113148569896828,1,22,28758.4302129025,4.47855651878767e-05,1,2.23394750931203e-05,18,1,2,1,0
258,169.583122118584,170.935175691351,0.00797280741076033,0.49999907778454,13.2621285924803,0.145,0.0275,0.005,4,157,0,0.000441781497820936,3.56586837216358e-05,0.0020171597654204,0.0883562995641873,1,23,28757.9921863924,3.70301278362339e-05,1,2.11191005353463e-05,14,1,2,1,0
259,169.581960133883,170.930303753868,0.00795098499227907,0.499999194008719,13.2590959946166,0.145,0.0275,0.005,4,158,0,0.000502132676391579,4.34700088364921e-05,0.00245903504212182,0.100426535278316,1,24,28758.4470609533,2.57228324426227e-05,1,2.03529926199327e-05,18,1,2,1,0
260,169.583572116261,170.926511967671,0.00791904448438761,0.499999275728767,13.2579463580501,0.145,0.0275,0.005,4,159,0,0.000585033366531162,4.09572148315863e-05,0.00231688994767431,0.117006673306232,1,25,28758.8706944711,3.23208652298169e-05,1,2.30065210863076e-05,25,1,2,1,0
261,169.584869690399,170.922451766898,0.00788739041956745,0.499999263663717,13.2551071423389,0.145,0.0275,0.005,4,160,0,0.000532617298384914,4.65130437788858e-05,0.00263117509357415,0.106523459676983,1,26,28759.0178639274,3.28892339813077e-05,1,3.0658081251368e-05,24,1,2,1,0
262,169.584945351251,170.916739006687,0.00785325402958211,0.499998949649355,13.2610076973703,0.145,0.0275,0.005,4,161,0,0.000279616024803861,3.6651843678735e-05,0.00207334137665783,0.0559232049607723,1,27,28757.5642215654,3.87788003069536e-05,1,2.71669751623652e-05,16,1,2,1,0
263,169.582640786701,170.910671246353,0.00783116982664985,0.499999269991516,13.2557159381301,0.145,0.0275,0.005,4,162,0,0.000506587918254552,4.09218423559832e-05,0.00231488897828501,0.10131758365091,1,28,28759.6826657523,3.32109912502285e-05,1,2.28077874583081e-05,24,1,2,1,0
264,169.585784817559,170.908288376021,0.00779843404849982,0.499999108454729,13.2592904108294,0.145,0.0275,0.005,4,163,0,0.000238086115055103,2.98578146329418e-05,0.00168901305586912,0.0476172230110207,1,29,28758.27153698,3.67054771319008e-05,1,2.77579123712056e-05,16,1,2,1,0
265,169.583652377564,170.902917113646,0.00777943343939915,0.499999273439295,13.2551159532953,0.145,0.0275,0.005,4,164,0,0.000514031751523436,4.06951386470094e-05,0.00230206467989017,0.102806350304687,1,30,28759.6304824173,3.64517030627706e-05,1,2.70441384742919e-05,24,1,2,1,0
266,169.586157446131,170.899862853164,0.00774653678587988,0.49999920957558,13.2571684135543,0.145,0.0275,0.005,4,165,0,0.000257969535004435,3.04888025093014e-05,0.00172470712036675,0.051593907000887,1,31,28759.0407041503,4.19210711864501e-05,1,2.4750647500473e-05,19,1,2,1,0
267,169.585298620644,170.895291348438,0.0077246833213079,0.499999120240954,13.2581042863446,0.145,0.0275,0.005,4,166,0,0.000234882300485536,2.74046672122367e-05,0.00155024208175466,0.0469764600971072,1,32,28758.5368746466,4.0318576792332e-05,1,2.47506090780708e-05,16,1,2,1,0
268,169.584467100005,170.890452449877,0.00770109062584031,0.499999099795262,13.2577420914774,0.145,0.0275,0.005,4,167,0,0.000234191309709693,2.65608137087788e-05,0.00150250651898481,0.0468382619419386,1,33,28758.842805271,3.52357435443059e-05,1,2.47505894482451e-05,16,1,2,1,0
269,169.584774149376,170.886592706541,0.00767650612323238,0.499999095264507,13.257294407538,0.145,0.0275,0.005,4,168,0,0.000228959594934769,2.62616546515384e-05,0.00148558352714256,0.0457919189869538,1,34,28758.9821385965,3.55474628496874e-05,1,2.07369011913561e-05,16,1,2,1,0
270,169.585115939224,170.882775093607,0.00765196371860867,0.49999910477763,13.2568512210439,0.145,0.0275,0.005,4,169,0,0.00022576959613308,2.59447690329716e-05,0.00146765776956264,0.0451539192266159,1,35,28759.0965222664,3.3170452349079e-05,1,2.07368823134202e-05,16,1,2,1,0
271,169.585421589411,170.878955819376,0.00762762634807159,0.499999206878633,13.2552987637564,0.145,0.0275,0.005,4,170,0,0.000251976923778611,2.84984580798909e-05,0.00161211623693211,0.0503953847557222,1,36,28759.7794406741,2.98779141518861e-05,1,2.07368755647829e-05,19,1,2,1,0
272,169.586744198015,170.876071326682,0.00760275889937327,0.499999214294338,13.2547398128207,0.145,0.0275,0.005,4,171,0,0.000244949322852014,2.83439453438472e-05,0.00160337567665722,0.0489898645704028,1,37,28759.6636091357,2.6509176989946e-05,1,2.41967814160249e-05,19,1,2,1,0
273,169.587039652829,170.872163322063,0.00757795921117904,0.499999216582181,13.2543557614705,0.145,0.0275,0.005,4,172,0,0.000244851387663254,2.81085719026108e-05,0.00159006094414446,0.0489702775326508,1,38,28759.7399247396,3.38139743493913e-05,1,1.9973855970473e-05,19,1,2,1,0
274,169.587240096687,170.868229977874,0.00755357467021682,0.499999219993917,13.2538042267804,0.145,0.0275,0.005,4,173,0,0.000243796577510286,2.79374982637669e-05,0.00158038355773576,0.0487593155020572,1,39,28759.8395535835,2.78142230399122e-05,1,2.11558016188683e-05,19,1,2,1,0
275,169.58755508889,170.864358559613,0.00752887480483651,0.499999215473704,13.2535151676269,0.145,0.0275,0.005,4,174,0,0.000242646937288034,2.79527818130009e-05,0.00158124812584008,0.0485293874576067,1,40,28759.9013963376,3.14521994554483e-05,1,1.82089867319907e-05,19,1,2,1,0
276,169.587717465018,170.860444755504,0.00750483177385435,0.499999382190811,13.2471399683617,0.145,0.0275,0.005,4,175,0,0.000494820886356762,4.95939459337276e-05,0.00280545723804303,0.0989641772713523,1,41,28761.0178179618,2.55110840146095e-05,1,1.9166454654182e-05,31,1,2,1,0
277,169.590562651478,170.856480762662,0.00746455516977092,0.499999264641176,13.2464723795234,0.145,0.0275,0.005,4,176,0,0.000512538953005449,4.88520275013483e-05,0.00276348799367321,0.10250779060109,1,42,28760.5712188288,2.93909503558682e-05,1,3.59435779690311e-05,28,1,2,1,0
278,169.58992613813,170.849743883983,0.00742861191429402,0.499999289964639,13.2421997469901,0.145,0.0275,0.005,4,177,0,0.000455603430953764,5.36131323464341e-05,0.00303281675542523,0.0911206861907528,1,43,28761.1780251019,3.60938922114339e-05,1,3.4132893112361e-05,30,1,2,1,0
279,169.591845633701,170.845091728685,0.00738977803030791,0.499999421639051,13.2419227981178,0.145,0.0275,0.005,4,178,0,0.00046303504223998,5.25124327181677e-05,0.0029705517817295,0.0926070084479961,1,44,28761.4421244166,4.12560364630668e-05,1,3.96826295340651e-05,31,1,2,1,0
280,169.591840065634,170.839277963721,0.00735553018119325,0.499999456025791,13.2397455242429,0.145,0.0275,0.005,4,179,0,0.000440888311502239,5.47968538466835e-05,0.00309977815541424,0.0881776623004478,1,45,28761.6209689751,4.79492335249269e-05,1,3.78801682231288e-05,29,1,2,1,0
281,169.592839568358,170.833766546649,0.00731709535289938,0.499999442559901,13.239849146624,0.145,0.0275,0.005,4,180,0,0.000415065179981802,5.14823406039422e-05,0.00291228097219225,0.0830130359963604,1,46,28761.6117395669,5.59419271131929e-05,1,3.59419446109398e-05,28,1,2,1,0
282,169.592795834928,170.827726505628,0.00728174015069514,0.499999459745758,13.2374822133746,0.145,0.0275,0.005,4,181,0,0.000433837843170016,5.4537775618231e-05,0.00308512247763852,0.0867675686340032,1,47,28761.9488362283,5.966487183868e-05,1,3.41996444987835e-05,29,1,2,1,0
283,169.593906906865,170.821835290638,0.0072404038928532,0.499999468917041,13.2372106868496,0.145,0.0275,0.005,4,182,0,0.000435638815763697,5.31967591602016e-05,0.00300926313114609,0.0871277631527395,1,48,28762.0219999394,6.03106289124174e-05,1,3.93111957613322e-05,29,1,2,1,0
284,169.593991833578,170.815637109088,0.00720335232576457,0.499999456737583,13.2356016860383,0.145,0.0275,0.005,4,183,0,0.000437339756142977,5.33404240770041e-05,0.00301739004609726,0.0874679512285954,1,49,28762.2845974285,6.80466437421796e-05,1,3.79544514289731e-05,29,1,2,1,0
285,169.594890522385,170.80952535849,0.00716197777164433,0.499999467160137,13.2352365588698,0.145,0.0275,0.005,4,184,0,0.000437897862656528,5.33264595276383e-05,0.00301660009189304,0.0875795725313056,1,50,28762.3720052863,7.10958142005678e-05,1,4.22959575212091e-05,29,1,2,1,0
286,169.595008183319,170.803247921494,0.00712426474763359,0.499999366244475,13.2335821663439,0.145,0.0275,0.005,4,185,0,0.000437005301049596,5.27642163204658e-05,0.00298479481313562,0.0874010602099193,1,51,28762.4723236199,7.8744374952884e-05,1,2.99661681779235e-05,29,1,2,1,0
287,169.59583288955,170.796932535932,0.00708212947168241,0.499999436662571,13.2338333852392,0.145,0.0275,0.005,4,186,0,0.000420968514705936,5.14053455969776e-05,0.00290792547686887,0.0841937029411872,1,52,28762.7469246729,7.69266691071963e-05,1,3.48289221732207e-05,28,1,2,1,0
288,169.595787493994,170.790735020627,0.00704585617538173,0.499999263042392,13.2318233546977,0.145,0.0275,0.005,4,187,0,0.000443838055225787,5.3596527718984e-05,0.00303187745585171,0.0887676110451575,1,53,28762.7556848522,7.74176511172804e-05,1,2.35434442527295e-05,29,1,2,1,0
289,169.596851738706,170.784214471647,0.00700108947051858,0.499999374037887,13.2306758415599,0.145,0.0275,0.005,4,188,0,0.000498986882815809,5.81289891198136e-05,0.00328827219121114,0.0997973765631618,1,54,28763.0103132275,7.47829450160604e-05,1,2.95509393298015e-05,32,1,2,1,0
290,169.597187545323,170.777127087187,0.00695730606704948,0.499999417753301,13.2300492651495,0.145,0.028125,0.005,4,189,0,0.000449093100793587,5.22846278477753e-05,0.00295766519223815,0.0898186201587175,1,55,28763.4873877974,7.16815053115726e-05,1,2.5895296116435e-05,29,1,2,1,0
291,169.597770830847,170.770719448329,0.00691606152448628,0.499999169740808,13.231823056395,0.145,0.028125,0.005,4,190,0,0.000440433759323445,4.92382351580907e-05,0.0027853351979155,0.088086751864689,1,56,28762.5957995892,6.93929171244669e-05,1,2.93344975711102e-05,28,1,2,1,0
292,169.59651489132,170.762586312193,0.0068755623995024,0.499999352930494,13.2275186719925,0.145,0.028125,0.005,4,191,0,0.000440981685167722,5.90591084898877e-05,0.00334088768832253,0.0881963370335445,1,57,28763.6216599623,6.64431723723622e-05,1,2.27831383086572e-05,29,1,2,1,0
293,169.597829743743,170.756055007261,0.00682924578261404,0.499999383901352,13.2277059813872,0.145,0.028125,0.005,4,192,0,0.000419979777458865,5.05411269033082e-05,0.00285903788497113,0.0839959554917729,1,58,28763.5799667859,6.43133521306008e-05,1,2.26296987889273e-05,27,1,2,1,0
294,169.59876211922,170.750339578533,0.00679001099373051,0.499999513621669,13.2238147792515,0.145,0.028125,0.005,4,193,0,0.000512041308650513,6.40298120625917e-05,0.0036220731446047,0.102408261730103,1,59,28763.9386425068,6.17951774639713e-05,1,2.28282633049233e-05,31,1,2,1,0
295,169.598750820716,170.742623076496,0.00674457948684467,0.499999265725724,13.2245794403461,0.145,0.028125,0.005,4,194,0,0.000490121003608022,5.59314372968304e-05,0.00316395988752792,0.0980242007216044,1,60,28763.6451343975,5.90444387572306e-05,1,2.21344436819453e-05,30,1,2,1,0
296,169.600101541099,170.736118030492,0.00669820642246134,0.499999055110652,13.2304954475973,0.145,0.028125,0.005,4,195,0,0.000257002342138003,4.87151346340024e-05,0.0027557441636895,0.0514004684276006,1,61,28762.5148679811,5.48804651795567e-05,1,2.54369676100739e-05,17,1,2,1,0
297,169.595208385087,170.727661418791,0.00667738814372579,0.499999460283892,13.2248237303132,0.145,0.028125,0.005,4,196,0,0.00047665104516294,5.41369421787391e-05,0.00306244791418324,0.095330209032588,1,62,28764.3964794466,4.99710246762405e-05,1,2.88515850165202e-05,29,1,2,1,0
298,169.600512349067,170.724883055585,0.00662952423282671,0.499999431806826,13.2232779839626,0.145625,0.028125,0.005,4,197,0,0.0004849640014361,5.59231130804961e-05,0.00316348899874247,0.09699280028722,1,63,28764.3528376292,4.81413176242514e-05,1,3.12737507201835e-05,31,1,2,1,0
299,169.60160977737,170.717067731779,0.00657693023004593,0.49999933471125,13.223086695322,0.145625,0.028125,0.005,4,198,0,0.000480938989854375,6.35050547911284e-05,0.00359238839059441,0.096187797970875,1,64,28764.1062662344,4.82088268024169e-05,1,3.77444088306356e-05,29,1,2,1,0
300,169.599486196768,170.709061664479,0.00654232800224374,0.499999447767334,13.2211010232155,0.14625,0.028125,0.005,4,199,0,0.000491271255003483,5.727831667831e-05,0.00324015089105468,0.0982542510006966,1,65,28764.665348773,4.65667061846854e-05,1,3.77443576738383e-05,30,1,2,1,0
301,169.602670519282,170.70161167851,0.00647950386549584,0.499999466011521,13.2198410320926,0.14625,0.028125,0.005,4,200,0,0.000488040285976887,5.4527946213685e-05,0.00308456644254976,0.0976080571953775,1,66,28765.1767929686,4.41728063169436e-05,1,4.39986546560262e-05,31,1,2,1,0
302,169.603517761036,170.694810988984,0.00643437849847792,0.499999280743707,13.2201629550034,0.14625,0.028125,0.005,4,201,0,0.000467451211255847,6.8497289583374e-05,0.00387479183658419,0.0934902422511695,1,67,28764.5786056628,4.97247785890494e-05,1,4.89940067624275e-05,29,1,2,1,0
303,169.600360249391,170.686703432154,0.00640531176446436,0.499999603613225,13.2276022556188,0.14625,0.028125,0.005,4,202,0,0.000405961136192801,6.89632567148391e-05,0.00390115091806172,0.0811922272385602,1,68,28764.2156872548,4.72355814814244e-05,1,4.89939336612841e-05,25,1,2,1,0
304,169.60205839796,170.679881788761,0.00635501361824372,0.499999324991151,13.2216746322336,0.14625,0.028125,0.005,4,203,0,0.000425041523456818,5.94996660107592e-05,0.00336580938516341,0.0850083046913636,1,69,28764.9481082578,4.40289500066871e-05,1,4.89938384388462e-05,28,1,2,1,0
305,169.602650963928,170.673162034641,0.0063118769938369,0.499999046160155,13.22258993743,0.14625,0.028125,0.005,4,204,0,0.000512397109860311,4.95840958079107e-05,0.00280490003078217,0.102479421972062,1,70,28765.020491961,4.1787699609521e-05,1,4.89937257725341e-05,26,1,2,1,0
306,169.604546901467,170.667156999121,0.00626522175888803,0.499999342395819,13.2175528001319,0.14625,0.028125,0.005,4,205,0,0.000451813399536781,7.01552850671189e-05,0.00396858222456281,0.0903626799073561,1,71,28766.0964459503,4.21429288716572e-05,1,5.50615971941242e-05,29,1,2,1,0
307,169.603648521998,170.659774609028,0.00622702457307708,0.499999437269191,13.2174676045492,0.14625,0.028125,0.005,4,206,0,0.000493100428981277,5.56455726252345e-05,0.00314778893970495,0.0986200857962555,1,72,28765.4210370273,5.44469600299356e-05,1,2.98386901775079e-05,30,1,2,1,0
308,169.60383001279,170.651152556533,0.00617511139733358,0.499999220119266,13.2181736900707,0.14625,0.028125,0.005,4,207,0,0.00045529334403842,5.35227489563024e-05,0.00302770389877973,0.0910586688076841,1,73,28765.0343957771,5.22737538272074e-05,1,2.98386318088068e-05,28,1,2,1,0
309,169.60376578346,170.643110679462,0.00612807676292288,0.499999428542928,13.2169927810134,0.14625,0.028125,0.005,4,208,0,0.000437299721521613,5.08910443893896e-05,0.00287883220715224,0.0874599443043227,1,74,28765.7118372619,4.90902828905223e-05,1,2.98385938776362e-05,27,1,2,1,0
310,169.604282546183,170.635706794999,0.0060813573415213,0.499999291588754,13.2131770461449,0.14625,0.028125,0.005,4,209,0,0.000492332895158207,5.75121426859854e-05,0.00325337808750629,0.0984665790316415,1,75,28765.8961941145,5.08618406808408e-05,1,2.46849925359544e-05,29,1,2,1,0
311,169.605281450866,170.627457404405,0.00602679317999394,0.499999405660032,13.2208225226871,0.14625,0.028125,0.005,4,210,0,0.000386726196464643,6.62824477710895e-05,0.00374950146340645,0.0773452392929286,1,76,28765.1301363251,5.1045490128092e-05,1,2.9015937426101e-05,25,1,2,1,0
312,169.604756919242,170.617734650477,0.00597257853868611,0.499999350502523,13.2163734026687,0.14625,0.028125,0.005,4,211,0,0.000418689423557932,4.71388096482807e-05,0.00266657375674889,0.0837378847115864,1,77,28766.4314593495,4.19098282267993e-05,1,2.901591622646e-05,28,1,2,1,0
313,169.607778383758,170.613617927482,0.00593038570110969,0.499999320472587,13.2132212637641,0.14625,0.028125,0.005,4,212,0,0.000460984807699288,6.96973812607534e-05,0.00394267927363384,0.0921969615398576,1,78,28766.8672516573,4.50243634322358e-05,1,3.37254842487304e-05,29,1,2,1,0
314,169.606501024298,170.60639064773,0.00589534963220052,0.499999196194898,13.2134418467627,0.14625,0.028125,0.005,4,213,0,0.00044811661340285,5.29163459101702e-05,0.00299340056229555,0.0896233226805701,1,79,28765.8711411514,5.20324435438107e-05,1,3.02315897018611e-05,27,1,2,1,0
315,169.605414530907,170.59916938053,0.00585921653723078,0.49999941242992,13.2299884783244,0.14625,0.028125,0.005,4,214,0,0.000539520318974571,0.000142943709842323,0.00808611732459748,0.107904063794914,1,80,28765.1687165771,5.17317739553232e-05,1,2.43498849251927e-05,28,1,2,1,0
316,169.60781175101,170.586113060618,0.00576802034945955,0.499999278043567,13.2152528445,0.14625,0.028125,0.005,4,215,0,0.000449658815844718,0.000110001727551005,0.00622263739948406,0.0899317631689437,1,81,28768.1713398523,4.74653745107245e-05,1,2.45465727688825e-05,28,1,2,1,0
317,169.608391776309,170.580953828196,0.00573416233537711,0.499999240315051,13.2119066837415,0.14625,0.028125,0.005,4,216,0,0.000503432010867725,6.97855133358229e-05,0.00394766477666757,0.100686402173545,1,82,28767.0796329025,4.22268316093793e-05,1,2.72749714645129e-05,30,1,2,1,0
318,169.607687179102,170.572744441038,0.00568993822146999,0.499999289117433,13.215696688138,0.14625,0.028125,0.005,4,217,0,0.000719785155628536,9.23999072193419e-05,0.00522692807806436,0.143957031125707,1,83,28766.9501599336,4.44308926443522e-05,1,2.72749094360485e-05,39,1,2,1,0
319,169.610255832623,170.564199084904,0.00562432529564876,0.499999285375303,13.221923178318,0.14625,0.028125,0.005,4,218,0,0.000430632564080954,6.19883460159198e-05,0.0035065903857916,0.0861265128161909,1,84,28767.0534399226,4.87214502242991e-05,1,3.52184338823071e-05,30,1,2,1,0
320,169.610277703566,170.557953815981,0.00558737433394523,0.499999355694735,13.2178841985464,0.14625,0.028125,0.005,4,219,0,0.000527889848639865,7.5706981675986e-05,0.00428263361010043,0.105577969727973,1,85,28767.6207915388,4.78035089934041e-05,1,3.25503711190528e-05,30,1,2,1,0
321,169.608522756287,170.553156012665,0.00556949168017375,0.499999214610778,13.2275921381983,0.14625,0.028125,0.005,4,220,0,0.000391006194775646,6.02534529472917e-05,0.00340845001351476,0.0782012389551291,1,86,28765.4758786968,4.95197948983885e-05,1,3.25503089133454e-05,25,1,2,1,0
322,169.604801347144,170.543547825858,0.00553490509264914,0.499999191563127,13.2140063520877,0.14625,0.028125,0.005,4,221,0,0.000422853244405624,6.80177219117599e-05,0.0038476633923733,0.0845706488811249,1,87,28767.6295343961,5.08839476020041e-05,1,3.22883630540867e-05,29,1,2,1,0
323,169.610810906765,170.539372501633,0.00547466042939025,0.499999307186533,13.206535076155,0.14625,0.028125,0.005,4,222,0,0.000450176796394173,7.54918363841685e-05,0.00427046315451767,0.0900353592788346,1,88,28768.3098017685,4.86073474679426e-05,1,3.54320429374584e-05,30,1,2,1,0
324,169.610879495668,170.534878160784,0.00544775587428763,0.499998955464906,13.2094997321684,0.14625,0.028125,0.005,4,223,0,0.000557846749609925,5.69988558633666e-05,0.00322434220006889,0.111569349921985,1,89,28767.2894628655,4.4403921034954e-05,1,3.58363469413522e-05,33,1,2,1,0
325,169.610272785729,170.527201302569,0.00540609069120402,0.499999395095358,13.2055371503837,0.14625,0.028125,0.005,4,224,0,0.000439913571344887,5.06502180944856e-05,0.00286520901465507,0.0879827142689774,1,90,28768.400158043,4.61255791451334e-05,1,3.58362442922387e-05,29,1,2,1,0
326,169.61304449277,170.521002329852,0.00535311325728528,0.499999370918043,13.2013395516213,0.14625,0.028125,0.005,4,225,0,0.000497875625590797,7.49603220759573e-05,0.00424039616478696,0.0995751251181594,1,91,28768.7164751896,5.68439113090145e-05,1,4.86007322496256e-05,33,1,2,1,0
327,169.612101048289,170.514879667765,0.00532260737232971,0.49999930243968,13.20577594821,0.14625,0.028125,0.005,4,226,0,0.000368146749827163,5.19705916702241e-05,0.0029399006233834,0.0736293499654326,1,92,28767.6173488727,5.15255560052333e-05,1,4.86006259625685e-05,28,1,2,1,0
328,169.611437946698,170.506996399678,0.00528005931570054,0.499999339575373,13.2243329869085,0.14625,0.028125,0.005,4,227,0,0.000575291889818358,0.000129859473960625,0.00734596117111005,0.115058377963672,1,93,28766.8564607698,4.76287331688539e-05,1,4.86005184869512e-05,29,1,2,1,0
329,169.612249912423,170.498456832485,0.00522489926594035,0.499999392787005,13.2132087162447,0.14625,0.028125,0.005,4,228,0,0.000468716449916108,0.000109906698450121,0.00621726174175245,0.0937432899832217,1,94,28769.1614436468,4.06429455469602e-05,1,4.86004613481853e-05,29,1,2,1,0
330,169.610305135794,170.493528777641,0.00520737016031618,0.49999918394951,13.2086774610776,0.14625,0.028125,0.005,4,229,0,0.000393442605165595,5.0452156308644e-05,0.00285400494810606,0.078688521033119,1,95,28767.5842059796,4.33069733239389e-05,1,4.86004605621376e-05,23,1,2,1,0
331,169.611128508919,170.487944459008,0.00516956615876367,0.499999430880518,13.2069130053628,0.14625,0.02875,0.005,4,230,0,0.000444814957106484,4.92535469384014e-05,0.00278620136301069,0.0889629914212968,1,96,28768.8676362104,3.71844021338417e-05,1,4.86003858965796e-05,27,1,2,1,0
332,169.614613880464,170.483833516693,0.0051246742031378,0.499999442515384,13.2025950400708,0.14625,0.02875,0.005,4,231,0,0.000495581744027945,5.50535453930092e-05,0.00311429882206066,0.0991163488055889,1,97,28769.6162115378,4.77730534913556e-05,1,2.5594314153736e-05,30,1,2,1,0
333,169.615631803946,170.478257577224,0.00508576812233697,0.499999171589351,13.2150307760342,0.14625,0.02875,0.005,4,232,0,0.000461893922952446,0.000102035195583004,0.005771982297315,0.0923787845904891,1,98,28768.142409338,5.05142174948678e-05,1,3.15957182019005e-05,27,1,2,1,0
334,169.615832352957,170.471326249244,0.00504371487271576,0.499999375198803,13.2016522130986,0.14625,0.02875,0.005,4,233,0,0.000575942574748035,8.42106334419413e-05,0.00476367279638491,0.115188514949607,1,99,28770.9224952099,4.49174602439774e-05,1,3.27780200460911e-05,38,1,2,1,0
335,169.617667629448,170.467714278797,0.00501154544352271,0.499999302998806,13.1996312187137,0.14625,0.02875,0.005,4,234,0,0.000503531226316186,0.000106617311915194,0.00603118593976918,0.100706245263237,1,100,28769.3892887692,5.26160077414514e-05,1,4.34074996346835e-05,30,1,2,1,0
336,169.612187022442,170.461749397644,0.00500885219462538,0.499999351600113,13.2195403351281,0.14625,0.02875,0.005,4,235,0,0.000613127971476238,0.000144119531811297,0.00815263185961585,0.122625594295248,1,101,28766.7921217003,4.48207919082278e-05,1,4.34075215790944e-05,29,1,2,1,0
337,169.613524360193,170.450340981738,0.00493366684468221,0.499999425115041,13.2119554276857,0.14625,0.02875,0.005,4,236,0,0.000429564751284966,7.71415934590743e-05,0.00436378750771578,0.0859129502569932,1,102,28769.8361277598,3.62363916833813e-05,1,4.34074851536581e-05,29,1,2,1,0
338,169.613950047755,170.446507293634,0.00490854228466835,0.499999418107732,13.2049991258141,0.14625,0.028125,0.005,4,237,0,0.000538947769810177,6.17309942461658e-05,0.00349203237126813,0.107789553962035,1,103,28769.4854871201,4.2079941048631e-05,1,4.34074208640497e-05,32,1,2,1,0
339,169.616203610252,170.438277666845,0.00484667171588405,0.499999241279692,13.2031901986748,0.14625,0.028125,0.005,4,238,0,0.000495333973016526,5.82245486227898e-05,0.00329367785301604,0.0990667946033052,1,104,28769.444668504,5.15445443235171e-05,1,4.34073196815294e-05,31,1,2,1,0
340,169.615898573923,170.433491068422,0.00482025860413893,0.499999198054269,13.1995972608169,0.14625,0.028125,0.005,4,239,0,0.000447234263383865,5.48653432585709e-05,0.00310365250162105,0.089446852676773,1,105,28769.7893531829,4.52010165737563e-05,1,3.85528018832615e-05,30,1,2,1,0
341,169.616575456164,170.426897259494,0.00477737391613892,0.499999362959459,13.2160154022763,0.145625,0.028125,0.005,4,240,0,0.000382243060987829,0.000101953646016797,0.00576736915721359,0.0764486121975659,1,106,28768.0956946662,5.29935550752253e-05,1,3.23120023001701e-05,29,1,2,1,0
342,169.614930121217,170.418532242911,0.00473780298184396,0.499999413299468,13.2057173488981,0.145625,0.028125,0.005,4,241,0,0.000486139804491184,0.000104984953261645,0.00593884578990895,0.0972279608982368,1,107,28770.4833756769,3.85195821239916e-05,1,3.2311996275728e-05,28,1,2,1,0
343,169.614962795163,170.413956654655,0.00471063310880563,0.499999407016305,13.2003798380773,0.145625,0.028125,0.005,4,242,0,0.000500003675862246,6.54897556974206e-05,0.00370466002815172,0.100000735172449,1,108,28769.9918579007,3.46278270014525e-05,1,3.23120090204659e-05,29,1,2,1,0
344,169.617625540477,170.407977499951,0.00465960985455202,0.499999080369018,13.1954484768524,0.145625,0.028125,0.005,4,243,0,0.000468946340226247,9.59756281177357e-05,0.00542920139765513,0.0937892680452493,1,109,28769.6431735371,4.16385020671919e-05,1,3.2311974859943e-05,28,1,2,1,0
345,169.614592454285,170.402042747965,0.004642585772167,0.499999218197455,13.2022926478583,0.145625,0.028125,0.005,4,244,0,0.000501072532655879,7.43124864046929e-05,0.00420374904508732,0.100214506531176,1,110,28768.8515018209,2.45625676889125e-05,1,3.20638893539633e-05,27,1,2,1,0
346,169.616396319959,170.394465288599,0.0045872273289707,0.499999422286443,13.1970411291136,0.145625,0.028125,0.005,4,245,0,0.000592138991566778,5.98951351641498e-05,0.00338818049877241,0.118427798313356,1,111,28770.2761452013,1.92549151396504e-05,1,2.41792826040687e-05,33,1,2,1,0
347,169.619004783426,170.388903409771,0.00453898799446287,0.4999993074446,13.1963243647517,0.145625,0.028125,0.005,4,246,0,0.000526598729178833,5.21463119823074e-05,0.00294984086532471,0.105319745835767,1,112,28770.698713874,3.80546961178119e-05,1,2.98010521128823e-05,30,1,2,1,0
348,169.619503514694,170.382671918717,0.00449929629676305,0.499999311377347,13.1937193987115,0.145625,0.028125,0.005,4,247,0,0.000657663287134591,5.69103644680632e-05,0.00321933637081324,0.131532657426918,1,113,28771.242108193,3.33402793591018e-05,1,2.89538954225702e-05,35,1,2,1,0
349,169.621606983886,170.374913305826,0.00444109883955718,0.499999179498702,13.1997931616574,0.145625,0.028125,0.005,4,248,0,0.000491553905572212,5.78993355968357e-05,0.00327528102613746,0.0983107811144424,1,114,28770.4263692965,3.03075234611977e-05,1,4.13550827247799e-05,28,1,2,1,0
350,169.618263704187,170.369073177612,0.00442646597735238,0.499999326998037,13.1950669170052,0.145625,0.028125,0.005,4,249,0,0.000525357038156108,5.25459299016162e-05,0.00297244666857486,0.105071407631222,1,115,28770.9697305752,3.27353699478058e-05,1,4.13550250595942e-05,29,1,2,1,0
351,169.620560144252,170.363023517421,0.00437720151694832,0.499999305929484,13.1967065304642,0.145625,0.028125,0.005,4,250,0,0.000608765300715452,5.96504047674203e-05,0.00337433645692522,0.12175306014309,1,116,28770.8946026146,2.91730846591716e-05,1,4.13549279076859e-05,32,1,2,1,0
352,169.619914640661,170.356851092532,0.00434463402149799,0.499999111239037,13.1926720976117,0.145625,0.028125,0.005,4,251,0,0.000523401310928141,5.46203159326177e-05,0.00308979166292045,0.104680262185628,1,117,28771.1616883997,4.15852408770469e-05,1,4.13548063792238e-05,30,1,2,1,0
353,169.621500978747,170.350680386438,0.00429886189830656,0.499999290081274,13.1920387632258,0.145625,0.028125,0.005,4,252,0,0.000471183138687139,4.70526715423689e-05,0.00266170104964419,0.0942366277374277,1,118,28771.669206172,4.09286802938275e-05,1,4.13546469716807e-05,28,1,2,1,0
354,169.62215358574,170.345200354614,0.00426269065443211,0.499999455046202,13.1879981002677,0.145625,0.028125,0.005,4,253,0,0.000769723695179724,6.65435133461031e-05,0.00376426956248056,0.153944739035945,1,119,28772.2211520907,4.03302116121487e-05,1,4.45770572061281e-05,35,1,2,1,0
355,169.623361067753,170.338655577581,0.00421695753064194,0.499999339308538,13.1895454152884,0.145625,0.028125,0.005,4,254,0,0.000571558292747813,5.38353341558177e-05,0.0030453863879218,0.114311658549563,1,120,28771.6005968632,5.37380890252404e-05,1,4.10608329860473e-05,31,1,2,1,0
356,169.622652814529,170.330531590761,0.00417325613345961,0.499999181833191,13.1890826142142,0.145625,0.028125,0.005,4,255,0,0.000560744531170085,5.72186079910536e-05,0.0032367732576423,0.112148906234017,1,121,28771.798136174,6.51631761585448e-05,1,3.00515148884668e-05,31,1,2,1,0
357,169.623163453305,170.326703039924,0.00414766221956822,0.499999590382473,13.202230046811,0.145625,0.028125,0.005,4,256,0,0.000489075192121256,8.29638228928437e-05,0.00469314254085516,0.0978150384242512,1,122,28771.4683206037,5.83425729580916e-05,1,3.00514412100118e-05,33,1,2,1,0
358,169.620954673573,170.321348226614,0.00412916879514695,0.499999427003811,13.1918974940456,0.14625,0.028125,0.005,4,257,0,0.000556586038947369,6.69952447031365e-05,0.0037898233469472,0.111317207789474,1,123,28772.1829349648,5.80192126603772e-05,1,3.00514155001589e-05,31,1,2,1,0
359,169.624069273879,170.315114380965,0.00407398024374398,0.499999268568066,13.1921735314183,0.14625,0.028125,0.005,4,258,0,0.000512965482952487,5.68133349795118e-05,0.00321384755406685,0.102593096590497,1,124,28771.8886778819,5.51832709652763e-05,1,3.42265823324457e-05,29,1,2,1,0
360,169.623401751685,170.30911553074,0.00404256589581967,0.499999366488085,13.1944652567719,0.14625,0.028125,0.005,4,259,0,0.000326730924184382,3.50600098161258e-05,0.00198329365515596,0.0653461848368765,1,125,28771.5414038918,5.68536027603532e-05,1,2.44934558906532e-05,17,1,2,1,0
361,169.622968327144,170.303520583278,0.00401214683863534,0.499999320725463,13.1943248550609,0.14625,0.028125,0.005,4,260,0,0.000350725829726319,3.19985886759677e-05,0.00181011352329407,0.0701451659452638,1,126,28771.8938864665,5.47376147577107e-05,1,2.44934211165216e-05,17,1,2,1,0
362,169.623544013131,170.299179429745,0.00398314644670879,0.499999407693387,13.2082690913372,0.14625,0.028125,0.005,4,261,0,0.000500335935498336,7.72512683886531e-05,0.00436999165863029,0.100067187099667,1,127,28770.5604379105,4.84819472303992e-05,1,1.83619226247616e-05,23,1,2,1,0
363,169.620183781293,170.294504901026,0.00397547688430195,0.499999303290758,13.1958421415894,0.14625,0.028125,0.005,4,262,0,0.00058071839415752,6.77163958379331e-05,0.0038306178155612,0.116143678831504,1,128,28772.8052491863,4.40343364761437e-05,1,2.29066854869524e-05,27,1,2,1,0
364,169.62475772447,170.291042601566,0.0039279930950778,0.499999277799992,13.1948783050344,0.14625,0.028125,0.005,4,263,0,0.000497139625674122,4.30767772258245e-05,0.00243679050304342,0.0994279251348244,1,129,28772.2848150571,4.21526258693045e-05,1,2.69653627182723e-05,20,1,2,1,0
365,169.623615268137,170.285544549022,0.00390234154506435,0.499999305676766,13.1891473086011,0.14625,0.028125,0.005,4,264,0,0.000658213157086695,4.83387799608626e-05,0.00273445432836883,0.131642631417339,1,130,28773.0891765385,3.34131377010716e-05,1,2.69653586771881e-05,25,1,2,1,0
366,169.626770028344,170.281922507624,0.0038623177177201,0.499999125680964,13.1960352083066,0.14625,0.028125,0.005,4,265,0,0.000617853317023989,5.31688581510075e-05,0.00300768481172184,0.123570663404798,1,131,28771.8880052027,2.90316350108433e-05,1,3.8828659672711e-05,23,1,2,1,0
367,169.623013634972,170.277388966495,0.0038578216333989,0.499999412778105,13.198569646897,0.14625,0.028125,0.005,4,266,0,0.000656493286406286,6.37766219945221e-05,0.00360775055147982,0.131298657281257,1,132,28771.8956368735,2.40538699767796e-05,1,3.88286631022187e-05,18,1,2,1,0
368,169.625840828602,170.272629957956,0.00381303418273067,0.499999373210523,13.2031402222378,0.14625,0.028125,0.005,4,267,0,0.000677285650678678,5.26452731169556e-05,0.00297806636947337,0.135457130135736,1,133,28772.3599142503,2.28641133989496e-05,1,3.88285512530271e-05,20,1,2,1,0
369,169.62589153302,170.268861571103,0.0037905182532652,0.499999171491729,13.1965701800715,0.14625,0.028125,0.005,4,268,0,0.000457399237690092,6.05245011385194e-05,0.0034237828146384,0.0914798475380183,1,134,28773.7973249201,2.02091575926748e-05,1,3.88285095397772e-05,21,1,2,1,0
370,169.62697904961,170.265296720812,0.00376306690585685,0.49999935558624,13.2010554738776,0.14625,0.028125,0.005,4,269,0,0.000718278763321998,6.00555710085148e-05,0.00339725612065208,0.1436557526644,1,135,28772.7643963886,2.17603717262312e-05,1,4.00606873954356e-05,23,1,2,1,0
371,169.627841284128,170.260496007618,0.0037296632363028,0.499999407719111,13.1955596939952,0.14625,0.028125,0.005,4,270,0,0.00042318637847431,5.9746731604613e-05,0.00337978552570836,0.084637275694862,1,136,28773.999823103,2.40240823801194e-05,1,4.51437576438737e-05,19,1,2,1,0
372,169.627288199869,170.256781713167,0.00371103918466716,0.499999370816108,13.1996360626285,0.14625,0.028125,0.005,4,271,0,0.000741543829185589,5.78383370666742e-05,0.00327183042819189,0.148308765837118,1,137,28773.0846166041,2.78703171848245e-05,1,4.51436579967455e-05,23,1,2,1,0
373,169.628417478803,170.251502945059,0.00367323751242508,0.499999363625225,13.1914896044425,0.14625,0.028125,0.005,4,272,0,0.000597198843960037,6.10186039859231e-05,0.00345173349255862,0.119439768792007,1,138,28774.8745592802,3.8733240972786e-05,1,3.18573951444371e-05,22,1,2,1,0
374,169.628941831177,170.24811464861,0.0036501602306092,0.499999365502051,13.1975582653863,0.14625,0.028125,0.005,4,273,0,0.000699063681484701,5.26515933409661e-05,0.00297842389533389,0.13981273629694,1,139,28773.389724694,4.19767752813926e-05,1,3.49485346117438e-05,22,1,2,1,0
375,169.628758239719,170.24389027116,0.00362634283139572,0.499999298344076,13.188844145441,0.14625,0.028125,0.005,4,274,0,0.000598420829376214,6.701579189095e-05,0.00379098567141418,0.119684165875243,1,140,28774.6146588451,4.55957491014064e-05,1,3.49484286502237e-05,21,1,2,1,0
376,169.629454431044,170.239581112214,0.00359682039428921,0.499999224668964,13.1770469335237,0.14625,0.0275,0.005,4,275,0,0.000860190500373593,0.000105517967835634,0.00596899764748808,0.172038100074719,1,141,28774.8122408063,4.57237722518202e-05,1,3.79702928108273e-05,28,1,2,1,0
377,169.629177541756,170.235602014347,0.00357500096020801,0.499998965630203,13.1900018528459,0.14625,0.0275,0.005,4,276,0,0.000990878864993962,8.37049764794702e-05,0.00473506851901551,0.198175772998792,1,142,28773.1800834117,5.55748996592405e-05,1,2.13031188540776e-05,29,1,2,1,0
378,169.62828589788,170.231025087516,0.0035532941127447,0.49999935817792,13.1820939461371,0.14625,0.0275,0.005,4,277,0,0.000731288152932669,5.46932718709914e-05,0.0030939186740206,0.146257630586534,1,143,28774.6529328193,5.85538598647153e-05,1,2.10041729476356e-05,25,1,2,1,0
379,169.631098272626,170.226835593818,0.00351195816839179,0.499999402795855,13.18279249908,0.14625,0.0275,0.005,4,278,0,0.00073611466191892,4.69207183146731e-05,0.00265423664787593,0.147222932383784,1,144,28774.3125677495,6.59083273916419e-05,1,2.42837730664895e-05,25,1,2,1,0
380,169.630441515014,170.222674433527,0.00349131272207951,0.499998903294728,13.1836101743477,0.14625,0.0275,0.005,4,279,0,0.000651900828467329,5.73150159052987e-05,0.00324222691283612,0.130380165693466,1,145,28773.8003158865,6.10650083427315e-05,1,2.24612148897322e-05,23,1,2,1,0
381,169.628293347372,170.218331765288,0.00347841982179201,0.499999089557934,13.1843740837658,0.14625,0.0275,0.005,4,280,0,0.000460308314810231,3.92752594094287e-05,0.00222174418090142,0.0920616629620463,1,146,28773.4231784875,6.0414565170809e-05,1,2.24612089037931e-05,16,1,2,1,0
382,169.629895305209,170.213214853914,0.00343877797988036,0.499999336933473,13.1942160528315,0.14625,0.0275,0.005,4,281,0,0.000701116810600954,8.47407901346762e-05,0.00479366298778685,0.140223362120191,1,147,28773.6958452554,5.10907165852711e-05,1,1.65795363025343e-05,22,1,2,1,0
383,169.631157658106,170.209270576714,0.00340805855827911,0.499998981474394,13.188122400288,0.14625,0.0275,0.005,4,282,0,0.000604582624757869,6.90737241311157e-05,0.00390739989879366,0.120916524951574,1,148,28775.3797652585,4.44418009051562e-05,1,1.69295987586962e-05,24,1,2,1,0
384,169.631858259216,170.206304258486,0.00338642755650312,0.499999398804323,13.1791186907951,0.14625,0.0275,0.005,4,283,0,0.00061998753486172,9.09612842988639e-05,0.00514554727625313,0.123997506972344,1,149,28775.4405815508,3.90054686789946e-05,1,2.1059745697825e-05,24,1,2,1,0
385,169.631165742964,170.201086763586,0.00335976598478051,0.499998993039604,13.1797570050913,0.14625,0.0275,0.005,4,284,0,0.000746346319036322,8.80105610683703e-05,0.00497862916379819,0.149269263807264,1,150,28774.5180539974,4.22929269362407e-05,1,2.10597158084296e-05,29,1,2,1,0
386,169.63118226393,170.19414149072,0.00331872489053802,0.499998874180283,13.1778973513345,0.14625,0.0275,0.005,4,285,0,0.000686765841122206,5.30417000108914e-05,0.00300049166106911,0.137353168224441,1,151,28774.9471658377,3.66552227470678e-05,1,2.10596943572625e-05,27,1,2,1,0
387,169.63257798685,170.18966224857,0.00328406411274924,0.49999905406857,13.1782127053229,0.14625,0.0275,0.005,4,286,0,0.000736491094738602,5.14166622950942e-05,0.00290856564598718,0.14729821894772,1,152,28775.3952354465,2.69608441939668e-05,1,2.53025638097805e-05,30,1,2,1,0
388,169.633590049477,170.185660144441,0.00325448571124993,0.499999137493511,13.1843777020265,0.14625,0.0275,0.005,4,287,0,0.000518816479346514,5.8849456802993e-05,0.00332902799796329,0.103763295869303,1,153,28774.4975206856,3.01952953196233e-05,1,3.12248242946855e-05,23,1,2,1,0
389,169.630748605673,170.179723001609,0.00323629059264846,0.499999255769883,13.1691913883408,0.14625,0.0275,0.005,4,288,0,0.000634654318342354,0.000109552598007166,0.0061972307957977,0.126930863668471,1,154,28775.6888684601,2.16858527643465e-05,1,3.1224830731176e-05,29,1,2,1,0
390,169.632880693145,170.178153728179,0.0032144300845826,0.499999135254102,13.1721822388653,0.146875,0.0275,0.005,4,289,0,0.000551283115493488,6.90632766720958e-05,0.00390680890126413,0.110256623098698,1,155,28775.2533591926,2.46783030614616e-05,1,3.12247858320869e-05,24,1,2,1,0
391,169.635852538284,170.171059668939,0.0031550354635942,0.499999212251148,13.1819614194984,0.146875,0.0275,0.005,4,290,0,0.000629563574832904,9.99523538731687e-05,0.00565415897754201,0.125912714966581,1,156,28776.2947318102,2.61278658533464e-05,1,3.51185500510371e-05,29,1,2,1,0
392,169.637713937555,170.16963586723,0.00313563486166094,0.499999346152083,13.1894621567204,0.146875,0.0275,0.005,4,291,0,0.000441466206883483,5.53615105722734e-05,0.00313171996339082,0.0882932413766966,1,157,28775.7377277551,3.81116403325382e-05,1,4.10612151340084e-05,26,1,2,1,0
393,169.634723569155,170.165571783042,0.00312936056202205,0.499999194038524,13.1811865837777,0.146875,0.0275,0.005,4,292,0,0.000402288167237862,7.1623744334854e-05,0.00405165082505175,0.0804576334475724,1,158,28776.8324949345,4.30835830381641e-05,1,4.10611288179952e-05,23,1,2,1,0
394,169.635872182817,170.162033124903,0.00310170800147139,0.499999341932961,13.1873792016836,0.146875,0.0275,0.005,4,293,0,0.000572341155889955,7.69798857324424e-05,0.00435463993731005,0.114468231177991,1,159,28775.8859409905,4.63764786323352e-05,1,4.10610316578782e-05,27,1,2,1,0
395,169.637303145839,170.157813815331,0.00306837387673314,0.499999103658359,13.181373370052,0.146875,0.0275,0.005,4,294,0,0.000595735676933528,8.48165488828522e-05,0.00479794854975241,0.119147135386706,1,160,28777.396776855,4.07965312948167e-05,1,4.10608830981965e-05,27,1,2,1,0
396,169.636358108269,170.157028471131,0.00306933235697543,0.499999291258698,13.1763386854505,0.146875,0.0275,0.005,4,295,0,0.000493741765969178,5.78964508727844e-05,0.00327511784150237,0.0987483531938356,1,161,28776.5613491063,5.11367634369826e-05,1,4.10607578144771e-05,28,1,2,1,0
397,169.636537583968,170.152623410236,0.0030423034660984,0.499999235964413,13.1743360044858,0.146875,0.0275,0.005,4,296,0,0.000352079122548877,5.20462353489945e-05,0.0029441796760404,0.0704158245097754,1,162,28776.5400201699,5.62776340602163e-05,1,4.10606619711035e-05,26,1,2,1,0
398,169.636496316904,170.151681870518,0.00303699713681338,0.499999212454805,13.1758262001776,0.146875,0.0275,0.005,4,297,0,0.000558633410730705,4.88017139180395e-05,0.00276064182759773,0.111726682146141,1,163,28776.3687607093,5.25573613513512e-05,1,4.10605916242123e-05,24,1,2,1,0
399,169.636702866736,170.149457026131,0.00302266048991842,0.499999221450774,13.1868794314962,0.146875,0.0275,0.005,4,298,0,0.00034363135214483,7.26854946715477e-05,0.00411171249409201,0.068726270428966,1,164,28775.6893229811,5.9600602541083e-05,1,2.84918481588696e-05,22,1,2,1,0
400,169.636052616978,170.146408403579,0.00300853373282363,0.499999431537902,13.1849767714561,0.146875,0.0275,0.005,4,299,0,0.000739552585280912,8.83377388899748e-05,0.00499713713630302,0.147910517056182,1,165,28777.0310755519,5.48188698426997e-05,1,1.76281097842538e-05,39,1,2,1,0
401,169.639862004382,170.139951087327,0.00294794558918002,0.499999333575129,13.1829539742042,0.146875,0.0275,0.005,4,300,0,0.000439132671720022,4.82841749354715e-05,0.00273136540166955,0.0878265343440043,1,166,28777.6148351663,5.59469163581927e-05,1,3.02908117262318e-05,28,1,2,1,0
402,169.640138382118,170.135853624258,0.00292215773264503,0.499999320918744,13.1767797298671,0.146875,0.0275,0.005,4,301,0,0.000393477960392499,8.02617469590838e-05,0.00454029004357176,0.0786955920784997,1,167,28778.5141419164,5.05547195557927e-05,1,3.19199986634501e-05,30,1,2,1,0
403,169.639158617592,170.133157035274,0.00291205416076571,0.499999443153963,13.1778839369594,0.14625,0.0275,0.005,4,302,0,0.000449596256470337,7.32590597377061e-05,0.00414415823391059,0.0899192512940674,1,168,28776.7685150292,5.31070058714442e-05,1,2.51489240503937e-05,19,1,2,1,0
404,169.635881891442,170.130255456355,0.00291432189582485,0.4999992706366,13.1735875437362,0.14625,0.0275,0.005,4,303,0,0.000378626044063242,4.67991885422353e-05,0.00264736188577939,0.0757252088126484,1,169,28777.0065552653,4.78358939545309e-05,1,2.50916922964531e-05,26,1,2,1,0
405,169.63859086476,170.126575221632,0.00287661170954639,0.499999216061706,13.1858389724067,0.14625,0.0275,0.005,4,304,0,0.000659131508171375,7.43401237423478e-05,0.00420531244899689,0.131826301634275,1,170,28775.7821890517,5.01824506121177e-05,1,2.50916732493485e-05,22,1,2,1,0
406,169.637356715642,170.1237495306,0.00286725061257395,0.499999360696616,13.1711476882732,0.14625,0.0275,0.005,4,305,0,0.000556236657296746,8.53839905491853e-05,0.00483004789776776,0.111247331459349,1,171,28778.8438185663,3.4567050804234e-05,1,2.50916584786146e-05,34,1,2,1,0
407,169.640533738878,170.119791804391,0.00282513886834978,0.499999300846767,13.1809032673501,0.14625,0.0275,0.005,4,306,0,0.00054165197141609,8.72068345059824e-05,0.00493316352359945,0.108330394283218,1,172,28776.700025804,3.68892340561126e-05,1,2.74221890951088e-05,27,1,2,1,0
408,169.641008999993,170.114417740004,0.00279065034334584,0.499999165215002,13.1775177054743,0.14625,0.0275,0.005,4,307,0,0.000576257169664724,5.55247979644134e-05,0.00314095689317198,0.115251433932945,1,173,28778.1873320077,3.34668718026216e-05,1,3.02237268344024e-05,21,1,2,1,0
409,169.640140233646,170.112049174065,0.00278182356940165,0.499998775251847,13.1734157058203,0.14625,0.0275,0.005,4,308,0,0.000581821797192187,0.000121268309300598,0.00685997150795845,0.116364359438437,1,174,28776.9082245195,3.32836257617271e-05,1,3.02236655925201e-05,24,1,2,1,0
410,169.634318645382,170.109701047811,0.00280239521238902,0.499999172827685,13.1699471272749,0.14625,0.0275,0.005,4,309,0,0.000715507226658199,7.57985430821963e-05,0.00428781310539854,0.14310144533164,1,175,28776.7516561242,3.751783538328e-05,1,3.94388465000374e-05,23,1,2,1,0
411,169.639277576129,170.104824247021,0.00274433301971111,0.499999107189444,13.1684511122605,0.14625,0.0275,0.005,4,310,0,0.000607274876347832,5.26189381123274e-05,0.00297657663664496,0.121454975269566,1,176,28777.5321052226,3.03689214629389e-05,1,3.94388600872579e-05,27,1,2,1,0
412,169.640848698485,170.102497766951,0.0027213319905443,0.499999345216913,13.1582468028361,0.14625,0.0275,0.005,4,311,0,0.000510570690479537,9.60293476036292e-05,0.00543224023067571,0.102114138095907,1,177,28779.0073220603,2.54938665376637e-05,1,3.94388435732986e-05,26,1,2,1,0
413,169.640525985489,170.099474276145,0.0027054165741969,0.499999357921053,13.1687923087443,0.14625,0.0275,0.005,4,312,0,0.000710187924787509,0.0001006520108014,0.00569373755021854,0.142037584957502,1,178,28777.1560287574,1.75593451540564e-05,1,3.94388117837591e-05,26,1,2,1,0
414,169.641905614299,170.093373177157,0.00266129740304081,0.499999253273643,13.165086243081,0.14625,0.0275,0.005,4,313,0,0.00088608894208176,9.79359896757444e-05,0.00554009619375476,0.177217788416352,1,179,28778.2396265536,1.91282971408266e-05,1,4.47240832535186e-05,26,1,2,1,0
415,169.638729542923,170.095365465267,0.00269181408970474,0.499999329290572,13.1641926962195,0.14625,0.0275,0.005,4,314,0,0.000519401008266549,6.30386453574106e-05,0.00356600428872311,0.10388020165331,1,180,28777.5389454106,1.95190111719936e-05,1,4.47240795973801e-05,27,1,2,1,0
416,169.642966520326,170.092639896386,0.00265070450773328,0.499999251393669,13.1740211117047,0.14625,0.0275,0.005,4,315,0,0.000469899323730718,9.84434446601932e-05,0.00556880218260682,0.0939798647461435,1,181,28778.2235296827,3.12346193042717e-05,1,5.097779792938e-05,26,1,2,1,0
417,169.64429862262,170.091952681205,0.00263878044956529,0.499999227944692,13.1738261874548,0.14625,0.0275,0.005,4,316,0,0.000488821862713921,5.95773202684466e-05,0.00337020217333931,0.0977643725427842,1,182,28778.6872594542,2.11472994682101e-05,1,5.88301909072871e-05,27,1,2,1,0
418,169.64389686765,170.092188021698,0.00264254218586986,0.499999428435734,13.1576889047156,0.14625,0.0275,0.005,4,317,0,0.000777358113560546,0.000102527613479263,0.00579983766000483,0.155471622712109,1,183,28780.662505947,2.74968932591009e-05,1,5.88300907580807e-05,50,1,2,1,0
419,169.645492433567,170.090307783288,0.00262202869843905,0.49999929944578,13.1659052462218,0.14625,0.0275,0.005,4,318,0,0.000522487282189363,7.27666785308096e-05,0.00411630494668456,0.104497456437873,1,184,28779.1685768744,2.97783950084231e-05,1,6.58671741806117e-05,30,1,2,1,0
420,169.645099319451,170.089236860107,0.00261803932113339,0.499999117669306,13.1631855335921,0.14625,0.0275,0.005,4,319,0,0.000811725767219565,0.000120338234535957,0.00680735853411141,0.162345153443913,1,185,28778.7947161483,3.33972655369909e-05,1,3.98655905924449e-05,29,1,2,1,0
421,169.639845163385,170.088671512164,0.00264576018886669,0.499999330996983,13.1676382940908,0.14625,0.0275,0.005,4,320,0,0.000498824754579763,0.000106269601667442,0.00601151647784334,0.0997649509159527,1,186,28777.4993052512,4.14678217043462e-05,1,3.98655772542663e-05,32,1,2,1,0
422,169.64460890306,170.083232189037,0.00258554214492024,0.499999325178226,13.171128745524,0.14625,0.0275,0.005,4,321,0,0.000520409196175331,6.71108533991493e-05,0.00379636316238038,0.104081839235066,1,187,28779.2888547957,4.16413383437646e-05,1,3.98654888904915e-05,28,1,2,1,0
423,169.645286995709,170.081527966638,0.00257148889105703,0.49999939748747,13.1708013453091,0.14625,0.0275,0.005,4,322,0,0.000474293953408424,5.90934836999044e-05,0.00334283224385113,0.0948587906816849,1,188,28779.6441434336,4.09058017004055e-05,1,3.98653770086209e-05,29,1,2,1,0
424,169.645628598674,170.081732063821,0.0025706731658758,0.49999879033275,13.1701924544584,0.14625,0.0275,0.005,4,323,0,0.00045638269877202,5.57804381743425e-05,0.00315541808725076,0.0912765397544039,1,189,28779.1563501148,4.82052311379185e-05,1,4.06679435515016e-05,27,1,2,1,0
425,169.645847656037,170.082302126897,0.00257273889630234,0.499999144068128,13.1553735452783,0.14625,0.0275,0.005,4,324,0,0.000641039313201297,9.6080992344046e-05,0.00543516169836862,0.128207862640259,1,190,28781.4956910586,4.71057365730654e-05,1,3.5382814238982e-05,46,1,2,1,0
426,169.647533409428,170.082479034281,0.0025638193265235,0.499999427044058,13.1542312452815,0.14625,0.0275,0.005,4,325,0,0.000558451738258724,6.89930145668002e-05,0.00390283427637493,0.111690347651745,1,191,28780.6294438568,5.47502236835736e-05,1,4.53196805153746e-05,47,1,2,1,0
427,169.646839641868,170.078270621493,0.00254311238886696,0.499999361635452,13.1708542075009,0.14625,0.0275,0.005,4,326,0,0.000496914570371586,0.000109693268098802,0.00620518829785415,0.0993829140743171,1,192,28778.2009077862,6.52661612331105e-05,1,4.53196126335183e-05,28,1,2,1,0
428,169.645603576457,170.075473268866,0.00253392769011652,0.499999253376767,13.1720850582082,0.14625,0.0275,0.005,4,327,0,0.000257953007500211,4.13900277169927e-05,0.00234137354177477,0.0515906015000422,1,193,28780.0025766253,5.66702538921968e-05,1,4.5319567039896e-05,26,1,2,1,0
429,169.645619246805,170.075273347697,0.00253265662148875,0.499999327122554,13.1704444451431,0.14625,0.0275,0.005,4,328,0,0.000354919576011273,4.12043555319827e-05,0.00233087033688691,0.0709839152022547,1,194,28779.8806999583,4.57756961567356e-05,1,4.5319563652166e-05,28,1,2,1,0
430,169.646262323433,170.073640837971,0.00251923330749985,0.49999937954362,13.1676856693527,0.14625,0.0275,0.005,4,329,0,0.000402249835708911,6.40132395158474e-05,0.00362113565978995,0.0804499671417822,1,195,28779.5172487318,4.03954863646173e-05,1,4.53195325833237e-05,26,1,2,1,0
431,169.645173010911,170.070080478835,0.00250468351314102,0.499999395002097,13.1577853836354,0.14625,0.0275,0.005,4,330,0,0.000800814112068295,0.000127765530634439,0.00722750984908077,0.160162822413659,1,196,28780.1425043387,3.58066095212064e-05,1,1.72388922898059e-05,26,1,2,1,0
432,169.644130645282,170.067710226733,0.00249687142042459,0.499999158599519,13.1670683837063,0.14625,0.0275,0.005,4,331,0,0.000478747098065654,9.4510910929063e-05,0.00534634448112466,0.0957494196131307,1,197,28778.1277162438,4.51052193850098e-05,1,2.00580521111602e-05,27,1,2,1,0
433,169.645961381734,170.067172152367,0.00248288121451371,0.499999303489838,13.1667519319647,0.14625,0.0275,0.005,4,332,0,0.00043960793897524,6.40085920139081e-05,0.003620872757379,0.087921587795048,1,198,28780.1321432112,4.00921621172685e-05,1,2.00580441375675e-05,28,1,2,1,0
434,169.648156847554,170.067928016631,0.00247436327560273,0.499999218454141,13.1647361145509,0.14625,0.0275,0.005,4,333,0,0.000457857283531353,5.67111697757373e-05,0.00320806821739563,0.0915714567062705,1,199,28780.2495907221,3.31418500550566e-05,1,2.3732947404602e-05,29,1,2,1,0
435,169.649145290828,170.068751947218,0.00247337913592719,0.499999391294209,13.1576095091966,0.14625,0.0275,0.005,4,334,0,0.000592498223284394,8.28830837159567e-05,0.00468857524329643,0.118499644656879,1,200,28782.2709539234,3.37551009790051e-05,1,2.95593911142896e-05,42,1,2,1,0
436,169.649206246328,170.070417977924,0.00248283938908695,0.499999318984489,13.1478606010273,0.14625,0.0275,0.005,4,335,0,0.000820932667741458,9.27624095443032e-05,0.00524743430623844,0.164186533548292,1,201,28781.6046763543,2.26998615041893e-05,1,2.99186706490949e-05,55,1,2,1,0
437,169.650606985928,170.06662701413,0.00245221656198298,0.499999205731743,13.1691383748019,0.14625,0.0275,0.005,4,336,0,0.000428066857863738,0.000113855103107204,0.00644061723838382,0.0856133715727476,1,202,28778.087673822,1.77284889750377e-05,1,3.81753945530094e-05,27,1,2,1,0
438,169.645530002949,170.065687914872,0.00247668130080456,0.499999131997504,13.1603330568841,0.14625,0.0275,0.005,4,337,0,0.000623526138307674,0.000124514664245368,0.00704361307560525,0.124705227661535,1,203,28780.8695075311,1.90249914224393e-05,1,3.81753962086225e-05,25,1,2,1,0
439,169.643830745418,170.062992941602,0.00247083666021432,0.499999350795587,13.1613792931795,0.14625,0.0275,0.005,4,338,0,0.000616953584819726,7.34494565771897e-05,0.00415492870561582,0.123390716963945,1,204,28779.2613871848,2.43304300915277e-05,1,3.99432261436329e-05,26,1,2,1,0
440,169.645048715072,170.061508735342,0.00245489051064955,0.499998169056338,13.1569249126516,0.14625,0.0275,0.005,4,339,0,0.000787524485211665,0.000101297051261714,0.00573022654890876,0.157504897042333,1,205,28778.9198695617,1.97040291181072e-05,1,3.99432547179813e-05,30,1,2,1,0
441,169.643574517641,170.058398713581,0.00244526913040456,0.499999186082597,13.1591163552765,0.14625,0.0275,0.005,4,340,0,0.000485831233049195,8.36422455510786e-05,0.00473151992182704,0.0971662466098391,1,206,28779.7987714022,1.51176932031219e-05,1,4.14536550636674e-05,32,1,2,1,0
442,169.648946271478,170.058309631471,0.00241300266809659,0.499999424014131,13.1646089599989,0.14625,0.0275,0.005,4,341,0,0.000320173169035292,6.6516473225861e-05,0.00376273994228958,0.0640346338070583,1,207,28779.819009518,4.73898169502124e-06,1,4.14535373926762e-05,28,1,2,1,0
443,169.648850246135,170.059793412596,0.00242231624832131,0.499999399179973,13.1576915809137,0.14625,0.0275,0.005,4,342,0,0.000527949961725805,6.61799041420018e-05,0.00374370071976681,0.105589992345161,1,208,28781.9960002552,1.46502710343357e-05,1,4.14534668028962e-05,41,1,2,1,0
444,169.650228485288,170.061665369432,0.0024252067787831,0.499999332748941,13.1565919777135,0.14625,0.0275,0.005,4,343,0,0.000307205369758889,4.82601007426737e-05,0.00273000355967124,0.0614410739517777,1,209,28780.9124052356,1.9430893324743e-05,1,4.14534161823049e-05,27,1,2,1,0
445,169.650727210425,170.061251175581,0.00241981848181273,0.499999290761346,13.1488042175138,0.14625,0.026875,0.005,4,344,0,0.000583344304251722,6.81503086923959e-05,0.00385516363330797,0.116668860850344,1,210,28782.0620483455,1.79352374465951e-05,1,4.2162049252926e-05,42,1,2,1,0
446,169.65146914854,170.060479988431,0.00241088887672652,0.499999182084613,13.1553571799575,0.14625,0.026875,0.005,4,345,0,0.000431577889800679,6.88343862455295e-05,0.00389386090344223,0.0863155779601358,1,211,28780.7392017392,1.45155528008408e-05,1,4.65353934366988e-05,25,1,2,1,0
447,169.651427565332,170.058116371518,0.00239720238150939,0.499999241216173,13.1710138920058,0.14625,0.026875,0.005,4,346,0,0.000590819379191052,9.60246594071246e-05,0.00543197502623251,0.11816387583821,1,212,28779.6011770884,8.11972082252727e-06,1,4.65353709277428e-05,24,1,2,1,0
448,169.648825020513,170.053317388472,0.0023842921865855,0.499999178978378,13.1601974034433,0.14625,0.026875,0.005,4,347,0,0.000635967806500346,8.75817388365419e-05,0.00495437131515424,0.127193561300069,1,213,28782.0898484984,1.37720420899248e-05,1,4.65352805437713e-05,29,1,2,1,0
449,169.651362702455,170.051824777514,0.00236050019687322,0.499999337404632,13.1595778415463,0.14625,0.026875,0.005,4,348,0,0.000446810684375998,6.09396421713938e-05,0.00344726673779794,0.0893621368751995,1,214,28782.0103159839,1.49999678656807e-05,1,4.65350739397603e-05,30,1,2,1,0
450,169.652287475502,170.054665597016,0.00237178129161939,0.499999327803319,13.1513436224459,0.14625,0.026875,0.005,4,349,0,0.000557418379317973,7.27967629983389e-05,0.00411800678116443,0.111483675863595,1,215,28782.7548324559,2.67034000393103e-05,1,5.13585009116596e-05,49,1,2,1,0
451,169.654021843165,170.053931293507,0.00235720583572471,0.499999124033584,13.1490287038741,0.14625,0.026875,0.005,4,350,0,0.000521020674553367,6.61076221548364e-05,0.00373961183310423,0.104204134910673,1,216,28782.444244719,4.21042449310106e-05,1,3.0632465068669e-05,48,1,2,1,0
452,169.654829164081,170.049794883272,0.0023280546810058,0.499999265533456,13.1572976818086,0.14625,0.026875,0.005,4,351,0,0.000397244025070327,6.9591411862818e-05,0.00393668473924356,0.0794488050140654,1,217,28782.0927165775,5.24907208343026e-05,1,3.53910634783287e-05,31,1,2,1,0
453,169.652095521295,170.048880272284,0.00233881432333372,0.499999270901201,13.165070134444,0.14625,0.026875,0.005,4,352,0,0.000568249051565268,9.93886775954982e-05,0.00562227263207522,0.113649810313054,1,218,28780.4005355473,5.45140806576149e-05,1,3.53909957786118e-05,26,1,2,1,0
454,169.653386162259,170.044461639294,0.00230514395192258,0.499999385611451,13.1554230495464,0.14625,0.026875,0.005,4,353,0,0.000663342204902938,0.000125220803081713,0.00708355832037639,0.132668440980588,1,219,28783.1446125571,4.24939667895236e-05,1,3.53909299065302e-05,23,1,2,1,0
455,169.651516681702,170.041928014868,0.00230125460002872,0.499999152866764,13.1584352829538,0.14625,0.026875,0.005,4,354,0,0.000508831648826566,9.63203981767504e-05,0.00544870453738948,0.101766329765313,1,220,28781.6200868326,4.79468692835084e-05,1,3.53909134374626e-05,29,1,2,1,0
456,169.65546374644,170.044743913755,0.00229453363138307,0.499999321708106,13.1505380472288,0.14625,0.026875,0.005,4,355,0,0.00060702562075853,8.83269457501777e-05,0.00499652658411576,0.121405124151706,1,221,28784.2587946957,4.71371291125561e-05,1,3.9131313025372e-05,45,1,2,1,0
457,169.655649542668,170.046789488528,0.00230549319703788,0.499999371580862,13.1445691669931,0.14625,0.026875,0.005,4,356,0,0.000565494055963644,6.99377538188427e-05,0.00395627679890072,0.113098811192729,1,222,28783.5497021865,6.23736502946406e-05,1,4.02263703963583e-05,43,1,2,1,0
458,169.656618613917,170.047149946786,0.00230189270574447,0.499999332910689,13.1648527232969,0.14625,0.026875,0.005,4,357,0,0.000510197876064758,0.000123914279677065,0.00700965019563995,0.102039575212952,1,223,28780.6682218877,7.08340177792976e-05,1,3.09802305857176e-05,32,1,2,1,0
459,169.652510335922,170.046227473049,0.00232072685719441,0.499998805450084,13.1530825294717,0.14625,0.026875,0.005,4,358,0,0.000696297801739326,0.000110533916172648,0.0062527425341428,0.139259560347865,1,224,28782.8641078176,6.16540098351607e-05,1,3.00726012326247e-05,24,1,2,1,0
460,169.652089485269,170.042500994748,0.00230124786946656,0.499999189243194,13.1637990802213,0.14625,0.026875,0.005,4,359,0,0.000745892481037634,0.000133897598862222,0.00757439201120589,0.149178496207527,1,225,28782.1865908583,5.50686932835489e-05,1,3.00726047421722e-05,41,1,2,1,0
461,169.655290871899,170.03812440139,0.00225653752100937,0.499999316226666,13.1592146008622,0.14625,0.026875,0.005,4,360,0,0.000498710361496067,9.31895422665608e-05,0.00527159658178844,0.0997420722992135,1,226,28782.9645221786,3.97690567540415e-05,1,3.00725822475585e-05,28,1,2,1,0
462,169.654056786543,170.035903573065,0.00225073772920291,0.499999276596624,13.1542201925339,0.14625,0.026875,0.005,4,361,0,0.000434781800120934,7.57728734798293e-05,0.00428636101340621,0.0869563600241868,1,227,28783.0395001894,3.23847811567241e-05,1,3.00725959386033e-05,42,1,2,1,0
463,169.65511709307,170.035167204693,0.00224013350221811,0.499999341913137,13.1511052172682,0.14625,0.026875,0.005,4,362,0,0.000766759438730847,0.000113570120007606,0.00642449615980388,0.153351887746169,1,228,28782.4082839102,2.7774218016627e-05,1,3.00725423787603e-05,28,1,2,1,0
464,169.65088990509,170.031403456169,0.00224292104386457,0.49999918853254,13.1562168957221,0.145625,0.026875,0.005,4,363,0,0.00073149502244581,0.000113378475543868,0.00641365511181298,0.146299004489162,1,229,28781.5391044566,4.02935656530815e-05,1,3.37670288818104e-05,35,1,2,1,0
465,169.656277743744,170.031040678885,0.00220895412845735,0.49999928218752,13.1604787986937,0.145625,0.026875,0.005,4,364,0,0.000550440827562316,8.10598052858857e-05,0.00458543503994488,0.110088165512463,1,230,28783.3297171445,2.69593955445188e-05,1,3.37669341203878e-05,41,1,2,1,0
466,169.657066702357,170.030916194675,0.00220355980204368,0.499999231116465,13.161378589956,0.145625,0.026875,0.005,4,365,0,0.000552045106292583,7.21427731497907e-05,0.00408101152862558,0.110409021258517,1,231,28782.5988801765,3.44349946426932e-05,1,3.64080835007133e-05,28,1,2,1,0
467,169.653942456944,170.030022789994,0.00221674974128964,0.499999122923105,13.1537824176998,0.145625,0.026875,0.005,4,366,0,0.000551447143621996,6.24681292455922e-05,0.00353373102380767,0.110289428724399,1,232,28782.5953647127,1.64389514017289e-05,1,3.64081201350268e-05,26,1,2,1,0
468,169.654780231918,170.03076393806,0.00221616924456034,0.499999254917678,13.1491608425864,0.145625,0.026875,0.005,4,367,0,0.00036962938850729,5.52127250088586e-05,0.00312330338092416,0.0739258777014579,1,233,28783.8604276427,-5.95490660885791e-07,1,3.64081595870603e-05,30,1,2,1,0
469,169.655948123124,170.031207686391,0.00221188568640283,0.499998864476086,13.1613697383682,0.145625,0.026875,0.005,4,368,0,0.000692971934732076,9.37347153961841e-05,0.00530243623113863,0.138594386946415,1,234,28781.505140429,1.54346126173833e-05,1,3.64080858115512e-05,30,1,2,1,0
470,169.653570735206,170.026576356765,0.00219863112778915,0.499999302001097,13.1555578420209,0.145625,0.026875,0.005,4,369,0,0.000381732331008788,6.13608642168635e-05,0.00347109465497689,0.0763464662017575,1,235,28783.0728699156,7.7466715342979e-06,1,3.6408054023763e-05,33,1,2,1,0
471,169.656256995454,170.026170406451,0.00218036998780432,0.499999150929673,13.151015711336,0.145625,0.026875,0.005,4,370,0,0.00052036048838721,6.60337574102902e-05,0.00373543341216349,0.104072097677442,1,236,28783.4906725094,1.28002075499905e-05,1,3.64080332906741e-05,26,1,2,1,0
472,169.657790158916,170.021739843108,0.0021451987783876,0.49999931289668,13.1482571236403,0.145625,0.026875,0.005,4,371,0,0.00056290501775152,6.22264461353971e-05,0.0035200593625183,0.112581003550304,1,237,28783.1175607439,1.28205888128109e-05,1,4.06722298450082e-05,27,1,2,1,0
473,169.657296795321,170.023043953915,0.00215579975339605,0.49999922217165,13.1419037977551,0.145625,0.026875,0.005,4,372,0,0.000522267512150401,6.79651556962679e-05,0.00384468979817844,0.10445350243008,1,238,28784.716670936,9.80230995839487e-06,1,4.06721775900488e-05,43,1,2,1,0
474,169.658141279346,170.025901836618,0.0021676564089289,0.499999283085764,13.1390841988879,0.145625,0.026875,0.005,4,373,0,0.000671505244224876,6.20844993199104e-05,0.00351202963805442,0.134301048844975,1,239,28784.3970703581,1.08467543328041e-05,1,2.69400507776999e-05,34,1,2,1,0
475,169.661525023391,170.023838538735,0.00213550783121625,0.499999281728167,13.1456803847201,0.145625,0.02625,0.005,4,374,0,0.000383292309759629,6.84726638184953e-05,0.00387339879295718,0.0766584619519259,1,240,28783.9069718912,2.6354406143575e-05,1,4.68846286675795e-05,35,1,2,1,0
476,169.66016424828,170.021783926573,0.00213143538965367,0.499998704403252,13.150498259135,0.145625,0.02625,0.005,4,375,0,0.000641376484922225,7.70663681753282e-05,0.0043595321230555,0.128275296984445,1,241,28783.9256540611,2.24200241195391e-05,1,4.68845430670205e-05,24,1,2,1,0
477,169.658234557686,170.018660721619,0.00212442481717608,0.499999276885841,13.1435004854279,0.145625,0.02625,0.005,4,376,0,0.000401584816158038,7.18042019040212e-05,0.00406185904672171,0.0803169632316075,1,242,28785.2933493722,3.279689922363e-05,1,4.6884424455503e-05,43,1,2,1,0
478,169.660495704859,170.018705344403,0.00211133203434352,0.499999314147925,13.1519853427139,0.145625,0.02625,0.005,4,377,0,0.000523134782888052,7.86254403212071e-05,0.0044477265619923,0.10462695657761,1,243,28783.4652279906,4.54864281269117e-05,1,4.68842665102541e-05,27,1,2,1,0
479,169.659790329129,170.012410669869,0.0020783966551901,0.499999232135635,13.1593619677062,0.145625,0.02625,0.005,4,378,0,0.000444564845393609,7.39375038130485e-05,0.00418253682641702,0.0889129690787218,1,244,28782.9233032645,3.30221847040543e-05,1,4.68841603327301e-05,23,1,2,1,0
480,169.659288577611,170.008133764125,0.00205615141640065,0.499998595641429,13.1483518858485,0.145625,0.02625,0.005,4,379,0,0.000700334757734389,0.000123945786294747,0.00701143247908117,0.140066951546878,1,245,28784.7808892151,4.26709823612582e-05,1,3.10507022460126e-05,25,1,2,1,0
481,169.657952973615,170.009882220126,0.00207434570759866,0.499999322001967,13.1414179791205,0.145625,0.02625,0.005,4,380,0,0.000483894603410084,7.70648144385326e-05,0.00435944423042955,0.0967789206820167,1,246,28785.8236254952,4.55258315231593e-05,1,2.4921910278226e-05,46,1,2,1,0
482,169.662949627162,170.015549929895,0.00207823984852235,0.499999117206599,13.1447218001037,0.145625,0.02625,0.005,4,381,0,0.000603232187283737,6.52333519523156e-05,0.00369015564200089,0.120646437456747,1,247,28784.8516755608,5.18031298302954e-05,1,3.33186708983562e-05,27,1,2,1,0
483,169.661335656038,170.015760988978,0.00208901651970484,0.499999284263017,13.1397584444553,0.145625,0.02625,0.005,4,382,0,0.0003692273006174,5.34286696845612e-05,0.00302238197149835,0.07384546012348,1,248,28784.730128741,5.75567500191724e-05,1,2.94509837736273e-05,31,1,2,1,0
484,169.661338519852,170.01529491207,0.00208625250340556,0.499999449150108,13.1358322482048,0.145625,0.02625,0.005,4,383,0,0.000722709600470754,9.93879417361817e-05,0.0056222310055862,0.144541920094151,1,249,28785.5554196937,4.95830729594014e-05,1,2.9450928273387e-05,28,1,2,1,0
485,169.659508881536,170.017173480722,0.00210813176075039,0.499999375955683,13.1458585669255,0.145625,0.02625,0.005,4,384,0,0.000533278406999545,0.000118900209769966,0.0067260115690277,0.106655681399909,1,250,28783.7811638953,4.36777037475183e-05,1,2.94509632711544e-05,29,1,2,1,0
486,169.663486136055,170.017154932455,0.00208453099988909,0.499999361627952,13.1428430457926,0.145625,0.02625,0.005,4,385,0,0.000420644710586742,5.49535993196073e-05,0.00310864501836022,0.0841289421173484,1,251,28786.0945543813,4.12350119204538e-05,1,3.26131566215445e-05,30,1,2,1,0
487,169.664317131279,170.020574248965,0.00209977633310858,0.499999193785631,13.1393155644315,0.145625,0.02625,0.005,4,386,0,0.000436538902191764,5.87060593010087e-05,0.00332091621027862,0.0873077804383527,1,252,28785.2356163706,4.41605523521941e-05,1,3.75110127002203e-05,25,1,2,1,0
488,169.663547541928,170.021340629726,0.00210883889310239,0.499999119850783,13.1299230943045,0.145625,0.02625,0.005,4,387,0,0.000696788700364779,6.52248196134876e-05,0.00368967298002931,0.139357740072956,1,253,28786.8591198626,3.45862652953169e-05,1,3.75109452261032e-05,38,1,2,1,0
489,169.665976013877,170.021987011501,0.00209830518757072,0.499999324275451,13.1296056722638,0.145625,0.02625,0.005,4,388,0,0.000694899250341361,9.50700590310791e-05,0.00537797467429451,0.138979850068272,1,254,28786.7221309368,4.77503360190228e-05,1,4.72883832323072e-05,27,1,2,1,0
490,169.663476483361,170.017594139641,0.00208717670779878,0.499999303979542,13.1481881191403,0.145625,0.02625,0.005,4,389,0,0.000680886499719402,0.00014815892531129,0.00838113446247396,0.13617729994388,1,255,28783.6331259477,5.60209415700031e-05,1,4.72882665067952e-05,25,1,2,1,0
491,169.663688343014,170.016145440444,0.00207738674593622,0.499999195136067,13.146827144833,0.145625,0.02625,0.005,4,390,0,0.000570172559379897,6.61493124578884e-05,0.00374197019278405,0.114034511875979,1,256,28786.1593980208,4.60991861522234e-05,1,3.81175257608298e-05,25,1,2,1,0
492,169.664933303779,170.013485542734,0.00205435638448404,0.499999135643363,13.1346065777677,0.145625,0.02625,0.005,4,391,0,0.000610793948420174,0.000106154299949043,0.00600499402768635,0.122158789684035,1,257,28787.1528768929,3.91603600721817e-05,1,3.81174811943817e-05,23,1,2,1,0
493,169.664406849916,170.013503630568,0.00205757228126631,0.499999352005764,13.1391896018169,0.145625,0.02625,0.005,4,392,0,0.000619506712451552,6.8024143119149e-05,0.00384802663071636,0.12390134249031,1,258,28785.1472454733,4.1130241120248e-05,1,3.81174121953353e-05,24,1,2,1,0
494,169.663735714404,170.010153280548,0.00204178909938968,0.499999221882872,13.1397364300232,0.145625,0.02625,0.005,4,393,0,0.00065552201672492,9.1737629018145e-05,0.00518946396549649,0.131104403344984,1,259,28786.13782595,4.25325918256177e-05,1,3.81173583388836e-05,27,1,2,1,0
495,169.667941155555,170.011335176163,0.00202391812070682,0.499999079724387,13.1425129338414,0.145625,0.02625,0.005,4,394,0,0.000614085125966601,5.72294049781493e-05,0.00323738402746564,0.12281702519332,1,260,28786.4469136158,4.05315432258922e-05,1,2.63147025763256e-05,28,1,2,1,0
496,169.66693548166,170.013513031076,0.00204269351852002,0.499999297636389,13.1390069171306,0.145625,0.02625,0.005,4,395,0,0.000619326377886754,5.60331851417167e-05,0.00316971561481513,0.123865275577351,1,261,28787.1510800346,5.02296847624913e-05,1,2.63146490776314e-05,27,1,2,1,0
497,169.668306323909,170.01581012045,0.00204813617858052,0.499999086423346,13.1317094895586,0.145625,0.02625,0.005,4,396,0,0.000616789206653305,0.000117986084828591,0.00667430085343583,0.123357841330661,1,262,28787.1585050173,4.63648452711636e-05,1,2.84668738882586e-05,23,1,2,1,0
498,169.664271446808,170.014273820824,0.00206291148413769,0.499999379490763,13.1377443668026,0.145625,0.02625,0.005,4,397,0,0.00075712156527616,8.263700672536e-05,0.00467465502659683,0.151424313055232,1,263,28785.8620413811,5.32456627283487e-05,1,2.84668617424039e-05,25,1,2,1,0
499,169.66322970944,170.01709160017,0.00208567225400486,0.499999289489424,13.1442253253986,0.145625,0.02625,0.005,4,398,0,0.000887442641642367,9.49640032864727e-05,0.00537197525539891,0.177488528328473,1,264,28785.6889502462,3.79906987920253e-05,1,2.99213845059902e-05,30,1,2,1,0
500,169.66556524011,170.017160589976,0.00207228466995651,0.499999195895174,13.1396302009219,0.145625,0.02625,0.005,4,399,0,0.00066556988523189,6.61209127114474e-05,0.00374036366052066,0.133113977046378,1,265,28786.3077156233,2.12039062094225e-05,1,2.99213476696463e-05,27,1,2,1,0
501,169.668085953477,170.019140453395,0.002069066188525,0.499999332749744,13.140315095059,0.145625,0.02625,0.005,4,400,0,0.000578180363803753,6.28462003900721e-05,0.00355511795741029,0.115636072760751,1,266,28786.4401004579,3.44828141067986e-05,1,2.99212701157273e-05,26,1,2,1,0
502,169.665546949125,170.021903707902,0.00210034839238227,0.49999931372888,13.1315650093228,0.145625,0.025625,0.005,4,401,0,0.00079296977025142,6.57818179111531e-05,0.00372118156190041,0.158593954050284,1,267,28787.9370006571,3.42914610626235e-05,1,2.99212592938363e-05,36,1,2,1,0
503,169.670369288925,170.022862057701,0.00207751518578743,0.499998922203802,13.1276386865551,0.145625,0.025625,0.005,4,402,0,0.000880795752370776,0.000118152906702283,0.00668373772368684,0.176159150474155,1,268,28788.1597763157,2.9020919949605e-05,1,4.20801027126114e-05,28,1,2,1,0
504,169.665586757695,170.019073006343,0.00208342926461152,0.499998714050448,13.1329316067799,0.145625,0.025625,0.005,4,403,0,0.000795610008833628,7.76304039456902e-05,0.00439143880449988,0.159122001766726,1,269,28785.9899436453,3.80372299570628e-05,1,4.2080056803694e-05,29,1,2,1,0
505,169.664335898646,170.020003941702,0.00209630410051819,0.499999095335644,13.1410281128366,0.145625,0.025625,0.005,4,404,0,0.000699543696305948,7.86941754725393e-05,0.00445161480932133,0.13990873926119,1,270,28785.4817574349,3.55001684669685e-05,1,4.20801462200861e-05,27,1,2,1,0
506,169.665462358673,170.02135003506,0.00209758469071329,0.499998672763707,13.1380474901654,0.145625,0.025625,0.005,4,405,0,0.000633526865311088,4.53395078970479e-05,0.00256478987917309,0.126705373062218,1,271,28787.1060537741,2.28863780040001e-05,1,4.20801827561057e-05,27,1,2,1,0
507,169.668323941163,170.022623898034,0.00208819152945281,0.499999331161953,13.1401432443046,0.145625,0.025625,0.005,4,406,0,0.00043933964624736,7.99882886426596e-05,0.00452482090517852,0.087867929249472,1,272,28786.429159341,1.90596093512033e-05,1,4.20801823191667e-05,26,1,2,1,0
508,169.664238886954,170.01978630259,0.00209559432186916,0.499999016281176,13.1430632326092,0.145625,0.025625,0.005,4,407,0,0.00066177219011105,7.7529834065071e-05,0.00438574971293436,0.13235443802221,1,273,28786.1907638174,9.84593843564804e-06,1,4.20801831267086e-05,26,1,2,1,0
509,169.667643265181,170.016026850032,0.00205332954561635,0.499999294309312,13.1375429051016,0.145625,0.025625,0.005,4,408,0,0.000496688683907508,6.97662646694622e-05,0.00394657590766657,0.0993377367815015,1,274,28787.6705712196,1.4451661699979e-05,1,3.6132067307164e-05,32,1,2,1,0
510,169.668970343901,170.01540572719,0.00204183111730332,0.499998965800114,13.134975996374,0.145625,0.025625,0.005,4,409,0,0.000553884406723994,4.71688779366205e-05,0.00266827467599559,0.110776881344799,1,275,28787.6110639907,2.49248464457503e-05,1,3.61319947924478e-05,27,1,2,1,0
511,169.67084649566,170.015675247458,0.00203233943202265,0.499999255335611,13.1319750609129,0.145625,0.025625,0.005,4,410,0,0.000670981865258036,0.000104718137564323,0.0059237524147967,0.134196373051607,1,276,28787.5827627959,2.01610978589131e-05,1,3.89445416531721e-05,22,1,2,1,0
512,169.665762934625,170.010297088478,0.00203066398248599,0.499999221557137,13.1393343847671,0.145625,0.025625,0.005,4,411,0,0.000704213774049283,0.000113420061242252,0.00641600755415919,0.140842754809857,1,277,28785.9700086551,2.31554137819899e-05,1,3.894453669555e-05,25,1,2,1,0
513,169.670626148054,170.007548081556,0.00198574108642623,0.499998904714802,13.125825534688,0.145625,0.025625,0.005,4,412,0,0.000506530260660169,0.000117213931028676,0.00663062123839275,0.101306052132034,1,278,28789.1611779446,1.35983615910121e-05,1,3.89445307997369e-05,29,1,2,1,0
514,169.669647284131,170.00913617517,0.00200088169258835,0.499999310851181,13.1266869802056,0.145625,0.025625,0.005,4,413,0,0.00050539955677448,6.85788317155494e-05,0.00387940455615328,0.101079911354896,1,279,28787.8134306095,6.61191245513109e-06,1,3.89444375967269e-05,24,1,2,1,0
515,169.67173351283,170.006166682094,0.00197106001300546,0.499999060688051,13.1258498343499,0.145625,0.025625,0.005,4,414,0,0.00053286263004496,5.93499242236569e-05,0.00335733871051645,0.106572526008992,1,280,28787.7231267995,1.34601071914825e-05,1,4.41722157187499e-05,25,1,2,1,0
516,169.671405519342,170.00769108165,0.00198198135554154,0.49999941762904,13.1241798810152,0.145625,0.025625,0.005,4,415,0,0.000465788620415163,5.75480740820518e-05,0.00325541067421157,0.0931577240830326,1,281,28789.0137482082,2.45990974383641e-05,1,4.41720609923714e-05,29,1,2,1,0
517,169.672420829147,170.012027622044,0.00200154386456444,0.499999172090392,13.1305802323379,0.145625,0.025625,0.005,4,416,0,0.000549508907174736,7.82925428869081e-05,0.00442889503933371,0.109901781434947,1,282,28788.0291979246,3.13825345513367e-05,1,4.82228710165609e-05,25,1,2,1,0
518,169.673854558549,170.013628815586,0.00200251392838711,0.499999061929023,13.1195184225123,0.145625,0.025625,0.005,4,417,0,0.000506323692518836,6.68805843135007e-05,0.0037833371758236,0.101264738503767,1,283,28790.4987866852,3.94745356340273e-05,1,4.76902813802922e-05,43,1,2,1,0
519,169.677085992924,170.015142548735,0.00199235243717675,0.499999314622981,13.1186075164979,0.145625,0.025625,0.005,4,418,0,0.000459450493989694,0.000101585390010232,0.00574653745165722,0.0918900987979388,1,284,28789.8075944601,5.32979505935218e-05,1,6.6735285294405e-05,27,1,2,1,0
520,169.672622951629,170.011207838824,0.0019955186718126,0.499999381020882,13.1224852334005,0.145625,0.025625,0.005,4,419,0,0.000431021385053237,6.5663310637332e-05,0.0037144777781453,0.0862042770106475,1,285,28788.7254022996,5.38374228714263e-05,1,6.67351416299273e-05,27,1,2,1,0
521,169.672674258685,170.010841516174,0.00199305668379612,0.499999305590919,13.1180692448796,0.145625,0.025625,0.005,4,420,0,0.000450769219701059,7.65090932725572e-05,0.00432800789403674,0.0901538439402117,1,286,28788.9419040971,5.31805955760132e-05,1,6.67350697405289e-05,25,1,2,1,0
522,169.671346048346,170.008241383038,0.00198557589444668,0.499999281651617,13.1187977391155,0.145625,0.025625,0.005,4,421,0,0.000390727482886381,7.43818887853715e-05,0.00420767503660798,0.0781454965772762,1,287,28788.6422119169,5.39323865802103e-05,1,4.3841610939606e-05,29,1,2,1,0
523,169.675299857201,170.004190040567,0.00193835038831602,0.499999185304345,13.119291515758,0.145625,0.025625,0.005,4,422,0,0.000470141714333165,6.07562722352524e-05,0.00343689376777304,0.0940283428666331,1,288,28788.9804769076,7.00484476091008e-05,1,4.38414901760381e-05,25,1,2,1,0
524,169.675476642777,170.003892369032,0.00193555210660388,0.499999291242265,13.1126782514066,0.145625,0.025625,0.005,4,423,0,0.000453658477473966,6.24484912031054e-05,0.00353262012836674,0.0907316954947932,1,289,28790.9595859146,6.5941815706849e-05,1,3.38293736553898e-05,45,1,2,1,0
525,169.677275690903,170.006588863694,0.00194082072245621,0.499999315180364,13.114549280268,0.145625,0.02625,0.005,4,424,0,0.000435520882752359,8.25681972185148e-05,0.0046707625730848,0.0871041765504717,1,290,28790.3764606632,7.053605416728e-05,1,3.49472779341001e-05,42,1,2,1,0
526,169.678381218298,170.000129615626,0.00189622505246732,0.49999927849734,13.118313791878,0.145625,0.02625,0.005,4,425,0,0.000496329201758248,6.69659330246339e-05,0.00378816522801622,0.0992658403516495,1,291,28790.1606219136,7.19665670411891e-05,1,4.14627064724929e-05,28,1,2,1,0
527,169.677033751581,169.998478563739,0.00189445091684322,0.499999304314636,13.1143241364755,0.145625,0.02625,0.005,4,426,0,0.000573748928753628,7.47118126534276e-05,0.0042263383489582,0.114749785750726,1,292,28791.0661374433,6.93232059268872e-05,1,4.14625937486795e-05,40,1,2,1,0
528,169.677671865333,170.001170978837,0.00190655087347953,0.499999126189581,13.1220997994446,0.145625,0.02625,0.005,4,427,0,0.000485932408553415,5.48754832662138e-05,0.0031042261070743,0.0971864817106831,1,293,28788.9866217762,7.43141957730374e-05,1,4.14625004674146e-05,21,1,2,1,0
529,169.674428317456,170.002837484357,0.00193552540684638,0.499999247410737,13.1086288508342,0.145625,0.02625,0.005,4,428,0,0.000831546126673092,8.16329334282558e-05,0.00461785606362158,0.166309225334618,1,294,28791.3818501099,5.40957498509338e-05,1,4.14625654114115e-05,41,1,2,1,0
530,169.679362026823,170.001646200851,0.00189937167477359,0.499999170908521,13.1264581007161,0.145625,0.02625,0.005,4,429,0,0.000606732437644181,0.000109449595401627,0.00619140408852913,0.121346487528836,1,295,28788.51119544,5.21405014265644e-05,1,4.72428831402999e-05,29,1,2,1,0
531,169.6759590718,170.002198770741,0.00192272199741755,0.499998995282494,13.1118035225408,0.145625,0.02625,0.005,4,430,0,0.000388437388898785,9.26853100479423e-05,0.00524307290010221,0.0776874777797571,1,296,28791.6207929675,4.75254419933806e-05,1,4.72427916813795e-05,41,1,2,1,0
532,169.678174990351,170.002662172881,0.00191236841478649,0.499999472494017,13.1086188372734,0.145625,0.02625,0.005,4,431,0,0.000449124088919471,8.66373266694263e-05,0.00490094729534604,0.0898248177838942,1,297,28791.0603972827,5.21094940912671e-05,1,2.90770822836532e-05,28,1,2,1,0
533,169.67719849963,170.000442070774,0.00190505014228671,0.499999266103983,13.126521018818,0.145625,0.02625,0.005,4,432,0,0.000494102994962891,0.000144478417731553,0.00817293351304672,0.0988205989925783,1,298,28788.2196012692,5.12266617805972e-05,1,2.90770497471569e-05,25,1,2,1,0
534,169.67867108448,169.995844195062,0.00186925739431221,0.499999214526735,13.1160117833592,0.145625,0.02625,0.005,4,433,0,0.000773357762153935,0.000121357490467223,0.00686501635657243,0.154671552430787,1,299,28791.7233905775,4.92114163027693e-05,1,2.90769950050806e-05,25,1,2,1,0
535,169.67677528031,169.996271272155,0.00188296831618563,0.499999281574483,13.1146725292511,0.145625,0.02625,0.005,4,434,0,0.00052029000287109,6.88087836232959e-05,0.00389241260041843,0.104058000574218,1,300,28790.4103976769,4.09357049958123e-05,1,2.90770035804356e-05,27,1,2,1,0
536,169.678534643172,170.00120517951,0.00190165796172301,0.499999187526857,13.1206672334304,0.145625,0.02625,0.005,4,435,0,0.000545884850320309,9.77026809387537e-05,0.00552689825855187,0.109176970064062,1,301,28790.4315670177,3.18368502431754e-05,1,2.90770009512486e-05,29,1,2,1,0
537,169.679716761235,170.004237917622,0.00191255126176042,0.499999194724293,13.1106955815121,0.145625,0.02625,0.005,4,436,0,0.000484980086595333,6.81858627447992e-05,0.00385717487423221,0.0969960173190667,1,302,28792.2770876915,2.87941966986115e-05,1,3.116759220903e-05,47,1,2,1,0
538,169.681561838809,170.005864859832,0.00191124490786656,0.499999350533802,13.1158413846168,0.145625,0.026875,0.005,4,437,0,0.000410088452690097,6.45184519446427e-05,0.00364971479053722,0.0820176905380193,1,303,28791.0459941304,2.2451409645391e-05,1,4.20415124234057e-05,27,1,2,1,0
539,169.678176711776,170.007933815722,0.0019434267289792,0.499999143088585,13.1043191454086,0.145625,0.026875,0.005,4,438,0,0.000687709492564281,7.29228375654059e-05,0.00412513863566909,0.137541898512856,1,304,28791.7985376905,3.48571505610827e-05,1,3.30199163625016e-05,42,1,2,1,0
540,169.6807075802,170.006574416541,0.00192047075350288,0.499999096362635,13.1084080608853,0.145625,0.026875,0.005,4,439,0,0.000800025524039218,0.000109679543890567,0.00620441193939738,0.160005104807844,1,305,28791.0429126682,3.08362054568323e-05,1,3.30198901776594e-05,26,1,2,1,0
541,169.675765014904,170.003458544846,0.00193129248548898,0.499999202641011,13.1203878183803,0.145625,0.026875,0.005,4,440,0,0.000631104634580392,0.000108336416290436,0.00612843316867327,0.126220926916078,1,306,28789.116289364,4.0374064788759e-05,1,3.41635678105681e-05,25,1,2,1,0
542,169.67666954367,170.006586559357,0.00194438644142222,0.499998983998868,13.1219079152278,0.145625,0.026875,0.005,4,441,0,0.000452796942199508,7.34265976829546e-05,0.00415363561128589,0.0905593884399016,1,307,28789.6801166769,2.23695900359723e-05,1,3.41635981216958e-05,28,1,2,1,0
543,169.678867734954,170.003249113888,0.00191173705520312,0.499999223647879,13.1170936631725,0.145625,0.026875,0.005,4,442,0,0.00045144085072235,5.44559692684987e-05,0.00308049481166733,0.09028817014447,1,308,28791.7373691535,9.17584529773884e-06,1,3.41635645128003e-05,26,1,2,1,0
544,169.6789583347,170.004497681839,0.00191856049997937,0.499999267182644,13.1112627123527,0.145625,0.026875,0.005,4,443,0,0.000731855466216149,0.000110831862892041,0.00626959694579998,0.14637109324323,1,309,28790.7114700223,2.40373099725825e-05,1,3.4163558729223e-05,28,1,2,1,0
545,169.676070595689,170.001819311281,0.00191982708256254,0.499999170722658,13.1151811104595,0.145625,0.026875,0.005,4,444,0,0.00047629110255898,8.41167736803593e-05,0.00475836328647329,0.0952582205117959,1,310,28790.0430799073,1.78694585866608e-05,1,3.41635729175462e-05,25,1,2,1,0
546,169.679985918342,170.004984752774,0.00191536339818129,0.499998815254229,13.1099709554862,0.145625,0.026875,0.005,4,445,0,0.000491417470231878,6.84249265012224e-05,0.00387069836249643,0.0982834940463757,1,311,28791.3894197478,1.64757419764412e-05,1,3.41635436971666e-05,42,1,2,1,0
547,169.679273867196,170.009250384147,0.00194470726700937,0.499999331149153,13.1007392296706,0.145625,0.026875,0.005,4,446,0,0.00049943070315647,6.22989250151327e-05,0.00352415938710661,0.099886140631294,1,312,28792.5050500621,1.88616225652231e-05,1,3.41635526145136e-05,45,1,2,1,0
548,169.683881119364,170.008116699801,0.001910821336109,0.499999350929097,13.1133040631509,0.145625,0.026875,0.005,4,447,0,0.000380271450392087,8.62006527536485e-05,0.00487624528838493,0.0760542900784173,1,313,28790.6630635877,1.54472601688643e-05,1,4.78321555530848e-05,30,1,2,1,0
549,169.681968720869,170.005094396353,0.00190430178244874,0.499999222970137,13.1211677788259,0.145625,0.026875,0.005,4,448,0,0.000452452456773094,6.65674914171021e-05,0.00376562596700881,0.0904904913546189,1,314,28791.9399242232,6.96418263421159e-06,1,4.78320486572762e-05,32,1,2,1,0
550,169.680930665133,170.005584565683,0.00191331989562104,0.499999330070795,13.1211319845576,0.145625,0.026875,0.005,4,449,0,0.000517842493962022,7.91740328758e-05,0.00447875964322919,0.103568498792404,1,315,28790.8119169587,6.00795768932044e-06,1,4.78320423685814e-05,24,1,2,1,0
551,169.67757900754,170.003141484466,0.00191871241227431,0.499999230071287,13.121870518475,0.145625,0.026875,0.005,4,450,0,0.00042635632169796,6.92587893254372e-05,0.00391786876710297,0.085271264339592,1,316,28790.6794823789,-3.58785937929456e-06,1,4.60310610550222e-05,26,1,2,1,0
552,169.680456076531,170.001402434088,0.00189147509959524,0.499998711223248,13.1142252240443,0.145625,0.026875,0.005,4,451,0,0.000412297537982412,8.26055237305877e-05,0.00467287407946919,0.0824595075964823,1,317,28791.2126282564,1.05406121409125e-05,1,4.6030958333232e-05,31,1,2,1,0
553,169.679140354132,170.003343965236,0.00191068631316321,0.499999267951011,13.1024133016189,0.145625,0.026875,0.005,4,452,0,0.000509254173448343,6.06434859080701e-05,0.00343051360963098,0.101850834689669,1,318,28792.9780068756,2.06578354883804e-05,1,4.60309509375844e-05,36,1,2,1,0
554,169.683970988497,170.003951701222,0.00188574507574575,0.499999059713804,13.1017187181232,0.145625,0.026875,0.005,4,453,0,0.000491171042694657,9.3403888189317e-05,0.00528372181822849,0.0982342085389314,1,319,28791.8849331063,1.27483892879528e-05,1,4.65604528641182e-05,27,1,2,1,0
555,169.680120168571,169.998293314988,0.00187513508418992,0.499999237228474,13.1061019639845,0.145625,0.026875,0.005,4,454,0,0.000682435776497001,8.20585243639701e-05,0.00464193112255398,0.1364871552994,1,320,28791.5784063859,2.03389898571372e-05,1,3.76706355011887e-05,24,1,2,1,0
556,169.681727690729,170.002937723082,0.00189301486214158,0.499999137535013,13.1188648079082,0.145625,0.026875,0.005,4,455,0,0.000507143580198173,0.000111314926249122,0.00629692313584277,0.101428716039635,1,321,28790.0703923929,2.6947533151675e-05,1,3.7670596832328e-05,30,1,2,1,0
557,169.680787665304,169.998729957488,0.00187376718695762,0.499999267441831,13.119542014754,0.145625,0.026875,0.005,4,456,0,0.000423627082744786,6.00402740709279e-05,0.00339639079518816,0.0847254165489572,1,322,28791.2622965194,1.90391067249844e-05,1,3.76705632247589e-05,24,1,2,1,0
558,169.682256579507,170.000616468932,0.00187621202029358,0.499999182567155,13.1210978173851,0.145625,0.026875,0.005,4,457,0,0.000476263114900313,6.2353550496106e-05,0.00352724947094835,0.0952526229800625,1,323,28791.7147554486,1.39308263490878e-05,1,3.76705992908887e-05,28,1,2,1,0
559,169.680734776135,170.001297954236,0.00188921375502231,0.499999301175704,13.1089090967544,0.145625,0.026875,0.005,4,458,0,0.000760776720951028,0.000124577317164874,0.00704715725994476,0.152155344190206,1,324,28793.1554348577,1.89137525385027e-05,1,3.76706266855296e-05,23,1,2,1,0
560,169.680946236832,170.000841396263,0.00188527449030625,0.49999922041912,13.117371378984,0.145625,0.026875,0.005,4,459,0,0.00049769824764069,0.000102581817001018,0.00580290387422858,0.0995396495281379,1,325,28791.5050106103,2.26445218677614e-05,1,3.76706263398242e-05,27,1,2,1,0
561,169.683151712818,170.004590882902,0.0018943493613778,0.499999227216126,13.1162449613321,0.145625,0.026875,0.005,4,460,0,0.000406446106112507,5.83881972170361e-05,0.0033029352154739,0.0812892212225013,1,326,28791.6540206325,2.58542022988053e-05,1,2.84688621148198e-05,28,1,2,1,0
562,169.682770986153,170.008701202689,0.00192082092154721,0.499999231157074,13.1110399002257,0.145625,0.026875,0.005,4,461,0,0.000464003919715809,6.9798400019984e-05,0.00394839375760816,0.0928007839431618,1,327,28793.2159750661,2.3809483992845e-05,1,2.84688232756893e-05,43,1,2,1,0
563,169.684161741956,170.009439816398,0.00191696190795058,0.499999262830908,13.0979708216325,0.145625,0.026875,0.005,4,462,0,0.000859376080078164,9.74539160652523e-05,0.00551282599223396,0.171875216015633,1,328,28794.0629911399,2.54447032377212e-05,1,2.38185069005052e-05,45,1,2,1,0
564,169.685373480553,170.00856150724,0.00190463102421673,0.499998945791728,13.1133749171486,0.145625,0.026875,0.005,4,463,0,0.000698788427953135,0.000104462408667426,0.00590928620382537,0.139757685590627,1,329,28791.2862268054,2.49039667617015e-05,1,3.09597110725211e-05,30,1,2,1,0
565,169.68246063076,170.006526279808,0.00190983586543555,0.499998901314793,13.107388747806,0.145625,0.026875,0.005,4,464,0,0.000706824128502836,0.000114301054202428,0.00646584404186464,0.141364825700567,1,330,28792.0255734574,1.87486636261098e-05,1,2.73375636060853e-05,24,1,2,1,0
566,169.678967235009,170.0039522635,0.00191529353217564,0.499999289740339,13.1209664953123,0.145625,0.026875,0.005,4,465,0,0.000508028533346139,0.000120985042711727,0.00684394752988851,0.101605706669228,1,331,28790.0119050341,1.49691253496482e-05,1,3.77543844489523e-05,25,1,2,1,0
567,169.679954352648,170.006036285352,0.00192174693792215,0.499999235244667,13.1084066905479,0.145625,0.026875,0.005,4,466,0,0.000742309193544268,0.000121660706000584,0.00688216881735646,0.148461838708854,1,332,28792.6271558117,1.93473713646885e-05,1,3.77544029902189e-05,25,1,2,1,0
568,169.680363880953,170.007005498809,0.0019250407671501,0.499998973032576,13.114186179437,0.145625,0.026875,0.005,4,467,0,0.000379097894665775,0.000104925486354714,0.00593548183365721,0.075819578933155,1,333,28791.0768189755,2.84043995121723e-05,1,3.77544451029656e-05,28,1,2,1,0
569,169.684053776883,170.009731615887,0.00191931906242272,0.499999062128379,13.1067302579951,0.145625,0.026875,0.005,4,468,0,0.000418637006614349,6.42736508836871e-05,0.00363586675131775,0.0837274013228699,1,334,28793.5146143213,2.25357810092555e-05,1,3.77543712549034e-05,45,1,2,1,0
570,169.685647158243,170.010666246931,0.0019154188591157,0.499999142492402,13.0988818355056,0.145625,0.026875,0.005,4,469,0,0.000711359333199321,7.90204605009503e-05,0.00447007227781646,0.142271866639864,1,335,28793.8230003669,1.95614395277836e-05,1,3.93671459066408e-05,42,1,2,1,0
571,169.686156280035,170.01126155673,0.00191592103812339,0.499999073476436,13.1022562002178,0.145625,0.026875,0.005,4,470,0,0.000572624100322759,9.71679014617858e-05,0.0054966465629836,0.114524820064552,1,336,28791.8257160471,2.52050380554622e-05,1,4.2367505344723e-05,21,1,2,1,0
572,169.680015296633,170.007471440358,0.00192984508606975,0.499999216661447,13.1174008016231,0.145625,0.026875,0.005,4,471,0,0.000510143910236133,0.000144202048982897,0.0081572997357441,0.102028782047227,1,337,28790.6686573318,2.24165005329434e-05,1,4.23675741506059e-05,25,1,2,1,0
573,169.682268567993,170.013925103488,0.00195457391213635,0.499999184289304,13.1156094278988,0.145625,0.026875,0.005,4,472,0,0.000433883070896731,6.44527461931552e-05,0.00364599791194204,0.0867766141793462,1,338,28792.304580303,6.61098179978872e-06,1,4.23676214207581e-05,25,1,2,1,0
574,169.683436081521,170.010431734881,0.00192709236040519,0.499999270865457,13.1147728746206,0.145625,0.026875,0.005,4,473,0,0.000599502555875649,5.63198385533631e-05,0.00318593118051317,0.11990051117513,1,339,28792.2054524484,-3.26468242953477e-06,1,4.23676697952633e-05,25,1,2,1,0
575,169.683950166297,170.01207539769,0.00193374347468564,0.499998971542422,13.1127837732666,0.145625,0.026875,0.005,4,474,0,0.000613482412776815,8.31002492171525e-05,0.00470085997917925,0.122696482555363,1,340,28792.5299077415,2.0073813249066e-06,1,4.23676326033568e-05,24,1,2,1,0
576,169.6820917261,170.009730650826,0.00193089866698573,0.499999359050227,13.1061453081101,0.145625,0.026875,0.005,4,475,0,0.000325176563358301,4.77576128895892e-05,0.00270157855420085,0.0650353126716602,1,341,28793.4797783673,2.20593065936824e-06,1,3.65501253846309e-05,24,1,2,1,0
577,169.684694006912,170.012191198375,0.00193003378047294,0.499999228955018,13.1028351942881,0.145625,0.026875,0.005,4,476,0,0.000275925910434524,3.87686887997373e-05,0.00219308821984042,0.0551851820869047,1,342,28793.0906553294,1.44536457087012e-05,1,3.61908600933935e-05,30,1,2,1,0
578,169.685903174552,170.011983489603,0.00192167003239946,0.49999891968968,13.1034869666435,0.145625,0.026875,0.005,4,477,0,0.000570775618818897,6.61054048326095e-05,0.00373948640241761,0.114155123763779,1,343,28792.9369957621,1.1322999834374e-05,1,3.61907419490721e-05,29,1,2,1,0
579,169.685366124362,170.013383116622,0.00193308945698436,0.49999915597495,13.0982368841015,0.145625,0.026875,0.005,4,478,0,0.000577923581615565,0.00010490477147118,0.00593431002288772,0.115584716323113,1,344,28793.1813597126,1.99994206943437e-05,1,3.61907139589009e-05,24,1,2,1,0
580,169.682956414525,170.010811510025,0.0019321627960019,0.499999325039459,13.1035906133239,0.145625,0.026875,0.005,4,479,0,0.000481831560147277,7.78364067412272e-05,0.00440309208239328,0.0963663120294554,1,345,28791.6893151296,1.75944509180245e-05,1,3.61907713479993e-05,25,1,2,1,0
581,169.6847470965,170.009161257426,0.00191186400944925,0.499999175163685,13.098831217711,0.145625,0.026875,0.005,4,480,0,0.000490422867531378,5.88021404169633e-05,0.00332635137896947,0.0980845735062757,1,346,28793.3785309311,2.13298668711274e-06,1,3.46991689294545e-05,26,1,2,1,0
582,169.687058089562,170.008217734978,0.00189265845629062,0.499999363696704,13.0959609178123,0.145625,0.026875,0.005,4,481,0,0.000396180099884463,8.16965039767917e-05,0.00462145215689785,0.0792360199768926,1,347,28794.0034601459,6.92981378558891e-06,1,2.92682647056768e-05,26,1,2,1,0
583,169.684823764559,170.006925616321,0.00189823606269842,0.499999283204835,13.1028347200696,0.145625,0.026875,0.005,4,482,0,0.000433864460949194,9.7300872542608e-05,0.00550416854321968,0.0867728921898388,1,348,28792.8070298245,2.7359514227622e-05,1,2.92682206320176e-05,28,1,2,1,0
584,169.689333535735,170.00347719534,0.00185128701409371,0.499999212709315,13.0944445241897,0.145625,0.026875,0.005,4,483,0,0.000716224204816071,0.000107945401257162,0.00610631401814739,0.143244840963214,1,349,28794.6068782153,3.52120949114023e-05,1,4.26779367132227e-05,25,1,2,1,0
585,169.686978177219,170.002468081555,0.0018592464060893,0.499999345046612,13.1107153634584,0.145625,0.026875,0.005,4,484,0,0.000464004855726221,0.000144525668239413,0.00817560640540851,0.0928009711452441,1,350,28791.6481934692,4.03599391958041e-05,1,4.26778605550723e-05,25,1,2,1,0
586,169.686857351838,170.003053560449,0.00186341012819346,0.499999213696368,13.1053166735123,0.145625,0.026875,0.005,4,485,0,0.000475911048799153,9.2623594992891e-05,0.00523958176938797,0.0951822097598307,1,351,28795.3492864709,3.55458725054244e-05,1,3.7581922075491e-05,45,1,2,1,0
587,169.692281012713,170.008665892751,0.00186446241484926,0.499999316257595,13.0915688052402,0.145625,0.026875,0.005,4,486,0,0.000662702604926491,0.000171490758351331,0.00970098225128396,0.132540520985298,1,352,28796.7273139982,2.99941012418636e-05,1,5.49518731204016e-05,42,1,2,1,0
588,169.688995067193,170.011409515968,0.00190003157627961,0.499999246264158,13.0993700781586,0.145625,0.026875,0.005,4,487,0,0.00039309779247829,9.3942510703268e-05,0.00531419090879765,0.078619558495658,1,353,28793.2665577309,4.10148550761762e-05,1,5.4951772991722e-05,29,1,2,1,0
589,169.690180353283,170.009741608517,0.00188320416990712,0.499999184193891,13.0991914694868,0.145625,0.026875,0.005,4,488,0,0.000602099192296704,7.94677240520084e-05,0.00449537332501091,0.120419838459341,1,354,28794.6948715152,3.56985963988196e-05,1,5.49516170871693e-05,27,1,2,1,0
590,169.688814475177,170.009868011385,0.00189201354962773,0.499999162046357,13.0981793268252,0.145625,0.026875,0.005,4,489,0,0.000530796419349005,6.55427465948747e-05,0.00370765764598619,0.106159283869801,1,355,28794.2212186676,4.21126681128643e-05,1,4.43986369530704e-05,27,1,2,1,0
591,169.689301579926,170.010280424638,0.00189156795227256,0.499998610300825,13.0958319804343,0.145625,0.026875,0.005,4,490,0,0.000696835420819769,9.61812274848138e-05,0.00544083185418862,0.139367084163954,1,356,28793.627093684,5.83172222648104e-05,1,4.39467012157824e-05,24,1,2,1,0
592,169.685598432215,170.005421477141,0.00188479781360955,0.499999205583148,13.0978236796155,0.145625,0.026875,0.005,4,491,0,0.000592788629919769,7.97121553118779e-05,0.00450920044512193,0.118557725983954,1,357,28793.936991928,5.37870821959424e-05,1,4.39467390186946e-05,26,1,2,1,0
593,169.687606653781,170.0108457655,0.00190490701173165,0.499999145137194,13.0917084541882,0.145625,0.026875,0.005,4,492,0,0.000631673975626131,9.48210268458687e-05,0.00536388728654283,0.126334795125226,1,358,28793.9793850556,4.19735699635099e-05,1,3.93814358058311e-05,27,1,2,1,0
594,169.687055898533,170.008688071906,0.00189544318315444,0.499999318014426,13.0881983052956,0.145625,0.026875,0.005,4,493,0,0.000466769918353995,7.37373104808645e-05,0.00417121218139817,0.093353983670799,1,359,28794.7857872543,4.43001293452763e-05,1,3.93814886654496e-05,42,1,2,1,0
595,169.69123888849,170.012298760409,0.00189202385474908,0.499999286070629,13.0977773344126,0.145625,0.026875,0.005,4,494,0,0.000429584262251118,9.52751234521514e-05,0.00538957486971214,0.0859168524502236,1,360,28793.7901208788,3.65808574443164e-05,1,3.93813897825772e-05,28,1,2,1,0
596,169.692182857537,170.012191463402,0.00188581819431053,0.499998998888499,13.0984764275316,0.145625,0.026875,0.005,4,495,0,0.000642126901205688,7.152241007606e-05,0.00404591849372697,0.128425380241138,1,361,28794.8836643947,4.70822477183157e-05,1,3.93812661885826e-05,34,1,2,1,0
597,169.689069783189,170.014448980084,0.00191750239016822,0.499999063802725,13.0916285702501,0.145625,0.026875,0.005,4,496,0,0.000460297212026564,5.90271917219149e-05,0.00333908220327716,0.0920594424053129,1,362,28795.547137228,3.89719557385655e-05,1,3.88028991306888e-05,27,1,2,1,0
598,169.691349385821,170.013755941766,0.0018999587021489,0.499999263158991,13.0910838273724,0.145625,0.026875,0.005,4,497,0,0.000507655359673219,6.16920565470105e-05,0.00348982972237881,0.101531071934644,1,363,28794.8590806357,2.22426420251703e-05,1,3.88028452944006e-05,26,1,2,1,0
599,169.692005901532,170.010060005589,0.00187430222400358,0.499999242442918,13.0887063102019,0.145625,0.026875,0.005,4,498,0,0.000728288203822856,9.54742497398902e-05,0.00540083915358194,0.145657640764571,1,364,28795.3182250562,2.66288622958743e-05,1,3.88028035496263e-05,26,1,2,1,0
600,169.689264792042,170.005216762605,0.00186194436607842,0.49999925573917,13.0988463889181,0.145625,0.026875,0.005,4,499,0,0.000528306486971143,0.000117762884494633,0.00666167473585948,0.105661297394228,1,365,28793.9282847531,2.3537231337967e-05,1,3.88027932522537e-05,25,1,2,1,0
