{
  "study": "S1 scaling study mode diagnostic: scaling_240x30_s1",
  "scope": "Postprocessing-only mode diagnosis; no optimisation rerun",
  "created_utc": "2026-06-29T10:35:48Z",
  "mesh": {
    "nelx": 240,
    "nely": 30,
    "L": 8,
    "H": 1,
    "hx": 0.033333333333333333,
    "hy": 0.033333333333333333
  },
  "material": {
    "E0": 1.0E+7,
    "Emin": 10,
    "nu": 0.3,
    "rho0": 1,
    "rho_min": 1E-6,
    "penal": 3,
    "mass_interpolation_mode": "power",
    "pmass": 1
  },
  "thresholds": {
    "low_density": 0.05,
    "solid_component": 0.5
  },
  "components": {
    "count": 85,
    "largest_support_id": 0,
    "support_connected_count": 0
  },
  "reference": {
    "saved_final_tracked_mac": 0.077200764956119758,
    "saved_final_tracked_omega": 15.724556214624341,
    "saved_final_omega_1": 15.724556214624341
  },
  "modes": [
    {
      "mode": 1,
      "omega_rad_s": 15.724556214624343,
      "frequency_hz": 2.5026408494838464,
      "mac_to_solid_reference_mode_1": 0.077200764956119744,
      "modal_mass": 1.0000000000000004,
      "modal_mass_residual": 4.4408920985006262E-16,
      "stiffness_rayleigh": 247.26166809942961,
      "eigen_residual_relative": 1.7311036828342682E-8,
      "kinetic_energy_total": 123.63083407344035,
      "strain_energy_total": 123.63083464972358,
      "low_density_kinetic_fraction": 0.00658248496212952,
      "low_density_strain_fraction": 0.99825424345299441,
      "low_density_displacement_fraction": 0.88810061451068978,
      "kinetic_localization_index": 0.015035742624007675,
      "strain_localization_index": 0.0021935066911938036,
      "kinetic_effective_element_fraction": 0.009237248359593761,
      "strain_effective_element_fraction": 0.063318197043337673,
      "kinetic_top_1pct_fraction": 0.8907229490479307,
      "strain_top_1pct_fraction": 0.29959616161295383,
      "kinetic_top_5pct_fraction": 0.999983794443018,
      "strain_top_5pct_fraction": 0.62996886554135678,
      "dominant_solid_component_id": 23,
      "dominant_solid_component_kinetic_fraction": 0.079544180613195,
      "dominant_solid_component_strain_fraction": 1.658701877659437E-5,
      "dominant_component_touches_left_support": false,
      "dominant_component_touches_right_support": false,
      "dominant_component_touches_both_supports": false,
      "largest_support_component_kinetic_fraction": null,
      "largest_support_component_strain_fraction": null,
      "classification": "localized low-density mode",
      "classification_reason": "low-density energy fractions: kinetic 0.007, strain 0.998"
    },
    {
      "mode": 2,
      "omega_rad_s": 27.227574489044965,
      "frequency_hz": 4.3334030683342926,
      "mac_to_solid_reference_mode_1": 0.00066916064573463321,
      "modal_mass": 1.0000000000000002,
      "modal_mass_residual": 2.2204460492503131E-16,
      "stiffness_rayleigh": 741.34081264427346,
      "eigen_residual_relative": 7.4755207137046536E-9,
      "kinetic_energy_total": 370.670406278246,
      "strain_energy_total": 370.67040688773687,
      "low_density_kinetic_fraction": 0.0064164911282855444,
      "low_density_strain_fraction": 0.99968244232556758,
      "low_density_displacement_fraction": 0.88458002836646443,
      "kinetic_localization_index": 0.014542848030617943,
      "strain_localization_index": 0.0033323279717845681,
      "kinetic_effective_element_fraction": 0.0095503225088014159,
      "strain_effective_element_fraction": 0.041679237477489181,
      "kinetic_top_1pct_fraction": 0.86932118893624521,
      "strain_top_1pct_fraction": 0.35803813561704062,
      "kinetic_top_5pct_fraction": 0.99998935588069815,
      "strain_top_5pct_fraction": 0.674534098462147,
      "dominant_solid_component_id": 23,
      "dominant_solid_component_kinetic_fraction": 0.073026316885505066,
      "dominant_solid_component_strain_fraction": 7.71394889458402E-7,
      "dominant_component_touches_left_support": false,
      "dominant_component_touches_right_support": false,
      "dominant_component_touches_both_supports": false,
      "largest_support_component_kinetic_fraction": null,
      "largest_support_component_strain_fraction": null,
      "classification": "localized low-density mode",
      "classification_reason": "low-density energy fractions: kinetic 0.006, strain 1.000"
    },
    {
      "mode": 3,
      "omega_rad_s": 30.569776773550959,
      "frequency_hz": 4.8653310827264473,
      "mac_to_solid_reference_mode_1": 4.9660169152368177E-6,
      "modal_mass": 0.99999999999999978,
      "modal_mass_residual": 2.2204460492503131E-16,
      "stiffness_rayleigh": 934.51125239560918,
      "eigen_residual_relative": 5.4745368277712166E-9,
      "kinetic_energy_total": 467.2556259923677,
      "strain_energy_total": 467.25562658512888,
      "low_density_kinetic_fraction": 0.0033014046789575312,
      "low_density_strain_fraction": 0.99815483490583867,
      "low_density_displacement_fraction": 0.87129581358887487,
      "kinetic_localization_index": 0.015111471880166828,
      "strain_localization_index": 0.0023176143063433656,
      "kinetic_effective_element_fraction": 0.0091909570417938388,
      "strain_effective_element_fraction": 0.059927524829626183,
      "kinetic_top_1pct_fraction": 0.91087240953092807,
      "strain_top_1pct_fraction": 0.31044481697359938,
      "kinetic_top_5pct_fraction": 0.99997451912347268,
      "strain_top_5pct_fraction": 0.63544653193606826,
      "dominant_solid_component_id": 23,
      "dominant_solid_component_kinetic_fraction": 0.21712089961508971,
      "dominant_solid_component_strain_fraction": 1.8613216890921191E-5,
      "dominant_component_touches_left_support": false,
      "dominant_component_touches_right_support": false,
      "dominant_component_touches_both_supports": false,
      "largest_support_component_kinetic_fraction": null,
      "largest_support_component_strain_fraction": null,
      "classification": "localized low-density mode",
      "classification_reason": "low-density energy fractions: kinetic 0.003, strain 0.998"
    },
    {
      "mode": 4,
      "omega_rad_s": 36.9457860152655,
      "frequency_hz": 5.8801044707449233,
      "mac_to_solid_reference_mode_1": 0.00025409539724708849,
      "modal_mass": 1,
      "modal_mass_residual": 0,
      "stiffness_rayleigh": 1364.9911042800616,
      "eigen_residual_relative": 3.6931287218246778E-9,
      "kinetic_energy_total": 682.49555214289364,
      "strain_energy_total": 682.49555264897549,
      "low_density_kinetic_fraction": 0.0055477656643940845,
      "low_density_strain_fraction": 0.999756276464669,
      "low_density_displacement_fraction": 0.88363314834714046,
      "kinetic_localization_index": 0.017622682871051776,
      "strain_localization_index": 0.0014290319205284925,
      "kinetic_effective_element_fraction": 0.0078812567816809141,
      "strain_effective_element_fraction": 0.097190893284961916,
      "kinetic_top_1pct_fraction": 0.91159216545201072,
      "strain_top_1pct_fraction": 0.19644021010751297,
      "kinetic_top_5pct_fraction": 0.99999086460190445,
      "strain_top_5pct_fraction": 0.63298526579020731,
      "dominant_solid_component_id": 38,
      "dominant_solid_component_kinetic_fraction": 0.086732969645805763,
      "dominant_solid_component_strain_fraction": 1.5010027140864562E-6,
      "dominant_component_touches_left_support": false,
      "dominant_component_touches_right_support": false,
      "dominant_component_touches_both_supports": false,
      "largest_support_component_kinetic_fraction": null,
      "largest_support_component_strain_fraction": null,
      "classification": "localized low-density mode",
      "classification_reason": "low-density energy fractions: kinetic 0.006, strain 1.000"
    },
    {
      "mode": 5,
      "omega_rad_s": 39.937812210795308,
      "frequency_hz": 6.35630022962393,
      "mac_to_solid_reference_mode_1": 0.0039040038189658739,
      "modal_mass": 1,
      "modal_mass_residual": 0,