k,volume_pass_double,volume_pass_single,required_connected_double,required_connected_single,topology_pass_double,topology_pass_single,hard_gate_pass_double,hard_gate_pass_single,binary_differing_elements,binary_difference_explained,max_detached_area_double,max_detached_area_single,n_islands_significant_double,n_islands_significant_single,aggregate_detached_area_double,aggregate_detached_area_single,n_islands_all_double,n_islands_all_single,cutoff_gap_double,cutoff_gap_single,single_cutoff_tie_group_size,single_tie_straddles_cutoff,n_solid_double,n_solid_single
1,1,1,0,0,0,0,0,0,0,1,1.94444444444444,1.94444444444444,4,4,4,4,4,4,0.00999999999999995,0.00999999046325684,576,0,576,576
2,1,1,0,0,0,0,0,0,0,1,1.94444444444444,1.94444444444444,4,4,4,4,4,4,0,0,16,1,576,576
3,1,1,0,0,0,0,0,0,0,1,1.94444444444444,1.94444444444444,4,4,4,4,4,4,0.00999999999863577,0.00999999046325684,12,0,576,576
4,1,1,0,0,0,0,0,0,0,1,1.94444444444444,1.94444444444444,4,4,4,4,4,4,0,0,8,1,576,576
5,1,1,0,0,0,0,0,0,0,1,1.94444444444444,1.94444444444444,4,4,4,4,4,4,0.01,0.00999999046325684,4,0,576,576
6,1,1,0,0,0,0,0,0,0,1,1.94444444444444,1.94444444444444,4,4,4,4,4,4,0.02,0.0199999809265137,12,0,576,576
7,1,1,0,0,0,0,0,0,0,1,1.94444444444444,1.94444444444444,4,4,4,4,4,4,0.01,0.00999999046325684,8,0,576,576
8,1,1,0,0,0,0,0,0,2,1,1.95138888888889,1.94444444444444,4,4,4,4,4,4,0,0,16,1,576,576
9,1,1,0,0,0,0,0,0,2,1,1.95138888888889,1.94444444444444,4,4,4,4,4,4,0,0,16,1,576,576
10,1,1,0,0,0,0,0,0,0,1,1.94444444444444,1.94444444444444,4,4,4,4,4,4,0.0099999999974989,0.00999999046325684,8,0,576,576
11,1,1,0,0,0,0,0,0,0,1,1.94444444444444,1.94444444444444,4,4,4,4,4,4,0.0099999999974989,0.00999999046325684,4,0,576,576
12,1,1,0,0,0,0,0,0,2,1,1.9375,1.9375,4,4,4,4,6,6,0,0,16,1,576,576
13,1,1,0,0,0,0,0,0,4,1,1.94444444444444,1.9375,4,4,4,4,6,6,0,0,16,1,576,576
14,1,1,0,0,0,0,0,0,2,1,1.9375,1.9375,4,4,4,4,6,6,0,0,16,1,576,576
15,1,1,0,0,0,0,0,0,0,1,1.93055555555556,1.93055555555556,4,4,4,4,8,8,0.00999999999886314,0.00999999046325684,16,0,576,576
16,1,1,0,0,0,0,0,0,0,1,1.93055555555556,1.93055555555556,4,4,4,4,8,8,0.00999999999943152,0.00999999046325684,4,0,576,576
17,1,1,0,0,0,0,0,0,0,1,1.92361111111111,1.92361111111111,6,6,4,4,8,8,0,0,20,1,576,576
18,1,1,0,0,0,0,0,0,6,1,1.9375,1.92361111111111,6,6,4,4,8,8,0,0,32,1,576,576
19,1,1,0,0,0,0,0,0,2,1,1.90972222222222,1.90277777777778,6,6,4,4,7,8,0,0,32,1,576,576
20,1,1,0,0,0,0,0,0,4,1,1.91666666666667,1.90972222222222,6,6,4,4,6,6,0,0,36,1,576,576
21,1,1,0,0,0,0,0,0,4,1,3.90277777777778,3.90277777777778,2,2,4,4,2,2,0,0,24,1,576,576
22,1,1,1,1,1,1,1,1,0,1,0,0,0,0,0,0,0,0,0.00999999999761259,0.00999999046325684,16,0,576,576
23,1,1,1,1,1,1,1,1,0,1,0,0,0,0,0,0,0,0,0,0,20,1,576,576
24,1,1,1,1,1,1,1,1,0,1,0,0,0,0,0,0,0,0,0,0,16,1,576,576
25,1,1,1,1,1,1,1,1,2,1,0,0,0,0,0,0,0,0,0,0,16,1,576,576
26,1,1,1,1,1,1,1,1,0,1,0,0,0,0,0,0,0,0,0.00999999999909051,0.0100000202655792,20,0,576,576
27,1,1,1,1,1,1,1,1,0,1,0,0,0,0,0,0,0,0,0.01,0.0100000202655792,16,0,576,576
28,1,1,1,1,1,1,1,1,0,1,0,0,0,0,0,0,0,0,0.01,0.00999999046325684,16,0,576,576
29,1,1,1,1,1,1,1,1,0,1,0,0,0,0,0,0,0,0,0.01,0.00999999046325684,16,0,576,576
30,1,1,1,1,1,1,1,1,0,1,0,0,0,0,0,0,0,0,0.01,0.00999999046325684,16,0,576,576
31,1,1,1,1,1,1,1,1,2,1,0,0,0,0,0,0,0,0,0,0,20,1,576,576
32,1,1,1,1,1,1,1,1,2,1,0,0,0,0,0,0,0,0,0,0,20,1,576,576
33,1,1,1,1,1,1,1,1,0,1,0,0,0,0,0,0,0,0,0,0,16,1,576,576
34,1,1,1,1,1,1,1,1,2,1,0,0,0,0,0,0,0,0,0,0,20,1,576,576
35,1,1,1,1,1,1,1,1,2,1,0.00694444444444444,0.00694444444444444,0,0,0.0138888888888889,0.0138888888888889,2,2,0,0,28,1,576,576
36,1,1,1,1,0,0,0,0,2,1,0.0138888888888889,0.0138888888888889,1,1,0.0277777777777778,0.0277777777777778,3,3,0,0,32,1,576,576
37,1,1,1,1,1,1,1,1,0,1,0.00694444444444444,0.00694444444444444,0,0,0.0277777777777778,0.0277777777777778,4,4,0.00999999999977258,0.00999999046325684,28,0,576,576
38,1,1,1,1,0,0,0,0,0,1,0.0555555555555556,0.0555555555555556,1,1,0.0555555555555556,0.0555555555555556,1,1,0,0,32,1,576,576
39,1,1,1,1,0,0,0,0,0,1,0.0555555555555556,0.0555555555555556,2,2,0.0833333333333333,0.0833333333333333,4,4,0,0,28,1,576,576
40,1,1,1,1,0,0,0,0,2,1,0.0625,0.0555555555555556,2,2,0.104166666666667,0.0972222222222222,4,4,0,0,32,1,576,576
41,1,1,1,1,1,0,1,0,6,1,0,0.0138888888888889,0,1,0,0.0138888888888889,0,1,0,0,24,1,576,576
42,1,1,1,1,0,0,0,0,2,1,0.0763888888888889,0.0694444444444444,2,2,0.131944444444444,0.125,2,2,0,0,16,1,576,576
43,1,1,1,1,0,0,0,0,2,1,0.0763888888888889,0.0694444444444444,2,2,0.131944444444444,0.125,2,2,0,0,28,1,576,576
44,1,1,1,1,0,0,0,0,0,1,0.0555555555555556,0.0555555555555556,1,1,0.0555555555555556,0.0555555555555556,1,1,0,0,12,1,576,576
45,1,1,1,1,1,0,1,0,2,1,0,0.0277777777777778,0,1,0,0.0277777777777778,0,1,0,0,24,1,576,576
46,1,1,1,1,1,1,1,1,0,1,0,0,0,0,0,0,0,0,0,0,12,1,576,576
47,1,1,1,1,1,1,1,1,0,1,0,0,0,0,0,0,0,0,0.00999999999965895,0.00999999046325684,8,0,576,576
48,1,1,1,1,1,0,1,0,2,1,0,0.0694444444444444,0,1,0,0.0694444444444444,0,1,0,0,20,1,576,576
49,1,1,1,1,0,0,0,0,4,1,0.0833333333333333,0.0833333333333333,2,2,0.166666666666667,0.166666666666667,2,2,0,0,24,1,576,576
50,1,1,1,1,0,0,0,0,0,1,0.0555555555555556,0.0555555555555556,1,1,0.0555555555555556,0.0555555555555556,1,1,0,0,28,1,576,576
51,1,1,1,1,0,0,0,0,0,1,0.0555555555555556,0.0555555555555556,1,1,0.0555555555555556,0.0555555555555556,1,1,0,0,20,1,576,576
52,1,1,1,1,1,1,1,1,2,1,0,0,0,0,0,0,0,0,0,0,20,1,576,576
53,1,1,1,1,1,1,1,1,2,1,0,0,0,0,0,0,0,0,0,0,28,1,576,576
54,1,1,1,1,0,0,0,0,2,1,0.0763888888888889,0.0694444444444444,1,1,0.0763888888888889,0.0694444444444444,1,1,0,0,16,1,576,576
55,1,1,1,1,1,1,1,1,0,1,0,0,0,0,0,0,0,0,0.00999999999886314,0.00999999046325684,20,0,576,576
56,1,1,1,1,1,1,1,1,4,1,0,0,0,0,0,0,0,0,0,0,16,1,576,576
57,1,1,1,1,1,1,1,1,2,1,0.00694444444444444,0,0,0,0.00694444444444444,0,1,0,0,0,24,1,576,576
58,1,1,1,1,1,1,1,1,4,1,0,0,0,0,0,0,0,0,0,0,16,1,576,576
59,1,1,1,1,0,0,0,0,2,1,0.0138888888888889,0.0138888888888889,1,2,0.0208333333333333,0.0277777777777778,2,2,0,0,24,1,576,576
60,1,1,1,1,1,1,1,1,2,1,0,0,0,0,0,0,0,0,0,0,16,1,576,576
61,1,1,1,1,1,1,1,1,0,1,0,0,0,0,0,0,0,0,0.00999999999965895,0.00999999046325684,16,0,576,576
62,1,1,1,1,1,1,1,1,0,1,0,0,0,0,0,0,0,0,0.00999999999965895,0.00999999046325684,8,0,576,576
63,1,1,1,1,0,0,0,0,0,1,0.0138888888888889,0.0138888888888889,1,1,0.0277777777777778,0.0277777777777778,3,3,0,0,40,1,576,576
64,1,1,1,1,0,0,0,0,2,1,0.0138888888888889,0.0138888888888889,1,1,0.0277777777777778,0.0277777777777778,3,3,0,0,20,1,576,576
65,1,1,1,1,0,0,0,0,0,1,0.0138888888888889,0.0138888888888889,1,1,0.0277777777777778,0.0277777777777778,3,3,0,0,16,1,576,576
66,1,1,1,1,0,0,0,0,2,1,0.0138888888888889,0.0138888888888889,1,1,0.0277777777777778,0.0277777777777778,3,3,0,0,32,1,576,576
67,1,1,1,1,0,0,0,0,4,1,0.0208333333333333,0.0277777777777778,6,6,0.0902777777777778,0.0972222222222222,6,6,0,0,28,1,576,576
68,1,1,1,1,0,0,0,0,2,1,0.0277777777777778,0.0277777777777778,6,6,0.111111111111111,0.111111111111111,6,6,0,0,16,1,576,576
69,1,1,1,1,0,0,0,0,0,1,0.0277777777777778,0.0277777777777778,6,6,0.111111111111111,0.111111111111111,6,6,0.00999999999852202,0.0100000202655792,20,0,576,576
70,1,1,1,1,0,0,0,0,6,1,0.0277777777777778,0.0277777777777778,3,3,0.0763888888888889,0.0833333333333333,4,5,0,0,32,1,576,576
71,1,1,1,1,0,0,0,0,4,1,0.0277777777777778,0.0277777777777778,6,5,0.118055555555556,0.111111111111111,7,7,0,0,28,1,576,576
72,1,1,1,1,0,0,0,0,0,1,0.0277777777777778,0.0277777777777778,2,2,0.0694444444444444,0.0694444444444444,6,6,0,0,24,1,576,576
73,1,1,1,1,0,0,0,0,0,1,0.0277777777777778,0.0277777777777778,2,2,0.0555555555555556,0.0555555555555556,4,4,0,0,28,1,576,576
74,1,1,1,1,0,0,0,0,0,1,0.0277777777777778,0.0277777777777778,2,2,0.0833333333333333,0.0833333333333333,6,6,0.01,0.00999999046325684,28,0,576,576
75,1,1,1,1,0,0,0,0,2,1,0.0277777777777778,0.0277777777777778,2,2,0.0694444444444444,0.0694444444444444,4,4,0,0,16,1,576,576
76,1,1,1,1,0,0,0,0,0,1,0.0277777777777778,0.0277777777777778,2,2,0.0833333333333333,0.0833333333333333,6,6,0.00999999999977264,0.00999999046325684,16,0,576,576
77,1,1,1,1,0,0,0,0,2,1,0.0277777777777778,0.0277777777777778,4,4,0.0902777777777778,0.0833333333333333,5,4,0,0,16,1,576,576
78,1,1,1,1,0,0,0,0,2,1,0.0277777777777778,0.0277777777777778,4,4,0.0902777777777778,0.0833333333333333,5,4,0,0,16,1,576,576
79,1,1,1,1,0,0,0,0,0,1,0.0277777777777778,0.0277777777777778,2,2,0.0833333333333333,0.0833333333333333,6,6,0.01,0.00999999046325684,16,0,576,576
80,1,1,1,1,0,0,0,0,0,1,0.0277777777777778,0.0277777777777778,2,2,0.0833333333333333,0.0833333333333333,6,6,0.01,0.00999999046325684,24,0,576,576
81,1,1,1,1,0,0,0,0,4,1,0.0277777777777778,0.0277777777777778,2,3,0.0763888888888889,0.0972222222222222,5,5,0,0,28,1,576,576
82,1,1,1,1,0,0,0,0,2,1,0.0277777777777778,0.0277777777777778,2,2,0.0763888888888889,0.0694444444444444,5,4,0,0,20,1,576,576
83,1,1,1,1,0,0,0,0,0,1,0.0277777777777778,0.0277777777777778,4,4,0.138888888888889,0.138888888888889,8,8,0.00999999999977258,0.0100000202655792,28,0,576,576
84,1,1,1,1,0,0,0,0,2,1,0.0277777777777778,0.0277777777777778,3,4,0.0902777777777778,0.111111111111111,5,6,0,0,16,1,576,576
85,1,1,1,1,0,0,0,0,2,1,0.0277777777777778,0.0277777777777778,3,4,0.0902777777777778,0.111111111111111,5,6,0,0,16,1,576,576
86,1,1,1,1,0,0,0,0,2,1,0.0277777777777778,0.0277777777777778,2,3,0.0694444444444444,0.0833333333333333,4,5,0,0,20,1,576,576
87,1,1,1,1,0,0,0,0,2,1,0.0277777777777778,0.0277777777777778,2,2,0.0694444444444444,0.0694444444444444,4,4,0,0,24,1,576,576
88,1,1,1,1,0,0,0,0,0,1,0.0277777777777778,0.0277777777777778,2,2,0.0555555555555556,0.0555555555555556,2,2,0.00999999999693046,0.00999999046325684,40,0,576,576
89,1,1,1,1,0,0,0,0,2,1,0.0277777777777778,0.0277777777777778,2,2,0.0555555555555556,0.0555555555555556,2,2,0,0,24,1,576,576
90,1,1,1,1,0,0,0,0,4,1,0.0277777777777778,0.0277777777777778,2,2,0.0972222222222222,0.0833333333333333,8,6,0,0,32,1,576,576
91,1,1,1,1,0,0,0,0,4,1,0.0277777777777778,0.0277777777777778,2,2,0.0972222222222222,0.0972222222222222,8,8,0,0,40,1,576,576
92,1,1,1,1,0,0,0,0,2,1,0.0277777777777778,0.0277777777777778,2,2,0.111111111111111,0.111111111111111,10,10,0,0,32,1,576,576
93,1,1,1,1,0,0,0,0,2,1,0.0277777777777778,0.0277777777777778,2,2,0.111111111111111,0.111111111111111,10,10,0,0,32,1,576,576
94,1,1,1,1,0,0,0,0,0,1,0.0277777777777778,0.0277777777777778,2,2,0.0972222222222222,0.0972222222222222,8,8,0,0,32,1,576,576
95,1,1,1,1,0,0,0,0,4,1,0.0277777777777778,0.0277777777777778,2,2,0.0833333333333333,0.0972222222222222,6,8,0,0,36,1,576,576
96,1,1,1,1,0,0,0,0,4,1,0.0277777777777778,0.0277777777777778,2,2,0.0833333333333333,0.0833333333333333,6,6,0,0,40,1,576,576
97,1,1,1,1,0,0,0,0,2,1,0.0277777777777778,0.0277777777777778,2,2,0.0833333333333333,0.0833333333333333,6,6,0,0,32,1,576,576
98,1,1,1,1,0,0,0,0,0,1,0.0277777777777778,0.0277777777777778,2,2,0.0833333333333333,0.0833333333333333,6,6,0.00788933011973098,0.00788933038711548,1,0,576,576
99,1,1,1,1,1,0,1,0,2,1,0.00694444444444444,0.0277777777777778,0,1,0.0277777777777778,0.0555555555555556,4,5,0,0,18,1,576,576
100,1,1,1,1,1,1,1,1,2,1,0.00694444444444444,0.00694444444444444,0,0,0.0277777777777778,0.0277777777777778,4,4,0,0,12,1,576,576
101,1,1,1,1,1,1,1,1,0,1,0.00694444444444444,0.00694444444444444,0,0,0.0277777777777778,0.0277777777777778,4,4,0.00788933011973098,0.00788933038711548,1,0,576,576
102,1,1,1,1,1,1,1,1,2,1,0.00694444444444444,0.00694444444444444,0,0,0.0277777777777778,0.0277777777777778,4,4,0,0,7,1,576,576
103,1,1,1,1,1,1,1,1,2,1,0.00694444444444444,0.00694444444444444,0,0,0.0277777777777778,0.0277777777777778,4,4,0,0,15,1,576,576
104,1,1,1,1,1,1,1,1,2,1,0.00694444444444444,0.00694444444444444,0,0,0.0277777777777778,0.0277777777777778,4,4,0,0,14,1,576,576
105,1,1,1,1,1,1,1,1,4,1,0.00694444444444444,0.00694444444444444,0,0,0.0138888888888889,0.0138888888888889,2,2,0,0,20,1,576,576
106,1,1,1,1,1,1,1,1,2,1,0.00694444444444444,0,0,0,0.00694444444444444,0,1,0,0,0,17,1,576,576
107,1,1,1,1,1,1,1,1,2,1,0,0,0,0,0,0,0,0,0,0,18,1,576,576
108,1,1,1,1,1,1,1,1,0,1,0,0,0,0,0,0,0,0,0,0,11,1,576,576
109,1,1,1,1,1,1,1,1,0,1,0,0,0,0,0,0,0,0,0,0,7,1,576,576
110,1,1,1,1,1,1,1,1,0,1,0,0,0,0,0,0,0,0,0,0,11,1,576,576
111,1,1,1,1,1,1,1,1,0,1,0,0,0,0,0,0,0,0,0,0,13,1,576,576
112,1,1,1,1,1,1,1,1,0,1,0,0,0,0,0,0,0,0,0,0,11,1,576,576
113,1,1,1,1,1,1,1,1,0,1,0,0,0,0,0,0,0,0,0.00350719699172236,0.00350719690322876,1,0,576,576
114,1,1,1,1,1,1,1,1,0,1,0,0,0,0,0,0,0,0,0,0,8,1,576,576
115,1,1,1,1,1,1,1,1,0,1,0,0,0,0,0,0,0,0,0.00649280300827765,0.00649282336235046,13,0,576,576
116,1,1,1,1,0,0,0,0,0,1,0.0277777777777778,0.0277777777777778,1,1,0.0277777777777778,0.0277777777777778,1,1,0,0,11,1,576,576
117,1,1,1,1,0,0,0,0,0,1,0.0416666666666667,0.0416666666666667,2,2,0.0694444444444444,0.0694444444444444,2,2,0,0,14,1,576,576
118,1,1,1,1,0,0,0,0,0,1,0.0416666666666667,0.0416666666666667,2,2,0.0763888888888889,0.0763888888888889,2,2,0,0,4,1,576,576
119,1,1,1,1,0,0,0,0,0,1,0.0416666666666667,0.0416666666666667,2,2,0.0694444444444444,0.0694444444444444,2,2,0,0,6,1,576,576
120,1,1,1,1,0,0,0,0,0,1,0.0347222222222222,0.0347222222222222,2,2,0.0625,0.0625,2,2,0.0029587488594181,0.002958744764328,1,0,576,576
121,1,1,1,1,0,0,0,0,0,1,0.0347222222222222,0.0347222222222222,2,2,0.0625,0.0625,2,2,0.0029587488594181,0.002958744764328,1,0,576,576
122,1,1,1,1,0,0,0,0,0,1,0.0277777777777778,0.0277777777777778,2,2,0.0555555555555556,0.0555555555555556,2,2,0.00197276045257494,0.00197276473045349,1,0,576,576
123,1,1,1,1,0,0,0,0,0,1,0.0416666666666667,0.0416666666666667,2,2,0.0833333333333333,0.0833333333333333,3,3,0,0,14,1,576,576
124,1,1,1,1,0,0,0,0,2,1,0.0347222222222222,0.0347222222222222,2,2,0.0902777777777778,0.0833333333333333,6,5,1.36424205265939e-12,0,12,1,576,576
125,1,1,1,1,0,0,0,0,2,1,0.0416666666666667,0.0416666666666667,2,2,0.104166666666667,0.0972222222222222,6,5,0,0,8,1,576,576
126,1,1,1,1,0,0,0,0,0,1,0.0347222222222222,0.0347222222222222,2,2,0.0902777777777778,0.0902777777777778,6,6,0.000926459663069368,0.000926464796066284,1,0,576,576
127,1,1,1,1,0,0,0,0,0,1,0.0416666666666667,0.0416666666666667,2,2,0.104166666666667,0.104166666666667,6,6,0,0,10,1,576,576
128,1,1,1,1,0,0,0,0,0,1,0.0416666666666667,0.0416666666666667,2,2,0.0972222222222222,0.0972222222222222,6,6,0.00528602336868839,0.00528603792190552,1,0,576,576
129,1,1,1,1,0,0,0,0,0,1,0.0416666666666667,0.0416666666666667,2,2,0.111111111111111,0.111111111111111,6,6,0,0,8,1,576,576
130,1,1,1,1,0,0,0,0,0,1,0.0416666666666667,0.0416666666666667,2,2,0.111111111111111,0.111111111111111,6,6,0,0,7,1,576,576
131,1,1,1,1,0,0,0,0,0,1,0.0416666666666667,0.0416666666666667,2,2,0.111111111111111,0.111111111111111,6,6,0,0,6,1,576,576
132,1,1,1,1,0,0,0,0,0,1,0.0416666666666667,0.0416666666666667,2,2,0.118055555555556,0.118055555555556,7,7,0,0,6,1,576,576
133,1,1,1,1,0,0,0,0,0,1,0.0416666666666667,0.0416666666666667,2,2,0.118055555555556,0.118055555555556,7,7,0,0,7,1,576,576
134,1,1,1,1,0,0,0,0,0,1,0.0416666666666667,0.0416666666666667,2,2,0.118055555555556,0.118055555555556,7,7,0.000436234582408546,0.000436216592788696,4,0,576,576
135,1,1,1,1,0,0,0,0,0,1,0.0416666666666667,0.0416666666666667,2,2,0.125,0.125,8,8,0,0,4,1,576,576
136,1,1,1,1,0,0,0,0,0,1,0.0416666666666667,0.0416666666666667,2,2,0.125,0.125,8,8,0,0,4,1,576,576
137,1,1,1,1,0,0,0,0,0,1,0.0416666666666667,0.0416666666666667,2,2,0.131944444444444,0.131944444444444,9,9,0.00117857548073763,0.0011785626411438,1,0,576,576
138,1,1,1,1,0,0,0,0,2,1,0.0416666666666667,0.0416666666666667,2,2,0.125,0.125,8,8,0,0,5,1,576,576
139,1,1,1,1,0,0,0,0,0,1,0.0416666666666667,0.0416666666666667,2,2,0.118055555555556,0.118055555555556,7,7,0.00698097530103015,0.00698098540306091,1,0,576,576
140,1,1,1,1,0,0,0,0,0,1,0.0416666666666667,0.0416666666666667,2,2,0.111111111111111,0.111111111111111,6,6,0,0,2,1,576,576
141,1,1,1,1,0,0,0,0,0,1,0.0416666666666667,0.0416666666666667,2,2,0.111111111111111,0.111111111111111,6,6,0,0,3,1,576,576
142,1,1,1,1,0,0,0,0,0,1,0.0416666666666667,0.0416666666666667,2,2,0.111111111111111,0.111111111111111,6,6,0.00656423655796085,0.00656425952911377,1,0,576,576
143,1,1,1,1,0,0,0,0,0,1,0.0416666666666667,0.0416666666666667,2,2,0.118055555555556,0.118055555555556,7,7,0,0,12,1,576,576
144,1,1,1,1,0,0,0,0,0,1,0.0416666666666667,0.0416666666666667,2,2,0.104166666666667,0.104166666666667,5,5,0,0,9,1,576,576
145,1,1,1,1,0,0,0,0,0,1,0.0416666666666667,0.0416666666666667,1,1,0.0625,0.0625,4,4,0.00219652972715578,0.0021965503692627,1,0,576,576
146,1,1,1,1,0,0,0,0,4,1,0.0555555555555556,0.0416666666666667,1,1,0.0763888888888889,0.0694444444444444,4,5,0,0,8,1,576,576
147,1,1,1,1,0,0,0,0,2,1,0.0555555555555556,0.0416666666666667,1,1,0.0763888888888889,0.0694444444444444,4,5,0,0,8,1,576,576
148,1,1,1,1,0,0,0,0,0,1,0.0416666666666667,0.0416666666666667,1,1,0.0694444444444444,0.0694444444444444,5,5,0.000436234582408546,0.000436216592788696,7,0,576,576
149,1,1,1,1,0,0,0,0,0,1,0.0416666666666667,0.0416666666666667,1,1,0.0694444444444444,0.0694444444444444,5,5,0.00120278577731808,0.001202791929245,1,0,576,576
150,1,1,1,1,0,0,0,0,0,1,0.0416666666666667,0.0416666666666667,1,1,0.0694444444444444,0.0694444444444444,5,5,0,0,5,1,576,576
151,1,1,1,1,0,0,0,0,0,1,0.0138888888888889,0.0138888888888889,1,1,0.0416666666666667,0.0416666666666667,5,5,0.005813672732564,0.00581368803977966,1,0,576,576
152,1,1,1,1,0,0,0,0,0,1,0.0138888888888889,0.0138888888888889,1,1,0.0416666666666667,0.0416666666666667,5,5,0.000497131750711033,0.000497132539749146,1,0,576,576
153,1,1,1,1,0,0,0,0,0,1,0.0138888888888889,0.0138888888888889,1,1,0.0416666666666667,0.0416666666666667,5,5,0,0,4,1,576,576
154,1,1,1,1,0,0,0,0,0,1,0.0138888888888889,0.0138888888888889,1,1,0.0347222222222222,0.0347222222222222,4,4,0.000402461656537345,0.000402450561523438,1,0,576,576
155,1,1,1,1,0,0,0,0,0,1,0.0555555555555556,0.0555555555555556,2,2,0.0902777777777778,0.0902777777777778,5,5,2.38742359215394e-12,0,5,1,576,576
156,1,1,1,1,0,0,0,0,0,1,0.0138888888888889,0.0138888888888889,1,1,0.0347222222222222,0.0347222222222222,4,4,0.000402461656537345,0.000402450561523438,1,0,576,576
157,1,1,1,1,0,0,0,0,0,1,0.0555555555555556,0.0555555555555556,2,2,0.0902777777777778,0.0902777777777778,5,5,0.000497131750711033,0.000497132539749146,1,0,576,576
158,1,1,1,1,0,0,0,0,2,1,0.0277777777777778,0.0277777777777778,2,2,0.0625,0.0625,5,5,0,0,7,1,576,576
159,1,1,1,1,0,0,0,0,0,1,0.0347222222222222,0.0347222222222222,4,4,0.118055555555556,0.118055555555556,8,8,0.00149395890651788,0.00149396061897278,1,0,576,576
160,1,1,1,1,0,0,0,0,0,1,0.0347222222222222,0.0347222222222222,3,3,0.111111111111111,0.111111111111111,8,8,2.38742359215394e-12,0,2,1,576,576
161,1,1,1,1,0,0,0,0,0,1,0.0347222222222222,0.0347222222222222,4,4,0.118055555555556,0.118055555555556,8,8,0.000960522765560801,0.00096052885055542,1,0,576,576
162,1,1,1,1,0,0,0,0,0,1,0.0347222222222222,0.0347222222222222,3,3,0.0972222222222222,0.0972222222222222,8,8,0.00573609275417425,0.0057360827922821,1,0,576,576
163,1,1,1,1,0,0,0,0,0,1,0.0347222222222222,0.0347222222222222,3,3,0.0902777777777778,0.0902777777777778,7,7,0.00372269591778224,0.00372269749641418,7,0,576,576
164,1,1,1,1,0,0,0,0,0,1,0.0347222222222222,0.0347222222222222,2,2,0.0694444444444444,0.0694444444444444,5,5,0,0,6,1,576,576
165,1,1,1,1,0,0,0,0,2,1,0.0138888888888889,0.0347222222222222,1,2,0.0347222222222222,0.0694444444444444,4,5,0,0,9,1,576,576
166,1,1,1,1,0,0,0,0,2,1,0.0347222222222222,0.0347222222222222,1,2,0.0555555555555556,0.0694444444444444,4,5,1.13686837721616e-12,0,4,1,576,576
167,1,1,1,1,0,0,0,0,0,1,0.0347222222222222,0.0347222222222222,3,3,0.0902777777777778,0.0902777777777778,7,7,0.00149395890651788,0.00149396061897278,1,0,576,576
168,1,1,1,1,0,0,0,0,2,1,0.0347222222222222,0.0347222222222222,4,4,0.125,0.125,8,8,0,0,5,1,576,576
169,1,1,1,1,0,0,0,0,2,1,0.0347222222222222,0.0347222222222222,4,4,0.138888888888889,0.138888888888889,8,8,2.27373675443232e-13,0,6,1,576,576
170,1,1,1,1,0,0,0,0,0,1,0.0347222222222222,0.0347222222222222,4,4,0.159722222222222,0.159722222222222,8,8,0.00641456922787126,0.00641459226608276,1,0,576,576
171,1,1,1,1,0,0,0,0,0,1,0.0347222222222222,0.0347222222222222,4,4,0.159722222222222,0.159722222222222,8,8,0.00945878867195649,0.00945881009101868,1,0,576,576
172,1,1,1,1,0,0,0,0,2,1,0.0347222222222222,0.0347222222222222,4,4,0.166666666666667,0.166666666666667,9,9,2.27373675443232e-13,0,5,1,576,576
173,1,1,1,1,0,0,0,0,2,1,0.0347222222222222,0.0347222222222222,4,4,0.166666666666667,0.166666666666667,9,9,2.27373675443232e-13,0,4,1,576,576
174,1,1,1,1,0,0,0,0,2,1,0.0347222222222222,0.0347222222222222,4,4,0.159722222222222,0.159722222222222,9,9,0,0,4,1,576,576
175,1,1,1,1,0,0,0,0,0,1,0.0347222222222222,0.0347222222222222,4,4,0.152777777777778,0.152777777777778,9,9,0.00431605819870912,0.0043160617351532,1,0,576,576
176,1,1,1,1,0,0,0,0,2,1,0.0347222222222222,0.0347222222222222,4,4,0.152777777777778,0.152777777777778,9,9,0,0,4,1,576,576
177,1,1,1,1,0,0,0,0,0,1,0.0347222222222222,0.0347222222222222,4,4,0.152777777777778,0.152777777777778,9,9,0.00304421944408523,0.00304421782493591,5,0,576,576
178,1,1,1,1,0,0,0,0,0,1,0.0347222222222222,0.0347222222222222,3,3,0.138888888888889,0.138888888888889,9,9,0,0,8,1,576,576
179,1,1,1,1,0,0,0,0,0,1,0.0347222222222222,0.0347222222222222,3,3,0.138888888888889,0.138888888888889,9,9,0,0,6,1,576,576
180,1,1,1,1,0,0,0,0,2,1,0.0347222222222222,0.0347222222222222,4,4,0.159722222222222,0.159722222222222,10,10,0,0,9,1,576,576
181,1,1,1,1,0,0,0,0,0,1,0.0347222222222222,0.0347222222222222,4,4,0.152777777777778,0.152777777777778,10,10,0.00351902667924175,0.00351905822753906,1,0,576,576
182,1,1,1,1,0,0,0,0,0,1,0.0347222222222222,0.0347222222222222,4,4,0.152777777777778,0.152777777777778,10,10,0.00178332274214932,0.00178331136703491,1,0,576,576
183,1,1,1,1,0,0,0,0,0,1,0.0347222222222222,0.0347222222222222,4,4,0.145833333333333,0.145833333333333,10,10,0,0,3,1,576,576
184,1,1,1,1,0,0,0,0,0,1,0.0347222222222222,0.0347222222222222,4,4,0.145833333333333,0.145833333333333,10,10,0.00304421944408523,0.00304421782493591,9,0,576,576
185,1,1,1,1,0,0,0,0,2,1,0.0347222222222222,0.0347222222222222,4,4,0.145833333333333,0.138888888888889,10,10,0,0,9,1,576,576
186,1,1,1,1,0,0,0,0,2,1,0.0347222222222222,0.0347222222222222,4,4,0.145833333333333,0.138888888888889,10,10,0,0,7,1,576,576
187,1,1,1,1,0,0,0,0,2,1,0.0347222222222222,0.0347222222222222,4,4,0.145833333333333,0.138888888888889,10,10,0,0,6,1,576,576
188,1,1,1,1,0,0,0,0,2,1,0.0347222222222222,0.0347222222222222,4,4,0.125,0.118055555555556,8,8,4.54747350886464e-13,0,9,1,576,576
189,1,1,1,1,0,0,0,0,0,1,0.0347222222222222,0.0347222222222222,3,3,0.118055555555556,0.118055555555556,9,9,0.00966471801448809,0.00966474413871765,5,0,576,576
190,1,1,1,1,0,0,0,0,2,1,0.0347222222222222,0.0347222222222222,3,3,0.104166666666667,0.0972222222222222,7,6,0,0,5,1,576,576
191,1,1,1,1,0,0,0,0,2,1,0.0347222222222222,0.0347222222222222,3,3,0.104166666666667,0.0972222222222222,7,6,1.36424205265939e-12,0,5,1,576,576
192,1,1,1,1,0,0,0,0,0,1,0.0347222222222222,0.0347222222222222,2,2,0.0902777777777778,0.0902777777777778,7,7,0.000106818979083101,0.0001068115234375,6,0,576,576
193,1,1,1,1,0,0,0,0,2,1,0.0208333333333333,0.0208333333333333,1,1,0.0555555555555556,0.0555555555555556,6,6,2.27373675443232e-13,0,4,1,576,576
194,1,1,1,1,0,0,0,0,0,1,0.0208333333333333,0.0208333333333333,1,1,0.0555555555555556,0.0555555555555556,6,6,0.00999999999693046,0.00999999046325684,5,0,576,576
195,1,1,1,1,0,0,0,0,0,1,0.0208333333333333,0.0208333333333333,1,1,0.0555555555555556,0.0555555555555556,6,6,0.01,0.00999999046325684,3,0,576,576
196,1,1,1,1,1,1,1,1,0,1,0.00694444444444444,0.00694444444444444,0,0,0.0486111111111111,0.0486111111111111,7,7,0,0,4,1,576,576
197,1,1,1,1,1,1,1,1,0,1,0.00694444444444444,0.00694444444444444,0,0,0.0486111111111111,0.0486111111111111,7,7,0.00765664793159049,0.00765666365623474,1,0,576,576
198,1,1,1,1,1,1,1,1,0,1,0.00694444444444444,0.00694444444444444,0,0,0.0486111111111111,0.0486111111111111,7,7,0.00765664793159049,0.00765663385391235,1,0,576,576
199,1,1,1,1,1,1,1,1,0,1,0.00694444444444444,0.00694444444444444,0,0,0.0486111111111111,0.0486111111111111,7,7,0.00765664793159049,0.00765663385391235,1,0,576,576
200,1,1,1,1,1,1,1,1,0,1,0.00694444444444444,0.00694444444444444,0,0,0.0416666666666667,0.0416666666666667,6,6,0.00234335206840952,0.00234335660934448,1,0,576,576
201,1,1,1,1,1,1,1,1,0,1,0.00694444444444444,0.00694444444444444,0,0,0.0416666666666667,0.0416666666666667,6,6,0.0103224815080211,0.0103224813938141,1,0,576,576
202,1,1,1,1,1,1,1,1,0,1,0.00694444444444444,0.00694444444444444,0,0,0.0416666666666667,0.0416666666666667,6,6,0.0125766868633722,0.012576699256897,1,0,576,576
203,1,1,1,1,1,1,1,1,0,1,0.00694444444444444,0.00694444444444444,0,0,0.0416666666666667,0.0416666666666667,6,6,0.00257668686337215,0.00257670879364014,1,0,576,576
204,1,1,1,1,1,1,1,1,0,1,0.00694444444444444,0.00694444444444444,0,0,0.0347222222222222,0.0347222222222222,5,5,0.00704563273659453,0.00704562664031982,2,0,576,576
205,1,1,1,1,1,1,1,1,0,1,0.00694444444444444,0.00694444444444444,0,0,0.0277777777777778,0.0277777777777778,4,4,0,0,3,1,576,576
206,1,1,1,1,1,1,1,1,0,1,0.00694444444444444,0.00694444444444444,0,0,0.0277777777777778,0.0277777777777778,4,4,0.000377680400033331,0.000377684831619263,1,0,576,576
207,1,1,1,1,1,1,1,1,0,1,0.00694444444444444,0.00694444444444444,0,0,0.0277777777777778,0.0277777777777778,4,4,0.000377680400033331,0.000377684831619263,1,0,576,576
208,1,1,1,1,1,1,1,1,0,1,0.00694444444444444,0.00694444444444444,0,0,0.0277777777777778,0.0277777777777778,4,4,0.000377680400033331,0.000377684831619263,1,0,576,576
209,1,1,1,1,1,1,1,1,0,1,0.00694444444444444,0.00694444444444444,0,0,0.0277777777777778,0.0277777777777778,4,4,0,0,2,1,576,576
210,1,1,1,1,1,1,1,1,0,1,0.00694444444444444,0.00694444444444444,0,0,0.0277777777777778,0.0277777777777778,4,4,0.000377680400033331,0.000377684831619263,1,0,576,576
211,1,1,1,1,1,1,1,1,0,1,0.00694444444444444,0.00694444444444444,0,0,0.0277777777777778,0.0277777777777778,4,4,0.00537768040003334,0.00537768006324768,1,0,576,576
212,1,1,1,1,1,1,1,1,0,1,0.00694444444444444,0.00694444444444444,0,0,0.0277777777777778,0.0277777777777778,4,4,0.000377680400033331,0.000377684831619263,1,0,576,576
213,1,1,1,1,1,1,1,1,0,1,0.00694444444444444,0.00694444444444444,0,0,0.0277777777777778,0.0277777777777778,4,4,0.00462231959996667,0.00462234020233154,2,0,576,576
214,1,1,1,1,1,1,1,1,0,1,0.00694444444444444,0.00694444444444444,0,0,0.0277777777777778,0.0277777777777778,4,4,0,0,2,1,576,576
215,1,1,1,1,1,1,1,1,0,1,0.00694444444444444,0.00694444444444444,0,0,0.0277777777777778,0.0277777777777778,4,4,0.000377680400033331,0.000377684831619263,1,0,576,576
216,1,1,1,1,1,1,1,1,0,1,0.00694444444444444,0.00694444444444444,0,0,0.0277777777777778,0.0277777777777778,4,4,0.000377680400033331,0.000377684831619263,1,0,576,576
217,1,1,1,1,1,1,1,1,0,1,0.00694444444444444,0.00694444444444444,0,0,0.0277777777777778,0.0277777777777778,4,4,0.000377680400033331,0.000377684831619263,1,0,576,576
218,1,1,1,1,1,1,1,1,0,1,0.00694444444444444,0.00694444444444444,0,0,0.0277777777777778,0.0277777777777778,4,4,0.000377680400033331,0.000377684831619263,1,0,576,576
219,1,1,1,1,1,1,1,1,0,1,0.00694444444444444,0.00694444444444444,0,0,0.0277777777777778,0.0277777777777778,4,4,0.00462231959996667,0.00462231040000916,1,0,576,576
220,1,1,1,1,1,1,1,1,0,1,0.00694444444444444,0.00694444444444444,0,0,0.0277777777777778,0.0277777777777778,4,4,0.000172041484150176,0.000172048807144165,1,0,576,576
221,1,1,1,1,1,1,1,1,0,1,0.00694444444444444,0.00694444444444444,0,0,0.0277777777777778,0.0277777777777778,4,4,0.000205638915883155,0.000205636024475098,1,0,576,576
222,1,1,1,1,1,1,1,1,0,1,0.00694444444444444,0.00694444444444444,0,0,0.0277777777777778,0.0277777777777778,4,4,0.00482795851584938,0.00482794642448425,2,0,576,576
223,1,1,1,1,1,1,1,1,2,1,0.00694444444444444,0.00694444444444444,0,0,0.0277777777777778,0.0277777777777778,4,4,0,0,5,1,576,576
224,1,1,1,1,1,1,1,1,0,1,0.00694444444444444,0.00694444444444444,0,0,0.0277777777777778,0.0277777777777778,4,4,0.00101905571164213,0.00101906061172485,1,0,576,576
225,1,1,1,1,1,1,1,1,0,1,0.00694444444444444,0.00694444444444444,0,0,0.0277777777777778,0.0277777777777778,4,4,0.000377680400033331,0.000377684831619263,1,0,576,576
226,1,1,1,1,1,1,1,1,0,1,0.00694444444444444,0.00694444444444444,0,0,0.0277777777777778,0.0277777777777778,4,4,0.000596809957600031,0.000596791505813599,1,0,576,576
227,1,1,1,1,1,1,1,1,2,1,0.00694444444444444,0.00694444444444444,0,0,0.0277777777777778,0.0277777777777778,4,4,4.44089209850063e-16,0,2,1,576,576
228,1,1,1,1,1,1,1,1,0,1,0.00694444444444444,0.00694444444444444,0,0,0.0277777777777778,0.0277777777777778,4,4,0.000377680400033331,0.000377684831619263,1,0,576,576
229,1,1,1,1,1,1,1,1,0,1,0.00694444444444444,0.00694444444444444,0,0,0.0277777777777778,0.0277777777777778,4,4,0,0,4,1,576,576
230,1,1,1,1,1,1,1,1,0,1,0.00694444444444444,0.00694444444444444,0,0,0.0277777777777778,0.0277777777777778,4,4,0,0,4,1,576,576
231,1,1,1,1,1,1,1,1,0,1,0.00694444444444444,0.00694444444444444,0,0,0.0208333333333333,0.0208333333333333,3,3,0.000596809957600197,0.000596791505813599,3,0,576,576
232,1,1,1,1,1,1,1,1,0,1,0.00694444444444444,0.00694444444444444,0,0,0.0208333333333333,0.0208333333333333,3,3,0,0,4,1,576,576
233,1,1,1,1,1,1,1,1,0,1,0.00694444444444444,0.00694444444444444,0,0,0.0208333333333333,0.0208333333333333,3,3,0.000596809957600475,0.000596791505813599,3,0,576,576
234,1,1,1,1,1,1,1,1,0,1,0.00694444444444444,0.00694444444444444,0,0,0.0208333333333333,0.0208333333333333,3,3,0.000926459662841939,0.000926464796066284,1,0,576,576
235,1,1,1,1,1,1,1,1,2,1,0.00694444444444444,0.00694444444444444,0,0,0.0208333333333333,0.0208333333333333,3,3,2.27429186594463e-13,0,3,1,576,576
236,1,1,1,1,1,1,1,1,0,1,0.00694444444444444,0.00694444444444444,0,0,0.0208333333333333,0.0208333333333333,3,3,0.005,0.00499999523162842,2,0,576,576
237,1,1,1,1,1,1,1,1,0,1,0.00694444444444444,0.00694444444444444,0,0,0.0208333333333333,0.0208333333333333,3,3,0.005,0.00499999523162842,2,0,576,576
238,1,1,1,1,1,1,1,1,0,1,0.00694444444444444,0.00694444444444444,0,0,0.0208333333333333,0.0208333333333333,3,3,0.005,0.00499999523162842,1,0,576,576
239,1,1,1,1,1,1,1,1,0,1,0.00694444444444444,0.00694444444444444,0,0,0.0208333333333333,0.0208333333333333,3,3,0.005,0.00499999523162842,1,0,576,576
240,1,1,1,1,1,1,1,1,0,1,0.00694444444444444,0.00694444444444444,0,0,0.0208333333333333,0.0208333333333333,3,3,0.005,0.00499999523162842,1,0,576,576
241,1,1,1,1,1,1,1,1,0,1,0.00694444444444444,0.00694444444444444,0,0,0.0208333333333333,0.0208333333333333,3,3,0.005,0.00499999523162842,1,0,576,576
242,1,1,1,1,1,1,1,1,0,1,0.00694444444444444,0.00694444444444444,0,0,0.0208333333333333,0.0208333333333333,3,3,0.00499999999897682,0.00499999523162842,1,0,576,576
243,1,1,1,1,1,1,1,1,0,1,0.00694444444444444,0.00694444444444444,0,0,0.0208333333333333,0.0208333333333333,3,3,0.00354023738219156,0.00354024767875671,1,0,576,576
244,1,1,1,1,1,1,1,1,0,1,0.00694444444444444,0.00694444444444444,0,0,0.0208333333333333,0.0208333333333333,3,3,0.00145976261678527,0.0014597475528717,2,0,576,576
245,1,1,1,1,1,1,1,1,0,1,0.00694444444444444,0.00694444444444444,0,0,0.0208333333333333,0.0208333333333333,3,3,0.00499999999897682,0.00499999523162842,3,0,576,576
246,1,1,1,1,1,1,1,1,0,1,0.00694444444444444,0.00694444444444444,0,0,0.0208333333333333,0.0208333333333333,3,3,0,0,3,1,576,576
247,1,1,1,1,1,1,1,1,2,1,0.00694444444444444,0.00694444444444444,0,0,0.0208333333333333,0.0208333333333333,3,3,1.02318153949454e-12,0,3,1,576,576
248,1,1,1,1,1,1,1,1,2,1,0.00694444444444444,0.00694444444444444,0,0,0.0208333333333333,0.0208333333333333,3,3,1.02318153949454e-12,0,2,1,576,576
249,1,1,1,1,1,1,1,1,0,1,0.00694444444444444,0.00694444444444444,0,0,0.0208333333333333,0.0208333333333333,3,3,0.00145976261678527,0.0014597475528717,2,0,576,576
250,1,1,1,1,1,1,1,1,2,1,0.00694444444444444,0.00694444444444444,0,0,0.0208333333333333,0.0208333333333333,3,3,0,0,3,1,576,576
251,1,1,1,1,1,1,1,1,2,1,0.00694444444444444,0.00694444444444444,0,0,0.0208333333333333,0.0208333333333333,3,3,0,0,3,1,576,576
252,1,1,1,1,1,1,1,1,0,1,0.00694444444444444,0.00694444444444444,0,0,0.0208333333333333,0.0208333333333333,3,3,0,0,2,1,576,576
253,1,1,1,1,1,1,1,1,0,1,0.00694444444444444,0.00694444444444444,0,0,0.0208333333333333,0.0208333333333333,3,3,0,0,3,1,576,576
254,1,1,1,1,1,1,1,1,0,1,0.00694444444444444,0.00694444444444444,0,0,0.0208333333333333,0.0208333333333333,3,3,0,0,3,1,576,576
255,1,1,1,1,1,1,1,1,0,1,0.00694444444444444,0.00694444444444444,0,0,0.0208333333333333,0.0208333333333333,3,3,0.00499999999999989,0.00499999523162842,2,0,576,576
256,1,1,1,1,1,1,1,1,0,1,0.00694444444444444,0.00694444444444444,0,0,0.0208333333333333,0.0208333333333333,3,3,0.00499999999999989,0.00499999523162842,2,0,576,576
257,1,1,1,1,1,1,1,1,0,1,0.00694444444444444,0.00694444444444444,0,0,0.0208333333333333,0.0208333333333333,3,3,0.00499999999999989,0.00499999523162842,2,0,576,576
258,1,1,1,1,1,1,1,1,0,1,0.00694444444444444,0.00694444444444444,0,0,0.0208333333333333,0.0208333333333333,3,3,0.000542297797418212,0.000542283058166504,2,0,576,576
259,1,1,1,1,1,1,1,1,0,1,0.00694444444444444,0.00694444444444444,0,0,0.0208333333333333,0.0208333333333333,3,3,0.00499999999999989,0.00499999523162842,2,0,576,576
260,1,1,1,1,1,1,1,1,0,1,0.00694444444444444,0.00694444444444444,0,0,0.0208333333333333,0.0208333333333333,3,3,0.000542297797418212,0.000542283058166504,2,0,576,576
261,1,1,1,1,1,1,1,1,0,1,0.00694444444444444,0.00694444444444444,0,0,0.0208333333333333,0.0208333333333333,3,3,0.005,0.00499999523162842,2,0,576,576
262,1,1,1,1,1,1,1,1,0,1,0.00694444444444444,0.00694444444444444,0,0,0.0208333333333333,0.0208333333333333,3,3,0.000542297797418212,0.000542283058166504,1,0,576,576
263,1,1,1,1,1,1,1,1,0,1,0.00694444444444444,0.00694444444444444,0,0,0.0208333333333333,0.0208333333333333,3,3,0,0,3,1,576,576
264,1,1,1,1,1,1,1,1,0,1,0.00694444444444444,0.00694444444444444,0,0,0.0208333333333333,0.0208333333333333,3,3,1.11022302462516e-16,0,4,1,576,576
265,1,1,1,1,1,1,1,1,0,1,0.00694444444444444,0.00694444444444444,0,0,0.0208333333333333,0.0208333333333333,3,3,1.11022302462516e-16,0,4,1,576,576
266,1,1,1,1,1,1,1,1,0,1,0.00694444444444444,0.00694444444444444,0,0,0.0208333333333333,0.0208333333333333,3,3,0.000542297797418323,0.000542283058166504,1,0,576,576
267,1,1,1,1,1,1,1,1,0,1,0.00694444444444444,0.00694444444444444,0,0,0.0208333333333333,0.0208333333333333,3,3,1.11022302462516e-16,0,4,1,576,576
268,1,1,1,1,1,1,1,1,0,1,0.00694444444444444,0.00694444444444444,0,0,0.0208333333333333,0.0208333333333333,3,3,0.00445770220258168,0.00445771217346191,1,0,576,576
269,1,1,1,1,1,1,1,1,0,1,0.00694444444444444,0.00694444444444444,0,0,0.0208333333333333,0.0208333333333333,3,3,0,0,2,1,576,576
270,1,1,1,1,1,1,1,1,0,1,0.00694444444444444,0.00694444444444444,0,0,0.0208333333333333,0.0208333333333333,3,3,0.00445770220258179,0.00445771217346191,1,0,576,576
271,1,1,1,1,1,1,1,1,0,1,0.00694444444444444,0.00694444444444444,0,0,0.0208333333333333,0.0208333333333333,3,3,0,0,2,1,576,576
272,1,1,1,1,1,1,1,1,0,1,0.00694444444444444,0.00694444444444444,0,0,0.0208333333333333,0.0208333333333333,3,3,0.000542297797418212,0.000542283058166504,1,0,576,576
273,1,1,1,1,1,1,1,1,0,1,0.00694444444444444,0.00694444444444444,0,0,0.0208333333333333,0.0208333333333333,3,3,0.00455453797891431,0.00455453991889954,1,0,576,576
274,1,1,1,1,1,1,1,1,0,1,0.00694444444444444,0.00694444444444444,0,0,0.0208333333333333,0.0208333333333333,3,3,7.98500787890788e-05,7.98702239990234e-05,1,0,576,576
275,1,1,1,1,1,1,1,1,0,1,0.00694444444444444,0.00694444444444444,0,0,0.0208333333333333,0.0208333333333333,3,3,0.000456070779330853,0.000456064939498901,1,0,576,576
276,1,1,1,1,1,1,1,1,0,1,0.00694444444444444,0.00694444444444444,0,0,0.0208333333333333,0.0208333333333333,3,3,0.00409846719958346,0.00409847497940063,1,0,576,576
277,1,1,1,1,1,1,1,1,0,1,0.00694444444444444,0.00694444444444444,0,0,0.0208333333333333,0.0208333333333333,3,3,0.00455453797845956,0.00455453991889954,1,0,576,576
278,1,1,1,1,1,1,1,1,0,1,0.00694444444444444,0.00694444444444444,0,0,0.0208333333333333,0.0208333333333333,3,3,4.68439024677303e-05,4.6849250793457e-05,1,0,576,576
279,1,1,1,1,1,1,1,1,0,1,0.00694444444444444,0.00694444444444444,0,0,0.0208333333333333,0.0208333333333333,3,3,4.68439024677303e-05,4.68194484710693e-05,1,0,576,576
280,1,1,1,1,1,1,1,1,0,1,0.00694444444444444,0.00694444444444444,0,0,0.0208333333333333,0.0208333333333333,3,3,0.00341856744248303,0.00341856479644775,1,0,576,576
281,1,1,1,1,1,1,1,1,0,1,0.00694444444444444,0.00694444444444444,0,0,0.0208333333333333,0.0208333333333333,3,3,4.68439024677303e-05,4.68194484710693e-05,1,0,576,576
282,1,1,1,1,1,1,1,1,0,1,0.00694444444444444,0.00694444444444444,0,0,0.0208333333333333,0.0208333333333333,3,3,0.00341856744248303,0.00341856479644775,1,0,576,576
283,1,1,1,1,1,1,1,1,2,1,0.00694444444444444,0.00694444444444444,0,0,0.0208333333333333,0.0208333333333333,3,3,4.54747350886464e-13,0,2,1,576,576
284,1,1,1,1,1,1,1,1,0,1,0.00694444444444444,0.00694444444444444,0,0,0.0208333333333333,0.0208333333333333,3,3,4.68439020129829e-05,4.68194484710693e-05,1,0,576,576
285,1,1,1,1,1,1,1,1,0,1,0.00694444444444444,0.00694444444444444,0,0,0.0208333333333333,0.0208333333333333,3,3,0.00499999999954526,0.00500002503395081,1,0,576,576
286,1,1,1,1,1,1,1,1,0,1,0.00694444444444444,0.00694444444444444,0,0,0.0208333333333333,0.0208333333333333,3,3,0.00504684390201299,0.00504684448242188,1,0,576,576
287,1,1,1,1,1,1,1,1,0,1,0.00694444444444444,0.00694444444444444,0,0,0.0208333333333333,0.0208333333333333,3,3,0.00909846719912871,0.00909847021102905,1,0,576,576
288,1,1,1,1,1,1,1,1,0,1,0.00694444444444444,0.00694444444444444,0,0,0.0208333333333333,0.0208333333333333,3,3,0.00409846719912871,0.00409847497940063,1,0,576,576
289,1,1,1,1,1,1,1,1,0,1,0.00694444444444444,0.00694444444444444,0,0,0.0208333333333333,0.0208333333333333,3,3,0.000901532800416549,0.000901550054550171,2,0,576,576
290,1,1,1,1,1,1,1,1,2,1,0.00694444444444444,0.00694444444444444,0,0,0.0208333333333333,0.0208333333333333,3,3,5.6843418860808e-13,0,2,1,576,576
291,1,1,1,1,1,1,1,1,2,1,0.00694444444444444,0.00694444444444444,0,0,0.0208333333333333,0.0208333333333333,3,3,5.6843418860808e-13,0,2,1,576,576
292,1,1,1,1,1,1,1,1,2,1,0.00694444444444444,0.00694444444444444,0,0,0.0208333333333333,0.0208333333333333,3,3,5.6843418860808e-13,0,2,1,576,576
293,1,1,1,1,1,1,1,1,0,1,0.00694444444444444,0.00694444444444444,0,0,0.0208333333333333,0.0208333333333333,3,3,0.00130950498479532,0.00130951404571533,3,0,576,576
294,1,1,1,1,1,1,1,1,0,1,0.00694444444444444,0.00694444444444444,0,0,0.0208333333333333,0.0208333333333333,3,3,0.00130950498479532,0.00130951404571533,3,0,576,576
295,1,1,1,1,1,1,1,1,0,1,0.00694444444444444,0.00694444444444444,0,0,0.0208333333333333,0.0208333333333333,3,3,0.001309504984909,0.00130951404571533,1,0,576,576
296,1,1,1,1,1,1,1,1,0,1,0.00694444444444444,0.00694444444444444,0,0,0.0208333333333333,0.0208333333333333,3,3,0.00561061796179235,0.00561061501502991,1,0,576,576
297,1,1,1,1,1,1,1,1,0,1,0.00694444444444444,0.00694444444444444,0,0,0.0208333333333333,0.0208333333333333,3,3,0.00561061796179235,0.00561061501502991,1,0,576,576
298,1,1,1,1,1,1,1,1,0,1,0.00694444444444444,0.00694444444444444,0,0,0.0208333333333333,0.0208333333333333,3,3,0.00561061796179235,0.00561061501502991,3,0,576,576
299,1,1,1,1,1,1,1,1,0,1,0.00694444444444444,0.00694444444444444,0,0,0.0208333333333333,0.0208333333333333,3,3,0.00437305786559228,0.00437307357788086,2,0,576,576
300,1,1,1,1,1,1,1,1,0,1,0.00694444444444444,0.00694444444444444,0,0,0.0208333333333333,0.0208333333333333,3,3,0.000626942134407726,0.000626921653747559,1,0,576,576
301,1,1,1,1,1,1,1,1,0,1,0.00694444444444444,0.00694444444444444,0,0,0.0208333333333333,0.0208333333333333,3,3,0.005,0.00499999523162842,1,0,576,576
302,1,1,1,1,1,1,1,1,0,1,0.00694444444444444,0.00694444444444444,0,0,0.0208333333333333,0.0208333333333333,3,3,0.000610617961792348,0.000610619783401489,1,0,576,576
303,1,1,1,1,1,1,1,1,0,1,0.00694444444444444,0.00694444444444444,0,0,0.0208333333333333,0.0208333333333333,3,3,0.00435326968209715,0.00435325503349304,1,0,576,576
304,1,1,1,1,1,1,1,1,0,1,0.00694444444444444,0.00694444444444444,0,0,0.0208333333333333,0.0208333333333333,3,3,0.00435326968209715,0.00435325503349304,1,0,576,576
305,1,1,1,1,1,1,1,1,0,1,0.00694444444444444,0.00694444444444444,0,0,0.0208333333333333,0.0208333333333333,3,3,0.005286023368691,0.00528600811958313,1,0,576,576
306,1,1,1,1,1,1,1,1,0,1,0.00694444444444444,0.00694444444444444,0,0,0.0208333333333333,0.0208333333333333,3,3,0.000286023368690991,0.000286012887954712,1,0,576,576
307,1,1,1,1,1,1,1,1,0,1,0.00694444444444444,0.00694444444444444,0,0,0.0208333333333333,0.0208333333333333,3,3,0.000286023368690991,0.000286012887954712,1,0,576,576
308,1,1,1,1,1,1,1,1,0,1,0.00694444444444444,0.00694444444444444,0,0,0.0138888888888889,0.0138888888888889,2,2,0.00471397663130901,0.00471398234367371,2,0,576,576
309,1,1,1,1,1,1,1,1,0,1,0.00694444444444444,0.00694444444444444,0,0,0.0138888888888889,0.0138888888888889,2,2,0.000610617961794901,0.000610619783401489,1,0,576,576
310,1,1,1,1,1,1,1,1,0,1,0.00694444444444444,0.00694444444444444,0,0,0.0138888888888889,0.0138888888888889,2,2,0.000610617961794901,0.000610619783401489,1,0,576,576
311,1,1,1,1,1,1,1,1,0,1,0.00694444444444444,0.00694444444444444,0,0,0.0138888888888889,0.0138888888888889,2,2,0.000610617961794901,0.000610619783401489,1,0,576,576
312,1,1,1,1,1,1,1,1,0,1,0.00694444444444444,0.00694444444444444,0,0,0.0138888888888889,0.0138888888888889,2,2,0.00427484783080201,0.00427484512329102,1,0,576,576
313,1,1,1,1,1,1,1,1,0,1,0.00694444444444444,0.00694444444444444,0,0,0.00694444444444444,0.00694444444444444,1,1,0.000114534207402872,0.000114530324935913,1,0,576,576
314,1,1,1,1,1,1,1,1,0,1,0.00694444444444444,0.00694444444444444,0,0,0.00694444444444444,0.00694444444444444,1,1,0.00169460063127475,0.00169461965560913,1,0,576,576
315,1,1,1,1,1,1,1,1,0,1,0.00694444444444444,0.00694444444444444,0,0,0.00694444444444444,0.00694444444444444,1,1,0.00169460063127475,0.00169461965560913,1,0,576,576
316,1,1,1,1,1,1,1,1,0,1,0.00694444444444444,0.00694444444444444,0,0,0.00694444444444444,0.00694444444444444,1,1,0.00329850922500147,0.00329852104187012,1,0,576,576
317,1,1,1,1,1,1,1,1,0,1,0,0,0,0,0,0,0,0,0.00170149077499854,0.00170150399208069,1,0,576,576
318,1,1,1,1,1,1,1,1,0,1,0,0,0,0,0,0,0,0,0.00339646284912781,0.00339648127555847,1,0,576,576
319,1,1,1,1,1,1,1,1,0,1,0,0,0,0,0,0,0,0,2.34707270030943e-05,2.34544277191162e-05,1,0,576,576
320,1,1,1,1,1,1,1,1,0,1,0,0,0,0,0,0,0,0,0.0015800664238691,0.00158005952835083,1,0,576,576
321,1,1,1,1,1,1,1,1,0,1,0,0,0,0,0,0,0,0,0.0015800664238691,0.00158005952835083,1,0,576,576
322,1,1,1,1,1,1,1,1,0,1,0,0,0,0,0,0,0,0,0.0015800664238691,0.00158005952835083,1,0,576,576
323,1,1,1,1,1,1,1,1,0,1,0,0,0,0,0,0,0,0,0.00158695324798469,0.00158697366714478,1,0,576,576
324,1,1,1,1,1,1,1,1,0,1,0,0,0,0,0,0,0,0,0.00341304675201531,0.00341302156448364,1,0,576,576
325,1,1,1,1,1,1,1,1,0,1,0,0,0,0,0,0,0,0,0.00341304675201531,0.00341302156448364,1,0,576,576
326,1,1,1,1,1,1,1,1,0,1,0,0,0,0,0,0,0,0,0.00397985992361943,0.00397983193397522,1,0,576,576
327,1,1,1,1,1,1,1,1,0,1,0,0,0,0,0,0,0,0,0.00102014007638057,0.0010201632976532,1,0,576,576
328,1,1,1,1,1,1,1,1,0,1,0,0,0,0,0,0,0,0,0.00102014007638057,0.0010201632976532,1,0,576,576
329,1,1,1,1,1,1,1,1,0,1,0,0,0,0,0,0,0,0,0.00102014007638057,0.0010201632976532,1,0,576,576
330,1,1,1,1,1,1,1,1,0,1,0,0,0,0,0,0,0,0,0.00102014007638057,0.0010201632976532,1,0,576,576
331,1,1,1,1,1,1,1,1,0,1,0,0,0,0,0,0,0,0,0.00106526130073514,0.00106525421142578,1,0,576,576
332,1,1,1,1,1,1,1,1,0,1,0,0,0,0,0,0,0,0,0.00102014007638057,0.0010201632976532,1,0,576,576
333,1,1,1,1,1,1,1,1,0,1,0,0,0,0,0,0,0,0,0.00102014007638057,0.0010201632976532,1,0,576,576
334,1,1,1,1,1,1,1,1,0,1,0,0,0,0,0,0,0,0,0.00102014007638057,0.0010201632976532,1,0,576,576
335,1,1,1,1,1,1,1,1,0,1,0,0,0,0,0,0,0,0,0.000552021033480565,0.00055202841758728,2,0,576,576
336,1,1,1,1,1,1,1,1,0,1,0,0,0,0,0,0,0,0,0.000384093940927199,0.000384092330932617,1,0,576,576
337,1,1,1,1,1,1,1,1,0,1,0,0,0,0,0,0,0,0,0.000384093940927199,0.000384092330932617,1,0,576,576
338,1,1,1,1,1,1,1,1,0,1,0,0,0,0,0,0,0,0,0.000384093940927199,0.000384092330932617,1,0,576,576
339,1,1,1,1,1,1,1,1,0,1,0,0,0,0,0,0,0,0,0.000384093940927199,0.000384092330932617,1,0,576,576
340,1,1,1,1,1,1,1,1,0,1,0,0,0,0,0,0,0,0,0.000384093940927199,0.000384092330932617,1,0,576,576
341,1,1,1,1,1,1,1,1,0,1,0,0,0,0,0,0,0,0,0.000384093940927199,0.000384092330932617,1,0,576,576
342,1,1,1,1,1,1,1,1,0,1,0,0,0,0,0,0,0,0,0.000384093940927199,0.000384092330932617,1,0,576,576
343,1,1,1,1,1,1,1,1,0,1,0,0,0,0,0,0,0,0,0.00356663082084979,0.00356662273406982,1,0,576,576
344,1,1,1,1,1,1,1,1,0,1,0,0,0,0,0,0,0,0,0.00678456713536313,0.00678455829620361,1,0,576,576
345,1,1,1,1,1,1,1,1,0,1,0,0,0,0,0,0,0,0,0.00497086483815756,0.00497087836265564,1,0,576,576
346,1,1,1,1,1,1,1,1,0,1,0,0,0,0,0,0,0,0,2.91351618424418e-05,2.91168689727783e-05,1,0,576,576
347,1,1,1,1,1,1,1,1,0,1,0,0,0,0,0,0,0,0,0.00178456713536312,0.0017845630645752,1,0,576,576
348,1,1,1,1,1,1,1,1,2,1,0,0,0,0,0,0,0,0,7.7715611723761e-16,0,2,1,576,576
349,1,1,1,1,1,1,1,1,0,1,0,0,0,0,0,0,0,0,0.001261681263725,0.00126168131828308,1,0,576,576
350,1,1,1,1,1,1,1,1,0,1,0,0,0,0,0,0,0,0,0.001261681263725,0.00126168131828308,1,0,576,576
351,1,1,1,1,1,1,1,1,0,1,0,0,0,0,0,0,0,0,0.001261681263725,0.00126168131828308,1,0,576,576
352,1,1,1,1,1,1,1,1,0,1,0,0,0,0,0,0,0,0,0.00120782734175823,0.00120782852172852,1,0,576,576
353,1,1,1,1,1,1,1,1,0,1,0,0,0,0,0,0,0,0,0.000114013985508254,0.000114023685455322,1,0,576,576
354,1,1,1,1,1,1,1,1,0,1,0,0,0,0,0,0,0,0,0.00178456713536312,0.0017845630645752,1,0,576,576
355,1,1,1,1,1,1,1,1,0,1,0,0,0,0,0,0,0,0,0.00307228371728541,0.00307229161262512,1,0,576,576
356,1,1,1,1,1,1,1,1,0,1,0,0,0,0,0,0,0,0,0.00307228371728541,0.00307229161262512,1,0,576,576
357,1,1,1,1,1,1,1,1,0,1,0,0,0,0,0,0,0,0,0.00120782734175823,0.00120782852172852,1,0,576,576
358,1,1,1,1,1,1,1,1,0,1,0,0,0,0,0,0,0,0,0.00120782734175823,0.00120782852172852,1,0,576,576
359,1,1,1,1,1,1,1,1,0,1,0,0,0,0,0,0,0,0,0.00415313203504675,0.00415313243865967,1,0,576,576
360,1,1,1,1,1,1,1,1,0,1,0,0,0,0,0,0,0,0,0.00442326020639511,0.00442326068878174,1,0,576,576
361,1,1,1,1,1,1,1,1,0,1,0,0,0,0,0,0,0,0,0.00387382324932578,0.00387382507324219,1,0,576,576
362,1,1,1,1,1,1,1,1,0,1,0,0,0,0,0,0,0,0,0.000793014042986484,0.000793009996414185,1,0,576,576
363,1,1,1,1,1,1,1,1,0,1,0,0,0,0,0,0,0,0,5.38539219667733e-05,5.38527965545654e-05,1,0,576,576
364,1,1,1,1,1,1,1,1,0,1,0,0,0,0,0,0,0,0,0.00111413256660658,0.0011141300201416,1,0,576,576
365,1,1,1,1,1,1,1,1,0,1,0,0,0,0,0,0,0,0,0.00218645539531404,0.00218644738197327,1,0,576,576
366,1,1,1,1,1,1,1,1,0,1,0,0,0,0,0,0,0,0,0.000274785144192713,0.000274777412414551,1,0,576,576
367,1,1,1,1,1,1,1,1,0,1,0,0,0,0,0,0,0,0,0.00111413256660658,0.0011141300201416,1,0,576,576
368,1,1,1,1,1,1,1,1,0,1,0,0,0,0,0,0,0,0,0.00161222296474611,0.00161224603652954,1,0,576,576
369,1,1,1,1,1,1,1,1,0,1,0,0,0,0,0,0,0,0,0.00111413256660658,0.0011141300201416,1,0,576,576
370,1,1,1,1,1,1,1,1,0,1,0,0,0,0,0,0,0,0,0.000520301795226885,0.000520288944244385,1,0,576,576
371,1,1,1,1,1,1,1,1,0,1,0,0,0,0,0,0,0,0,0.00120782734175823,0.00120782852172852,1,0,576,576
372,1,1,1,1,1,1,1,1,0,1,0,0,0,0,0,0,0,0,0.00379217265824178,0.0037921667098999,1,0,576,576
373,1,1,1,1,1,1,1,1,0,1,0,0,0,0,0,0,0,0,0.00120782734175823,0.00120782852172852,1,0,576,576
374,1,1,1,1,1,1,1,1,0,1,0,0,0,0,0,0,0,0,0.00155186334096097,0.00155186653137207,1,0,576,576
375,1,1,1,1,1,1,1,1,0,1,0,0,0,0,0,0,0,0,0.00120782734175823,0.00120782852172852,1,0,576,576
376,1,1,1,1,1,1,1,1,0,1,0,0,0,0,0,0,0,0,0.00120782734175823,0.00120782852172852,1,0,576,576
377,1,1,1,1,1,1,1,1,0,1,0,0,0,0,0,0,0,0,0.00120782734175823,0.00120782852172852,1,0,576,576
378,1,1,1,1,1,1,1,1,0,1,0,0,0,0,0,0,0,0,0.00120782734175823,0.00120782852172852,1,0,576,576
379,1,1,1,1,1,1,1,1,0,1,0,0,0,0,0,0,0,0,0.00224030931728081,0.00224030017852783,1,0,576,576
380,1,1,1,1,1,1,1,1,0,1,0,0,0,0,0,0,0,0,0.00071988894095637,0.00071987509727478,1,0,576,576
381,1,1,1,1,1,1,1,1,0,1,0,0,0,0,0,0,0,0,0.00224030931728081,0.00224030017852783,1,0,576,576
382,1,1,1,1,1,1,1,1,0,1,0,0,0,0,0,0,0,0,0.00071988894095637,0.00071987509727478,1,0,576,576
383,1,1,1,1,1,1,1,1,0,1,0,0,0,0,0,0,0,0,0.000199177750863311,0.000199198722839355,1,0,576,576
384,1,1,1,1,1,1,1,1,0,1,0,0,0,0,0,0,0,0,0.00135268559009766,0.0013526976108551,1,0,576,576
385,1,1,1,1,1,1,1,1,0,1,0,0,0,0,0,0,0,0,0.00120782734175823,0.00120782852172852,1,0,576,576
386,1,1,1,1,1,1,1,1,0,1,0,0,0,0,0,0,0,0,0.00379217265824178,0.0037921667098999,1,0,576,576
387,1,1,1,1,1,1,1,1,0,1,0,0,0,0,0,0,0,0,0.000679180767180598,0.000679194927215576,1,0,576,576
388,1,1,1,1,1,1,1,1,0,1,0,0,0,0,0,0,0,0,0.00406695780243449,0.00406694412231445,1,0,576,576
389,1,1,1,1,1,1,1,1,0,1,0,0,0,0,0,0,0,0,0.000880660099640052,0.000880658626556396,1,0,576,576
390,1,1,1,1,1,1,1,1,0,1,0,0,0,0,0,0,0,0,0.000878131857204145,0.000878125429153442,1,0,576,576
391,1,1,1,1,1,1,1,1,0,1,0,0,0,0,0,0,0,0,0.000878131857204145,0.000878125429153442,1,0,576,576
392,1,1,1,1,1,1,1,1,0,1,0,0,0,0,0,0,0,0,0.000878131857204145,0.000878125429153442,1,0,576,576
393,1,1,1,1,1,1,1,1,0,1,0,0,0,0,0,0,0,0,0.000480014016430164,0.000480026006698608,1,0,576,576
394,1,1,1,1,1,1,1,1,0,1,0,0,0,0,0,0,0,0,0.00162483131320451,0.00162485241889954,1,0,576,576
395,1,1,1,1,1,1,1,1,0,1,0,0,0,0,0,0,0,0,0.000480014016430164,0.000480026006698608,1,0,576,576
396,1,1,1,1,1,1,1,1,0,1,0,0,0,0,0,0,0,0,0.000480014016430164,0.000480026006698608,1,0,576,576
397,1,1,1,1,1,1,1,1,0,1,0,0,0,0,0,0,0,0,0.00048254225886607,0.000482559204101562,1,0,576,576
398,1,1,1,1,1,1,1,1,0,1,0,0,0,0,0,0,0,0,0.00178050688275805,0.00178048014640808,1,0,576,576
399,1,1,1,1,1,1,1,1,0,1,0,0,0,0,0,0,0,0,0.00140438570151546,0.00140440464019775,1,0,576,576
400,1,1,1,1,1,1,1,1,0,1,0,0,0,0,0,0,0,0,0.00178050688275805,0.00178048014640808,1,0,576,576
401,1,1,1,1,1,1,1,1,0,1,0,0,0,0,0,0,0,0,0.00162483131320451,0.00162485241889954,1,0,576,576
402,1,1,1,1,1,1,1,1,0,1,0,0,0,0,0,0,0,0,0.00162483131320451,0.00162485241889954,1,0,576,576
403,1,1,1,1,1,1,1,1,0,1,0,0,0,0,0,0,0,0,0.000921843442649395,0.000921815633773804,1,0,576,576
404,1,1,1,1,1,1,1,1,0,1,0,0,0,0,0,0,0,0,0.000921843442649395,0.000921845436096191,1,0,576,576
405,1,1,1,1,1,1,1,1,0,1,0,0,0,0,0,0,0,0,0.000921843442649395,0.000921815633773804,1,0,576,576
406,1,1,1,1,1,1,1,1,0,1,0,0,0,0,0,0,0,0,0.000921843442649395,0.000921845436096191,1,0,576,576
407,1,1,1,1,1,1,1,1,0,1,0,0,0,0,0,0,0,0,0.000480014016430164,0.000480026006698608,1,0,576,576
408,1,1,1,1,1,1,1,1,0,1,0,0,0,0,0,0,0,0,0.000921843442649395,0.000921845436096191,1,0,576,576
409,1,1,1,1,1,1,1,1,0,1,0,0,0,0,0,0,0,0,0.000921843442649395,0.000921815633773804,1,0,576,576
410,1,1,1,1,1,1,1,1,0,1,0,0,0,0,0,0,0,0,0.000921843442649395,0.000921845436096191,1,0,576,576
411,1,1,1,1,1,1,1,1,0,1,0,0,0,0,0,0,0,0,2.52824243590632e-06,2.5331974029541e-06,1,0,576,576
412,1,1,1,1,1,1,1,1,0,1,0,0,0,0,0,0,0,0,2.52824243590632e-06,2.5331974029541e-06,1,0,576,576
413,1,1,1,1,1,1,1,1,0,1,0,0,0,0,0,0,0,0,2.52824243590632e-06,2.5331974029541e-06,1,0,576,576
414,1,1,1,1,1,1,1,1,0,1,0,0,0,0,0,0,0,0,2.52824243590632e-06,2.5331974029541e-06,1,0,576,576
415,1,1,1,1,1,1,1,1,0,1,0,0,0,0,0,0,0,0,2.52824243590632e-06,2.5331974029541e-06,1,0,576,576
416,1,1,1,1,1,1,1,1,0,1,0,0,0,0,0,0,0,0,0.000480014016430164,0.000479996204376221,1,0,576,576
417,1,1,1,1,1,1,1,1,0,1,0,0,0,0,0,0,0,0,0.00048254225886607,0.000482559204101562,1,0,576,576
418,1,1,1,1,1,1,1,1,0,1,0,0,0,0,0,0,0,0,0.00292279593709649,0.00292280316352844,1,0,576,576
419,1,1,1,1,1,1,1,1,0,1,0,0,0,0,0,0,0,0,0.00589263844246718,0.00589263439178467,1,0,576,576
420,1,1,1,1,1,1,1,1,0,1,0,0,0,0,0,0,0,0,0.00292279593709649,0.00292280316352844,1,0,576,576
421,1,1,1,1,1,1,1,1,0,1,0,0,0,0,0,0,0,0,0.0049974717575641,0.00499746203422546,1,0,576,576
422,1,1,1,1,1,1,1,1,0,1,0,0,0,0,0,0,0,0,0.000480014016430164,0.000480026006698608,1,0,576,576
423,1,1,1,1,1,1,1,1,0,1,0,0,0,0,0,0,0,0,0.000480014016430164,0.000480026006698608,1,0,576,576
424,1,1,1,1,1,1,1,1,0,1,0,0,0,0,0,0,0,0,0.000480014016430164,0.000480026006698608,1,0,576,576
425,1,1,1,1,1,1,1,1,0,1,0,0,0,0,0,0,0,0,0.00438938203820766,0.00438937544822693,1,0,576,576
426,1,1,1,1,1,1,1,1,0,1,0,0,0,0,0,0,0,0,0.000892638442467175,0.00089263916015625,1,0,576,576
427,1,1,1,1,1,1,1,1,0,1,0,0,0,0,0,0,0,0,0.00213395661559734,0.00213396549224854,1,0,576,576
428,1,1,1,1,1,1,1,1,0,1,0,0,0,0,0,0,0,0,0.00213395661559734,0.00213396549224854,1,0,576,576
429,1,1,1,1,1,1,1,1,0,1,0,0,0,0,0,0,0,0,0.00213395661559734,0.00213396549224854,1,0,576,576
430,1,1,1,1,1,1,1,1,0,1,0,0,0,0,0,0,0,0,0.000608089719356442,0.000608086585998535,1,0,576,576
431,1,1,1,1,1,1,1,1,0,1,0,0,0,0,0,0,0,0,0.00225542542261031,0.00225540995597839,1,0,576,576
432,1,1,1,1,1,1,1,1,0,1,0,0,0,0,0,0,0,0,0.00225542542261031,0.00225540995597839,1,0,576,576
433,1,1,1,1,1,1,1,1,0,1,0,0,0,0,0,0,0,0,0.00225542542261031,0.00225540995597839,1,0,576,576
434,1,1,1,1,1,1,1,1,0,1,0,0,0,0,0,0,0,0,2.52824243590632e-06,2.5331974029541e-06,1,0,576,576
435,1,1,1,1,1,1,1,1,0,1,0,0,0,0,0,0,0,0,0.00136278698014314,0.00136277079582214,1,0,576,576
436,1,1,1,1,1,1,1,1,0,1,0,0,0,0,0,0,0,0,0.00226203231852362,0.00226205587387085,1,0,576,576
437,1,1,1,1,1,1,1,1,0,1,0,0,0,0,0,0,0,0,0.00226203231852362,0.00226202607154846,1,0,576,576
438,1,1,1,1,1,1,1,1,0,1,0,0,0,0,0,0,0,0,2.52824243590632e-06,2.5331974029541e-06,1,0,576,576
439,1,1,1,1,1,1,1,1,0,1,0,0,0,0,0,0,0,0,0.000892638442467175,0.00089263916015625,1,0,576,576
440,1,1,1,1,1,1,1,1,0,1,0,0,0,0,0,0,0,0,0.000892638442467175,0.00089263916015625,1,0,576,576
441,1,1,1,1,1,1,1,1,0,1,0,0,0,0,0,0,0,0,0.00332494248252424,0.00332492589950562,1,0,576,576
442,1,1,1,1,1,1,1,1,0,1,0,0,0,0,0,0,0,0,0.00173704301221944,0.00173702836036682,1,0,576,576
443,1,1,1,1,1,1,1,1,0,1,0,0,0,0,0,0,0,0,0.00173704301221944,0.00173702836036682,1,0,576,576
444,1,1,1,1,1,1,1,1,0,1,0,0,0,0,0,0,0,0,0.00296308017163804,0.00296309590339661,1,0,576,576
445,1,1,1,1,1,1,1,1,0,1,0,0,0,0,0,0,0,0,0.00173704301221944,0.00173702836036682,1,0,576,576
446,1,1,1,1,1,1,1,1,0,1,0,0,0,0,0,0,0,0,0.00173704301221944,0.00173702836036682,1,0,576,576
447,1,1,1,1,1,1,1,1,0,1,0,0,0,0,0,0,0,0,0.00173704301221944,0.00173702836036682,1,0,576,576
448,1,1,1,1,1,1,1,1,0,1,0,0,0,0,0,0,0,0,0.00173704301221944,0.00173702836036682,1,0,576,576
449,1,1,1,1,1,1,1,1,0,1,0,0,0,0,0,0,0,0,0.00173704301221944,0.00173702836036682,1,0,576,576
450,1,1,1,1,1,1,1,1,0,1,0,0,0,0,0,0,0,0,0.00173704301221944,0.00173702836036682,1,0,576,576
451,1,1,1,1,1,1,1,1,0,1,0,0,0,0,0,0,0,0,0.00173704301221944,0.00173702836036682,1,0,576,576
452,1,1,1,1,1,1,1,1,0,1,0,0,0,0,0,0,0,0,0.00326295698778056,0.0032629668712616,1,0,576,576
453,1,1,1,1,1,1,1,1,0,1,0,0,0,0,0,0,0,0,0.000299876816142519,0.00029987096786499,1,0,576,576
454,1,1,1,1,1,1,1,1,0,1,0,0,0,0,0,0,0,0,0.0042347321199096,0.00423473119735718,1,0,576,576
455,1,1,1,1,1,1,1,1,0,1,0,0,0,0,0,0,0,0,0.000892638442467175,0.00089263916015625,1,0,576,576
456,1,1,1,1,1,1,1,1,0,1,0,0,0,0,0,0,0,0,0.000552305414196763,0.000552326440811157,1,0,576,576
457,1,1,1,1,1,1,1,1,0,1,0,0,0,0,0,0,0,0,0.000552305414196763,0.00055229663848877,1,0,576,576
458,1,1,1,1,1,1,1,1,0,1,0,0,0,0,0,0,0,0,0.000552305414196763,0.00055229663848877,1,0,576,576
459,1,1,1,1,1,1,1,1,0,1,0,0,0,0,0,0,0,0,0.00273147571565008,0.00273147225379944,1,0,576,576
460,1,1,1,1,1,1,1,1,0,1,0,0,0,0,0,0,0,0,0.00165790632255758,0.00165790319442749,1,0,576,576
461,1,1,1,1,1,1,1,1,0,1,0,0,0,0,0,0,0,0,0.00273147571565008,0.00273147225379944,1,0,576,576
462,1,1,1,1,1,1,1,1,0,1,0,0,0,0,0,0,0,0,0.00773147571565008,0.00773146748542786,1,0,576,576
463,1,1,1,1,1,1,1,1,0,1,0,0,0,0,0,0,0,0,0.00273147571565008,0.00273147225379944,1,0,576,576
464,1,1,1,1,1,1,1,1,0,1,0,0,0,0,0,0,0,0,0.00273147571565008,0.00273147225379944,1,0,576,576
465,1,1,1,1,1,1,1,1,0,1,0,0,0,0,0,0,0,0,0.00273147571565008,0.00273147225379944,1,0,576,576
466,1,1,1,1,1,1,1,1,0,1,0,0,0,0,0,0,0,0,0.00273147571565008,0.00273147225379944,1,0,576,576
467,1,1,1,1,1,1,1,1,0,1,0,0,0,0,0,0,0,0,0.00273147571565008,0.00273147225379944,1,0,576,576
468,1,1,1,1,1,1,1,1,0,1,0,0,0,0,0,0,0,0,0.00273147571565008,0.00273147225379944,1,0,576,576
469,1,1,1,1,1,1,1,1,0,1,0,0,0,0,0,0,0,0,0.00273147571565008,0.00273147225379944,1,0,576,576
470,1,1,1,1,1,1,1,1,0,1,0,0,0,0,0,0,0,0,0.000610617961792348,0.000610619783401489,1,0,576,576
471,1,1,1,1,1,1,1,1,0,1,0,0,0,0,0,0,0,0,0.000610617961792348,0.000610619783401489,1,0,576,576
472,1,1,1,1,1,1,1,1,0,1,0,0,0,0,0,0,0,0,0.00273147571565008,0.00273147225379944,1,0,576,576
473,1,1,1,1,1,1,1,1,0,1,0,0,0,0,0,0,0,0,0.00273147571565008,0.00273147225379944,1,0,576,576
474,1,1,1,1,1,1,1,1,0,1,0,0,0,0,0,0,0,0,0.00273147571565008,0.00273147225379944,1,0,576,576
475,1,1,1,1,1,1,1,1,0,1,0,0,0,0,0,0,0,0,0.00273147571565008,0.00273147225379944,1,0,576,576
476,1,1,1,1,1,1,1,1,0,1,0,0,0,0,0,0,0,0,0.00163980416953879,0.00163981318473816,1,0,576,576
477,1,1,1,1,1,1,1,1,0,1,0,0,0,0,0,0,0,0,0.00163980416953879,0.00163981318473816,1,0,576,576
478,1,1,1,1,1,1,1,1,0,1,0,0,0,0,0,0,0,0,0.00163980416953879,0.00163981318473816,1,0,576,576
479,1,1,1,1,1,1,1,1,0,1,0,0,0,0,0,0,0,0,0.000628720114811132,0.00062870979309082,1,0,576,576
480,1,1,1,1,1,1,1,1,0,1,0,0,0,0,0,0,0,0,0.00163980416953879,0.00163981318473816,1,0,576,576
481,1,1,1,1,1,1,1,1,0,1,0,0,0,0,0,0,0,0,0.000610617961792348,0.000610619783401489,1,0,576,576
482,1,1,1,1,1,1,1,1,0,1,0,0,0,0,0,0,0,0,0.00438938203820766,0.00438937544822693,1,0,576,576
483,1,1,1,1,1,1,1,1,0,1,0,0,0,0,0,0,0,0,2.21196320481232e-05,2.21133232116699e-05,1,0,576,576
484,1,1,1,1,1,1,1,1,0,1,0,0,0,0,0,0,0,0,0.00497603959839421,0.00497603416442871,1,0,576,576
485,1,1,1,1,1,1,1,1,0,1,0,0,0,0,0,0,0,0,2.21196320481232e-05,2.21133232116699e-05,1,0,576,576
486,1,1,1,1,1,1,1,1,0,1,0,0,0,0,0,0,0,0,0.000206719634831543,0.000206708908081055,1,0,576,576
487,1,1,1,1,1,1,1,1,0,1,0,0,0,0,0,0,0,0,0.00163578669050946,0.00163578987121582,1,0,576,576
488,1,1,1,1,1,1,1,1,0,1,0,0,0,0,0,0,0,0,0.00275512706566355,0.00275513529777527,1,0,576,576
489,1,1,1,1,1,1,1,1,0,1,0,0,0,0,0,0,0,0,0.000609086243826995,0.000609070062637329,1,0,576,576
490,1,1,1,1,1,1,1,1,0,1,0,0,0,0,0,0,0,0,0.000586966611778872,0.000586956739425659,1,0,576,576
491,1,1,1,1,1,1,1,1,0,1,0,0,0,0,0,0,0,0,0.000609086243826995,0.000609070062637329,1,0,576,576
492,1,1,1,1,1,1,1,1,0,1,0,0,0,0,0,0,0,0,0.000609086243826995,0.000609099864959717,1,0,576,576
493,1,1,1,1,1,1,1,1,0,1,0,0,0,0,0,0,0,0,0.000609086243826995,0.000609070062637329,1,0,576,576
494,1,1,1,1,1,1,1,1,0,1,0,0,0,0,0,0,0,0,0.00139156911102567,0.00139155983924866,1,0,576,576
495,1,1,1,1,1,1,1,1,0,1,0,0,0,0,0,0,0,0,0.00497603959839421,0.00497603416442871,1,0,576,576
496,1,1,1,1,1,1,1,1,0,1,0,0,0,0,0,0,0,0,0.00350809087385046,0.00350809097290039,1,0,576,576
497,1,1,1,1,1,1,1,1,0,1,0,0,0,0,0,0,0,0,0.005609086243827,0.00560909509658813,1,0,576,576
498,1,1,1,1,1,1,1,1,0,1,0,0,0,0,0,0,0,0,0.00202461575645846,0.00202462077140808,1,0,576,576
499,1,1,1,1,1,1,1,1,0,1,0,0,0,0,0,0,0,0,0.00149190912614955,0.00149190425872803,1,0,576,576
500,1,1,1,1,1,1,1,1,0,1,0,0,0,0,0,0,0,0,0.00202461575645846,0.00202462077140808,1,0,576,576
501,1,1,1,1,1,1,1,1,0,1,0,0,0,0,0,0,0,0,0.000609086243826995,0.000609070062637329,1,0,576,576
502,1,1,1,1,1,1,1,1,0,1,0,0,0,0,0,0,0,0,0.000609086243826995,0.000609099864959717,1,0,576,576
503,1,1,1,1,1,1,1,1,0,1,0,0,0,0,0,0,0,0,0.000424271076390315,0.000424295663833618,1,0,576,576
504,1,1,1,1,1,1,1,1,0,1,0,0,0,0,0,0,0,0,0.00255111316715123,0.00255110859870911,1,0,576,576
505,1,1,1,1,1,1,1,1,0,1,0,0,0,0,0,0,0,0,0.000424271076390315,0.000424295663833618,1,0,576,576
506,1,1,1,1,1,1,1,1,0,1,0,0,0,0,0,0,0,0,0.000261169798322691,0.000261157751083374,1,0,576,576
507,1,1,1,1,1,1,1,1,0,1,0,0,0,0,0,0,0,0,0.000261169798322691,0.000261157751083374,1,0,576,576
508,1,1,1,1,1,1,1,1,0,1,0,0,0,0,0,0,0,0,0.00131666107663925,0.00131666660308838,1,0,576,576
509,1,1,1,1,1,1,1,1,0,1,0,0,0,0,0,0,0,0,0.00131666107663925,0.00131663680076599,1,0,576,576
510,1,1,1,1,1,1,1,1,0,1,0,0,0,0,0,0,0,0,0.000424271076390315,0.000424295663833618,1,0,576,576
511,1,1,1,1,1,1,1,1,0,1,0,0,0,0,0,0,0,0,0.00019070526194126,0.000190705060958862,1,0,576,576
512,1,1,1,1,1,1,1,1,0,1,0,0,0,0,0,0,0,0,0.00368333892336076,0.00368335843086243,1,0,576,576
513,1,1,1,1,1,1,1,1,0,1,0,0,0,0,0,0,0,0,0.000117200005060603,0.000117182731628418,1,0,576,576
514,1,1,1,1,1,1,1,1,0,1,0,0,0,0,0,0,0,0,0.000117200005060603,0.000117182731628418,1,0,576,576
515,1,1,1,1,1,1,1,1,0,1,0,0,0,0,0,0,0,0,0.0048827999949394,0.0048828125,1,0,576,576
516,1,1,1,1,1,1,1,1,0,1,0,0,0,0,0,0,0,0,0.00100875580963738,0.00100874900817871,1,0,576,576
517,1,1,1,1,1,1,1,1,0,1,0,0,0,0,0,0,0,0,0.00100875580963738,0.00100874900817871,1,0,576,576
518,1,1,1,1,1,1,1,1,0,1,0,0,0,0,0,0,0,0,0.00100875580963738,0.00100874900817871,1,0,576,576
519,1,1,1,1,1,1,1,1,0,1,0,0,0,0,0,0,0,0,0.00100875580963738,0.00100874900817871,1,0,576,576
520,1,1,1,1,1,1,1,1,0,1,0,0,0,0,0,0,0,0,0.00100875580963738,0.00100874900817871,1,0,576,576
521,1,1,1,1,1,1,1,1,0,1,0,0,0,0,0,0,0,0,0.00100875580963738,0.00100874900817871,1,0,576,576
522,1,1,1,1,1,1,1,1,0,1,0,0,0,0,0,0,0,0,0.00100875580963738,0.00100874900817871,1,0,576,576
523,1,1,1,1,1,1,1,1,0,1,0,0,0,0,0,0,0,0,0.00100875580963738,0.00100874900817871,1,0,576,576
524,1,1,1,1,1,1,1,1,0,1,0,0,0,0,0,0,0,0,0.00100875580963738,0.00100874900817871,1,0,576,576
525,1,1,1,1,1,1,1,1,0,1,0,0,0,0,0,0,0,0,0.00104129370303491,0.00104129314422607,1,0,576,576
526,1,1,1,1,1,1,1,1,0,1,0,0,0,0,0,0,0,0,0.00104129370303491,0.00104129314422607,1,0,576,576
527,1,1,1,1,1,1,1,1,0,1,0,0,0,0,0,0,0,0,0.000174974197945876,0.000174969434738159,1,0,576,576
528,1,1,1,1,1,1,1,1,0,1,0,0,0,0,0,0,0,0,0.00104129370303491,0.00104129314422607,1,0,576,576
529,1,1,1,1,1,1,1,1,0,1,0,0,0,0,0,0,0,0,0.000174974197945876,0.000174969434738159,1,0,576,576
530,1,1,1,1,1,1,1,1,0,1,0,0,0,0,0,0,0,0,0.000174974197945876,0.000174969434738159,1,0,576,576
531,1,1,1,1,1,1,1,1,0,1,0,0,0,0,0,0,0,0,0.000174974197945876,0.000174969434738159,1,0,576,576
532,1,1,1,1,1,1,1,1,0,1,0,0,0,0,0,0,0,0,0.00104129370303491,0.00104129314422607,1,0,576,576
533,1,1,1,1,1,1,1,1,0,1,0,0,0,0,0,0,0,0,0.00104129370303491,0.00104129314422607,1,0,576,576
534,1,1,1,1,1,1,1,1,0,1,0,0,0,0,0,0,0,0,0.00104129370303491,0.00104129314422607,1,0,576,576
535,1,1,1,1,1,1,1,1,0,1,0,0,0,0,0,0,0,0,0.00104129370303491,0.00104129314422607,1,0,576,576
536,1,1,1,1,1,1,1,1,0,1,0,0,0,0,0,0,0,0,0.00104129370303491,0.00104129314422607,1,0,576,576
537,1,1,1,1,1,1,1,1,0,1,0,0,0,0,0,0,0,0,0.000174974197945876,0.000174969434738159,1,0,576,576
538,1,1,1,1,1,1,1,1,0,1,0,0,0,0,0,0,0,0,0.000174974197945876,0.000174969434738159,1,0,576,576
539,1,1,1,1,1,1,1,1,0,1,0,0,0,0,0,0,0,0,0.000174974197945876,0.000174969434738159,1,0,576,576
540,1,1,1,1,1,1,1,1,0,1,0,0,0,0,0,0,0,0,0.000174974197945876,0.000174969434738159,1,0,576,576
541,1,1,1,1,1,1,1,1,0,1,0,0,0,0,0,0,0,0,0.000174974197945876,0.000174969434738159,1,0,576,576
542,1,1,1,1,1,1,1,1,0,1,0,0,0,0,0,0,0,0,0.000174974197945876,0.000174969434738159,1,0,576,576
543,1,1,1,1,1,1,1,1,0,1,0,0,0,0,0,0,0,0,0.000174974197945876,0.000174969434738159,1,0,576,576
544,1,1,1,1,1,1,1,1,0,1,0,0,0,0,0,0,0,0,0.00104129370303491,0.00104129314422607,1,0,576,576
545,1,1,1,1,1,1,1,1,0,1,0,0,0,0,0,0,0,0,0.000174974197945876,0.000174969434738159,1,0,576,576
546,1,1,1,1,1,1,1,1,0,1,0,0,0,0,0,0,0,0,0.000174974197945876,0.000174969434738159,1,0,576,576
547,1,1,1,1,1,1,1,1,0,1,0,0,0,0,0,0,0,0,0.00517497419794588,0.00517496466636658,1,0,576,576
548,1,1,1,1,1,1,1,1,0,1,0,0,0,0,0,0,0,0,0.00517497419794588,0.00517499446868896,1,0,576,576
549,1,1,1,1,1,1,1,1,0,1,0,0,0,0,0,0,0,0,0.00517497419794588,0.00517496466636658,1,0,576,576
550,1,1,1,1,1,1,1,1,0,1,0,0,0,0,0,0,0,0,0.00517497419794588,0.00517496466636658,1,0,576,576
551,1,1,1,1,1,1,1,1,0,1,0,0,0,0,0,0,0,0,0.00570011132162085,0.00570011138916016,1,0,576,576
552,1,1,1,1,1,1,1,1,0,1,0,0,0,0,0,0,0,0,0.00570011132162085,0.00570011138916016,1,0,576,576
553,1,1,1,1,1,1,1,1,0,1,0,0,0,0,0,0,0,0,0.000700111321620844,0.000700116157531738,1,0,576,576
554,1,1,1,1,1,1,1,1,0,1,0,0,0,0,0,0,0,0,0.000700111321620844,0.000700116157531738,1,0,576,576
555,1,1,1,1,1,1,1,1,0,1,0,0,0,0,0,0,0,0,0.000700111321620844,0.000700116157531738,1,0,576,576
556,1,1,1,1,1,1,1,1,0,1,0,0,0,0,0,0,0,0,0.00440755607631083,0.00440755486488342,1,0,576,576
557,1,1,1,1,1,1,1,1,0,1,0,0,0,0,0,0,0,0,0.00440755607631083,0.00440755486488342,1,0,576,576
558,1,1,1,1,1,1,1,1,0,1,0,0,0,0,0,0,0,0,0.00440755607631083,0.00440755486488342,1,0,576,576
559,1,1,1,1,1,1,1,1,0,1,0,0,0,0,0,0,0,0,0.00440755607631083,0.00440755486488342,1,0,576,576
560,1,1,1,1,1,1,1,1,0,1,0,0,0,0,0,0,0,0,0.00440755607631083,0.00440755486488342,1,0,576,576
561,1,1,1,1,1,1,1,1,0,1,0,0,0,0,0,0,0,0,0.00440755607631083,0.00440755486488342,1,0,576,576
562,1,1,1,1,1,1,1,1,0,1,0,0,0,0,0,0,0,0,0.00440755607631083,0.00440755486488342,1,0,576,576
563,1,1,1,1,1,1,1,1,0,1,0,0,0,0,0,0,0,0,0.00440755607631083,0.00440755486488342,1,0,576,576
564,1,1,1,1,1,1,1,1,0,1,0,0,0,0,0,0,0,0,0.00440755607631083,0.00440755486488342,1,0,576,576
565,1,1,1,1,1,1,1,1,0,1,0,0,0,0,0,0,0,0,0.000157373601000599,0.000157356262207031,1,0,576,576
566,1,1,1,1,1,1,1,1,0,1,0,0,0,0,0,0,0,0,0.000157373601000599,0.000157356262207031,1,0,576,576
567,1,1,1,1,1,1,1,1,0,1,0,0,0,0,0,0,0,0,0.000157373601000599,0.000157356262207031,1,0,576,576
568,1,1,1,1,1,1,1,1,0,1,0,0,0,0,0,0,0,0,0.000291476178345129,0.000291496515274048,1,0,576,576
569,1,1,1,1,1,1,1,1,0,1,0,0,0,0,0,0,0,0,0.00256312392197144,0.00256311893463135,1,0,576,576
570,1,1,1,1,1,1,1,1,0,1,0,0,0,0,0,0,0,0,0.0051573736010006,0.00515735149383545,1,0,576,576
571,1,1,1,1,1,1,1,1,0,1,0,0,0,0,0,0,0,0,0.00338839964209342,0.00338840484619141,1,0,576,576
572,1,1,1,1,1,1,1,1,0,1,0,0,0,0,0,0,0,0,0.000794149963064261,0.000794172286987305,1,0,576,576
573,1,1,1,1,1,1,1,1,0,1,0,0,0,0,0,0,0,0,0.00579414996306427,0.00579416751861572,1,0,576,576
574,1,1,1,1,1,1,1,1,0,1,0,0,0,0,0,0,0,0,0.0051573736010006,0.00515735149383545,1,0,576,576
575,1,1,1,1,1,1,1,1,0,1,0,0,0,0,0,0,0,0,0.00579414996306427,0.00579416751861572,1,0,576,576
576,1,1,1,1,1,1,1,1,0,1,0,0,0,0,0,0,0,0,0.000794149963064261,0.000794172286987305,1,0,576,576
577,1,1,1,1,1,1,1,1,0,1,0,0,0,0,0,0,0,0,0.00579414996306427,0.00579416751861572,1,0,576,576
578,1,1,1,1,1,1,1,1,0,1,0,0,0,0,0,0,0,0,0.000794149963064261,0.000794172286987305,1,0,576,576
579,1,1,1,1,1,1,1,1,0,1,0,0,0,0,0,0,0,0,0.00579414996306427,0.00579416751861572,1,0,576,576
580,1,1,1,1,1,1,1,1,0,1,0,0,0,0,0,0,0,0,0.00585690018504531,0.00585690140724182,1,0,576,576
581,1,1,1,1,1,1,1,1,0,1,0,0,0,0,0,0,0,0,0.0015106095473964,0.0015106201171875,1,0,576,576
582,1,1,1,1,1,1,1,1,0,1,0,0,0,0,0,0,0,0,0.000794149963064261,0.000794172286987305,1,0,576,576
583,1,1,1,1,1,1,1,1,0,1,0,0,0,0,0,0,0,0,0.0015106095473964,0.0015106201171875,1,0,576,576
584,1,1,1,1,1,1,1,1,0,1,0,0,0,0,0,0,0,0,0.000794149963064261,0.000794172286987305,1,0,576,576
585,1,1,1,1,1,1,1,1,0,1,0,0,0,0,0,0,0,0,0.0015106095473964,0.0015106201171875,1,0,576,576
586,1,1,1,1,1,1,1,1,0,1,0,0,0,0,0,0,0,0,0.00585690018504531,0.00585690140724182,1,0,576,576
587,1,1,1,1,1,1,1,1,0,1,0,0,0,0,0,0,0,0,0.000856900185045306,0.000856906175613403,1,0,576,576
588,1,1,1,1,1,1,1,1,0,1,0,0,0,0,0,0,0,0,0.00124285355719378,0.00124287605285645,1,0,576,576
589,1,1,1,1,1,1,1,1,0,1,0,0,0,0,0,0,0,0,0.000856900185045306,0.000856906175613403,1,0,576,576
590,1,1,1,1,1,1,1,1,0,1,0,0,0,0,0,0,0,0,0.00195931314152592,0.00195932388305664,1,0,576,576
591,1,1,1,1,1,1,1,1,0,1,0,0,0,0,0,0,0,0,0.000856900185045306,0.000856906175613403,1,0,576,576
592,1,1,1,1,1,1,1,1,0,1,0,0,0,0,0,0,0,0,0.00269678928804074,0.00269678235054016,1,0,576,576
593,1,1,1,1,1,1,1,1,0,1,0,0,0,0,0,0,0,0,0.00269678928804074,0.00269678235054016,1,0,576,576
594,1,1,1,1,1,1,1,1,0,1,0,0,0,0,0,0,0,0,0.00195931314152592,0.00195932388305664,1,0,576,576
595,1,1,1,1,1,1,1,1,0,1,0,0,0,0,0,0,0,0,0.00195931314152592,0.00195932388305664,1,0,576,576
596,1,1,1,1,1,1,1,1,0,1,0,0,0,0,0,0,0,0,0.000120420627534867,0.000120401382446289,1,0,576,576
597,1,1,1,1,1,1,1,1,0,1,0,0,0,0,0,0,0,0,0.000120420627534867,0.000120401382446289,1,0,576,576
598,1,1,1,1,1,1,1,1,0,1,0,0,0,0,0,0,0,0,0.000120420627534867,0.000120401382446289,1,0,576,576
599,1,1,1,1,1,1,1,1,0,1,0,0,0,0,0,0,0,0,0.00512042062753487,0.00512039661407471,1,0,576,576
600,1,1,1,1,1,1,1,1,0,1,0,0,0,0,0,0,0,0,0.00430397477198335,0.00430396199226379,1,0,576,576
601,1,1,1,1,1,1,1,1,0,1,0,0,0,0,0,0,0,0,0.00512042062753487,0.00512039661407471,1,0,576,576
602,1,1,1,1,1,1,1,1,0,1,0,0,0,0,0,0,0,0,0.00713213106719512,0.0071321427822113,1,0,576,576
603,1,1,1,1,1,1,1,1,0,1,0,0,0,0,0,0,0,0,0.00713213106719512,0.00713211297988892,1,0,576,576
604,1,1,1,1,1,1,1,1,0,1,0,0,0,0,0,0,0,0,0.00713213106719512,0.0071321427822113,1,0,576,576
605,1,1,1,1,1,1,1,1,0,1,0,0,0,0,0,0,0,0,0.00713213106719512,0.00713211297988892,1,0,576,576
606,1,1,1,1,1,1,1,1,0,1,0,0,0,0,0,0,0,0,0.00213213106719512,0.0021321177482605,1,0,576,576
607,1,1,1,1,1,1,1,1,0,1,0,0,0,0,0,0,0,0,0.00099870796524959,0.000998705625534058,1,0,576,576
608,1,1,1,1,1,1,1,1,0,1,0,0,0,0,0,0,0,0,0.000291500272299017,0.000291496515274048,1,0,576,576
609,1,1,1,1,1,1,1,1,0,1,0,0,0,0,0,0,0,0,0.00126787306664333,0.00126788020133972,1,0,576,576
610,1,1,1,1,1,1,1,1,0,1,0,0,0,0,0,0,0,0,0.00126787306664333,0.00126788020133972,1,0,576,576
611,1,1,1,1,1,1,1,1,0,1,0,0,0,0,0,0,0,0,0.00126787306664333,0.00126788020133972,1,0,576,576
612,1,1,1,1,1,1,1,1,0,1,0,0,0,0,0,0,0,0,0.00126787306664333,0.00126788020133972,1,0,576,576
613,1,1,1,1,1,1,1,1,0,1,0,0,0,0,0,0,0,0,0.00126787306664333,0.00126788020133972,1,0,576,576
614,1,1,1,1,1,1,1,1,0,1,0,0,0,0,0,0,0,0,0.00126787306664333,0.00126788020133972,1,0,576,576
615,1,1,1,1,1,1,1,1,0,1,0,0,0,0,0,0,0,0,0.00126787306664333,0.00126788020133972,1,0,576,576
616,1,1,1,1,1,1,1,1,0,1,0,0,0,0,0,0,0,0,0.00626787306664334,0.00626787543296814,1,0,576,576
617,1,1,1,1,1,1,1,1,0,1,0,0,0,0,0,0,0,0,0.0036759020144021,0.0036759078502655,1,0,576,576
618,1,1,1,1,1,1,1,1,0,1,0,0,0,0,0,0,0,0,0.0086759020144021,0.00867590308189392,1,0,576,576
619,1,1,1,1,1,1,1,1,0,1,0,0,0,0,0,0,0,0,0.0036759020144021,0.0036759078502655,1,0,576,576
620,1,1,1,1,1,1,1,1,0,1,0,0,0,0,0,0,0,0,0.0036759020144021,0.0036759078502655,1,0,576,576
621,1,1,1,1,1,1,1,1,0,1,0,0,0,0,0,0,0,0,0.0036759020144021,0.0036759078502655,1,0,576,576
622,1,1,1,1,1,1,1,1,0,1,0,0,0,0,0,0,0,0,0.00834604497590213,0.00834605097770691,1,0,576,576
623,1,1,1,1,1,1,1,1,0,1,0,0,0,0,0,0,0,0,0.00334604497590213,0.00334605574607849,1,0,576,576
624,1,1,1,1,1,1,1,1,0,1,0,0,0,0,0,0,0,0,0.00334604497590213,0.0033460259437561,1,0,576,576
625,1,1,1,1,1,1,1,1,0,1,0,0,0,0,0,0,0,0,0.00334604497590213,0.00334605574607849,1,0,576,576
626,1,1,1,1,1,1,1,1,0,1,0,0,0,0,0,0,0,0,0.00834604497590213,0.00834605097770691,1,0,576,576
627,1,1,1,1,1,1,1,1,0,1,0,0,0,0,0,0,0,0,0.00834604497590213,0.00834605097770691,1,0,576,576
628,1,1,1,1,1,1,1,1,0,1,0,0,0,0,0,0,0,0,0.00834604497590213,0.00834605097770691,1,0,576,576
629,1,1,1,1,1,1,1,1,0,1,0,0,0,0,0,0,0,0,0.00334604497590213,0.00334605574607849,1,0,576,576
630,1,1,1,1,1,1,1,1,0,1,0,0,0,0,0,0,0,0,0.00334604497590213,0.0033460259437561,1,0,576,576
631,1,1,1,1,1,1,1,1,0,1,0,0,0,0,0,0,0,0,0.000275897880563647,0.000275909900665283,1,0,576,576
632,1,1,1,1,1,1,1,1,0,1,0,0,0,0,0,0,0,0,0.00527589788056365,0.0052759051322937,1,0,576,576
633,1,1,1,1,1,1,1,1,0,1,0,0,0,0,0,0,0,0,0.00834604497590213,0.00834605097770691,1,0,576,576
634,1,1,1,1,1,1,1,1,0,1,0,0,0,0,0,0,0,0,0.00527589788056365,0.0052759051322937,1,0,576,576
635,1,1,1,1,1,1,1,1,0,1,0,0,0,0,0,0,0,0,0.00334604497590213,0.00334605574607849,1,0,576,576
636,1,1,1,1,1,1,1,1,0,1,0,0,0,0,0,0,0,0,0.00334604497590213,0.0033460259437561,1,0,576,576
637,1,1,1,1,1,1,1,1,0,1,0,0,0,0,0,0,0,0,0.000275897880563647,0.000275909900665283,1,0,576,576
638,1,1,1,1,1,1,1,1,0,1,0,0,0,0,0,0,0,0,0.00527589788056365,0.0052759051322937,1,0,576,576
639,1,1,1,1,1,1,1,1,0,1,0,0,0,0,0,0,0,0,0.00539631850809852,0.00539630651473999,1,0,576,576
640,1,1,1,1,1,1,1,1,0,1,0,0,0,0,0,0,0,0,0.000396318508098514,0.000396311283111572,1,0,576,576
641,1,1,1,1,1,1,1,1,0,1,0,0,0,0,0,0,0,0,0.000396318508098514,0.000396311283111572,1,0,576,576
642,1,1,1,1,1,1,1,1,0,1,0,0,0,0,0,0,0,0,0.000396318508098514,0.000396311283111572,1,0,576,576
643,1,1,1,1,1,1,1,1,0,1,0,0,0,0,0,0,0,0,0.00460368149190149,0.00460368394851685,1,0,576,576
644,1,1,1,1,1,1,1,1,0,1,0,0,0,0,0,0,0,0,0.000396318508098514,0.000396311283111572,1,0,576,576
645,1,1,1,1,1,1,1,1,0,1,0,0,0,0,0,0,0,0,0.000396318508098514,0.000396311283111572,1,0,576,576
646,1,1,1,1,1,1,1,1,0,1,0,0,0,0,0,0,0,0,0.000228743489103678,0.000228762626647949,1,0,576,576
647,1,1,1,1,1,1,1,1,0,1,0,0,0,0,0,0,0,0,0.000228743489103678,0.000228732824325562,1,0,576,576
648,1,1,1,1,1,1,1,1,0,1,0,0,0,0,0,0,0,0,0.00477125651089633,0.00477126240730286,1,0,576,576
649,1,1,1,1,1,1,1,1,0,1,0,0,0,0,0,0,0,0,0.00477125651089633,0.00477126240730286,1,0,576,576
650,1,1,1,1,1,1,1,1,0,1,0,0,0,0,0,0,0,0,0.004579872652547,0.00457987189292908,1,0,576,576
651,1,1,1,1,1,1,1,1,0,1,0,0,0,0,0,0,0,0,0.000420127347453003,0.000420123338699341,1,0,576,576
652,1,1,1,1,1,1,1,1,0,1,0,0,0,0,0,0,0,0,0.004579872652547,0.00457987189292908,1,0,576,576
653,1,1,1,1,1,1,1,1,0,1,0,0,0,0,0,0,0,0,0.004579872652547,0.00457987189292908,1,0,576,576
654,1,1,1,1,1,1,1,1,0,1,0,0,0,0,0,0,0,0,0.000420127347453003,0.000420123338699341,1,0,576,576
655,1,1,1,1,1,1,1,1,0,1,0,0,0,0,0,0,0,0,0.00223655510299575,0.00223654508590698,1,0,576,576
656,1,1,1,1,1,1,1,1,0,1,0,0,0,0,0,0,0,0,0.000420127347453003,0.000420123338699341,1,0,576,576
657,1,1,1,1,1,1,1,1,0,1,0,0,0,0,0,0,0,0,0.00162825841461056,0.00162824988365173,1,0,576,576
658,1,1,1,1,1,1,1,1,0,1,0,0,0,0,0,0,0,0,0.00318357224445726,0.00318357348442078,1,0,576,576
659,1,1,1,1,1,1,1,1,0,1,0,0,0,0,0,0,0,0,0.00337174158538944,0.00337174534797668,1,0,576,576
660,1,1,1,1,1,1,1,1,0,1,0,0,0,0,0,0,0,0,0.00318357224445726,0.00318357348442078,1,0,576,576
661,1,1,1,1,1,1,1,1,0,1,0,0,0,0,0,0,0,0,0.00318357224445726,0.00318357348442078,1,0,576,576
662,1,1,1,1,1,1,1,1,0,1,0,0,0,0,0,0,0,0,0.00100041522127514,0.00100040435791016,1,0,576,576
663,1,1,1,1,1,1,1,1,0,1,0,0,0,0,0,0,0,0,0.00318357224445726,0.00318357348442078,1,0,576,576
664,1,1,1,1,1,1,1,1,0,1,0,0,0,0,0,0,0,0,0.00062784319333542,0.000627845525741577,1,0,576,576
665,1,1,1,1,1,1,1,1,0,1,0,0,0,0,0,0,0,0,0.00118858456220733,0.00118857622146606,1,0,576,576
666,1,1,1,1,1,1,1,1,0,1,0,0,0,0,0,0,0,0,0.00437215680666458,0.00437217950820923,1,0,576,576
667,1,1,1,1,1,1,1,1,0,1,0,0,0,0,0,0,0,0,0.00062784319333542,0.000627845525741577,1,0,576,576
668,1,1,1,1,1,1,1,1,0,1,0,0,0,0,0,0,0,0,0.00337174158538944,0.00337174534797668,1,0,576,576
669,1,1,1,1,1,1,1,1,0,1,0,0,0,0,0,0,0,0,0.00100041522127514,0.00100040435791016,1,0,576,576
670,1,1,1,1,1,1,1,1,0,1,0,0,0,0,0,0,0,0,0.00600041522127515,0.00600042939186096,1,0,576,576
671,1,1,1,1,1,1,1,1,0,1,0,0,0,0,0,0,0,0,0.00100041522127514,0.00100040435791016,1,0,576,576
672,1,1,1,1,1,1,1,1,0,1,0,0,0,0,0,0,0,0,0.00062784319333542,0.000627845525741577,1,0,576,576
673,1,1,1,1,1,1,1,1,0,1,0,0,0,0,0,0,0,0,0.00399958477872486,0.00399959087371826,1,0,576,576
674,1,1,1,1,1,1,1,1,0,1,0,0,0,0,0,0,0,0,0.00100041522127514,0.00100040435791016,1,0,576,576
675,1,1,1,1,1,1,1,1,0,1,0,0,0,0,0,0,0,0,0.00060829668838519,0.000608295202255249,1,0,576,576
676,1,1,1,1,1,1,1,1,0,1,0,0,0,0,0,0,0,0,0.000188169340932187,0.000188171863555908,1,0,576,576
677,1,1,1,1,1,1,1,1,0,1,0,0,0,0,0,0,0,0,0.00060829668838519,0.000608295202255249,1,0,576,576
678,1,1,1,1,1,1,1,1,0,1,0,0,0,0,0,0,0,0,0.00063329619262481,0.000633299350738525,1,0,576,576
679,1,1,1,1,1,1,1,1,0,1,0,0,0,0,0,0,0,0,0.00118858456220733,0.00118857622146606,1,0,576,576
680,1,1,1,1,1,1,1,1,0,1,0,0,0,0,0,0,0,0,0.00104633646286645,0.00104635953903198,1,0,576,576
681,1,1,1,1,1,1,1,1,0,1,0,0,0,0,0,0,0,0,0.00118858456220733,0.00118857622146606,1,0,576,576
682,1,1,1,1,1,1,1,1,0,1,0,0,0,0,0,0,0,0,0.00063329619262481,0.000633299350738525,1,0,576,576
683,1,1,1,1,1,1,1,1,0,1,0,0,0,0,0,0,0,0,0.00118858456220733,0.00118857622146606,1,0,576,576
684,1,1,1,1,1,1,1,1,0,1,0,0,0,0,0,0,0,0,0.00063329619262481,0.000633299350738525,1,0,576,576
685,1,1,1,1,1,1,1,1,0,1,0,0,0,0,0,0,0,0,0.00118858456220733,0.00118857622146606,1,0,576,576
686,1,1,1,1,1,1,1,1,0,1,0,0,0,0,0,0,0,0,0.00381141543779268,0.00381141901016235,1,0,576,576
687,1,1,1,1,1,1,1,1,0,1,0,0,0,0,0,0,0,0,0.00106148997705474,0.00106149911880493,1,0,576,576
688,1,1,1,1,1,1,1,1,0,1,0,0,0,0,0,0,0,0,0.000962132720207953,0.000962138175964355,1,0,576,576
689,1,1,1,1,1,1,1,1,0,1,0,0,0,0,0,0,0,0,0.00381141543779268,0.00381141901016235,1,0,576,576
690,1,1,1,1,1,1,1,1,0,1,0,0,0,0,0,0,0,0,0.000962132720207953,0.000962138175964355,1,0,576,576
691,1,1,1,1,1,1,1,1,0,1,0,0,0,0,0,0,0,0,0.00381141543779268,0.00381141901016235,1,0,576,576
692,1,1,1,1,1,1,1,1,0,1,0,0,0,0,0,0,0,0,0.00471652323305349,0.00471654534339905,1,0,576,576
693,1,1,1,1,1,1,1,1,0,1,0,0,0,0,0,0,0,0,0.00471652323305349,0.00471654534339905,1,0,576,576
694,1,1,1,1,1,1,1,1,0,1,0,0,0,0,0,0,0,0,0.00471652323305349,0.00471654534339905,1,0,576,576
695,1,1,1,1,1,1,1,1,0,1,0,0,0,0,0,0,0,0,0.00448264779037516,0.00448265671730042,1,0,576,576
696,1,1,1,1,1,1,1,1,0,1,0,0,0,0,0,0,0,0,0.000226451841999376,0.000226438045501709,1,0,576,576
697,1,1,1,1,1,1,1,1,0,1,0,0,0,0,0,0,0,0,0.0045396727153223,0.00453966856002808,1,0,576,576
698,1,1,1,1,1,1,1,1,0,1,0,0,0,0,0,0,0,0,0.000226451841999376,0.000226438045501709,1,0,576,576
699,1,1,1,1,1,1,1,1,0,1,0,0,0,0,0,0,0,0,0.0045396727153223,0.00453966856002808,1,0,576,576
700,1,1,1,1,1,1,1,1,0,1,0,0,0,0,0,0,0,0,0.000226451841999376,0.000226438045501709,1,0,576,576
701,1,1,1,1,1,1,1,1,0,1,0,0,0,0,0,0,0,0,0.0045396727153223,0.00453966856002808,1,0,576,576
702,1,1,1,1,1,1,1,1,0,1,0,0,0,0,0,0,0,0,0.000226451841999376,0.000226438045501709,1,0,576,576
703,1,1,1,1,1,1,1,1,0,1,0,0,0,0,0,0,0,0,0.00388803908640739,0.00388804078102112,1,0,576,576
704,1,1,1,1,1,1,1,1,0,1,0,0,0,0,0,0,0,0,0.000226451841999376,0.000226438045501709,1,0,576,576
705,1,1,1,1,1,1,1,1,0,1,0,0,0,0,0,0,0,0,0.00388803908640739,0.00388804078102112,1,0,576,576
706,1,1,1,1,1,1,1,1,0,1,0,0,0,0,0,0,0,0,0.000885509071593238,0.000885516405105591,1,0,576,576
707,1,1,1,1,1,1,1,1,0,1,0,0,0,0,0,0,0,0,0.00388803908640739,0.00388804078102112,1,0,576,576
708,1,1,1,1,1,1,1,1,0,1,0,0,0,0,0,0,0,0,0.00388803908640739,0.00388804078102112,1,0,576,576
709,1,1,1,1,1,1,1,1,0,1,0,0,0,0,0,0,0,0,0.000885509071593238,0.000885516405105591,1,0,576,576
710,1,1,1,1,1,1,1,1,0,1,0,0,0,0,0,0,0,0,0.00250577901874643,0.00250577926635742,1,0,576,576
711,1,1,1,1,1,1,1,1,0,1,0,0,0,0,0,0,0,0,0.00339128809033967,0.00339129567146301,1,0,576,576
712,1,1,1,1,1,1,1,1,0,1,0,0,0,0,0,0,0,0,0.00477125651089633,0.00477126240730286,1,0,576,576
713,1,1,1,1,1,1,1,1,0,1,0,0,0,0,0,0,0,0,0.00339128809033967,0.00339129567146301,1,0,576,576
714,1,1,1,1,1,1,1,1,0,1,0,0,0,0,0,0,0,0,0.00339128809033967,0.00339129567146301,1,0,576,576
715,1,1,1,1,1,1,1,1,0,1,0,0,0,0,0,0,0,0,0.00315741264766134,0.00315740704536438,1,0,576,576
716,1,1,1,1,1,1,1,1,0,1,0,0,0,0,0,0,0,0,0.00315741264766134,0.00315740704536438,1,0,576,576
717,1,1,1,1,1,1,1,1,0,1,0,0,0,0,0,0,0,0,0.00160871190966033,0.00160869956016541,1,0,576,576
718,1,1,1,1,1,1,1,1,0,1,0,0,0,0,0,0,0,0,0.00296309430590974,0.00296309590339661,1,0,576,576
719,1,1,1,1,1,1,1,1,0,1,0,0,0,0,0,0,0,0,0.00296309430590974,0.00296309590339661,1,0,576,576
720,1,1,1,1,1,1,1,1,0,1,0,0,0,0,0,0,0,0,0.00296309430590974,0.00296309590339661,1,0,576,576
721,1,1,1,1,1,1,1,1,0,1,0,0,0,0,0,0,0,0,0.00184258735233866,0.00184258818626404,1,0,576,576
722,1,1,1,1,1,1,1,1,0,1,0,0,0,0,0,0,0,0,0.000420127347457333,0.000420123338699341,1,0,576,576
723,1,1,1,1,1,1,1,1,0,1,0,0,0,0,0,0,0,0,0.00315741264766134,0.00315740704536438,1,0,576,576
724,1,1,1,1,1,1,1,1,0,1,0,0,0,0,0,0,0,0,0.000420127347457333,0.000420123338699341,1,0,576,576
725,1,1,1,1,1,1,1,1,0,1,0,0,0,0,0,0,0,0,0.00184258735233866,0.00184258818626404,1,0,576,576
726,1,1,1,1,1,1,1,1,0,1,0,0,0,0,0,0,0,0,0.000420127347457333,0.000420123338699341,1,0,576,576
727,1,1,1,1,1,1,1,1,0,1,0,0,0,0,0,0,0,0,0.00184258735233866,0.00184258818626404,1,0,576,576
728,1,1,1,1,1,1,1,1,0,1,0,0,0,0,0,0,0,0,0.000420127347457333,0.000420123338699341,1,0,576,576
729,1,1,1,1,1,1,1,1,0,1,0,0,0,0,0,0,0,0,0.000420127347457333,0.000420123338699341,1,0,576,576
730,1,1,1,1,1,1,1,1,0,1,0,0,0,0,0,0,0,0,0.000420127347457333,0.000420123338699341,1,0,576,576
731,1,1,1,1,1,1,1,1,0,1,0,0,0,0,0,0,0,0,0.000420127347457333,0.000420123338699341,1,0,576,576
732,1,1,1,1,1,1,1,1,0,1,0,0,0,0,0,0,0,0,0.00457987265254267,0.00457987189292908,1,0,576,576
733,1,1,1,1,1,1,1,1,0,1,0,0,0,0,0,0,0,0,0.00457987265254267,0.00457987189292908,1,0,576,576
734,1,1,1,1,1,1,1,1,0,1,0,0,0,0,0,0,0,0,0.00457987265254267,0.00457987189292908,1,0,576,576
735,1,1,1,1,1,1,1,1,0,1,0,0,0,0,0,0,0,0,0.00272747058269207,0.00272747874259949,1,0,576,576
736,1,1,1,1,1,1,1,1,0,1,0,0,0,0,0,0,0,0,0.000420127347457333,0.000420123338699341,1,0,576,576
737,1,1,1,1,1,1,1,1,0,1,0,0,0,0,0,0,0,0,0.0018524020698506,0.00185239315032959,1,0,576,576
738,1,1,1,1,1,1,1,1,0,1,0,0,0,0,0,0,0,0,0.0018524020698506,0.00185239315032959,1,0,576,576
739,1,1,1,1,1,1,1,1,0,1,0,0,0,0,0,0,0,0,0.0031475979301494,0.00314760208129883,1,0,576,576
740,1,1,1,1,1,1,1,1,0,1,0,0,0,0,0,0,0,0,0.000420127347457333,0.000420123338699341,1,0,576,576
741,1,1,1,1,1,1,1,1,0,1,0,0,0,0,0,0,0,0,0.00457987265254267,0.00457987189292908,1,0,576,576
742,1,1,1,1,1,1,1,1,0,1,0,0,0,0,0,0,0,0,0.00457987265254267,0.00457987189292908,1,0,576,576
743,1,1,1,1,1,1,1,1,0,1,0,0,0,0,0,0,0,0,0.00142246000488133,0.0014224648475647,1,0,576,576
744,1,1,1,1,1,1,1,1,0,1,0,0,0,0,0,0,0,0,0.00457987265254267,0.00457987189292908,1,0,576,576
745,1,1,1,1,1,1,1,1,0,1,0,0,0,0,0,0,0,0,0.000420127347457333,0.000420123338699341,1,0,576,576
746,1,1,1,1,1,1,1,1,0,1,0,0,0,0,0,0,0,0,0.00457987265254267,0.00457987189292908,1,0,576,576
747,1,1,1,1,1,1,1,1,0,1,0,0,0,0,0,0,0,0,0.000420127347457333,0.000420123338699341,1,0,576,576
748,1,1,1,1,1,1,1,1,0,1,0,0,0,0,0,0,0,0,0.00457987265254267,0.00457987189292908,1,0,576,576
749,1,1,1,1,1,1,1,1,0,1,0,0,0,0,0,0,0,0,0.00457987265254267,0.00457987189292908,1,0,576,576
750,1,1,1,1,1,1,1,1,0,1,0,0,0,0,0,0,0,0,0.00457987265254267,0.00457987189292908,1,0,576,576
751,1,1,1,1,1,1,1,1,0,1,0,0,0,0,0,0,0,0,0.00457987265254267,0.00457987189292908,1,0,576,576
752,1,1,1,1,1,1,1,1,0,1,0,0,0,0,0,0,0,0,0.00142246000488133,0.0014224648475647,1,0,576,576
753,1,1,1,1,1,1,1,1,0,1,0,0,0,0,0,0,0,0,0.00457987265254267,0.00457987189292908,1,0,576,576
754,1,1,1,1,1,1,1,1,0,1,0,0,0,0,0,0,0,0,0.00142246000488133,0.0014224648475647,1,0,576,576
755,1,1,1,1,1,1,1,1,0,1,0,0,0,0,0,0,0,0,0.00457987265254267,0.00457987189292908,1,0,576,576
756,1,1,1,1,1,1,1,1,0,1,0,0,0,0,0,0,0,0,0.00457987265254267,0.00457987189292908,1,0,576,576
757,1,1,1,1,1,1,1,1,0,1,0,0,0,0,0,0,0,0,0.000420127347457333,0.000420123338699341,1,0,576,576
758,1,1,1,1,1,1,1,1,0,1,0,0,0,0,0,0,0,0,0.00457987265254267,0.00457987189292908,1,0,576,576
759,1,1,1,1,1,1,1,1,0,1,0,0,0,0,0,0,0,0,0.00457987265254267,0.00457987189292908,1,0,576,576
760,1,1,1,1,1,1,1,1,0,1,0,0,0,0,0,0,0,0,0.00457987265254267,0.00457987189292908,1,0,576,576
761,1,1,1,1,1,1,1,1,0,1,0,0,0,0,0,0,0,0,0.000228743489103678,0.000228732824325562,1,0,576,576
762,1,1,1,1,1,1,1,1,0,1,0,0,0,0,0,0,0,0,0.000228743489103678,0.000228732824325562,1,0,576,576
763,1,1,1,1,1,1,1,1,0,1,0,0,0,0,0,0,0,0,0.00448081041837256,0.00448080897331238,1,0,576,576
764,1,1,1,1,1,1,1,1,0,1,0,0,0,0,0,0,0,0,9.81195313521366e-05,9.81390476226807e-05,1,0,576,576
765,1,1,1,1,1,1,1,1,0,1,0,0,0,0,0,0,0,0,0.00448081041837256,0.00448080897331238,1,0,576,576
766,1,1,1,1,1,1,1,1,0,1,0,0,0,0,0,0,0,0,9.81195313521366e-05,9.81390476226807e-05,1,0,576,576
767,1,1,1,1,1,1,1,1,0,1,0,0,0,0,0,0,0,0,0.00448081041837256,0.00448080897331238,1,0,576,576
768,1,1,1,1,1,1,1,1,0,1,0,0,0,0,0,0,0,0,9.81195313521366e-05,9.81390476226807e-05,1,0,576,576
769,1,1,1,1,1,1,1,1,0,1,0,0,0,0,0,0,0,0,9.81195313521366e-05,9.8109245300293e-05,1,0,576,576
770,1,1,1,1,1,1,1,1,0,1,0,0,0,0,0,0,0,0,9.81195313521366e-05,9.81390476226807e-05,1,0,576,576
771,1,1,1,1,1,1,1,1,0,1,0,0,0,0,0,0,0,0,0.00298160026693695,0.00298160314559937,1,0,576,576
772,1,1,1,1,1,1,1,1,0,1,0,0,0,0,0,0,0,0,0.00298160026693695,0.00298157334327698,1,0,576,576
773,1,1,1,1,1,1,1,1,0,1,0,0,0,0,0,0,0,0,0.00298160026693695,0.00298160314559937,1,0,576,576
774,1,1,1,1,1,1,1,1,0,1,0,0,0,0,0,0,0,0,0.00159247447843713,0.0015924870967865,1,0,576,576
775,1,1,1,1,1,1,1,1,0,1,0,0,0,0,0,0,0,0,0.000376399842452968,0.000376403331756592,1,0,576,576
776,1,1,1,1,1,1,1,1,0,1,0,0,0,0,0,0,0,0,0.000376399842452968,0.000376403331756592,1,0,576,576
777,1,1,1,1,1,1,1,1,0,1,0,0,0,0,0,0,0,0,0.00448081041837256,0.00448080897331238,1,0,576,576
778,1,1,1,1,1,1,1,1,0,1,0,0,0,0,0,0,0,0,0.000425925254625925,0.000425934791564941,1,0,576,576
779,1,1,1,1,1,1,1,1,0,1,0,0,0,0,0,0,0,0,0.000425925254625925,0.000425904989242554,1,0,576,576
780,1,1,1,1,1,1,1,1,0,1,0,0,0,0,0,0,0,0,0.000425925254625925,0.000425934791564941,1,0,576,576
781,1,1,1,1,1,1,1,1,0,1,0,0,0,0,0,0,0,0,0.00457407474537408,0.00457409024238586,1,0,576,576
782,1,1,1,1,1,1,1,1,0,1,0,0,0,0,0,0,0,0,0.000425925254625925,0.000425934791564941,1,0,576,576
783,1,1,1,1,1,1,1,1,0,1,0,0,0,0,0,0,0,0,0.000334499018999901,0.000334501266479492,1,0,576,576
784,1,1,1,1,1,1,1,1,0,1,0,0,0,0,0,0,0,0,0.00423957572637418,0.00423955917358398,1,0,576,576
785,1,1,1,1,1,1,1,1,0,1,0,0,0,0,0,0,0,0,0.000334499018999901,0.000334501266479492,1,0,576,576
786,1,1,1,1,1,1,1,1,0,1,0,0,0,0,0,0,0,0,0.000425925254625925,0.000425934791564941,1,0,576,576
787,1,1,1,1,1,1,1,1,0,1,0,0,0,0,0,0,0,0,0.000334499018999901,0.000334501266479492,1,0,576,576
788,1,1,1,1,1,1,1,1,0,1,0,0,0,0,0,0,0,0,0.00423957572637418,0.00423955917358398,1,0,576,576
789,1,1,1,1,1,1,1,1,0,1,0,0,0,0,0,0,0,0,0.00423957572637418,0.00423958897590637,1,0,576,576
790,1,1,1,1,1,1,1,1,0,1,0,0,0,0,0,0,0,0,0.000334499018999901,0.000334501266479492,1,0,576,576
791,1,1,1,1,1,1,1,1,0,1,0,0,0,0,0,0,0,0,0.000334499018999901,0.000334501266479492,1,0,576,576
792,1,1,1,1,1,1,1,1,0,1,0,0,0,0,0,0,0,0,0.000334499018999901,0.000334501266479492,1,0,576,576
793,1,1,1,1,1,1,1,1,0,1,0,0,0,0,0,0,0,0,0.00533449901899991,0.00533449649810791,1,0,576,576
794,1,1,1,1,1,1,1,1,0,1,0,0,0,0,0,0,0,0,0.000334499018999901,0.000334501266479492,1,0,576,576
795,1,1,1,1,1,1,1,1,0,1,0,0,0,0,0,0,0,0,0.00533449901899991,0.00533449649810791,1,0,576,576
796,1,1,1,1,1,1,1,1,0,1,0,0,0,0,0,0,0,0,0.000334499018999901,0.000334501266479492,1,0,576,576
797,1,1,1,1,1,1,1,1,0,1,0,0,0,0,0,0,0,0,0.00467860279095939,0.00467860698699951,1,0,576,576
798,1,1,1,1,1,1,1,1,0,1,0,0,0,0,0,0,0,0,0.000321397209040619,0.000321388244628906,1,0,576,576
799,1,1,1,1,1,1,1,1,0,1,0,0,0,0,0,0,0,0,0.000334499018999901,0.000334501266479492,1,0,576,576
800,1,1,1,1,1,1,1,1,0,1,0,0,0,0,0,0,0,0,0.00434410377195948,0.00434410572052002,1,0,576,576
801,1,1,1,1,1,1,1,1,0,1,0,0,0,0,0,0,0,0,0.00297317565983835,0.00297316908836365,1,0,576,576
802,1,1,1,1,1,1,1,1,0,1,0,0,0,0,0,0,0,0,0.00434410377195948,0.00434410572052002,1,0,576,576
803,1,1,1,1,1,1,1,1,0,1,0,0,0,0,0,0,0,0,0.00434410377195948,0.00434410572052002,1,0,576,576
804,1,1,1,1,1,1,1,1,0,1,0,0,0,0,0,0,0,0,0.00065589622804052,0.000655889511108398,1,0,576,576
805,1,1,1,1,1,1,1,1,0,1,0,0,0,0,0,0,0,0,0.00065589622804052,0.000655889511108398,1,0,576,576
806,1,1,1,1,1,1,1,1,0,1,0,0,0,0,0,0,0,0,0.00297317565983835,0.00297316908836365,1,0,576,576
807,1,1,1,1,1,1,1,1,0,1,0,0,0,0,0,0,0,0,0.00245106063380862,0.00245106220245361,1,0,576,576
808,1,1,1,1,1,1,1,1,0,1,0,0,0,0,0,0,0,0,0.00315323246188526,0.0031532347202301,1,0,576,576
809,1,1,1,1,1,1,1,1,0,1,0,0,0,0,0,0,0,0,0.00315323246188526,0.0031532347202301,1,0,576,576
810,1,1,1,1,1,1,1,1,0,1,0,0,0,0,0,0,0,0,0.00575873531264687,0.00575873255729675,1,0,576,576
811,1,1,1,1,1,1,1,1,0,1,0,0,0,0,0,0,0,0,0.002129663424768,0.00212967395782471,1,0,576,576
812,1,1,1,1,1,1,1,1,0,1,0,0,0,0,0,0,0,0,0.002870336575232,0.00287032127380371,1,0,576,576
813,1,1,1,1,1,1,1,1,0,1,0,0,0,0,0,0,0,0,0.002870336575232,0.00287032127380371,1,0,576,576
814,1,1,1,1,1,1,1,1,0,1,0,0,0,0,0,0,0,0,0.000758735312646863,0.000758737325668335,1,0,576,576
815,1,1,1,1,1,1,1,1,0,1,0,0,0,0,0,0,0,0,0.000154442216952988,0.000154435634613037,1,0,576,576
816,1,1,1,1,1,1,1,1,0,1,0,0,0,0,0,0,0,0,0.00315323246188526,0.0031532347202301,1,0,576,576
817,1,1,1,1,1,1,1,1,0,1,0,0,0,0,0,0,0,0,0.00110999347692553,0.00110998749732971,1,0,576,576
818,1,1,1,1,1,1,1,1,0,1,0,0,0,0,0,0,0,0,0.00110999347692553,0.0011100172996521,1,0,576,576
819,1,1,1,1,1,1,1,1,0,1,0,0,0,0,0,0,0,0,0.00075275151067522,0.000752747058868408,1,0,576,576
820,1,1,1,1,1,1,1,1,0,1,0,0,0,0,0,0,0,0,0.000260934635195609,0.000260919332504272,1,0,576,576
821,1,1,1,1,1,1,1,1,0,1,0,0,0,0,0,0,0,0,0.00424724848932478,0.00424724817276001,1,0,576,576
822,1,1,1,1,1,1,1,1,0,1,0,0,0,0,0,0,0,0,0.000260934635195609,0.000260919332504272,1,0,576,576
823,1,1,1,1,1,1,1,1,0,1,0,0,0,0,0,0,0,0,0.00526093463519561,0.00526094436645508,1,0,576,576
824,1,1,1,1,1,1,1,1,0,1,0,0,0,0,0,0,0,0,0.000260934635195609,0.000260919332504272,1,0,576,576
825,1,1,1,1,1,1,1,1,0,1,0,0,0,0,0,0,0,0,0.00526093463519561,0.00526094436645508,1,0,576,576
826,1,1,1,1,1,1,1,1,0,1,0,0,0,0,0,0,0,0,0.0024868584470728,0.00248685479164124,1,0,576,576
827,1,1,1,1,1,1,1,1,0,1,0,0,0,0,0,0,0,0,0.0024868584470728,0.00248688459396362,1,0,576,576
828,1,1,1,1,1,1,1,1,0,1,0,0,0,0,0,0,0,0,0.00108175086696105,0.00108176469802856,1,0,576,576
829,1,1,1,1,1,1,1,1,0,1,0,0,0,0,0,0,0,0,0.00391824913303895,0.00391826033592224,1,0,576,576
830,1,1,1,1,1,1,1,1,0,1,0,0,0,0,0,0,0,0,0.000519189581626778,0.00051918625831604,1,0,576,576
831,1,1,1,1,1,1,1,1,0,1,0,0,0,0,0,0,0,0,0.00339905955141218,0.0033990740776062,1,0,576,576
832,1,1,1,1,1,1,1,1,0,1,0,0,0,0,0,0,0,0,0.00147317230120197,0.00147315859794617,1,0,576,576
833,1,1,1,1,1,1,1,1,0,1,0,0,0,0,0,0,0,0,0.00163426093629376,0.00163426995277405,1,0,576,576
834,1,1,1,1,1,1,1,1,0,1,0,0,0,0,0,0,0,0,0.00163426093629376,0.00163426995277405,1,0,576,576
835,1,1,1,1,1,1,1,1,0,1,0,0,0,0,0,0,0,0,0.00163426093629376,0.00163426995277405,1,0,576,576
836,1,1,1,1,1,1,1,1,0,1,0,0,0,0,0,0,0,0,0.00163426093629376,0.00163426995277405,1,0,576,576
837,1,1,1,1,1,1,1,1,0,1,0,0,0,0,0,0,0,0,0.00163426093629376,0.00163426995277405,1,0,576,576
838,1,1,1,1,1,1,1,1,0,1,0,0,0,0,0,0,0,0,0.00163426093629376,0.00163426995277405,1,0,576,576
839,1,1,1,1,1,1,1,1,0,1,0,0,0,0,0,0,0,0,0.00163426093629376,0.00163426995277405,1,0,576,576
840,1,1,1,1,1,1,1,1,0,1,0,0,0,0,0,0,0,0,0.00163426093629376,0.00163426995277405,1,0,576,576
841,1,1,1,1,1,1,1,1,0,1,0,0,0,0,0,0,0,0,0.00187374610188645,0.00187373161315918,1,0,576,576
842,1,1,1,1,1,1,1,1,0,1,0,0,0,0,0,0,0,0,0.00187374610188645,0.00187373161315918,1,0,576,576
843,1,1,1,1,1,1,1,1,0,1,0,0,0,0,0,0,0,0,0.00446940845383687,0.00446939468383789,1,0,576,576
844,1,1,1,1,1,1,1,1,0,1,0,0,0,0,0,0,0,0,0.000530591546163139,0.000530600547790527,1,0,576,576
845,1,1,1,1,1,1,1,1,0,1,0,0,0,0,0,0,0,0,0.000317162930089265,0.000317156314849854,1,0,576,576
846,1,1,1,1,1,1,1,1,0,1,0,0,0,0,0,0,0,0,0.00272150057813886,0.00272148847579956,1,0,576,576
847,1,1,1,1,1,1,1,1,0,1,0,0,0,0,0,0,0,0,0.000971245025190082,0.000971227884292603,1,0,576,576
848,1,1,1,1,1,1,1,1,0,1,0,0,0,0,0,0,0,0,0.00162441732676033,0.00162443518638611,1,0,576,576
849,1,1,1,1,1,1,1,1,0,1,0,0,0,0,0,0,0,0,0.00162441732676033,0.00162443518638611,1,0,576,576
850,1,1,1,1,1,1,1,1,0,1,0,0,0,0,0,0,0,0,0.00162441732676033,0.00162443518638611,1,0,576,576
851,1,1,1,1,1,1,1,1,0,1,0,0,0,0,0,0,0,0,0.000654082095100816,0.000654071569442749,1,0,576,576
852,1,1,1,1,1,1,1,1,0,1,0,0,0,0,0,0,0,0,0.00139138255094173,0.00139138102531433,1,0,576,576
853,1,1,1,1,1,1,1,1,0,1,0,0,0,0,0,0,0,0,0.000451286097004455,0.00045129656791687,1,0,576,576
854,1,1,1,1,1,1,1,1,0,1,0,0,0,0,0,0,0,0,0.00195305155104514,0.00195306539535522,1,0,576,576
855,1,1,1,1,1,1,1,1,0,1,0,0,0,0,0,0,0,0,0.000451286097004455,0.00045129656791687,1,0,576,576
856,1,1,1,1,1,1,1,1,0,1,0,0,0,0,0,0,0,0,0.00315733135205382,0.0031573474407196,1,0,576,576
857,1,1,1,1,1,1,1,1,0,1,0,0,0,0,0,0,0,0,0.00620427980100868,0.00620430707931519,1,0,576,576
858,1,1,1,1,1,1,1,1,0,1,0,0,0,0,0,0,0,0,0.00815733135205382,0.00815734267234802,1,0,576,576
859,1,1,1,1,1,1,1,1,0,1,0,0,0,0,0,0,0,0,0.00360861744905827,0.00360864400863647,1,0,576,576
860,1,1,1,1,1,1,1,1,0,1,0,0,0,0,0,0,0,0,0.00315733135205382,0.0031573474407196,1,0,576,576
861,1,1,1,1,1,1,1,1,0,1,0,0,0,0,0,0,0,0,0.00184266864794619,0.0018426775932312,1,0,576,576
862,1,1,1,1,1,1,1,1,0,1,0,0,0,0,0,0,0,0,0.000948484893607937,0.000948458909988403,1,0,576,576
863,1,1,1,1,1,1,1,1,0,1,0,0,0,0,0,0,0,0,0.00195305155104514,0.00195306539535522,1,0,576,576
864,1,1,1,1,1,1,1,1,0,1,0,0,0,0,0,0,0,0,0.000948484893607937,0.000948458909988403,1,0,576,576
865,1,1,1,1,1,1,1,1,0,1,0,0,0,0,0,0,0,0,0.00102811465292224,0.00102812051773071,1,0,576,576
866,1,1,1,1,1,1,1,1,0,1,0,0,0,0,0,0,0,0,0.00107034890242469,0.00107035040855408,1,0,576,576
867,1,1,1,1,1,1,1,1,0,1,0,0,0,0,0,0,0,0,0.00107034890242469,0.00107035040855408,1,0,576,576
868,1,1,1,1,1,1,1,1,0,1,0,0,0,0,0,0,0,0,0.00107034890242469,0.00107035040855408,1,0,576,576
869,1,1,1,1,1,1,1,1,0,1,0,0,0,0,0,0,0,0,0.00130553197666067,0.00130552053451538,1,0,576,576
870,1,1,1,1,1,1,1,1,0,1,0,0,0,0,0,0,0,0,0.00105512876116681,0.00105512142181396,1,0,576,576
871,1,1,1,1,1,1,1,1,0,1,0,0,0,0,0,0,0,0,0.00105512876116681,0.00105512142181396,1,0,576,576
872,1,1,1,1,1,1,1,1,0,1,0,0,0,0,0,0,0,0,0.00252112624588097,0.00252112746238708,1,0,576,576
873,1,1,1,1,1,1,1,1,0,1,0,0,0,0,0,0,0,0,3.93147755920475e-05,3.93092632293701e-05,1,0,576,576
874,1,1,1,1,1,1,1,1,0,1,0,0,0,0,0,0,0,0,3.93147755920475e-05,3.93092632293701e-05,1,0,576,576
875,1,1,1,1,1,1,1,1,0,1,0,0,0,0,0,0,0,0,3.93147755920475e-05,3.93092632293701e-05,1,0,576,576
876,1,1,1,1,1,1,1,1,0,1,0,0,0,0,0,0,0,0,3.93147755920475e-05,3.93092632293701e-05,1,0,576,576
877,1,1,1,1,1,1,1,1,0,1,0,0,0,0,0,0,0,0,0.000686287711127387,0.000686287879943848,1,0,576,576
878,1,1,1,1,1,1,1,1,0,1,0,0,0,0,0,0,0,0,3.93147755920475e-05,3.93092632293701e-05,1,0,576,576
879,1,1,1,1,1,1,1,1,0,1,0,0,0,0,0,0,0,0,0.000686287711127387,0.000686287879943848,1,0,576,576
880,1,1,1,1,1,1,1,1,0,1,0,0,0,0,0,0,0,0,0.00496068522440796,0.00496068596839905,1,0,576,576
881,1,1,1,1,1,1,1,1,0,1,0,0,0,0,0,0,0,0,0.000686287711127387,0.000686287879943848,1,0,576,576
882,1,1,1,1,1,1,1,1,0,1,0,0,0,0,0,0,0,0,0.000686287711127387,0.000686287879943848,1,0,576,576
883,1,1,1,1,1,1,1,1,0,1,0,0,0,0,0,0,0,0,0.00431371228887262,0.00431373715400696,1,0,576,576
884,1,1,1,1,1,1,1,1,0,1,0,0,0,0,0,0,0,0,0.000686287711127387,0.000686287879943848,1,0,576,576
885,1,1,1,1,1,1,1,1,0,1,0,0,0,0,0,0,0,0,0.00240433764804959,0.00240436196327209,1,0,576,576
886,1,1,1,1,1,1,1,1,0,1,0,0,0,0,0,0,0,0,6.22765934763514e-05,6.22868537902832e-05,1,0,576,576
887,1,1,1,1,1,1,1,1,0,1,0,0,0,0,0,0,0,0,0.00397435609749736,0.00397434830665588,1,0,576,576
888,1,1,1,1,1,1,1,1,0,1,0,0,0,0,0,0,0,0,0.00391581355438303,0.00391581654548645,1,0,576,576
889,1,1,1,1,1,1,1,1,0,1,0.00694444444444444,0.00694444444444444,0,0,0.00694444444444444,0.00694444444444444,1,1,0.000854245879656212,0.000854223966598511,1,0,576,576
890,1,1,1,1,1,1,1,1,0,1,0,0,0,0,0,0,0,0,0.000686287711127387,0.000686287879943848,1,0,576,576
891,1,1,1,1,1,1,1,1,0,1,0,0,0,0,0,0,0,0,0.00291922733633054,0.00291922688484192,1,0,576,576
892,1,1,1,1,1,1,1,1,0,1,0,0,0,0,0,0,0,0,0.000791969286179861,0.000791966915130615,1,0,576,576
893,1,1,1,1,1,1,1,1,0,1,0,0,0,0,0,0,0,0,0.000221345531043693,0.000221341848373413,1,0,576,576
894,1,1,1,1,1,1,1,1,0,1,0,0,0,0,0,0,0,0,0.000221345531043693,0.000221341848373413,1,0,576,576
895,1,1,1,1,1,1,1,1,0,1,0,0,0,0,0,0,0,0,0.00413600526210556,0.00413599610328674,1,0,576,576
896,1,1,1,1,1,1,1,1,0,1,0,0,0,0,0,0,0,0,0.00413600526210556,0.00413599610328674,1,0,576,576
897,1,1,1,1,1,1,1,1,0,1,0,0,0,0,0,0,0,0,0.00413600526210556,0.00413599610328674,1,0,576,576
898,1,1,1,1,1,1,1,1,0,1,0,0,0,0,0,0,0,0,0.000237859687698128,0.000237852334976196,1,0,576,576
899,1,1,1,1,1,1,1,1,0,1,0,0,0,0,0,0,0,0,0.000237859687698128,0.000237852334976196,1,0,576,576
900,1,1,1,1,1,1,1,1,0,1,0,0,0,0,0,0,0,0,0.000221345531043693,0.000221341848373413,1,0,576,576
901,1,1,1,1,1,1,1,1,0,1,0,0,0,0,0,0,0,0,0.000237859687698128,0.000237852334976196,1,0,576,576
902,1,1,1,1,1,1,1,1,0,1,0,0,0,0,0,0,0,0,0.000510258900542626,0.000510275363922119,1,0,576,576
903,1,1,1,1,1,1,1,1,0,1,0,0,0,0,0,0,0,0,0.000221345531043693,0.000221341848373413,1,0,576,576
904,1,1,1,1,1,1,1,1,0,1,0,0,0,0,0,0,0,0,0.000221345531043693,0.000221341848373413,1,0,576,576
905,1,1,1,1,1,1,1,1,0,1,0,0,0,0,0,0,0,0,0.00142246000488566,0.0014224648475647,1,0,576,576
906,1,1,1,1,1,1,1,1,0,1,0,0,0,0,0,0,0,0,0.000279888074158019,0.000279873609542847,1,0,576,576
907,1,1,1,1,1,1,1,1,0,1,0,0,0,0,0,0,0,0,0.00142246000488566,0.0014224648475647,1,0,576,576
908,1,1,1,1,1,1,1,1,0,1,0,0,0,0,0,0,0,0,0.000221345531043693,0.000221341848373413,1,0,576,576
909,1,1,1,1,1,1,1,1,0,1,0.00694444444444444,0.00694444444444444,0,0,0.00694444444444444,0.00694444444444444,1,1,0.00346121891012358,0.00346121191978455,1,0,576,576
910,1,1,1,1,1,1,1,1,0,1,0.00694444444444444,0.00694444444444444,0,0,0.00694444444444444,0.00694444444444444,1,1,0.00425136588482422,0.0042513906955719,1,0,576,576
911,1,1,1,1,1,1,1,1,0,1,0.00694444444444444,0.00694444444444444,0,0,0.00694444444444444,0.00694444444444444,1,1,0.00322754429380079,0.00322753190994263,1,0,576,576
912,1,1,1,1,1,1,1,1,0,1,0.00694444444444444,0.00694444444444444,0,0,0.00694444444444444,0.00694444444444444,1,1,0.00159559916948077,0.00159561634063721,1,0,576,576
913,1,1,1,1,1,1,1,1,0,1,0.00694444444444444,0.00694444444444444,0,0,0.00694444444444444,0.00694444444444444,1,1,0.000748634115175784,0.000748634338378906,1,0,576,576
914,1,1,1,1,1,1,1,1,0,1,0.00694444444444444,0.00694444444444444,0,0,0.00694444444444444,0.00694444444444444,1,1,0.000748634115175784,0.000748634338378906,1,0,576,576
915,1,1,1,1,1,1,1,1,0,1,0.00694444444444444,0.00694444444444444,0,0,0.00694444444444444,0.00694444444444444,1,1,0.000748634115175784,0.000748634338378906,1,0,576,576
916,1,1,1,1,1,1,1,1,0,1,0.00694444444444444,0.00694444444444444,0,0,0.00694444444444444,0.00694444444444444,1,1,0.000748634115175784,0.000748634338378906,1,0,576,576
917,1,1,1,1,1,1,1,1,0,1,0.00694444444444444,0.00694444444444444,0,0,0.00694444444444444,0.00694444444444444,1,1,0.000571777578457333,0.000571787357330322,1,0,576,576
918,1,1,1,1,1,1,1,1,0,1,0.00694444444444444,0.00694444444444444,0,0,0.00694444444444444,0.00694444444444444,1,1,0.00190669856949705,0.00190672278404236,1,0,576,576
919,1,1,1,1,1,1,1,1,0,1,0.00694444444444444,0.00694444444444444,0,0,0.00694444444444444,0.00694444444444444,1,1,0.000731604431586319,0.000731617212295532,1,0,576,576
920,1,1,1,1,1,1,1,1,0,1,0.00694444444444444,0.00694444444444444,0,0,0.00694444444444444,0.00694444444444444,1,1,0.000731604431586319,0.000731587409973145,1,0,576,576
921,1,1,1,1,1,1,1,1,0,1,0.00694444444444444,0.00694444444444444,0,0,0.00694444444444444,0.00694444444444444,1,1,0.00190669856949705,0.00190672278404236,1,0,576,576
922,1,1,1,1,1,1,1,1,0,1,0.00694444444444444,0.00694444444444444,0,0,0.00694444444444444,0.00694444444444444,1,1,0.00338693711625915,0.00338694453239441,1,0,576,576
923,1,1,1,1,1,1,1,1,0,1,0.00694444444444444,0.00694444444444444,0,0,0.00694444444444444,0.00694444444444444,1,1,0.00190669856949705,0.00190672278404236,1,0,576,576
924,1,1,1,1,1,1,1,1,0,1,0.00694444444444444,0.00694444444444444,0,0,0.00694444444444444,0.00694444444444444,1,1,0.00190669856949705,0.00190672278404236,1,0,576,576
925,1,1,1,1,1,1,1,1,0,1,0.00694444444444444,0.00694444444444444,0,0,0.00694444444444444,0.00694444444444444,1,1,0.001469675758765,0.00146967172622681,1,0,576,576
926,1,1,1,1,1,1,1,1,0,1,0.00694444444444444,0.00694444444444444,0,0,0.00694444444444444,0.00694444444444444,1,1,0.00132084572430374,0.00132083892822266,1,0,576,576
927,1,1,1,1,1,1,1,1,0,1,0.00694444444444444,0.00694444444444444,0,0,0.00694444444444444,0.00694444444444444,1,1,0.00190669856949705,0.00190672278404236,1,0,576,576
928,1,1,1,1,1,1,1,1,0,1,0.00694444444444444,0.00694444444444444,0,0,0.00694444444444444,0.00694444444444444,1,1,0.00367915427569626,0.00367915630340576,1,0,576,576
929,1,1,1,1,1,1,1,1,0,1,0.00694444444444444,0.00694444444444444,0,0,0.00694444444444444,0.00694444444444444,1,1,0.00190669856949705,0.00190672278404236,1,0,576,576
930,1,1,1,1,1,1,1,1,0,1,0.00694444444444444,0.00694444444444444,0,0,0.00694444444444444,0.00694444444444444,1,1,0.00190669856949705,0.00190672278404236,1,0,576,576
931,1,1,1,1,1,1,1,1,0,1,0.00694444444444444,0.00694444444444444,0,0,0.00694444444444444,0.00694444444444444,1,1,0.00190669856949705,0.00190672278404236,1,0,576,576
932,1,1,1,1,1,1,1,1,0,1,0.00694444444444444,0.00694444444444444,0,0,0.00694444444444444,0.00694444444444444,1,1,0.00690669856949705,0.00690671801567078,1,0,576,576
933,1,1,1,1,1,1,1,1,0,1,0.00694444444444444,0.00694444444444444,0,0,0.00694444444444444,0.00694444444444444,1,1,0.0101635669891673,0.0101635754108429,1,0,576,576
934,1,1,1,1,1,1,1,1,0,1,0.00694444444444444,0.00694444444444444,0,0,0.00694444444444444,0.00694444444444444,1,1,0.00942822242154268,0.00942820310592651,1,0,576,576
935,1,1,1,1,1,1,1,1,0,1,0.00694444444444444,0.00694444444444444,0,0,0.00694444444444444,0.00694444444444444,1,1,0.0119360226953665,0.0119360387325287,1,0,576,576
936,1,1,1,1,1,1,1,1,0,1,0.00694444444444444,0.00694444444444444,0,0,0.00694444444444444,0.00694444444444444,1,1,0.00942822242154268,0.00942820310592651,1,0,576,576
937,1,1,1,1,1,1,1,1,0,1,0.00694444444444444,0.00694444444444444,0,0,0.00694444444444444,0.00694444444444444,1,1,0.0119360226953665,0.0119360387325287,1,0,576,576
938,1,1,1,1,1,1,1,1,0,1,0.00694444444444444,0.00694444444444444,0,0,0.00694444444444444,0.00694444444444444,1,1,0.0119360226953665,0.0119360089302063,1,0,576,576
939,1,1,1,1,1,1,1,1,0,1,0.00694444444444444,0.00694444444444444,0,0,0.00694444444444444,0.00694444444444444,1,1,0.0119360226953665,0.0119360387325287,1,0,576,576
940,1,1,1,1,1,1,1,1,0,1,0.00694444444444444,0.00694444444444444,0,0,0.00694444444444444,0.00694444444444444,1,1,0.0117837007133398,0.0117837190628052,1,0,576,576
941,1,1,1,1,1,1,1,1,0,1,0.00694444444444444,0.00694444444444444,0,0,0.00694444444444444,0.00694444444444444,1,1,0.0073369065237876,0.00733691453933716,1,0,576,576
942,1,1,1,1,1,1,1,1,0,1,0.00694444444444444,0.00694444444444444,0,0,0.00694444444444444,0.00694444444444444,1,1,0.0023369065237876,0.00233691930770874,1,0,576,576
943,1,1,1,1,1,1,1,1,0,1,0.00694444444444444,0.00694444444444444,0,0,0.00694444444444444,0.00694444444444444,1,1,0.00157154736639326,0.00157153606414795,1,0,576,576
944,1,1,1,1,1,1,1,1,0,1,0.00694444444444444,0.00694444444444444,0,0,0.00694444444444444,0.00694444444444444,1,1,0.0023369065237876,0.00233691930770874,1,0,576,576
945,1,1,1,1,1,1,1,1,0,1,0.00694444444444444,0.00694444444444444,0,0,0.00694444444444444,0.00694444444444444,1,1,0.00157154736639326,0.00157153606414795,1,0,576,576
946,1,1,1,1,1,1,1,1,0,1,0.00694444444444444,0.00694444444444444,0,0,0.00694444444444444,0.00694444444444444,1,1,0.0023369065237876,0.00233691930770874,1,0,576,576
947,1,1,1,1,1,1,1,1,0,1,0.00694444444444444,0.00694444444444444,0,0,0.00694444444444444,0.00694444444444444,1,1,0.00157154736639326,0.00157153606414795,1,0,576,576
948,1,1,1,1,1,1,1,1,0,1,0.00694444444444444,0.00694444444444444,0,0,0.00694444444444444,0.00694444444444444,1,1,0.0023369065237876,0.00233691930770874,1,0,576,576
949,1,1,1,1,1,1,1,1,0,1,0.00694444444444444,0.00694444444444444,0,0,0.00694444444444444,0.00694444444444444,1,1,0.00157154736639326,0.00157153606414795,1,0,576,576
950,1,1,1,1,1,1,1,1,0,1,0.00694444444444444,0.00694444444444444,0,0,0.00694444444444444,0.00694444444444444,1,1,0.00266309347621241,0.00266307592391968,1,0,576,576
951,1,1,1,1,1,1,1,1,0,1,0.00694444444444444,0.00694444444444444,0,0,0.00694444444444444,0.00694444444444444,1,1,0.00657154736639326,0.00657153129577637,1,0,576,576
952,1,1,1,1,1,1,1,1,0,1,0.00694444444444444,0.00694444444444444,0,0,0.00694444444444444,0.00694444444444444,1,1,0.00266309347621241,0.00266307592391968,1,0,576,576
953,1,1,1,1,1,1,1,1,0,1,0.00694444444444444,0.00694444444444444,0,0,0.00694444444444444,0.00694444444444444,1,1,0.00157154736639326,0.00157153606414795,1,0,576,576
954,1,1,1,1,1,1,1,1,0,1,0.00694444444444444,0.00694444444444444,0,0,0.00694444444444444,0.00694444444444444,1,1,0.00178370071333978,0.00178369879722595,1,0,576,576
955,1,1,1,1,1,1,1,1,0,1,0.00694444444444444,0.00694444444444444,0,0,0.00694444444444444,0.00694444444444444,1,1,0.000553205810447821,0.000553220510482788,1,0,576,576
956,1,1,1,1,1,1,1,1,0,1,0.00694444444444444,0.00694444444444444,0,0,0.00694444444444444,0.00694444444444444,1,1,0.00321629928666023,0.00321629643440247,1,0,576,576
957,1,1,1,1,1,1,1,1,0,1,0.00694444444444444,0.00694444444444444,0,0,0.00694444444444444,0.00694444444444444,1,1,0.000553205810447821,0.000553220510482788,1,0,576,576
958,1,1,1,1,1,1,1,1,0,1,0.00694444444444444,0.00694444444444444,0,0,0.00694444444444444,0.00694444444444444,1,1,0.00321629928666023,0.00321629643440247,1,0,576,576
959,1,1,1,1,1,1,1,1,0,1,0.00694444444444444,0.00694444444444444,0,0,0.00694444444444444,0.00694444444444444,1,1,0.00555320581044783,0.00555321574211121,1,0,576,576
960,1,1,1,1,1,1,1,1,0,1,0.00694444444444444,0.00694444444444444,0,0,0.00694444444444444,0.00694444444444444,1,1,0.00568552843637382,0.00568550825119019,1,0,576,576
961,1,1,1,1,1,1,1,1,0,1,0.00694444444444444,0.00694444444444444,0,0,0.00694444444444444,0.00694444444444444,1,1,0.00555320581044783,0.00555321574211121,1,0,576,576
962,1,1,1,1,1,1,1,1,0,1,0.00694444444444444,0.00694444444444444,0,0,0.00694444444444444,0.00694444444444444,1,1,0.00568552843637382,0.00568550825119019,1,0,576,576
963,1,1,1,1,1,1,1,1,0,1,0.00694444444444444,0.00694444444444444,0,0,0.00694444444444444,0.00694444444444444,1,1,0.00519340683738101,0.00519338250160217,1,0,576,576
964,1,1,1,1,1,1,1,1,0,1,0.00694444444444444,0.00694444444444444,0,0,0.00694444444444444,0.00694444444444444,1,1,0.000685528436373817,0.000685513019561768,1,0,576,576
965,1,1,1,1,1,1,1,1,0,1,0.00694444444444444,0.00694444444444444,0,0,0.00694444444444444,0.00694444444444444,1,1,0.00568552843637382,0.00568550825119019,1,0,576,576
966,1,1,1,1,1,1,1,1,0,1,0.00694444444444444,0.00694444444444444,0,0,0.00694444444444444,0.00694444444444444,1,1,0.000685528436373817,0.000685513019561768,1,0,576,576
967,1,1,1,1,1,1,1,1,0,1,0.00694444444444444,0.00694444444444444,0,0,0.00694444444444444,0.00694444444444444,1,1,0.00519340683738101,0.00519338250160217,1,0,576,576
968,1,1,1,1,1,1,1,1,0,1,0.00694444444444444,0.00694444444444444,0,0,0.00694444444444444,0.00694444444444444,1,1,0.000685528436373817,0.000685513019561768,1,0,576,576
969,1,1,1,1,1,1,1,1,0,1,0.00694444444444444,0.00694444444444444,0,0,0.00694444444444444,0.00694444444444444,1,1,0.00519340683738101,0.00519338250160217,1,0,576,576
970,1,1,1,1,1,1,1,1,0,1,0.00694444444444444,0.00694444444444444,0,0,0.00694444444444444,0.00694444444444444,1,1,0.000685528436373817,0.000685513019561768,1,0,576,576
971,1,1,1,1,1,1,1,1,0,1,0.00694444444444444,0.00694444444444444,0,0,0.00694444444444444,0.00694444444444444,1,1,0.00568552843637382,0.00568550825119019,1,0,576,576
972,1,1,1,1,1,1,1,1,0,1,0.00694444444444444,0.00694444444444444,0,0,0.00694444444444444,0.00694444444444444,1,1,0.00568552843637382,0.00568550825119019,1,0,576,576
973,1,1,1,1,1,1,1,1,0,1,0.00694444444444444,0.00694444444444444,0,0,0.00694444444444444,0.00694444444444444,1,1,0.00519340683738101,0.00519338250160217,1,0,576,576
974,1,1,1,1,1,1,1,1,0,1,0.00694444444444444,0.00694444444444444,0,0,0.00694444444444444,0.00694444444444444,1,1,0.00227156600638934,0.00227156281471252,1,0,576,576
975,1,1,1,1,1,1,1,1,0,1,0.00694444444444444,0.00694444444444444,0,0,0.00694444444444444,0.00694444444444444,1,1,0.00227156600638934,0.00227156281471252,1,0,576,576
976,1,1,1,1,1,1,1,1,0,1,0.00694444444444444,0.00694444444444444,0,0,0.00694444444444444,0.00694444444444444,1,1,0.00227156600638934,0.00227156281471252,1,0,576,576
977,1,1,1,1,1,1,1,1,0,1,0.00694444444444444,0.00694444444444444,0,0,0.00694444444444444,0.00694444444444444,1,1,0.00227156600638934,0.00227156281471252,1,0,576,576
978,1,1,1,1,1,1,1,1,0,1,0.00694444444444444,0.00694444444444444,0,0,0.00694444444444444,0.00694444444444444,1,1,0.00227156600638934,0.00227156281471252,1,0,576,576
979,1,1,1,1,1,1,1,1,0,1,0.00694444444444444,0.00694444444444444,0,0,0.00694444444444444,0.00694444444444444,1,1,0.00108857823298802,0.00108855962753296,1,0,576,576
980,1,1,1,1,1,1,1,1,0,1,0.00694444444444444,0.00694444444444444,0,0,0.00694444444444444,0.00694444444444444,1,1,0.00227156600638934,0.00227156281471252,1,0,576,576
981,1,1,1,1,1,1,1,1,0,1,0.00694444444444444,0.00694444444444444,0,0,0.00694444444444444,0.00694444444444444,1,1,0.00108857823298802,0.00108855962753296,1,0,576,576
982,1,1,1,1,1,1,1,1,0,1,0.00694444444444444,0.00694444444444444,0,0,0.00694444444444444,0.00694444444444444,1,1,0.00106515383230427,0.00106516480445862,1,0,576,576
983,1,1,1,1,1,1,1,1,0,1,0.00694444444444444,0.00694444444444444,0,0,0.00694444444444444,0.00694444444444444,1,1,0.000117833941097045,0.000117838382720947,1,0,576,576
984,1,1,1,1,1,1,1,1,0,1,0.00694444444444444,0.00694444444444444,0,0,0.00694444444444444,0.00694444444444444,1,1,0.000134787160137539,0.000134766101837158,1,0,576,576
985,1,1,1,1,1,1,1,1,0,1,0.00694444444444444,0.00694444444444444,0,0,0.00694444444444444,0.00694444444444444,1,1,0.000117833941097045,0.000117838382720947,1,0,576,576
986,1,1,1,1,1,1,1,1,0,1,0.00694444444444444,0.00694444444444444,0,0,0.00694444444444444,0.00694444444444444,1,1,0.00106515383230427,0.00106516480445862,1,0,576,576
987,1,1,1,1,1,1,1,1,0,1,0.00694444444444444,0.00694444444444444,0,0,0.00694444444444444,0.00694444444444444,1,1,0.000117833941097045,0.000117838382720947,1,0,576,576
988,1,1,1,1,1,1,1,1,0,1,0.00694444444444444,0.00694444444444444,0,0,0.00694444444444444,0.00694444444444444,1,1,0.00106515383230427,0.00106516480445862,1,0,576,576
989,1,1,1,1,1,1,1,1,0,1,0.00694444444444444,0.00694444444444444,0,0,0.00694444444444444,0.00694444444444444,1,1,0.000511508174875885,0.000511497259140015,1,0,576,576
990,1,1,1,1,1,1,1,1,0,1,0.00694444444444444,0.00694444444444444,0,0,0.00694444444444444,0.00694444444444444,1,1,0.00106515383230427,0.00106516480445862,1,0,576,576
991,1,1,1,1,1,1,1,1,0,1,0.00694444444444444,0.00694444444444444,0,0,0.00694444444444444,0.00694444444444444,1,1,0.00375068229068348,0.00375068187713623,1,0,576,576
992,1,1,1,1,1,1,1,1,0,1,0.00694444444444444,0.00694444444444444,0,0,0.00694444444444444,0.00694444444444444,1,1,0.00106515383230427,0.00106516480445862,1,0,576,576
993,1,1,1,1,1,1,1,1,0,1,0.00694444444444444,0.00694444444444444,0,0,0.00694444444444444,0.00694444444444444,1,1,0.00375068229068348,0.00375068187713623,1,0,576,576
994,1,1,1,1,1,1,1,1,0,1,0.00694444444444444,0.00694444444444444,0,0,0.00694444444444444,0.00694444444444444,1,1,0.00106515383230427,0.00106516480445862,1,0,576,576
995,1,1,1,1,1,1,1,1,0,1,0.00694444444444444,0.00694444444444444,0,0,0.00694444444444444,0.00694444444444444,1,1,0.00375068229068348,0.00375068187713623,1,0,576,576
996,1,1,1,1,1,1,1,1,0,1,0.00694444444444444,0.00694444444444444,0,0,0.00694444444444444,0.00694444444444444,1,1,0.00106515383230427,0.00106516480445862,1,0,576,576
997,1,1,1,1,1,1,1,1,0,1,0.00694444444444444,0.00694444444444444,0,0,0.00694444444444444,0.00694444444444444,1,1,0.00375068229068348,0.00375068187713623,1,0,576,576
998,1,1,1,1,1,1,1,1,0,1,0.00694444444444444,0.00694444444444444,0,0,0.00694444444444444,0.00694444444444444,1,1,0.00106515383230427,0.00106516480445862,1,0,576,576
999,1,1,1,1,1,1,1,1,0,1,0.00694444444444444,0.00694444444444444,0,0,0.00694444444444444,0.00694444444444444,1,1,0.00375068229068348,0.00375068187713623,1,0,576,576
1000,1,1,1,1,1,1,1,1,0,1,0.00694444444444444,0.00694444444444444,0,0,0.00694444444444444,0.00694444444444444,1,1,0.000892674562002482,0.000892668962478638,1,0,576,576
1001,1,1,1,1,1,1,1,1,0,1,0.00694444444444444,0.00694444444444444,0,0,0.00694444444444444,0.00694444444444444,1,1,0.000172479270301784,0.00017249584197998,1,0,576,576
1002,1,1,1,1,1,1,1,1,0,1,0.00694444444444444,0.00694444444444444,0,0,0.00694444444444444,0.00694444444444444,1,1,0.000892674562002482,0.000892668962478638,1,0,576,576
1003,1,1,1,1,1,1,1,1,0,1,0.00694444444444444,0.00694444444444444,0,0,0.00694444444444444,0.00694444444444444,1,1,0.0038000590075582,0.00380006432533264,1,0,576,576
1004,1,1,1,1,1,1,1,1,0,1,0.00694444444444444,0.00694444444444444,0,0,0.00694444444444444,0.00694444444444444,1,1,0.000892674562002482,0.000892668962478638,1,0,576,576
1005,1,1,1,1,1,1,1,1,0,1,0.00694444444444444,0.00694444444444444,0,0,0.00694444444444444,0.00694444444444444,1,1,0.000134787160137539,0.000134766101837158,1,0,576,576
1006,1,1,1,1,1,1,1,1,0,1,0.00694444444444444,0.00694444444444444,0,0,0.00694444444444444,0.00694444444444444,1,1,0.00194579066213912,0.00194579362869263,1,0,576,576
1007,1,1,1,1,1,1,1,1,0,1,0.00694444444444444,0.00694444444444444,0,0,0.00694444444444444,0.00694444444444444,1,1,0.00420831598041654,0.00420832633972168,1,0,576,576
1008,1,1,1,1,1,1,1,1,0,1,0.00694444444444444,0.00694444444444444,0,0,0.00694444444444444,0.00694444444444444,1,1,0.000134787160137539,0.000134766101837158,1,0,576,576
1009,1,1,1,1,1,1,1,1,0,1,0.00694444444444444,0.00694444444444444,0,0,0.00694444444444444,0.00694444444444444,1,1,0.000134787160137539,0.000134795904159546,1,0,576,576
1010,1,1,1,1,1,1,1,1,0,1,0.00694444444444444,0.00694444444444444,0,0,0.00694444444444444,0.00694444444444444,1,1,0.000134787160137539,0.000134766101837158,1,0,576,576
1011,1,1,1,1,1,1,1,1,0,1,0.00694444444444444,0.00694444444444444,0,0,0.00694444444444444,0.00694444444444444,1,1,0.000134787160137539,0.000134795904159546,1,0,576,576
1012,1,1,1,1,1,1,1,1,0,1,0.00694444444444444,0.00694444444444444,0,0,0.00694444444444444,0.00694444444444444,1,1,0.000134787160137539,0.000134766101837158,1,0,576,576
1013,1,1,1,1,1,1,1,1,0,1,0.00694444444444444,0.00694444444444444,0,0,0.00694444444444444,0.00694444444444444,1,1,0.000134787160137539,0.000134795904159546,1,0,576,576
1014,1,1,1,1,1,1,1,1,0,1,0.00694444444444444,0.00694444444444444,0,0,0.00694444444444444,0.00694444444444444,1,1,0.000134787160137539,0.000134766101837158,1,0,576,576
1015,1,1,1,1,1,1,1,1,0,1,0.00694444444444444,0.00694444444444444,0,0,0.00694444444444444,0.00694444444444444,1,1,0.000134787160137539,0.000134795904159546,1,0,576,576
1016,1,1,1,1,1,1,1,1,0,1,0.00694444444444444,0.00694444444444444,0,0,0.00694444444444444,0.00694444444444444,1,1,0.000134787160137539,0.000134766101837158,1,0,576,576
1017,1,1,1,1,1,1,1,1,0,1,0.00694444444444444,0.00694444444444444,0,0,0.00694444444444444,0.00694444444444444,1,1,0.000134787160137539,0.000134795904159546,1,0,576,576
1018,1,1,1,1,1,1,1,1,0,1,0.00694444444444444,0.00694444444444444,0,0,0.00694444444444444,0.00694444444444444,1,1,0.000134787160137539,0.000134766101837158,1,0,576,576
1019,1,1,1,1,1,1,1,1,0,1,0.00694444444444444,0.00694444444444444,0,0,0.00694444444444444,0.00694444444444444,1,1,0.000134787160137539,0.000134795904159546,1,0,576,576
1020,1,1,1,1,1,1,1,1,0,1,0.00694444444444444,0.00694444444444444,0,0,0.00694444444444444,0.00694444444444444,1,1,0.000134787160137539,0.000134766101837158,1,0,576,576
1021,1,1,1,1,1,1,1,1,0,1,0.00694444444444444,0.00694444444444444,0,0,0.00694444444444444,0.00694444444444444,1,1,0.000134787160137539,0.000134795904159546,1,0,576,576
1022,1,1,1,1,1,1,1,1,0,1,0.00694444444444444,0.00694444444444444,0,0,0.00694444444444444,0.00694444444444444,1,1,0.000134787160137539,0.000134766101837158,1,0,576,576
1023,1,1,1,1,1,1,1,1,0,1,0,0,0,0,0,0,0,0,0.000656896859445921,0.00065690279006958,1,0,576,576
1024,1,1,1,1,1,1,1,1,0,1,0.00694444444444444,0.00694444444444444,0,0,0.00694444444444444,0.00694444444444444,1,1,0.000134787160137539,0.000134766101837158,1,0,576,576
1025,1,1,1,1,1,1,1,1,0,1,0,0,0,0,0,0,0,0,0.000656896859445921,0.00065690279006958,1,0,576,576
1026,1,1,1,1,1,1,1,1,0,1,0.00694444444444444,0.00694444444444444,0,0,0.00694444444444444,0.00694444444444444,1,1,0.000658922365369297,0.000658929347991943,1,0,576,576
1027,1,1,1,1,1,1,1,1,0,1,0,0,0,0,0,0,0,0,0.000656896859445921,0.00065690279006958,1,0,576,576
1028,1,1,1,1,1,1,1,1,0,1,0.00694444444444444,0.00694444444444444,0,0,0.00694444444444444,0.00694444444444444,1,1,0.000134787160137539,0.000134766101837158,1,0,576,576
1029,1,1,1,1,1,1,1,1,0,1,0,0,0,0,0,0,0,0,0.000656896859445921,0.00065690279006958,1,0,576,576
1030,1,1,1,1,1,1,1,1,0,1,0,0,0,0,0,0,0,0,0.00146785631739516,0.00146785378456116,1,0,576,576
1031,1,1,1,1,1,1,1,1,0,1,0,0,0,0,0,0,0,0,0.000523630907728945,0.000523626804351807,1,0,576,576
1032,1,1,1,1,1,1,1,1,0,1,0.00694444444444444,0.00694444444444444,0,0,0.00694444444444444,0.00694444444444444,1,1,0.000821014633531347,0.000821024179458618,1,0,576,576
1033,1,1,1,1,1,1,1,1,0,1,0,0,0,0,0,0,0,0,0.000656896859445921,0.00065690279006958,1,0,576,576
1034,1,1,1,1,1,1,1,1,0,1,0.00694444444444444,0.00694444444444444,0,0,0.00694444444444444,0.00694444444444444,1,1,0.00140950179037908,0.00140950083732605,1,0,576,576
1035,1,1,1,1,1,1,1,1,0,1,0,0,0,0,0,0,0,0,0.00137768113791686,0.00137767195701599,1,0,576,576
1036,1,1,1,1,1,1,1,1,0,1,0.00694444444444444,0.00694444444444444,0,0,0.00694444444444444,0.00694444444444444,1,1,0.000658922365369297,0.000658929347991943,1,0,576,576
1037,1,1,1,1,1,1,1,1,0,1,0,0,0,0,0,0,0,0,0.000311117387909621,0.000311106443405151,1,0,576,576
1038,1,1,1,1,1,1,1,1,0,1,0,0,0,0,0,0,0,0,0.000703477246565665,0.000703483819961548,1,0,576,576
1039,1,1,1,1,1,1,1,1,0,1,0,0,0,0,0,0,0,0,0.000311117387909621,0.000311106443405151,1,0,576,576
1040,1,1,1,1,1,1,1,1,0,1,0,0,0,0,0,0,0,0,0.00118150105802683,0.00118151307106018,1,0,576,576
1041,1,1,1,1,1,1,1,1,0,1,0,0,0,0,0,0,0,0,0.00160360295290812,0.00160360336303711,1,0,576,576
1042,1,1,1,1,1,1,1,1,0,1,0.00694444444444444,0.00694444444444444,0,0,0.00694444444444444,0.00694444444444444,1,1,0.00120238713866294,0.00120237469673157,1,0,576,576
1043,1,1,1,1,1,1,1,1,0,1,0,0,0,0,0,0,0,0,0.0024199317234202,0.00241994857788086,1,0,576,576
1044,1,1,1,1,1,1,1,1,0,1,0,0,0,0,0,0,0,0,0.0023620288252017,0.00236204266548157,1,0,576,576
1045,1,1,1,1,1,1,1,1,0,1,0,0,0,0,0,0,0,0,0.000196180079890029,0.000196158885955811,1,0,576,576
1046,1,1,1,1,1,1,1,1,0,1,0,0,0,0,0,0,0,0,0.00188892510045724,0.0018889307975769,1,0,576,576
1047,1,1,1,1,1,1,1,1,0,1,0,0,0,0,0,0,0,0,0.000256992136312639,0.000257015228271484,1,0,576,576
1048,1,1,1,1,1,1,1,1,0,1,0,0,0,0,0,0,0,0,8.99135877884261e-05,8.99136066436768e-05,1,0,576,576
1049,1,1,1,1,1,1,1,1,0,1,0,0,0,0,0,0,0,0,0.00118052776717487,0.00118052959442139,1,0,576,576
1050,1,1,1,1,1,1,1,1,0,1,0,0,0,0,0,0,0,0,0.000311117387909621,0.000311136245727539,1,0,576,576
1051,1,1,1,1,1,1,1,1,0,1,0,0,0,0,0,0,0,0,0.00216293958710756,0.00216296315193176,1,0,576,576
1052,1,1,1,1,1,1,1,1,0,1,0,0,0,0,0,0,0,0,0.000256992136312639,0.000256985425949097,1,0,576,576
1053,1,1,1,1,1,1,1,1,0,1,0,0,0,0,0,0,0,0,0.000196180079890029,0.000196158885955811,1,0,576,576
1054,1,1,1,1,1,1,1,1,0,1,0,0,0,0,0,0,0,0,0.000311117387909621,0.000311136245727539,1,0,576,576
1055,1,1,1,1,1,1,1,1,0,1,0,0,0,0,0,0,0,0,0.000922366038178135,0.00092238187789917,1,0,576,576
1056,1,1,1,1,1,1,1,1,0,1,0,0,0,0,0,0,0,0,0.000929456161019804,0.000929445028305054,1,0,576,576
1057,1,1,1,1,1,1,1,1,0,1,0.00694444444444444,0.00694444444444444,0,0,0.00694444444444444,0.00694444444444444,1,1,0.000633265853276499,0.00063323974609375,1,0,576,576
1058,1,1,1,1,1,1,1,1,0,1,0.00694444444444444,0.00694444444444444,0,0,0.00694444444444444,0.00694444444444444,1,1,0.0016346732742295,0.00163465738296509,1,0,576,576
1059,1,1,1,1,1,1,1,1,0,1,0.00694444444444444,0.00694444444444444,0,0,0.00694444444444444,0.00694444444444444,1,1,0.000569121285386442,0.000569134950637817,1,0,576,576
1060,1,1,1,1,1,1,1,1,0,1,0.00694444444444444,0.00694444444444444,0,0,0.00694444444444444,0.00694444444444444,1,1,0.0016346732742295,0.00163465738296509,1,0,576,576
1061,1,1,1,1,1,1,1,1,0,1,0.00694444444444444,0.00694444444444444,0,0,0.00694444444444444,0.00694444444444444,1,1,0.00279620544038406,0.00279620289802551,1,0,576,576
1062,1,1,1,1,1,1,1,1,0,1,0.00694444444444444,0.00694444444444444,0,0,0.00694444444444444,0.00694444444444444,1,1,0.00305420933786088,0.00305420160293579,1,0,576,576
1063,1,1,1,1,1,1,1,1,0,1,0.00694444444444444,0.00694444444444444,0,0,0.00694444444444444,0.00694444444444444,1,1,0.00279620544038406,0.00279620289802551,1,0,576,576
1064,1,1,1,1,1,1,1,1,0,1,0.00694444444444444,0.00694444444444444,0,0,0.00694444444444444,0.00694444444444444,1,1,0.000569121285386442,0.000569134950637817,1,0,576,576
1065,1,1,1,1,1,1,1,1,0,1,0.00694444444444444,0.00694444444444444,0,0,0.00694444444444444,0.00694444444444444,1,1,0.0016346732742295,0.00163465738296509,1,0,576,576
1066,1,1,1,1,1,1,1,1,0,1,0.00694444444444444,0.00694444444444444,0,0,0.00694444444444444,0.00694444444444444,1,1,0.00155918634823909,0.00155919790267944,1,0,576,576
1067,1,1,1,1,1,1,1,1,0,1,0.00694444444444444,0.00694444444444444,0,0,0.00694444444444444,0.00694444444444444,1,1,0.00155918634823909,0.00155919790267944,1,0,576,576
1068,1,1,1,1,1,1,1,1,0,1,0.00694444444444444,0.00694444444444444,0,0,0.00694444444444444,0.00694444444444444,1,1,0.00155918634823909,0.00155919790267944,1,0,576,576
1069,1,1,1,1,1,1,1,1,0,1,0.00694444444444444,0.00694444444444444,0,0,0.00694444444444444,0.00694444444444444,1,1,0.00155918634823909,0.00155919790267944,1,0,576,576
1070,1,1,1,1,1,1,1,1,0,1,0.00694444444444444,0.00694444444444444,0,0,0.00694444444444444,0.00694444444444444,1,1,0.000697455549001247,0.000697463750839233,1,0,576,576
1071,1,1,1,1,1,1,1,1,0,1,0.00694444444444444,0.00694444444444444,0,0,0.00694444444444444,0.00694444444444444,1,1,0.000256992136312639,0.000256985425949097,1,0,576,576
1072,1,1,1,1,1,1,1,1,0,1,0.00694444444444444,0.00694444444444444,0,0,0.00694444444444444,0.00694444444444444,1,1,0.000311117387909621,0.000311136245727539,1,0,576,576
1073,1,1,1,1,1,1,1,1,0,1,0.00694444444444444,0.00694444444444444,0,0,0.00694444444444444,0.00694444444444444,1,1,0.000256992136312639,0.000256985425949097,1,0,576,576
1074,1,1,1,1,1,1,1,1,0,1,0.00694444444444444,0.00694444444444444,0,0,0.00694444444444444,0.00694444444444444,1,1,0.000569121285386442,0.000569134950637817,1,0,576,576
1075,1,1,1,1,1,1,1,1,0,1,0.00694444444444444,0.00694444444444444,0,0,0.00694444444444444,0.00694444444444444,1,1,0.0016346732742295,0.00163465738296509,1,0,576,576
1076,1,1,1,1,1,1,1,1,0,1,0.00694444444444444,0.00694444444444444,0,0,0.00694444444444444,0.00694444444444444,1,1,0.00279620544038406,0.00279620289802551,1,0,576,576
1077,1,1,1,1,1,1,1,1,0,1,0.00694444444444444,0.00694444444444444,0,0,0.00694444444444444,0.00694444444444444,1,1,0.00215408363151842,0.00215408205986023,1,0,576,576
1078,1,1,1,1,1,1,1,1,0,1,0.00694444444444444,0.00694444444444444,0,0,0.00694444444444444,0.00694444444444444,1,1,0.00158496234613198,0.00158494710922241,1,0,576,576
1079,1,1,1,1,1,1,1,1,0,1,0.00694444444444444,0.00694444444444444,0,0,0.00694444444444444,0.00694444444444444,1,1,0.000524723539005512,0.000524729490280151,1,0,576,576
1080,1,1,1,1,1,1,1,1,0,1,0,0,0,0,0,0,0,0,0.000852957598911352,0.00085294246673584,1,0,576,576
1081,1,1,1,1,1,1,1,1,0,1,0.00694444444444444,0.00694444444444444,0,0,0.00694444444444444,0.00694444444444444,1,1,0.0014791712243194,0.00147917866706848,1,0,576,576
1082,1,1,1,1,1,1,1,1,0,1,0,0,0,0,0,0,0,0,0.000852957598911352,0.00085294246673584,1,0,576,576
1083,1,1,1,1,1,1,1,1,0,1,0,0,0,0,0,0,0,0,0.000852957598911352,0.00085294246673584,1,0,576,576
1084,1,1,1,1,1,1,1,1,0,1,0.00694444444444444,0.00694444444444444,0,0,0.00694444444444444,0.00694444444444444,1,1,0.00155918634823909,0.00155919790267944,1,0,576,576
1085,1,1,1,1,1,1,1,1,0,1,0.00694444444444444,0.00694444444444444,0,0,0.00694444444444444,0.00694444444444444,1,1,0.000539563543143717,0.000539541244506836,1,0,576,576
1086,1,1,1,1,1,1,1,1,0,1,0.00694444444444444,0.00694444444444444,0,0,0.00694444444444444,0.00694444444444444,1,1,0.00155918634823909,0.00155919790267944,1,0,576,576
1087,1,1,1,1,1,1,1,1,0,1,0.00694444444444444,0.00694444444444444,0,0,0.00694444444444444,0.00694444444444444,1,1,0.000539563543143717,0.000539541244506836,1,0,576,576
1088,1,1,1,1,1,1,1,1,0,1,0.00694444444444444,0.00694444444444444,0,0,0.00694444444444444,0.00694444444444444,1,1,0.00155918634823909,0.00155919790267944,1,0,576,576
1089,1,1,1,1,1,1,1,1,0,1,0.00694444444444444,0.00694444444444444,0,0,0.00694444444444444,0.00694444444444444,1,1,0.000539563543143717,0.000539541244506836,1,0,576,576
1090,1,1,1,1,1,1,1,1,0,1,0.00694444444444444,0.00694444444444444,0,0,0.00694444444444444,0.00694444444444444,1,1,0.00155918634823909,0.00155919790267944,1,0,576,576
1091,1,1,1,1,1,1,1,1,0,1,0.00694444444444444,0.00694444444444444,0,0,0.00694444444444444,0.00694444444444444,1,1,0.000539563543143717,0.000539541244506836,1,0,576,576
1092,1,1,1,1,1,1,1,1,0,1,0.00694444444444444,0.00694444444444444,0,0,0.00694444444444444,0.00694444444444444,1,1,0.00197685928641622,0.00197687745094299,1,0,576,576
1093,1,1,1,1,1,1,1,1,0,1,0.00694444444444444,0.00694444444444444,0,0,0.00694444444444444,0.00694444444444444,1,1,0.00209874989138281,0.00209873914718628,1,0,576,576
1094,1,1,1,1,1,1,1,1,0,1,0.00694444444444444,0.00694444444444444,0,0,0.00694444444444444,0.00694444444444444,1,1,0.00290125010861719,0.00290125608444214,1,0,576,576
1095,1,1,1,1,1,1,1,1,0,1,0.00694444444444444,0.00694444444444444,0,0,0.00694444444444444,0.00694444444444444,1,1,0.000569121285386442,0.000569134950637817,1,0,576,576
1096,1,1,1,1,1,1,1,1,0,1,0.00694444444444444,0.00694444444444444,0,0,0.00694444444444444,0.00694444444444444,1,1,0.0033653267257705,0.00336533784866333,1,0,576,576
1097,1,1,1,1,1,1,1,1,0,1,0.00694444444444444,0.00694444444444444,0,0,0.00694444444444444,0.00694444444444444,1,1,0.000569121285386442,0.000569134950637817,1,0,576,576
1098,1,1,1,1,1,1,1,1,0,1,0.00694444444444444,0.00694444444444444,0,0,0.00694444444444444,0.00694444444444444,1,1,0.0033653267257705,0.00336533784866333,1,0,576,576
1099,1,1,1,1,1,1,1,1,0,1,0.00694444444444444,0.00694444444444444,0,0,0.00694444444444444,0.00694444444444444,1,1,0.000569121285386442,0.000569134950637817,1,0,576,576
1100,1,1,1,1,1,1,1,1,0,1,0.00694444444444444,0.00694444444444444,0,0,0.00694444444444444,0.00694444444444444,1,1,0.0033653267257705,0.00336533784866333,1,0,576,576
1101,1,1,1,1,1,1,1,1,0,1,0.00694444444444444,0.00694444444444444,0,0,0.00694444444444444,0.00694444444444444,1,1,0.000569121285386442,0.000569134950637817,1,0,576,576
1102,1,1,1,1,1,1,1,1,0,1,0.00694444444444444,0.00694444444444444,0,0,0.00694444444444444,0.00694444444444444,1,1,0.0033653267257705,0.00336533784866333,1,0,576,576
1103,1,1,1,1,1,1,1,1,0,1,0.00694444444444444,0.00694444444444444,0,0,0.00694444444444444,0.00694444444444444,1,1,0.000569121285386442,0.000569134950637817,1,0,576,576
1104,1,1,1,1,1,1,1,1,0,1,0.00694444444444444,0.00694444444444444,0,0,0.00694444444444444,0.00694444444444444,1,1,0.0033653267257705,0.00336533784866333,1,0,576,576
1105,1,1,1,1,1,1,1,1,0,1,0.00694444444444444,0.00694444444444444,0,0,0.00694444444444444,0.00694444444444444,1,1,0.000569121285386442,0.000569134950637817,1,0,576,576
1106,1,1,1,1,1,1,1,1,0,1,0.00694444444444444,0.00694444444444444,0,0,0.00694444444444444,0.00694444444444444,1,1,0.0033653267257705,0.00336533784866333,1,0,576,576
1107,1,1,1,1,1,1,1,1,0,1,0.00694444444444444,0.00694444444444444,0,0,0.00694444444444444,0.00694444444444444,1,1,0.000569121285386442,0.000569134950637817,1,0,576,576
1108,1,1,1,1,1,1,1,1,0,1,0.00694444444444444,0.00694444444444444,0,0,0.00694444444444444,0.00694444444444444,1,1,0.0033653267257705,0.00336533784866333,1,0,576,576
1109,1,1,1,1,1,1,1,1,0,1,0.00694444444444444,0.00694444444444444,0,0,0.00694444444444444,0.00694444444444444,1,1,0.000569121285386442,0.000569134950637817,1,0,576,576
1110,1,1,1,1,1,1,1,1,0,1,0.00694444444444444,0.00694444444444444,0,0,0.00694444444444444,0.00694444444444444,1,1,0.0033653267257705,0.00336533784866333,1,0,576,576
1111,1,1,1,1,1,1,1,1,0,1,0.00694444444444444,0.00694444444444444,0,0,0.00694444444444444,0.00694444444444444,1,1,0.000569121285386442,0.000569134950637817,1,0,576,576
1112,1,1,1,1,1,1,1,1,0,1,0.00694444444444444,0.00694444444444444,0,0,0.00694444444444444,0.00694444444444444,1,1,0.00155918634823909,0.00155919790267944,1,0,576,576
1113,1,1,1,1,1,1,1,1,0,1,0.00694444444444444,0.00694444444444444,0,0,0.00694444444444444,0.00694444444444444,1,1,0.000539563543143717,0.000539541244506836,1,0,576,576
1114,1,1,1,1,1,1,1,1,0,1,0.00694444444444444,0.00694444444444444,0,0,0.00694444444444444,0.00694444444444444,1,1,0.00197685928641622,0.00197687745094299,1,0,576,576
1115,1,1,1,1,1,1,1,1,0,1,0.00694444444444444,0.00694444444444444,0,0,0.00694444444444444,0.00694444444444444,1,1,0.00477306472680028,0.00477308034896851,1,0,576,576
1116,1,1,1,1,1,1,1,1,0,1,0.00694444444444444,0.00694444444444444,0,0,0.00694444444444444,0.00694444444444444,1,1,0.00124057354892942,0.00124058127403259,1,0,576,576
1117,1,1,1,1,1,1,1,1,0,1,0.00694444444444444,0.00694444444444444,0,0,0.00694444444444444,0.00694444444444444,1,1,0.00212475317684108,0.00212475657463074,1,0,576,576
1118,1,1,1,1,1,1,1,1,0,1,0.00694444444444444,0.00694444444444444,0,0,0.00694444444444444,0.00694444444444444,1,1,0.000569121285386442,0.000569134950637817,1,0,576,576
1119,1,1,1,1,1,1,1,1,0,1,0.00694444444444444,0.00694444444444444,0,0,0.00694444444444444,0.00694444444444444,1,1,0.00246468140374928,0.00246468186378479,1,0,576,576
1120,1,1,1,1,1,1,1,1,0,1,0.00694444444444444,0.00694444444444444,0,0,0.00694444444444444,0.00694444444444444,1,1,4.93247109555339e-05,4.93228435516357e-05,1,0,576,576
1121,1,1,1,1,1,1,1,1,0,1,0.00694444444444444,0.00694444444444444,0,0,0.00694444444444444,0.00694444444444444,1,1,0.0016346732742295,0.00163465738296509,1,0,576,576
1122,1,1,1,1,1,1,1,1,0,1,0.00694444444444444,0.00694444444444444,0,0,0.00694444444444444,0.00694444444444444,1,1,4.93247109555339e-05,4.93228435516357e-05,1,0,576,576
1123,1,1,1,1,1,1,1,1,0,1,0.00694444444444444,0.00694444444444444,0,0,0.00694444444444444,0.00694444444444444,1,1,0.00416999187048023,0.0041700005531311,1,0,576,576
1124,1,1,1,1,1,1,1,1,0,1,0.00694444444444444,0.00694444444444444,0,0,0.00694444444444444,0.00694444444444444,1,1,0.00845570242400034,0.00845569372177124,1,0,576,576
1125,1,1,1,1,1,1,1,1,0,1,0.00694444444444444,0.00694444444444444,0,0,0.00694444444444444,0.00694444444444444,1,1,0.00433503526447565,0.00433504581451416,1,0,576,576
1126,1,1,1,1,1,1,1,1,0,1,0.00694444444444444,0.00694444444444444,0,0,0.00694444444444444,0.00694444444444444,1,1,0.00845570242400034,0.00845569372177124,1,0,576,576
1127,1,1,1,1,1,1,1,1,0,1,0.00694444444444444,0.00694444444444444,0,0,0.00694444444444444,0.00694444444444444,1,1,0.00345570242400034,0.00345569849014282,1,0,576,576
1128,1,1,1,1,1,1,1,1,0,1,0.00694444444444444,0.00694444444444444,0,0,0.00694444444444444,0.00694444444444444,1,1,0.00345570242400034,0.00345569849014282,1,0,576,576
1129,1,1,1,1,1,1,1,1,0,1,0.00694444444444444,0.00694444444444444,0,0,0.00694444444444444,0.00694444444444444,1,1,0.000714289446479888,0.000714302062988281,1,0,576,576
1130,1,1,1,1,1,1,1,1,0,1,0.00694444444444444,0.00694444444444444,0,0,0.00694444444444444,0.00694444444444444,1,1,0.00154429757599966,0.0015442967414856,1,0,576,576
1131,1,1,1,1,1,1,1,1,0,1,0.00694444444444444,0.00694444444444444,0,0,0.00694444444444444,0.00694444444444444,1,1,0.00133839514731682,0.00133839249610901,1,0,576,576
1132,1,1,1,1,1,1,1,1,0,1,0.00694444444444444,0.00694444444444444,0,0,0.00694444444444444,0.00694444444444444,1,1,0.000879332840475311,0.000879347324371338,1,0,576,576
1133,1,1,1,1,1,1,1,1,0,1,0.00694444444444444,0.00694444444444444,0,0,0.00694444444444444,0.00694444444444444,1,1,0.0016346732742295,0.00163465738296509,1,0,576,576
1134,1,1,1,1,1,1,1,1,0,1,0.00694444444444444,0.00694444444444444,0,0,0.00694444444444444,0.00694444444444444,1,1,0.000879332840475311,0.000879347324371338,1,0,576,576
1135,1,1,1,1,1,1,1,1,0,1,0.00694444444444444,0.00694444444444444,0,0,0.00694444444444444,0.00694444444444444,1,1,0.00248599388529519,0.00248599052429199,1,0,576,576
1136,1,1,1,1,1,1,1,1,0,1,0.00694444444444444,0.00694444444444444,0,0,0.00694444444444444,0.00694444444444444,1,1,0.000879332840475311,0.000879347324371338,1,0,576,576
1137,1,1,1,1,1,1,1,1,0,1,0.00694444444444444,0.00694444444444444,0,0,0.00694444444444444,0.00694444444444444,1,1,5.89804878414757e-06,5.90085983276367e-06,1,0,576,576
1138,1,1,1,1,1,1,1,1,0,1,0.00694444444444444,0.00694444444444444,0,0,0.00694444444444444,0.00694444444444444,1,1,0.00249189193407934,0.00249189138412476,1,0,576,576
1139,1,1,1,1,1,1,1,1,0,1,0.00694444444444444,0.00694444444444444,0,0,0.00694444444444444,0.00694444444444444,1,1,0.00250810806592067,0.00250810384750366,1,0,576,576
1140,1,1,1,1,1,1,1,1,0,1,0.00694444444444444,0.00694444444444444,0,0,0.00694444444444444,0.00694444444444444,1,1,0.00249189193407934,0.00249189138412476,1,0,576,576
1141,1,1,1,1,1,1,1,1,0,1,0.00694444444444444,0.00694444444444444,0,0,0.00694444444444444,0.00694444444444444,1,1,0.00691687259990875,0.00691685080528259,1,0,576,576
1142,1,1,1,1,1,1,1,1,0,1,0.00694444444444444,0.00694444444444444,0,0,0.00694444444444444,0.00694444444444444,1,1,0.00443087871461356,0.0044308602809906,1,0,576,576
1143,1,1,1,1,1,1,1,1,0,1,0.00694444444444444,0.00694444444444444,0,0,0.00694444444444444,0.00694444444444444,1,1,0.00691687259990875,0.00691685080528259,1,0,576,576
1144,1,1,1,1,1,1,1,1,0,1,0.00694444444444444,0.00694444444444444,0,0,0.00694444444444444,0.00694444444444444,1,1,0.00443087871461356,0.0044308602809906,1,0,576,576
1145,1,1,1,1,1,1,1,1,0,1,0.00694444444444444,0.00694444444444444,0,0,0.00694444444444444,0.00694444444444444,1,1,0.00691687259990875,0.00691685080528259,1,0,576,576
1146,1,1,1,1,1,1,1,1,0,1,0.00694444444444444,0.00694444444444444,0,0,0.00694444444444444,0.00694444444444444,1,1,0.00443087871461356,0.0044308602809906,1,0,576,576
1147,1,1,1,1,1,1,1,1,0,1,0.00694444444444444,0.00694444444444444,0,0,0.00694444444444444,0.00694444444444444,1,1,0.00249189193407934,0.00249189138412476,1,0,576,576
1148,1,1,1,1,1,1,1,1,0,1,0.00694444444444444,0.00694444444444444,0,0,0.00694444444444444,0.00694444444444444,1,1,0.00443087871461356,0.0044308602809906,1,0,576,576
1149,1,1,1,1,1,1,1,1,0,1,0.00694444444444444,0.00694444444444444,0,0,0.00694444444444444,0.00694444444444444,1,1,0.00249189193407934,0.00249189138412476,1,0,576,576
1150,1,1,1,1,1,1,1,1,0,1,0.00694444444444444,0.00694444444444444,0,0,0.00694444444444444,0.00694444444444444,1,1,0.00443087871461356,0.0044308602809906,1,0,576,576
1151,1,1,1,1,1,1,1,1,0,1,0.00694444444444444,0.00694444444444444,0,0,0.00694444444444444,0.00694444444444444,1,1,0.00443087871461356,0.0044308602809906,1,0,576,576
1152,1,1,1,1,1,1,1,1,0,1,0.00694444444444444,0.00694444444444444,0,0,0.00694444444444444,0.00694444444444444,1,1,0.000569121285386442,0.000569134950637817,1,0,576,576
1153,1,1,1,1,1,1,1,1,0,1,0.00694444444444444,0.00694444444444444,0,0,0.00694444444444444,0.00694444444444444,1,1,0.00443087871461356,0.0044308602809906,1,0,576,576
1154,1,1,1,1,1,1,1,1,0,1,0.00694444444444444,0.00694444444444444,0,0,0.00694444444444444,0.00694444444444444,1,1,0.000569121285386442,0.000569134950637817,1,0,576,576
1155,1,1,1,1,1,1,1,1,0,1,0.00694444444444444,0.00694444444444444,0,0,0.00694444444444444,0.00694444444444444,1,1,0.00443087871461356,0.0044308602809906,1,0,576,576
1156,1,1,1,1,1,1,1,1,0,1,0.00694444444444444,0.00694444444444444,0,0,0.00694444444444444,0.00694444444444444,1,1,0.000569121285386442,0.000569134950637817,1,0,576,576
1157,1,1,1,1,1,1,1,1,0,1,0.00694444444444444,0.00694444444444444,0,0,0.00694444444444444,0.00694444444444444,1,1,0.00443087871461356,0.0044308602809906,1,0,576,576
1158,1,1,1,1,1,1,1,1,0,1,0.00694444444444444,0.00694444444444444,0,0,0.00694444444444444,0.00694444444444444,1,1,0.000569121285386442,0.000569134950637817,1,0,576,576
1159,1,1,1,1,1,1,1,1,0,1,0.00694444444444444,0.00694444444444444,0,0,0.00694444444444444,0.00694444444444444,1,1,0.00443087871461356,0.0044308602809906,1,0,576,576
1160,1,1,1,1,1,1,1,1,0,1,0.00694444444444444,0.00694444444444444,0,0,0.00694444444444444,0.00694444444444444,1,1,0.000569121285386442,0.000569134950637817,1,0,576,576
1161,1,1,1,1,1,1,1,1,0,1,0.00694444444444444,0.00694444444444444,0,0,0.00694444444444444,0.00694444444444444,1,1,0.00443087871461356,0.0044308602809906,1,0,576,576
1162,1,1,1,1,1,1,1,1,0,1,0.00694444444444444,0.00694444444444444,0,0,0.00694444444444444,0.00694444444444444,1,1,0.000569121285386442,0.000569134950637817,1,0,576,576
1163,1,1,1,1,1,1,1,1,0,1,0.00694444444444444,0.00694444444444444,0,0,0.00694444444444444,0.00694444444444444,1,1,0.00556912128538645,0.00556913018226624,1,0,576,576
1164,1,1,1,1,1,1,1,1,0,1,0.00694444444444444,0.00694444444444444,0,0,0.00694444444444444,0.00694444444444444,1,1,0.00890845389017653,0.00890845060348511,1,0,576,576
1165,1,1,1,1,1,1,1,1,0,1,0.00694444444444444,0.00694444444444444,0,0,0.00694444444444444,0.00694444444444444,1,1,0.00556912128538645,0.00556913018226624,1,0,576,576
1166,1,1,1,1,1,1,1,1,0,1,0.00694444444444444,0.00694444444444444,0,0,0.00694444444444444,0.00694444444444444,1,1,0.00890845389017653,0.00890845060348511,1,0,576,576
1167,1,1,1,1,1,1,1,1,0,1,0.00694444444444444,0.00694444444444444,0,0,0.00694444444444444,0.00694444444444444,1,1,0.00587364310153166,0.00587362051010132,1,0,576,576
1168,1,1,1,1,1,1,1,1,0,1,0.00694444444444444,0.00694444444444444,0,0,0.00694444444444444,0.00694444444444444,1,1,0.000873643101531651,0.0008736252784729,1,0,576,576
1169,1,1,1,1,1,1,1,1,0,1,0.00694444444444444,0.00694444444444444,0,0,0.00694444444444444,0.00694444444444444,1,1,0.000873643101531651,0.0008736252784729,1,0,576,576
1170,1,1,1,1,1,1,1,1,0,1,0.00694444444444444,0.00694444444444444,0,0,0.00694444444444444,0.00694444444444444,1,1,0.000873643101531651,0.0008736252784729,1,0,576,576
1171,1,1,1,1,1,1,1,1,0,1,0.00694444444444444,0.00694444444444444,0,0,0.00694444444444444,0.00694444444444444,1,1,0.000873643101531651,0.0008736252784729,1,0,576,576
1172,1,1,1,1,1,1,1,1,0,1,0.00694444444444444,0.00694444444444444,0,0,0.00694444444444444,0.00694444444444444,1,1,0.000873643101531651,0.0008736252784729,1,0,576,576
1173,1,1,1,1,1,1,1,1,0,1,0.00694444444444444,0.00694444444444444,0,0,0.00694444444444444,0.00694444444444444,1,1,0.000873643101531651,0.0008736252784729,1,0,576,576
1174,1,1,1,1,1,1,1,1,0,1,0.00694444444444444,0.00694444444444444,0,0,0.00694444444444444,0.00694444444444444,1,1,0.000873643101531651,0.0008736252784729,1,0,576,576
1175,1,1,1,1,1,1,1,1,0,1,0.00694444444444444,0.00694444444444444,0,0,0.00694444444444444,0.00694444444444444,1,1,0.00587364310153166,0.00587362051010132,1,0,576,576
1176,1,1,1,1,1,1,1,1,0,1,0.00694444444444444,0.00694444444444444,0,0,0.00694444444444444,0.00694444444444444,1,1,0.00587364310153166,0.00587365031242371,1,0,576,576
1177,1,1,1,1,1,1,1,1,0,1,0.00694444444444444,0.00694444444444444,0,0,0.00694444444444444,0.00694444444444444,1,1,0.00587364310153166,0.00587362051010132,1,0,576,576
1178,1,1,1,1,1,1,1,1,0,1,0.00694444444444444,0.00694444444444444,0,0,0.00694444444444444,0.00694444444444444,1,1,0.00587364310153166,0.00587365031242371,1,0,576,576
1179,1,1,1,1,1,1,1,1,0,1,0.00694444444444444,0.00694444444444444,0,0,0.00694444444444444,0.00694444444444444,1,1,0.00587364310153166,0.00587365031242371,1,0,576,576
1180,1,1,1,1,1,1,1,1,0,1,0.00694444444444444,0.00694444444444444,0,0,0.00694444444444444,0.00694444444444444,1,1,0.00587364310153166,0.00587365031242371,1,0,576,576
1181,1,1,1,1,1,1,1,1,0,1,0.00694444444444444,0.00694444444444444,0,0,0.00694444444444444,0.00694444444444444,1,1,0.00587364310153166,0.00587365031242371,1,0,576,576
1182,1,1,1,1,1,1,1,1,0,1,0.00694444444444444,0.00694444444444444,0,0,0.00694444444444444,0.00694444444444444,1,1,0.00587364310153166,0.00587365031242371,1,0,576,576
1183,1,1,1,1,1,1,1,1,0,1,0.00694444444444444,0.00694444444444444,0,0,0.00694444444444444,0.00694444444444444,1,1,0.000873643101531651,0.0008736252784729,1,0,576,576
1184,1,1,1,1,1,1,1,1,0,1,0.00694444444444444,0.00694444444444444,0,0,0.00694444444444444,0.00694444444444444,1,1,0.00587364310153166,0.00587365031242371,1,0,576,576
1185,1,1,1,1,1,1,1,1,0,1,0.00694444444444444,0.00694444444444444,0,0,0.00694444444444444,0.00694444444444444,1,1,0.00390845389017652,0.00390845537185669,1,0,576,576
1186,1,1,1,1,1,1,1,1,0,1,0.00694444444444444,0.00694444444444444,0,0,0.00694444444444444,0.00694444444444444,1,1,0.00390845389017652,0.00390845537185669,1,0,576,576
1187,1,1,1,1,1,1,1,1,0,1,0.00694444444444444,0.00694444444444444,0,0,0.00694444444444444,0.00694444444444444,1,1,0.000873643101531651,0.0008736252784729,1,0,576,576
1188,1,1,1,1,1,1,1,1,0,1,0.00694444444444444,0.00694444444444444,0,0,0.00694444444444444,0.00694444444444444,1,1,0.000873643101531651,0.0008736252784729,1,0,576,576
1189,1,1,1,1,1,1,1,1,0,1,0.00694444444444444,0.00694444444444444,0,0,0.00694444444444444,0.00694444444444444,1,1,0.00321629928666456,0.00321629643440247,1,0,576,576
1190,1,1,1,1,1,1,1,1,0,1,0.00694444444444444,0.00694444444444444,0,0,0.00694444444444444,0.00694444444444444,1,1,0.00321629928666456,0.00321629643440247,1,0,576,576
1191,1,1,1,1,1,1,1,1,0,1,0.00694444444444444,0.00694444444444444,0,0,0.00694444444444444,0.00694444444444444,1,1,0.00412635689846835,0.00412636995315552,1,0,576,576
1192,1,1,1,1,1,1,1,1,0,1,0.00694444444444444,0.00694444444444444,0,0,0.00694444444444444,0.00694444444444444,1,1,0.00121378163887403,0.00121378898620605,1,0,576,576
1193,1,1,1,1,1,1,1,1,0,1,0.00694444444444444,0.00694444444444444,0,0,0.00694444444444444,0.00694444444444444,1,1,0.00030372402707024,0.000303715467453003,1,0,576,576
1194,1,1,1,1,1,1,1,1,0,1,0.00694444444444444,0.00694444444444444,0,0,0.00694444444444444,0.00694444444444444,1,1,0.00106870145894855,0.00106871128082275,1,0,576,576
1195,1,1,1,1,1,1,1,1,0,1,0.00694444444444444,0.00694444444444444,0,0,0.00694444444444444,0.00694444444444444,1,1,0.00106870145894855,0.00106871128082275,1,0,576,576
1196,1,1,1,1,1,1,1,1,0,1,0.00694444444444444,0.00694444444444444,0,0,0.00694444444444444,0.00694444444444444,1,1,0.00179164532020465,0.00179162621498108,1,0,576,576
1197,1,1,1,1,1,1,1,1,0,1,0.00694444444444444,0.00694444444444444,0,0,0.00694444444444444,0.00694444444444444,1,1,0.00270170293200844,0.00270169973373413,1,0,576,576
1198,1,1,1,1,1,1,1,1,0,1,0.00694444444444444,0.00694444444444444,0,0,0.00694444444444444,0.00694444444444444,1,1,0.00270170293200844,0.00270172953605652,1,0,576,576
1199,1,1,1,1,1,1,1,1,0,1,0.00694444444444444,0.00694444444444444,0,0,0.00694444444444444,0.00694444444444444,1,1,0.00270170293200844,0.00270169973373413,1,0,576,576
1200,1,1,1,1,1,1,1,1,0,1,0.00694444444444444,0.00694444444444444,0,0,0.00694444444444444,0.00694444444444444,1,1,0.00270170293200844,0.00270172953605652,1,0,576,576
1201,1,1,1,1,1,1,1,1,0,1,0.00694444444444444,0.00694444444444444,0,0,0.00694444444444444,0.00694444444444444,1,1,0.00270170293200844,0.00270169973373413,1,0,576,576
1202,1,1,1,1,1,1,1,1,0,1,0.00694444444444444,0.00694444444444444,0,0,0.00694444444444444,0.00694444444444444,1,1,0.00270170293200844,0.00270172953605652,1,0,576,576
1203,1,1,1,1,1,1,1,1,0,1,0.00694444444444444,0.00694444444444444,0,0,0.00694444444444444,0.00694444444444444,1,1,0.00270170293200844,0.00270169973373413,1,0,576,576
1204,1,1,1,1,1,1,1,1,0,1,0.00694444444444444,0.00694444444444444,0,0,0.00694444444444444,0.00694444444444444,1,1,0.00270170293200844,0.00270172953605652,1,0,576,576
1205,1,1,1,1,1,1,1,1,0,1,0.00694444444444444,0.00694444444444444,0,0,0.00694444444444444,0.00694444444444444,1,1,0.00270170293200844,0.00270169973373413,1,0,576,576
1206,1,1,1,1,1,1,1,1,0,1,0.00694444444444444,0.00694444444444444,0,0,0.00694444444444444,0.00694444444444444,1,1,0.00270170293200844,0.00270172953605652,1,0,576,576
1207,1,1,1,1,1,1,1,1,0,1,0.00694444444444444,0.00694444444444444,0,0,0.00694444444444444,0.00694444444444444,1,1,0.00270170293200844,0.00270169973373413,1,0,576,576
1208,1,1,1,1,1,1,1,1,0,1,0.00694444444444444,0.00694444444444444,0,0,0.00694444444444444,0.00694444444444444,1,1,0.00270170293200844,0.00270172953605652,1,0,576,576
1209,1,1,1,1,1,1,1,1,0,1,0.00694444444444444,0.00694444444444444,0,0,0.00694444444444444,0.00694444444444444,1,1,0.00270170293200844,0.00270169973373413,1,0,576,576
1210,1,1,1,1,1,1,1,1,0,1,0.00694444444444444,0.00694444444444444,0,0,0.00694444444444444,0.00694444444444444,1,1,0.00270170293200844,0.00270172953605652,1,0,576,576
1211,1,1,1,1,1,1,1,1,0,1,0.00694444444444444,0.00694444444444444,0,0,0.00694444444444444,0.00694444444444444,1,1,0.00270170293200844,0.00270169973373413,1,0,576,576
1212,1,1,1,1,1,1,1,1,0,1,0.00694444444444444,0.00694444444444444,0,0,0.00694444444444444,0.00694444444444444,1,1,0.00270170293200844,0.00270172953605652,1,0,576,576
1213,1,1,1,1,1,1,1,1,0,1,0.00694444444444444,0.00694444444444444,0,0,0.00694444444444444,0.00694444444444444,1,1,0.00270170293200844,0.00270169973373413,1,0,576,576
1214,1,1,1,1,1,1,1,1,0,1,0.00694444444444444,0.00694444444444444,0,0,0.00694444444444444,0.00694444444444444,1,1,0.00270170293200844,0.00270172953605652,1,0,576,576
1215,1,1,1,1,1,1,1,1,0,1,0.00694444444444444,0.00694444444444444,0,0,0.00694444444444444,0.00694444444444444,1,1,0.00270170293200844,0.00270169973373413,1,0,576,576
1216,1,1,1,1,1,1,1,1,0,1,0.00694444444444444,0.00694444444444444,0,0,0.00694444444444444,0.00694444444444444,1,1,0.00270170293200844,0.00270172953605652,1,0,576,576
1217,1,1,1,1,1,1,1,1,0,1,0.00694444444444444,0.00694444444444444,0,0,0.00694444444444444,0.00694444444444444,1,1,0.00142465396645991,0.00142467021942139,1,0,576,576
1218,1,1,1,1,1,1,1,1,0,1,0.00694444444444444,0.00694444444444444,0,0,0.00694444444444444,0.00694444444444444,1,1,0.00142465396645991,0.001424640417099,1,0,576,576
1219,1,1,1,1,1,1,1,1,0,1,0.00694444444444444,0.00694444444444444,0,0,0.00694444444444444,0.00694444444444444,1,1,0.00142465396645991,0.00142467021942139,1,0,576,576
1220,1,1,1,1,1,1,1,1,0,1,0.00694444444444444,0.00694444444444444,0,0,0.00694444444444444,0.00694444444444444,1,1,0.00142465396645991,0.001424640417099,1,0,576,576
1221,1,1,1,1,1,1,1,1,0,1,0.00694444444444444,0.00694444444444444,0,0,0.00694444444444444,0.00694444444444444,1,1,0.00642465396645991,0.0064246654510498,1,0,576,576
1222,1,1,1,1,1,1,1,1,0,1,0.00694444444444444,0.00694444444444444,0,0,0.00694444444444444,0.00694444444444444,1,1,0.00229829706799156,0.00229829549789429,1,0,576,576
1223,1,1,1,1,1,1,1,1,0,1,0.00694444444444444,0.00694444444444444,0,0,0.00694444444444444,0.00694444444444444,1,1,0.00229829706799156,0.00229829549789429,1,0,576,576
1224,1,1,1,1,1,1,1,1,0,1,0.00694444444444444,0.00694444444444444,0,0,0.00694444444444444,0.00694444444444444,1,1,0.00229829706799156,0.00229829549789429,1,0,576,576
1225,1,1,1,1,1,1,1,1,0,1,0.00694444444444444,0.00694444444444444,0,0,0.00694444444444444,0.00694444444444444,1,1,0.00157990559911519,0.00157991051673889,1,0,576,576
1226,1,1,1,1,1,1,1,1,0,1,0.00694444444444444,0.00694444444444444,0,0,0.00694444444444444,0.00694444444444444,1,1,0.00229829706799156,0.00229829549789429,1,0,576,576
1227,1,1,1,1,1,1,1,1,0,1,0.00694444444444444,0.00694444444444444,0,0,0.00694444444444444,0.00694444444444444,1,1,0.00157990559911519,0.00157991051673889,1,0,576,576
1228,1,1,1,1,1,1,1,1,0,1,0.00694444444444444,0.00694444444444444,0,0,0.00694444444444444,0.00694444444444444,1,1,0.00229829706799156,0.00229829549789429,1,0,576,576
1229,1,1,1,1,1,1,1,1,0,1,0.00694444444444444,0.00694444444444444,0,0,0.00694444444444444,0.00694444444444444,1,1,0.00112179733289325,0.00112181901931763,1,0,576,576
1230,1,1,1,1,1,1,1,1,0,1,0.00694444444444444,0.00694444444444444,0,0,0.00694444444444444,0.00694444444444444,1,1,0.00112179733289325,0.00112178921699524,1,0,576,576
1231,1,1,1,1,1,1,1,1,0,1,0.00694444444444444,0.00694444444444444,0,0,0.00694444444444444,0.00694444444444444,1,1,0.00213099331450312,0.00213098526000977,1,0,576,576
1232,1,1,1,1,1,1,1,1,0,1,0.00694444444444444,0.00694444444444444,0,0,0.00694444444444444,0.00694444444444444,1,1,0.00112179733289325,0.00112178921699524,1,0,576,576
1233,1,1,1,1,1,1,1,1,0,1,0.00694444444444444,0.00694444444444444,0,0,0.00694444444444444,0.00694444444444444,1,1,0.00112179733289325,0.00112181901931763,1,0,576,576
1234,1,1,1,1,1,1,1,1,0,1,0.00694444444444444,0.00694444444444444,0,0,0.00694444444444444,0.00694444444444444,1,1,0.00387820266710676,0.00387820601463318,1,0,576,576
1235,1,1,1,1,1,1,1,1,0,1,0.00694444444444444,0.00694444444444444,0,0,0.00694444444444444,0.00694444444444444,1,1,0.000211739721089454,0.000211745500564575,1,0,576,576
1236,1,1,1,1,1,1,1,1,0,1,0.00694444444444444,0.00694444444444444,0,0,0.00694444444444444,0.00694444444444444,1,1,0.00029961727994271,0.000299602746963501,1,0,576,576
1237,1,1,1,1,1,1,1,1,0,1,0.00694444444444444,0.00694444444444444,0,0,0.00694444444444444,0.00694444444444444,1,1,0.00157990559911519,0.00157991051673889,1,0,576,576
1238,1,1,1,1,1,1,1,1,0,1,0.00694444444444444,0.00694444444444444,0,0,0.00694444444444444,0.00694444444444444,1,1,0.000458261127087467,0.000458270311355591,1,0,576,576
1239,1,1,1,1,1,1,1,1,0,1,0.00694444444444444,0.00694444444444444,0,0,0.00694444444444444,0.00694444444444444,1,1,0.00157990559911519,0.00157991051673889,1,0,576,576
1240,1,1,1,1,1,1,1,1,0,1,0.00694444444444444,0.00694444444444444,0,0,0.00694444444444444,0.00694444444444444,1,1,0.000458261127087467,0.000458270311355591,1,0,576,576
1241,1,1,1,1,1,1,1,1,0,1,0.00694444444444444,0.00694444444444444,0,0,0.00694444444444444,0.00694444444444444,1,1,0.00240208565206573,0.00240209698677063,1,0,576,576
1242,1,1,1,1,1,1,1,1,0,1,0.00694444444444444,0.00694444444444444,0,0,0.00694444444444444,0.00694444444444444,1,1,0.00740208565206574,0.00740209221839905,1,0,576,576
1243,1,1,1,1,1,1,1,1,0,1,0.00694444444444444,0.00694444444444444,0,0,0.00694444444444444,0.00694444444444444,1,1,0.00240208565206573,0.00240209698677063,1,0,576,576
1244,1,1,1,1,1,1,1,1,0,1,0.00694444444444444,0.00694444444444444,0,0,0.00694444444444444,0.00694444444444444,1,1,0.00740208565206574,0.00740209221839905,1,0,576,576
1245,1,1,1,1,1,1,1,1,0,1,0.00694444444444444,0.00694444444444444,0,0,0.00694444444444444,0.00694444444444444,1,1,0.00740208565206574,0.00740209221839905,1,0,576,576
1246,1,1,1,1,1,1,1,1,0,1,0.00694444444444444,0.00694444444444444,0,0,0.00694444444444444,0.00694444444444444,1,1,0.00674754218706047,0.0067475438117981,1,0,576,576
1247,1,1,1,1,1,1,1,1,0,1,0.00694444444444444,0.00694444444444444,0,0,0.00694444444444444,0.00694444444444444,1,1,0.00240208565206573,0.00240206718444824,1,0,576,576
1248,1,1,1,1,1,1,1,1,0,1,0.00694444444444444,0.00694444444444444,0,0,0.00694444444444444,0.00694444444444444,1,1,0.00674754218706047,0.0067475438117981,1,0,576,576
1249,1,1,1,1,1,1,1,1,0,1,0.00694444444444444,0.00694444444444444,0,0,0.00694444444444444,0.00694444444444444,1,1,0.00174754218706047,0.00174751877784729,1,0,576,576
1250,1,1,1,1,1,1,1,1,0,1,0.00694444444444444,0.00694444444444444,0,0,0.00694444444444444,0.00694444444444444,1,1,0.00174754218706047,0.00174754858016968,1,0,576,576
1251,1,1,1,1,1,1,1,1,0,1,0.00694444444444444,0.00694444444444444,0,0,0.00694444444444444,0.00694444444444444,1,1,0.00325245781293954,0.00325247645378113,1,0,576,576
1252,1,1,1,1,1,1,1,1,0,1,0.00694444444444444,0.00694444444444444,0,0,0.00694444444444444,0.00694444444444444,1,1,0.000573749313882599,0.000573724508285522,1,0,576,576
1253,1,1,1,1,1,1,1,1,0,1,0.00694444444444444,0.00694444444444444,0,0,0.00694444444444444,0.00694444444444444,1,1,0.000573749313882599,0.00057375431060791,1,0,576,576
1254,1,1,1,1,1,1,1,1,0,1,0.00694444444444444,0.00694444444444444,0,0,0.00694444444444444,0.00694444444444444,1,1,0.000573749313882599,0.000573724508285522,1,0,576,576
1255,1,1,1,1,1,1,1,1,0,1,0.00694444444444444,0.00694444444444444,0,0,0.00694444444444444,0.00694444444444444,1,1,0.000253450117908727,0.000253438949584961,1,0,576,576
1256,1,1,1,1,1,1,1,1,0,1,0.00694444444444444,0.00694444444444444,0,0,0.00694444444444444,0.00694444444444444,1,1,0.00406100124125153,0.0040610134601593,1,0,576,576
1257,1,1,1,1,1,1,1,1,0,1,0.00694444444444444,0.00694444444444444,0,0,0.00694444444444444,0.00694444444444444,1,1,0.000573749313882599,0.00057375431060791,1,0,576,576
1258,1,1,1,1,1,1,1,1,0,1,0.00694444444444444,0.00694444444444444,0,0,0.00694444444444444,0.00694444444444444,1,1,0.00406100124125153,0.0040610134601593,1,0,576,576
1259,1,1,1,1,1,1,1,1,0,1,0.00694444444444444,0.00694444444444444,0,0,0.00694444444444444,0.00694444444444444,1,1,0.00068554864083975,0.000685572624206543,1,0,576,576
1260,1,1,1,1,1,1,1,1,0,1,0.00694444444444444,0.00694444444444444,0,0,0.00694444444444444,0.00694444444444444,1,1,0.00068554864083975,0.000685542821884155,1,0,576,576
1261,1,1,1,1,1,1,1,1,0,1,0.00694444444444444,0.00694444444444444,0,0,0.00694444444444444,0.00694444444444444,1,1,0.00068554864083975,0.000685572624206543,1,0,576,576
1262,1,1,1,1,1,1,1,1,0,1,0.00694444444444444,0.00694444444444444,0,0,0.00694444444444444,0.00694444444444444,1,1,0.00068554864083975,0.000685542821884155,1,0,576,576
1263,1,1,1,1,1,1,1,1,0,1,0.00694444444444444,0.00694444444444444,0,0,0.00694444444444444,0.00694444444444444,1,1,0.00068554864083975,0.000685572624206543,1,0,576,576
1264,1,1,1,1,1,1,1,1,0,1,0.00694444444444444,0.00694444444444444,0,0,0.00694444444444444,0.00694444444444444,1,1,0.00068554864083975,0.000685542821884155,1,0,576,576
1265,1,1,1,1,1,1,1,1,0,1,0.00694444444444444,0.00694444444444444,0,0,0.00694444444444444,0.00694444444444444,1,1,0.00568554864083975,0.00568556785583496,1,0,576,576
1266,1,1,1,1,1,1,1,1,0,1,0.00694444444444444,0.00694444444444444,0,0,0.00694444444444444,0.00694444444444444,1,1,0.00068554864083975,0.000685542821884155,1,0,576,576
1267,1,1,1,1,1,1,1,1,0,1,0.00694444444444444,0.00694444444444444,0,0,0.00694444444444444,0.00694444444444444,1,1,0.00068554864083975,0.000685572624206543,1,0,576,576
1268,1,1,1,1,1,1,1,1,0,1,0.00694444444444444,0.00694444444444444,0,0,0.00694444444444444,0.00694444444444444,1,1,0.00068554864083975,0.000685542821884155,1,0,576,576
1269,1,1,1,1,1,1,1,1,0,1,0.00694444444444444,0.00694444444444444,0,0,0.00694444444444444,0.00694444444444444,1,1,0.00068554864083975,0.000685542821884155,1,0,576,576
1270,1,1,1,1,1,1,1,1,0,1,0.00694444444444444,0.00694444444444444,0,0,0.00694444444444444,0.00694444444444444,1,1,0.000958625942240054,0.000958621501922607,1,0,576,576
1271,1,1,1,1,1,1,1,1,0,1,0.00694444444444444,0.00694444444444444,0,0,0.00694444444444444,0.00694444444444444,1,1,0.00247923146007545,0.00247925519943237,1,0,576,576
1272,1,1,1,1,1,1,1,1,0,1,0.00694444444444444,0.00694444444444444,0,0,0.00694444444444444,0.00694444444444444,1,1,0.000958625942240054,0.000958621501922607,1,0,576,576
1273,1,1,1,1,1,1,1,1,0,1,0.00694444444444444,0.00694444444444444,0,0,0.00694444444444444,0.00694444444444444,1,1,0.00247923146007545,0.00247925519943237,1,0,576,576
1274,1,1,1,1,1,1,1,1,0,1,0.00694444444444444,0.00694444444444444,0,0,0.00694444444444444,0.00694444444444444,1,1,0.000958625942240054,0.000958621501922607,1,0,576,576
1275,1,1,1,1,1,1,1,1,0,1,0.00694444444444444,0.00694444444444444,0,0,0.00694444444444444,0.00694444444444444,1,1,0.00068554864083975,0.000685542821884155,1,0,576,576
1276,1,1,1,1,1,1,1,1,0,1,0.00694444444444444,0.00694444444444444,0,0,0.00694444444444444,0.00694444444444444,1,1,0.000876593956844751,0.000876575708389282,1,0,576,576
1277,1,1,1,1,1,1,1,1,0,1,0.00694444444444444,0.00694444444444444,0,0,0.00694444444444444,0.00694444444444444,1,1,0.00431445135916025,0.00431445240974426,1,0,576,576
1278,1,1,1,1,1,1,1,1,0,1,0.00694444444444444,0.00694444444444444,0,0,0.00694444444444444,0.00694444444444444,1,1,0.000876593956844751,0.000876575708389282,1,0,576,576
1279,1,1,1,1,1,1,1,1,0,1,0.00694444444444444,0.00694444444444444,0,0,0.00694444444444444,0.00694444444444444,1,1,0.00431445135916025,0.00431445240974426,1,0,576,576
1280,1,1,1,1,1,1,1,1,0,1,0.00694444444444444,0.00694444444444444,0,0,0.00694444444444444,0.00694444444444444,1,1,0.00587659395684476,0.0058765709400177,1,0,576,576
1281,1,1,1,1,1,1,1,1,0,1,0.00694444444444444,0.00694444444444444,0,0,0.00694444444444444,0.00694444444444444,1,1,0.00778303453530571,0.00778305530548096,1,0,576,576
1282,1,1,1,1,1,1,1,1,0,1,0.00694444444444444,0.00694444444444444,0,0,0.00694444444444444,0.00694444444444444,1,1,0.00587659395684476,0.0058765709400177,1,0,576,576
1283,1,1,1,1,1,1,1,1,0,1,0.00694444444444444,0.00694444444444444,0,0,0.00694444444444444,0.00694444444444444,1,1,0.00778303453530571,0.00778305530548096,1,0,576,576
1284,1,1,1,1,1,1,1,1,0,1,0.00694444444444444,0.00694444444444444,0,0,0.00694444444444444,0.00694444444444444,1,1,0.0108765939568448,0.0108765959739685,1,0,576,576
1285,1,1,1,1,1,1,1,1,0,1,0.00694444444444444,0.00694444444444444,0,0,0.00694444444444444,0.00694444444444444,1,1,0.00849591103780689,0.00849592685699463,1,0,576,576
1286,1,1,1,1,1,1,1,1,0,1,0.00694444444444444,0.00694444444444444,0,0,0.00694444444444444,0.00694444444444444,1,1,0.0108765939568448,0.0108765959739685,1,0,576,576
1287,1,1,1,1,1,1,1,1,0,1,0.00694444444444444,0.00694444444444444,0,0,0.00694444444444444,0.00694444444444444,1,1,0.0115799055991152,0.0115799307823181,1,0,576,576
1288,1,1,1,1,1,1,1,1,0,1,0.00694444444444444,0.00694444444444444,0,0,0.00694444444444444,0.00694444444444444,1,1,0.0108765939568448,0.0108765959739685,1,0,576,576
1289,1,1,1,1,1,1,1,1,0,1,0.00694444444444444,0.00694444444444444,0,0,0.00694444444444444,0.00694444444444444,1,1,0.0115799055991152,0.0115799307823181,1,0,576,576
1290,1,1,1,1,1,1,1,1,0,1,0.00694444444444444,0.00694444444444444,0,0,0.00694444444444444,0.00694444444444444,1,1,0.0108765939568448,0.0108765959739685,1,0,576,576
1291,1,1,1,1,1,1,1,1,0,1,0.00694444444444444,0.00694444444444444,0,0,0.00694444444444444,0.00694444444444444,1,1,0.0115799055991152,0.0115799307823181,1,0,576,576
1292,1,1,1,1,1,1,1,1,0,1,0.00694444444444444,0.00694444444444444,0,0,0.00694444444444444,0.00694444444444444,1,1,0.0108765939568448,0.0108765959739685,1,0,576,576
1293,1,1,1,1,1,1,1,1,0,1,0.00694444444444444,0.00694444444444444,0,0,0.00694444444444444,0.00694444444444444,1,1,0.0115799055991152,0.0115799307823181,1,0,576,576
1294,1,1,1,1,1,1,1,1,0,1,0.00694444444444444,0.00694444444444444,0,0,0.00694444444444444,0.00694444444444444,1,1,0.0108765939568448,0.0108765959739685,1,0,576,576
1295,1,1,1,1,1,1,1,1,0,1,0.00694444444444444,0.00694444444444444,0,0,0.00694444444444444,0.00694444444444444,1,1,0.00981877676868265,0.00981879234313965,1,0,576,576
1296,1,1,1,1,1,1,1,1,0,1,0.00694444444444444,0.00694444444444444,0,0,0.00694444444444444,0.00694444444444444,1,1,0.0113809193663671,0.0113809108734131,1,0,576,576
1297,1,1,1,1,1,1,1,1,0,1,0.00694444444444444,0.00694444444444444,0,0,0.00694444444444444,0.00694444444444444,1,1,0.0115799055991152,0.0115799307823181,1,0,576,576
1298,1,1,1,1,1,1,1,1,0,1,0.00694444444444444,0.00694444444444444,0,0,0.00694444444444444,0.00694444444444444,1,1,0.0113809193663671,0.0113809108734131,1,0,576,576
1299,1,1,1,1,1,1,1,1,0,1,0.00694444444444444,0.00694444444444444,0,0,0.00694444444444444,0.00694444444444444,1,1,0.00981877676868265,0.00981879234313965,1,0,576,576
1300,1,1,1,1,1,1,1,1,0,1,0.00694444444444444,0.00694444444444444,0,0,0.00694444444444444,0.00694444444444444,1,1,0.00638091936636714,0.00638091564178467,1,0,576,576
1301,1,1,1,1,1,1,1,1,0,1,0.00694444444444444,0.00694444444444444,0,0,0.00694444444444444,0.00694444444444444,1,1,0.00981877676868265,0.00981879234313965,1,0,576,576
1302,1,1,1,1,1,1,1,1,0,1,0.00694444444444444,0.00694444444444444,0,0,0.00694444444444444,0.00694444444444444,1,1,0.00638091936636714,0.00638091564178467,1,0,576,576
1303,1,1,1,1,1,1,1,1,0,1,0.00694444444444444,0.00694444444444444,0,0,0.00694444444444444,0.00694444444444444,1,1,0.00981877676868265,0.00981879234313965,1,0,576,576
1304,1,1,1,1,1,1,1,1,0,1,0.00694444444444444,0.00694444444444444,0,0,0.00694444444444444,0.00694444444444444,1,1,0.00638091936636714,0.00638091564178467,1,0,576,576
1305,1,1,1,1,1,1,1,1,0,1,0.00694444444444444,0.00694444444444444,0,0,0.00694444444444444,0.00694444444444444,1,1,0.00981877676868265,0.00981879234313965,1,0,576,576
1306,1,1,1,1,1,1,1,1,0,1,0.00694444444444444,0.00694444444444444,0,0,0.00694444444444444,0.00694444444444444,1,1,0.00638091936636714,0.00638091564178467,1,0,576,576
1307,1,1,1,1,1,1,1,1,0,1,0.00694444444444444,0.00694444444444444,0,0,0.00694444444444444,0.00694444444444444,1,1,0.00981877676868265,0.00981879234313965,1,0,576,576
1308,1,1,1,1,1,1,1,1,0,1,0.00694444444444444,0.00694444444444444,0,0,0.00694444444444444,0.00694444444444444,1,1,0.00638091936636714,0.00638091564178467,1,0,576,576
1309,1,1,1,1,1,1,1,1,0,1,0.00694444444444444,0.00694444444444444,0,0,0.00694444444444444,0.00694444444444444,1,1,0.00981877676868265,0.00981879234313965,1,0,576,576
1310,1,1,1,1,1,1,1,1,0,1,0.00694444444444444,0.00694444444444444,0,0,0.00694444444444444,0.00694444444444444,1,1,0.00638091936636714,0.00638091564178467,1,0,576,576
1311,1,1,1,1,1,1,1,1,0,1,0.00694444444444444,0.00694444444444444,0,0,0.00694444444444444,0.00694444444444444,1,1,0.00981877676868265,0.00981879234313965,1,0,576,576
1312,1,1,1,1,1,1,1,1,0,1,0.00694444444444444,0.00694444444444444,0,0,0.00694444444444444,0.00694444444444444,1,1,0.00638091936636714,0.00638091564178467,1,0,576,576
1313,1,1,1,1,1,1,1,1,0,1,0.00694444444444444,0.00694444444444444,0,0,0.00694444444444444,0.00694444444444444,1,1,0.00981877676868265,0.00981879234313965,1,0,576,576
1314,1,1,1,1,1,1,1,1,0,1,0.00694444444444444,0.00694444444444444,0,0,0.00694444444444444,0.00694444444444444,1,1,0.0113809193663671,0.0113809108734131,1,0,576,576
1315,1,1,1,1,1,1,1,1,0,1,0.00694444444444444,0.00694444444444444,0,0,0.00694444444444444,0.00694444444444444,1,1,0.0115799055991152,0.0115799307823181,1,0,576,576
1316,1,1,1,1,1,1,1,1,0,1,0.00694444444444444,0.00694444444444444,0,0,0.00694444444444444,0.00694444444444444,1,1,0.0113809193663671,0.0113809108734131,1,0,576,576
1317,1,1,1,1,1,1,1,1,0,1,0.00694444444444444,0.00694444444444444,0,0,0.00694444444444444,0.00694444444444444,1,1,0.0115799055991152,0.0115799307823181,1,0,576,576
1318,1,1,1,1,1,1,1,1,0,1,0.00694444444444444,0.00694444444444444,0,0,0.00694444444444444,0.00694444444444444,1,1,0.0113809193663671,0.0113809108734131,1,0,576,576
1319,1,1,1,1,1,1,1,1,0,1,0.00694444444444444,0.00694444444444444,0,0,0.00694444444444444,0.00694444444444444,1,1,0.00981877676868265,0.00981879234313965,1,0,576,576
1320,1,1,1,1,1,1,1,1,0,1,0.00694444444444444,0.00694444444444444,0,0,0.00694444444444444,0.00694444444444444,1,1,0.00909152415013259,0.00909152626991272,1,0,576,576
1321,1,1,1,1,1,1,1,1,0,1,0.00694444444444444,0.00694444444444444,0,0,0.00694444444444444,0.00694444444444444,1,1,0.0115799055991152,0.0115799307823181,1,0,576,576
1322,1,1,1,1,1,1,1,1,0,1,0.00694444444444444,0.00694444444444444,0,0,0.00694444444444444,0.00694444444444444,1,1,0.00909152415013259,0.00909152626991272,1,0,576,576
1323,1,1,1,1,1,1,1,1,0,1,0.00694444444444444,0.00694444444444444,0,0,0.00694444444444444,0.00694444444444444,1,1,0.00752938155244809,0.00752940773963928,1,0,576,576
1324,1,1,1,1,1,1,1,1,0,1,0.00694444444444444,0.00694444444444444,0,0,0.00694444444444444,0.00694444444444444,1,1,0.00909152415013259,0.00909152626991272,1,0,576,576
1325,1,1,1,1,1,1,1,1,0,1,0.00694444444444444,0.00694444444444444,0,0,0.00694444444444444,0.00694444444444444,1,1,0.00940615431747693,0.00940617918968201,1,0,576,576
1326,1,1,1,1,1,1,1,1,0,1,0.00694444444444444,0.00694444444444444,0,0,0.00694444444444444,0.00694444444444444,1,1,0.00909152415013259,0.00909152626991272,1,0,576,576
1327,1,1,1,1,1,1,1,1,0,1,0.00694444444444444,0.00694444444444444,0,0,0.00694444444444444,0.00694444444444444,1,1,0.00940615431747693,0.00940617918968201,1,0,576,576
1328,1,1,1,1,1,1,1,1,0,1,0.00694444444444444,0.00694444444444444,0,0,0.00694444444444444,0.00694444444444444,1,1,0.00909152415013259,0.00909152626991272,1,0,576,576
1329,1,1,1,1,1,1,1,1,0,1,0.00694444444444444,0.00694444444444444,0,0,0.00694444444444444,0.00694444444444444,1,1,0.00702072414492483,0.0070207417011261,1,0,576,576
1330,1,1,1,1,1,1,1,1,0,1,0.00694444444444444,0.00694444444444444,0,0,0.00694444444444444,0.00694444444444444,1,1,0.00409152415013259,0.00409150123596191,1,0,576,576
1331,1,1,1,1,1,1,1,1,0,1,0.00694444444444444,0.00694444444444444,0,0,0.00694444444444444,0.00694444444444444,1,1,0.00202072414492482,0.00202071666717529,1,0,576,576
1332,1,1,1,1,1,1,1,1,0,1,0.00694444444444444,0.00694444444444444,0,0,0.00694444444444444,0.00694444444444444,1,1,0.000908475849867418,0.000908493995666504,1,0,576,576
1333,1,1,1,1,1,1,1,1,0,1,0.00694444444444444,0.00694444444444444,0,0,0.00694444444444444,0.00694444444444444,1,1,0.000835468740470857,0.00083547830581665,1,0,576,576
1334,1,1,1,1,1,1,1,1,0,1,0.00694444444444444,0.00694444444444444,0,0,0.00694444444444444,0.00694444444444444,1,1,0.000835468740470857,0.000835448503494263,1,0,576,576
1335,1,1,1,1,1,1,1,1,0,1,0.00694444444444444,0.00694444444444444,0,0,0.00694444444444444,0.00694444444444444,1,1,0.000835468740470857,0.000835448503494263,1,0,576,576
1336,1,1,1,1,1,1,1,1,0,1,0.00694444444444444,0.00694444444444444,0,0,0.00694444444444444,0.00694444444444444,1,1,0.000835468740470857,0.000835448503494263,1,0,576,576
1337,1,1,1,1,1,1,1,1,0,1,0.00694444444444444,0.00694444444444444,0,0,0.00694444444444444,0.00694444444444444,1,1,0.00420355921928756,0.00420355796813965,1,0,576,576
1338,1,1,1,1,1,1,1,1,0,1,0.00694444444444444,0.00694444444444444,0,0,0.00694444444444444,0.00694444444444444,1,1,0.000438890484024457,0.000438868999481201,1,0,576,576
1339,1,1,1,1,1,1,1,1,0,1,0.00694444444444444,0.00694444444444444,0,0,0.00694444444444444,0.00694444444444444,1,1,0.00232303950630375,0.00232303142547607,1,0,576,576
1340,1,1,1,1,1,1,1,1,0,1,0.00694444444444444,0.00694444444444444,0,0,0.00694444444444444,0.00694444444444444,1,1,0.000778131408142479,0.000778108835220337,1,0,576,576
1341,1,1,1,1,1,1,1,1,0,1,0.00694444444444444,0.00694444444444444,0,0,0.00694444444444444,0.00694444444444444,1,1,0.000778131408142479,0.000778108835220337,1,0,576,576
1342,1,1,1,1,1,1,1,1,0,1,0.00694444444444444,0.00694444444444444,0,0,0.00694444444444444,0.00694444444444444,1,1,0.000778131408142479,0.000778108835220337,1,0,576,576
1343,1,1,1,1,1,1,1,1,0,1,0.00694444444444444,0.00694444444444444,0,0,0.00694444444444444,0.00694444444444444,1,1,0.000778131408142479,0.000778108835220337,1,0,576,576
1344,1,1,1,1,1,1,1,1,0,1,0.00694444444444444,0.00694444444444444,0,0,0.00694444444444444,0.00694444444444444,1,1,0.000778131408142479,0.000778108835220337,1,0,576,576
1345,1,1,1,1,1,1,1,1,0,1,0.00694444444444444,0.00694444444444444,0,0,0.00694444444444444,0.00694444444444444,1,1,0.00422186859185752,0.00422188639640808,1,0,576,576
1346,1,1,1,1,1,1,1,1,0,1,0.00694444444444444,0.00694444444444444,0,0,0.00694444444444444,0.00694444444444444,1,1,0.00233771956957823,0.00233772397041321,1,0,576,576
1347,1,1,1,1,1,1,1,1,0,1,0.00694444444444444,0.00694444444444444,0,0,0.00694444444444444,0.00694444444444444,1,1,0.00422186859185752,0.00422188639640808,1,0,576,576
1348,1,1,1,1,1,1,1,1,0,1,0.00694444444444444,0.00694444444444444,0,0,0.00694444444444444,0.00694444444444444,1,1,0.00233771956957823,0.00233772397041321,1,0,576,576
1349,1,1,1,1,1,1,1,1,0,1,0.00694444444444444,0.00694444444444444,0,0,0.00694444444444444,0.00694444444444444,1,1,0.00422186859185752,0.00422188639640808,1,0,576,576
1350,1,1,1,1,1,1,1,1,0,1,0.00694444444444444,0.00694444444444444,0,0,0.00694444444444444,0.00694444444444444,1,1,0.00543889048402446,0.00543889403343201,1,0,576,576
1351,1,1,1,1,1,1,1,1,0,1,0.00694444444444444,0.00694444444444444,0,0,0.00694444444444444,0.00694444444444444,1,1,0.00732303950630375,0.00732305645942688,1,0,576,576
1352,1,1,1,1,1,1,1,1,0,1,0.00694444444444444,0.00694444444444444,0,0,0.00694444444444444,0.00694444444444444,1,1,0.00543889048402446,0.00543889403343201,1,0,576,576
1353,1,1,1,1,1,1,1,1,0,1,0.00694444444444444,0.00694444444444444,0,0,0.00694444444444444,0.00694444444444444,1,1,0.000438890484024457,0.000438868999481201,1,0,576,576
1354,1,1,1,1,1,1,1,1,0,1,0.00694444444444444,0.00694444444444444,0,0,0.00694444444444444,0.00694444444444444,1,1,0.00456110951597555,0.00456112623214722,1,0,576,576
1355,1,1,1,1,1,1,1,1,0,1,0.00694444444444444,0.00694444444444444,0,0,0.00694444444444444,0.00694444444444444,1,1,0.00898894511770343,0.00898894667625427,1,0,576,576
1356,1,1,1,1,1,1,1,1,0,1,0.00694444444444444,0.00694444444444444,0,0,0.00694444444444444,0.00694444444444444,1,1,0.00956110951597555,0.00956112146377563,1,0,576,576
1357,1,1,1,1,1,1,1,1,0,1,0.00694444444444444,0.00694444444444444,0,0,0.00694444444444444,0.00694444444444444,1,1,0.00456110951597555,0.00456112623214722,1,0,576,576
1358,1,1,1,1,1,1,1,1,0,1,0.00694444444444444,0.00694444444444444,0,0,0.00694444444444444,0.00694444444444444,1,1,0.00270315771277524,0.00270313024520874,1,0,576,576
1359,1,1,1,1,1,1,1,1,0,1,0.00694444444444444,0.00694444444444444,0,0,0.00694444444444444,0.00694444444444444,1,1,0.00185795180320031,0.00185796618461609,1,0,576,576
1360,1,1,1,1,1,1,1,1,0,1,0.00694444444444444,0.00694444444444444,0,0,0.00694444444444444,0.00694444444444444,1,1,0.00062848527533893,0.000628501176834106,1,0,576,576
1361,1,1,1,1,1,1,1,1,0,1,0.00694444444444444,0.00694444444444444,0,0,0.00694444444444444,0.00694444444444444,1,1,0.00125566374694036,0.00125566124916077,1,0,576,576
1362,1,1,1,1,1,1,1,1,0,1,0.00694444444444444,0.00694444444444444,0,0,0.00694444444444444,0.00694444444444444,1,1,0.00125566374694036,0.00125569105148315,1,0,576,576
1363,1,1,1,1,1,1,1,1,0,1,0.00694444444444444,0.00694444444444444,0,0,0.00694444444444444,0.00694444444444444,1,1,0.00125566374694036,0.00125566124916077,1,0,576,576
1364,1,1,1,1,1,1,1,1,0,1,0.00694444444444444,0.00694444444444444,0,0,0.00694444444444444,0.00694444444444444,1,1,0.00125566374694036,0.00125566124916077,1,0,576,576
1365,1,1,1,1,1,1,1,1,0,1,0.00694444444444444,0.00694444444444444,0,0,0.00694444444444444,0.00694444444444444,1,1,0.00154019029042113,0.00154021382331848,1,0,576,576
1366,1,1,1,1,1,1,1,1,0,1,0.00694444444444444,0.00694444444444444,0,0,0.00694444444444444,0.00694444444444444,1,1,0.00154019029042113,0.00154018402099609,1,0,576,576
1367,1,1,1,1,1,1,1,1,0,1,0.00694444444444444,0.00694444444444444,0,0,0.00694444444444444,0.00694444444444444,1,1,0.00113677020327513,0.00113677978515625,1,0,576,576
1368,1,1,1,1,1,1,1,1,0,1,0.00694444444444444,0.00694444444444444,0,0,0.00694444444444444,0.00694444444444444,1,1,0.00613677020327513,0.00613677501678467,1,0,576,576
1369,1,1,1,1,1,1,1,1,0,1,0.00694444444444444,0.00694444444444444,0,0,0.00694444444444444,0.00694444444444444,1,1,0.00117372991666054,0.00117373466491699,1,0,576,576
1370,1,1,1,1,1,1,1,1,0,1,0.00694444444444444,0.00694444444444444,0,0,0.00694444444444444,0.00694444444444444,1,1,0.00117372991666054,0.00117373466491699,1,0,576,576
1371,1,1,1,1,1,1,1,1,0,1,0.00694444444444444,0.00694444444444444,0,0,0.00694444444444444,0.00694444444444444,1,1,0.00186547203162574,0.00186547636985779,1,0,576,576
1372,1,1,1,1,1,1,1,1,0,1,0.00694444444444444,0.00694444444444444,0,0,0.00694444444444444,0.00694444444444444,1,1,0.00313452796837427,0.00313451886177063,1,0,576,576
1373,1,1,1,1,1,1,1,1,0,1,0.00694444444444444,0.00694444444444444,0,0,0.00694444444444444,0.00694444444444444,1,1,0.00313452796837427,0.00313451886177063,1,0,576,576
1374,1,1,1,1,1,1,1,1,0,1,0.00694444444444444,0.00694444444444444,0,0,0.00694444444444444,0.00694444444444444,1,1,0.00313452796837427,0.00313451886177063,1,0,576,576
1375,1,1,1,1,1,1,1,1,0,1,0.00694444444444444,0.00694444444444444,0,0,0.00694444444444444,0.00694444444444444,1,1,0.000184253354911568,0.000184237957000732,1,0,576,576
1376,1,1,1,1,1,1,1,1,0,1,0.00694444444444444,0.00694444444444444,0,0,0.00694444444444444,0.00694444444444444,1,1,0.00313452796837427,0.00313451886177063,1,0,576,576
1377,1,1,1,1,1,1,1,1,0,1,0.00694444444444444,0.00694444444444444,0,0,0.00694444444444444,0.00694444444444444,1,1,0.000184253354911568,0.000184237957000732,1,0,576,576
1378,1,1,1,1,1,1,1,1,0,1,0.00694444444444444,0.00694444444444444,0,0,0.00694444444444444,0.00694444444444444,1,1,0.00313452796837427,0.00313451886177063,1,0,576,576
1379,1,1,1,1,1,1,1,1,0,1,0.00694444444444444,0.00694444444444444,0,0,0.00694444444444444,0.00694444444444444,1,1,0.000184253354911568,0.000184237957000732,1,0,576,576
1380,1,1,1,1,1,1,1,1,0,1,0.00694444444444444,0.00694444444444444,0,0,0.00694444444444444,0.00694444444444444,1,1,0.00313452796837427,0.00313451886177063,1,0,576,576
1381,1,1,1,1,1,1,1,1,0,1,0.00694444444444444,0.00694444444444444,0,0,0.00694444444444444,0.00694444444444444,1,1,0.000184253354911568,0.000184237957000732,1,0,576,576
1382,1,1,1,1,1,1,1,1,0,1,0.00694444444444444,0.00694444444444444,0,0,0.00694444444444444,0.00694444444444444,1,1,0.0008301528967391,0.000830143690109253,1,0,576,576
1383,1,1,1,1,1,1,1,1,0,1,0.00694444444444444,0.00694444444444444,0,0,0.00694444444444444,0.00694444444444444,1,1,0.00095251684836356,0.000952541828155518,1,0,576,576
1384,1,1,1,1,1,1,1,1,0,1,0.00694444444444444,0.00694444444444444,0,0,0.00694444444444444,0.00694444444444444,1,1,0.00199775776509914,0.00199773907661438,1,0,576,576
1385,1,1,1,1,1,1,1,1,0,1,0.00694444444444444,0.00694444444444444,0,0,0.00694444444444444,0.00694444444444444,1,1,0.000184253354911568,0.000184237957000732,1,0,576,576
1386,1,1,1,1,1,1,1,1,0,1,0.00694444444444444,0.00694444444444444,0,0,0.00694444444444444,0.00694444444444444,1,1,0.00113677020327513,0.00113677978515625,1,0,576,576
1387,1,1,1,1,1,1,1,1,0,1,0.00694444444444444,0.00694444444444444,0,0,0.00694444444444444,0.00694444444444444,1,1,0.00386322979672488,0.00386324524879456,1,0,576,576
1388,1,1,1,1,1,1,1,1,0,1,0.00694444444444444,0.00694444444444444,0,0,0.00694444444444444,0.00694444444444444,1,1,0.00386322979672488,0.00386324524879456,1,0,576,576
1389,1,1,1,1,1,1,1,1,0,1,0.00694444444444444,0.00694444444444444,0,0,0.00694444444444444,0.00694444444444444,1,1,0.00386322979672488,0.00386324524879456,1,0,576,576
1390,1,1,1,1,1,1,1,1,0,1,0.00694444444444444,0.00694444444444444,0,0,0.00694444444444444,0.00694444444444444,1,1,0.000261064212584483,0.000261068344116211,1,0,576,576
1391,1,1,1,1,1,1,1,1,0,1,0.00694444444444444,0.00694444444444444,0,0,0.00694444444444444,0.00694444444444444,1,1,0.00386322979672488,0.00386324524879456,1,0,576,576
1392,1,1,1,1,1,1,1,1,0,1,0.00694444444444444,0.00694444444444444,0,0,0.00694444444444444,0.00694444444444444,1,1,0.000261064212584483,0.000261068344116211,1,0,576,576
1393,1,1,1,1,1,1,1,1,0,1,0.00694444444444444,0.00694444444444444,0,0,0.00694444444444444,0.00694444444444444,1,1,0.00386322979672488,0.00386324524879456,1,0,576,576
1394,1,1,1,1,1,1,1,1,0,1,0.00694444444444444,0.00694444444444444,0,0,0.00694444444444444,0.00694444444444444,1,1,0.000261064212584483,0.000261068344116211,1,0,576,576
1395,1,1,1,1,1,1,1,1,0,1,0.00694444444444444,0.00694444444444444,0,0,0.00694444444444444,0.00694444444444444,1,1,0.000261064212584483,0.000261068344116211,1,0,576,576
1396,1,1,1,1,1,1,1,1,0,1,0.00694444444444444,0.00694444444444444,0,0,0.00694444444444444,0.00694444444444444,1,1,0.00267753844705365,0.00267753005027771,1,0,576,576
1397,1,1,1,1,1,1,1,1,0,1,0.00694444444444444,0.00694444444444444,0,0,0.00694444444444444,0.00694444444444444,1,1,0.00206139734036187,0.0020613968372345,1,0,576,576
1398,1,1,1,1,1,1,1,1,0,1,0.00694444444444444,0.00694444444444444,0,0,0.00694444444444444,0.00694444444444444,1,1,0.00232246155294635,0.00232246518135071,1,0,576,576
1399,1,1,1,1,1,1,1,1,0,1,0.00694444444444444,0.00694444444444444,0,0,0.00694444444444444,0.00694444444444444,1,1,0.00706139734036187,0.00706139206886292,1,0,576,576
1400,1,1,1,1,1,1,1,1,0,1,0.00694444444444444,0.00694444444444444,0,0,0.00694444444444444,0.00694444444444444,1,1,0.00729684228722477,0.0072968602180481,1,0,576,576
1401,1,1,1,1,1,1,1,1,0,1,0.00694444444444444,0.00694444444444444,0,0,0.00694444444444444,0.00694444444444444,1,1,0.00706139734036187,0.00706139206886292,1,0,576,576
1402,1,1,1,1,1,1,1,1,0,1,0.00694444444444444,0.00694444444444444,0,0,0.00694444444444444,0.00694444444444444,1,1,0.00232246155294635,0.00232246518135071,1,0,576,576
1403,1,1,1,1,1,1,1,1,0,1,0.00694444444444444,0.00694444444444444,0,0,0.00694444444444444,0.00694444444444444,1,1,0.00206139734036187,0.0020613968372345,1,0,576,576
1404,1,1,1,1,1,1,1,1,0,1,0.00694444444444444,0.00694444444444444,0,0,0.00694444444444444,0.00694444444444444,1,1,0.00232246155294635,0.00232246518135071,1,0,576,576
1405,1,1,1,1,1,1,1,1,0,1,0.00694444444444444,0.00694444444444444,0,0,0.00694444444444444,0.00694444444444444,1,1,0.00706139734036187,0.00706139206886292,1,0,576,576
1406,1,1,1,1,1,1,1,1,0,1,0.00694444444444444,0.00694444444444444,0,0,0.00694444444444444,0.00694444444444444,1,1,0.00729684228722477,0.0072968602180481,1,0,576,576
1407,1,1,1,1,1,1,1,1,0,1,0.00694444444444444,0.00694444444444444,0,0,0.00694444444444444,0.00694444444444444,1,1,0.00706139734036187,0.00706139206886292,1,0,576,576
1408,1,1,1,1,1,1,1,1,0,1,0.00694444444444444,0.00694444444444444,0,0,0.00694444444444444,0.00694444444444444,1,1,0.00729684228722477,0.0072968602180481,1,0,576,576
1409,1,1,1,1,1,1,1,1,0,1,0.00694444444444444,0.00694444444444444,0,0,0.00694444444444444,0.00694444444444444,1,1,0.00729684228722477,0.00729683041572571,1,0,576,576
1410,1,1,1,1,1,1,1,1,0,1,0.00694444444444444,0.00694444444444444,0,0,0.00694444444444444,0.00694444444444444,1,1,0.00229684228722477,0.00229683518409729,1,0,576,576
1411,1,1,1,1,1,1,1,1,0,1,0.00694444444444444,0.00694444444444444,0,0,0.00694444444444444,0.00694444444444444,1,1,0.00229684228722477,0.00229683518409729,1,0,576,576
1412,1,1,1,1,1,1,1,1,0,1,0.00694444444444444,0.00694444444444444,0,0,0.00694444444444444,0.00694444444444444,1,1,0.00270315771277524,0.00270316004753113,1,0,576,576
1413,1,1,1,1,1,1,1,1,0,1,0.00694444444444444,0.00694444444444444,0,0,0.00694444444444444,0.00694444444444444,1,1,0.00270315771277524,0.00270316004753113,1,0,576,576
1414,1,1,1,1,1,1,1,1,0,1,0.00694444444444444,0.00694444444444444,0,0,0.00694444444444444,0.00694444444444444,1,1,0.00359798255552868,0.00359797477722168,1,0,576,576
1415,1,1,1,1,1,1,1,1,0,1,0.00694444444444444,0.00694444444444444,0,0,0.00694444444444444,0.00694444444444444,1,1,0.000762091797370135,0.000762104988098145,1,0,576,576
1416,1,1,1,1,1,1,1,1,0,1,0.00694444444444444,0.00694444444444444,0,0,0.00694444444444444,0.00694444444444444,1,1,0.000762091797370135,0.000762075185775757,1,0,576,576
1417,1,1,1,1,1,1,1,1,0,1,0.00694444444444444,0.00694444444444444,0,0,0.00694444444444444,0.00694444444444444,1,1,0.00283589075815854,0.00283589959144592,1,0,576,576
1418,1,1,1,1,1,1,1,1,0,1,0.00694444444444444,0.00694444444444444,0,0,0.00694444444444444,0.00694444444444444,1,1,0.00283589075815854,0.00283589959144592,1,0,576,576
1419,1,1,1,1,1,1,1,1,0,1,0.00694444444444444,0.00694444444444444,0,0,0.00694444444444444,0.00694444444444444,1,1,0.00191486869632612,0.00191488862037659,1,0,576,576
1420,1,1,1,1,1,1,1,1,0,1,0.00694444444444444,0.00694444444444444,0,0,0.00694444444444444,0.00694444444444444,1,1,0.00191486869632612,0.00191488862037659,1,0,576,576
1421,1,1,1,1,1,1,1,1,0,1,0.00694444444444444,0.00694444444444444,0,0,0.00694444444444444,0.00694444444444444,1,1,0.00191486869632612,0.00191488862037659,1,0,576,576
1422,1,1,1,1,1,1,1,1,0,1,0.00694444444444444,0.00694444444444444,0,0,0.00694444444444444,0.00694444444444444,1,1,0.00191486869632612,0.00191488862037659,1,0,576,576
1423,1,1,1,1,1,1,1,1,0,1,0.00694444444444444,0.00694444444444444,0,0,0.00694444444444444,0.00694444444444444,1,1,0.000921022061832422,0.000921010971069336,1,0,576,576
1424,1,1,1,1,1,1,1,1,0,1,0.00694444444444444,0.00694444444444444,0,0,0.00694444444444444,0.00694444444444444,1,1,0.000921022061832422,0.000921040773391724,1,0,576,576
1425,1,1,1,1,1,1,1,1,0,1,0.00694444444444444,0.00694444444444444,0,0,0.00694444444444444,0.00694444444444444,1,1,0.000159917337741566,0.000159919261932373,1,0,576,576
1426,1,1,1,1,1,1,1,1,0,1,0.00694444444444444,0.00694444444444444,0,0,0.00694444444444444,0.00694444444444444,1,1,0.000159917337741566,0.000159919261932373,1,0,576,576
1427,1,1,1,1,1,1,1,1,0,1,0.00694444444444444,0.00694444444444444,0,0,0.00694444444444444,0.00694444444444444,1,1,0.000159917337741566,0.000159919261932373,1,0,576,576
1428,1,1,1,1,1,1,1,1,0,1,0.00694444444444444,0.00694444444444444,0,0,0.00694444444444444,0.00694444444444444,1,1,0.000159917337741566,0.000159919261932373,1,0,576,576
1429,1,1,1,1,1,1,1,1,0,1,0.00694444444444444,0.00694444444444444,0,0,0.00694444444444444,0.00694444444444444,1,1,0.000159917337741566,0.000159919261932373,1,0,576,576
1430,1,1,1,1,1,1,1,1,0,1,0.00694444444444444,0.00694444444444444,0,0,0.00694444444444444,0.00694444444444444,1,1,0.000159917337741566,0.000159919261932373,1,0,576,576
1431,1,1,1,1,1,1,1,1,0,1,0.00694444444444444,0.00694444444444444,0,0,0.00694444444444444,0.00694444444444444,1,1,0.000159917337741566,0.000159919261932373,1,0,576,576
1432,1,1,1,1,1,1,1,1,0,1,0.00694444444444444,0.00694444444444444,0,0,0.00694444444444444,0.00694444444444444,1,1,0.00267597342041698,0.00267598032951355,1,0,576,576
1433,1,1,1,1,1,1,1,1,0,1,0.00694444444444444,0.00694444444444444,0,0,0.00694444444444444,0.00694444444444444,1,1,0.00267597342041698,0.00267598032951355,1,0,576,576
1434,1,1,1,1,1,1,1,1,0,1,0.00694444444444444,0.00694444444444444,0,0,0.00694444444444444,0.00694444444444444,1,1,0.00267597342041698,0.00267598032951355,1,0,576,576
1435,1,1,1,1,1,1,1,1,0,1,0.00694444444444444,0.00694444444444444,0,0,0.00694444444444444,0.00694444444444444,1,1,0.00267597342041698,0.00267598032951355,1,0,576,576
1436,1,1,1,1,1,1,1,1,0,1,0.00694444444444444,0.00694444444444444,0,0,0.00694444444444444,0.00694444444444444,1,1,0.00267597342041698,0.00267598032951355,1,0,576,576
1437,1,1,1,1,1,1,1,1,0,1,0.00694444444444444,0.00694444444444444,0,0,0.00694444444444444,0.00694444444444444,1,1,0.00267597342041698,0.00267598032951355,1,0,576,576
1438,1,1,1,1,1,1,1,1,0,1,0.00694444444444444,0.00694444444444444,0,0,0.00694444444444444,0.00694444444444444,1,1,0.00267597342041698,0.00267598032951355,1,0,576,576
1439,1,1,1,1,1,1,1,1,0,1,0.00694444444444444,0.00694444444444444,0,0,0.00694444444444444,0.00694444444444444,1,1,0.000922009135111701,0.00092199444770813,1,0,576,576
1440,1,1,1,1,1,1,1,1,0,1,0.00694444444444444,0.00694444444444444,0,0,0.00694444444444444,0.00694444444444444,1,1,0.00359798255552868,0.00359797477722168,1,0,576,576
1441,1,1,1,1,1,1,1,1,0,1,0.00694444444444444,0.00694444444444444,0,0,0.00694444444444444,0.00694444444444444,1,1,0.00859798255552868,0.00859799981117249,1,0,576,576
1442,1,1,1,1,1,1,1,1,0,1,0.00694444444444444,0.00694444444444444,0,0,0.00694444444444444,0.00694444444444444,1,1,0.0124612123522536,0.0124612152576447,1,0,576,576
1443,1,1,1,1,1,1,1,1,0,1,0.00694444444444444,0.00694444444444444,0,0,0.00694444444444444,0.00694444444444444,1,1,0.0124612123522536,0.0124612152576447,1,0,576,576
1444,1,1,1,1,1,1,1,1,0,1,0.00694444444444444,0.00694444444444444,0,0,0.00694444444444444,0.00694444444444444,1,1,0.0115663875095001,0.0115664005279541,1,0,576,576
1445,1,1,1,1,1,1,1,1,0,1,0.00694444444444444,0.00694444444444444,0,0,0.00694444444444444,0.00694444444444444,1,1,0.00656638750950012,0.00656640529632568,1,0,576,576
1446,1,1,1,1,1,1,1,1,0,1,0.00694444444444444,0.00694444444444444,0,0,0.00694444444444444,0.00694444444444444,1,1,0.00156638750950011,0.00156641006469727,1,0,576,576
1447,1,1,1,1,1,1,1,1,0,1,0.00694444444444444,0.00694444444444444,0,0,0.00694444444444444,0.00694444444444444,1,1,0.00034957514044559,0.000349581241607666,1,0,576,576
1448,1,1,1,1,1,1,1,1,0,1,0.00694444444444444,0.00694444444444444,0,0,0.00694444444444444,0.00694444444444444,1,1,0.00119264804243324,0.00119265913963318,1,0,576,576
1449,1,1,1,1,1,1,1,1,0,1,0.00694444444444444,0.00694444444444444,0,0,0.00694444444444444,0.00694444444444444,1,1,0.000297880329899192,0.000297874212265015,1,0,576,576
1450,1,1,1,1,1,1,1,1,0,1,0.00694444444444444,0.00694444444444444,0,0,0.00694444444444444,0.00694444444444444,1,1,0.000297880329899192,0.000297874212265015,1,0,576,576
1451,1,1,1,1,1,1,1,1,0,1,0.00694444444444444,0.00694444444444444,0,0,0.00694444444444444,0.00694444444444444,1,1,0.0052978803298992,0.00529786944389343,1,0,576,576
1452,1,1,1,1,1,1,1,1,0,1,0.00694444444444444,0.00694444444444444,0,0,0.00694444444444444,0.00694444444444444,1,1,0.0052978803298992,0.00529789924621582,1,0,576,576
1453,1,1,1,1,1,1,1,1,0,1,0.00694444444444444,0.00694444444444444,0,0,0.00694444444444444,0.00694444444444444,1,1,0.00572916458005768,0.00572916865348816,1,0,576,576
1454,1,1,1,1,1,1,1,1,0,1,0.00694444444444444,0.00694444444444444,0,0,0.00694444444444444,0.00694444444444444,1,1,0.00572916458005768,0.00572916865348816,1,0,576,576
1455,1,1,1,1,1,1,1,1,0,1,0.00694444444444444,0.00694444444444444,0,0,0.00694444444444444,0.00694444444444444,1,1,0.00413767676626497,0.00413766503334045,1,0,576,576
1456,1,1,1,1,1,1,1,1,0,1,0.00694444444444444,0.00694444444444444,0,0,0.00694444444444444,0.00694444444444444,1,1,0.00086232323373503,0.000862330198287964,1,0,576,576
1457,1,1,1,1,1,1,1,1,0,1,0.00694444444444444,0.00694444444444444,0,0,0.00694444444444444,0.00694444444444444,1,1,0.00423407406473358,0.00423407554626465,1,0,576,576
1458,1,1,1,1,1,1,1,1,0,1,0.00694444444444444,0.00694444444444444,0,0,0.00694444444444444,0.00694444444444444,1,1,0.000239383470789056,0.000239372253417969,1,0,576,576
1459,1,1,1,1,1,1,1,1,0,1,0.00694444444444444,0.00694444444444444,0,0,0.00694444444444444,0.00694444444444444,1,1,0.000239383470789056,0.000239372253417969,1,0,576,576
1460,1,1,1,1,1,1,1,1,0,1,0.00694444444444444,0.00694444444444444,0,0,0.00694444444444444,0.00694444444444444,1,1,0.00476061652921095,0.00476062297821045,1,0,576,576
1461,1,1,1,1,1,1,1,1,0,1,0.00694444444444444,0.00694444444444444,0,0,0.00694444444444444,0.00694444444444444,1,1,0.00476061652921095,0.00476062297821045,1,0,576,576
1462,1,1,1,1,1,1,1,1,0,1,0.00694444444444444,0.00694444444444444,0,0,0.00694444444444444,0.00694444444444444,1,1,0.000622939762945973,0.000622957944869995,1,0,576,576
1463,1,1,1,1,1,1,1,1,0,1,0.00694444444444444,0.00694444444444444,0,0,0.00694444444444444,0.00694444444444444,1,1,0.00221586414377406,0.00221586227416992,1,0,576,576
1464,1,1,1,1,1,1,1,1,0,1,0.00694444444444444,0.00694444444444444,0,0,0.00694444444444444,0.00694444444444444,1,1,0.00283880390672003,0.00283882021903992,1,0,576,576
1465,1,1,1,1,1,1,1,1,0,1,0.00694444444444444,0.00694444444444444,0,0,0.00694444444444444,0.00694444444444444,1,1,0.00135440346595339,0.0013543963432312,1,0,576,576
1466,1,1,1,1,1,1,1,1,0,1,0.00694444444444444,0.00694444444444444,0,0,0.00694444444444444,0.00694444444444444,1,1,0.00135440346595339,0.0013543963432312,1,0,576,576
1467,1,1,1,1,1,1,1,1,0,1,0.00694444444444444,0.00694444444444444,0,0,0.00694444444444444,0.00694444444444444,1,1,0.00304771683201632,0.00304773449897766,1,0,576,576
1468,1,1,1,1,1,1,1,1,0,1,0.00694444444444444,0.00694444444444444,0,0,0.00694444444444444,0.00694444444444444,1,1,0.00304771683201632,0.00304773449897766,1,0,576,576
1469,1,1,1,1,1,1,1,1,0,1,0.00694444444444444,0.00694444444444444,0,0,0.00694444444444444,0.00694444444444444,1,1,0.00304771683201632,0.00304773449897766,1,0,576,576
1470,1,1,1,1,1,1,1,1,0,1,0.00694444444444444,0.00694444444444444,0,0,0.00694444444444444,0.00694444444444444,1,1,0.00304771683201632,0.00304773449897766,1,0,576,576
1471,1,1,1,1,1,1,1,1,0,1,0.00694444444444444,0.00694444444444444,0,0,0.00694444444444444,0.00694444444444444,1,1,0.00210702395951595,0.00210702419281006,1,0,576,576
1472,1,1,1,1,1,1,1,1,0,1,0.00694444444444444,0.00694444444444444,0,0,0.00694444444444444,0.00694444444444444,1,1,0.00108135508764967,0.00108134746551514,1,0,576,576
1473,1,1,1,1,1,1,1,1,0,1,0.00694444444444444,0.00694444444444444,0,0,0.00694444444444444,0.00694444444444444,1,1,0.00210702395951595,0.00210702419281006,1,0,576,576
1474,1,1,1,1,1,1,1,1,0,1,0.00694444444444444,0.00694444444444444,0,0,0.00694444444444444,0.00694444444444444,1,1,0.00108135508764967,0.00108134746551514,1,0,576,576
1475,1,1,1,1,1,1,1,1,0,1,0.00694444444444444,0.00694444444444444,0,0,0.00694444444444444,0.00694444444444444,1,1,0.000843072901987652,0.000843077898025513,1,0,576,576
1476,1,1,1,1,1,1,1,1,0,1,0.00694444444444444,0.00694444444444444,0,0,0.00694444444444444,0.00694444444444444,1,1,0.0029500968615036,0.00295010209083557,1,0,576,576
1477,1,1,1,1,1,1,1,1,0,1,0.00694444444444444,0.00694444444444444,0,0,0.00694444444444444,0.00694444444444444,1,1,0.00260595715906831,0.00260594487190247,1,0,576,576
1478,1,1,1,1,1,1,1,1,0,1,0.00694444444444444,0.00694444444444444,0,0,0.00694444444444444,0.00694444444444444,1,1,0.00471298111858426,0.00471296906471252,1,0,576,576
1479,1,1,1,1,1,1,1,1,0,1,0.00694444444444444,0.00694444444444444,0,0,0.00694444444444444,0.00694444444444444,1,1,0.00260595715906831,0.00260594487190247,1,0,576,576
1480,1,1,1,1,1,1,1,1,0,1,0.00694444444444444,0.00694444444444444,0,0,0.00694444444444444,0.00694444444444444,1,1,0.00414280203415623,0.00414279103279114,1,0,576,576
1481,1,1,1,1,1,1,1,1,0,1,0.00694444444444444,0.00694444444444444,0,0,0.00694444444444444,0.00694444444444444,1,1,0.00260595715906831,0.00260594487190247,1,0,576,576
1482,1,1,1,1,1,1,1,1,0,1,0.00694444444444444,0.00694444444444444,0,0,0.00694444444444444,0.00694444444444444,1,1,0.00414280203415623,0.00414279103279114,1,0,576,576
1483,1,1,1,1,1,1,1,1,0,1,0.00694444444444444,0.00694444444444444,0,0,0.00694444444444444,0.00694444444444444,1,1,0.00260595715906831,0.00260594487190247,1,0,576,576
1484,1,1,1,1,1,1,1,1,0,1,0.00694444444444444,0.00694444444444444,0,0,0.00694444444444444,0.00694444444444444,1,1,0.00414280203415623,0.00414279103279114,1,0,576,576
1485,1,1,1,1,1,1,1,1,0,1,0.00694444444444444,0.00694444444444444,0,0,0.00694444444444444,0.00694444444444444,1,1,0.00471298111858426,0.00471296906471252,1,0,576,576
1486,1,1,1,1,1,1,1,1,0,1,0.00694444444444444,0.00694444444444444,0,0,0.00694444444444444,0.00694444444444444,1,1,0.00414280203415623,0.00414279103279114,1,0,576,576
1487,1,1,1,1,1,1,1,1,0,1,0.00694444444444444,0.00694444444444444,0,0,0.00694444444444444,0.00694444444444444,1,1,0.00292261682830686,0.00292262434959412,1,0,576,576
1488,1,1,1,1,1,1,1,1,0,1,0.00694444444444444,0.00694444444444444,0,0,0.00694444444444444,0.00694444444444444,1,1,0.00414280203415623,0.00414279103279114,1,0,576,576
1489,1,1,1,1,1,1,1,1,0,1,0.00694444444444444,0.00694444444444444,0,0,0.00694444444444444,0.00694444444444444,1,1,0.00292261682830686,0.00292262434959412,1,0,576,576
1490,1,1,1,1,1,1,1,1,0,1,0.00694444444444444,0.00694444444444444,0,0,0.00694444444444444,0.00694444444444444,1,1,0.00235243774387883,0.00235244631767273,1,0,576,576
1491,1,1,1,1,1,1,1,1,0,1,0,0,0,0,0,0,0,0,0.00207738317169315,0.00207740068435669,1,0,576,576
1492,1,1,1,1,1,1,1,1,0,1,0,0,0,0,0,0,0,0,0.000570179084428024,0.000570178031921387,1,0,576,576
1493,1,1,1,1,1,1,1,1,0,1,0,0,0,0,0,0,0,0,0.00442982091557198,0.00442981719970703,1,0,576,576
1494,1,1,1,1,1,1,1,1,0,1,0,0,0,0,0,0,0,0,0.000570179084428024,0.000570178031921387,1,0,576,576
1495,1,1,1,1,1,1,1,1,0,1,0,0,0,0,0,0,0,0,0.00471298111858426,0.00471296906471252,1,0,576,576
1496,1,1,1,1,1,1,1,1,0,1,0,0,0,0,0,0,0,0,0.00471298111858426,0.00471296906471252,1,0,576,576
1497,1,1,1,1,1,1,1,1,0,1,0,0,0,0,0,0,0,0,0.00971298111858426,0.00971296429634094,1,0,576,576
1498,1,1,1,1,1,1,1,1,0,1,0,0,0,0,0,0,0,0,0.00971298111858426,0.00971299409866333,1,0,576,576
1499,1,1,1,1,1,1,1,1,0,1,0,0,0,0,0,0,0,0,0.00979058701397084,0.0097905695438385,1,0,576,576
1500,1,1,1,1,1,1,1,1,0,1,0,0,0,0,0,0,0,0,0.00979058701397084,0.0097905695438385,1,0,576,576
1501,1,1,1,1,1,1,1,1,0,1,0,0,0,0,0,0,0,0,0.00479058701397084,0.00479057431221008,1,0,576,576
1502,1,1,1,1,1,1,1,1,0,1,0,0,0,0,0,0,0,0,0.00636227741187001,0.00636225938796997,1,0,576,576
1503,1,1,1,1,1,1,1,1,0,1,0,0,0,0,0,0,0,0,0.00136227741187001,0.00136226415634155,1,0,576,576
1504,1,1,1,1,1,1,1,1,0,1,0,0,0,0,0,0,0,0,0.00136227741187001,0.00136226415634155,1,0,576,576
1505,1,1,1,1,1,1,1,1,0,1,0,0,0,0,0,0,0,0,0.00181550487656096,0.00181549787521362,1,0,576,576
1506,1,1,1,1,1,1,1,1,0,1,0,0,0,0,0,0,0,0,0.00181550487656096,0.00181549787521362,1,0,576,576
1507,1,1,1,1,1,1,1,1,0,1,0,0,0,0,0,0,0,0,0.00181550487656096,0.00181549787521362,1,0,576,576
1508,1,1,1,1,1,1,1,1,0,1,0,0,0,0,0,0,0,0,0.00181550487656096,0.00181549787521362,1,0,576,576
1509,1,1,1,1,1,1,1,1,0,1,0,0,0,0,0,0,0,0,0.00181550487656096,0.00181549787521362,1,0,576,576
1510,1,1,1,1,1,1,1,1,0,1,0,0,0,0,0,0,0,0,0.00181550487656096,0.00181549787521362,1,0,576,576
1511,1,1,1,1,1,1,1,1,0,1,0,0,0,0,0,0,0,0,0.00181550487656096,0.00181549787521362,1,0,576,576
1512,1,1,1,1,1,1,1,1,0,1,0,0,0,0,0,0,0,0,0.00181550487656096,0.00181549787521362,1,0,576,576
1513,1,1,1,1,1,1,1,1,0,1,0,0,0,0,0,0,0,0,0.00181550487656096,0.00181549787521362,1,0,576,576
1514,1,1,1,1,1,1,1,1,0,1,0,0,0,0,0,0,0,0,0.00181550487656096,0.00181549787521362,1,0,576,576
1515,1,1,1,1,1,1,1,1,0,1,0,0,0,0,0,0,0,0,0.000388828708362376,0.000388830900192261,1,0,576,576
1516,1,1,1,1,1,1,1,1,0,1,0,0,0,0,0,0,0,0,0.000388828708362376,0.000388830900192261,1,0,576,576
1517,1,1,1,1,1,1,1,1,0,1,0,0,0,0,0,0,0,0,0.000388828708362376,0.000388830900192261,1,0,576,576
1518,1,1,1,1,1,1,1,1,0,1,0,0,0,0,0,0,0,0,0.000388828708362376,0.000388830900192261,1,0,576,576
1519,1,1,1,1,1,1,1,1,0,1,0,0,0,0,0,0,0,0,0.000388828708362376,0.000388830900192261,1,0,576,576
1520,1,1,1,1,1,1,1,1,0,1,0,0,0,0,0,0,0,0,0.000388828708362376,0.000388830900192261,1,0,576,576
1521,1,1,1,1,1,1,1,1,0,1,0,0,0,0,0,0,0,0,0.000388828708362376,0.000388830900192261,1,0,576,576
1522,1,1,1,1,1,1,1,1,0,1,0,0,0,0,0,0,0,0,0.00181550487656096,0.00181549787521362,1,0,576,576
1523,1,1,1,1,1,1,1,1,0,1,0,0,0,0,0,0,0,0,0.00181550487656096,0.00181549787521362,1,0,576,576
1524,1,1,1,1,1,1,1,1,0,1,0,0,0,0,0,0,0,0,0.00136227741187001,0.00136226415634155,1,0,576,576
1525,1,1,1,1,1,1,1,1,0,1,0,0,0,0,0,0,0,0,0.00544921732451376,0.00544920563697815,1,0,576,576
1526,1,1,1,1,1,1,1,1,0,1,0,0,0,0,0,0,0,0,0.00354811059665655,0.00354811549186707,1,0,576,576
1527,1,1,1,1,1,1,1,1,0,1,0,0,0,0,0,0,0,0,0.00354811059665655,0.00354811549186707,1,0,576,576
1528,1,1,1,1,1,1,1,1,0,1,0,0,0,0,0,0,0,0,0.00354811059665655,0.00354811549186707,1,0,576,576
1529,1,1,1,1,1,1,1,1,0,1,0,0,0,0,0,0,0,0,0.00354811059665655,0.00354811549186707,1,0,576,576
1530,1,1,1,1,1,1,1,1,0,1,0,0,0,0,0,0,0,0,0.00354811059665655,0.00354808568954468,1,0,576,576
1531,1,1,1,1,1,1,1,1,0,1,0,0,0,0,0,0,0,0,0.00354811059665655,0.00354808568954468,1,0,576,576
1532,1,1,1,1,1,1,1,1,0,1,0.00694444444444444,0.00694444444444444,0,0,0.00694444444444444,0.00694444444444444,1,1,0.00140156713892103,0.00140157341957092,1,0,576,576
1533,1,1,1,1,1,1,1,1,0,1,0.00694444444444444,0.00694444444444444,0,0,0.00694444444444444,0.00694444444444444,1,1,0.00140156713892103,0.00140157341957092,1,0,576,576
1534,1,1,1,1,1,1,1,1,0,1,0.00694444444444444,0.00694444444444444,0,0,0.00694444444444444,0.00694444444444444,1,1,0.00292832463935466,0.00292831659317017,1,0,576,576
1535,1,1,1,1,1,1,1,1,0,1,0.00694444444444444,0.00694444444444444,0,0,0.00694444444444444,0.00694444444444444,1,1,0.00415777569970804,0.00415778160095215,1,0,576,576
1536,1,1,1,1,1,1,1,1,0,1,0.00694444444444444,0.00694444444444444,0,0,0.00694444444444444,0.00694444444444444,1,1,0.00084222430029196,0.000842243432998657,1,0,576,576
1537,1,1,1,1,1,1,1,1,0,1,0.00694444444444444,0.00694444444444444,0,0,0.00694444444444444,0.00694444444444444,1,1,0.00415777569970804,0.00415778160095215,1,0,576,576
1538,1,1,1,1,1,1,1,1,0,1,0.00694444444444444,0.00694444444444444,0,0,0.00694444444444444,0.00694444444444444,1,1,0.00292832463935466,0.00292831659317017,1,0,576,576
1539,1,1,1,1,1,1,1,1,0,1,0.00694444444444444,0.00694444444444444,0,0,0.00694444444444444,0.00694444444444444,1,1,0.00140156713892103,0.00140157341957092,1,0,576,576
1540,1,1,1,1,1,1,1,1,0,1,0.00694444444444444,0.00694444444444444,0,0,0.00694444444444444,0.00694444444444444,1,1,0.00140156713892103,0.00140157341957092,1,0,576,576
1541,1,1,1,1,1,1,1,1,0,1,0,0,0,0,0,0,0,0,0.00354811059665655,0.00354808568954468,1,0,576,576
1542,1,1,1,1,1,1,1,1,0,1,0,0,0,0,0,0,0,0,0.00354811059665655,0.00354808568954468,1,0,576,576
1543,1,1,1,1,1,1,1,1,0,1,0,0,0,0,0,0,0,0,0.00544921732451376,0.00544920563697815,1,0,576,576
1544,1,1,1,1,1,1,1,1,0,1,0,0,0,0,0,0,0,0,0.000449217324513751,0.000449210405349731,1,0,576,576
1545,1,1,1,1,1,1,1,1,0,1,0,0,0,0,0,0,0,0,0.00363772258813,0.00363770127296448,1,0,576,576
1546,1,1,1,1,1,1,1,1,0,1,0,0,0,0,0,0,0,0,0.00363772258813,0.00363773107528687,1,0,576,576
1547,1,1,1,1,1,1,1,1,0,1,0,0,0,0,0,0,0,0,0.00681550487656096,0.00681549310684204,1,0,576,576
1548,1,1,1,1,1,1,1,1,0,1,0,0,0,0,0,0,0,0,0.00681550487656096,0.00681549310684204,1,0,576,576
1549,1,1,1,1,1,1,1,1,0,1,0,0,0,0,0,0,0,0,0.00681550487656096,0.00681549310684204,1,0,576,576
1550,1,1,1,1,1,1,1,1,0,1,0,0,0,0,0,0,0,0,0.00681550487656096,0.00681549310684204,1,0,576,576
1551,1,1,1,1,1,1,1,1,0,1,0,0,0,0,0,0,0,0,0.00681550487656096,0.00681549310684204,1,0,576,576
1552,1,1,1,1,1,1,1,1,0,1,0,0,0,0,0,0,0,0,0.00681550487656096,0.00681549310684204,1,0,576,576
1553,1,1,1,1,1,1,1,1,0,1,0,0,0,0,0,0,0,0,0.00461117129163763,0.00461116433143616,1,0,576,576
1554,1,1,1,1,1,1,1,1,0,1,0,0,0,0,0,0,0,0,0.00461117129163763,0.00461116433143616,1,0,576,576
1555,1,1,1,1,1,1,1,1,0,1,0,0,0,0,0,0,0,0,0.00461117129163763,0.00461116433143616,1,0,576,576
1556,1,1,1,1,1,1,1,1,0,1,0,0,0,0,0,0,0,0,0.00461117129163763,0.00461116433143616,1,0,576,576
1557,1,1,1,1,1,1,1,1,0,1,0,0,0,0,0,0,0,0,0.000388828708362376,0.000388830900192261,1,0,576,576
1558,1,1,1,1,1,1,1,1,0,1,0,0,0,0,0,0,0,0,0.000388828708362376,0.000388830900192261,1,0,576,576
1559,1,1,1,1,1,1,1,1,0,1,0,0,0,0,0,0,0,0,0.000388828708362376,0.000388830900192261,1,0,576,576
1560,1,1,1,1,1,1,1,1,0,1,0,0,0,0,0,0,0,0,0.000388828708362376,0.000388830900192261,1,0,576,576
1561,1,1,1,1,1,1,1,1,0,1,0,0,0,0,0,0,0,0,0.00538882870836238,0.00538882613182068,1,0,576,576
1562,1,1,1,1,1,1,1,1,0,1,0,0,0,0,0,0,0,0,0.00538882870836238,0.00538882613182068,1,0,576,576
1563,1,1,1,1,1,1,1,1,0,1,0,0,0,0,0,0,0,0,0.0103888287083624,0.0103888213634491,1,0,576,576
1564,1,1,1,1,1,1,1,1,0,1,0,0,0,0,0,0,0,0,0.0103888287083624,0.0103888213634491,1,0,576,576
1565,1,1,1,1,1,1,1,1,0,1,0,0,0,0,0,0,0,0,0.0103888287083624,0.0103888213634491,1,0,576,576
1566,1,1,1,1,1,1,1,1,0,1,0,0,0,0,0,0,0,0,0.0103888287083624,0.0103888213634491,1,0,576,576
1567,1,1,1,1,1,1,1,1,0,1,0,0,0,0,0,0,0,0,0.0103888287083624,0.0103888213634491,1,0,576,576
1568,1,1,1,1,1,1,1,1,0,1,0,0,0,0,0,0,0,0,0.0103888287083624,0.0103888213634491,1,0,576,576
1569,1,1,1,1,1,1,1,1,0,1,0,0,0,0,0,0,0,0,0.0103888287083624,0.0103888213634491,1,0,576,576
1570,1,1,1,1,1,1,1,1,0,1,0,0,0,0,0,0,0,0,0.0103888287083624,0.0103888213634491,1,0,576,576
1571,1,1,1,1,1,1,1,1,0,1,0,0,0,0,0,0,0,0,0.0103888287083624,0.0103888213634491,1,0,576,576
1572,1,1,1,1,1,1,1,1,0,1,0,0,0,0,0,0,0,0,0.0103888287083624,0.0103888213634491,1,0,576,576
1573,1,1,1,1,1,1,1,1,0,1,0,0,0,0,0,0,0,0,0.0103888287083624,0.0103888213634491,1,0,576,576
1574,1,1,1,1,1,1,1,1,0,1,0,0,0,0,0,0,0,0,0.0103888287083624,0.0103888213634491,1,0,576,576
1575,1,1,1,1,1,1,1,1,0,1,0,0,0,0,0,0,0,0,0.0103888287083624,0.0103888213634491,1,0,576,576
1576,1,1,1,1,1,1,1,1,0,1,0,0,0,0,0,0,0,0,0.00682221771156905,0.00682222843170166,1,0,576,576
1577,1,1,1,1,1,1,1,1,0,1,0,0,0,0,0,0,0,0,0.0103888287083624,0.0103888213634491,1,0,576,576
1578,1,1,1,1,1,1,1,1,0,1,0,0,0,0,0,0,0,0,0.00682221771156905,0.00682222843170166,1,0,576,576
1579,1,1,1,1,1,1,1,1,0,1,0,0,0,0,0,0,0,0,0.00835631707693746,0.00835633277893066,1,0,576,576
1580,1,1,1,1,1,1,1,1,0,1,0,0,0,0,0,0,0,0,0.00682221771156905,0.00682222843170166,1,0,576,576
1581,1,1,1,1,1,1,1,1,0,1,0,0,0,0,0,0,0,0,0.00835631707693746,0.00835633277893066,1,0,576,576
1582,1,1,1,1,1,1,1,1,0,1,0,0,0,0,0,0,0,0,0.00835631707693746,0.00835633277893066,1,0,576,576
1583,1,1,1,1,1,1,1,1,0,1,0,0,0,0,0,0,0,0,0.00835631707693746,0.00835633277893066,1,0,576,576
1584,1,1,1,1,1,1,1,1,0,1,0,0,0,0,0,0,0,0,0.00682221771156905,0.00682222843170166,1,0,576,576
1585,1,1,1,1,1,1,1,1,0,1,0,0,0,0,0,0,0,0,0.00835631707693746,0.00835633277893066,1,0,576,576
1586,1,1,1,1,1,1,1,1,0,1,0,0,0,0,0,0,0,0,0.00682221771156905,0.00682222843170166,1,0,576,576
1587,1,1,1,1,1,1,1,1,0,1,0,0,0,0,0,0,0,0,0.00835631707693746,0.00835633277893066,1,0,576,576
1588,1,1,1,1,1,1,1,1,0,1,0,0,0,0,0,0,0,0,0.00682221771156905,0.00682222843170166,1,0,576,576
1589,1,1,1,1,1,1,1,1,0,1,0,0,0,0,0,0,0,0,0.00835631707693746,0.00835633277893066,1,0,576,576
1590,1,1,1,1,1,1,1,1,0,1,0,0,0,0,0,0,0,0,0.00682221771156905,0.00682222843170166,1,0,576,576
1591,1,1,1,1,1,1,1,1,0,1,0,0,0,0,0,0,0,0,0.00835631707693746,0.00835633277893066,1,0,576,576
1592,1,1,1,1,1,1,1,1,0,1,0,0,0,0,0,0,0,0,0.00682221771156905,0.00682222843170166,1,0,576,576
1593,1,1,1,1,1,1,1,1,0,1,0,0,0,0,0,0,0,0,0.00835631707693746,0.00835633277893066,1,0,576,576
1594,1,1,1,1,1,1,1,1,0,1,0,0,0,0,0,0,0,0,0.00835631707693746,0.00835633277893066,1,0,576,576
1595,1,1,1,1,1,1,1,1,0,1,0,0,0,0,0,0,0,0,0.00835631707693746,0.00835633277893066,1,0,576,576
1596,1,1,1,1,1,1,1,1,0,1,0,0,0,0,0,0,0,0,0.00682221771156905,0.00682222843170166,1,0,576,576
1597,1,1,1,1,1,1,1,1,0,1,0,0,0,0,0,0,0,0,0.00682221771156905,0.00682222843170166,1,0,576,576
1598,1,1,1,1,1,1,1,1,0,1,0,0,0,0,0,0,0,0,0.00182221771156904,0.00182223320007324,1,0,576,576
1599,1,1,1,1,1,1,1,1,0,1,0,0,0,0,0,0,0,0,0.00682221771156905,0.00682222843170166,1,0,576,576
1600,1,1,1,1,1,1,1,1,0,1,0,0,0,0,0,0,0,0,0.00182221771156904,0.00182223320007324,1,0,576,576
1601,1,1,1,1,1,1,1,1,0,1,0,0,0,0,0,0,0,0,0.00181550487656096,0.00181549787521362,1,0,576,576
1602,1,1,1,1,1,1,1,1,0,1,0,0,0,0,0,0,0,0,0.000714870103337262,0.000714868307113647,1,0,576,576
1603,1,1,1,1,1,1,1,1,0,1,0,0,0,0,0,0,0,0,0.00181550487656096,0.00181549787521362,1,0,576,576
1604,1,1,1,1,1,1,1,1,0,1,0,0,0,0,0,0,0,0,0.000714870103337262,0.000714868307113647,1,0,576,576
1605,1,1,1,1,1,1,1,1,0,1,0,0,0,0,0,0,0,0,0.00181550487656096,0.00181549787521362,1,0,576,576
1606,1,1,1,1,1,1,1,1,0,1,0,0,0,0,0,0,0,0,0.000714870103337262,0.000714868307113647,1,0,576,576
1607,1,1,1,1,1,1,1,1,0,1,0,0,0,0,0,0,0,0,0.00182221771156904,0.00182223320007324,1,0,576,576
1608,1,1,1,1,1,1,1,1,0,1,0,0,0,0,0,0,0,0,0.00181550487656096,0.00181549787521362,1,0,576,576
1609,1,1,1,1,1,1,1,1,0,1,0,0,0,0,0,0,0,0,0.00128144505398253,0.00128144025802612,1,0,576,576
1610,1,1,1,1,1,1,1,1,0,1,0,0,0,0,0,0,0,0,0.00128144505398253,0.00128144025802612,1,0,576,576
1611,1,1,1,1,1,1,1,1,0,1,0,0,0,0,0,0,0,0,0.00192885236251528,0.00192883610725403,1,0,576,576
1612,1,1,1,1,1,1,1,1,0,1,0,0,0,0,0,0,0,0,0.00128144505398253,0.00128144025802612,1,0,576,576
1613,1,1,1,1,1,1,1,1,0,1,0,0,0,0,0,0,0,0,0.00192885236251528,0.00192883610725403,1,0,576,576
1614,1,1,1,1,1,1,1,1,0,1,0,0,0,0,0,0,0,0,0.00192885236251528,0.00192883610725403,1,0,576,576
1615,1,1,1,1,1,1,1,1,0,1,0,0,0,0,0,0,0,0,0.00192885236251528,0.00192883610725403,1,0,576,576
1616,1,1,1,1,1,1,1,1,0,1,0,0,0,0,0,0,0,0,0.00128144505398253,0.00128144025802612,1,0,576,576
1617,1,1,1,1,1,1,1,1,0,1,0,0,0,0,0,0,0,0,0.00192885236251528,0.00192883610725403,1,0,576,576
1618,1,1,1,1,1,1,1,1,0,1,0,0,0,0,0,0,0,0,0.00128144505398253,0.00128144025802612,1,0,576,576
1619,1,1,1,1,1,1,1,1,0,1,0,0,0,0,0,0,0,0,0.00192885236251528,0.00192883610725403,1,0,576,576
1620,1,1,1,1,1,1,1,1,0,1,0,0,0,0,0,0,0,0,0.00128144505398253,0.00128144025802612,1,0,576,576
1621,1,1,1,1,1,1,1,1,0,1,0,0,0,0,0,0,0,0,0.00128144505398253,0.00128144025802612,1,0,576,576
1622,1,1,1,1,1,1,1,1,0,1,0,0,0,0,0,0,0,0,0.000540772657586508,0.000540792942047119,1,0,576,576
1623,1,1,1,1,1,1,1,1,0,1,0,0,0,0,0,0,0,0,0.000540772657586508,0.000540792942047119,1,0,576,576
1624,1,1,1,1,1,1,1,1,0,1,0,0,0,0,0,0,0,0,0.000540772657586508,0.000540792942047119,1,0,576,576
1625,1,1,1,1,1,1,1,1,0,1,0,0,0,0,0,0,0,0,0.000540772657586508,0.000540792942047119,1,0,576,576
1626,1,1,1,1,1,1,1,1,0,1,0,0,0,0,0,0,0,0,0.000540772657586508,0.000540792942047119,1,0,576,576
1627,1,1,1,1,1,1,1,1,0,1,0,0,0,0,0,0,0,0,0.000540772657586508,0.000540792942047119,1,0,576,576
1628,1,1,1,1,1,1,1,1,0,1,0,0,0,0,0,0,0,0,0.000540772657586508,0.000540792942047119,1,0,576,576
1629,1,1,1,1,1,1,1,1,0,1,0,0,0,0,0,0,0,0,0.000540772657586508,0.000540792942047119,1,0,576,576
1630,1,1,1,1,1,1,1,1,0,1,0,0,0,0,0,0,0,0,0.000540772657586508,0.000540792942047119,1,0,576,576
1631,1,1,1,1,1,1,1,1,0,1,0,0,0,0,0,0,0,0,0.000540772657586508,0.000540792942047119,1,0,576,576
1632,1,1,1,1,1,1,1,1,0,1,0,0,0,0,0,0,0,0,0.000540772657586508,0.000540792942047119,1,0,576,576
1633,1,1,1,1,1,1,1,1,0,1,0,0,0,0,0,0,0,0,0.000540772657586508,0.000540792942047119,1,0,576,576
1634,1,1,1,1,1,1,1,1,0,1,0,0,0,0,0,0,0,0,0.00181550487656096,0.00181549787521362,1,0,576,576
1635,1,1,1,1,1,1,1,1,0,1,0,0,0,0,0,0,0,0,0.00181550487656096,0.00181549787521362,1,0,576,576
1636,1,1,1,1,1,1,1,1,0,1,0,0,0,0,0,0,0,0,0.00181550487656096,0.00181549787521362,1,0,576,576
1637,1,1,1,1,1,1,1,1,0,1,0,0,0,0,0,0,0,0,0.00181550487656096,0.00181549787521362,1,0,576,576
1638,1,1,1,1,1,1,1,1,0,1,0,0,0,0,0,0,0,0,0.00181550487656096,0.00181549787521362,1,0,576,576
1639,1,1,1,1,1,1,1,1,0,1,0,0,0,0,0,0,0,0,0.00181550487656096,0.00181549787521362,1,0,576,576
1640,1,1,1,1,1,1,1,1,0,1,0,0,0,0,0,0,0,0,0.00181550487656096,0.00181549787521362,1,0,576,576
1641,1,1,1,1,1,1,1,1,0,1,0,0,0,0,0,0,0,0,0.00181550487656096,0.00181549787521362,1,0,576,576
1642,1,1,1,1,1,1,1,1,0,1,0,0,0,0,0,0,0,0,0.00181550487656096,0.00181549787521362,1,0,576,576
1643,1,1,1,1,1,1,1,1,0,1,0,0,0,0,0,0,0,0,0.000540772657586508,0.000540792942047119,1,0,576,576
1644,1,1,1,1,1,1,1,1,0,1,0,0,0,0,0,0,0,0,0.000540772657586508,0.000540792942047119,1,0,576,576
1645,1,1,1,1,1,1,1,1,0,1,0,0,0,0,0,0,0,0,0.00192885236251528,0.00192883610725403,1,0,576,576
1646,1,1,1,1,1,1,1,1,0,1,0,0,0,0,0,0,0,0,0.00128144505398253,0.00128144025802612,1,0,576,576
1647,1,1,1,1,1,1,1,1,0,1,0,0,0,0,0,0,0,0,0.00192885236251528,0.00192883610725403,1,0,576,576
1648,1,1,1,1,1,1,1,1,0,1,0,0,0,0,0,0,0,0,0.00128144505398253,0.00128144025802612,1,0,576,576
1649,1,1,1,1,1,1,1,1,0,1,0,0,0,0,0,0,0,0,0.00628144505398254,0.00628143548965454,1,0,576,576
1650,1,1,1,1,1,1,1,1,0,1,0,0,0,0,0,0,0,0,0.00128144505398253,0.00128144025802612,1,0,576,576
1651,1,1,1,1,1,1,1,1,0,1,0,0,0,0,0,0,0,0,0.00628144505398254,0.00628143548965454,1,0,576,576
1652,1,1,1,1,1,1,1,1,0,1,0,0,0,0,0,0,0,0,0.00128144505398253,0.00128144025802612,1,0,576,576
1653,1,1,1,1,1,1,1,1,0,1,0,0,0,0,0,0,0,0,0.00235411481030789,0.00235411524772644,1,0,576,576
1654,1,1,1,1,1,1,1,1,0,1,0,0,0,0,0,0,0,0,0.00178314736675828,0.00178313255310059,1,0,576,576
1655,1,1,1,1,1,1,1,1,0,1,0,0,0,0,0,0,0,0,0.00235411481030789,0.00235411524772644,1,0,576,576
1656,1,1,1,1,1,1,1,1,0,1,0,0,0,0,0,0,0,0,0.000862737822933834,0.000862747430801392,1,0,576,576
1657,1,1,1,1,1,1,1,1,0,1,0,0,0,0,0,0,0,0,0.00235411481030789,0.00235411524772644,1,0,576,576
1658,1,1,1,1,1,1,1,1,0,1,0,0,0,0,0,0,0,0,0.000862737822933834,0.000862747430801392,1,0,576,576
1659,1,1,1,1,1,1,1,1,0,1,0,0,0,0,0,0,0,0,0.000647407308532744,0.000647395849227905,1,0,576,576
1660,1,1,1,1,1,1,1,1,0,1,0,0,0,0,0,0,0,0,0.000862737822933834,0.000862747430801392,1,0,576,576
1661,1,1,1,1,1,1,1,1,0,1,0,0,0,0,0,0,0,0,0.000647407308532744,0.000647395849227905,1,0,576,576
1662,1,1,1,1,1,1,1,1,0,1,0,0,0,0,0,0,0,0,0.000862737822933834,0.000862747430801392,1,0,576,576
1663,1,1,1,1,1,1,1,1,0,1,0,0,0,0,0,0,0,0,0.000647407308532744,0.000647395849227905,1,0,576,576
1664,1,1,1,1,1,1,1,1,0,1,0,0,0,0,0,0,0,0,0.000862737822933834,0.000862747430801392,1,0,576,576
1665,1,1,1,1,1,1,1,1,0,1,0,0,0,0,0,0,0,0,0.00564740730853275,0.00564739108085632,1,0,576,576
1666,1,1,1,1,1,1,1,1,0,1,0,0,0,0,0,0,0,0,0.00214418287691637,0.00214418768882751,1,0,576,576
1667,1,1,1,1,1,1,1,1,0,1,0,0,0,0,0,0,0,0,0.00692885236251528,0.00692883133888245,1,0,576,576
1668,1,1,1,1,1,1,1,1,0,1,0,0,0,0,0,0,0,0,0.00214418287691637,0.00214418768882751,1,0,576,576
1669,1,1,1,1,1,1,1,1,0,1,0,0,0,0,0,0,0,0,0.00692885236251528,0.00692883133888245,1,0,576,576
1670,1,1,1,1,1,1,1,1,0,1,0,0,0,0,0,0,0,0,0.00192885236251528,0.00192883610725403,1,0,576,576
1671,1,1,1,1,1,1,1,1,0,1,0,0,0,0,0,0,0,0,0.00192885236251528,0.00192883610725403,1,0,576,576
1672,1,1,1,1,1,1,1,1,0,1,0,0,0,0,0,0,0,0,0.000540772657586508,0.000540792942047119,1,0,576,576
1673,1,1,1,1,1,1,1,1,0,1,0,0,0,0,0,0,0,0,0.000540772657586508,0.000540792942047119,1,0,576,576
1674,1,1,1,1,1,1,1,1,0,1,0,0,0,0,0,0,0,0,0.000540772657586508,0.000540792942047119,1,0,576,576
1675,1,1,1,1,1,1,1,1,0,1,0,0,0,0,0,0,0,0,0.000540772657586508,0.000540792942047119,1,0,576,576
1676,1,1,1,1,1,1,1,1,0,1,0,0,0,0,0,0,0,0,0.000540772657586508,0.000540792942047119,1,0,576,576
1677,1,1,1,1,1,1,1,1,0,1,0,0,0,0,0,0,0,0,0.000540772657586508,0.000540792942047119,1,0,576,576
1678,1,1,1,1,1,1,1,1,0,1,0,0,0,0,0,0,0,0,0.000540772657586508,0.000540792942047119,1,0,576,576
1679,1,1,1,1,1,1,1,1,0,1,0,0,0,0,0,0,0,0,0.00181550487656096,0.00181549787521362,1,0,576,576
1680,1,1,1,1,1,1,1,1,0,1,0.00694444444444444,0.00694444444444444,0,0,0.00694444444444444,0.00694444444444444,1,1,0.000284199395623463,0.000284194946289062,1,0,576,576
1681,1,1,1,1,1,1,1,1,0,1,0.00694444444444444,0.00694444444444444,0,0,0.00694444444444444,0.00694444444444444,1,1,0.000284199395623463,0.000284194946289062,1,0,576,576
1682,1,1,1,1,1,1,1,1,0,1,0.00694444444444444,0.00694444444444444,0,0,0.00694444444444444,0.00694444444444444,1,1,0.000284199395623463,0.000284194946289062,1,0,576,576
1683,1,1,1,1,1,1,1,1,0,1,0.00694444444444444,0.00694444444444444,0,0,0.00694444444444444,0.00694444444444444,1,1,0.000284199395623463,0.000284194946289062,1,0,576,576
1684,1,1,1,1,1,1,1,1,0,1,0.00694444444444444,0.00694444444444444,0,0,0.00694444444444444,0.00694444444444444,1,1,0.000284199395623463,0.000284194946289062,1,0,576,576
1685,1,1,1,1,1,1,1,1,0,1,0.00694444444444444,0.00694444444444444,0,0,0.00694444444444444,0.00694444444444444,1,1,0.00181550487656096,0.00181549787521362,1,0,576,576
1686,1,1,1,1,1,1,1,1,0,1,0,0,0,0,0,0,0,0,7.25075162710254e-05,7.25090503692627e-05,1,0,576,576
1687,1,1,1,1,1,1,1,1,0,1,0,0,0,0,0,0,0,0,0.0016877917031709,0.00168779492378235,1,0,576,576
1688,1,1,1,1,1,1,1,1,0,1,0,0,0,0,0,0,0,0,7.25075162710254e-05,7.25090503692627e-05,1,0,576,576
1689,1,1,1,1,1,1,1,1,0,1,0,0,0,0,0,0,0,0,0.000540772657586508,0.000540763139724731,1,0,576,576
1690,1,1,1,1,1,1,1,1,0,1,0,0,0,0,0,0,0,0,0.000714357881731853,0.000714361667633057,1,0,576,576
1691,1,1,1,1,1,1,1,1,0,1,0,0,0,0,0,0,0,0,0.000641850365460828,0.000641852617263794,1,0,576,576
1692,1,1,1,1,1,1,1,1,0,1,0,0,0,0,0,0,0,0,0.00307063541587932,0.00307062268257141,1,0,576,576
1693,1,1,1,1,1,1,1,1,0,1,0,0,0,0,0,0,0,0,0.000641850365460828,0.000641852617263794,1,0,576,576
1694,1,1,1,1,1,1,1,1,0,1,0,0,0,0,0,0,0,0,0.00307063541587932,0.00307062268257141,1,0,576,576
1695,1,1,1,1,1,1,1,1,0,1,0,0,0,0,0,0,0,0,0.000641850365460828,0.000641852617263794,1,0,576,576
1696,1,1,1,1,1,1,1,1,0,1,0,0,0,0,0,0,0,0,0.00307063541587932,0.00307062268257141,1,0,576,576
1697,1,1,1,1,1,1,1,1,0,1,0,0,0,0,0,0,0,0,0.00056708717225068,0.000567078590393066,1,0,576,576
1698,1,1,1,1,1,1,1,1,0,1,0,0,0,0,0,0,0,0,0.00056708717225068,0.000567108392715454,1,0,576,576
1699,1,1,1,1,1,1,1,1,0,1,0,0,0,0,0,0,0,0,0.00556708717225068,0.00556710362434387,1,0,576,576
1700,1,1,1,1,1,1,1,1,0,1,0,0,0,0,0,0,0,0,0.00556708717225068,0.00556710362434387,1,0,576,576
1701,1,1,1,1,1,1,1,1,0,1,0,0,0,0,0,0,0,0,0.00821297236194279,0.00821298360824585,1,0,576,576
1702,1,1,1,1,1,1,1,1,0,1,0,0,0,0,0,0,0,0,0.00821297236194279,0.00821298360824585,1,0,576,576
1703,1,1,1,1,1,1,1,1,0,1,0,0,0,0,0,0,0,0,0.00821297236194279,0.00821298360824585,1,0,576,576
1704,1,1,1,1,1,1,1,1,0,1,0,0,0,0,0,0,0,0,0.00821297236194279,0.00821298360824585,1,0,576,576
1705,1,1,1,1,1,1,1,1,0,1,0,0,0,0,0,0,0,0,0.00821297236194279,0.00821298360824585,1,0,576,576
1706,1,1,1,1,1,1,1,1,0,1,0,0,0,0,0,0,0,0,0.00821297236194279,0.00821298360824585,1,0,576,576
1707,1,1,1,1,1,1,1,1,0,1,0,0,0,0,0,0,0,0,0.00821297236194279,0.00821298360824585,1,0,576,576
1708,1,1,1,1,1,1,1,1,0,1,0,0,0,0,0,0,0,0,0.00821297236194279,0.00821298360824585,1,0,576,576
1709,1,1,1,1,1,1,1,1,0,1,0,0,0,0,0,0,0,0,0.00821297236194279,0.00821298360824585,1,0,576,576
1710,1,1,1,1,1,1,1,1,0,1,0,0,0,0,0,0,0,0,0.00821297236194279,0.00821298360824585,1,0,576,576
1711,1,1,1,1,1,1,1,1,0,1,0,0,0,0,0,0,0,0,0.00685103966264738,0.00685104727745056,1,0,576,576
1712,1,1,1,1,1,1,1,1,0,1,0,0,0,0,0,0,0,0,0.00685103966264738,0.00685104727745056,1,0,576,576
1713,1,1,1,1,1,1,1,1,0,1,0,0,0,0,0,0,0,0,0.00685103966264738,0.00685104727745056,1,0,576,576
1714,1,1,1,1,1,1,1,1,0,1,0,0,0,0,0,0,0,0,0.00685103966264738,0.00685104727745056,1,0,576,576
1715,1,1,1,1,1,1,1,1,0,1,0,0,0,0,0,0,0,0,0.00685103966264738,0.00685104727745056,1,0,576,576
1716,1,1,1,1,1,1,1,1,0,1,0,0,0,0,0,0,0,0,0.00685103966264738,0.00685104727745056,1,0,576,576
1717,1,1,1,1,1,1,1,1,0,1,0,0,0,0,0,0,0,0,0.00685103966264738,0.00685104727745056,1,0,576,576
1718,1,1,1,1,1,1,1,1,0,1,0,0,0,0,0,0,0,0,0.00685103966264738,0.00685104727745056,1,0,576,576
1719,1,1,1,1,1,1,1,1,0,1,0,0,0,0,0,0,0,0,0.00185103966264738,0.00185105204582214,1,0,576,576
1720,1,1,1,1,1,1,1,1,0,1,0,0,0,0,0,0,0,0,0.00185103966264738,0.00185105204582214,1,0,576,576
1721,1,1,1,1,1,1,1,1,0,1,0,0,0,0,0,0,0,0,0.00185103966264738,0.00185105204582214,1,0,576,576
1722,1,1,1,1,1,1,1,1,0,1,0,0,0,0,0,0,0,0,0.00185103966264738,0.00185105204582214,1,0,576,576
1723,1,1,1,1,1,1,1,1,0,1,0,0,0,0,0,0,0,0,0.00185103966264738,0.00185105204582214,1,0,576,576
1724,1,1,1,1,1,1,1,1,0,1,0,0,0,0,0,0,0,0,0.00185103966264738,0.00185105204582214,1,0,576,576
1725,1,1,1,1,1,1,1,1,0,1,0,0,0,0,0,0,0,0,0.00185103966264738,0.00185105204582214,1,0,576,576
1726,1,1,1,1,1,1,1,1,0,1,0,0,0,0,0,0,0,0,0.00185103966264738,0.00185105204582214,1,0,576,576
1727,1,1,1,1,1,1,1,1,0,1,0,0,0,0,0,0,0,0,0.00185103966264738,0.00185105204582214,1,0,576,576
1728,1,1,1,1,1,1,1,1,0,1,0,0,0,0,0,0,0,0,0.00185103966264738,0.00185105204582214,1,0,576,576
1729,1,1,1,1,1,1,1,1,0,1,0,0,0,0,0,0,0,0,0.000638965456410567,0.000638961791992188,1,0,576,576
1730,1,1,1,1,1,1,1,1,0,1,0,0,0,0,0,0,0,0,0.000638965456410567,0.000638961791992188,1,0,576,576
1731,1,1,1,1,1,1,1,1,0,1,0,0,0,0,0,0,0,0,0.000638965456410567,0.000638961791992188,1,0,576,576
1732,1,1,1,1,1,1,1,1,0,1,0,0,0,0,0,0,0,0,0.000638965456410567,0.000638961791992188,1,0,576,576
1733,1,1,1,1,1,1,1,1,0,1,0,0,0,0,0,0,0,0,0.00563896545641057,0.00563895702362061,1,0,576,576
1734,1,1,1,1,1,1,1,1,0,1,0,0,0,0,0,0,0,0,0.00563896545641057,0.00563895702362061,1,0,576,576
1735,1,1,1,1,1,1,1,1,0,1,0,0,0,0,0,0,0,0,0.00563896545641057,0.00563895702362061,1,0,576,576
1736,1,1,1,1,1,1,1,1,0,1,0,0,0,0,0,0,0,0,0.00563896545641057,0.00563895702362061,1,0,576,576
1737,1,1,1,1,1,1,1,1,0,1,0,0,0,0,0,0,0,0,0.0106389654564106,0.010638952255249,1,0,576,576
1738,1,1,1,1,1,1,1,1,0,1,0,0,0,0,0,0,0,0,0.00563896545641057,0.00563895702362061,1,0,576,576
1739,1,1,1,1,1,1,1,1,0,1,0,0,0,0,0,0,0,0,0.00563896545641057,0.00563895702362061,1,0,576,576
1740,1,1,1,1,1,1,1,1,0,1,0,0,0,0,0,0,0,0,0.00563896545641057,0.00563895702362061,1,0,576,576
1741,1,1,1,1,1,1,1,1,0,1,0,0,0,0,0,0,0,0,0.00563896545641057,0.00563895702362061,1,0,576,576
1742,1,1,1,1,1,1,1,1,0,1,0,0,0,0,0,0,0,0,0.00563896545641057,0.00563895702362061,1,0,576,576
1743,1,1,1,1,1,1,1,1,0,1,0,0,0,0,0,0,0,0,0.00563896545641057,0.00563895702362061,1,0,576,576
1744,1,1,1,1,1,1,1,1,0,1,0,0,0,0,0,0,0,0,0.00563896545641057,0.00563895702362061,1,0,576,576
1745,1,1,1,1,1,1,1,1,0,1,0,0,0,0,0,0,0,0,0.0106389654564106,0.010638952255249,1,0,576,576
1746,1,1,1,1,1,1,1,1,0,1,0,0,0,0,0,0,0,0,0.0073541148103079,0.00735411047935486,1,0,576,576
1747,1,1,1,1,1,1,1,1,0,1,0,0,0,0,0,0,0,0,0.0106389654564106,0.010638952255249,1,0,576,576
1748,1,1,1,1,1,1,1,1,0,1,0,0,0,0,0,0,0,0,0.00563896545641057,0.00563895702362061,1,0,576,576
1749,1,1,1,1,1,1,1,1,0,1,0,0,0,0,0,0,0,0,0.00563896545641057,0.00563895702362061,1,0,576,576
1750,1,1,1,1,1,1,1,1,0,1,0,0,0,0,0,0,0,0,0.00563896545641057,0.00563895702362061,1,0,576,576
1751,1,1,1,1,1,1,1,1,0,1,0,0,0,0,0,0,0,0,0.0106389654564106,0.010638952255249,1,0,576,576
1752,1,1,1,1,1,1,1,1,0,1,0,0,0,0,0,0,0,0,0.0073541148103079,0.00735411047935486,1,0,576,576
1753,1,1,1,1,1,1,1,1,0,1,0,0,0,0,0,0,0,0,0.0123541148103079,0.0123541057109833,1,0,576,576
1754,1,1,1,1,1,1,1,1,0,1,0,0,0,0,0,0,0,0,0.0123541148103079,0.0123541057109833,1,0,576,576
1755,1,1,1,1,1,1,1,1,0,1,0,0,0,0,0,0,0,0,0.0123541148103079,0.0123541057109833,1,0,576,576
1756,1,1,1,1,1,1,1,1,0,1,0,0,0,0,0,0,0,0,0.0073541148103079,0.00735411047935486,1,0,576,576
1757,1,1,1,1,1,1,1,1,0,1,0,0,0,0,0,0,0,0,0.0073541148103079,0.00735411047935486,1,0,576,576
1758,1,1,1,1,1,1,1,1,0,1,0,0,0,0,0,0,0,0,0.00563896545641057,0.00563895702362061,1,0,576,576
1759,1,1,1,1,1,1,1,1,0,1,0,0,0,0,0,0,0,0,0.0073541148103079,0.00735411047935486,1,0,576,576
1760,1,1,1,1,1,1,1,1,0,1,0,0,0,0,0,0,0,0,0.00235411481030789,0.00235411524772644,1,0,576,576
1761,1,1,1,1,1,1,1,1,0,1,0,0,0,0,0,0,0,0,0.00235411481030789,0.00235411524772644,1,0,576,576
1762,1,1,1,1,1,1,1,1,0,1,0,0,0,0,0,0,0,0,0.00264588518969211,0.00264587998390198,1,0,576,576
1763,1,1,1,1,1,1,1,1,0,1,0,0,0,0,0,0,0,0,0.00264588518969211,0.00264587998390198,1,0,576,576
1764,1,1,1,1,1,1,1,1,0,1,0,0,0,0,0,0,0,0,0.00764588518969211,0.0076458752155304,1,0,576,576
1765,1,1,1,1,1,1,1,1,0,1,0,0,0,0,0,0,0,0,0.00264588518969211,0.00264587998390198,1,0,576,576
1766,1,1,1,1,1,1,1,1,0,1,0,0,0,0,0,0,0,0,0.00764588518969211,0.0076458752155304,1,0,576,576
1767,1,1,1,1,1,1,1,1,0,1,0,0,0,0,0,0,0,0,0.00264588518969211,0.00264587998390198,1,0,576,576
1768,1,1,1,1,1,1,1,1,0,1,0,0,0,0,0,0,0,0,0.00264588518969211,0.00264587998390198,1,0,576,576
1769,1,1,1,1,1,1,1,1,0,1,0,0,0,0,0,0,0,0,0.00235411481030789,0.00235411524772644,1,0,576,576
1770,1,1,1,1,1,1,1,1,0,1,0,0,0,0,0,0,0,0,0.00264588518969211,0.00264587998390198,1,0,576,576
1771,1,1,1,1,1,1,1,1,0,1,0,0,0,0,0,0,0,0,0.00235411481030789,0.00235411524772644,1,0,576,576
1772,1,1,1,1,1,1,1,1,0,1,0,0,0,0,0,0,0,0,0.00264588518969211,0.00264587998390198,1,0,576,576
1773,1,1,1,1,1,1,1,1,0,1,0,0,0,0,0,0,0,0,0.00264588518969211,0.00264587998390198,1,0,576,576
1774,1,1,1,1,1,1,1,1,0,1,0,0,0,0,0,0,0,0,0.00764588518969211,0.0076458752155304,1,0,576,576
1775,1,1,1,1,1,1,1,1,0,1,0,0,0,0,0,0,0,0,0.00264588518969211,0.00264587998390198,1,0,576,576
1776,1,1,1,1,1,1,1,1,0,1,0,0,0,0,0,0,0,0,0.00764588518969211,0.0076458752155304,1,0,576,576
1777,1,1,1,1,1,1,1,1,0,1,0,0,0,0,0,0,0,0,0.00764588518969211,0.0076458752155304,1,0,576,576
1778,1,1,1,1,1,1,1,1,0,1,0,0,0,0,0,0,0,0,0.0108627378229338,0.0108627378940582,1,0,576,576
1779,1,1,1,1,1,1,1,1,0,1,0,0,0,0,0,0,0,0,0.00764588518969211,0.0076458752155304,1,0,576,576
1780,1,1,1,1,1,1,1,1,0,1,0,0,0,0,0,0,0,0,0.0108627378229338,0.0108627378940582,1,0,576,576
1781,1,1,1,1,1,1,1,1,0,1,0,0,0,0,0,0,0,0,0.00764588518969211,0.0076458752155304,1,0,576,576
1782,1,1,1,1,1,1,1,1,0,1,0,0,0,0,0,0,0,0,0.0108627378229338,0.0108627378940582,1,0,576,576
1783,1,1,1,1,1,1,1,1,0,1,0,0,0,0,0,0,0,0,0.00764588518969211,0.0076458752155304,1,0,576,576
1784,1,1,1,1,1,1,1,1,0,1,0,0,0,0,0,0,0,0,0.0108627378229338,0.0108627378940582,1,0,576,576
1785,1,1,1,1,1,1,1,1,0,1,0,0,0,0,0,0,0,0,0.00649306635378999,0.00649306178092957,1,0,576,576
1786,1,1,1,1,1,1,1,1,0,1,0,0,0,0,0,0,0,0,0.00209312869952427,0.00209313631057739,1,0,576,576
1787,1,1,1,1,1,1,1,1,0,1,0,0,0,0,0,0,0,0,0.00709312869952428,0.00709313154220581,1,0,576,576
1788,1,1,1,1,1,1,1,1,0,1,0,0,0,0,0,0,0,0,0.00709312869952428,0.00709313154220581,1,0,576,576
1789,1,1,1,1,1,1,1,1,0,1,0,0,0,0,0,0,0,0,0.0120931286995243,0.0120931267738342,1,0,576,576
1790,1,1,1,1,1,1,1,1,0,1,0,0,0,0,0,0,0,0,0.0120931286995243,0.0120931267738342,1,0,576,576
1791,1,1,1,1,1,1,1,1,0,1,0,0,0,0,0,0,0,0,0.010801509480344,0.0108015239238739,1,0,576,576
1792,1,1,1,1,1,1,1,1,0,1,0,0,0,0,0,0,0,0,0.00580150948034397,0.00580152869224548,1,0,576,576
1793,1,1,1,1,1,1,1,1,0,1,0,0,0,0,0,0,0,0,0.00261848272012738,0.00261849164962769,1,0,576,576
1794,1,1,1,1,1,1,1,1,0,1,0,0,0,0,0,0,0,0,0.00261848272012738,0.00261849164962769,1,0,576,576
1795,1,1,1,1,1,1,1,1,0,1,0,0,0,0,0,0,0,0,0.00261848272012738,0.00261849164962769,1,0,576,576
1796,1,1,1,1,1,1,1,1,0,1,0,0,0,0,0,0,0,0,0.00238151727987262,0.00238150358200073,1,0,576,576
1797,1,1,1,1,1,1,1,1,0,1,0,0,0,0,0,0,0,0,0.00238151727987262,0.00238150358200073,1,0,576,576
1798,1,1,1,1,1,1,1,1,0,1,0,0,0,0,0,0,0,0,0.00238151727987262,0.00238150358200073,1,0,576,576
1799,1,1,1,1,1,1,1,1,0,1,0,0,0,0,0,0,0,0,0.00107825845214859,0.0010782778263092,1,0,576,576
1800,1,1,1,1,1,1,1,1,0,1,0.00694444444444444,0.00694444444444444,0,0,0.00694444444444444,0.00694444444444444,1,1,0.00302269240183978,0.003022700548172,1,0,576,576
1801,1,1,1,1,1,1,1,1,0,1,0.00694444444444444,0.00694444444444444,0,0,0.00694444444444444,0.00694444444444444,1,1,0.00393627248579781,0.00393626093864441,1,0,576,576
1802,1,1,1,1,1,1,1,1,0,1,0.00694444444444444,0.00694444444444444,0,0,0.00694444444444444,0.00694444444444444,1,1,0.00393627248579781,0.00393626093864441,1,0,576,576
1803,1,1,1,1,1,1,1,1,0,1,0.00694444444444444,0.00694444444444444,0,0,0.00694444444444444,0.00694444444444444,1,1,0.00010328865359871,0.000103294849395752,1,0,576,576
1804,1,1,1,1,1,1,1,1,0,1,0.00694444444444444,0.00694444444444444,0,0,0.00694444444444444,0.00694444444444444,1,1,0.00304539964304862,0.00304538011550903,1,0,576,576
1805,1,1,1,1,1,1,1,1,0,1,0.00694444444444444,0.00694444444444444,0,0,0.00694444444444444,0.00694444444444444,1,1,0.00195432831624609,0.00195431709289551,1,0,576,576
1806,1,1,1,1,1,1,1,1,0,1,0.00694444444444444,0.00694444444444444,0,0,0.00694444444444444,0.00694444444444444,1,1,0.0022590975441879,0.00225910544395447,1,0,576,576
1807,1,1,1,1,1,1,1,1,0,1,0.00694444444444444,0.00694444444444444,0,0,0.00694444444444444,0.00694444444444444,1,1,0.0022590975441879,0.00225910544395447,1,0,576,576
1808,1,1,1,1,1,1,1,1,0,1,0.00694444444444444,0.00694444444444444,0,0,0.00694444444444444,0.00694444444444444,1,1,0.0022590975441879,0.00225910544395447,1,0,576,576
1809,1,1,1,1,1,1,1,1,0,1,0.00694444444444444,0.00694444444444444,0,0,0.00694444444444444,0.00694444444444444,1,1,0.0022590975441879,0.00225910544395447,1,0,576,576
1810,1,1,1,1,1,1,1,1,0,1,0.00694444444444444,0.00694444444444444,0,0,0.00694444444444444,0.00694444444444444,1,1,0.000147608683155442,0.000147581100463867,1,0,576,576
1811,1,1,1,1,1,1,1,1,0,1,0.00694444444444444,0.00694444444444444,0,0,0.00694444444444444,0.00694444444444444,1,1,0.000147608683155442,0.000147610902786255,1,0,576,576
1812,1,1,1,1,1,1,1,1,0,1,0.00694444444444444,0.00694444444444444,0,0,0.00694444444444444,0.00694444444444444,1,1,0.00514760868315545,0.00514760613441467,1,0,576,576
1813,1,1,1,1,1,1,1,1,0,1,0.00694444444444444,0.00694444444444444,0,0,0.00694444444444444,0.00694444444444444,1,1,0.00514760868315545,0.00514760613441467,1,0,576,576
1814,1,1,1,1,1,1,1,1,0,1,0.00694444444444444,0.00694444444444444,0,0,0.00694444444444444,0.00694444444444444,1,1,0.00612009450447415,0.00612008571624756,1,0,576,576
1815,1,1,1,1,1,1,1,1,0,1,0.00694444444444444,0.00694444444444444,0,0,0.00694444444444444,0.00694444444444444,1,1,0.00612009450447415,0.00612008571624756,1,0,576,576
1816,1,1,1,1,1,1,1,1,0,1,0.00694444444444444,0.00694444444444444,0,0,0.00694444444444444,0.00694444444444444,1,1,0.00612009450447415,0.00612008571624756,1,0,576,576
1817,1,1,1,1,1,1,1,1,0,1,0.00694444444444444,0.00694444444444444,0,0,0.00694444444444444,0.00694444444444444,1,1,0.00903342471251151,0.00903341174125671,1,0,576,576
1818,1,1,1,1,1,1,1,1,0,1,0.00694444444444444,0.00694444444444444,0,0,0.00694444444444444,0.00694444444444444,1,1,0.00612009450447415,0.00612008571624756,1,0,576,576
1819,1,1,1,1,1,1,1,1,0,1,0.00694444444444444,0.00694444444444444,0,0,0.00694444444444444,0.00694444444444444,1,1,0.00612009450447415,0.00612008571624756,1,0,576,576
1820,1,1,1,1,1,1,1,1,0,1,0.00694444444444444,0.00694444444444444,0,0,0.00694444444444444,0.00694444444444444,1,1,0.00112009450447415,0.00112009048461914,1,0,576,576
1821,1,1,1,1,1,1,1,1,0,1,0.00694444444444444,0.00694444444444444,0,0,0.00694444444444444,0.00694444444444444,1,1,0.00612009450447415,0.00612008571624756,1,0,576,576
1822,1,1,1,1,1,1,1,1,0,1,0.00694444444444444,0.00694444444444444,0,0,0.00694444444444444,0.00694444444444444,1,1,0.00112009450447415,0.00112009048461914,1,0,576,576
1823,1,1,1,1,1,1,1,1,0,1,0.00694444444444444,0.00694444444444444,0,0,0.00694444444444444,0.00694444444444444,1,1,0.00223427847511809,0.00223428010940552,1,0,576,576
1824,1,1,1,1,1,1,1,1,0,1,0.00694444444444444,0.00694444444444444,0,0,0.00694444444444444,0.00694444444444444,1,1,0.00276572152488191,0.00276574492454529,1,0,576,576
1825,1,1,1,1,1,1,1,1,0,1,0.00694444444444444,0.00694444444444444,0,0,0.00694444444444444,0.00694444444444444,1,1,0.000172427752225257,0.000172436237335205,1,0,576,576
1826,1,1,1,1,1,1,1,1,0,1,0.00694444444444444,0.00694444444444444,0,0,0.00694444444444444,0.00694444444444444,1,1,0.00517242775222526,0.00517243146896362,1,0,576,576
1827,1,1,1,1,1,1,1,1,0,1,0.00694444444444444,0.00694444444444444,0,0,0.00694444444444444,0.00694444444444444,1,1,0.000172427752225257,0.000172436237335205,1,0,576,576
1828,1,1,1,1,1,1,1,1,0,1,0.00694444444444444,0.00694444444444444,0,0,0.00694444444444444,0.00694444444444444,1,1,0.00517242775222526,0.00517243146896362,1,0,576,576
1829,1,1,1,1,1,1,1,1,0,1,0.00694444444444444,0.00694444444444444,0,0,0.00694444444444444,0.00694444444444444,1,1,0.000172427752225257,0.000172436237335205,1,0,576,576
1830,1,1,1,1,1,1,1,1,0,1,0.00694444444444444,0.00694444444444444,0,0,0.00694444444444444,0.00694444444444444,1,1,2.72040705295851e-07,2.98023223876953e-07,1,0,576,576
1831,1,1,1,1,1,1,1,1,0,1,0.00694444444444444,0.00694444444444444,0,0,0.00694444444444444,0.00694444444444444,1,1,0.00287297189082336,0.00287297368049622,1,0,576,576
1832,1,1,1,1,1,1,1,1,0,1,0.00694444444444444,0.00694444444444444,0,0,0.00694444444444444,0.00694444444444444,1,1,0.000890600802043895,0.000890582799911499,1,0,576,576
1833,1,1,1,1,1,1,1,1,0,1,0.00694444444444444,0.00694444444444444,0,0,0.00694444444444444,0.00694444444444444,1,1,0.000890600802043895,0.000890582799911499,1,0,576,576
1834,1,1,1,1,1,1,1,1,0,1,0.00694444444444444,0.00694444444444444,0,0,0.00694444444444444,0.00694444444444444,1,1,0.00324685057294549,0.00324684381484985,1,0,576,576
1835,1,1,1,1,1,1,1,1,0,1,0,0,0,0,0,0,0,0,0.00051091426985056,0.000510931015014648,1,0,576,576
1836,1,1,1,1,1,1,1,1,0,1,0,0,0,0,0,0,0,0,0.00051091426985056,0.000510931015014648,1,0,576,576
1837,1,1,1,1,1,1,1,1,0,1,0,0,0,0,0,0,0,0,0.00304567168375391,0.00304567813873291,1,0,576,576
1838,1,1,1,1,1,1,1,1,0,1,0,0,0,0,0,0,0,0,0.00114517727259639,0.00114518404006958,1,0,576,576
1839,1,1,1,1,1,1,1,1,0,1,0,0,0,0,0,0,0,0,0.00304567168375391,0.00304567813873291,1,0,576,576
1840,1,1,1,1,1,1,1,1,0,1,0,0,0,0,0,0,0,0,0.00114517727259639,0.00114518404006958,1,0,576,576
1841,1,1,1,1,1,1,1,1,0,1,0,0,0,0,0,0,0,0,0.00238151727987262,0.00238150358200073,1,0,576,576
1842,1,1,1,1,1,1,1,1,0,1,0,0,0,0,0,0,0,0,0.000481022868715097,0.000481009483337402,1,0,576,576
1843,1,1,1,1,1,1,1,1,0,1,0,0,0,0,0,0,0,0,0.00261848272012738,0.00261849164962769,1,0,576,576
1844,1,1,1,1,1,1,1,1,0,1,0,0,0,0,0,0,0,0,0.000608875191977221,0.000608891248703003,1,0,576,576
1845,1,1,1,1,1,1,1,1,0,1,0,0,0,0,0,0,0,0,0.00012241973568472,0.000122427940368652,1,0,576,576
1846,1,1,1,1,1,1,1,1,0,1,0,0,0,0,0,0,0,0,0.00190049441115753,0.00190049409866333,1,0,576,576
1847,1,1,1,1,1,1,1,1,0,1,0,0,0,0,0,0,0,0,0.00012241973568472,0.000122427940368652,1,0,576,576
1848,1,1,1,1,1,1,1,1,0,1,0,0,0,0,0,0,0,0,0.00190049441115753,0.00190049409866333,1,0,576,576
1849,1,1,1,1,1,1,1,1,0,1,0,0,0,0,0,0,0,0,0.00012241973568472,0.000122427940368652,1,0,576,576
1850,1,1,1,1,1,1,1,1,0,1,0,0,0,0,0,0,0,0,0.00251519406652867,0.00251519680023193,1,0,576,576
1851,1,1,1,1,1,1,1,1,0,1,0,0,0,0,0,0,0,0,0.000358603133030377,0.00035858154296875,1,0,576,576
1852,1,1,1,1,1,1,1,1,0,1,0,0,0,0,0,0,0,0,0.00251519406652867,0.00251519680023193,1,0,576,576
1853,1,1,1,1,1,1,1,1,0,1,0,0,0,0,0,0,0,0,0.000358603133030377,0.00035858154296875,1,0,576,576
1854,1,1,1,1,1,1,1,1,0,1,0,0,0,0,0,0,0,0,0.00251519406652867,0.00251519680023193,1,0,576,576
1855,1,1,1,1,1,1,1,1,0,1,0,0,0,0,0,0,0,0,0.000358603133030377,0.00035858154296875,1,0,576,576
1856,1,1,1,1,1,1,1,1,0,1,0,0,0,0,0,0,0,0,0.00251519406652867,0.00251519680023193,1,0,576,576
1857,1,1,1,1,1,1,1,1,0,1,0,0,0,0,0,0,0,0,0.000358603133030377,0.00035858154296875,1,0,576,576
1858,1,1,1,1,1,1,1,1,0,1,0,0,0,0,0,0,0,0,0.00251519406652867,0.00251519680023193,1,0,576,576
1859,1,1,1,1,1,1,1,1,0,1,0,0,0,0,0,0,0,0,0.000358603133030377,0.00035858154296875,1,0,576,576
1860,1,1,1,1,1,1,1,1,0,1,0,0,0,0,0,0,0,0,0.00251519406652867,0.00251519680023193,1,0,576,576
1861,1,1,1,1,1,1,1,1,0,1,0,0,0,0,0,0,0,0,0.000358603133030377,0.00035858154296875,1,0,576,576
1862,1,1,1,1,1,1,1,1,0,1,0,0,0,0,0,0,0,0,0.00251519406652867,0.00251519680023193,1,0,576,576
1863,1,1,1,1,1,1,1,1,0,1,0,0,0,0,0,0,0,0,0.000358603133030377,0.00035858154296875,1,0,576,576
1864,1,1,1,1,1,1,1,1,0,1,0,0,0,0,0,0,0,0,0.00251519406652867,0.00251519680023193,1,0,576,576
1865,1,1,1,1,1,1,1,1,0,1,0,0,0,0,0,0,0,0,0.00236238619778661,0.00236237049102783,1,0,576,576
1866,1,1,1,1,1,1,1,1,0,1,0,0,0,0,0,0,0,0,0.00012241973568472,0.000122427940368652,1,0,576,576
1867,1,1,1,1,1,1,1,1,0,1,0,0,0,0,0,0,0,0,0.00236238619778661,0.00236237049102783,1,0,576,576
1868,1,1,1,1,1,1,1,1,0,1,0,0,0,0,0,0,0,0,0.00012241973568472,0.000122427940368652,1,0,576,576
1869,1,1,1,1,1,1,1,1,0,1,0,0,0,0,0,0,0,0,0.00236238619778661,0.00236237049102783,1,0,576,576
1870,1,1,1,1,1,1,1,1,0,1,0,0,0,0,0,0,0,0,0.00012241973568472,0.000122427940368652,1,0,576,576
1871,1,1,1,1,1,1,1,1,0,1,0,0,0,0,0,0,0,0,0.00236238619778661,0.00236237049102783,1,0,576,576
1872,1,1,1,1,1,1,1,1,0,1,0,0,0,0,0,0,0,0,0.00012241973568472,0.000122427940368652,1,0,576,576
1873,1,1,1,1,1,1,1,1,0,1,0,0,0,0,0,0,0,0,0.00487758026431528,0.00487756729125977,1,0,576,576
1874,1,1,1,1,1,1,1,1,0,1,0,0,0,0,0,0,0,0,0.00012241973568472,0.000122427940368652,1,0,576,576
1875,1,1,1,1,1,1,1,1,0,1,0,0,0,0,0,0,0,0,0.00487758026431528,0.00487756729125977,1,0,576,576
1876,1,1,1,1,1,1,1,1,0,1,0,0,0,0,0,0,0,0,0.00012241973568472,0.000122427940368652,1,0,576,576
1877,1,1,1,1,1,1,1,1,0,1,0,0,0,0,0,0,0,0,0.00012241973568472,0.000122427940368652,1,0,576,576
1878,1,1,1,1,1,1,1,1,0,1,0,0,0,0,0,0,0,0,0.00512241973568472,0.00512242317199707,1,0,576,576
1879,1,1,1,1,1,1,1,1,0,1,0,0,0,0,0,0,0,0,0.00012241973568472,0.000122427940368652,1,0,576,576
1880,1,1,1,1,1,1,1,1,0,1,0,0,0,0,0,0,0,0,0.00512241973568472,0.00512242317199707,1,0,576,576
1881,1,1,1,1,1,1,1,1,0,1,0,0,0,0,0,0,0,0,0.00012241973568472,0.000122427940368652,1,0,576,576
1882,1,1,1,1,1,1,1,1,0,1,0,0,0,0,0,0,0,0,0.00512241973568472,0.00512242317199707,1,0,576,576
1883,1,1,1,1,1,1,1,1,0,1,0,0,0,0,0,0,0,0,0.00012241973568472,0.000122427940368652,1,0,576,576
1884,1,1,1,1,1,1,1,1,0,1,0,0,0,0,0,0,0,0,0.00512241973568472,0.00512242317199707,1,0,576,576
1885,1,1,1,1,1,1,1,1,0,1,0,0,0,0,0,0,0,0,0.00012241973568472,0.000122427940368652,1,0,576,576
1886,1,1,1,1,1,1,1,1,0,1,0,0,0,0,0,0,0,0,0.00078657413956601,0.000786572694778442,1,0,576,576
1887,1,1,1,1,1,1,1,1,0,1,0,0,0,0,0,0,0,0,0.00012241973568472,0.000122427940368652,1,0,576,576
1888,1,1,1,1,1,1,1,1,0,1,0,0,0,0,0,0,0,0,0.00078657413956601,0.000786572694778442,1,0,576,576
1889,1,1,1,1,1,1,1,1,0,1,0,0,0,0,0,0,0,0,0.00078657413956601,0.000786572694778442,1,0,576,576
1890,1,1,1,1,1,1,1,1,0,1,0,0,0,0,0,0,0,0,0.00421342586043399,0.00421342253684998,1,0,576,576
1891,1,1,1,1,1,1,1,1,0,1,0,0,0,0,0,0,0,0,0.00066415440388129,0.00066414475440979,1,0,576,576
1892,1,1,1,1,1,1,1,1,0,1,0,0,0,0,0,0,0,0,0.00421342586043399,0.00421342253684998,1,0,576,576
1893,1,1,1,1,1,1,1,1,0,1,0,0,0,0,0,0,0,0,0.00066415440388129,0.00066414475440979,1,0,576,576
1894,1,1,1,1,1,1,1,1,0,1,0,0,0,0,0,0,0,0,0.00421342586043399,0.00421342253684998,1,0,576,576
1895,1,1,1,1,1,1,1,1,0,1,0,0,0,0,0,0,0,0,0.00433584559611871,0.00433585047721863,1,0,576,576
1896,1,1,1,1,1,1,1,1,0,1,0,0,0,0,0,0,0,0,0.009213425860434,0.00921341776847839,1,0,576,576
1897,1,1,1,1,1,1,1,1,0,1,0,0,0,0,0,0,0,0,0.00433584559611871,0.00433585047721863,1,0,576,576
1898,1,1,1,1,1,1,1,1,0,1,0,0,0,0,0,0,0,0,0.009213425860434,0.00921341776847839,1,0,576,576
1899,1,1,1,1,1,1,1,1,0,1,0,0,0,0,0,0,0,0,0.00433584559611871,0.00433585047721863,1,0,576,576
1900,1,1,1,1,1,1,1,1,0,1,0,0,0,0,0,0,0,0,0.00933584559611872,0.00933584570884705,1,0,576,576
1901,1,1,1,1,1,1,1,1,0,1,0,0,0,0,0,0,0,0,0.00933584559611872,0.00933584570884705,1,0,576,576
1902,1,1,1,1,1,1,1,1,0,1,0,0,0,0,0,0,0,0,0.014213425860434,0.0142134130001068,1,0,576,576
1903,1,1,1,1,1,1,1,1,0,1,0,0,0,0,0,0,0,0,0.0123570614934567,0.0123570561408997,1,0,576,576
1904,1,1,1,1,1,1,1,1,0,1,0,0,0,0,0,0,0,0,0.00735706149345666,0.00735706090927124,1,0,576,576
1905,1,1,1,1,1,1,1,1,0,1,0,0,0,0,0,0,0,0,0.00235706149345666,0.00235706567764282,1,0,576,576
1906,1,1,1,1,1,1,1,1,0,1,0,0,0,0,0,0,0,0,0.00235706149345666,0.00235706567764282,1,0,576,576
1907,1,1,1,1,1,1,1,1,0,1,0,0,0,0,0,0,0,0,0.00235706149345666,0.00235706567764282,1,0,576,576
1908,1,1,1,1,1,1,1,1,0,1,0,0,0,0,0,0,0,0,0.00235706149345666,0.00235703587532043,1,0,576,576
1909,1,1,1,1,1,1,1,1,0,1,0.00694444444444444,0.00694444444444444,0,0,0.00694444444444444,0.00694444444444444,1,1,0.00264293850654335,0.00264295935630798,1,0,576,576
1910,1,1,1,1,1,1,1,1,0,1,0.00694444444444444,0.00694444444444444,0,0,0.00694444444444444,0.00694444444444444,1,1,0.00264293850654335,0.00264295935630798,1,0,576,576
1911,1,1,1,1,1,1,1,1,0,1,0.00694444444444444,0.00694444444444444,0,0,0.00694444444444444,0.00694444444444444,1,1,0.00264293850654335,0.00264295935630798,1,0,576,576
1912,1,1,1,1,1,1,1,1,0,1,0.00694444444444444,0.00694444444444444,0,0,0.00694444444444444,0.00694444444444444,1,1,0.00764293850654335,0.0076429545879364,1,0,576,576
1913,1,1,1,1,1,1,1,1,0,1,0.00694444444444444,0.00694444444444444,0,0,0.00694444444444444,0.00694444444444444,1,1,0.00433999875764746,0.00434002280235291,1,0,576,576
1914,1,1,1,1,1,1,1,1,0,1,0.00694444444444444,0.00694444444444444,0,0,0.00694444444444444,0.00694444444444444,1,1,0.00310499262471886,0.00310501456260681,1,0,576,576
1915,1,1,1,1,1,1,1,1,0,1,0.00694444444444444,0.00694444444444444,0,0,0.00694444444444444,0.00694444444444444,1,1,0.000448431993362586,0.000448405742645264,1,0,576,576
1916,1,1,1,1,1,1,1,1,0,1,0.00694444444444444,0.00694444444444444,0,0,0.00694444444444444,0.00694444444444444,1,1,0.00126323840482495,0.00126326084136963,1,0,576,576
1917,1,1,1,1,1,1,1,1,0,1,0.00694444444444444,0.00694444444444444,0,0,0.00694444444444444,0.00694444444444444,1,1,0.00188572193252767,0.00188571214675903,1,0,576,576
1918,1,1,1,1,1,1,1,1,0,1,0.00694444444444444,0.00694444444444444,0,0,0.00694444444444444,0.00694444444444444,1,1,0.00188572193252767,0.00188571214675903,1,0,576,576
1919,1,1,1,1,1,1,1,1,0,1,0.00694444444444444,0.00694444444444444,0,0,0.00694444444444444,0.00694444444444444,1,1,0.00311427806747233,0.00311428308486938,1,0,576,576
1920,1,1,1,1,1,1,1,1,0,1,0.00694444444444444,0.00694444444444444,0,0,0.00694444444444444,0.00694444444444444,1,1,0.00129161921918031,0.00129163265228271,1,0,576,576
1921,1,1,1,1,1,1,1,1,0,1,0.00694444444444444,0.00694444444444444,0,0,0.00694444444444444,0.00694444444444444,1,1,0.00129161921918031,0.00129163265228271,1,0,576,576
1922,1,1,1,1,1,1,1,1,0,1,0.00694444444444444,0.00694444444444444,0,0,0.00694444444444444,0.00694444444444444,1,1,0.00129161921918031,0.00129163265228271,1,0,576,576
1923,1,1,1,1,1,1,1,1,0,1,0.00694444444444444,0.00694444444444444,0,0,0.00694444444444444,0.00694444444444444,1,1,0.00129161921918031,0.00129163265228271,1,0,576,576
1924,1,1,1,1,1,1,1,1,0,1,0.00694444444444444,0.00694444444444444,0,0,0.00694444444444444,0.00694444444444444,1,1,0.00129161921918031,0.00129163265228271,1,0,576,576
1925,1,1,1,1,1,1,1,1,0,1,0.00694444444444444,0.00694444444444444,0,0,0.00694444444444444,0.00694444444444444,1,1,0.00129161921918031,0.00129163265228271,1,0,576,576
1926,1,1,1,1,1,1,1,1,0,1,0.00694444444444444,0.00694444444444444,0,0,0.00694444444444444,0.00694444444444444,1,1,0.00129161921918031,0.00129163265228271,1,0,576,576
1927,1,1,1,1,1,1,1,1,0,1,0.00694444444444444,0.00694444444444444,0,0,0.00694444444444444,0.00694444444444444,1,1,0.0037083807808197,0.0037083625793457,1,0,576,576
1928,1,1,1,1,1,1,1,1,0,1,0.00694444444444444,0.00694444444444444,0,0,0.00694444444444444,0.00694444444444444,1,1,0.0037083807808197,0.0037083625793457,1,0,576,576
1929,1,1,1,1,1,1,1,1,0,1,0.00694444444444444,0.00694444444444444,0,0,0.00694444444444444,0.00694444444444444,1,1,0.0072024844579362,0.00720250606536865,1,0,576,576
1930,1,1,1,1,1,1,1,1,0,1,0.00694444444444444,0.00694444444444444,0,0,0.00694444444444444,0.00694444444444444,1,1,0.0087083807808197,0.00870838761329651,1,0,576,576
1931,1,1,1,1,1,1,1,1,0,1,0.00694444444444444,0.00694444444444444,0,0,0.00694444444444444,0.00694444444444444,1,1,0.00726016110494199,0.00726017355918884,1,0,576,576
1932,1,1,1,1,1,1,1,1,0,1,0.00694444444444444,0.00694444444444444,0,0,0.00694444444444444,0.00694444444444444,1,1,0.00226016110494198,0.00226017832756042,1,0,576,576
1933,1,1,1,1,1,1,1,1,0,1,0.00694444444444444,0.00694444444444444,0,0,0.00694444444444444,0.00694444444444444,1,1,0.000442168808681309,0.000442147254943848,1,0,576,576
1934,1,1,1,1,1,1,1,1,0,1,0.00694444444444444,0.00694444444444444,0,0,0.00694444444444444,0.00694444444444444,1,1,0.00270232991362329,0.00270235538482666,1,0,576,576
1935,1,1,1,1,1,1,1,1,0,1,0.00694444444444444,0.00694444444444444,0,0,0.00694444444444444,0.00694444444444444,1,1,0.00455156800663742,0.00455158948898315,1,0,576,576
1936,1,1,1,1,1,1,1,1,0,1,0.00694444444444444,0.00694444444444444,0,0,0.00694444444444444,0.00694444444444444,1,1,0.000448431993362586,0.000448405742645264,1,0,576,576
1937,1,1,1,1,1,1,1,1,0,1,0.00694444444444444,0.00694444444444444,0,0,0.00694444444444444,0.00694444444444444,1,1,0.00140793237361475,0.00140795111656189,1,0,576,576
1938,1,1,1,1,1,1,1,1,0,1,0.00694444444444444,0.00694444444444444,0,0,0.00694444444444444,0.00694444444444444,1,1,0.00229767008637671,0.00229766964912415,1,0,576,576
1939,1,1,1,1,1,1,1,1,0,1,0,0,0,0,0,0,0,0,0.00104520324098506,0.00104519724845886,1,0,576,576
1940,1,1,1,1,1,1,1,1,0,1,0,0,0,0,0,0,0,0,0.00129439754000854,0.00129437446594238,1,0,576,576
1941,1,1,1,1,1,1,1,1,0,1,0,0,0,0,0,0,0,0,0.00629439754000855,0.00629439949989319,1,0,576,576
1942,1,1,1,1,1,1,1,1,0,1,0,0,0,0,0,0,0,0,0.00629439754000855,0.0062943696975708,1,0,576,576
1943,1,1,1,1,1,1,1,1,0,1,0,0,0,0,0,0,0,0,0.00685103966264738,0.00685104727745056,1,0,576,576
1944,1,1,1,1,1,1,1,1,0,1,0,0,0,0,0,0,0,0,0.00685103966264738,0.00685104727745056,1,0,576,576
1945,1,1,1,1,1,1,1,1,0,1,0,0,0,0,0,0,0,0,0.00685103966264738,0.00685104727745056,1,0,576,576
1946,1,1,1,1,1,1,1,1,0,1,0,0,0,0,0,0,0,0,0.00685103966264738,0.00685104727745056,1,0,576,576
1947,1,1,1,1,1,1,1,1,0,1,0,0,0,0,0,0,0,0,0.00685103966264738,0.00685104727745056,1,0,576,576
1948,1,1,1,1,1,1,1,1,0,1,0,0,0,0,0,0,0,0,0.00685103966264738,0.00685104727745056,1,0,576,576
1949,1,1,1,1,1,1,1,1,0,1,0,0,0,0,0,0,0,0,0.00185103966264738,0.00185105204582214,1,0,576,576
1950,1,1,1,1,1,1,1,1,0,1,0,0,0,0,0,0,0,0,0.00185103966264738,0.00185105204582214,1,0,576,576
1951,1,1,1,1,1,1,1,1,0,1,0,0,0,0,0,0,0,0,0.00078657413956601,0.000786572694778442,1,0,576,576
1952,1,1,1,1,1,1,1,1,0,1,0,0,0,0,0,0,0,0,0.00078657413956601,0.000786572694778442,1,0,576,576
1953,1,1,1,1,1,1,1,1,0,1,0,0,0,0,0,0,0,0,0.00078657413956601,0.000786572694778442,1,0,576,576
1954,1,1,1,1,1,1,1,1,0,1,0,0,0,0,0,0,0,0,0.00078657413956601,0.000786572694778442,1,0,576,576
1955,1,1,1,1,1,1,1,1,0,1,0,0,0,0,0,0,0,0,0.00078657413956601,0.000786572694778442,1,0,576,576
1956,1,1,1,1,1,1,1,1,0,1,0,0,0,0,0,0,0,0,0.00421342586043399,0.00421342253684998,1,0,576,576
1957,1,1,1,1,1,1,1,1,0,1,0,0,0,0,0,0,0,0,0.00421342586043399,0.00421342253684998,1,0,576,576
1958,1,1,1,1,1,1,1,1,0,1,0,0,0,0,0,0,0,0,0.00421342586043399,0.00421342253684998,1,0,576,576
1959,1,1,1,1,1,1,1,1,0,1,0,0,0,0,0,0,0,0,0.00421342586043399,0.00421342253684998,1,0,576,576
1960,1,1,1,1,1,1,1,1,0,1,0,0,0,0,0,0,0,0,0.00421342586043399,0.00421342253684998,1,0,576,576
1961,1,1,1,1,1,1,1,1,0,1,0,0,0,0,0,0,0,0,0.00421342586043399,0.00421342253684998,1,0,576,576
1962,1,1,1,1,1,1,1,1,0,1,0,0,0,0,0,0,0,0,0.00421342586043399,0.00421342253684998,1,0,576,576
1963,1,1,1,1,1,1,1,1,0,1,0,0,0,0,0,0,0,0,0.00078657413956601,0.000786572694778442,1,0,576,576
1964,1,1,1,1,1,1,1,1,0,1,0,0,0,0,0,0,0,0,0.00078657413956601,0.000786572694778442,1,0,576,576
1965,1,1,1,1,1,1,1,1,0,1,0,0,0,0,0,0,0,0,0.00012241973568472,0.000122427940368652,1,0,576,576
1966,1,1,1,1,1,1,1,1,0,1,0,0,0,0,0,0,0,0,0.00078657413956601,0.000786572694778442,1,0,576,576
1967,1,1,1,1,1,1,1,1,0,1,0,0,0,0,0,0,0,0,0.00012241973568472,0.000122427940368652,1,0,576,576
1968,1,1,1,1,1,1,1,1,0,1,0,0,0,0,0,0,0,0,0.00078657413956601,0.000786572694778442,1,0,576,576
1969,1,1,1,1,1,1,1,1,0,1,0,0,0,0,0,0,0,0,0.00421342586043399,0.00421342253684998,1,0,576,576
1970,1,1,1,1,1,1,1,1,0,1,0,0,0,0,0,0,0,0,0.0073572972809427,0.00735729932785034,1,0,576,576
1971,1,1,1,1,1,1,1,1,0,1,0,0,0,0,0,0,0,0,0.0073572972809427,0.00735726952552795,1,0,576,576
1972,1,1,1,1,1,1,1,1,0,1,0,0,0,0,0,0,0,0,0.0073572972809427,0.00735729932785034,1,0,576,576
1973,1,1,1,1,1,1,1,1,0,1,0,0,0,0,0,0,0,0,0.0073572972809427,0.00735726952552795,1,0,576,576
1974,1,1,1,1,1,1,1,1,0,1,0,0,0,0,0,0,0,0,0.0073572972809427,0.00735729932785034,1,0,576,576
1975,1,1,1,1,1,1,1,1,0,1,0,0,0,0,0,0,0,0,0.009213425860434,0.00921341776847839,1,0,576,576
1976,1,1,1,1,1,1,1,1,0,1,0,0,0,0,0,0,0,0,0.009213425860434,0.00921341776847839,1,0,576,576
1977,1,1,1,1,1,1,1,1,0,1,0,0,0,0,0,0,0,0,0.009213425860434,0.00921341776847839,1,0,576,576
1978,1,1,1,1,1,1,1,1,0,1,0,0,0,0,0,0,0,0,0.009213425860434,0.00921341776847839,1,0,576,576
1979,1,1,1,1,1,1,1,1,0,1,0,0,0,0,0,0,0,0,0.0123572972809427,0.0123572945594788,1,0,576,576
1980,1,1,1,1,1,1,1,1,0,1,0,0,0,0,0,0,0,0,0.0123572972809427,0.0123572945594788,1,0,576,576
1981,1,1,1,1,1,1,1,1,0,1,0,0,0,0,0,0,0,0,0.0123572972809427,0.0123572945594788,1,0,576,576
1982,1,1,1,1,1,1,1,1,0,1,0,0,0,0,0,0,0,0,0.0123572972809427,0.0123572945594788,1,0,576,576
1983,1,1,1,1,1,1,1,1,0,1,0,0,0,0,0,0,0,0,0.0123572972809427,0.0123572945594788,1,0,576,576
1984,1,1,1,1,1,1,1,1,0,1,0,0,0,0,0,0,0,0,0.0123570614934567,0.0123570561408997,1,0,576,576
1985,1,1,1,1,1,1,1,1,0,1,0,0,0,0,0,0,0,0,0.00735706149345666,0.00735706090927124,1,0,576,576
1986,1,1,1,1,1,1,1,1,0,1,0,0,0,0,0,0,0,0,0.00235706149345666,0.00235706567764282,1,0,576,576
1987,1,1,1,1,1,1,1,1,0,1,0.00694444444444444,0.00694444444444444,0,0,0.00694444444444444,0.00694444444444444,1,1,0.00264293850654335,0.0026429295539856,1,0,576,576
1988,1,1,1,1,1,1,1,1,0,1,0.00694444444444444,0.00694444444444444,0,0,0.00694444444444444,0.00694444444444444,1,1,0.00264293850654335,0.00264295935630798,1,0,576,576
1989,1,1,1,1,1,1,1,1,0,1,0.00694444444444444,0.00694444444444444,0,0,0.00694444444444444,0.00694444444444444,1,1,0.0012997222443385,0.00129970908164978,1,0,576,576
1990,1,1,1,1,1,1,1,1,0,1,0.00694444444444444,0.00694444444444444,0,0,0.00694444444444444,0.00694444444444444,1,1,0.00140260766928479,0.00140261650085449,1,0,576,576
1991,1,1,1,1,1,1,1,1,0,1,0.00694444444444444,0.00694444444444444,0,0,0.00694444444444444,0.00694444444444444,1,1,0.00140260766928479,0.00140261650085449,1,0,576,576
1992,1,1,1,1,1,1,1,1,0,1,0.00694444444444444,0.00694444444444444,0,0,0.00694444444444444,0.00694444444444444,1,1,0.00140260766928479,0.00140261650085449,1,0,576,576
1993,1,1,1,1,1,1,1,1,0,1,0.00694444444444444,0.00694444444444444,0,0,0.00694444444444444,0.00694444444444444,1,1,0.00312380879569296,0.00312379002571106,1,0,576,576
1994,1,1,1,1,1,1,1,1,0,1,0.00694444444444444,0.00694444444444444,0,0,0.00694444444444444,0.00694444444444444,1,1,0.00340403120946042,0.00340402126312256,1,0,576,576
1995,1,1,1,1,1,1,1,1,0,1,0.00694444444444444,0.00694444444444444,0,0,0.00694444444444444,0.00694444444444444,1,1,0.00159596879053958,0.00159597396850586,1,0,576,576
1996,1,1,1,1,1,1,1,1,0,1,0.00694444444444444,0.00694444444444444,0,0,0.00694444444444444,0.00694444444444444,1,1,0.00329326482912973,0.00329327583312988,1,0,576,576
1997,1,1,1,1,1,1,1,1,0,1,0.00694444444444444,0.00694444444444444,0,0,0.00694444444444444,0.00694444444444444,1,1,0.00144657538191856,0.00144660472869873,1,0,576,576
1998,1,1,1,1,1,1,1,1,0,1,0.00694444444444444,0.00694444444444444,0,0,0.00694444444444444,0.00694444444444444,1,1,0.00644657538191856,0.00644659996032715,1,0,576,576
1999,1,1,1,1,1,1,1,1,0,1,0.00694444444444444,0.00694444444444444,0,0,0.00694444444444444,0.00694444444444444,1,1,0.0114465753819186,0.0114465951919556,1,0,576,576
2000,1,1,1,1,1,1,1,1,0,1,0.00694444444444444,0.00694444444444444,0,0,0.00694444444444444,0.00694444444444444,1,1,0.00764465326661751,0.0076446533203125,1,0,576,576
2001,1,1,1,1,1,1,1,1,0,1,0.00694444444444444,0.00694444444444444,0,0,0.00694444444444444,0.00694444444444444,1,1,0.0026446532666175,0.00264465808868408,1,0,576,576
2002,1,1,1,1,1,1,1,1,0,1,0.00694444444444444,0.00694444444444444,0,0,0.00694444444444444,0.00694444444444444,1,1,0.0023553467333825,0.00235533714294434,1,0,576,576
2003,1,1,1,1,1,1,1,1,0,1,0.00694444444444444,0.00694444444444444,0,0,0.00694444444444444,0.00694444444444444,1,1,0.00592132433775677,0.00592130422592163,1,0,576,576
2004,1,1,1,1,1,1,1,1,0,1,0.00694444444444444,0.00694444444444444,0,0,0.00694444444444444,0.00694444444444444,1,1,0.00592132433775677,0.00592133402824402,1,0,576,576
2005,1,1,1,1,1,1,1,1,0,1,0.00694444444444444,0.00694444444444444,0,0,0.00694444444444444,0.00694444444444444,1,1,0.00592132433775677,0.00592133402824402,1,0,576,576
2006,1,1,1,1,1,1,1,1,0,1,0.00694444444444444,0.00694444444444444,0,0,0.00694444444444444,0.00694444444444444,1,1,0.00592132433775677,0.00592133402824402,1,0,576,576
2007,1,1,1,1,1,1,1,1,0,1,0.00694444444444444,0.00694444444444444,0,0,0.00694444444444444,0.00694444444444444,1,1,0.00477433281223916,0.00477433204650879,1,0,576,576
2008,1,1,1,1,1,1,1,1,0,1,0.00694444444444444,0.00694444444444444,0,0,0.00694444444444444,0.00694444444444444,1,1,0.00141225983724313,0.00141227245330811,1,0,576,576
2009,1,1,1,1,1,1,1,1,0,1,0.00694444444444444,0.00694444444444444,0,0,0.00694444444444444,0.00694444444444444,1,1,0.00141225983724313,0.00141224265098572,1,0,576,576
2010,1,1,1,1,1,1,1,1,0,1,0.00694444444444444,0.00694444444444444,0,0,0.00694444444444444,0.00694444444444444,1,1,0.00336207297499602,0.00336208939552307,1,0,576,576
2011,1,1,1,1,1,1,1,1,0,1,0.00694444444444444,0.00694444444444444,0,0,0.00694444444444444,0.00694444444444444,1,1,0.00336207297499602,0.00336208939552307,1,0,576,576
2012,1,1,1,1,1,1,1,1,0,1,0.00694444444444444,0.00694444444444444,0,0,0.00694444444444444,0.00694444444444444,1,1,0.00836207297499603,0.00836208462715149,1,0,576,576
2013,1,1,1,1,1,1,1,1,0,1,0.00694444444444444,0.00694444444444444,0,0,0.00694444444444444,0.00694444444444444,1,1,0.00698352454856171,0.00698351860046387,1,0,576,576
2014,1,1,1,1,1,1,1,1,0,1,0.00694444444444444,0.00694444444444444,0,0,0.00694444444444444,0.00694444444444444,1,1,0.00647781414915161,0.00647780299186707,1,0,576,576
2015,1,1,1,1,1,1,1,1,0,1,0.00694444444444444,0.00694444444444444,0,0,0.00694444444444444,0.00694444444444444,1,1,0.0014778141491516,0.00147780776023865,1,0,576,576
2016,1,1,1,1,1,1,1,1,0,1,0.00694444444444444,0.00694444444444444,0,0,0.00694444444444444,0.00694444444444444,1,1,0.000505710399410109,0.000505715608596802,1,0,576,576
2017,1,1,1,1,1,1,1,1,0,1,0.00694444444444444,0.00694444444444444,0,0,0.00694444444444444,0.00694444444444444,1,1,0.00550571039941011,0.00550571084022522,1,0,576,576
2018,1,1,1,1,1,1,1,1,0,1,0.00694444444444444,0.00694444444444444,0,0,0.00694444444444444,0.00694444444444444,1,1,0.00550571039941011,0.00550571084022522,1,0,576,576
2019,1,1,1,1,1,1,1,1,0,1,0.00694444444444444,0.00694444444444444,0,0,0.00694444444444444,0.00694444444444444,1,1,0.00336207297499602,0.00336208939552307,1,0,576,576
2020,1,1,1,1,1,1,1,1,0,1,0.00694444444444444,0.00694444444444444,0,0,0.00694444444444444,0.00694444444444444,1,1,0.00336207297499602,0.00336208939552307,1,0,576,576
2021,1,1,1,1,1,1,1,1,0,1,0.00694444444444444,0.00694444444444444,0,0,0.00694444444444444,0.00694444444444444,1,1,0.00163792702500398,0.00163790583610535,1,0,576,576
2022,1,1,1,1,1,1,1,1,0,1,0.00694444444444444,0.00694444444444444,0,0,0.00694444444444444,0.00694444444444444,1,1,0.00163792702500398,0.00163790583610535,1,0,576,576
2023,1,1,1,1,1,1,1,1,0,1,0.00694444444444444,0.00694444444444444,0,0,0.00694444444444444,0.00694444444444444,1,1,0.00198352454856171,0.00198352336883545,1,0,576,576
2024,1,1,1,1,1,1,1,1,0,1,0.00694444444444444,0.00694444444444444,0,0,0.00694444444444444,0.00694444444444444,1,1,0.00198352454856171,0.00198352336883545,1,0,576,576
2025,1,1,1,1,1,1,1,1,0,1,0.00694444444444444,0.00694444444444444,0,0,0.00694444444444444,0.00694444444444444,1,1,0.00550571039941011,0.00550571084022522,1,0,576,576
2026,1,1,1,1,1,1,1,1,0,1,0.00694444444444444,0.00694444444444444,0,0,0.00694444444444444,0.00694444444444444,1,1,0.000921324337756768,0.000921338796615601,1,0,576,576
2027,1,1,1,1,1,1,1,1,0,1,0.00694444444444444,0.00694444444444444,0,0,0.00694444444444444,0.00694444444444444,1,1,0.000921324337756768,0.000921338796615601,1,0,576,576
2028,1,1,1,1,1,1,1,1,0,1,0.00694444444444444,0.00694444444444444,0,0,0.00694444444444444,0.00694444444444444,1,1,0.000921324337756768,0.000921338796615601,1,0,576,576
2029,1,1,1,1,1,1,1,1,0,1,0.00694444444444444,0.00694444444444444,0,0,0.00694444444444444,0.00694444444444444,1,1,0.000921324337756768,0.000921338796615601,1,0,576,576
2030,1,1,1,1,1,1,1,1,0,1,0.00694444444444444,0.00694444444444444,0,0,0.00694444444444444,0.00694444444444444,1,1,0.000921324337756768,0.000921338796615601,1,0,576,576
2031,1,1,1,1,1,1,1,1,0,1,0.00694444444444444,0.00694444444444444,0,0,0.00694444444444444,0.00694444444444444,1,1,0.000921324337756768,0.000921338796615601,1,0,576,576
2032,1,1,1,1,1,1,1,1,0,1,0.00694444444444444,0.00694444444444444,0,0,0.00694444444444444,0.00694444444444444,1,1,0.000921324337756768,0.000921338796615601,1,0,576,576
2033,1,1,1,1,1,1,1,1,0,1,0.00694444444444444,0.00694444444444444,0,0,0.00694444444444444,0.00694444444444444,1,1,0.000921324337756768,0.000921338796615601,1,0,576,576
2034,1,1,1,1,1,1,1,1,0,1,0.00694444444444444,0.00694444444444444,0,0,0.00694444444444444,0.00694444444444444,1,1,0.00137523525501254,0.0013752281665802,1,0,576,576
2035,1,1,1,1,1,1,1,1,0,1,0.00694444444444444,0.00694444444444444,0,0,0.00694444444444444,0.00694444444444444,1,1,0.00137523525501254,0.0013752281665802,1,0,576,576
2036,1,1,1,1,1,1,1,1,0,1,0.00694444444444444,0.00694444444444444,0,0,0.00694444444444444,0.00694444444444444,1,1,0.00137523525501254,0.0013752281665802,1,0,576,576
2037,1,1,1,1,1,1,1,1,0,1,0.00694444444444444,0.00694444444444444,0,0,0.00694444444444444,0.00694444444444444,1,1,0.00137523525501254,0.0013752281665802,1,0,576,576
2038,1,1,1,1,1,1,1,1,0,1,0.00694444444444444,0.00694444444444444,0,0,0.00694444444444444,0.00694444444444444,1,1,0.000921324337756768,0.000921338796615601,1,0,576,576
2039,1,1,1,1,1,1,1,1,0,1,0.00694444444444444,0.00694444444444444,0,0,0.00694444444444444,0.00694444444444444,1,1,0.0027034404072307,0.00270342826843262,1,0,576,576
2040,1,1,1,1,1,1,1,1,0,1,0.00694444444444444,0.00694444444444444,0,0,0.00694444444444444,0.00694444444444444,1,1,0.0027034404072307,0.00270342826843262,1,0,576,576
2041,1,1,1,1,1,1,1,1,0,1,0.00694444444444444,0.00694444444444444,0,0,0.00694444444444444,0.00694444444444444,1,1,0.0027034404072307,0.00270342826843262,1,0,576,576
2042,1,1,1,1,1,1,1,1,0,1,0.00694444444444444,0.00694444444444444,0,0,0.00694444444444444,0.00694444444444444,1,1,0.00362476474498746,0.00362476706504822,1,0,576,576
2043,1,1,1,1,1,1,1,1,0,1,0.00694444444444444,0.00694444444444444,0,0,0.00694444444444444,0.00694444444444444,1,1,0.00362476474498746,0.00362476706504822,1,0,576,576
2044,1,1,1,1,1,1,1,1,0,1,0.00694444444444444,0.00694444444444444,0,0,0.00694444444444444,0.00694444444444444,1,1,0.00362476474498746,0.00362476706504822,1,0,576,576
2045,1,1,1,1,1,1,1,1,0,1,0.00694444444444444,0.00694444444444444,0,0,0.00694444444444444,0.00694444444444444,1,1,0.00362476474498746,0.00362476706504822,1,0,576,576
2046,1,1,1,1,1,1,1,1,0,1,0.00694444444444444,0.00694444444444444,0,0,0.00694444444444444,0.00694444444444444,1,1,0.0022317331785221,0.00223174691200256,1,0,576,576
2047,1,1,1,1,1,1,1,1,0,1,0.00694444444444444,0.00694444444444444,0,0,0.00694444444444444,0.00694444444444444,1,1,0.0022317331785221,0.00223174691200256,1,0,576,576
2048,1,1,1,1,1,1,1,1,0,1,0.00694444444444444,0.00694444444444444,0,0,0.00694444444444444,0.00694444444444444,1,1,0.0022317331785221,0.00223174691200256,1,0,576,576
2049,1,1,1,1,1,1,1,1,0,1,0.00694444444444444,0.00694444444444444,0,0,0.00694444444444444,0.00694444444444444,1,1,0.0072317331785221,0.00723174214363098,1,0,576,576
2050,1,1,1,1,1,1,1,1,0,1,0.00694444444444444,0.00694444444444444,0,0,0.00694444444444444,0.00694444444444444,1,1,0.00631040884076534,0.00631040334701538,1,0,576,576
2051,1,1,1,1,1,1,1,1,0,1,0.00694444444444444,0.00694444444444444,0,0,0.00694444444444444,0.00694444444444444,1,1,0.0072317331785221,0.00723174214363098,1,0,576,576
2052,1,1,1,1,1,1,1,1,0,1,0.00694444444444444,0.00694444444444444,0,0,0.00694444444444444,0.00694444444444444,1,1,0.00577998000264129,0.00577998161315918,1,0,576,576
2053,1,1,1,1,1,1,1,1,0,1,0.00694444444444444,0.00694444444444444,0,0,0.00694444444444444,0.00694444444444444,1,1,0.0072317331785221,0.00723174214363098,1,0,576,576
2054,1,1,1,1,1,1,1,1,0,1,0.00694444444444444,0.00694444444444444,0,0,0.00694444444444444,0.00694444444444444,1,1,0.00577998000264129,0.00577998161315918,1,0,576,576
2055,1,1,1,1,1,1,1,1,0,1,0.00694444444444444,0.00694444444444444,0,0,0.00694444444444444,0.00694444444444444,1,1,0.0072317331785221,0.00723174214363098,1,0,576,576
2056,1,1,1,1,1,1,1,1,0,1,0.00694444444444444,0.00694444444444444,0,0,0.00694444444444444,0.00694444444444444,1,1,0.00577998000264129,0.00577998161315918,1,0,576,576
2057,1,1,1,1,1,1,1,1,0,1,0.00694444444444444,0.00694444444444444,0,0,0.00694444444444444,0.00694444444444444,1,1,0.00077998000264129,0.000779986381530762,1,0,576,576
2058,1,1,1,1,1,1,1,1,0,1,0.00694444444444444,0.00694444444444444,0,0,0.00694444444444444,0.00694444444444444,1,1,0.00422001999735871,0.00422000885009766,1,0,576,576
2059,1,1,1,1,1,1,1,1,0,1,0.00694444444444444,0.00694444444444444,0,0,0.00694444444444444,0.00694444444444444,1,1,0.00422001999735871,0.00422000885009766,1,0,576,576
2060,1,1,1,1,1,1,1,1,0,1,0.00694444444444444,0.00694444444444444,0,0,0.00694444444444444,0.00694444444444444,1,1,0.00734382879305168,0.0073438286781311,1,0,576,576
2061,1,1,1,1,1,1,1,1,0,1,0.00694444444444444,0.00694444444444444,0,0,0.00694444444444444,0.00694444444444444,1,1,0.00422001999735871,0.00422000885009766,1,0,576,576
2062,1,1,1,1,1,1,1,1,0,1,0.00694444444444444,0.00694444444444444,0,0,0.00694444444444444,0.00694444444444444,1,1,0.00734382879305168,0.0073438286781311,1,0,576,576
2063,1,1,1,1,1,1,1,1,0,1,0.00694444444444444,0.00694444444444444,0,0,0.00694444444444444,0.00694444444444444,1,1,0.00422001999735871,0.00422000885009766,1,0,576,576
2064,1,1,1,1,1,1,1,1,0,1,0.00694444444444444,0.00694444444444444,0,0,0.00694444444444444,0.00694444444444444,1,1,0.00077998000264129,0.000779986381530762,1,0,576,576
2065,1,1,1,1,1,1,1,1,0,1,0.00694444444444444,0.00694444444444444,0,0,0.00694444444444444,0.00694444444444444,1,1,0.00577998000264129,0.00577998161315918,1,0,576,576
2066,1,1,1,1,1,1,1,1,0,1,0.00694444444444444,0.00694444444444444,0,0,0.00694444444444444,0.00694444444444444,1,1,0.00077998000264129,0.000779986381530762,1,0,576,576
2067,1,1,1,1,1,1,1,1,0,1,0.00694444444444444,0.00694444444444444,0,0,0.00694444444444444,0.00694444444444444,1,1,0.00577998000264129,0.00577998161315918,1,0,576,576
2068,1,1,1,1,1,1,1,1,0,1,0.00694444444444444,0.00694444444444444,0,0,0.00694444444444444,0.00694444444444444,1,1,0.00693973279503585,0.00693973898887634,1,0,576,576
2069,1,1,1,1,1,1,1,1,0,1,0.00694444444444444,0.00694444444444444,0,0,0.00694444444444444,0.00694444444444444,1,1,0.00193973279503584,0.00193974375724792,1,0,576,576
2070,1,1,1,1,1,1,1,1,0,1,0.00694444444444444,0.00694444444444444,0,0,0.00694444444444444,0.00694444444444444,1,1,0.00077998000264129,0.000779986381530762,1,0,576,576
2071,1,1,1,1,1,1,1,1,0,1,0.00694444444444444,0.00694444444444444,0,0,0.00694444444444444,0.00694444444444444,1,1,0.000442168808681309,0.000442147254943848,1,0,576,576
2072,1,1,1,1,1,1,1,1,0,1,0.00694444444444444,0.00694444444444444,0,0,0.00694444444444444,0.00694444444444444,1,1,0.000442168808681309,0.000442147254943848,1,0,576,576
2073,1,1,1,1,1,1,1,1,0,1,0,0,0,0,0,0,0,0,0.00234382879305167,0.00234383344650269,1,0,576,576
2074,1,1,1,1,1,1,1,1,0,1,0.00694444444444444,0.00694444444444444,0,0,0.00694444444444444,0.00694444444444444,1,1,0.000991846878410585,0.000991851091384888,1,0,576,576
2075,1,1,1,1,1,1,1,1,0,1,0,0,0,0,0,0,0,0,0.00234382879305167,0.00234383344650269,1,0,576,576
2076,1,1,1,1,1,1,1,1,0,1,0,0,0,0,0,0,0,0,0.00229767008637671,0.00229766964912415,1,0,576,576
2077,1,1,1,1,1,1,1,1,0,1,0,0,0,0,0,0,0,0,6.31319271937603e-05,6.31213188171387e-05,1,0,576,576
2078,1,1,1,1,1,1,1,1,0,1,0.00694444444444444,0.00694444444444444,0,0,0.00694444444444444,0.00694444444444444,1,1,0.000442168808681309,0.000442147254943848,1,0,576,576
2079,1,1,1,1,1,1,1,1,0,1,0.00694444444444444,0.00694444444444444,0,0,0.00694444444444444,0.00694444444444444,1,1,0.00105497880560435,0.00105497241020203,1,0,576,576
2080,1,1,1,1,1,1,1,1,0,1,0.00694444444444444,0.00694444444444444,0,0,0.00694444444444444,0.00694444444444444,1,1,0.00149714761428565,0.00149714946746826,1,0,576,576
2081,1,1,1,1,1,1,1,1,0,1,0.00694444444444444,0.00694444444444444,0,0,0.00694444444444444,0.00694444444444444,1,1,0.00350285238571435,0.00350287556648254,1,0,576,576
2082,1,1,1,1,1,1,1,1,0,1,0.00694444444444444,0.00694444444444444,0,0,0.00694444444444444,0.00694444444444444,1,1,0.00143402239562573,0.00143402814865112,1,0,576,576
2083,1,1,1,1,1,1,1,1,0,1,0.00694444444444444,0.00694444444444444,0,0,0.00694444444444444,0.00694444444444444,1,1,0.00278599760173298,0.00278598070144653,1,0,576,576
2084,1,1,1,1,1,1,1,1,0,1,0.00694444444444444,0.00694444444444444,0,0,0.00694444444444444,0.00694444444444444,1,1,0.000274269603231181,0.00027427077293396,1,0,576,576
2085,1,1,1,1,1,1,1,1,0,1,0.00694444444444444,0.00694444444444444,0,0,0.00694444444444444,0.00694444444444444,1,1,0.00527426960323119,0.00527426600456238,1,0,576,576
2086,1,1,1,1,1,1,1,1,0,1,0.00694444444444444,0.00694444444444444,0,0,0.00694444444444444,0.00694444444444444,1,1,0.000274269603231181,0.00027427077293396,1,0,576,576
2087,1,1,1,1,1,1,1,1,0,1,0.00694444444444444,0.00694444444444444,0,0,0.00694444444444444,0.00694444444444444,1,1,0.000274269603231181,0.00027427077293396,1,0,576,576
2088,1,1,1,1,1,1,1,1,0,1,0.00694444444444444,0.00694444444444444,0,0,0.00694444444444444,0.00694444444444444,1,1,0.00234382879305167,0.00234383344650269,1,0,576,576
2089,1,1,1,1,1,1,1,1,0,1,0.00694444444444444,0.00694444444444444,0,0,0.00694444444444444,0.00694444444444444,1,1,0.00143401568709189,0.00143399834632874,1,0,576,576
2090,1,1,1,1,1,1,1,1,0,1,0.00694444444444444,0.00694444444444444,0,0,0.00694444444444444,0.00694444444444444,1,1,0.00493686807280624,0.00493687391281128,1,0,576,576
2091,1,1,1,1,1,1,1,1,0,1,0.00694444444444444,0.00694444444444444,0,0,0.00694444444444444,0.00694444444444444,1,1,0.000503008710952269,0.000503003597259521,1,0,576,576
2092,1,1,1,1,1,1,1,1,0,1,0.00694444444444444,0.00694444444444444,0,0,0.00694444444444444,0.00694444444444444,1,1,0.00077998000264129,0.000779986381530762,1,0,576,576
2093,1,1,1,1,1,1,1,1,0,1,0.00694444444444444,0.00694444444444444,0,0,0.00694444444444444,0.00694444444444444,1,1,0.000503008710952269,0.000503003597259521,1,0,576,576
2094,1,1,1,1,1,1,1,1,0,1,0.00694444444444444,0.00694444444444444,0,0,0.00694444444444444,0.00694444444444444,1,1,0.00404933429587745,0.00404933094978333,1,0,576,576
2095,1,1,1,1,1,1,1,1,0,1,0.00694444444444444,0.00694444444444444,0,0,0.00694444444444444,0.00694444444444444,1,1,0.0036071587786623,0.00360715389251709,1,0,576,576
2096,1,1,1,1,1,1,1,1,0,1,0.00694444444444444,0.00694444444444444,0,0,0.00694444444444444,0.00694444444444444,1,1,0.00261531190025172,0.00261533260345459,1,0,576,576
2097,1,1,1,1,1,1,1,1,0,1,0.00694444444444444,0.00694444444444444,0,0,0.00694444444444444,0.00694444444444444,1,1,0.0036071587786623,0.00360715389251709,1,0,576,576
2098,1,1,1,1,1,1,1,1,0,1,0,0,0,0,0,0,0,0,0.000947885916625257,0.000947892665863037,1,0,576,576
2099,1,1,1,1,1,1,1,1,0,1,0,0,0,0,0,0,0,0,0.000884753989431497,0.000884771347045898,1,0,576,576
2100,1,1,1,1,1,1,1,1,0,1,0,0,0,0,0,0,0,0,0.000884753989431497,0.000884741544723511,1,0,576,576
2101,1,1,1,1,1,1,1,1,0,1,0,0,0,0,0,0,0,0,0.000884753989431497,0.000884771347045898,1,0,576,576
2102,1,1,1,1,1,1,1,1,0,1,0,0,0,0,0,0,0,0,0.000884753989431497,0.000884741544723511,1,0,576,576
2103,1,1,1,1,1,1,1,1,0,1,0,0,0,0,0,0,0,0,0.00150551199903898,0.00150549411773682,1,0,576,576
2104,1,1,1,1,1,1,1,1,0,1,0,0,0,0,0,0,0,0,0.00150551199903898,0.0015055239200592,1,0,576,576
2105,1,1,1,1,1,1,1,1,0,1,0,0,0,0,0,0,0,0,0.00411524601056851,0.00411525368690491,1,0,576,576
2106,1,1,1,1,1,1,1,1,0,1,0,0,0,0,0,0,0,0,0.00411524601056851,0.00411525368690491,1,0,576,576
2107,1,1,1,1,1,1,1,1,0,1,0,0,0,0,0,0,0,0,0.00650551199903898,0.00650548934936523,1,0,576,576
2108,1,1,1,1,1,1,1,1,0,1,0,0,0,0,0,0,0,0,0.00150551199903898,0.00150549411773682,1,0,576,576
2109,1,1,1,1,1,1,1,1,0,1,0,0,0,0,0,0,0,0,0.00150551199903898,0.00150549411773682,1,0,576,576
2110,1,1,1,1,1,1,1,1,0,1,0,0,0,0,0,0,0,0,0.00150551199903898,0.00150549411773682,1,0,576,576
2111,1,1,1,1,1,1,1,1,0,1,0,0,0,0,0,0,0,0,0.00650551199903898,0.00650548934936523,1,0,576,576
2112,1,1,1,1,1,1,1,1,0,1,0,0,0,0,0,0,0,0,0.00650551199903898,0.00650548934936523,1,0,576,576
2113,1,1,1,1,1,1,1,1,0,1,0,0,0,0,0,0,0,0,0.00462505415893155,0.00462505221366882,1,0,576,576
2114,1,1,1,1,1,1,1,1,0,1,0,0,0,0,0,0,0,0,0.000374945841068453,0.000374943017959595,1,0,576,576
2115,1,1,1,1,1,1,1,1,0,1,0,0,0,0,0,0,0,0,0.000374945841068453,0.000374943017959595,1,0,576,576
2116,1,1,1,1,1,1,1,1,0,1,0,0,0,0,0,0,0,0,0.00300941408850347,0.00300943851470947,1,0,576,576
2117,1,1,1,1,1,1,1,1,0,1,0,0,0,0,0,0,0,0,0.000110128071389104,0.000110149383544922,1,0,576,576
2118,1,1,1,1,1,1,1,1,0,1,0,0,0,0,0,0,0,0,0.00300941408850347,0.00300943851470947,1,0,576,576
2119,1,1,1,1,1,1,1,1,0,1,0,0,0,0,0,0,0,0,0.00300941408850347,0.00300943851470947,1,0,576,576
2120,1,1,1,1,1,1,1,1,0,1,0,0,0,0,0,0,0,0,0.00300941408850347,0.00300943851470947,1,0,576,576
2121,1,1,1,1,1,1,1,1,0,1,0,0,0,0,0,0,0,0,0.00199058591149653,0.00199058651924133,1,0,576,576
2122,1,1,1,1,1,1,1,1,0,1,0,0,0,0,0,0,0,0,0.00199058591149653,0.00199058651924133,1,0,576,576
2123,1,1,1,1,1,1,1,1,0,1,0,0,0,0,0,0,0,0,0.00199058591149653,0.00199058651924133,1,0,576,576
2124,1,1,1,1,1,1,1,1,0,1,0,0,0,0,0,0,0,0,0.000110128071389104,0.000110119581222534,1,0,576,576
2125,1,1,1,1,1,1,1,1,0,1,0,0,0,0,0,0,0,0,0.000110128071389104,0.000110149383544922,1,0,576,576
2126,1,1,1,1,1,1,1,1,0,1,0,0,0,0,0,0,0,0,0.00406261491925047,0.00406262278556824,1,0,576,576
2127,1,1,1,1,1,1,1,1,0,1,0,0,0,0,0,0,0,0,0.000110128071389104,0.000110149383544922,1,0,576,576
2128,1,1,1,1,1,1,1,1,0,1,0,0,0,0,0,0,0,0,0.00395248684786137,0.00395247340202332,1,0,576,576
2129,1,1,1,1,1,1,1,1,0,1,0.00694444444444444,0.00694444444444444,0,0,0.00694444444444444,0.00694444444444444,1,1,0.00104751315213863,0.0010475218296051,1,0,576,576
2130,1,1,1,1,1,1,1,1,0,1,0.00694444444444444,0.00694444444444444,0,0,0.00694444444444444,0.00694444444444444,1,1,0.00142245899320709,0.0014224648475647,1,0,576,576
2131,1,1,1,1,1,1,1,1,0,1,0.00694444444444444,0.00694444444444444,0,0,0.00694444444444444,0.00694444444444444,1,1,0.00142245899320709,0.0014224648475647,1,0,576,576
2132,1,1,1,1,1,1,1,1,0,1,0.00694444444444444,0.00694444444444444,0,0,0.00694444444444444,0.00694444444444444,1,1,0.00593738508074954,0.00593739748001099,1,0,576,576
2133,1,1,1,1,1,1,1,1,0,1,0.00694444444444444,0.00694444444444444,0,0,0.00694444444444444,0.00694444444444444,1,1,0.000937385080749531,0.000937372446060181,1,0,576,576
2134,1,1,1,1,1,1,1,1,0,1,0,0,0,0,0,0,0,0,0.00406261491925047,0.00406262278556824,1,0,576,576
2135,1,1,1,1,1,1,1,1,0,1,0.00694444444444444,0.00694444444444444,0,0,0.00694444444444444,0.00694444444444444,1,1,0.000937385080749531,0.000937372446060181,1,0,576,576
2136,1,1,1,1,1,1,1,1,0,1,0.00694444444444444,0.00694444444444444,0,0,0.00694444444444444,0.00694444444444444,1,1,0.00593738508074954,0.00593739748001099,1,0,576,576
2137,1,1,1,1,1,1,1,1,0,1,0.00694444444444444,0.00694444444444444,0,0,0.00694444444444444,0.00694444444444444,1,1,0.000937385080749531,0.000937372446060181,1,0,576,576
2138,1,1,1,1,1,1,1,1,0,1,0,0,0,0,0,0,0,0,0.00406261491925047,0.00406262278556824,1,0,576,576
2139,1,1,1,1,1,1,1,1,0,1,0,0,0,0,0,0,0,0,0.00406261491925047,0.00406262278556824,1,0,576,576
2140,1,1,1,1,1,1,1,1,0,1,0,0,0,0,0,0,0,0,0.00406261491925047,0.00406262278556824,1,0,576,576
2141,1,1,1,1,1,1,1,1,0,1,0,0,0,0,0,0,0,0,0.00699058591149654,0.00699058175086975,1,0,576,576
2142,1,1,1,1,1,1,1,1,0,1,0,0,0,0,0,0,0,0,0.00406261491925047,0.00406262278556824,1,0,576,576
2143,1,1,1,1,1,1,1,1,0,1,0,0,0,0,0,0,0,0,0.00699058591149654,0.00699058175086975,1,0,576,576
2144,1,1,1,1,1,1,1,1,0,1,0,0,0,0,0,0,0,0,0.00699058591149654,0.00699061155319214,1,0,576,576
2145,1,1,1,1,1,1,1,1,0,1,0,0,0,0,0,0,0,0,0.00699058591149654,0.00699058175086975,1,0,576,576
2146,1,1,1,1,1,1,1,1,0,1,0,0,0,0,0,0,0,0,0.00699058591149654,0.00699061155319214,1,0,576,576
2147,1,1,1,1,1,1,1,1,0,1,0,0,0,0,0,0,0,0,0.00699058591149654,0.00699058175086975,1,0,576,576
2148,1,1,1,1,1,1,1,1,0,1,0,0,0,0,0,0,0,0,0.00699058591149654,0.00699061155319214,1,0,576,576
2149,1,1,1,1,1,1,1,1,0,1,0,0,0,0,0,0,0,0,0.00699058591149654,0.00699058175086975,1,0,576,576
2150,1,1,1,1,1,1,1,1,0,1,0,0,0,0,0,0,0,0,0.00699058591149654,0.00699061155319214,1,0,576,576
2151,1,1,1,1,1,1,1,1,0,1,0,0,0,0,0,0,0,0,0.00699058591149654,0.00699058175086975,1,0,576,576
2152,1,1,1,1,1,1,1,1,0,1,0,0,0,0,0,0,0,0,0.00699058591149654,0.00699061155319214,1,0,576,576
2153,1,1,1,1,1,1,1,1,0,1,0,0,0,0,0,0,0,0,0.00699058591149654,0.00699058175086975,1,0,576,576
2154,1,1,1,1,1,1,1,1,0,1,0,0,0,0,0,0,0,0,0.00699058591149654,0.00699061155319214,1,0,576,576
2155,1,1,1,1,1,1,1,1,0,1,0,0,0,0,0,0,0,0,0.00699058591149654,0.00699058175086975,1,0,576,576
2156,1,1,1,1,1,1,1,1,0,1,0,0,0,0,0,0,0,0,0.00699058591149654,0.00699061155319214,1,0,576,576
2157,1,1,1,1,1,1,1,1,0,1,0,0,0,0,0,0,0,0,0.00199058591149653,0.00199058651924133,1,0,576,576
2158,1,1,1,1,1,1,1,1,0,1,0,0,0,0,0,0,0,0,0.00199058591149653,0.00199058651924133,1,0,576,576
2159,1,1,1,1,1,1,1,1,0,1,0,0,0,0,0,0,0,0,0.00199058591149653,0.00199058651924133,1,0,576,576
2160,1,1,1,1,1,1,1,1,0,1,0,0,0,0,0,0,0,0,0.00523834442627497,0.00523835420608521,1,0,576,576
2161,1,1,1,1,1,1,1,1,0,1,0,0,0,0,0,0,0,0,0.00523834442627497,0.00523832440376282,1,0,576,576
2162,1,1,1,1,1,1,1,1,0,1,0,0,0,0,0,0,0,0,0.00523834442627497,0.00523835420608521,1,0,576,576
2163,1,1,1,1,1,1,1,1,0,1,0,0,0,0,0,0,0,0,0.00523834442627497,0.00523832440376282,1,0,576,576
2164,1,1,1,1,1,1,1,1,0,1,0,0,0,0,0,0,0,0,0.00523834442627497,0.00523835420608521,1,0,576,576
2165,1,1,1,1,1,1,1,1,0,1,0,0,0,0,0,0,0,0,0.00523834442627497,0.00523832440376282,1,0,576,576
2166,1,1,1,1,1,1,1,1,0,1,0,0,0,0,0,0,0,0,0.00523834442627497,0.00523835420608521,1,0,576,576
2167,1,1,1,1,1,1,1,1,0,1,0,0,0,0,0,0,0,0,0.00523834442627497,0.00523835420608521,1,0,576,576
2168,1,1,1,1,1,1,1,1,0,1,0,0,0,0,0,0,0,0,0.00731037343402891,0.00731036067008972,1,0,576,576
2169,1,1,1,1,1,1,1,1,0,1,0,0,0,0,0,0,0,0,0.010238344426275,0.0102383494377136,1,0,576,576
2170,1,1,1,1,1,1,1,1,0,1,0,0,0,0,0,0,0,0,0.00731037343402891,0.00731036067008972,1,0,576,576
2171,1,1,1,1,1,1,1,1,0,1,0,0,0,0,0,0,0,0,0.00731037343402891,0.00731036067008972,1,0,576,576
2172,1,1,1,1,1,1,1,1,0,1,0,0,0,0,0,0,0,0,0.00731037343402891,0.00731036067008972,1,0,576,576
2173,1,1,1,1,1,1,1,1,0,1,0,0,0,0,0,0,0,0,0.00523834442627497,0.00523835420608521,1,0,576,576
2174,1,1,1,1,1,1,1,1,0,1,0,0,0,0,0,0,0,0,0.00335788658616754,0.00335788726806641,1,0,576,576
2175,1,1,1,1,1,1,1,1,0,1,0,0,0,0,0,0,0,0,0.00523834442627497,0.00523835420608521,1,0,576,576
2176,1,1,1,1,1,1,1,1,0,1,0,0,0,0,0,0,0,0,0.0023103734340289,0.0023103654384613,1,0,576,576
2177,1,1,1,1,1,1,1,1,0,1,0,0,0,0,0,0,0,0,0.00523834442627497,0.00523835420608521,1,0,576,576
2178,1,1,1,1,1,1,1,1,0,1,0,0,0,0,0,0,0,0,0.0023103734340289,0.0023103654384613,1,0,576,576
2179,1,1,1,1,1,1,1,1,0,1,0,0,0,0,0,0,0,0,0.0023103734340289,0.0023103654384613,1,0,576,576
2180,1,1,1,1,1,1,1,1,0,1,0.00694444444444444,0.00694444444444444,0,0,0.00694444444444444,0.00694444444444444,1,1,0.0026896265659711,0.00268962979316711,1,0,576,576
2181,1,1,1,1,1,1,1,1,0,1,0,0,0,0,0,0,0,0,0.00185522794116888,0.00185522437095642,1,0,576,576
2182,1,1,1,1,1,1,1,1,0,1,0,0,0,0,0,0,0,0,0.00185522794116888,0.00185522437095642,1,0,576,576
2183,1,1,1,1,1,1,1,1,0,1,0,0,0,0,0,0,0,0,0.00185522794116888,0.00185522437095642,1,0,576,576
2184,1,1,1,1,1,1,1,1,0,1,0,0,0,0,0,0,0,0,0.00185522794116888,0.00185522437095642,1,0,576,576
2185,1,1,1,1,1,1,1,1,0,1,0,0,0,0,0,0,0,0,0.00185522794116888,0.00185522437095642,1,0,576,576
2186,1,1,1,1,1,1,1,1,0,1,0,0,0,0,0,0,0,0,0.00185522794116888,0.00185522437095642,1,0,576,576
2187,1,1,1,1,1,1,1,1,0,1,0,0,0,0,0,0,0,0,0.00685522794116888,0.00685521960258484,1,0,576,576
2188,1,1,1,1,1,1,1,1,0,1,0,0,0,0,0,0,0,0,0.00685522794116888,0.00685521960258484,1,0,576,576
2189,1,1,1,1,1,1,1,1,0,1,0,0,0,0,0,0,0,0,0.00685522794116888,0.00685521960258484,1,0,576,576
2190,1,1,1,1,1,1,1,1,0,1,0,0,0,0,0,0,0,0,0.00685522794116888,0.00685521960258484,1,0,576,576
2191,1,1,1,1,1,1,1,1,0,1,0,0,0,0,0,0,0,0,0.00335788658616754,0.00335788726806641,1,0,576,576
2192,1,1,1,1,1,1,1,1,0,1,0,0,0,0,0,0,0,0,0.00685522794116888,0.00685521960258484,1,0,576,576
2193,1,1,1,1,1,1,1,1,0,1,0,0,0,0,0,0,0,0,0.00335788658616754,0.00335788726806641,1,0,576,576
2194,1,1,1,1,1,1,1,1,0,1,0,0,0,0,0,0,0,0,0.00685522794116888,0.00685521960258484,1,0,576,576
2195,1,1,1,1,1,1,1,1,0,1,0,0,0,0,0,0,0,0,0.00335788658616754,0.00335788726806641,1,0,576,576
2196,1,1,1,1,1,1,1,1,0,1,0,0,0,0,0,0,0,0,0.00335788658616754,0.00335788726806641,1,0,576,576
2197,1,1,1,1,1,1,1,1,0,1,0,0,0,0,0,0,0,0,0.00335788658616754,0.00335788726806641,1,0,576,576
2198,1,1,1,1,1,1,1,1,0,1,0,0,0,0,0,0,0,0,0.00685522794116888,0.00685521960258484,1,0,576,576
2199,1,1,1,1,1,1,1,1,0,1,0,0,0,0,0,0,0,0,0.00185522794116888,0.00185522437095642,1,0,576,576
2200,1,1,1,1,1,1,1,1,0,1,0.00694444444444444,0.00694444444444444,0,0,0.00694444444444444,0.00694444444444444,1,1,0.00150265864499866,0.00150266289710999,1,0,576,576
2201,1,1,1,1,1,1,1,1,0,1,0.00694444444444444,0.00694444444444444,0,0,0.00694444444444444,0.00694444444444444,1,1,0.00585333221345785,0.0058533251285553,1,0,576,576
2202,1,1,1,1,1,1,1,1,0,1,0.00694444444444444,0.00694444444444444,0,0,0.00694444444444444,0.00694444444444444,1,1,0.0012282780545263,0.00122827291488647,1,0,576,576
2203,1,1,1,1,1,1,1,1,0,1,0.00694444444444444,0.00694444444444444,0,0,0.00694444444444444,0.00694444444444444,1,1,0.0037717219454737,0.00377172231674194,1,0,576,576
2204,1,1,1,1,1,1,1,1,0,1,0.00694444444444444,0.00694444444444444,0,0,0.00694444444444444,0.00694444444444444,1,1,0.0037717219454737,0.00377172231674194,1,0,576,576
2205,1,1,1,1,1,1,1,1,0,1,0.00694444444444444,0.00694444444444444,0,0,0.00694444444444444,0.00694444444444444,1,1,0.0012282780545263,0.00122827291488647,1,0,576,576
2206,1,1,1,1,1,1,1,1,0,1,0.00694444444444444,0.00694444444444444,0,0,0.00694444444444444,0.00694444444444444,1,1,0.0012282780545263,0.00122827291488647,1,0,576,576
2207,1,1,1,1,1,1,1,1,0,1,0.00694444444444444,0.00694444444444444,0,0,0.00694444444444444,0.00694444444444444,1,1,0.0012282780545263,0.00122827291488647,1,0,576,576
2208,1,1,1,1,1,1,1,1,0,1,0.00694444444444444,0.00694444444444444,0,0,0.00694444444444444,0.00694444444444444,1,1,0.0012282780545263,0.00122827291488647,1,0,576,576
2209,1,1,1,1,1,1,1,1,0,1,0.00694444444444444,0.00694444444444444,0,0,0.00694444444444444,0.00694444444444444,1,1,0.0012282780545263,0.00122827291488647,1,0,576,576
2210,1,1,1,1,1,1,1,1,0,1,0.00694444444444444,0.00694444444444444,0,0,0.00694444444444444,0.00694444444444444,1,1,0.0012282780545263,0.00122827291488647,1,0,576,576
2211,1,1,1,1,1,1,1,1,0,1,0.00694444444444444,0.00694444444444444,0,0,0.00694444444444444,0.00694444444444444,1,1,0.00260973401152953,0.0026097297668457,1,0,576,576
2212,1,1,1,1,1,1,1,1,0,1,0.00694444444444444,0.00694444444444444,0,0,0.00694444444444444,0.00694444444444444,1,1,0.00260973401152953,0.0026097297668457,1,0,576,576
2213,1,1,1,1,1,1,1,1,0,1,0.00694444444444444,0.00694444444444444,0,0,0.00694444444444444,0.00694444444444444,1,1,0.00260973401152953,0.0026097297668457,1,0,576,576
2214,1,1,1,1,1,1,1,1,0,1,0.00694444444444444,0.00694444444444444,0,0,0.00694444444444444,0.00694444444444444,1,1,0.00260973401152953,0.0026097297668457,1,0,576,576
2215,1,1,1,1,1,1,1,1,0,1,0.00694444444444444,0.00694444444444444,0,0,0.00694444444444444,0.00694444444444444,1,1,0.00260973401152953,0.0026097297668457,1,0,576,576
2216,1,1,1,1,1,1,1,1,0,1,0.00694444444444444,0.00694444444444444,0,0,0.00694444444444444,0.00694444444444444,1,1,0.00760973401152953,0.00760972499847412,1,0,576,576
2217,1,1,1,1,1,1,1,1,0,1,0.00694444444444444,0.00694444444444444,0,0,0.00694444444444444,0.00694444444444444,1,1,0.00260973401152953,0.0026097297668457,1,0,576,576
2218,1,1,1,1,1,1,1,1,0,1,0.00694444444444444,0.00694444444444444,0,0,0.00694444444444444,0.00694444444444444,1,1,0.00760973401152953,0.00760972499847412,1,0,576,576
2219,1,1,1,1,1,1,1,1,0,1,0.00694444444444444,0.00694444444444444,0,0,0.00694444444444444,0.00694444444444444,1,1,0.00260973401152953,0.0026097297668457,1,0,576,576
2220,1,1,1,1,1,1,1,1,0,1,0.00694444444444444,0.00694444444444444,0,0,0.00694444444444444,0.00694444444444444,1,1,0.00760973401152953,0.00760972499847412,1,0,576,576
2221,1,1,1,1,1,1,1,1,0,1,0.00694444444444444,0.00694444444444444,0,0,0.00694444444444444,0.00694444444444444,1,1,0.00760973401152953,0.00760972499847412,1,0,576,576
2222,1,1,1,1,1,1,1,1,0,1,0.00694444444444444,0.00694444444444444,0,0,0.00694444444444444,0.00694444444444444,1,1,0.00887690158429355,0.00887688994407654,1,0,576,576
2223,1,1,1,1,1,1,1,1,0,1,0.00694444444444444,0.00694444444444444,0,0,0.00694444444444444,0.00694444444444444,1,1,0.00760973401152953,0.00760972499847412,1,0,576,576
2224,1,1,1,1,1,1,1,1,0,1,0.00694444444444444,0.00694444444444444,0,0,0.00694444444444444,0.00694444444444444,1,1,0.00513494896907579,0.0051349401473999,1,0,576,576
2225,1,1,1,1,1,1,1,1,0,1,0.00694444444444444,0.00694444444444444,0,0,0.00694444444444444,0.00694444444444444,1,1,0.00386778139631178,0.00386777520179749,1,0,576,576
2226,1,1,1,1,1,1,1,1,0,1,0.00694444444444444,0.00694444444444444,0,0,0.00694444444444444,0.00694444444444444,1,1,0.000134948969075788,0.000134944915771484,1,0,576,576
2227,1,1,1,1,1,1,1,1,0,1,0,0,0,0,0,0,0,0,0.00113221860368823,0.00113222002983093,1,0,576,576
2228,1,1,1,1,1,1,1,1,0,1,0.00694444444444444,0.00694444444444444,0,0,0.00694444444444444,0.00694444444444444,1,1,0.000134948969075788,0.000134944915771484,1,0,576,576
2229,1,1,1,1,1,1,1,1,0,1,0.00694444444444444,0.00694444444444444,0,0,0.00694444444444444,0.00694444444444444,1,1,0.00194785722009283,0.00194784998893738,1,0,576,576
2230,1,1,1,1,1,1,1,1,0,1,0.00694444444444444,0.00694444444444444,0,0,0.00694444444444444,0.00694444444444444,1,1,0.00321502479285685,0.00321501493453979,1,0,576,576
2231,1,1,1,1,1,1,1,1,0,1,0.00694444444444444,0.00694444444444444,0,0,0.00694444444444444,0.00694444444444444,1,1,0.00194785722009283,0.00194784998893738,1,0,576,576
2232,1,1,1,1,1,1,1,1,0,1,0,0,0,0,0,0,0,0,0.00178497520714316,0.00178498029708862,1,0,576,576
2233,1,1,1,1,1,1,1,1,0,1,0,0,0,0,0,0,0,0,0.00126716757276402,0.00126716494560242,1,0,576,576
2234,1,1,1,1,1,1,1,1,0,1,0,0,0,0,0,0,0,0,0.00178497520714316,0.00178498029708862,1,0,576,576
2235,1,1,1,1,1,1,1,1,0,1,0,0,0,0,0,0,0,0,0.00178497520714316,0.00178498029708862,1,0,576,576
2236,1,1,1,1,1,1,1,1,0,1,0.00694444444444444,0.00694444444444444,0,0,0.00694444444444444,0.00694444444444444,1,1,0.00194785722009283,0.00194784998893738,1,0,576,576
2237,1,1,1,1,1,1,1,1,0,1,0.00694444444444444,0.00694444444444444,0,0,0.00694444444444444,0.00694444444444444,1,1,0.00194785722009283,0.00194784998893738,1,0,576,576
2238,1,1,1,1,1,1,1,1,0,1,0.00694444444444444,0.00694444444444444,0,0,0.00694444444444444,0.00694444444444444,1,1,0.00194785722009283,0.00194784998893738,1,0,576,576
2239,1,1,1,1,1,1,1,1,0,1,0.00694444444444444,0.00694444444444444,0,0,0.00694444444444444,0.00694444444444444,1,1,0.00194785722009283,0.00194784998893738,1,0,576,576
2240,1,1,1,1,1,1,1,1,0,1,0.00694444444444444,0.00694444444444444,0,0,0.00694444444444444,0.00694444444444444,1,1,0.00321502479285685,0.00321501493453979,1,0,576,576
2241,1,1,1,1,1,1,1,1,0,1,0.00694444444444444,0.00694444444444444,0,0,0.00694444444444444,0.00694444444444444,1,1,0.00194785722009283,0.00194784998893738,1,0,576,576
2242,1,1,1,1,1,1,1,1,0,1,0,0,0,0,0,0,0,0,0.00178497520714316,0.00178498029708862,1,0,576,576
2243,1,1,1,1,1,1,1,1,0,1,0.00694444444444444,0.00694444444444444,0,0,0.00694444444444444,0.00694444444444444,1,1,0.00194785722009283,0.00194784998893738,1,0,576,576
2244,1,1,1,1,1,1,1,1,0,1,0.00694444444444444,0.00694444444444444,0,0,0.00694444444444444,0.00694444444444444,1,1,0.00321502479285685,0.00321501493453979,1,0,576,576
2245,1,1,1,1,1,1,1,1,0,1,0.00694444444444444,0.00694444444444444,0,0,0.00694444444444444,0.00694444444444444,1,1,0.00194785722009283,0.00194784998893738,1,0,576,576
2246,1,1,1,1,1,1,1,1,0,1,0,0,0,0,0,0,0,0,0.00178497520714316,0.00178498029708862,1,0,576,576
2247,1,1,1,1,1,1,1,1,0,1,0,0,0,0,0,0,0,0,0.0006618767914367,0.000661879777908325,1,0,576,576
2248,1,1,1,1,1,1,1,1,0,1,0,0,0,0,0,0,0,0,0.0006618767914367,0.000661879777908325,1,0,576,576
2249,1,1,1,1,1,1,1,1,0,1,0,0,0,0,0,0,0,0,0.000526559635026569,0.000526577234268188,1,0,576,576
2250,1,1,1,1,1,1,1,1,0,1,0,0,0,0,0,0,0,0,0.000526559635026569,0.000526547431945801,1,0,576,576
2251,1,1,1,1,1,1,1,1,0,1,0,0,0,0,0,0,0,0,0.000526559635026569,0.000526547431945801,1,0,576,576
2252,1,1,1,1,1,1,1,1,0,1,0,0,0,0,0,0,0,0,0.000526559635026569,0.000526547431945801,1,0,576,576
2253,1,1,1,1,1,1,1,1,0,1,0,0,0,0,0,0,0,0,0.000526559635026569,0.000526547431945801,1,0,576,576
2254,1,1,1,1,1,1,1,1,0,1,0,0,0,0,0,0,0,0,0.000526559635026569,0.000526547431945801,1,0,576,576
2255,1,1,1,1,1,1,1,1,0,1,0.00694444444444444,0.00694444444444444,0,0,0.00694444444444444,0.00694444444444444,1,1,0.00381156357353674,0.00381156802177429,1,0,576,576
2256,1,1,1,1,1,1,1,1,0,1,0,0,0,0,0,0,0,0,0.000526559635026569,0.000526547431945801,1,0,576,576
2257,1,1,1,1,1,1,1,1,0,1,0.00694444444444444,0.00694444444444444,0,0,0.00694444444444444,0.00694444444444444,1,1,0.00381156357353674,0.00381156802177429,1,0,576,576
2258,1,1,1,1,1,1,1,1,0,1,0,0,0,0,0,0,0,0,0.000526559635026569,0.000526547431945801,1,0,576,576
2259,1,1,1,1,1,1,1,1,0,1,0.00694444444444444,0.00694444444444444,0,0,0.00694444444444444,0.00694444444444444,1,1,0.00381156357353674,0.00381156802177429,1,0,576,576
2260,1,1,1,1,1,1,1,1,0,1,0.00694444444444444,0.00694444444444444,0,0,0.00694444444444444,0.00694444444444444,1,1,0.00186370635344391,0.00186371803283691,1,0,576,576
2261,1,1,1,1,1,1,1,1,0,1,0.00694444444444444,0.00694444444444444,0,0,0.00694444444444444,0.00694444444444444,1,1,0.00686370635344391,0.00686371326446533,1,0,576,576
2262,1,1,1,1,1,1,1,1,0,1,0.00694444444444444,0.00694444444444444,0,0,0.00694444444444444,0.00694444444444444,1,1,0.00186370635344391,0.00186371803283691,1,0,576,576
2263,1,1,1,1,1,1,1,1,0,1,0.00694444444444444,0.00694444444444444,0,0,0.00694444444444444,0.00694444444444444,1,1,0.00686370635344391,0.00686371326446533,1,0,576,576
2264,1,1,1,1,1,1,1,1,0,1,0.00694444444444444,0.00694444444444444,0,0,0.00694444444444444,0.00694444444444444,1,1,0.00686370635344391,0.00686371326446533,1,0,576,576
2265,1,1,1,1,1,1,1,1,0,1,0.00694444444444444,0.00694444444444444,0,0,0.00694444444444444,0.00694444444444444,1,1,0.00962505415893156,0.00962504744529724,1,0,576,576
2266,1,1,1,1,1,1,1,1,0,1,0.00694444444444444,0.00694444444444444,0,0,0.00694444444444444,0.00694444444444444,1,1,0.00686370635344391,0.00686371326446533,1,0,576,576
2267,1,1,1,1,1,1,1,1,0,1,0.00694444444444444,0.00694444444444444,0,0,0.00694444444444444,0.00694444444444444,1,1,0.00657291137902438,0.0065729022026062,1,0,576,576
2268,1,1,1,1,1,1,1,1,0,1,0.00694444444444444,0.00694444444444444,0,0,0.00694444444444444,0.00694444444444444,1,1,0.00381156357353674,0.00381156802177429,1,0,576,576
2269,1,1,1,1,1,1,1,1,0,1,0.00694444444444444,0.00694444444444444,0,0,0.00694444444444444,0.00694444444444444,1,1,0.00657291137902438,0.0065729022026062,1,0,576,576
2270,1,1,1,1,1,1,1,1,0,1,0.00694444444444444,0.00694444444444444,0,0,0.00694444444444444,0.00694444444444444,1,1,0.00381156357353674,0.00381156802177429,1,0,576,576
2271,1,1,1,1,1,1,1,1,0,1,0.00694444444444444,0.00694444444444444,0,0,0.00694444444444444,0.00694444444444444,1,1,0.00657291137902438,0.0065729022026062,1,0,576,576
2272,1,1,1,1,1,1,1,1,0,1,0.00694444444444444,0.00694444444444444,0,0,0.00694444444444444,0.00694444444444444,1,1,0.00381156357353674,0.00381156802177429,1,0,576,576
2273,1,1,1,1,1,1,1,1,0,1,0.00694444444444444,0.00694444444444444,0,0,0.00694444444444444,0.00694444444444444,1,1,0.00657291137902438,0.0065729022026062,1,0,576,576
2274,1,1,1,1,1,1,1,1,0,1,0.00694444444444444,0.00694444444444444,0,0,0.00694444444444444,0.00694444444444444,1,1,0.00686370635344391,0.00686371326446533,1,0,576,576
2275,1,1,1,1,1,1,1,1,0,1,0.00694444444444444,0.00694444444444444,0,0,0.00694444444444444,0.00694444444444444,1,1,0.00962505415893156,0.00962504744529724,1,0,576,576
2276,1,1,1,1,1,1,1,1,0,1,0.00694444444444444,0.00694444444444444,0,0,0.00694444444444444,0.00694444444444444,1,1,0.00686370635344391,0.00686371326446533,1,0,576,576
2277,1,1,1,1,1,1,1,1,0,1,0.00694444444444444,0.00694444444444444,0,0,0.00694444444444444,0.00694444444444444,1,1,0.00962505415893156,0.00962504744529724,1,0,576,576
2278,1,1,1,1,1,1,1,1,0,1,0.00694444444444444,0.00694444444444444,0,0,0.00694444444444444,0.00694444444444444,1,1,0.00686370635344391,0.00686371326446533,1,0,576,576
2279,1,1,1,1,1,1,1,1,0,1,0.00694444444444444,0.00694444444444444,0,0,0.00694444444444444,0.00694444444444444,1,1,0.00962505415893156,0.00962504744529724,1,0,576,576
2280,1,1,1,1,1,1,1,1,0,1,0.00694444444444444,0.00694444444444444,0,0,0.00694444444444444,0.00694444444444444,1,1,0.00686370635344391,0.00686371326446533,1,0,576,576
2281,1,1,1,1,1,1,1,1,0,1,0.00694444444444444,0.00694444444444444,0,0,0.00694444444444444,0.00694444444444444,1,1,0.00962505415893156,0.00962504744529724,1,0,576,576
2282,1,1,1,1,1,1,1,1,0,1,0.00694444444444444,0.00694444444444444,0,0,0.00694444444444444,0.00694444444444444,1,1,0.00686370635344391,0.00686371326446533,1,0,576,576
2283,1,1,1,1,1,1,1,1,0,1,0.00694444444444444,0.00694444444444444,0,0,0.00694444444444444,0.00694444444444444,1,1,0.00962505415893156,0.00962504744529724,1,0,576,576
2284,1,1,1,1,1,1,1,1,0,1,0.00694444444444444,0.00694444444444444,0,0,0.00694444444444444,0.00694444444444444,1,1,0.00686370635344391,0.00686371326446533,1,0,576,576
2285,1,1,1,1,1,1,1,1,0,1,0.00694444444444444,0.00694444444444444,0,0,0.00694444444444444,0.00694444444444444,1,1,0.00962505415893156,0.00962504744529724,1,0,576,576
2286,1,1,1,1,1,1,1,1,0,1,0.00694444444444444,0.00694444444444444,0,0,0.00694444444444444,0.00694444444444444,1,1,0.00686370635344391,0.00686371326446533,1,0,576,576
2287,1,1,1,1,1,1,1,1,0,1,0.00694444444444444,0.00694444444444444,0,0,0.00694444444444444,0.00694444444444444,1,1,0.00962505415893156,0.00962504744529724,1,0,576,576
2288,1,1,1,1,1,1,1,1,0,1,0.00694444444444444,0.00694444444444444,0,0,0.00694444444444444,0.00694444444444444,1,1,0.00686370635344391,0.00686371326446533,1,0,576,576
2289,1,1,1,1,1,1,1,1,0,1,0.00694444444444444,0.00694444444444444,0,0,0.00694444444444444,0.00694444444444444,1,1,0.00657291137902438,0.0065729022026062,1,0,576,576
2290,1,1,1,1,1,1,1,1,0,1,0.00694444444444444,0.00694444444444444,0,0,0.00694444444444444,0.00694444444444444,1,1,0.00381156357353674,0.00381156802177429,1,0,576,576
2291,1,1,1,1,1,1,1,1,0,1,0.00694444444444444,0.00694444444444444,0,0,0.00694444444444444,0.00694444444444444,1,1,0.00657291137902438,0.0065729022026062,1,0,576,576
2292,1,1,1,1,1,1,1,1,0,1,0.00694444444444444,0.00694444444444444,0,0,0.00694444444444444,0.00694444444444444,1,1,0.00381156357353674,0.00381156802177429,1,0,576,576
2293,1,1,1,1,1,1,1,1,0,1,0.00694444444444444,0.00694444444444444,0,0,0.00694444444444444,0.00694444444444444,1,1,0.00657291137902438,0.0065729022026062,1,0,576,576
2294,1,1,1,1,1,1,1,1,0,1,0.00694444444444444,0.00694444444444444,0,0,0.00694444444444444,0.00694444444444444,1,1,0.00381156357353674,0.00381156802177429,1,0,576,576
2295,1,1,1,1,1,1,1,1,0,1,0.00694444444444444,0.00694444444444444,0,0,0.00694444444444444,0.00694444444444444,1,1,0.00657291137902438,0.0065729022026062,1,0,576,576
2296,1,1,1,1,1,1,1,1,0,1,0.00694444444444444,0.00694444444444444,0,0,0.00694444444444444,0.00694444444444444,1,1,0.00381156357353674,0.00381156802177429,1,0,576,576
2297,1,1,1,1,1,1,1,1,0,1,0.00694444444444444,0.00694444444444444,0,0,0.00694444444444444,0.00694444444444444,1,1,0.00657291137902438,0.0065729022026062,1,0,576,576
2298,1,1,1,1,1,1,1,1,0,1,0.00694444444444444,0.00694444444444444,0,0,0.00694444444444444,0.00694444444444444,1,1,0.00381156357353674,0.00381156802177429,1,0,576,576
2299,1,1,1,1,1,1,1,1,0,1,0.00694444444444444,0.00694444444444444,0,0,0.00694444444444444,0.00694444444444444,1,1,0.00657291137902438,0.0065729022026062,1,0,576,576
2300,1,1,1,1,1,1,1,1,0,1,0.00694444444444444,0.00694444444444444,0,0,0.00694444444444444,0.00694444444444444,1,1,0.00381156357353674,0.00381156802177429,1,0,576,576
2301,1,1,1,1,1,1,1,1,0,1,0.00694444444444444,0.00694444444444444,0,0,0.00694444444444444,0.00694444444444444,1,1,0.00657291137902438,0.0065729022026062,1,0,576,576
2302,1,1,1,1,1,1,1,1,0,1,0.00694444444444444,0.00694444444444444,0,0,0.00694444444444444,0.00694444444444444,1,1,0.00381156357353674,0.00381156802177429,1,0,576,576
2303,1,1,1,1,1,1,1,1,0,1,0.00694444444444444,0.00694444444444444,0,0,0.00694444444444444,0.00694444444444444,1,1,0.00657291137902438,0.0065729022026062,1,0,576,576
2304,1,1,1,1,1,1,1,1,0,1,0.00694444444444444,0.00694444444444444,0,0,0.00694444444444444,0.00694444444444444,1,1,0.00381156357353674,0.00381156802177429,1,0,576,576
2305,1,1,1,1,1,1,1,1,0,1,0.00694444444444444,0.00694444444444444,0,0,0.00694444444444444,0.00694444444444444,1,1,0.00657291137902438,0.0065729022026062,1,0,576,576
2306,1,1,1,1,1,1,1,1,0,1,0.00694444444444444,0.00694444444444444,0,0,0.00694444444444444,0.00694444444444444,1,1,0.00381156357353674,0.00381156802177429,1,0,576,576
2307,1,1,1,1,1,1,1,1,0,1,0.00694444444444444,0.00694444444444444,0,0,0.00694444444444444,0.00694444444444444,1,1,0.00657291137902438,0.0065729022026062,1,0,576,576
2308,1,1,1,1,1,1,1,1,0,1,0.00694444444444444,0.00694444444444444,0,0,0.00694444444444444,0.00694444444444444,1,1,0.00381156357353674,0.00381156802177429,1,0,576,576
2309,1,1,1,1,1,1,1,1,0,1,0.00694444444444444,0.00694444444444444,0,0,0.00694444444444444,0.00694444444444444,1,1,0.00657291137902438,0.0065729022026062,1,0,576,576
2310,1,1,1,1,1,1,1,1,0,1,0.00694444444444444,0.00694444444444444,0,0,0.00694444444444444,0.00694444444444444,1,1,0.00381156357353674,0.00381156802177429,1,0,576,576
2311,1,1,1,1,1,1,1,1,0,1,0.00694444444444444,0.00694444444444444,0,0,0.00694444444444444,0.00694444444444444,1,1,0.00657291137902438,0.0065729022026062,1,0,576,576
2312,1,1,1,1,1,1,1,1,0,1,0.00694444444444444,0.00694444444444444,0,0,0.00694444444444444,0.00694444444444444,1,1,0.00381156357353674,0.00381156802177429,1,0,576,576
2313,1,1,1,1,1,1,1,1,0,1,0.00694444444444444,0.00694444444444444,0,0,0.00694444444444444,0.00694444444444444,1,1,0.00657291137902438,0.0065729022026062,1,0,576,576
2314,1,1,1,1,1,1,1,1,0,1,0.00694444444444444,0.00694444444444444,0,0,0.00694444444444444,0.00694444444444444,1,1,0.00381156357353674,0.00381156802177429,1,0,576,576
2315,1,1,1,1,1,1,1,1,0,1,0.00694444444444444,0.00694444444444444,0,0,0.00694444444444444,0.00694444444444444,1,1,0.00657291137902438,0.0065729022026062,1,0,576,576
2316,1,1,1,1,1,1,1,1,0,1,0.00694444444444444,0.00694444444444444,0,0,0.00694444444444444,0.00694444444444444,1,1,0.00381156357353674,0.00381156802177429,1,0,576,576
2317,1,1,1,1,1,1,1,1,0,1,0.00694444444444444,0.00694444444444444,0,0,0.00694444444444444,0.00694444444444444,1,1,0.00657291137902438,0.0065729022026062,1,0,576,576
2318,1,1,1,1,1,1,1,1,0,1,0.00694444444444444,0.00694444444444444,0,0,0.00694444444444444,0.00694444444444444,1,1,0.00381156357353674,0.00381156802177429,1,0,576,576
2319,1,1,1,1,1,1,1,1,0,1,0.00694444444444444,0.00694444444444444,0,0,0.00694444444444444,0.00694444444444444,1,1,0.00657291137902438,0.0065729022026062,1,0,576,576
2320,1,1,1,1,1,1,1,1,0,1,0.00694444444444444,0.00694444444444444,0,0,0.00694444444444444,0.00694444444444444,1,1,0.00381156357353674,0.00381156802177429,1,0,576,576
2321,1,1,1,1,1,1,1,1,0,1,0.00694444444444444,0.00694444444444444,0,0,0.00694444444444444,0.00694444444444444,1,1,0.00657291137902438,0.0065729022026062,1,0,576,576
2322,1,1,1,1,1,1,1,1,0,1,0.00694444444444444,0.00694444444444444,0,0,0.00694444444444444,0.00694444444444444,1,1,0.00381156357353674,0.00381156802177429,1,0,576,576
2323,1,1,1,1,1,1,1,1,0,1,0.00694444444444444,0.00694444444444444,0,0,0.00694444444444444,0.00694444444444444,1,1,0.00657291137902438,0.0065729022026062,1,0,576,576
2324,1,1,1,1,1,1,1,1,0,1,0.00694444444444444,0.00694444444444444,0,0,0.00694444444444444,0.00694444444444444,1,1,0.00381156357353674,0.00381156802177429,1,0,576,576
2325,1,1,1,1,1,1,1,1,0,1,0.00694444444444444,0.00694444444444444,0,0,0.00694444444444444,0.00694444444444444,1,1,0.00657291137902438,0.0065729022026062,1,0,576,576
2326,1,1,1,1,1,1,1,1,0,1,0.00694444444444444,0.00694444444444444,0,0,0.00694444444444444,0.00694444444444444,1,1,0.00381156357353674,0.00381156802177429,1,0,576,576
2327,1,1,1,1,1,1,1,1,0,1,0.00694444444444444,0.00694444444444444,0,0,0.00694444444444444,0.00694444444444444,1,1,0.00657291137902438,0.0065729022026062,1,0,576,576
2328,1,1,1,1,1,1,1,1,0,1,0.00694444444444444,0.00694444444444444,0,0,0.00694444444444444,0.00694444444444444,1,1,0.00381156357353674,0.00381156802177429,1,0,576,576
2329,1,1,1,1,1,1,1,1,0,1,0.00694444444444444,0.00694444444444444,0,0,0.00694444444444444,0.00694444444444444,1,1,0.00657291137902438,0.0065729022026062,1,0,576,576
2330,1,1,1,1,1,1,1,1,0,1,0.00694444444444444,0.00694444444444444,0,0,0.00694444444444444,0.00694444444444444,1,1,0.00381156357353674,0.00381156802177429,1,0,576,576
2331,1,1,1,1,1,1,1,1,0,1,0.00694444444444444,0.00694444444444444,0,0,0.00694444444444444,0.00694444444444444,1,1,0.00657291137902438,0.0065729022026062,1,0,576,576
2332,1,1,1,1,1,1,1,1,0,1,0.00694444444444444,0.00694444444444444,0,0,0.00694444444444444,0.00694444444444444,1,1,0.00381156357353674,0.00381156802177429,1,0,576,576
2333,1,1,1,1,1,1,1,1,0,1,0.00694444444444444,0.00694444444444444,0,0,0.00694444444444444,0.00694444444444444,1,1,0.00657291137902438,0.0065729022026062,1,0,576,576
2334,1,1,1,1,1,1,1,1,0,1,0.00694444444444444,0.00694444444444444,0,0,0.00694444444444444,0.00694444444444444,1,1,0.00381156357353674,0.00381156802177429,1,0,576,576
2335,1,1,1,1,1,1,1,1,0,1,0.00694444444444444,0.00694444444444444,0,0,0.00694444444444444,0.00694444444444444,1,1,0.00657291137902438,0.0065729022026062,1,0,576,576
2336,1,1,1,1,1,1,1,1,0,1,0.00694444444444444,0.00694444444444444,0,0,0.00694444444444444,0.00694444444444444,1,1,0.00381156357353674,0.00381156802177429,1,0,576,576
2337,1,1,1,1,1,1,1,1,0,1,0.00694444444444444,0.00694444444444444,0,0,0.00694444444444444,0.00694444444444444,1,1,0.00657291137902438,0.0065729022026062,1,0,576,576
2338,1,1,1,1,1,1,1,1,0,1,0.00694444444444444,0.00694444444444444,0,0,0.00694444444444444,0.00694444444444444,1,1,0.00381156357353674,0.00381156802177429,1,0,576,576
2339,1,1,1,1,1,1,1,1,0,1,0.00694444444444444,0.00694444444444444,0,0,0.00694444444444444,0.00694444444444444,1,1,0.00657291137902438,0.0065729022026062,1,0,576,576
2340,1,1,1,1,1,1,1,1,0,1,0.00694444444444444,0.00694444444444444,0,0,0.00694444444444444,0.00694444444444444,1,1,0.00381156357353674,0.00381156802177429,1,0,576,576
2341,1,1,1,1,1,1,1,1,0,1,0.00694444444444444,0.00694444444444444,0,0,0.00694444444444444,0.00694444444444444,1,1,0.00657291137902438,0.0065729022026062,1,0,576,576
2342,1,1,1,1,1,1,1,1,0,1,0.00694444444444444,0.00694444444444444,0,0,0.00694444444444444,0.00694444444444444,1,1,0.00381156357353674,0.00381156802177429,1,0,576,576
2343,1,1,1,1,1,1,1,1,0,1,0.00694444444444444,0.00694444444444444,0,0,0.00694444444444444,0.00694444444444444,1,1,0.00657291137902438,0.0065729022026062,1,0,576,576
2344,1,1,1,1,1,1,1,1,0,1,0.00694444444444444,0.00694444444444444,0,0,0.00694444444444444,0.00694444444444444,1,1,0.00381156357353674,0.00381156802177429,1,0,576,576
2345,1,1,1,1,1,1,1,1,0,1,0.00694444444444444,0.00694444444444444,0,0,0.00694444444444444,0.00694444444444444,1,1,0.00657291137902438,0.0065729022026062,1,0,576,576
2346,1,1,1,1,1,1,1,1,0,1,0.00694444444444444,0.00694444444444444,0,0,0.00694444444444444,0.00694444444444444,1,1,0.00381156357353674,0.00381156802177429,1,0,576,576
2347,1,1,1,1,1,1,1,1,0,1,0.00694444444444444,0.00694444444444444,0,0,0.00694444444444444,0.00694444444444444,1,1,0.00657291137902438,0.0065729022026062,1,0,576,576
2348,1,1,1,1,1,1,1,1,0,1,0.00694444444444444,0.00694444444444444,0,0,0.00694444444444444,0.00694444444444444,1,1,0.00381156357353674,0.00381156802177429,1,0,576,576
2349,1,1,1,1,1,1,1,1,0,1,0.00694444444444444,0.00694444444444444,0,0,0.00694444444444444,0.00694444444444444,1,1,0.00657291137902438,0.0065729022026062,1,0,576,576
2350,1,1,1,1,1,1,1,1,0,1,0.00694444444444444,0.00694444444444444,0,0,0.00694444444444444,0.00694444444444444,1,1,0.00381156357353674,0.00381156802177429,1,0,576,576
2351,1,1,1,1,1,1,1,1,0,1,0.00694444444444444,0.00694444444444444,0,0,0.00694444444444444,0.00694444444444444,1,1,0.00657291137902438,0.0065729022026062,1,0,576,576
2352,1,1,1,1,1,1,1,1,0,1,0.00694444444444444,0.00694444444444444,0,0,0.00694444444444444,0.00694444444444444,1,1,0.00381156357353674,0.00381156802177429,1,0,576,576
2353,1,1,1,1,1,1,1,1,0,1,0.00694444444444444,0.00694444444444444,0,0,0.00694444444444444,0.00694444444444444,1,1,0.00657291137902438,0.0065729022026062,1,0,576,576
2354,1,1,1,1,1,1,1,1,0,1,0.00694444444444444,0.00694444444444444,0,0,0.00694444444444444,0.00694444444444444,1,1,0.00686370635344391,0.00686371326446533,1,0,576,576
2355,1,1,1,1,1,1,1,1,0,1,0.00694444444444444,0.00694444444444444,0,0,0.00694444444444444,0.00694444444444444,1,1,0.00962505415893156,0.00962504744529724,1,0,576,576
2356,1,1,1,1,1,1,1,1,0,1,0.00694444444444444,0.00694444444444444,0,0,0.00694444444444444,0.00694444444444444,1,1,0.00686370635344391,0.00686371326446533,1,0,576,576
2357,1,1,1,1,1,1,1,1,0,1,0.00694444444444444,0.00694444444444444,0,0,0.00694444444444444,0.00694444444444444,1,1,0.00962505415893156,0.00962504744529724,1,0,576,576
2358,1,1,1,1,1,1,1,1,0,1,0.00694444444444444,0.00694444444444444,0,0,0.00694444444444444,0.00694444444444444,1,1,0.00686370635344391,0.00686371326446533,1,0,576,576
2359,1,1,1,1,1,1,1,1,0,1,0.00694444444444444,0.00694444444444444,0,0,0.00694444444444444,0.00694444444444444,1,1,0.00962505415893156,0.00962504744529724,1,0,576,576
2360,1,1,1,1,1,1,1,1,0,1,0.00694444444444444,0.00694444444444444,0,0,0.00694444444444444,0.00694444444444444,1,1,0.00686370635344391,0.00686371326446533,1,0,576,576
2361,1,1,1,1,1,1,1,1,0,1,0.00694444444444444,0.00694444444444444,0,0,0.00694444444444444,0.00694444444444444,1,1,0.00962505415893156,0.00962504744529724,1,0,576,576
2362,1,1,1,1,1,1,1,1,0,1,0.00694444444444444,0.00694444444444444,0,0,0.00694444444444444,0.00694444444444444,1,1,0.00686370635344391,0.00686371326446533,1,0,576,576
2363,1,1,1,1,1,1,1,1,0,1,0.00694444444444444,0.00694444444444444,0,0,0.00694444444444444,0.00694444444444444,1,1,0.00962505415893156,0.00962504744529724,1,0,576,576
2364,1,1,1,1,1,1,1,1,0,1,0.00694444444444444,0.00694444444444444,0,0,0.00694444444444444,0.00694444444444444,1,1,0.00686370635344391,0.00686371326446533,1,0,576,576
2365,1,1,1,1,1,1,1,1,0,1,0.00694444444444444,0.00694444444444444,0,0,0.00694444444444444,0.00694444444444444,1,1,0.00962505415893156,0.00962504744529724,1,0,576,576
2366,1,1,1,1,1,1,1,1,0,1,0.00694444444444444,0.00694444444444444,0,0,0.00694444444444444,0.00694444444444444,1,1,0.00686370635344391,0.00686371326446533,1,0,576,576
2367,1,1,1,1,1,1,1,1,0,1,0.00694444444444444,0.00694444444444444,0,0,0.00694444444444444,0.00694444444444444,1,1,0.00962505415893156,0.00962504744529724,1,0,576,576
2368,1,1,1,1,1,1,1,1,0,1,0.00694444444444444,0.00694444444444444,0,0,0.00694444444444444,0.00694444444444444,1,1,0.00686370635344391,0.00686371326446533,1,0,576,576
2369,1,1,1,1,1,1,1,1,0,1,0.00694444444444444,0.00694444444444444,0,0,0.00694444444444444,0.00694444444444444,1,1,0.00962505415893156,0.00962504744529724,1,0,576,576
2370,1,1,1,1,1,1,1,1,0,1,0.00694444444444444,0.00694444444444444,0,0,0.00694444444444444,0.00694444444444444,1,1,0.00686370635344391,0.00686371326446533,1,0,576,576
2371,1,1,1,1,1,1,1,1,0,1,0.00694444444444444,0.00694444444444444,0,0,0.00694444444444444,0.00694444444444444,1,1,0.00962505415893156,0.00962504744529724,1,0,576,576
2372,1,1,1,1,1,1,1,1,0,1,0.00694444444444444,0.00694444444444444,0,0,0.00694444444444444,0.00694444444444444,1,1,0.00686370635344391,0.00686371326446533,1,0,576,576
2373,1,1,1,1,1,1,1,1,0,1,0.00694444444444444,0.00694444444444444,0,0,0.00694444444444444,0.00694444444444444,1,1,0.00962505415893156,0.00962504744529724,1,0,576,576
2374,1,1,1,1,1,1,1,1,0,1,0.00694444444444444,0.00694444444444444,0,0,0.00694444444444444,0.00694444444444444,1,1,0.00686370635344391,0.00686371326446533,1,0,576,576
2375,1,1,1,1,1,1,1,1,0,1,0.00694444444444444,0.00694444444444444,0,0,0.00694444444444444,0.00694444444444444,1,1,0.00962505415893156,0.00962504744529724,1,0,576,576
2376,1,1,1,1,1,1,1,1,0,1,0.00694444444444444,0.00694444444444444,0,0,0.00694444444444444,0.00694444444444444,1,1,0.00686370635344391,0.00686371326446533,1,0,576,576
2377,1,1,1,1,1,1,1,1,0,1,0.00694444444444444,0.00694444444444444,0,0,0.00694444444444444,0.00694444444444444,1,1,0.00962505415893156,0.00962504744529724,1,0,576,576
2378,1,1,1,1,1,1,1,1,0,1,0.00694444444444444,0.00694444444444444,0,0,0.00694444444444444,0.00694444444444444,1,1,0.00686370635344391,0.00686371326446533,1,0,576,576
2379,1,1,1,1,1,1,1,1,0,1,0.00694444444444444,0.00694444444444444,0,0,0.00694444444444444,0.00694444444444444,1,1,0.00962505415893156,0.00962504744529724,1,0,576,576
2380,1,1,1,1,1,1,1,1,0,1,0.00694444444444444,0.00694444444444444,0,0,0.00694444444444444,0.00694444444444444,1,1,0.00686370635344391,0.00686371326446533,1,0,576,576
2381,1,1,1,1,1,1,1,1,0,1,0.00694444444444444,0.00694444444444444,0,0,0.00694444444444444,0.00694444444444444,1,1,0.00962505415893156,0.00962504744529724,1,0,576,576
2382,1,1,1,1,1,1,1,1,0,1,0.00694444444444444,0.00694444444444444,0,0,0.00694444444444444,0.00694444444444444,1,1,0.00686370635344391,0.00686371326446533,1,0,576,576
2383,1,1,1,1,1,1,1,1,0,1,0.00694444444444444,0.00694444444444444,0,0,0.00694444444444444,0.00694444444444444,1,1,0.00962505415893156,0.00962504744529724,1,0,576,576
2384,1,1,1,1,1,1,1,1,0,1,0.00694444444444444,0.00694444444444444,0,0,0.00694444444444444,0.00694444444444444,1,1,0.00686370635344391,0.00686371326446533,1,0,576,576
2385,1,1,1,1,1,1,1,1,0,1,0.00694444444444444,0.00694444444444444,0,0,0.00694444444444444,0.00694444444444444,1,1,0.00962505415893156,0.00962504744529724,1,0,576,576
2386,1,1,1,1,1,1,1,1,0,1,0.00694444444444444,0.00694444444444444,0,0,0.00694444444444444,0.00694444444444444,1,1,0.00686370635344391,0.00686371326446533,1,0,576,576
2387,1,1,1,1,1,1,1,1,0,1,0.00694444444444444,0.00694444444444444,0,0,0.00694444444444444,0.00694444444444444,1,1,0.00962505415893156,0.00962504744529724,1,0,576,576
2388,1,1,1,1,1,1,1,1,0,1,0.00694444444444444,0.00694444444444444,0,0,0.00694444444444444,0.00694444444444444,1,1,0.00686370635344391,0.00686371326446533,1,0,576,576
2389,1,1,1,1,1,1,1,1,0,1,0.00694444444444444,0.00694444444444444,0,0,0.00694444444444444,0.00694444444444444,1,1,0.00962505415893156,0.00962504744529724,1,0,576,576
2390,1,1,1,1,1,1,1,1,0,1,0.00694444444444444,0.00694444444444444,0,0,0.00694444444444444,0.00694444444444444,1,1,0.00686370635344391,0.00686371326446533,1,0,576,576
2391,1,1,1,1,1,1,1,1,0,1,0.00694444444444444,0.00694444444444444,0,0,0.00694444444444444,0.00694444444444444,1,1,0.00962505415893156,0.00962504744529724,1,0,576,576
2392,1,1,1,1,1,1,1,1,0,1,0.00694444444444444,0.00694444444444444,0,0,0.00694444444444444,0.00694444444444444,1,1,0.00686370635344391,0.00686371326446533,1,0,576,576
2393,1,1,1,1,1,1,1,1,0,1,0.00694444444444444,0.00694444444444444,0,0,0.00694444444444444,0.00694444444444444,1,1,0.00962505415893156,0.00962504744529724,1,0,576,576
2394,1,1,1,1,1,1,1,1,0,1,0.00694444444444444,0.00694444444444444,0,0,0.00694444444444444,0.00694444444444444,1,1,0.00686370635344391,0.00686371326446533,1,0,576,576
2395,1,1,1,1,1,1,1,1,0,1,0.00694444444444444,0.00694444444444444,0,0,0.00694444444444444,0.00694444444444444,1,1,0.00962505415893156,0.00962504744529724,1,0,576,576
2396,1,1,1,1,1,1,1,1,0,1,0.00694444444444444,0.00694444444444444,0,0,0.00694444444444444,0.00694444444444444,1,1,0.00686370635344391,0.00686371326446533,1,0,576,576
2397,1,1,1,1,1,1,1,1,0,1,0.00694444444444444,0.00694444444444444,0,0,0.00694444444444444,0.00694444444444444,1,1,0.00962505415893156,0.00962504744529724,1,0,576,576
2398,1,1,1,1,1,1,1,1,0,1,0.00694444444444444,0.00694444444444444,0,0,0.00694444444444444,0.00694444444444444,1,1,0.00686370635344391,0.00686371326446533,1,0,576,576
2399,1,1,1,1,1,1,1,1,0,1,0.00694444444444444,0.00694444444444444,0,0,0.00694444444444444,0.00694444444444444,1,1,0.00962505415893156,0.00962504744529724,1,0,576,576
2400,1,1,1,1,1,1,1,1,0,1,0.00694444444444444,0.00694444444444444,0,0,0.00694444444444444,0.00694444444444444,1,1,0.00686370635344391,0.00686371326446533,1,0,576,576
2401,1,1,1,1,1,1,1,1,0,1,0.00694444444444444,0.00694444444444444,0,0,0.00694444444444444,0.00694444444444444,1,1,0.00962505415893156,0.00962504744529724,1,0,576,576
2402,1,1,1,1,1,1,1,1,0,1,0.00694444444444444,0.00694444444444444,0,0,0.00694444444444444,0.00694444444444444,1,1,0.00686370635344391,0.00686371326446533,1,0,576,576
2403,1,1,1,1,1,1,1,1,0,1,0.00694444444444444,0.00694444444444444,0,0,0.00694444444444444,0.00694444444444444,1,1,0.00962505415893156,0.00962504744529724,1,0,576,576
2404,1,1,1,1,1,1,1,1,0,1,0.00694444444444444,0.00694444444444444,0,0,0.00694444444444444,0.00694444444444444,1,1,0.00686370635344391,0.00686371326446533,1,0,576,576
2405,1,1,1,1,1,1,1,1,0,1,0.00694444444444444,0.00694444444444444,0,0,0.00694444444444444,0.00694444444444444,1,1,0.00962505415893156,0.00962504744529724,1,0,576,576
2406,1,1,1,1,1,1,1,1,0,1,0.00694444444444444,0.00694444444444444,0,0,0.00694444444444444,0.00694444444444444,1,1,0.00686370635344391,0.00686371326446533,1,0,576,576
2407,1,1,1,1,1,1,1,1,0,1,0.00694444444444444,0.00694444444444444,0,0,0.00694444444444444,0.00694444444444444,1,1,0.00962505415893156,0.00962504744529724,1,0,576,576
2408,1,1,1,1,1,1,1,1,0,1,0.00694444444444444,0.00694444444444444,0,0,0.00694444444444444,0.00694444444444444,1,1,0.00686370635344391,0.00686371326446533,1,0,576,576
2409,1,1,1,1,1,1,1,1,0,1,0.00694444444444444,0.00694444444444444,0,0,0.00694444444444444,0.00694444444444444,1,1,0.00962505415893156,0.00962504744529724,1,0,576,576
2410,1,1,1,1,1,1,1,1,0,1,0.00694444444444444,0.00694444444444444,0,0,0.00694444444444444,0.00694444444444444,1,1,0.00686370635344391,0.00686371326446533,1,0,576,576
2411,1,1,1,1,1,1,1,1,0,1,0.00694444444444444,0.00694444444444444,0,0,0.00694444444444444,0.00694444444444444,1,1,0.00962505415893156,0.00962504744529724,1,0,576,576
2412,1,1,1,1,1,1,1,1,0,1,0.00694444444444444,0.00694444444444444,0,0,0.00694444444444444,0.00694444444444444,1,1,0.00686370635344391,0.00686371326446533,1,0,576,576
2413,1,1,1,1,1,1,1,1,0,1,0.00694444444444444,0.00694444444444444,0,0,0.00694444444444444,0.00694444444444444,1,1,0.00962505415893156,0.00962504744529724,1,0,576,576
2414,1,1,1,1,1,1,1,1,0,1,0.00694444444444444,0.00694444444444444,0,0,0.00694444444444444,0.00694444444444444,1,1,0.00686370635344391,0.00686371326446533,1,0,576,576
2415,1,1,1,1,1,1,1,1,0,1,0.00694444444444444,0.00694444444444444,0,0,0.00694444444444444,0.00694444444444444,1,1,0.00962505415893156,0.00962504744529724,1,0,576,576
2416,1,1,1,1,1,1,1,1,0,1,0.00694444444444444,0.00694444444444444,0,0,0.00694444444444444,0.00694444444444444,1,1,0.00686370635344391,0.00686371326446533,1,0,576,576
2417,1,1,1,1,1,1,1,1,0,1,0.00694444444444444,0.00694444444444444,0,0,0.00694444444444444,0.00694444444444444,1,1,0.00962505415893156,0.00962504744529724,1,0,576,576
2418,1,1,1,1,1,1,1,1,0,1,0.00694444444444444,0.00694444444444444,0,0,0.00694444444444444,0.00694444444444444,1,1,0.00686370635344391,0.00686371326446533,1,0,576,576
2419,1,1,1,1,1,1,1,1,0,1,0.00694444444444444,0.00694444444444444,0,0,0.00694444444444444,0.00694444444444444,1,1,0.00962505415893156,0.00962504744529724,1,0,576,576
2420,1,1,1,1,1,1,1,1,0,1,0.00694444444444444,0.00694444444444444,0,0,0.00694444444444444,0.00694444444444444,1,1,0.00686370635344391,0.00686371326446533,1,0,576,576
2421,1,1,1,1,1,1,1,1,0,1,0.00694444444444444,0.00694444444444444,0,0,0.00694444444444444,0.00694444444444444,1,1,0.00962505415893156,0.00962504744529724,1,0,576,576
2422,1,1,1,1,1,1,1,1,0,1,0.00694444444444444,0.00694444444444444,0,0,0.00694444444444444,0.00694444444444444,1,1,0.00686370635344391,0.00686371326446533,1,0,576,576
2423,1,1,1,1,1,1,1,1,0,1,0.00694444444444444,0.00694444444444444,0,0,0.00694444444444444,0.00694444444444444,1,1,0.00962505415893156,0.00962504744529724,1,0,576,576
2424,1,1,1,1,1,1,1,1,0,1,0.00694444444444444,0.00694444444444444,0,0,0.00694444444444444,0.00694444444444444,1,1,0.00686370635344391,0.00686371326446533,1,0,576,576
2425,1,1,1,1,1,1,1,1,0,1,0.00694444444444444,0.00694444444444444,0,0,0.00694444444444444,0.00694444444444444,1,1,0.00962505415893156,0.00962504744529724,1,0,576,576
2426,1,1,1,1,1,1,1,1,0,1,0.00694444444444444,0.00694444444444444,0,0,0.00694444444444444,0.00694444444444444,1,1,0.00686370635344391,0.00686371326446533,1,0,576,576
2427,1,1,1,1,1,1,1,1,0,1,0.00694444444444444,0.00694444444444444,0,0,0.00694444444444444,0.00694444444444444,1,1,0.00962505415893156,0.00962504744529724,1,0,576,576
2428,1,1,1,1,1,1,1,1,0,1,0.00694444444444444,0.00694444444444444,0,0,0.00694444444444444,0.00694444444444444,1,1,0.00686370635344391,0.00686371326446533,1,0,576,576
2429,1,1,1,1,1,1,1,1,0,1,0.00694444444444444,0.00694444444444444,0,0,0.00694444444444444,0.00694444444444444,1,1,0.00962505415893156,0.00962504744529724,1,0,576,576
2430,1,1,1,1,1,1,1,1,0,1,0.00694444444444444,0.00694444444444444,0,0,0.00694444444444444,0.00694444444444444,1,1,0.00686370635344391,0.00686371326446533,1,0,576,576
2431,1,1,1,1,1,1,1,1,0,1,0.00694444444444444,0.00694444444444444,0,0,0.00694444444444444,0.00694444444444444,1,1,0.00962505415893156,0.00962504744529724,1,0,576,576
2432,1,1,1,1,1,1,1,1,0,1,0.00694444444444444,0.00694444444444444,0,0,0.00694444444444444,0.00694444444444444,1,1,0.00686370635344391,0.00686371326446533,1,0,576,576
2433,1,1,1,1,1,1,1,1,0,1,0.00694444444444444,0.00694444444444444,0,0,0.00694444444444444,0.00694444444444444,1,1,0.00962505415893156,0.00962504744529724,1,0,576,576
2434,1,1,1,1,1,1,1,1,0,1,0.00694444444444444,0.00694444444444444,0,0,0.00694444444444444,0.00694444444444444,1,1,0.00686370635344391,0.00686371326446533,1,0,576,576
2435,1,1,1,1,1,1,1,1,0,1,0.00694444444444444,0.00694444444444444,0,0,0.00694444444444444,0.00694444444444444,1,1,0.00962505415893156,0.00962504744529724,1,0,576,576
2436,1,1,1,1,1,1,1,1,0,1,0.00694444444444444,0.00694444444444444,0,0,0.00694444444444444,0.00694444444444444,1,1,0.00686370635344391,0.00686371326446533,1,0,576,576
2437,1,1,1,1,1,1,1,1,0,1,0.00694444444444444,0.00694444444444444,0,0,0.00694444444444444,0.00694444444444444,1,1,0.00962505415893156,0.00962504744529724,1,0,576,576
2438,1,1,1,1,1,1,1,1,0,1,0.00694444444444444,0.00694444444444444,0,0,0.00694444444444444,0.00694444444444444,1,1,0.00686370635344391,0.00686371326446533,1,0,576,576
2439,1,1,1,1,1,1,1,1,0,1,0.00694444444444444,0.00694444444444444,0,0,0.00694444444444444,0.00694444444444444,1,1,0.00962505415893156,0.00962504744529724,1,0,576,576
2440,1,1,1,1,1,1,1,1,0,1,0.00694444444444444,0.00694444444444444,0,0,0.00694444444444444,0.00694444444444444,1,1,0.00686370635344391,0.00686371326446533,1,0,576,576
2441,1,1,1,1,1,1,1,1,0,1,0.00694444444444444,0.00694444444444444,0,0,0.00694444444444444,0.00694444444444444,1,1,0.00962505415893156,0.00962504744529724,1,0,576,576
2442,1,1,1,1,1,1,1,1,0,1,0.00694444444444444,0.00694444444444444,0,0,0.00694444444444444,0.00694444444444444,1,1,0.00686370635344391,0.00686371326446533,1,0,576,576
2443,1,1,1,1,1,1,1,1,0,1,0.00694444444444444,0.00694444444444444,0,0,0.00694444444444444,0.00694444444444444,1,1,0.00962505415893156,0.00962504744529724,1,0,576,576
2444,1,1,1,1,1,1,1,1,0,1,0.00694444444444444,0.00694444444444444,0,0,0.00694444444444444,0.00694444444444444,1,1,0.00686370635344391,0.00686371326446533,1,0,576,576
2445,1,1,1,1,1,1,1,1,0,1,0.00694444444444444,0.00694444444444444,0,0,0.00694444444444444,0.00694444444444444,1,1,0.00962505415893156,0.00962504744529724,1,0,576,576
2446,1,1,1,1,1,1,1,1,0,1,0.00694444444444444,0.00694444444444444,0,0,0.00694444444444444,0.00694444444444444,1,1,0.00686370635344391,0.00686371326446533,1,0,576,576
2447,1,1,1,1,1,1,1,1,0,1,0.00694444444444444,0.00694444444444444,0,0,0.00694444444444444,0.00694444444444444,1,1,0.00962505415893156,0.00962504744529724,1,0,576,576
2448,1,1,1,1,1,1,1,1,0,1,0.00694444444444444,0.00694444444444444,0,0,0.00694444444444444,0.00694444444444444,1,1,0.00686370635344391,0.00686371326446533,1,0,576,576
2449,1,1,1,1,1,1,1,1,0,1,0.00694444444444444,0.00694444444444444,0,0,0.00694444444444444,0.00694444444444444,1,1,0.00962505415893156,0.00962504744529724,1,0,576,576
2450,1,1,1,1,1,1,1,1,0,1,0.00694444444444444,0.00694444444444444,0,0,0.00694444444444444,0.00694444444444444,1,1,0.00686370635344391,0.00686371326446533,1,0,576,576
2451,1,1,1,1,1,1,1,1,0,1,0.00694444444444444,0.00694444444444444,0,0,0.00694444444444444,0.00694444444444444,1,1,0.00962505415893156,0.00962504744529724,1,0,576,576
2452,1,1,1,1,1,1,1,1,0,1,0.00694444444444444,0.00694444444444444,0,0,0.00694444444444444,0.00694444444444444,1,1,0.00686370635344391,0.00686371326446533,1,0,576,576
2453,1,1,1,1,1,1,1,1,0,1,0.00694444444444444,0.00694444444444444,0,0,0.00694444444444444,0.00694444444444444,1,1,0.00962505415893156,0.00962504744529724,1,0,576,576
2454,1,1,1,1,1,1,1,1,0,1,0.00694444444444444,0.00694444444444444,0,0,0.00694444444444444,0.00694444444444444,1,1,0.00686370635344391,0.00686371326446533,1,0,576,576
2455,1,1,1,1,1,1,1,1,0,1,0.00694444444444444,0.00694444444444444,0,0,0.00694444444444444,0.00694444444444444,1,1,0.00962505415893156,0.00962504744529724,1,0,576,576
2456,1,1,1,1,1,1,1,1,0,1,0.00694444444444444,0.00694444444444444,0,0,0.00694444444444444,0.00694444444444444,1,1,0.00686370635344391,0.00686371326446533,1,0,576,576
2457,1,1,1,1,1,1,1,1,0,1,0.00694444444444444,0.00694444444444444,0,0,0.00694444444444444,0.00694444444444444,1,1,0.00962505415893156,0.00962504744529724,1,0,576,576
2458,1,1,1,1,1,1,1,1,0,1,0.00694444444444444,0.00694444444444444,0,0,0.00694444444444444,0.00694444444444444,1,1,0.00686370635344391,0.00686371326446533,1,0,576,576
2459,1,1,1,1,1,1,1,1,0,1,0.00694444444444444,0.00694444444444444,0,0,0.00694444444444444,0.00694444444444444,1,1,0.00962505415893156,0.00962504744529724,1,0,576,576
2460,1,1,1,1,1,1,1,1,0,1,0.00694444444444444,0.00694444444444444,0,0,0.00694444444444444,0.00694444444444444,1,1,0.00686370635344391,0.00686371326446533,1,0,576,576
2461,1,1,1,1,1,1,1,1,0,1,0.00694444444444444,0.00694444444444444,0,0,0.00694444444444444,0.00694444444444444,1,1,0.00962505415893156,0.00962504744529724,1,0,576,576
2462,1,1,1,1,1,1,1,1,0,1,0.00694444444444444,0.00694444444444444,0,0,0.00694444444444444,0.00694444444444444,1,1,0.00686370635344391,0.00686371326446533,1,0,576,576
2463,1,1,1,1,1,1,1,1,0,1,0.00694444444444444,0.00694444444444444,0,0,0.00694444444444444,0.00694444444444444,1,1,0.00962505415893156,0.00962504744529724,1,0,576,576
2464,1,1,1,1,1,1,1,1,0,1,0.00694444444444444,0.00694444444444444,0,0,0.00694444444444444,0.00694444444444444,1,1,0.00686370635344391,0.00686371326446533,1,0,576,576
2465,1,1,1,1,1,1,1,1,0,1,0.00694444444444444,0.00694444444444444,0,0,0.00694444444444444,0.00694444444444444,1,1,0.00962505415893156,0.00962504744529724,1,0,576,576
2466,1,1,1,1,1,1,1,1,0,1,0.00694444444444444,0.00694444444444444,0,0,0.00694444444444444,0.00694444444444444,1,1,0.00686370635344391,0.00686371326446533,1,0,576,576
2467,1,1,1,1,1,1,1,1,0,1,0.00694444444444444,0.00694444444444444,0,0,0.00694444444444444,0.00694444444444444,1,1,0.00962505415893156,0.00962504744529724,1,0,576,576
2468,1,1,1,1,1,1,1,1,0,1,0.00694444444444444,0.00694444444444444,0,0,0.00694444444444444,0.00694444444444444,1,1,0.00686370635344391,0.00686371326446533,1,0,576,576
2469,1,1,1,1,1,1,1,1,0,1,0.00694444444444444,0.00694444444444444,0,0,0.00694444444444444,0.00694444444444444,1,1,0.00962505415893156,0.00962504744529724,1,0,576,576
2470,1,1,1,1,1,1,1,1,0,1,0.00694444444444444,0.00694444444444444,0,0,0.00694444444444444,0.00694444444444444,1,1,0.00686370635344391,0.00686371326446533,1,0,576,576
2471,1,1,1,1,1,1,1,1,0,1,0.00694444444444444,0.00694444444444444,0,0,0.00694444444444444,0.00694444444444444,1,1,0.00962505415893156,0.00962504744529724,1,0,576,576
2472,1,1,1,1,1,1,1,1,0,1,0.00694444444444444,0.00694444444444444,0,0,0.00694444444444444,0.00694444444444444,1,1,0.00686370635344391,0.00686371326446533,1,0,576,576
2473,1,1,1,1,1,1,1,1,0,1,0.00694444444444444,0.00694444444444444,0,0,0.00694444444444444,0.00694444444444444,1,1,0.00962505415893156,0.00962504744529724,1,0,576,576
2474,1,1,1,1,1,1,1,1,0,1,0.00694444444444444,0.00694444444444444,0,0,0.00694444444444444,0.00694444444444444,1,1,0.00686370635344391,0.00686371326446533,1,0,576,576
2475,1,1,1,1,1,1,1,1,0,1,0.00694444444444444,0.00694444444444444,0,0,0.00694444444444444,0.00694444444444444,1,1,0.00962505415893156,0.00962504744529724,1,0,576,576
2476,1,1,1,1,1,1,1,1,0,1,0.00694444444444444,0.00694444444444444,0,0,0.00694444444444444,0.00694444444444444,1,1,0.00686370635344391,0.00686371326446533,1,0,576,576
2477,1,1,1,1,1,1,1,1,0,1,0.00694444444444444,0.00694444444444444,0,0,0.00694444444444444,0.00694444444444444,1,1,0.00962505415893156,0.00962504744529724,1,0,576,576
2478,1,1,1,1,1,1,1,1,0,1,0.00694444444444444,0.00694444444444444,0,0,0.00694444444444444,0.00694444444444444,1,1,0.00686370635344391,0.00686371326446533,1,0,576,576
2479,1,1,1,1,1,1,1,1,0,1,0.00694444444444444,0.00694444444444444,0,0,0.00694444444444444,0.00694444444444444,1,1,0.00962505415893156,0.00962504744529724,1,0,576,576
2480,1,1,1,1,1,1,1,1,0,1,0.00694444444444444,0.00694444444444444,0,0,0.00694444444444444,0.00694444444444444,1,1,0.00686370635344391,0.00686371326446533,1,0,576,576
2481,1,1,1,1,1,1,1,1,0,1,0.00694444444444444,0.00694444444444444,0,0,0.00694444444444444,0.00694444444444444,1,1,0.00962505415893156,0.00962504744529724,1,0,576,576
2482,1,1,1,1,1,1,1,1,0,1,0.00694444444444444,0.00694444444444444,0,0,0.00694444444444444,0.00694444444444444,1,1,0.00686370635344391,0.00686371326446533,1,0,576,576
2483,1,1,1,1,1,1,1,1,0,1,0.00694444444444444,0.00694444444444444,0,0,0.00694444444444444,0.00694444444444444,1,1,0.00962505415893156,0.00962504744529724,1,0,576,576
2484,1,1,1,1,1,1,1,1,0,1,0.00694444444444444,0.00694444444444444,0,0,0.00694444444444444,0.00694444444444444,1,1,0.00686370635344391,0.00686371326446533,1,0,576,576
2485,1,1,1,1,1,1,1,1,0,1,0.00694444444444444,0.00694444444444444,0,0,0.00694444444444444,0.00694444444444444,1,1,0.00962505415893156,0.00962504744529724,1,0,576,576
2486,1,1,1,1,1,1,1,1,0,1,0.00694444444444444,0.00694444444444444,0,0,0.00694444444444444,0.00694444444444444,1,1,0.00686370635344391,0.00686371326446533,1,0,576,576
2487,1,1,1,1,1,1,1,1,0,1,0.00694444444444444,0.00694444444444444,0,0,0.00694444444444444,0.00694444444444444,1,1,0.00962505415893156,0.00962504744529724,1,0,576,576
2488,1,1,1,1,1,1,1,1,0,1,0.00694444444444444,0.00694444444444444,0,0,0.00694444444444444,0.00694444444444444,1,1,0.00686370635344391,0.00686371326446533,1,0,576,576
2489,1,1,1,1,1,1,1,1,0,1,0.00694444444444444,0.00694444444444444,0,0,0.00694444444444444,0.00694444444444444,1,1,0.00962505415893156,0.00962504744529724,1,0,576,576
2490,1,1,1,1,1,1,1,1,0,1,0.00694444444444444,0.00694444444444444,0,0,0.00694444444444444,0.00694444444444444,1,1,0.00686370635344391,0.00686371326446533,1,0,576,576
2491,1,1,1,1,1,1,1,1,0,1,0.00694444444444444,0.00694444444444444,0,0,0.00694444444444444,0.00694444444444444,1,1,0.00962505415893156,0.00962504744529724,1,0,576,576
2492,1,1,1,1,1,1,1,1,0,1,0.00694444444444444,0.00694444444444444,0,0,0.00694444444444444,0.00694444444444444,1,1,0.00686370635344391,0.00686371326446533,1,0,576,576
2493,1,1,1,1,1,1,1,1,0,1,0.00694444444444444,0.00694444444444444,0,0,0.00694444444444444,0.00694444444444444,1,1,0.00962505415893156,0.00962504744529724,1,0,576,576
2494,1,1,1,1,1,1,1,1,0,1,0.00694444444444444,0.00694444444444444,0,0,0.00694444444444444,0.00694444444444444,1,1,0.00686370635344391,0.00686371326446533,1,0,576,576
2495,1,1,1,1,1,1,1,1,0,1,0.00694444444444444,0.00694444444444444,0,0,0.00694444444444444,0.00694444444444444,1,1,0.00962505415893156,0.00962504744529724,1,0,576,576
2496,1,1,1,1,1,1,1,1,0,1,0.00694444444444444,0.00694444444444444,0,0,0.00694444444444444,0.00694444444444444,1,1,0.00686370635344391,0.00686371326446533,1,0,576,576
2497,1,1,1,1,1,1,1,1,0,1,0.00694444444444444,0.00694444444444444,0,0,0.00694444444444444,0.00694444444444444,1,1,0.00962505415893156,0.00962504744529724,1,0,576,576
2498,1,1,1,1,1,1,1,1,0,1,0.00694444444444444,0.00694444444444444,0,0,0.00694444444444444,0.00694444444444444,1,1,0.00686370635344391,0.00686371326446533,1,0,576,576
2499,1,1,1,1,1,1,1,1,0,1,0.00694444444444444,0.00694444444444444,0,0,0.00694444444444444,0.00694444444444444,1,1,0.00962505415893156,0.00962504744529724,1,0,576,576
2500,1,1,1,1,1,1,1,1,0,1,0.00694444444444444,0.00694444444444444,0,0,0.00694444444444444,0.00694444444444444,1,1,0.00686370635344391,0.00686371326446533,1,0,576,576
2501,1,1,1,1,1,1,1,1,0,1,0.00694444444444444,0.00694444444444444,0,0,0.00694444444444444,0.00694444444444444,1,1,0.00962505415893156,0.00962504744529724,1,0,576,576
2502,1,1,1,1,1,1,1,1,0,1,0.00694444444444444,0.00694444444444444,0,0,0.00694444444444444,0.00694444444444444,1,1,0.00686370635344391,0.00686371326446533,1,0,576,576
2503,1,1,1,1,1,1,1,1,0,1,0.00694444444444444,0.00694444444444444,0,0,0.00694444444444444,0.00694444444444444,1,1,0.00962505415893156,0.00962504744529724,1,0,576,576
2504,1,1,1,1,1,1,1,1,0,1,0.00694444444444444,0.00694444444444444,0,0,0.00694444444444444,0.00694444444444444,1,1,0.00686370635344391,0.00686371326446533,1,0,576,576
2505,1,1,1,1,1,1,1,1,0,1,0.00694444444444444,0.00694444444444444,0,0,0.00694444444444444,0.00694444444444444,1,1,0.00962505415893156,0.00962504744529724,1,0,576,576
2506,1,1,1,1,1,1,1,1,0,1,0.00694444444444444,0.00694444444444444,0,0,0.00694444444444444,0.00694444444444444,1,1,0.00686370635344391,0.00686371326446533,1,0,576,576
2507,1,1,1,1,1,1,1,1,0,1,0.00694444444444444,0.00694444444444444,0,0,0.00694444444444444,0.00694444444444444,1,1,0.00962505415893156,0.00962504744529724,1,0,576,576
2508,1,1,1,1,1,1,1,1,0,1,0.00694444444444444,0.00694444444444444,0,0,0.00694444444444444,0.00694444444444444,1,1,0.00686370635344391,0.00686371326446533,1,0,576,576
2509,1,1,1,1,1,1,1,1,0,1,0.00694444444444444,0.00694444444444444,0,0,0.00694444444444444,0.00694444444444444,1,1,0.00962505415893156,0.00962504744529724,1,0,576,576
2510,1,1,1,1,1,1,1,1,0,1,0.00694444444444444,0.00694444444444444,0,0,0.00694444444444444,0.00694444444444444,1,1,0.00686370635344391,0.00686371326446533,1,0,576,576
2511,1,1,1,1,1,1,1,1,0,1,0.00694444444444444,0.00694444444444444,0,0,0.00694444444444444,0.00694444444444444,1,1,0.00962505415893156,0.00962504744529724,1,0,576,576
2512,1,1,1,1,1,1,1,1,0,1,0.00694444444444444,0.00694444444444444,0,0,0.00694444444444444,0.00694444444444444,1,1,0.00686370635344391,0.00686371326446533,1,0,576,576
2513,1,1,1,1,1,1,1,1,0,1,0.00694444444444444,0.00694444444444444,0,0,0.00694444444444444,0.00694444444444444,1,1,0.00962505415893156,0.00962504744529724,1,0,576,576
2514,1,1,1,1,1,1,1,1,0,1,0.00694444444444444,0.00694444444444444,0,0,0.00694444444444444,0.00694444444444444,1,1,0.00686370635344391,0.00686371326446533,1,0,576,576
2515,1,1,1,1,1,1,1,1,0,1,0.00694444444444444,0.00694444444444444,0,0,0.00694444444444444,0.00694444444444444,1,1,0.00962505415893156,0.00962504744529724,1,0,576,576
2516,1,1,1,1,1,1,1,1,0,1,0.00694444444444444,0.00694444444444444,0,0,0.00694444444444444,0.00694444444444444,1,1,0.00686370635344391,0.00686371326446533,1,0,576,576
2517,1,1,1,1,1,1,1,1,0,1,0.00694444444444444,0.00694444444444444,0,0,0.00694444444444444,0.00694444444444444,1,1,0.00962505415893156,0.00962504744529724,1,0,576,576
2518,1,1,1,1,1,1,1,1,0,1,0.00694444444444444,0.00694444444444444,0,0,0.00694444444444444,0.00694444444444444,1,1,0.00686370635344391,0.00686371326446533,1,0,576,576
2519,1,1,1,1,1,1,1,1,0,1,0.00694444444444444,0.00694444444444444,0,0,0.00694444444444444,0.00694444444444444,1,1,0.00962505415893156,0.00962504744529724,1,0,576,576
2520,1,1,1,1,1,1,1,1,0,1,0.00694444444444444,0.00694444444444444,0,0,0.00694444444444444,0.00694444444444444,1,1,0.00686370635344391,0.00686371326446533,1,0,576,576
2521,1,1,1,1,1,1,1,1,0,1,0.00694444444444444,0.00694444444444444,0,0,0.00694444444444444,0.00694444444444444,1,1,0.00962505415893156,0.00962504744529724,1,0,576,576
2522,1,1,1,1,1,1,1,1,0,1,0.00694444444444444,0.00694444444444444,0,0,0.00694444444444444,0.00694444444444444,1,1,0.00686370635344391,0.00686371326446533,1,0,576,576
2523,1,1,1,1,1,1,1,1,0,1,0.00694444444444444,0.00694444444444444,0,0,0.00694444444444444,0.00694444444444444,1,1,0.00962505415893156,0.00962504744529724,1,0,576,576
2524,1,1,1,1,1,1,1,1,0,1,0.00694444444444444,0.00694444444444444,0,0,0.00694444444444444,0.00694444444444444,1,1,0.00686370635344391,0.00686371326446533,1,0,576,576
2525,1,1,1,1,1,1,1,1,0,1,0.00694444444444444,0.00694444444444444,0,0,0.00694444444444444,0.00694444444444444,1,1,0.00962505415893156,0.00962504744529724,1,0,576,576
2526,1,1,1,1,1,1,1,1,0,1,0.00694444444444444,0.00694444444444444,0,0,0.00694444444444444,0.00694444444444444,1,1,0.00686370635344391,0.00686371326446533,1,0,576,576
2527,1,1,1,1,1,1,1,1,0,1,0.00694444444444444,0.00694444444444444,0,0,0.00694444444444444,0.00694444444444444,1,1,0.00962505415893156,0.00962504744529724,1,0,576,576
2528,1,1,1,1,1,1,1,1,0,1,0.00694444444444444,0.00694444444444444,0,0,0.00694444444444444,0.00694444444444444,1,1,0.00686370635344391,0.00686371326446533,1,0,576,576
2529,1,1,1,1,1,1,1,1,0,1,0.00694444444444444,0.00694444444444444,0,0,0.00694444444444444,0.00694444444444444,1,1,0.00962505415893156,0.00962504744529724,1,0,576,576
2530,1,1,1,1,1,1,1,1,0,1,0.00694444444444444,0.00694444444444444,0,0,0.00694444444444444,0.00694444444444444,1,1,0.00686370635344391,0.00686371326446533,1,0,576,576
2531,1,1,1,1,1,1,1,1,0,1,0.00694444444444444,0.00694444444444444,0,0,0.00694444444444444,0.00694444444444444,1,1,0.00962505415893156,0.00962504744529724,1,0,576,576
2532,1,1,1,1,1,1,1,1,0,1,0.00694444444444444,0.00694444444444444,0,0,0.00694444444444444,0.00694444444444444,1,1,0.00686370635344391,0.00686371326446533,1,0,576,576
2533,1,1,1,1,1,1,1,1,0,1,0.00694444444444444,0.00694444444444444,0,0,0.00694444444444444,0.00694444444444444,1,1,0.00962505415893156,0.00962504744529724,1,0,576,576
2534,1,1,1,1,1,1,1,1,0,1,0.00694444444444444,0.00694444444444444,0,0,0.00694444444444444,0.00694444444444444,1,1,0.00686370635344391,0.00686371326446533,1,0,576,576
2535,1,1,1,1,1,1,1,1,0,1,0.00694444444444444,0.00694444444444444,0,0,0.00694444444444444,0.00694444444444444,1,1,0.00962505415893156,0.00962504744529724,1,0,576,576
2536,1,1,1,1,1,1,1,1,0,1,0.00694444444444444,0.00694444444444444,0,0,0.00694444444444444,0.00694444444444444,1,1,0.00686370635344391,0.00686371326446533,1,0,576,576
2537,1,1,1,1,1,1,1,1,0,1,0.00694444444444444,0.00694444444444444,0,0,0.00694444444444444,0.00694444444444444,1,1,0.00962505415893156,0.00962504744529724,1,0,576,576
2538,1,1,1,1,1,1,1,1,0,1,0.00694444444444444,0.00694444444444444,0,0,0.00694444444444444,0.00694444444444444,1,1,0.00686370635344391,0.00686371326446533,1,0,576,576
2539,1,1,1,1,1,1,1,1,0,1,0.00694444444444444,0.00694444444444444,0,0,0.00694444444444444,0.00694444444444444,1,1,0.00962505415893156,0.00962504744529724,1,0,576,576
2540,1,1,1,1,1,1,1,1,0,1,0.00694444444444444,0.00694444444444444,0,0,0.00694444444444444,0.00694444444444444,1,1,0.00686370635344391,0.00686371326446533,1,0,576,576
2541,1,1,1,1,1,1,1,1,0,1,0.00694444444444444,0.00694444444444444,0,0,0.00694444444444444,0.00694444444444444,1,1,0.00962505415893156,0.00962504744529724,1,0,576,576
2542,1,1,1,1,1,1,1,1,0,1,0.00694444444444444,0.00694444444444444,0,0,0.00694444444444444,0.00694444444444444,1,1,0.00686370635344391,0.00686371326446533,1,0,576,576
2543,1,1,1,1,1,1,1,1,0,1,0.00694444444444444,0.00694444444444444,0,0,0.00694444444444444,0.00694444444444444,1,1,0.00962505415893156,0.00962504744529724,1,0,576,576
2544,1,1,1,1,1,1,1,1,0,1,0.00694444444444444,0.00694444444444444,0,0,0.00694444444444444,0.00694444444444444,1,1,0.00686370635344391,0.00686371326446533,1,0,576,576
2545,1,1,1,1,1,1,1,1,0,1,0.00694444444444444,0.00694444444444444,0,0,0.00694444444444444,0.00694444444444444,1,1,0.00962505415893156,0.00962504744529724,1,0,576,576
2546,1,1,1,1,1,1,1,1,0,1,0.00694444444444444,0.00694444444444444,0,0,0.00694444444444444,0.00694444444444444,1,1,0.00686370635344391,0.00686371326446533,1,0,576,576
2547,1,1,1,1,1,1,1,1,0,1,0.00694444444444444,0.00694444444444444,0,0,0.00694444444444444,0.00694444444444444,1,1,0.00962505415893156,0.00962504744529724,1,0,576,576
2548,1,1,1,1,1,1,1,1,0,1,0.00694444444444444,0.00694444444444444,0,0,0.00694444444444444,0.00694444444444444,1,1,0.00686370635344391,0.00686371326446533,1,0,576,576
2549,1,1,1,1,1,1,1,1,0,1,0.00694444444444444,0.00694444444444444,0,0,0.00694444444444444,0.00694444444444444,1,1,0.00962505415893156,0.00962504744529724,1,0,576,576
2550,1,1,1,1,1,1,1,1,0,1,0.00694444444444444,0.00694444444444444,0,0,0.00694444444444444,0.00694444444444444,1,1,0.00686370635344391,0.00686371326446533,1,0,576,576
2551,1,1,1,1,1,1,1,1,0,1,0.00694444444444444,0.00694444444444444,0,0,0.00694444444444444,0.00694444444444444,1,1,0.00962505415893156,0.00962504744529724,1,0,576,576
2552,1,1,1,1,1,1,1,1,0,1,0.00694444444444444,0.00694444444444444,0,0,0.00694444444444444,0.00694444444444444,1,1,0.00686370635344391,0.00686371326446533,1,0,576,576
2553,1,1,1,1,1,1,1,1,0,1,0.00694444444444444,0.00694444444444444,0,0,0.00694444444444444,0.00694444444444444,1,1,0.00962505415893156,0.00962504744529724,1,0,576,576
2554,1,1,1,1,1,1,1,1,0,1,0.00694444444444444,0.00694444444444444,0,0,0.00694444444444444,0.00694444444444444,1,1,0.00686370635344391,0.00686371326446533,1,0,576,576
2555,1,1,1,1,1,1,1,1,0,1,0.00694444444444444,0.00694444444444444,0,0,0.00694444444444444,0.00694444444444444,1,1,0.00962505415893156,0.00962504744529724,1,0,576,576
2556,1,1,1,1,1,1,1,1,0,1,0.00694444444444444,0.00694444444444444,0,0,0.00694444444444444,0.00694444444444444,1,1,0.00686370635344391,0.00686371326446533,1,0,576,576
2557,1,1,1,1,1,1,1,1,0,1,0.00694444444444444,0.00694444444444444,0,0,0.00694444444444444,0.00694444444444444,1,1,0.00962505415893156,0.00962504744529724,1,0,576,576
2558,1,1,1,1,1,1,1,1,0,1,0.00694444444444444,0.00694444444444444,0,0,0.00694444444444444,0.00694444444444444,1,1,0.00686370635344391,0.00686371326446533,1,0,576,576
2559,1,1,1,1,1,1,1,1,0,1,0.00694444444444444,0.00694444444444444,0,0,0.00694444444444444,0.00694444444444444,1,1,0.00962505415893156,0.00962504744529724,1,0,576,576
2560,1,1,1,1,1,1,1,1,0,1,0.00694444444444444,0.00694444444444444,0,0,0.00694444444444444,0.00694444444444444,1,1,0.00686370635344391,0.00686371326446533,1,0,576,576
2561,1,1,1,1,1,1,1,1,0,1,0.00694444444444444,0.00694444444444444,0,0,0.00694444444444444,0.00694444444444444,1,1,0.00962505415893156,0.00962504744529724,1,0,576,576
2562,1,1,1,1,1,1,1,1,0,1,0.00694444444444444,0.00694444444444444,0,0,0.00694444444444444,0.00694444444444444,1,1,0.00686370635344391,0.00686371326446533,1,0,576,576
2563,1,1,1,1,1,1,1,1,0,1,0.00694444444444444,0.00694444444444444,0,0,0.00694444444444444,0.00694444444444444,1,1,0.00962505415893156,0.00962504744529724,1,0,576,576
2564,1,1,1,1,1,1,1,1,0,1,0.00694444444444444,0.00694444444444444,0,0,0.00694444444444444,0.00694444444444444,1,1,0.00686370635344391,0.00686371326446533,1,0,576,576
2565,1,1,1,1,1,1,1,1,0,1,0.00694444444444444,0.00694444444444444,0,0,0.00694444444444444,0.00694444444444444,1,1,0.00962505415893156,0.00962504744529724,1,0,576,576
2566,1,1,1,1,1,1,1,1,0,1,0.00694444444444444,0.00694444444444444,0,0,0.00694444444444444,0.00694444444444444,1,1,0.00686370635344391,0.00686371326446533,1,0,576,576
2567,1,1,1,1,1,1,1,1,0,1,0.00694444444444444,0.00694444444444444,0,0,0.00694444444444444,0.00694444444444444,1,1,0.00962505415893156,0.00962504744529724,1,0,576,576
2568,1,1,1,1,1,1,1,1,0,1,0.00694444444444444,0.00694444444444444,0,0,0.00694444444444444,0.00694444444444444,1,1,0.00686370635344391,0.00686371326446533,1,0,576,576
2569,1,1,1,1,1,1,1,1,0,1,0.00694444444444444,0.00694444444444444,0,0,0.00694444444444444,0.00694444444444444,1,1,0.00962505415893156,0.00962504744529724,1,0,576,576
2570,1,1,1,1,1,1,1,1,0,1,0.00694444444444444,0.00694444444444444,0,0,0.00694444444444444,0.00694444444444444,1,1,0.00686370635344391,0.00686371326446533,1,0,576,576
2571,1,1,1,1,1,1,1,1,0,1,0.00694444444444444,0.00694444444444444,0,0,0.00694444444444444,0.00694444444444444,1,1,0.00962505415893156,0.00962504744529724,1,0,576,576
2572,1,1,1,1,1,1,1,1,0,1,0.00694444444444444,0.00694444444444444,0,0,0.00694444444444444,0.00694444444444444,1,1,0.00686370635344391,0.00686371326446533,1,0,576,576
2573,1,1,1,1,1,1,1,1,0,1,0.00694444444444444,0.00694444444444444,0,0,0.00694444444444444,0.00694444444444444,1,1,0.00962505415893156,0.00962504744529724,1,0,576,576
2574,1,1,1,1,1,1,1,1,0,1,0.00694444444444444,0.00694444444444444,0,0,0.00694444444444444,0.00694444444444444,1,1,0.00686370635344391,0.00686371326446533,1,0,576,576
2575,1,1,1,1,1,1,1,1,0,1,0.00694444444444444,0.00694444444444444,0,0,0.00694444444444444,0.00694444444444444,1,1,0.00962505415893156,0.00962504744529724,1,0,576,576
2576,1,1,1,1,1,1,1,1,0,1,0.00694444444444444,0.00694444444444444,0,0,0.00694444444444444,0.00694444444444444,1,1,0.00686370635344391,0.00686371326446533,1,0,576,576
2577,1,1,1,1,1,1,1,1,0,1,0.00694444444444444,0.00694444444444444,0,0,0.00694444444444444,0.00694444444444444,1,1,0.00962505415893156,0.00962504744529724,1,0,576,576
2578,1,1,1,1,1,1,1,1,0,1,0.00694444444444444,0.00694444444444444,0,0,0.00694444444444444,0.00694444444444444,1,1,0.00686370635344391,0.00686371326446533,1,0,576,576
2579,1,1,1,1,1,1,1,1,0,1,0.00694444444444444,0.00694444444444444,0,0,0.00694444444444444,0.00694444444444444,1,1,0.00962505415893156,0.00962504744529724,1,0,576,576
2580,1,1,1,1,1,1,1,1,0,1,0.00694444444444444,0.00694444444444444,0,0,0.00694444444444444,0.00694444444444444,1,1,0.00686370635344391,0.00686371326446533,1,0,576,576
2581,1,1,1,1,1,1,1,1,0,1,0.00694444444444444,0.00694444444444444,0,0,0.00694444444444444,0.00694444444444444,1,1,0.00962505415893156,0.00962504744529724,1,0,576,576
2582,1,1,1,1,1,1,1,1,0,1,0.00694444444444444,0.00694444444444444,0,0,0.00694444444444444,0.00694444444444444,1,1,0.00686370635344391,0.00686371326446533,1,0,576,576
2583,1,1,1,1,1,1,1,1,0,1,0.00694444444444444,0.00694444444444444,0,0,0.00694444444444444,0.00694444444444444,1,1,0.00962505415893156,0.00962504744529724,1,0,576,576
2584,1,1,1,1,1,1,1,1,0,1,0.00694444444444444,0.00694444444444444,0,0,0.00694444444444444,0.00694444444444444,1,1,0.00686370635344391,0.00686371326446533,1,0,576,576
2585,1,1,1,1,1,1,1,1,0,1,0.00694444444444444,0.00694444444444444,0,0,0.00694444444444444,0.00694444444444444,1,1,0.00962505415893156,0.00962504744529724,1,0,576,576
2586,1,1,1,1,1,1,1,1,0,1,0.00694444444444444,0.00694444444444444,0,0,0.00694444444444444,0.00694444444444444,1,1,0.00686370635344391,0.00686371326446533,1,0,576,576
2587,1,1,1,1,1,1,1,1,0,1,0.00694444444444444,0.00694444444444444,0,0,0.00694444444444444,0.00694444444444444,1,1,0.00962505415893156,0.00962504744529724,1,0,576,576
2588,1,1,1,1,1,1,1,1,0,1,0.00694444444444444,0.00694444444444444,0,0,0.00694444444444444,0.00694444444444444,1,1,0.00686370635344391,0.00686371326446533,1,0,576,576
2589,1,1,1,1,1,1,1,1,0,1,0.00694444444444444,0.00694444444444444,0,0,0.00694444444444444,0.00694444444444444,1,1,0.00962505415893156,0.00962504744529724,1,0,576,576
2590,1,1,1,1,1,1,1,1,0,1,0.00694444444444444,0.00694444444444444,0,0,0.00694444444444444,0.00694444444444444,1,1,0.00686370635344391,0.00686371326446533,1,0,576,576
2591,1,1,1,1,1,1,1,1,0,1,0.00694444444444444,0.00694444444444444,0,0,0.00694444444444444,0.00694444444444444,1,1,0.00962505415893156,0.00962504744529724,1,0,576,576
2592,1,1,1,1,1,1,1,1,0,1,0.00694444444444444,0.00694444444444444,0,0,0.00694444444444444,0.00694444444444444,1,1,0.00686370635344391,0.00686371326446533,1,0,576,576
2593,1,1,1,1,1,1,1,1,0,1,0.00694444444444444,0.00694444444444444,0,0,0.00694444444444444,0.00694444444444444,1,1,0.00962505415893156,0.00962504744529724,1,0,576,576
2594,1,1,1,1,1,1,1,1,0,1,0.00694444444444444,0.00694444444444444,0,0,0.00694444444444444,0.00694444444444444,1,1,0.00686370635344391,0.00686371326446533,1,0,576,576
2595,1,1,1,1,1,1,1,1,0,1,0.00694444444444444,0.00694444444444444,0,0,0.00694444444444444,0.00694444444444444,1,1,0.00962505415893156,0.00962504744529724,1,0,576,576
2596,1,1,1,1,1,1,1,1,0,1,0.00694444444444444,0.00694444444444444,0,0,0.00694444444444444,0.00694444444444444,1,1,0.00686370635344391,0.00686371326446533,1,0,576,576
2597,1,1,1,1,1,1,1,1,0,1,0.00694444444444444,0.00694444444444444,0,0,0.00694444444444444,0.00694444444444444,1,1,0.00962505415893156,0.00962504744529724,1,0,576,576
2598,1,1,1,1,1,1,1,1,0,1,0.00694444444444444,0.00694444444444444,0,0,0.00694444444444444,0.00694444444444444,1,1,0.00686370635344391,0.00686371326446533,1,0,576,576
2599,1,1,1,1,1,1,1,1,0,1,0.00694444444444444,0.00694444444444444,0,0,0.00694444444444444,0.00694444444444444,1,1,0.00962505415893156,0.00962504744529724,1,0,576,576
2600,1,1,1,1,1,1,1,1,0,1,0.00694444444444444,0.00694444444444444,0,0,0.00694444444444444,0.00694444444444444,1,1,0.00686370635344391,0.00686371326446533,1,0,576,576
2601,1,1,1,1,1,1,1,1,0,1,0.00694444444444444,0.00694444444444444,0,0,0.00694444444444444,0.00694444444444444,1,1,0.00962505415893156,0.00962504744529724,1,0,576,576
2602,1,1,1,1,1,1,1,1,0,1,0.00694444444444444,0.00694444444444444,0,0,0.00694444444444444,0.00694444444444444,1,1,0.00686370635344391,0.00686371326446533,1,0,576,576
2603,1,1,1,1,1,1,1,1,0,1,0.00694444444444444,0.00694444444444444,0,0,0.00694444444444444,0.00694444444444444,1,1,0.00962505415893156,0.00962504744529724,1,0,576,576
2604,1,1,1,1,1,1,1,1,0,1,0.00694444444444444,0.00694444444444444,0,0,0.00694444444444444,0.00694444444444444,1,1,0.00686370635344391,0.00686371326446533,1,0,576,576
2605,1,1,1,1,1,1,1,1,0,1,0.00694444444444444,0.00694444444444444,0,0,0.00694444444444444,0.00694444444444444,1,1,0.00962505415893156,0.00962504744529724,1,0,576,576
2606,1,1,1,1,1,1,1,1,0,1,0.00694444444444444,0.00694444444444444,0,0,0.00694444444444444,0.00694444444444444,1,1,0.00686370635344391,0.00686371326446533,1,0,576,576
2607,1,1,1,1,1,1,1,1,0,1,0.00694444444444444,0.00694444444444444,0,0,0.00694444444444444,0.00694444444444444,1,1,0.00962505415893156,0.00962504744529724,1,0,576,576
2608,1,1,1,1,1,1,1,1,0,1,0.00694444444444444,0.00694444444444444,0,0,0.00694444444444444,0.00694444444444444,1,1,0.00686370635344391,0.00686371326446533,1,0,576,576
2609,1,1,1,1,1,1,1,1,0,1,0.00694444444444444,0.00694444444444444,0,0,0.00694444444444444,0.00694444444444444,1,1,0.00962505415893156,0.00962504744529724,1,0,576,576
2610,1,1,1,1,1,1,1,1,0,1,0.00694444444444444,0.00694444444444444,0,0,0.00694444444444444,0.00694444444444444,1,1,0.00686370635344391,0.00686371326446533,1,0,576,576
2611,1,1,1,1,1,1,1,1,0,1,0.00694444444444444,0.00694444444444444,0,0,0.00694444444444444,0.00694444444444444,1,1,0.00962505415893156,0.00962504744529724,1,0,576,576
2612,1,1,1,1,1,1,1,1,0,1,0.00694444444444444,0.00694444444444444,0,0,0.00694444444444444,0.00694444444444444,1,1,0.00686370635344391,0.00686371326446533,1,0,576,576
2613,1,1,1,1,1,1,1,1,0,1,0.00694444444444444,0.00694444444444444,0,0,0.00694444444444444,0.00694444444444444,1,1,0.00962505415893156,0.00962504744529724,1,0,576,576
2614,1,1,1,1,1,1,1,1,0,1,0.00694444444444444,0.00694444444444444,0,0,0.00694444444444444,0.00694444444444444,1,1,0.00686370635344391,0.00686371326446533,1,0,576,576
2615,1,1,1,1,1,1,1,1,0,1,0.00694444444444444,0.00694444444444444,0,0,0.00694444444444444,0.00694444444444444,1,1,0.00962505415893156,0.00962504744529724,1,0,576,576
2616,1,1,1,1,1,1,1,1,0,1,0.00694444444444444,0.00694444444444444,0,0,0.00694444444444444,0.00694444444444444,1,1,0.00686370635344391,0.00686371326446533,1,0,576,576
2617,1,1,1,1,1,1,1,1,0,1,0.00694444444444444,0.00694444444444444,0,0,0.00694444444444444,0.00694444444444444,1,1,0.00962505415893156,0.00962504744529724,1,0,576,576
2618,1,1,1,1,1,1,1,1,0,1,0.00694444444444444,0.00694444444444444,0,0,0.00694444444444444,0.00694444444444444,1,1,0.00686370635344391,0.00686371326446533,1,0,576,576
2619,1,1,1,1,1,1,1,1,0,1,0.00694444444444444,0.00694444444444444,0,0,0.00694444444444444,0.00694444444444444,1,1,0.00962505415893156,0.00962504744529724,1,0,576,576
2620,1,1,1,1,1,1,1,1,0,1,0.00694444444444444,0.00694444444444444,0,0,0.00694444444444444,0.00694444444444444,1,1,0.00686370635344391,0.00686371326446533,1,0,576,576
2621,1,1,1,1,1,1,1,1,0,1,0.00694444444444444,0.00694444444444444,0,0,0.00694444444444444,0.00694444444444444,1,1,0.00962505415893156,0.00962504744529724,1,0,576,576
2622,1,1,1,1,1,1,1,1,0,1,0.00694444444444444,0.00694444444444444,0,0,0.00694444444444444,0.00694444444444444,1,1,0.00686370635344391,0.00686371326446533,1,0,576,576
2623,1,1,1,1,1,1,1,1,0,1,0.00694444444444444,0.00694444444444444,0,0,0.00694444444444444,0.00694444444444444,1,1,0.00962505415893156,0.00962504744529724,1,0,576,576
2624,1,1,1,1,1,1,1,1,0,1,0.00694444444444444,0.00694444444444444,0,0,0.00694444444444444,0.00694444444444444,1,1,0.00686370635344391,0.00686371326446533,1,0,576,576
2625,1,1,1,1,1,1,1,1,0,1,0.00694444444444444,0.00694444444444444,0,0,0.00694444444444444,0.00694444444444444,1,1,0.00962505415893156,0.00962504744529724,1,0,576,576
2626,1,1,1,1,1,1,1,1,0,1,0.00694444444444444,0.00694444444444444,0,0,0.00694444444444444,0.00694444444444444,1,1,0.00686370635344391,0.00686371326446533,1,0,576,576
2627,1,1,1,1,1,1,1,1,0,1,0.00694444444444444,0.00694444444444444,0,0,0.00694444444444444,0.00694444444444444,1,1,0.00962505415893156,0.00962504744529724,1,0,576,576
2628,1,1,1,1,1,1,1,1,0,1,0.00694444444444444,0.00694444444444444,0,0,0.00694444444444444,0.00694444444444444,1,1,0.00686370635344391,0.00686371326446533,1,0,576,576
2629,1,1,1,1,1,1,1,1,0,1,0.00694444444444444,0.00694444444444444,0,0,0.00694444444444444,0.00694444444444444,1,1,0.00962505415893156,0.00962504744529724,1,0,576,576
2630,1,1,1,1,1,1,1,1,0,1,0.00694444444444444,0.00694444444444444,0,0,0.00694444444444444,0.00694444444444444,1,1,0.00686370635344391,0.00686371326446533,1,0,576,576
2631,1,1,1,1,1,1,1,1,0,1,0.00694444444444444,0.00694444444444444,0,0,0.00694444444444444,0.00694444444444444,1,1,0.00962505415893156,0.00962504744529724,1,0,576,576
2632,1,1,1,1,1,1,1,1,0,1,0.00694444444444444,0.00694444444444444,0,0,0.00694444444444444,0.00694444444444444,1,1,0.00686370635344391,0.00686371326446533,1,0,576,576
2633,1,1,1,1,1,1,1,1,0,1,0.00694444444444444,0.00694444444444444,0,0,0.00694444444444444,0.00694444444444444,1,1,0.00962505415893156,0.00962504744529724,1,0,576,576
2634,1,1,1,1,1,1,1,1,0,1,0.00694444444444444,0.00694444444444444,0,0,0.00694444444444444,0.00694444444444444,1,1,0.00686370635344391,0.00686371326446533,1,0,576,576
2635,1,1,1,1,1,1,1,1,0,1,0.00694444444444444,0.00694444444444444,0,0,0.00694444444444444,0.00694444444444444,1,1,0.00962505415893156,0.00962504744529724,1,0,576,576
2636,1,1,1,1,1,1,1,1,0,1,0.00694444444444444,0.00694444444444444,0,0,0.00694444444444444,0.00694444444444444,1,1,0.00686370635344391,0.00686371326446533,1,0,576,576
2637,1,1,1,1,1,1,1,1,0,1,0.00694444444444444,0.00694444444444444,0,0,0.00694444444444444,0.00694444444444444,1,1,0.00962505415893156,0.00962504744529724,1,0,576,576
2638,1,1,1,1,1,1,1,1,0,1,0.00694444444444444,0.00694444444444444,0,0,0.00694444444444444,0.00694444444444444,1,1,0.00686370635344391,0.00686371326446533,1,0,576,576
2639,1,1,1,1,1,1,1,1,0,1,0.00694444444444444,0.00694444444444444,0,0,0.00694444444444444,0.00694444444444444,1,1,0.00962505415893156,0.00962504744529724,1,0,576,576
2640,1,1,1,1,1,1,1,1,0,1,0.00694444444444444,0.00694444444444444,0,0,0.00694444444444444,0.00694444444444444,1,1,0.00686370635344391,0.00686371326446533,1,0,576,576
2641,1,1,1,1,1,1,1,1,0,1,0.00694444444444444,0.00694444444444444,0,0,0.00694444444444444,0.00694444444444444,1,1,0.00962505415893156,0.00962504744529724,1,0,576,576
2642,1,1,1,1,1,1,1,1,0,1,0.00694444444444444,0.00694444444444444,0,0,0.00694444444444444,0.00694444444444444,1,1,0.00686370635344391,0.00686371326446533,1,0,576,576
2643,1,1,1,1,1,1,1,1,0,1,0.00694444444444444,0.00694444444444444,0,0,0.00694444444444444,0.00694444444444444,1,1,0.00962505415893156,0.00962504744529724,1,0,576,576
2644,1,1,1,1,1,1,1,1,0,1,0.00694444444444444,0.00694444444444444,0,0,0.00694444444444444,0.00694444444444444,1,1,0.00686370635344391,0.00686371326446533,1,0,576,576
2645,1,1,1,1,1,1,1,1,0,1,0.00694444444444444,0.00694444444444444,0,0,0.00694444444444444,0.00694444444444444,1,1,0.00962505415893156,0.00962504744529724,1,0,576,576
2646,1,1,1,1,1,1,1,1,0,1,0.00694444444444444,0.00694444444444444,0,0,0.00694444444444444,0.00694444444444444,1,1,0.00686370635344391,0.00686371326446533,1,0,576,576
2647,1,1,1,1,1,1,1,1,0,1,0.00694444444444444,0.00694444444444444,0,0,0.00694444444444444,0.00694444444444444,1,1,0.00962505415893156,0.00962504744529724,1,0,576,576
2648,1,1,1,1,1,1,1,1,0,1,0.00694444444444444,0.00694444444444444,0,0,0.00694444444444444,0.00694444444444444,1,1,0.00686370635344391,0.00686371326446533,1,0,576,576
2649,1,1,1,1,1,1,1,1,0,1,0.00694444444444444,0.00694444444444444,0,0,0.00694444444444444,0.00694444444444444,1,1,0.00962505415893156,0.00962504744529724,1,0,576,576
2650,1,1,1,1,1,1,1,1,0,1,0.00694444444444444,0.00694444444444444,0,0,0.00694444444444444,0.00694444444444444,1,1,0.00686370635344391,0.00686371326446533,1,0,576,576
2651,1,1,1,1,1,1,1,1,0,1,0.00694444444444444,0.00694444444444444,0,0,0.00694444444444444,0.00694444444444444,1,1,0.00962505415893156,0.00962504744529724,1,0,576,576
2652,1,1,1,1,1,1,1,1,0,1,0.00694444444444444,0.00694444444444444,0,0,0.00694444444444444,0.00694444444444444,1,1,0.00686370635344391,0.00686371326446533,1,0,576,576
2653,1,1,1,1,1,1,1,1,0,1,0.00694444444444444,0.00694444444444444,0,0,0.00694444444444444,0.00694444444444444,1,1,0.00962505415893156,0.00962504744529724,1,0,576,576
2654,1,1,1,1,1,1,1,1,0,1,0.00694444444444444,0.00694444444444444,0,0,0.00694444444444444,0.00694444444444444,1,1,0.00686370635344391,0.00686371326446533,1,0,576,576
2655,1,1,1,1,1,1,1,1,0,1,0.00694444444444444,0.00694444444444444,0,0,0.00694444444444444,0.00694444444444444,1,1,0.00962505415893156,0.00962504744529724,1,0,576,576
2656,1,1,1,1,1,1,1,1,0,1,0.00694444444444444,0.00694444444444444,0,0,0.00694444444444444,0.00694444444444444,1,1,0.00686370635344391,0.00686371326446533,1,0,576,576
2657,1,1,1,1,1,1,1,1,0,1,0.00694444444444444,0.00694444444444444,0,0,0.00694444444444444,0.00694444444444444,1,1,0.00962505415893156,0.00962504744529724,1,0,576,576
2658,1,1,1,1,1,1,1,1,0,1,0.00694444444444444,0.00694444444444444,0,0,0.00694444444444444,0.00694444444444444,1,1,0.00686370635344391,0.00686371326446533,1,0,576,576
2659,1,1,1,1,1,1,1,1,0,1,0.00694444444444444,0.00694444444444444,0,0,0.00694444444444444,0.00694444444444444,1,1,0.00962505415893156,0.00962504744529724,1,0,576,576
2660,1,1,1,1,1,1,1,1,0,1,0.00694444444444444,0.00694444444444444,0,0,0.00694444444444444,0.00694444444444444,1,1,0.00686370635344391,0.00686371326446533,1,0,576,576
2661,1,1,1,1,1,1,1,1,0,1,0.00694444444444444,0.00694444444444444,0,0,0.00694444444444444,0.00694444444444444,1,1,0.00962505415893156,0.00962504744529724,1,0,576,576
2662,1,1,1,1,1,1,1,1,0,1,0.00694444444444444,0.00694444444444444,0,0,0.00694444444444444,0.00694444444444444,1,1,0.00686370635344391,0.00686371326446533,1,0,576,576
2663,1,1,1,1,1,1,1,1,0,1,0.00694444444444444,0.00694444444444444,0,0,0.00694444444444444,0.00694444444444444,1,1,0.00962505415893156,0.00962504744529724,1,0,576,576
2664,1,1,1,1,1,1,1,1,0,1,0.00694444444444444,0.00694444444444444,0,0,0.00694444444444444,0.00694444444444444,1,1,0.00686370635344391,0.00686371326446533,1,0,576,576
2665,1,1,1,1,1,1,1,1,0,1,0.00694444444444444,0.00694444444444444,0,0,0.00694444444444444,0.00694444444444444,1,1,0.00962505415893156,0.00962504744529724,1,0,576,576
2666,1,1,1,1,1,1,1,1,0,1,0.00694444444444444,0.00694444444444444,0,0,0.00694444444444444,0.00694444444444444,1,1,0.00686370635344391,0.00686371326446533,1,0,576,576
2667,1,1,1,1,1,1,1,1,0,1,0.00694444444444444,0.00694444444444444,0,0,0.00694444444444444,0.00694444444444444,1,1,0.00962505415893156,0.00962504744529724,1,0,576,576
2668,1,1,1,1,1,1,1,1,0,1,0.00694444444444444,0.00694444444444444,0,0,0.00694444444444444,0.00694444444444444,1,1,0.00686370635344391,0.00686371326446533,1,0,576,576
2669,1,1,1,1,1,1,1,1,0,1,0.00694444444444444,0.00694444444444444,0,0,0.00694444444444444,0.00694444444444444,1,1,0.00962505415893156,0.00962504744529724,1,0,576,576
2670,1,1,1,1,1,1,1,1,0,1,0.00694444444444444,0.00694444444444444,0,0,0.00694444444444444,0.00694444444444444,1,1,0.00686370635344391,0.00686371326446533,1,0,576,576
2671,1,1,1,1,1,1,1,1,0,1,0.00694444444444444,0.00694444444444444,0,0,0.00694444444444444,0.00694444444444444,1,1,0.00962505415893156,0.00962504744529724,1,0,576,576
2672,1,1,1,1,1,1,1,1,0,1,0.00694444444444444,0.00694444444444444,0,0,0.00694444444444444,0.00694444444444444,1,1,0.00686370635344391,0.00686371326446533,1,0,576,576
2673,1,1,1,1,1,1,1,1,0,1,0.00694444444444444,0.00694444444444444,0,0,0.00694444444444444,0.00694444444444444,1,1,0.00962505415893156,0.00962504744529724,1,0,576,576
2674,1,1,1,1,1,1,1,1,0,1,0.00694444444444444,0.00694444444444444,0,0,0.00694444444444444,0.00694444444444444,1,1,0.00686370635344391,0.00686371326446533,1,0,576,576
2675,1,1,1,1,1,1,1,1,0,1,0.00694444444444444,0.00694444444444444,0,0,0.00694444444444444,0.00694444444444444,1,1,0.00962505415893156,0.00962504744529724,1,0,576,576
2676,1,1,1,1,1,1,1,1,0,1,0.00694444444444444,0.00694444444444444,0,0,0.00694444444444444,0.00694444444444444,1,1,0.00686370635344391,0.00686371326446533,1,0,576,576
2677,1,1,1,1,1,1,1,1,0,1,0.00694444444444444,0.00694444444444444,0,0,0.00694444444444444,0.00694444444444444,1,1,0.00962505415893156,0.00962504744529724,1,0,576,576
2678,1,1,1,1,1,1,1,1,0,1,0.00694444444444444,0.00694444444444444,0,0,0.00694444444444444,0.00694444444444444,1,1,0.00686370635344391,0.00686371326446533,1,0,576,576
2679,1,1,1,1,1,1,1,1,0,1,0.00694444444444444,0.00694444444444444,0,0,0.00694444444444444,0.00694444444444444,1,1,0.00962505415893156,0.00962504744529724,1,0,576,576
2680,1,1,1,1,1,1,1,1,0,1,0.00694444444444444,0.00694444444444444,0,0,0.00694444444444444,0.00694444444444444,1,1,0.00686370635344391,0.00686371326446533,1,0,576,576
2681,1,1,1,1,1,1,1,1,0,1,0.00694444444444444,0.00694444444444444,0,0,0.00694444444444444,0.00694444444444444,1,1,0.00962505415893156,0.00962504744529724,1,0,576,576
2682,1,1,1,1,1,1,1,1,0,1,0.00694444444444444,0.00694444444444444,0,0,0.00694444444444444,0.00694444444444444,1,1,0.00686370635344391,0.00686371326446533,1,0,576,576
2683,1,1,1,1,1,1,1,1,0,1,0.00694444444444444,0.00694444444444444,0,0,0.00694444444444444,0.00694444444444444,1,1,0.00962505415893156,0.00962504744529724,1,0,576,576
2684,1,1,1,1,1,1,1,1,0,1,0.00694444444444444,0.00694444444444444,0,0,0.00694444444444444,0.00694444444444444,1,1,0.00686370635344391,0.00686371326446533,1,0,576,576
2685,1,1,1,1,1,1,1,1,0,1,0.00694444444444444,0.00694444444444444,0,0,0.00694444444444444,0.00694444444444444,1,1,0.00962505415893156,0.00962504744529724,1,0,576,576
2686,1,1,1,1,1,1,1,1,0,1,0.00694444444444444,0.00694444444444444,0,0,0.00694444444444444,0.00694444444444444,1,1,0.00686370635344391,0.00686371326446533,1,0,576,576
2687,1,1,1,1,1,1,1,1,0,1,0.00694444444444444,0.00694444444444444,0,0,0.00694444444444444,0.00694444444444444,1,1,0.00962505415893156,0.00962504744529724,1,0,576,576
2688,1,1,1,1,1,1,1,1,0,1,0.00694444444444444,0.00694444444444444,0,0,0.00694444444444444,0.00694444444444444,1,1,0.00686370635344391,0.00686371326446533,1,0,576,576
2689,1,1,1,1,1,1,1,1,0,1,0.00694444444444444,0.00694444444444444,0,0,0.00694444444444444,0.00694444444444444,1,1,0.00962505415893156,0.00962504744529724,1,0,576,576
2690,1,1,1,1,1,1,1,1,0,1,0.00694444444444444,0.00694444444444444,0,0,0.00694444444444444,0.00694444444444444,1,1,0.00686370635344391,0.00686371326446533,1,0,576,576
2691,1,1,1,1,1,1,1,1,0,1,0.00694444444444444,0.00694444444444444,0,0,0.00694444444444444,0.00694444444444444,1,1,0.00962505415893156,0.00962504744529724,1,0,576,576
2692,1,1,1,1,1,1,1,1,0,1,0.00694444444444444,0.00694444444444444,0,0,0.00694444444444444,0.00694444444444444,1,1,0.00686370635344391,0.00686371326446533,1,0,576,576
2693,1,1,1,1,1,1,1,1,0,1,0.00694444444444444,0.00694444444444444,0,0,0.00694444444444444,0.00694444444444444,1,1,0.00962505415893156,0.00962504744529724,1,0,576,576
2694,1,1,1,1,1,1,1,1,0,1,0.00694444444444444,0.00694444444444444,0,0,0.00694444444444444,0.00694444444444444,1,1,0.00686370635344391,0.00686371326446533,1,0,576,576
2695,1,1,1,1,1,1,1,1,0,1,0.00694444444444444,0.00694444444444444,0,0,0.00694444444444444,0.00694444444444444,1,1,0.00962505415893156,0.00962504744529724,1,0,576,576
2696,1,1,1,1,1,1,1,1,0,1,0.00694444444444444,0.00694444444444444,0,0,0.00694444444444444,0.00694444444444444,1,1,0.00686370635344391,0.00686371326446533,1,0,576,576
2697,1,1,1,1,1,1,1,1,0,1,0.00694444444444444,0.00694444444444444,0,0,0.00694444444444444,0.00694444444444444,1,1,0.00962505415893156,0.00962504744529724,1,0,576,576
2698,1,1,1,1,1,1,1,1,0,1,0.00694444444444444,0.00694444444444444,0,0,0.00694444444444444,0.00694444444444444,1,1,0.00686370635344391,0.00686371326446533,1,0,576,576
2699,1,1,1,1,1,1,1,1,0,1,0.00694444444444444,0.00694444444444444,0,0,0.00694444444444444,0.00694444444444444,1,1,0.00962505415893156,0.00962504744529724,1,0,576,576
2700,1,1,1,1,1,1,1,1,0,1,0.00694444444444444,0.00694444444444444,0,0,0.00694444444444444,0.00694444444444444,1,1,0.00686370635344391,0.00686371326446533,1,0,576,576
2701,1,1,1,1,1,1,1,1,0,1,0.00694444444444444,0.00694444444444444,0,0,0.00694444444444444,0.00694444444444444,1,1,0.00962505415893156,0.00962504744529724,1,0,576,576
2702,1,1,1,1,1,1,1,1,0,1,0.00694444444444444,0.00694444444444444,0,0,0.00694444444444444,0.00694444444444444,1,1,0.00686370635344391,0.00686371326446533,1,0,576,576
2703,1,1,1,1,1,1,1,1,0,1,0.00694444444444444,0.00694444444444444,0,0,0.00694444444444444,0.00694444444444444,1,1,0.00962505415893156,0.00962504744529724,1,0,576,576
2704,1,1,1,1,1,1,1,1,0,1,0.00694444444444444,0.00694444444444444,0,0,0.00694444444444444,0.00694444444444444,1,1,0.00686370635344391,0.00686371326446533,1,0,576,576
2705,1,1,1,1,1,1,1,1,0,1,0.00694444444444444,0.00694444444444444,0,0,0.00694444444444444,0.00694444444444444,1,1,0.00962505415893156,0.00962504744529724,1,0,576,576
2706,1,1,1,1,1,1,1,1,0,1,0.00694444444444444,0.00694444444444444,0,0,0.00694444444444444,0.00694444444444444,1,1,0.00686370635344391,0.00686371326446533,1,0,576,576
2707,1,1,1,1,1,1,1,1,0,1,0.00694444444444444,0.00694444444444444,0,0,0.00694444444444444,0.00694444444444444,1,1,0.00962505415893156,0.00962504744529724,1,0,576,576
2708,1,1,1,1,1,1,1,1,0,1,0.00694444444444444,0.00694444444444444,0,0,0.00694444444444444,0.00694444444444444,1,1,0.00686370635344391,0.00686371326446533,1,0,576,576
2709,1,1,1,1,1,1,1,1,0,1,0.00694444444444444,0.00694444444444444,0,0,0.00694444444444444,0.00694444444444444,1,1,0.00962505415893156,0.00962504744529724,1,0,576,576
2710,1,1,1,1,1,1,1,1,0,1,0.00694444444444444,0.00694444444444444,0,0,0.00694444444444444,0.00694444444444444,1,1,0.00686370635344391,0.00686371326446533,1,0,576,576
2711,1,1,1,1,1,1,1,1,0,1,0.00694444444444444,0.00694444444444444,0,0,0.00694444444444444,0.00694444444444444,1,1,0.00962505415893156,0.00962504744529724,1,0,576,576
2712,1,1,1,1,1,1,1,1,0,1,0.00694444444444444,0.00694444444444444,0,0,0.00694444444444444,0.00694444444444444,1,1,0.00686370635344391,0.00686371326446533,1,0,576,576
2713,1,1,1,1,1,1,1,1,0,1,0.00694444444444444,0.00694444444444444,0,0,0.00694444444444444,0.00694444444444444,1,1,0.00962505415893156,0.00962504744529724,1,0,576,576
2714,1,1,1,1,1,1,1,1,0,1,0.00694444444444444,0.00694444444444444,0,0,0.00694444444444444,0.00694444444444444,1,1,0.00686370635344391,0.00686371326446533,1,0,576,576
2715,1,1,1,1,1,1,1,1,0,1,0.00694444444444444,0.00694444444444444,0,0,0.00694444444444444,0.00694444444444444,1,1,0.00962505415893156,0.00962504744529724,1,0,576,576
2716,1,1,1,1,1,1,1,1,0,1,0.00694444444444444,0.00694444444444444,0,0,0.00694444444444444,0.00694444444444444,1,1,0.00686370635344391,0.00686371326446533,1,0,576,576
2717,1,1,1,1,1,1,1,1,0,1,0.00694444444444444,0.00694444444444444,0,0,0.00694444444444444,0.00694444444444444,1,1,0.00962505415893156,0.00962504744529724,1,0,576,576
2718,1,1,1,1,1,1,1,1,0,1,0.00694444444444444,0.00694444444444444,0,0,0.00694444444444444,0.00694444444444444,1,1,0.00686370635344391,0.00686371326446533,1,0,576,576
2719,1,1,1,1,1,1,1,1,0,1,0.00694444444444444,0.00694444444444444,0,0,0.00694444444444444,0.00694444444444444,1,1,0.00962505415893156,0.00962504744529724,1,0,576,576
2720,1,1,1,1,1,1,1,1,0,1,0.00694444444444444,0.00694444444444444,0,0,0.00694444444444444,0.00694444444444444,1,1,0.00686370635344391,0.00686371326446533,1,0,576,576
2721,1,1,1,1,1,1,1,1,0,1,0.00694444444444444,0.00694444444444444,0,0,0.00694444444444444,0.00694444444444444,1,1,0.00962505415893156,0.00962504744529724,1,0,576,576
2722,1,1,1,1,1,1,1,1,0,1,0.00694444444444444,0.00694444444444444,0,0,0.00694444444444444,0.00694444444444444,1,1,0.00686370635344391,0.00686371326446533,1,0,576,576
2723,1,1,1,1,1,1,1,1,0,1,0.00694444444444444,0.00694444444444444,0,0,0.00694444444444444,0.00694444444444444,1,1,0.00962505415893156,0.00962504744529724,1,0,576,576
2724,1,1,1,1,1,1,1,1,0,1,0.00694444444444444,0.00694444444444444,0,0,0.00694444444444444,0.00694444444444444,1,1,0.00686370635344391,0.00686371326446533,1,0,576,576
2725,1,1,1,1,1,1,1,1,0,1,0.00694444444444444,0.00694444444444444,0,0,0.00694444444444444,0.00694444444444444,1,1,0.00962505415893156,0.00962504744529724,1,0,576,576
2726,1,1,1,1,1,1,1,1,0,1,0.00694444444444444,0.00694444444444444,0,0,0.00694444444444444,0.00694444444444444,1,1,0.00686370635344391,0.00686371326446533,1,0,576,576
2727,1,1,1,1,1,1,1,1,0,1,0.00694444444444444,0.00694444444444444,0,0,0.00694444444444444,0.00694444444444444,1,1,0.00962505415893156,0.00962504744529724,1,0,576,576
2728,1,1,1,1,1,1,1,1,0,1,0.00694444444444444,0.00694444444444444,0,0,0.00694444444444444,0.00694444444444444,1,1,0.00686370635344391,0.00686371326446533,1,0,576,576
2729,1,1,1,1,1,1,1,1,0,1,0.00694444444444444,0.00694444444444444,0,0,0.00694444444444444,0.00694444444444444,1,1,0.00962505415893156,0.00962504744529724,1,0,576,576
2730,1,1,1,1,1,1,1,1,0,1,0.00694444444444444,0.00694444444444444,0,0,0.00694444444444444,0.00694444444444444,1,1,0.00686370635344391,0.00686371326446533,1,0,576,576
2731,1,1,1,1,1,1,1,1,0,1,0.00694444444444444,0.00694444444444444,0,0,0.00694444444444444,0.00694444444444444,1,1,0.00962505415893156,0.00962504744529724,1,0,576,576
2732,1,1,1,1,1,1,1,1,0,1,0.00694444444444444,0.00694444444444444,0,0,0.00694444444444444,0.00694444444444444,1,1,0.00686370635344391,0.00686371326446533,1,0,576,576
2733,1,1,1,1,1,1,1,1,0,1,0.00694444444444444,0.00694444444444444,0,0,0.00694444444444444,0.00694444444444444,1,1,0.00962505415893156,0.00962504744529724,1,0,576,576
2734,1,1,1,1,1,1,1,1,0,1,0.00694444444444444,0.00694444444444444,0,0,0.00694444444444444,0.00694444444444444,1,1,0.00686370635344391,0.00686371326446533,1,0,576,576
2735,1,1,1,1,1,1,1,1,0,1,0.00694444444444444,0.00694444444444444,0,0,0.00694444444444444,0.00694444444444444,1,1,0.00962505415893156,0.00962504744529724,1,0,576,576
2736,1,1,1,1,1,1,1,1,0,1,0.00694444444444444,0.00694444444444444,0,0,0.00694444444444444,0.00694444444444444,1,1,0.00686370635344391,0.00686371326446533,1,0,576,576
2737,1,1,1,1,1,1,1,1,0,1,0.00694444444444444,0.00694444444444444,0,0,0.00694444444444444,0.00694444444444444,1,1,0.00962505415893156,0.00962504744529724,1,0,576,576
2738,1,1,1,1,1,1,1,1,0,1,0.00694444444444444,0.00694444444444444,0,0,0.00694444444444444,0.00694444444444444,1,1,0.00686370635344391,0.00686371326446533,1,0,576,576
2739,1,1,1,1,1,1,1,1,0,1,0.00694444444444444,0.00694444444444444,0,0,0.00694444444444444,0.00694444444444444,1,1,0.00962505415893156,0.00962504744529724,1,0,576,576
2740,1,1,1,1,1,1,1,1,0,1,0.00694444444444444,0.00694444444444444,0,0,0.00694444444444444,0.00694444444444444,1,1,0.00686370635344391,0.00686371326446533,1,0,576,576
2741,1,1,1,1,1,1,1,1,0,1,0.00694444444444444,0.00694444444444444,0,0,0.00694444444444444,0.00694444444444444,1,1,0.00962505415893156,0.00962504744529724,1,0,576,576
2742,1,1,1,1,1,1,1,1,0,1,0.00694444444444444,0.00694444444444444,0,0,0.00694444444444444,0.00694444444444444,1,1,0.00686370635344391,0.00686371326446533,1,0,576,576
2743,1,1,1,1,1,1,1,1,0,1,0.00694444444444444,0.00694444444444444,0,0,0.00694444444444444,0.00694444444444444,1,1,0.00962505415893156,0.00962504744529724,1,0,576,576
2744,1,1,1,1,1,1,1,1,0,1,0.00694444444444444,0.00694444444444444,0,0,0.00694444444444444,0.00694444444444444,1,1,0.00686370635344391,0.00686371326446533,1,0,576,576
2745,1,1,1,1,1,1,1,1,0,1,0.00694444444444444,0.00694444444444444,0,0,0.00694444444444444,0.00694444444444444,1,1,0.00962505415893156,0.00962504744529724,1,0,576,576
2746,1,1,1,1,1,1,1,1,0,1,0.00694444444444444,0.00694444444444444,0,0,0.00694444444444444,0.00694444444444444,1,1,0.00686370635344391,0.00686371326446533,1,0,576,576
2747,1,1,1,1,1,1,1,1,0,1,0.00694444444444444,0.00694444444444444,0,0,0.00694444444444444,0.00694444444444444,1,1,0.00962505415893156,0.00962504744529724,1,0,576,576
2748,1,1,1,1,1,1,1,1,0,1,0.00694444444444444,0.00694444444444444,0,0,0.00694444444444444,0.00694444444444444,1,1,0.00686370635344391,0.00686371326446533,1,0,576,576
2749,1,1,1,1,1,1,1,1,0,1,0.00694444444444444,0.00694444444444444,0,0,0.00694444444444444,0.00694444444444444,1,1,0.00962505415893156,0.00962504744529724,1,0,576,576
2750,1,1,1,1,1,1,1,1,0,1,0.00694444444444444,0.00694444444444444,0,0,0.00694444444444444,0.00694444444444444,1,1,0.00686370635344391,0.00686371326446533,1,0,576,576
2751,1,1,1,1,1,1,1,1,0,1,0.00694444444444444,0.00694444444444444,0,0,0.00694444444444444,0.00694444444444444,1,1,0.00962505415893156,0.00962504744529724,1,0,576,576
2752,1,1,1,1,1,1,1,1,0,1,0.00694444444444444,0.00694444444444444,0,0,0.00694444444444444,0.00694444444444444,1,1,0.00686370635344391,0.00686371326446533,1,0,576,576
2753,1,1,1,1,1,1,1,1,0,1,0.00694444444444444,0.00694444444444444,0,0,0.00694444444444444,0.00694444444444444,1,1,0.00962505415893156,0.00962504744529724,1,0,576,576
2754,1,1,1,1,1,1,1,1,0,1,0.00694444444444444,0.00694444444444444,0,0,0.00694444444444444,0.00694444444444444,1,1,0.00686370635344391,0.00686371326446533,1,0,576,576
2755,1,1,1,1,1,1,1,1,0,1,0.00694444444444444,0.00694444444444444,0,0,0.00694444444444444,0.00694444444444444,1,1,0.00962505415893156,0.00962504744529724,1,0,576,576
2756,1,1,1,1,1,1,1,1,0,1,0.00694444444444444,0.00694444444444444,0,0,0.00694444444444444,0.00694444444444444,1,1,0.00686370635344391,0.00686371326446533,1,0,576,576
2757,1,1,1,1,1,1,1,1,0,1,0.00694444444444444,0.00694444444444444,0,0,0.00694444444444444,0.00694444444444444,1,1,0.00962505415893156,0.00962504744529724,1,0,576,576
2758,1,1,1,1,1,1,1,1,0,1,0.00694444444444444,0.00694444444444444,0,0,0.00694444444444444,0.00694444444444444,1,1,0.00686370635344391,0.00686371326446533,1,0,576,576
2759,1,1,1,1,1,1,1,1,0,1,0.00694444444444444,0.00694444444444444,0,0,0.00694444444444444,0.00694444444444444,1,1,0.00962505415893156,0.00962504744529724,1,0,576,576
2760,1,1,1,1,1,1,1,1,0,1,0.00694444444444444,0.00694444444444444,0,0,0.00694444444444444,0.00694444444444444,1,1,0.00686370635344391,0.00686371326446533,1,0,576,576
2761,1,1,1,1,1,1,1,1,0,1,0.00694444444444444,0.00694444444444444,0,0,0.00694444444444444,0.00694444444444444,1,1,0.00962505415893156,0.00962504744529724,1,0,576,576
2762,1,1,1,1,1,1,1,1,0,1,0.00694444444444444,0.00694444444444444,0,0,0.00694444444444444,0.00694444444444444,1,1,0.00686370635344391,0.00686371326446533,1,0,576,576
2763,1,1,1,1,1,1,1,1,0,1,0.00694444444444444,0.00694444444444444,0,0,0.00694444444444444,0.00694444444444444,1,1,0.00962505415893156,0.00962504744529724,1,0,576,576
2764,1,1,1,1,1,1,1,1,0,1,0.00694444444444444,0.00694444444444444,0,0,0.00694444444444444,0.00694444444444444,1,1,0.00686370635344391,0.00686371326446533,1,0,576,576
2765,1,1,1,1,1,1,1,1,0,1,0.00694444444444444,0.00694444444444444,0,0,0.00694444444444444,0.00694444444444444,1,1,0.00962505415893156,0.00962504744529724,1,0,576,576
2766,1,1,1,1,1,1,1,1,0,1,0.00694444444444444,0.00694444444444444,0,0,0.00694444444444444,0.00694444444444444,1,1,0.00686370635344391,0.00686371326446533,1,0,576,576
2767,1,1,1,1,1,1,1,1,0,1,0.00694444444444444,0.00694444444444444,0,0,0.00694444444444444,0.00694444444444444,1,1,0.00962505415893156,0.00962504744529724,1,0,576,576
2768,1,1,1,1,1,1,1,1,0,1,0.00694444444444444,0.00694444444444444,0,0,0.00694444444444444,0.00694444444444444,1,1,0.00686370635344391,0.00686371326446533,1,0,576,576
2769,1,1,1,1,1,1,1,1,0,1,0.00694444444444444,0.00694444444444444,0,0,0.00694444444444444,0.00694444444444444,1,1,0.00962505415893156,0.00962504744529724,1,0,576,576
2770,1,1,1,1,1,1,1,1,0,1,0.00694444444444444,0.00694444444444444,0,0,0.00694444444444444,0.00694444444444444,1,1,0.00686370635344391,0.00686371326446533,1,0,576,576
2771,1,1,1,1,1,1,1,1,0,1,0.00694444444444444,0.00694444444444444,0,0,0.00694444444444444,0.00694444444444444,1,1,0.00962505415893156,0.00962504744529724,1,0,576,576
2772,1,1,1,1,1,1,1,1,0,1,0.00694444444444444,0.00694444444444444,0,0,0.00694444444444444,0.00694444444444444,1,1,0.00686370635344391,0.00686371326446533,1,0,576,576
2773,1,1,1,1,1,1,1,1,0,1,0.00694444444444444,0.00694444444444444,0,0,0.00694444444444444,0.00694444444444444,1,1,0.00962505415893156,0.00962504744529724,1,0,576,576
2774,1,1,1,1,1,1,1,1,0,1,0.00694444444444444,0.00694444444444444,0,0,0.00694444444444444,0.00694444444444444,1,1,0.00686370635344391,0.00686371326446533,1,0,576,576
2775,1,1,1,1,1,1,1,1,0,1,0.00694444444444444,0.00694444444444444,0,0,0.00694444444444444,0.00694444444444444,1,1,0.00962505415893156,0.00962504744529724,1,0,576,576
2776,1,1,1,1,1,1,1,1,0,1,0.00694444444444444,0.00694444444444444,0,0,0.00694444444444444,0.00694444444444444,1,1,0.00686370635344391,0.00686371326446533,1,0,576,576
2777,1,1,1,1,1,1,1,1,0,1,0.00694444444444444,0.00694444444444444,0,0,0.00694444444444444,0.00694444444444444,1,1,0.00962505415893156,0.00962504744529724,1,0,576,576
2778,1,1,1,1,1,1,1,1,0,1,0.00694444444444444,0.00694444444444444,0,0,0.00694444444444444,0.00694444444444444,1,1,0.00686370635344391,0.00686371326446533,1,0,576,576
2779,1,1,1,1,1,1,1,1,0,1,0.00694444444444444,0.00694444444444444,0,0,0.00694444444444444,0.00694444444444444,1,1,0.00962505415893156,0.00962504744529724,1,0,576,576
2780,1,1,1,1,1,1,1,1,0,1,0.00694444444444444,0.00694444444444444,0,0,0.00694444444444444,0.00694444444444444,1,1,0.00686370635344391,0.00686371326446533,1,0,576,576
2781,1,1,1,1,1,1,1,1,0,1,0.00694444444444444,0.00694444444444444,0,0,0.00694444444444444,0.00694444444444444,1,1,0.00962505415893156,0.00962504744529724,1,0,576,576
2782,1,1,1,1,1,1,1,1,0,1,0.00694444444444444,0.00694444444444444,0,0,0.00694444444444444,0.00694444444444444,1,1,0.00686370635344391,0.00686371326446533,1,0,576,576
2783,1,1,1,1,1,1,1,1,0,1,0.00694444444444444,0.00694444444444444,0,0,0.00694444444444444,0.00694444444444444,1,1,0.00962505415893156,0.00962504744529724,1,0,576,576
2784,1,1,1,1,1,1,1,1,0,1,0.00694444444444444,0.00694444444444444,0,0,0.00694444444444444,0.00694444444444444,1,1,0.00686370635344391,0.00686371326446533,1,0,576,576
2785,1,1,1,1,1,1,1,1,0,1,0.00694444444444444,0.00694444444444444,0,0,0.00694444444444444,0.00694444444444444,1,1,0.00962505415893156,0.00962504744529724,1,0,576,576
2786,1,1,1,1,1,1,1,1,0,1,0.00694444444444444,0.00694444444444444,0,0,0.00694444444444444,0.00694444444444444,1,1,0.00686370635344391,0.00686371326446533,1,0,576,576
2787,1,1,1,1,1,1,1,1,0,1,0.00694444444444444,0.00694444444444444,0,0,0.00694444444444444,0.00694444444444444,1,1,0.00962505415893156,0.00962504744529724,1,0,576,576
2788,1,1,1,1,1,1,1,1,0,1,0.00694444444444444,0.00694444444444444,0,0,0.00694444444444444,0.00694444444444444,1,1,0.00686370635344391,0.00686371326446533,1,0,576,576
2789,1,1,1,1,1,1,1,1,0,1,0.00694444444444444,0.00694444444444444,0,0,0.00694444444444444,0.00694444444444444,1,1,0.00962505415893156,0.00962504744529724,1,0,576,576
2790,1,1,1,1,1,1,1,1,0,1,0.00694444444444444,0.00694444444444444,0,0,0.00694444444444444,0.00694444444444444,1,1,0.00686370635344391,0.00686371326446533,1,0,576,576
2791,1,1,1,1,1,1,1,1,0,1,0.00694444444444444,0.00694444444444444,0,0,0.00694444444444444,0.00694444444444444,1,1,0.00962505415893156,0.00962504744529724,1,0,576,576
2792,1,1,1,1,1,1,1,1,0,1,0.00694444444444444,0.00694444444444444,0,0,0.00694444444444444,0.00694444444444444,1,1,0.00686370635344391,0.00686371326446533,1,0,576,576
2793,1,1,1,1,1,1,1,1,0,1,0.00694444444444444,0.00694444444444444,0,0,0.00694444444444444,0.00694444444444444,1,1,0.00962505415893156,0.00962504744529724,1,0,576,576
2794,1,1,1,1,1,1,1,1,0,1,0.00694444444444444,0.00694444444444444,0,0,0.00694444444444444,0.00694444444444444,1,1,0.00686370635344391,0.00686371326446533,1,0,576,576
2795,1,1,1,1,1,1,1,1,0,1,0.00694444444444444,0.00694444444444444,0,0,0.00694444444444444,0.00694444444444444,1,1,0.00962505415893156,0.00962504744529724,1,0,576,576
2796,1,1,1,1,1,1,1,1,0,1,0.00694444444444444,0.00694444444444444,0,0,0.00694444444444444,0.00694444444444444,1,1,0.00686370635344391,0.00686371326446533,1,0,576,576
2797,1,1,1,1,1,1,1,1,0,1,0.00694444444444444,0.00694444444444444,0,0,0.00694444444444444,0.00694444444444444,1,1,0.00962505415893156,0.00962504744529724,1,0,576,576
2798,1,1,1,1,1,1,1,1,0,1,0.00694444444444444,0.00694444444444444,0,0,0.00694444444444444,0.00694444444444444,1,1,0.00686370635344391,0.00686371326446533,1,0,576,576
2799,1,1,1,1,1,1,1,1,0,1,0.00694444444444444,0.00694444444444444,0,0,0.00694444444444444,0.00694444444444444,1,1,0.00962505415893156,0.00962504744529724,1,0,576,576
2800,1,1,1,1,1,1,1,1,0,1,0.00694444444444444,0.00694444444444444,0,0,0.00694444444444444,0.00694444444444444,1,1,0.00686370635344391,0.00686371326446533,1,0,576,576
2801,1,1,1,1,1,1,1,1,0,1,0.00694444444444444,0.00694444444444444,0,0,0.00694444444444444,0.00694444444444444,1,1,0.00962505415893156,0.00962504744529724,1,0,576,576
2802,1,1,1,1,1,1,1,1,0,1,0.00694444444444444,0.00694444444444444,0,0,0.00694444444444444,0.00694444444444444,1,1,0.00686370635344391,0.00686371326446533,1,0,576,576
2803,1,1,1,1,1,1,1,1,0,1,0.00694444444444444,0.00694444444444444,0,0,0.00694444444444444,0.00694444444444444,1,1,0.00962505415893156,0.00962504744529724,1,0,576,576
2804,1,1,1,1,1,1,1,1,0,1,0.00694444444444444,0.00694444444444444,0,0,0.00694444444444444,0.00694444444444444,1,1,0.00686370635344391,0.00686371326446533,1,0,576,576
2805,1,1,1,1,1,1,1,1,0,1,0.00694444444444444,0.00694444444444444,0,0,0.00694444444444444,0.00694444444444444,1,1,0.00962505415893156,0.00962504744529724,1,0,576,576
2806,1,1,1,1,1,1,1,1,0,1,0.00694444444444444,0.00694444444444444,0,0,0.00694444444444444,0.00694444444444444,1,1,0.00686370635344391,0.00686371326446533,1,0,576,576
2807,1,1,1,1,1,1,1,1,0,1,0.00694444444444444,0.00694444444444444,0,0,0.00694444444444444,0.00694444444444444,1,1,0.00962505415893156,0.00962504744529724,1,0,576,576
2808,1,1,1,1,1,1,1,1,0,1,0.00694444444444444,0.00694444444444444,0,0,0.00694444444444444,0.00694444444444444,1,1,0.00686370635344391,0.00686371326446533,1,0,576,576
2809,1,1,1,1,1,1,1,1,0,1,0.00694444444444444,0.00694444444444444,0,0,0.00694444444444444,0.00694444444444444,1,1,0.00962505415893156,0.00962504744529724,1,0,576,576
2810,1,1,1,1,1,1,1,1,0,1,0.00694444444444444,0.00694444444444444,0,0,0.00694444444444444,0.00694444444444444,1,1,0.00686370635344391,0.00686371326446533,1,0,576,576
2811,1,1,1,1,1,1,1,1,0,1,0.00694444444444444,0.00694444444444444,0,0,0.00694444444444444,0.00694444444444444,1,1,0.00962505415893156,0.00962504744529724,1,0,576,576
2812,1,1,1,1,1,1,1,1,0,1,0.00694444444444444,0.00694444444444444,0,0,0.00694444444444444,0.00694444444444444,1,1,0.00686370635344391,0.00686371326446533,1,0,576,576
2813,1,1,1,1,1,1,1,1,0,1,0.00694444444444444,0.00694444444444444,0,0,0.00694444444444444,0.00694444444444444,1,1,0.00962505415893156,0.00962504744529724,1,0,576,576
2814,1,1,1,1,1,1,1,1,0,1,0.00694444444444444,0.00694444444444444,0,0,0.00694444444444444,0.00694444444444444,1,1,0.00686370635344391,0.00686371326446533,1,0,576,576
2815,1,1,1,1,1,1,1,1,0,1,0.00694444444444444,0.00694444444444444,0,0,0.00694444444444444,0.00694444444444444,1,1,0.00962505415893156,0.00962504744529724,1,0,576,576
2816,1,1,1,1,1,1,1,1,0,1,0.00694444444444444,0.00694444444444444,0,0,0.00694444444444444,0.00694444444444444,1,1,0.00686370635344391,0.00686371326446533,1,0,576,576
2817,1,1,1,1,1,1,1,1,0,1,0.00694444444444444,0.00694444444444444,0,0,0.00694444444444444,0.00694444444444444,1,1,0.00962505415893156,0.00962504744529724,1,0,576,576
2818,1,1,1,1,1,1,1,1,0,1,0.00694444444444444,0.00694444444444444,0,0,0.00694444444444444,0.00694444444444444,1,1,0.00686370635344391,0.00686371326446533,1,0,576,576
2819,1,1,1,1,1,1,1,1,0,1,0.00694444444444444,0.00694444444444444,0,0,0.00694444444444444,0.00694444444444444,1,1,0.00962505415893156,0.00962504744529724,1,0,576,576
2820,1,1,1,1,1,1,1,1,0,1,0.00694444444444444,0.00694444444444444,0,0,0.00694444444444444,0.00694444444444444,1,1,0.00686370635344391,0.00686371326446533,1,0,576,576
2821,1,1,1,1,1,1,1,1,0,1,0.00694444444444444,0.00694444444444444,0,0,0.00694444444444444,0.00694444444444444,1,1,0.00962505415893156,0.00962504744529724,1,0,576,576
2822,1,1,1,1,1,1,1,1,0,1,0.00694444444444444,0.00694444444444444,0,0,0.00694444444444444,0.00694444444444444,1,1,0.00686370635344391,0.00686371326446533,1,0,576,576
2823,1,1,1,1,1,1,1,1,0,1,0.00694444444444444,0.00694444444444444,0,0,0.00694444444444444,0.00694444444444444,1,1,0.00962505415893156,0.00962504744529724,1,0,576,576
2824,1,1,1,1,1,1,1,1,0,1,0.00694444444444444,0.00694444444444444,0,0,0.00694444444444444,0.00694444444444444,1,1,0.00686370635344391,0.00686371326446533,1,0,576,576
2825,1,1,1,1,1,1,1,1,0,1,0.00694444444444444,0.00694444444444444,0,0,0.00694444444444444,0.00694444444444444,1,1,0.00962505415893156,0.00962504744529724,1,0,576,576
2826,1,1,1,1,1,1,1,1,0,1,0.00694444444444444,0.00694444444444444,0,0,0.00694444444444444,0.00694444444444444,1,1,0.00686370635344391,0.00686371326446533,1,0,576,576
2827,1,1,1,1,1,1,1,1,0,1,0.00694444444444444,0.00694444444444444,0,0,0.00694444444444444,0.00694444444444444,1,1,0.00962505415893156,0.00962504744529724,1,0,576,576
2828,1,1,1,1,1,1,1,1,0,1,0.00694444444444444,0.00694444444444444,0,0,0.00694444444444444,0.00694444444444444,1,1,0.00686370635344391,0.00686371326446533,1,0,576,576
2829,1,1,1,1,1,1,1,1,0,1,0.00694444444444444,0.00694444444444444,0,0,0.00694444444444444,0.00694444444444444,1,1,0.00962505415893156,0.00962504744529724,1,0,576,576
2830,1,1,1,1,1,1,1,1,0,1,0.00694444444444444,0.00694444444444444,0,0,0.00694444444444444,0.00694444444444444,1,1,0.00686370635344391,0.00686371326446533,1,0,576,576
2831,1,1,1,1,1,1,1,1,0,1,0.00694444444444444,0.00694444444444444,0,0,0.00694444444444444,0.00694444444444444,1,1,0.00962505415893156,0.00962504744529724,1,0,576,576
2832,1,1,1,1,1,1,1,1,0,1,0.00694444444444444,0.00694444444444444,0,0,0.00694444444444444,0.00694444444444444,1,1,0.00686370635344391,0.00686371326446533,1,0,576,576
2833,1,1,1,1,1,1,1,1,0,1,0.00694444444444444,0.00694444444444444,0,0,0.00694444444444444,0.00694444444444444,1,1,0.00962505415893156,0.00962504744529724,1,0,576,576
2834,1,1,1,1,1,1,1,1,0,1,0.00694444444444444,0.00694444444444444,0,0,0.00694444444444444,0.00694444444444444,1,1,0.00686370635344391,0.00686371326446533,1,0,576,576
2835,1,1,1,1,1,1,1,1,0,1,0.00694444444444444,0.00694444444444444,0,0,0.00694444444444444,0.00694444444444444,1,1,0.00962505415893156,0.00962504744529724,1,0,576,576
2836,1,1,1,1,1,1,1,1,0,1,0.00694444444444444,0.00694444444444444,0,0,0.00694444444444444,0.00694444444444444,1,1,0.00686370635344391,0.00686371326446533,1,0,576,576
2837,1,1,1,1,1,1,1,1,0,1,0.00694444444444444,0.00694444444444444,0,0,0.00694444444444444,0.00694444444444444,1,1,0.00962505415893156,0.00962504744529724,1,0,576,576
2838,1,1,1,1,1,1,1,1,0,1,0.00694444444444444,0.00694444444444444,0,0,0.00694444444444444,0.00694444444444444,1,1,0.00686370635344391,0.00686371326446533,1,0,576,576
2839,1,1,1,1,1,1,1,1,0,1,0.00694444444444444,0.00694444444444444,0,0,0.00694444444444444,0.00694444444444444,1,1,0.00962505415893156,0.00962504744529724,1,0,576,576
2840,1,1,1,1,1,1,1,1,0,1,0.00694444444444444,0.00694444444444444,0,0,0.00694444444444444,0.00694444444444444,1,1,0.00686370635344391,0.00686371326446533,1,0,576,576
2841,1,1,1,1,1,1,1,1,0,1,0.00694444444444444,0.00694444444444444,0,0,0.00694444444444444,0.00694444444444444,1,1,0.00962505415893156,0.00962504744529724,1,0,576,576
2842,1,1,1,1,1,1,1,1,0,1,0.00694444444444444,0.00694444444444444,0,0,0.00694444444444444,0.00694444444444444,1,1,0.00686370635344391,0.00686371326446533,1,0,576,576
2843,1,1,1,1,1,1,1,1,0,1,0.00694444444444444,0.00694444444444444,0,0,0.00694444444444444,0.00694444444444444,1,1,0.00962505415893156,0.00962504744529724,1,0,576,576
2844,1,1,1,1,1,1,1,1,0,1,0.00694444444444444,0.00694444444444444,0,0,0.00694444444444444,0.00694444444444444,1,1,0.00686370635344391,0.00686371326446533,1,0,576,576
2845,1,1,1,1,1,1,1,1,0,1,0.00694444444444444,0.00694444444444444,0,0,0.00694444444444444,0.00694444444444444,1,1,0.00962505415893156,0.00962504744529724,1,0,576,576
2846,1,1,1,1,1,1,1,1,0,1,0.00694444444444444,0.00694444444444444,0,0,0.00694444444444444,0.00694444444444444,1,1,0.00686370635344391,0.00686371326446533,1,0,576,576
2847,1,1,1,1,1,1,1,1,0,1,0.00694444444444444,0.00694444444444444,0,0,0.00694444444444444,0.00694444444444444,1,1,0.00962505415893156,0.00962504744529724,1,0,576,576
2848,1,1,1,1,1,1,1,1,0,1,0.00694444444444444,0.00694444444444444,0,0,0.00694444444444444,0.00694444444444444,1,1,0.00686370635344391,0.00686371326446533,1,0,576,576
2849,1,1,1,1,1,1,1,1,0,1,0.00694444444444444,0.00694444444444444,0,0,0.00694444444444444,0.00694444444444444,1,1,0.00962505415893156,0.00962504744529724,1,0,576,576
2850,1,1,1,1,1,1,1,1,0,1,0.00694444444444444,0.00694444444444444,0,0,0.00694444444444444,0.00694444444444444,1,1,0.00686370635344391,0.00686371326446533,1,0,576,576
2851,1,1,1,1,1,1,1,1,0,1,0.00694444444444444,0.00694444444444444,0,0,0.00694444444444444,0.00694444444444444,1,1,0.00962505415893156,0.00962504744529724,1,0,576,576
2852,1,1,1,1,1,1,1,1,0,1,0.00694444444444444,0.00694444444444444,0,0,0.00694444444444444,0.00694444444444444,1,1,0.00686370635344391,0.00686371326446533,1,0,576,576
2853,1,1,1,1,1,1,1,1,0,1,0.00694444444444444,0.00694444444444444,0,0,0.00694444444444444,0.00694444444444444,1,1,0.00962505415893156,0.00962504744529724,1,0,576,576
2854,1,1,1,1,1,1,1,1,0,1,0.00694444444444444,0.00694444444444444,0,0,0.00694444444444444,0.00694444444444444,1,1,0.00686370635344391,0.00686371326446533,1,0,576,576
2855,1,1,1,1,1,1,1,1,0,1,0.00694444444444444,0.00694444444444444,0,0,0.00694444444444444,0.00694444444444444,1,1,0.00962505415893156,0.00962504744529724,1,0,576,576
2856,1,1,1,1,1,1,1,1,0,1,0.00694444444444444,0.00694444444444444,0,0,0.00694444444444444,0.00694444444444444,1,1,0.00686370635344391,0.00686371326446533,1,0,576,576
2857,1,1,1,1,1,1,1,1,0,1,0.00694444444444444,0.00694444444444444,0,0,0.00694444444444444,0.00694444444444444,1,1,0.00962505415893156,0.00962504744529724,1,0,576,576
2858,1,1,1,1,1,1,1,1,0,1,0.00694444444444444,0.00694444444444444,0,0,0.00694444444444444,0.00694444444444444,1,1,0.00686370635344391,0.00686371326446533,1,0,576,576
2859,1,1,1,1,1,1,1,1,0,1,0.00694444444444444,0.00694444444444444,0,0,0.00694444444444444,0.00694444444444444,1,1,0.00962505415893156,0.00962504744529724,1,0,576,576
2860,1,1,1,1,1,1,1,1,0,1,0.00694444444444444,0.00694444444444444,0,0,0.00694444444444444,0.00694444444444444,1,1,0.00686370635344391,0.00686371326446533,1,0,576,576
2861,1,1,1,1,1,1,1,1,0,1,0.00694444444444444,0.00694444444444444,0,0,0.00694444444444444,0.00694444444444444,1,1,0.00962505415893156,0.00962504744529724,1,0,576,576
2862,1,1,1,1,1,1,1,1,0,1,0.00694444444444444,0.00694444444444444,0,0,0.00694444444444444,0.00694444444444444,1,1,0.00686370635344391,0.00686371326446533,1,0,576,576
2863,1,1,1,1,1,1,1,1,0,1,0.00694444444444444,0.00694444444444444,0,0,0.00694444444444444,0.00694444444444444,1,1,0.00962505415893156,0.00962504744529724,1,0,576,576
2864,1,1,1,1,1,1,1,1,0,1,0.00694444444444444,0.00694444444444444,0,0,0.00694444444444444,0.00694444444444444,1,1,0.00686370635344391,0.00686371326446533,1,0,576,576
2865,1,1,1,1,1,1,1,1,0,1,0.00694444444444444,0.00694444444444444,0,0,0.00694444444444444,0.00694444444444444,1,1,0.00962505415893156,0.00962504744529724,1,0,576,576
2866,1,1,1,1,1,1,1,1,0,1,0.00694444444444444,0.00694444444444444,0,0,0.00694444444444444,0.00694444444444444,1,1,0.00686370635344391,0.00686371326446533,1,0,576,576
2867,1,1,1,1,1,1,1,1,0,1,0.00694444444444444,0.00694444444444444,0,0,0.00694444444444444,0.00694444444444444,1,1,0.00962505415893156,0.00962504744529724,1,0,576,576
2868,1,1,1,1,1,1,1,1,0,1,0.00694444444444444,0.00694444444444444,0,0,0.00694444444444444,0.00694444444444444,1,1,0.00686370635344391,0.00686371326446533,1,0,576,576
2869,1,1,1,1,1,1,1,1,0,1,0.00694444444444444,0.00694444444444444,0,0,0.00694444444444444,0.00694444444444444,1,1,0.00962505415893156,0.00962504744529724,1,0,576,576
2870,1,1,1,1,1,1,1,1,0,1,0.00694444444444444,0.00694444444444444,0,0,0.00694444444444444,0.00694444444444444,1,1,0.00686370635344391,0.00686371326446533,1,0,576,576
2871,1,1,1,1,1,1,1,1,0,1,0.00694444444444444,0.00694444444444444,0,0,0.00694444444444444,0.00694444444444444,1,1,0.00962505415893156,0.00962504744529724,1,0,576,576
2872,1,1,1,1,1,1,1,1,0,1,0.00694444444444444,0.00694444444444444,0,0,0.00694444444444444,0.00694444444444444,1,1,0.00686370635344391,0.00686371326446533,1,0,576,576
2873,1,1,1,1,1,1,1,1,0,1,0.00694444444444444,0.00694444444444444,0,0,0.00694444444444444,0.00694444444444444,1,1,0.00962505415893156,0.00962504744529724,1,0,576,576
2874,1,1,1,1,1,1,1,1,0,1,0.00694444444444444,0.00694444444444444,0,0,0.00694444444444444,0.00694444444444444,1,1,0.00686370635344391,0.00686371326446533,1,0,576,576
2875,1,1,1,1,1,1,1,1,0,1,0.00694444444444444,0.00694444444444444,0,0,0.00694444444444444,0.00694444444444444,1,1,0.00962505415893156,0.00962504744529724,1,0,576,576
2876,1,1,1,1,1,1,1,1,0,1,0.00694444444444444,0.00694444444444444,0,0,0.00694444444444444,0.00694444444444444,1,1,0.00686370635344391,0.00686371326446533,1,0,576,576
2877,1,1,1,1,1,1,1,1,0,1,0.00694444444444444,0.00694444444444444,0,0,0.00694444444444444,0.00694444444444444,1,1,0.00962505415893156,0.00962504744529724,1,0,576,576
2878,1,1,1,1,1,1,1,1,0,1,0.00694444444444444,0.00694444444444444,0,0,0.00694444444444444,0.00694444444444444,1,1,0.00686370635344391,0.00686371326446533,1,0,576,576
2879,1,1,1,1,1,1,1,1,0,1,0.00694444444444444,0.00694444444444444,0,0,0.00694444444444444,0.00694444444444444,1,1,0.00962505415893156,0.00962504744529724,1,0,576,576
2880,1,1,1,1,1,1,1,1,0,1,0.00694444444444444,0.00694444444444444,0,0,0.00694444444444444,0.00694444444444444,1,1,0.00686370635344391,0.00686371326446533,1,0,576,576
2881,1,1,1,1,1,1,1,1,0,1,0.00694444444444444,0.00694444444444444,0,0,0.00694444444444444,0.00694444444444444,1,1,0.00962505415893156,0.00962504744529724,1,0,576,576
2882,1,1,1,1,1,1,1,1,0,1,0.00694444444444444,0.00694444444444444,0,0,0.00694444444444444,0.00694444444444444,1,1,0.00686370635344391,0.00686371326446533,1,0,576,576
2883,1,1,1,1,1,1,1,1,0,1,0.00694444444444444,0.00694444444444444,0,0,0.00694444444444444,0.00694444444444444,1,1,0.00962505415893156,0.00962504744529724,1,0,576,576
2884,1,1,1,1,1,1,1,1,0,1,0.00694444444444444,0.00694444444444444,0,0,0.00694444444444444,0.00694444444444444,1,1,0.00686370635344391,0.00686371326446533,1,0,576,576
2885,1,1,1,1,1,1,1,1,0,1,0.00694444444444444,0.00694444444444444,0,0,0.00694444444444444,0.00694444444444444,1,1,0.00962505415893156,0.00962504744529724,1,0,576,576
2886,1,1,1,1,1,1,1,1,0,1,0.00694444444444444,0.00694444444444444,0,0,0.00694444444444444,0.00694444444444444,1,1,0.00686370635344391,0.00686371326446533,1,0,576,576
2887,1,1,1,1,1,1,1,1,0,1,0.00694444444444444,0.00694444444444444,0,0,0.00694444444444444,0.00694444444444444,1,1,0.00962505415893156,0.00962504744529724,1,0,576,576
2888,1,1,1,1,1,1,1,1,0,1,0.00694444444444444,0.00694444444444444,0,0,0.00694444444444444,0.00694444444444444,1,1,0.00686370635344391,0.00686371326446533,1,0,576,576
2889,1,1,1,1,1,1,1,1,0,1,0.00694444444444444,0.00694444444444444,0,0,0.00694444444444444,0.00694444444444444,1,1,0.00962505415893156,0.00962504744529724,1,0,576,576
2890,1,1,1,1,1,1,1,1,0,1,0.00694444444444444,0.00694444444444444,0,0,0.00694444444444444,0.00694444444444444,1,1,0.00686370635344391,0.00686371326446533,1,0,576,576
2891,1,1,1,1,1,1,1,1,0,1,0.00694444444444444,0.00694444444444444,0,0,0.00694444444444444,0.00694444444444444,1,1,0.00962505415893156,0.00962504744529724,1,0,576,576
2892,1,1,1,1,1,1,1,1,0,1,0.00694444444444444,0.00694444444444444,0,0,0.00694444444444444,0.00694444444444444,1,1,0.00686370635344391,0.00686371326446533,1,0,576,576
2893,1,1,1,1,1,1,1,1,0,1,0.00694444444444444,0.00694444444444444,0,0,0.00694444444444444,0.00694444444444444,1,1,0.00962505415893156,0.00962504744529724,1,0,576,576
2894,1,1,1,1,1,1,1,1,0,1,0.00694444444444444,0.00694444444444444,0,0,0.00694444444444444,0.00694444444444444,1,1,0.00686370635344391,0.00686371326446533,1,0,576,576
2895,1,1,1,1,1,1,1,1,0,1,0.00694444444444444,0.00694444444444444,0,0,0.00694444444444444,0.00694444444444444,1,1,0.00962505415893156,0.00962504744529724,1,0,576,576
2896,1,1,1,1,1,1,1,1,0,1,0.00694444444444444,0.00694444444444444,0,0,0.00694444444444444,0.00694444444444444,1,1,0.00686370635344391,0.00686371326446533,1,0,576,576
2897,1,1,1,1,1,1,1,1,0,1,0.00694444444444444,0.00694444444444444,0,0,0.00694444444444444,0.00694444444444444,1,1,0.00962505415893156,0.00962504744529724,1,0,576,576
2898,1,1,1,1,1,1,1,1,0,1,0.00694444444444444,0.00694444444444444,0,0,0.00694444444444444,0.00694444444444444,1,1,0.00686370635344391,0.00686371326446533,1,0,576,576
2899,1,1,1,1,1,1,1,1,0,1,0.00694444444444444,0.00694444444444444,0,0,0.00694444444444444,0.00694444444444444,1,1,0.00962505415893156,0.00962504744529724,1,0,576,576
2900,1,1,1,1,1,1,1,1,0,1,0.00694444444444444,0.00694444444444444,0,0,0.00694444444444444,0.00694444444444444,1,1,0.00686370635344391,0.00686371326446533,1,0,576,576
2901,1,1,1,1,1,1,1,1,0,1,0.00694444444444444,0.00694444444444444,0,0,0.00694444444444444,0.00694444444444444,1,1,0.00962505415893156,0.00962504744529724,1,0,576,576
2902,1,1,1,1,1,1,1,1,0,1,0.00694444444444444,0.00694444444444444,0,0,0.00694444444444444,0.00694444444444444,1,1,0.00686370635344391,0.00686371326446533,1,0,576,576
2903,1,1,1,1,1,1,1,1,0,1,0.00694444444444444,0.00694444444444444,0,0,0.00694444444444444,0.00694444444444444,1,1,0.00962505415893156,0.00962504744529724,1,0,576,576
2904,1,1,1,1,1,1,1,1,0,1,0.00694444444444444,0.00694444444444444,0,0,0.00694444444444444,0.00694444444444444,1,1,0.00686370635344391,0.00686371326446533,1,0,576,576
2905,1,1,1,1,1,1,1,1,0,1,0.00694444444444444,0.00694444444444444,0,0,0.00694444444444444,0.00694444444444444,1,1,0.00962505415893156,0.00962504744529724,1,0,576,576
2906,1,1,1,1,1,1,1,1,0,1,0.00694444444444444,0.00694444444444444,0,0,0.00694444444444444,0.00694444444444444,1,1,0.00686370635344391,0.00686371326446533,1,0,576,576
2907,1,1,1,1,1,1,1,1,0,1,0.00694444444444444,0.00694444444444444,0,0,0.00694444444444444,0.00694444444444444,1,1,0.00962505415893156,0.00962504744529724,1,0,576,576
2908,1,1,1,1,1,1,1,1,0,1,0.00694444444444444,0.00694444444444444,0,0,0.00694444444444444,0.00694444444444444,1,1,0.00686370635344391,0.00686371326446533,1,0,576,576
2909,1,1,1,1,1,1,1,1,0,1,0.00694444444444444,0.00694444444444444,0,0,0.00694444444444444,0.00694444444444444,1,1,0.00962505415893156,0.00962504744529724,1,0,576,576
2910,1,1,1,1,1,1,1,1,0,1,0.00694444444444444,0.00694444444444444,0,0,0.00694444444444444,0.00694444444444444,1,1,0.00686370635344391,0.00686371326446533,1,0,576,576
2911,1,1,1,1,1,1,1,1,0,1,0.00694444444444444,0.00694444444444444,0,0,0.00694444444444444,0.00694444444444444,1,1,0.00962505415893156,0.00962504744529724,1,0,576,576
2912,1,1,1,1,1,1,1,1,0,1,0.00694444444444444,0.00694444444444444,0,0,0.00694444444444444,0.00694444444444444,1,1,0.00686370635344391,0.00686371326446533,1,0,576,576
2913,1,1,1,1,1,1,1,1,0,1,0.00694444444444444,0.00694444444444444,0,0,0.00694444444444444,0.00694444444444444,1,1,0.00962505415893156,0.00962504744529724,1,0,576,576
2914,1,1,1,1,1,1,1,1,0,1,0.00694444444444444,0.00694444444444444,0,0,0.00694444444444444,0.00694444444444444,1,1,0.00686370635344391,0.00686371326446533,1,0,576,576
2915,1,1,1,1,1,1,1,1,0,1,0.00694444444444444,0.00694444444444444,0,0,0.00694444444444444,0.00694444444444444,1,1,0.00962505415893156,0.00962504744529724,1,0,576,576
2916,1,1,1,1,1,1,1,1,0,1,0.00694444444444444,0.00694444444444444,0,0,0.00694444444444444,0.00694444444444444,1,1,0.00686370635344391,0.00686371326446533,1,0,576,576
2917,1,1,1,1,1,1,1,1,0,1,0.00694444444444444,0.00694444444444444,0,0,0.00694444444444444,0.00694444444444444,1,1,0.00962505415893156,0.00962504744529724,1,0,576,576
2918,1,1,1,1,1,1,1,1,0,1,0.00694444444444444,0.00694444444444444,0,0,0.00694444444444444,0.00694444444444444,1,1,0.00686370635344391,0.00686371326446533,1,0,576,576
2919,1,1,1,1,1,1,1,1,0,1,0.00694444444444444,0.00694444444444444,0,0,0.00694444444444444,0.00694444444444444,1,1,0.00962505415893156,0.00962504744529724,1,0,576,576
2920,1,1,1,1,1,1,1,1,0,1,0.00694444444444444,0.00694444444444444,0,0,0.00694444444444444,0.00694444444444444,1,1,0.00686370635344391,0.00686371326446533,1,0,576,576
2921,1,1,1,1,1,1,1,1,0,1,0.00694444444444444,0.00694444444444444,0,0,0.00694444444444444,0.00694444444444444,1,1,0.00962505415893156,0.00962504744529724,1,0,576,576
2922,1,1,1,1,1,1,1,1,0,1,0.00694444444444444,0.00694444444444444,0,0,0.00694444444444444,0.00694444444444444,1,1,0.00686370635344391,0.00686371326446533,1,0,576,576
2923,1,1,1,1,1,1,1,1,0,1,0.00694444444444444,0.00694444444444444,0,0,0.00694444444444444,0.00694444444444444,1,1,0.00962505415893156,0.00962504744529724,1,0,576,576
2924,1,1,1,1,1,1,1,1,0,1,0.00694444444444444,0.00694444444444444,0,0,0.00694444444444444,0.00694444444444444,1,1,0.00686370635344391,0.00686371326446533,1,0,576,576
2925,1,1,1,1,1,1,1,1,0,1,0.00694444444444444,0.00694444444444444,0,0,0.00694444444444444,0.00694444444444444,1,1,0.00962505415893156,0.00962504744529724,1,0,576,576
2926,1,1,1,1,1,1,1,1,0,1,0.00694444444444444,0.00694444444444444,0,0,0.00694444444444444,0.00694444444444444,1,1,0.00686370635344391,0.00686371326446533,1,0,576,576
2927,1,1,1,1,1,1,1,1,0,1,0.00694444444444444,0.00694444444444444,0,0,0.00694444444444444,0.00694444444444444,1,1,0.00962505415893156,0.00962504744529724,1,0,576,576
2928,1,1,1,1,1,1,1,1,0,1,0.00694444444444444,0.00694444444444444,0,0,0.00694444444444444,0.00694444444444444,1,1,0.00686370635344391,0.00686371326446533,1,0,576,576
2929,1,1,1,1,1,1,1,1,0,1,0.00694444444444444,0.00694444444444444,0,0,0.00694444444444444,0.00694444444444444,1,1,0.00962505415893156,0.00962504744529724,1,0,576,576
2930,1,1,1,1,1,1,1,1,0,1,0.00694444444444444,0.00694444444444444,0,0,0.00694444444444444,0.00694444444444444,1,1,0.00686370635344391,0.00686371326446533,1,0,576,576
2931,1,1,1,1,1,1,1,1,0,1,0.00694444444444444,0.00694444444444444,0,0,0.00694444444444444,0.00694444444444444,1,1,0.00962505415893156,0.00962504744529724,1,0,576,576
2932,1,1,1,1,1,1,1,1,0,1,0.00694444444444444,0.00694444444444444,0,0,0.00694444444444444,0.00694444444444444,1,1,0.00686370635344391,0.00686371326446533,1,0,576,576
2933,1,1,1,1,1,1,1,1,0,1,0.00694444444444444,0.00694444444444444,0,0,0.00694444444444444,0.00694444444444444,1,1,0.00962505415893156,0.00962504744529724,1,0,576,576
2934,1,1,1,1,1,1,1,1,0,1,0.00694444444444444,0.00694444444444444,0,0,0.00694444444444444,0.00694444444444444,1,1,0.00686370635344391,0.00686371326446533,1,0,576,576
2935,1,1,1,1,1,1,1,1,0,1,0.00694444444444444,0.00694444444444444,0,0,0.00694444444444444,0.00694444444444444,1,1,0.00962505415893156,0.00962504744529724,1,0,576,576
2936,1,1,1,1,1,1,1,1,0,1,0.00694444444444444,0.00694444444444444,0,0,0.00694444444444444,0.00694444444444444,1,1,0.00686370635344391,0.00686371326446533,1,0,576,576
2937,1,1,1,1,1,1,1,1,0,1,0.00694444444444444,0.00694444444444444,0,0,0.00694444444444444,0.00694444444444444,1,1,0.00962505415893156,0.00962504744529724,1,0,576,576
2938,1,1,1,1,1,1,1,1,0,1,0.00694444444444444,0.00694444444444444,0,0,0.00694444444444444,0.00694444444444444,1,1,0.00686370635344391,0.00686371326446533,1,0,576,576
2939,1,1,1,1,1,1,1,1,0,1,0.00694444444444444,0.00694444444444444,0,0,0.00694444444444444,0.00694444444444444,1,1,0.00962505415893156,0.00962504744529724,1,0,576,576
2940,1,1,1,1,1,1,1,1,0,1,0.00694444444444444,0.00694444444444444,0,0,0.00694444444444444,0.00694444444444444,1,1,0.00686370635344391,0.00686371326446533,1,0,576,576
2941,1,1,1,1,1,1,1,1,0,1,0.00694444444444444,0.00694444444444444,0,0,0.00694444444444444,0.00694444444444444,1,1,0.00962505415893156,0.00962504744529724,1,0,576,576
2942,1,1,1,1,1,1,1,1,0,1,0.00694444444444444,0.00694444444444444,0,0,0.00694444444444444,0.00694444444444444,1,1,0.00686370635344391,0.00686371326446533,1,0,576,576
2943,1,1,1,1,1,1,1,1,0,1,0.00694444444444444,0.00694444444444444,0,0,0.00694444444444444,0.00694444444444444,1,1,0.00962505415893156,0.00962504744529724,1,0,576,576
2944,1,1,1,1,1,1,1,1,0,1,0.00694444444444444,0.00694444444444444,0,0,0.00694444444444444,0.00694444444444444,1,1,0.00686370635344391,0.00686371326446533,1,0,576,576
2945,1,1,1,1,1,1,1,1,0,1,0.00694444444444444,0.00694444444444444,0,0,0.00694444444444444,0.00694444444444444,1,1,0.00962505415893156,0.00962504744529724,1,0,576,576
2946,1,1,1,1,1,1,1,1,0,1,0.00694444444444444,0.00694444444444444,0,0,0.00694444444444444,0.00694444444444444,1,1,0.00686370635344391,0.00686371326446533,1,0,576,576
2947,1,1,1,1,1,1,1,1,0,1,0.00694444444444444,0.00694444444444444,0,0,0.00694444444444444,0.00694444444444444,1,1,0.00962505415893156,0.00962504744529724,1,0,576,576
2948,1,1,1,1,1,1,1,1,0,1,0.00694444444444444,0.00694444444444444,0,0,0.00694444444444444,0.00694444444444444,1,1,0.00686370635344391,0.00686371326446533,1,0,576,576
2949,1,1,1,1,1,1,1,1,0,1,0.00694444444444444,0.00694444444444444,0,0,0.00694444444444444,0.00694444444444444,1,1,0.00962505415893156,0.00962504744529724,1,0,576,576
2950,1,1,1,1,1,1,1,1,0,1,0.00694444444444444,0.00694444444444444,0,0,0.00694444444444444,0.00694444444444444,1,1,0.00686370635344391,0.00686371326446533,1,0,576,576
2951,1,1,1,1,1,1,1,1,0,1,0.00694444444444444,0.00694444444444444,0,0,0.00694444444444444,0.00694444444444444,1,1,0.00962505415893156,0.00962504744529724,1,0,576,576
2952,1,1,1,1,1,1,1,1,0,1,0.00694444444444444,0.00694444444444444,0,0,0.00694444444444444,0.00694444444444444,1,1,0.00686370635344391,0.00686371326446533,1,0,576,576
2953,1,1,1,1,1,1,1,1,0,1,0.00694444444444444,0.00694444444444444,0,0,0.00694444444444444,0.00694444444444444,1,1,0.00962505415893156,0.00962504744529724,1,0,576,576
2954,1,1,1,1,1,1,1,1,0,1,0.00694444444444444,0.00694444444444444,0,0,0.00694444444444444,0.00694444444444444,1,1,0.00686370635344391,0.00686371326446533,1,0,576,576
2955,1,1,1,1,1,1,1,1,0,1,0.00694444444444444,0.00694444444444444,0,0,0.00694444444444444,0.00694444444444444,1,1,0.00962505415893156,0.00962504744529724,1,0,576,576
2956,1,1,1,1,1,1,1,1,0,1,0.00694444444444444,0.00694444444444444,0,0,0.00694444444444444,0.00694444444444444,1,1,0.00686370635344391,0.00686371326446533,1,0,576,576
2957,1,1,1,1,1,1,1,1,0,1,0.00694444444444444,0.00694444444444444,0,0,0.00694444444444444,0.00694444444444444,1,1,0.00962505415893156,0.00962504744529724,1,0,576,576
2958,1,1,1,1,1,1,1,1,0,1,0.00694444444444444,0.00694444444444444,0,0,0.00694444444444444,0.00694444444444444,1,1,0.00686370635344391,0.00686371326446533,1,0,576,576
2959,1,1,1,1,1,1,1,1,0,1,0.00694444444444444,0.00694444444444444,0,0,0.00694444444444444,0.00694444444444444,1,1,0.00962505415893156,0.00962504744529724,1,0,576,576
2960,1,1,1,1,1,1,1,1,0,1,0.00694444444444444,0.00694444444444444,0,0,0.00694444444444444,0.00694444444444444,1,1,0.00686370635344391,0.00686371326446533,1,0,576,576
2961,1,1,1,1,1,1,1,1,0,1,0.00694444444444444,0.00694444444444444,0,0,0.00694444444444444,0.00694444444444444,1,1,0.00962505415893156,0.00962504744529724,1,0,576,576
2962,1,1,1,1,1,1,1,1,0,1,0.00694444444444444,0.00694444444444444,0,0,0.00694444444444444,0.00694444444444444,1,1,0.00686370635344391,0.00686371326446533,1,0,576,576
2963,1,1,1,1,1,1,1,1,0,1,0.00694444444444444,0.00694444444444444,0,0,0.00694444444444444,0.00694444444444444,1,1,0.00962505415893156,0.00962504744529724,1,0,576,576
2964,1,1,1,1,1,1,1,1,0,1,0.00694444444444444,0.00694444444444444,0,0,0.00694444444444444,0.00694444444444444,1,1,0.00686370635344391,0.00686371326446533,1,0,576,576
2965,1,1,1,1,1,1,1,1,0,1,0.00694444444444444,0.00694444444444444,0,0,0.00694444444444444,0.00694444444444444,1,1,0.00962505415893156,0.00962504744529724,1,0,576,576
2966,1,1,1,1,1,1,1,1,0,1,0.00694444444444444,0.00694444444444444,0,0,0.00694444444444444,0.00694444444444444,1,1,0.00686370635344391,0.00686371326446533,1,0,576,576
2967,1,1,1,1,1,1,1,1,0,1,0.00694444444444444,0.00694444444444444,0,0,0.00694444444444444,0.00694444444444444,1,1,0.00962505415893156,0.00962504744529724,1,0,576,576
2968,1,1,1,1,1,1,1,1,0,1,0.00694444444444444,0.00694444444444444,0,0,0.00694444444444444,0.00694444444444444,1,1,0.00686370635344391,0.00686371326446533,1,0,576,576
2969,1,1,1,1,1,1,1,1,0,1,0.00694444444444444,0.00694444444444444,0,0,0.00694444444444444,0.00694444444444444,1,1,0.00962505415893156,0.00962504744529724,1,0,576,576
2970,1,1,1,1,1,1,1,1,0,1,0.00694444444444444,0.00694444444444444,0,0,0.00694444444444444,0.00694444444444444,1,1,0.00686370635344391,0.00686371326446533,1,0,576,576
2971,1,1,1,1,1,1,1,1,0,1,0.00694444444444444,0.00694444444444444,0,0,0.00694444444444444,0.00694444444444444,1,1,0.00962505415893156,0.00962504744529724,1,0,576,576
2972,1,1,1,1,1,1,1,1,0,1,0.00694444444444444,0.00694444444444444,0,0,0.00694444444444444,0.00694444444444444,1,1,0.00686370635344391,0.00686371326446533,1,0,576,576
2973,1,1,1,1,1,1,1,1,0,1,0.00694444444444444,0.00694444444444444,0,0,0.00694444444444444,0.00694444444444444,1,1,0.00962505415893156,0.00962504744529724,1,0,576,576
2974,1,1,1,1,1,1,1,1,0,1,0.00694444444444444,0.00694444444444444,0,0,0.00694444444444444,0.00694444444444444,1,1,0.00686370635344391,0.00686371326446533,1,0,576,576
2975,1,1,1,1,1,1,1,1,0,1,0.00694444444444444,0.00694444444444444,0,0,0.00694444444444444,0.00694444444444444,1,1,0.00962505415893156,0.00962504744529724,1,0,576,576
2976,1,1,1,1,1,1,1,1,0,1,0.00694444444444444,0.00694444444444444,0,0,0.00694444444444444,0.00694444444444444,1,1,0.00686370635344391,0.00686371326446533,1,0,576,576
2977,1,1,1,1,1,1,1,1,0,1,0.00694444444444444,0.00694444444444444,0,0,0.00694444444444444,0.00694444444444444,1,1,0.00962505415893156,0.00962504744529724,1,0,576,576
2978,1,1,1,1,1,1,1,1,0,1,0.00694444444444444,0.00694444444444444,0,0,0.00694444444444444,0.00694444444444444,1,1,0.00686370635344391,0.00686371326446533,1,0,576,576
2979,1,1,1,1,1,1,1,1,0,1,0.00694444444444444,0.00694444444444444,0,0,0.00694444444444444,0.00694444444444444,1,1,0.00962505415893156,0.00962504744529724,1,0,576,576
2980,1,1,1,1,1,1,1,1,0,1,0.00694444444444444,0.00694444444444444,0,0,0.00694444444444444,0.00694444444444444,1,1,0.00686370635344391,0.00686371326446533,1,0,576,576
2981,1,1,1,1,1,1,1,1,0,1,0.00694444444444444,0.00694444444444444,0,0,0.00694444444444444,0.00694444444444444,1,1,0.00962505415893156,0.00962504744529724,1,0,576,576
2982,1,1,1,1,1,1,1,1,0,1,0.00694444444444444,0.00694444444444444,0,0,0.00694444444444444,0.00694444444444444,1,1,0.00686370635344391,0.00686371326446533,1,0,576,576
2983,1,1,1,1,1,1,1,1,0,1,0.00694444444444444,0.00694444444444444,0,0,0.00694444444444444,0.00694444444444444,1,1,0.00962505415893156,0.00962504744529724,1,0,576,576
2984,1,1,1,1,1,1,1,1,0,1,0.00694444444444444,0.00694444444444444,0,0,0.00694444444444444,0.00694444444444444,1,1,0.00686370635344391,0.00686371326446533,1,0,576,576
2985,1,1,1,1,1,1,1,1,0,1,0.00694444444444444,0.00694444444444444,0,0,0.00694444444444444,0.00694444444444444,1,1,0.00962505415893156,0.00962504744529724,1,0,576,576
2986,1,1,1,1,1,1,1,1,0,1,0.00694444444444444,0.00694444444444444,0,0,0.00694444444444444,0.00694444444444444,1,1,0.00686370635344391,0.00686371326446533,1,0,576,576
2987,1,1,1,1,1,1,1,1,0,1,0.00694444444444444,0.00694444444444444,0,0,0.00694444444444444,0.00694444444444444,1,1,0.00962505415893156,0.00962504744529724,1,0,576,576
2988,1,1,1,1,1,1,1,1,0,1,0.00694444444444444,0.00694444444444444,0,0,0.00694444444444444,0.00694444444444444,1,1,0.00686370635344391,0.00686371326446533,1,0,576,576
2989,1,1,1,1,1,1,1,1,0,1,0.00694444444444444,0.00694444444444444,0,0,0.00694444444444444,0.00694444444444444,1,1,0.00962505415893156,0.00962504744529724,1,0,576,576
2990,1,1,1,1,1,1,1,1,0,1,0.00694444444444444,0.00694444444444444,0,0,0.00694444444444444,0.00694444444444444,1,1,0.00686370635344391,0.00686371326446533,1,0,576,576
2991,1,1,1,1,1,1,1,1,0,1,0.00694444444444444,0.00694444444444444,0,0,0.00694444444444444,0.00694444444444444,1,1,0.00962505415893156,0.00962504744529724,1,0,576,576
2992,1,1,1,1,1,1,1,1,0,1,0.00694444444444444,0.00694444444444444,0,0,0.00694444444444444,0.00694444444444444,1,1,0.00686370635344391,0.00686371326446533,1,0,576,576
2993,1,1,1,1,1,1,1,1,0,1,0.00694444444444444,0.00694444444444444,0,0,0.00694444444444444,0.00694444444444444,1,1,0.00962505415893156,0.00962504744529724,1,0,576,576
2994,1,1,1,1,1,1,1,1,0,1,0.00694444444444444,0.00694444444444444,0,0,0.00694444444444444,0.00694444444444444,1,1,0.00686370635344391,0.00686371326446533,1,0,576,576
2995,1,1,1,1,1,1,1,1,0,1,0.00694444444444444,0.00694444444444444,0,0,0.00694444444444444,0.00694444444444444,1,1,0.00962505415893156,0.00962504744529724,1,0,576,576
2996,1,1,1,1,1,1,1,1,0,1,0.00694444444444444,0.00694444444444444,0,0,0.00694444444444444,0.00694444444444444,1,1,0.00686370635344391,0.00686371326446533,1,0,576,576
2997,1,1,1,1,1,1,1,1,0,1,0.00694444444444444,0.00694444444444444,0,0,0.00694444444444444,0.00694444444444444,1,1,0.00962505415893156,0.00962504744529724,1,0,576,576
2998,1,1,1,1,1,1,1,1,0,1,0.00694444444444444,0.00694444444444444,0,0,0.00694444444444444,0.00694444444444444,1,1,0.00686370635344391,0.00686371326446533,1,0,576,576
2999,1,1,1,1,1,1,1,1,0,1,0.00694444444444444,0.00694444444444444,0,0,0.00694444444444444,0.00694444444444444,1,1,0.00962505415893156,0.00962504744529724,1,0,576,576
3000,1,1,1,1,1,1,1,1,0,1,0.00694444444444444,0.00694444444444444,0,0,0.00694444444444444,0.00694444444444444,1,1,0.00686370635344391,0.00686371326446533,1,0,576,576
3001,1,1,1,1,1,1,1,1,0,1,0.00694444444444444,0.00694444444444444,0,0,0.00694444444444444,0.00694444444444444,1,1,0.00962505415893156,0.00962504744529724,1,0,576,576
3002,1,1,1,1,1,1,1,1,0,1,0.00694444444444444,0.00694444444444444,0,0,0.00694444444444444,0.00694444444444444,1,1,0.00686370635344391,0.00686371326446533,1,0,576,576
3003,1,1,1,1,1,1,1,1,0,1,0.00694444444444444,0.00694444444444444,0,0,0.00694444444444444,0.00694444444444444,1,1,0.00962505415893156,0.00962504744529724,1,0,576,576
3004,1,1,1,1,1,1,1,1,0,1,0.00694444444444444,0.00694444444444444,0,0,0.00694444444444444,0.00694444444444444,1,1,0.00686370635344391,0.00686371326446533,1,0,576,576
3005,1,1,1,1,1,1,1,1,0,1,0.00694444444444444,0.00694444444444444,0,0,0.00694444444444444,0.00694444444444444,1,1,0.00962505415893156,0.00962504744529724,1,0,576,576
3006,1,1,1,1,1,1,1,1,0,1,0.00694444444444444,0.00694444444444444,0,0,0.00694444444444444,0.00694444444444444,1,1,0.00686370635344391,0.00686371326446533,1,0,576,576
3007,1,1,1,1,1,1,1,1,0,1,0.00694444444444444,0.00694444444444444,0,0,0.00694444444444444,0.00694444444444444,1,1,0.00962505415893156,0.00962504744529724,1,0,576,576
3008,1,1,1,1,1,1,1,1,0,1,0.00694444444444444,0.00694444444444444,0,0,0.00694444444444444,0.00694444444444444,1,1,0.00686370635344391,0.00686371326446533,1,0,576,576
3009,1,1,1,1,1,1,1,1,0,1,0.00694444444444444,0.00694444444444444,0,0,0.00694444444444444,0.00694444444444444,1,1,0.00962505415893156,0.00962504744529724,1,0,576,576
3010,1,1,1,1,1,1,1,1,0,1,0.00694444444444444,0.00694444444444444,0,0,0.00694444444444444,0.00694444444444444,1,1,0.00686370635344391,0.00686371326446533,1,0,576,576
3011,1,1,1,1,1,1,1,1,0,1,0.00694444444444444,0.00694444444444444,0,0,0.00694444444444444,0.00694444444444444,1,1,0.00962505415893156,0.00962504744529724,1,0,576,576
3012,1,1,1,1,1,1,1,1,0,1,0.00694444444444444,0.00694444444444444,0,0,0.00694444444444444,0.00694444444444444,1,1,0.00686370635344391,0.00686371326446533,1,0,576,576
3013,1,1,1,1,1,1,1,1,0,1,0.00694444444444444,0.00694444444444444,0,0,0.00694444444444444,0.00694444444444444,1,1,0.00962505415893156,0.00962504744529724,1,0,576,576
3014,1,1,1,1,1,1,1,1,0,1,0.00694444444444444,0.00694444444444444,0,0,0.00694444444444444,0.00694444444444444,1,1,0.00686370635344391,0.00686371326446533,1,0,576,576
3015,1,1,1,1,1,1,1,1,0,1,0.00694444444444444,0.00694444444444444,0,0,0.00694444444444444,0.00694444444444444,1,1,0.00962505415893156,0.00962504744529724,1,0,576,576
3016,1,1,1,1,1,1,1,1,0,1,0.00694444444444444,0.00694444444444444,0,0,0.00694444444444444,0.00694444444444444,1,1,0.00686370635344391,0.00686371326446533,1,0,576,576
3017,1,1,1,1,1,1,1,1,0,1,0.00694444444444444,0.00694444444444444,0,0,0.00694444444444444,0.00694444444444444,1,1,0.00962505415893156,0.00962504744529724,1,0,576,576
3018,1,1,1,1,1,1,1,1,0,1,0.00694444444444444,0.00694444444444444,0,0,0.00694444444444444,0.00694444444444444,1,1,0.00686370635344391,0.00686371326446533,1,0,576,576
3019,1,1,1,1,1,1,1,1,0,1,0.00694444444444444,0.00694444444444444,0,0,0.00694444444444444,0.00694444444444444,1,1,0.00962505415893156,0.00962504744529724,1,0,576,576
3020,1,1,1,1,1,1,1,1,0,1,0.00694444444444444,0.00694444444444444,0,0,0.00694444444444444,0.00694444444444444,1,1,0.00686370635344391,0.00686371326446533,1,0,576,576
3021,1,1,1,1,1,1,1,1,0,1,0.00694444444444444,0.00694444444444444,0,0,0.00694444444444444,0.00694444444444444,1,1,0.00962505415893156,0.00962504744529724,1,0,576,576
3022,1,1,1,1,1,1,1,1,0,1,0.00694444444444444,0.00694444444444444,0,0,0.00694444444444444,0.00694444444444444,1,1,0.00686370635344391,0.00686371326446533,1,0,576,576
3023,1,1,1,1,1,1,1,1,0,1,0.00694444444444444,0.00694444444444444,0,0,0.00694444444444444,0.00694444444444444,1,1,0.00962505415893156,0.00962504744529724,1,0,576,576
3024,1,1,1,1,1,1,1,1,0,1,0.00694444444444444,0.00694444444444444,0,0,0.00694444444444444,0.00694444444444444,1,1,0.00686370635344391,0.00686371326446533,1,0,576,576
3025,1,1,1,1,1,1,1,1,0,1,0.00694444444444444,0.00694444444444444,0,0,0.00694444444444444,0.00694444444444444,1,1,0.00962505415893156,0.00962504744529724,1,0,576,576
3026,1,1,1,1,1,1,1,1,0,1,0.00694444444444444,0.00694444444444444,0,0,0.00694444444444444,0.00694444444444444,1,1,0.00686370635344391,0.00686371326446533,1,0,576,576
3027,1,1,1,1,1,1,1,1,0,1,0.00694444444444444,0.00694444444444444,0,0,0.00694444444444444,0.00694444444444444,1,1,0.00962505415893156,0.00962504744529724,1,0,576,576
3028,1,1,1,1,1,1,1,1,0,1,0.00694444444444444,0.00694444444444444,0,0,0.00694444444444444,0.00694444444444444,1,1,0.00686370635344391,0.00686371326446533,1,0,576,576
3029,1,1,1,1,1,1,1,1,0,1,0.00694444444444444,0.00694444444444444,0,0,0.00694444444444444,0.00694444444444444,1,1,0.00962505415893156,0.00962504744529724,1,0,576,576
3030,1,1,1,1,1,1,1,1,0,1,0.00694444444444444,0.00694444444444444,0,0,0.00694444444444444,0.00694444444444444,1,1,0.00686370635344391,0.00686371326446533,1,0,576,576
3031,1,1,1,1,1,1,1,1,0,1,0.00694444444444444,0.00694444444444444,0,0,0.00694444444444444,0.00694444444444444,1,1,0.00962505415893156,0.00962504744529724,1,0,576,576
3032,1,1,1,1,1,1,1,1,0,1,0.00694444444444444,0.00694444444444444,0,0,0.00694444444444444,0.00694444444444444,1,1,0.00686370635344391,0.00686371326446533,1,0,576,576
3033,1,1,1,1,1,1,1,1,0,1,0.00694444444444444,0.00694444444444444,0,0,0.00694444444444444,0.00694444444444444,1,1,0.00962505415893156,0.00962504744529724,1,0,576,576
3034,1,1,1,1,1,1,1,1,0,1,0.00694444444444444,0.00694444444444444,0,0,0.00694444444444444,0.00694444444444444,1,1,0.00686370635344391,0.00686371326446533,1,0,576,576
3035,1,1,1,1,1,1,1,1,0,1,0.00694444444444444,0.00694444444444444,0,0,0.00694444444444444,0.00694444444444444,1,1,0.00962505415893156,0.00962504744529724,1,0,576,576
3036,1,1,1,1,1,1,1,1,0,1,0.00694444444444444,0.00694444444444444,0,0,0.00694444444444444,0.00694444444444444,1,1,0.00686370635344391,0.00686371326446533,1,0,576,576
3037,1,1,1,1,1,1,1,1,0,1,0.00694444444444444,0.00694444444444444,0,0,0.00694444444444444,0.00694444444444444,1,1,0.00962505415893156,0.00962504744529724,1,0,576,576
3038,1,1,1,1,1,1,1,1,0,1,0.00694444444444444,0.00694444444444444,0,0,0.00694444444444444,0.00694444444444444,1,1,0.00686370635344391,0.00686371326446533,1,0,576,576
3039,1,1,1,1,1,1,1,1,0,1,0.00694444444444444,0.00694444444444444,0,0,0.00694444444444444,0.00694444444444444,1,1,0.00962505415893156,0.00962504744529724,1,0,576,576
3040,1,1,1,1,1,1,1,1,0,1,0.00694444444444444,0.00694444444444444,0,0,0.00694444444444444,0.00694444444444444,1,1,0.00686370635344391,0.00686371326446533,1,0,576,576
3041,1,1,1,1,1,1,1,1,0,1,0.00694444444444444,0.00694444444444444,0,0,0.00694444444444444,0.00694444444444444,1,1,0.00962505415893156,0.00962504744529724,1,0,576,576
3042,1,1,1,1,1,1,1,1,0,1,0.00694444444444444,0.00694444444444444,0,0,0.00694444444444444,0.00694444444444444,1,1,0.00686370635344391,0.00686371326446533,1,0,576,576
3043,1,1,1,1,1,1,1,1,0,1,0.00694444444444444,0.00694444444444444,0,0,0.00694444444444444,0.00694444444444444,1,1,0.00962505415893156,0.00962504744529724,1,0,576,576
3044,1,1,1,1,1,1,1,1,0,1,0.00694444444444444,0.00694444444444444,0,0,0.00694444444444444,0.00694444444444444,1,1,0.00686370635344391,0.00686371326446533,1,0,576,576
3045,1,1,1,1,1,1,1,1,0,1,0.00694444444444444,0.00694444444444444,0,0,0.00694444444444444,0.00694444444444444,1,1,0.00962505415893156,0.00962504744529724,1,0,576,576
3046,1,1,1,1,1,1,1,1,0,1,0.00694444444444444,0.00694444444444444,0,0,0.00694444444444444,0.00694444444444444,1,1,0.00686370635344391,0.00686371326446533,1,0,576,576
3047,1,1,1,1,1,1,1,1,0,1,0.00694444444444444,0.00694444444444444,0,0,0.00694444444444444,0.00694444444444444,1,1,0.00962505415893156,0.00962504744529724,1,0,576,576
3048,1,1,1,1,1,1,1,1,0,1,0.00694444444444444,0.00694444444444444,0,0,0.00694444444444444,0.00694444444444444,1,1,0.00686370635344391,0.00686371326446533,1,0,576,576
3049,1,1,1,1,1,1,1,1,0,1,0.00694444444444444,0.00694444444444444,0,0,0.00694444444444444,0.00694444444444444,1,1,0.00962505415893156,0.00962504744529724,1,0,576,576
3050,1,1,1,1,1,1,1,1,0,1,0.00694444444444444,0.00694444444444444,0,0,0.00694444444444444,0.00694444444444444,1,1,0.00686370635344391,0.00686371326446533,1,0,576,576
3051,1,1,1,1,1,1,1,1,0,1,0.00694444444444444,0.00694444444444444,0,0,0.00694444444444444,0.00694444444444444,1,1,0.00962505415893156,0.00962504744529724,1,0,576,576
3052,1,1,1,1,1,1,1,1,0,1,0.00694444444444444,0.00694444444444444,0,0,0.00694444444444444,0.00694444444444444,1,1,0.00686370635344391,0.00686371326446533,1,0,576,576
3053,1,1,1,1,1,1,1,1,0,1,0.00694444444444444,0.00694444444444444,0,0,0.00694444444444444,0.00694444444444444,1,1,0.00962505415893156,0.00962504744529724,1,0,576,576
3054,1,1,1,1,1,1,1,1,0,1,0.00694444444444444,0.00694444444444444,0,0,0.00694444444444444,0.00694444444444444,1,1,0.00686370635344391,0.00686371326446533,1,0,576,576
3055,1,1,1,1,1,1,1,1,0,1,0.00694444444444444,0.00694444444444444,0,0,0.00694444444444444,0.00694444444444444,1,1,0.00962505415893156,0.00962504744529724,1,0,576,576
3056,1,1,1,1,1,1,1,1,0,1,0.00694444444444444,0.00694444444444444,0,0,0.00694444444444444,0.00694444444444444,1,1,0.00686370635344391,0.00686371326446533,1,0,576,576
3057,1,1,1,1,1,1,1,1,0,1,0.00694444444444444,0.00694444444444444,0,0,0.00694444444444444,0.00694444444444444,1,1,0.00962505415893156,0.00962504744529724,1,0,576,576
3058,1,1,1,1,1,1,1,1,0,1,0.00694444444444444,0.00694444444444444,0,0,0.00694444444444444,0.00694444444444444,1,1,0.00686370635344391,0.00686371326446533,1,0,576,576
3059,1,1,1,1,1,1,1,1,0,1,0.00694444444444444,0.00694444444444444,0,0,0.00694444444444444,0.00694444444444444,1,1,0.00962505415893156,0.00962504744529724,1,0,576,576
3060,1,1,1,1,1,1,1,1,0,1,0.00694444444444444,0.00694444444444444,0,0,0.00694444444444444,0.00694444444444444,1,1,0.00686370635344391,0.00686371326446533,1,0,576,576
3061,1,1,1,1,1,1,1,1,0,1,0.00694444444444444,0.00694444444444444,0,0,0.00694444444444444,0.00694444444444444,1,1,0.00962505415893156,0.00962504744529724,1,0,576,576
3062,1,1,1,1,1,1,1,1,0,1,0.00694444444444444,0.00694444444444444,0,0,0.00694444444444444,0.00694444444444444,1,1,0.00686370635344391,0.00686371326446533,1,0,576,576
3063,1,1,1,1,1,1,1,1,0,1,0.00694444444444444,0.00694444444444444,0,0,0.00694444444444444,0.00694444444444444,1,1,0.00962505415893156,0.00962504744529724,1,0,576,576
3064,1,1,1,1,1,1,1,1,0,1,0.00694444444444444,0.00694444444444444,0,0,0.00694444444444444,0.00694444444444444,1,1,0.00686370635344391,0.00686371326446533,1,0,576,576
3065,1,1,1,1,1,1,1,1,0,1,0.00694444444444444,0.00694444444444444,0,0,0.00694444444444444,0.00694444444444444,1,1,0.00962505415893156,0.00962504744529724,1,0,576,576
3066,1,1,1,1,1,1,1,1,0,1,0.00694444444444444,0.00694444444444444,0,0,0.00694444444444444,0.00694444444444444,1,1,0.00686370635344391,0.00686371326446533,1,0,576,576
3067,1,1,1,1,1,1,1,1,0,1,0.00694444444444444,0.00694444444444444,0,0,0.00694444444444444,0.00694444444444444,1,1,0.00962505415893156,0.00962504744529724,1,0,576,576
3068,1,1,1,1,1,1,1,1,0,1,0.00694444444444444,0.00694444444444444,0,0,0.00694444444444444,0.00694444444444444,1,1,0.00686370635344391,0.00686371326446533,1,0,576,576
3069,1,1,1,1,1,1,1,1,0,1,0.00694444444444444,0.00694444444444444,0,0,0.00694444444444444,0.00694444444444444,1,1,0.00962505415893156,0.00962504744529724,1,0,576,576
3070,1,1,1,1,1,1,1,1,0,1,0.00694444444444444,0.00694444444444444,0,0,0.00694444444444444,0.00694444444444444,1,1,0.00686370635344391,0.00686371326446533,1,0,576,576
3071,1,1,1,1,1,1,1,1,0,1,0.00694444444444444,0.00694444444444444,0,0,0.00694444444444444,0.00694444444444444,1,1,0.00962505415893156,0.00962504744529724,1,0,576,576
3072,1,1,1,1,1,1,1,1,0,1,0.00694444444444444,0.00694444444444444,0,0,0.00694444444444444,0.00694444444444444,1,1,0.00686370635344391,0.00686371326446533,1,0,576,576
3073,1,1,1,1,1,1,1,1,0,1,0.00694444444444444,0.00694444444444444,0,0,0.00694444444444444,0.00694444444444444,1,1,0.00962505415893156,0.00962504744529724,1,0,576,576
3074,1,1,1,1,1,1,1,1,0,1,0.00694444444444444,0.00694444444444444,0,0,0.00694444444444444,0.00694444444444444,1,1,0.00686370635344391,0.00686371326446533,1,0,576,576
3075,1,1,1,1,1,1,1,1,0,1,0.00694444444444444,0.00694444444444444,0,0,0.00694444444444444,0.00694444444444444,1,1,0.00962505415893156,0.00962504744529724,1,0,576,576
3076,1,1,1,1,1,1,1,1,0,1,0.00694444444444444,0.00694444444444444,0,0,0.00694444444444444,0.00694444444444444,1,1,0.00686370635344391,0.00686371326446533,1,0,576,576
3077,1,1,1,1,1,1,1,1,0,1,0.00694444444444444,0.00694444444444444,0,0,0.00694444444444444,0.00694444444444444,1,1,0.00962505415893156,0.00962504744529724,1,0,576,576
3078,1,1,1,1,1,1,1,1,0,1,0.00694444444444444,0.00694444444444444,0,0,0.00694444444444444,0.00694444444444444,1,1,0.00686370635344391,0.00686371326446533,1,0,576,576
3079,1,1,1,1,1,1,1,1,0,1,0.00694444444444444,0.00694444444444444,0,0,0.00694444444444444,0.00694444444444444,1,1,0.00962505415893156,0.00962504744529724,1,0,576,576
3080,1,1,1,1,1,1,1,1,0,1,0.00694444444444444,0.00694444444444444,0,0,0.00694444444444444,0.00694444444444444,1,1,0.00686370635344391,0.00686371326446533,1,0,576,576
3081,1,1,1,1,1,1,1,1,0,1,0.00694444444444444,0.00694444444444444,0,0,0.00694444444444444,0.00694444444444444,1,1,0.00962505415893156,0.00962504744529724,1,0,576,576
3082,1,1,1,1,1,1,1,1,0,1,0.00694444444444444,0.00694444444444444,0,0,0.00694444444444444,0.00694444444444444,1,1,0.00686370635344391,0.00686371326446533,1,0,576,576
3083,1,1,1,1,1,1,1,1,0,1,0.00694444444444444,0.00694444444444444,0,0,0.00694444444444444,0.00694444444444444,1,1,0.00962505415893156,0.00962504744529724,1,0,576,576
3084,1,1,1,1,1,1,1,1,0,1,0.00694444444444444,0.00694444444444444,0,0,0.00694444444444444,0.00694444444444444,1,1,0.00686370635344391,0.00686371326446533,1,0,576,576
3085,1,1,1,1,1,1,1,1,0,1,0.00694444444444444,0.00694444444444444,0,0,0.00694444444444444,0.00694444444444444,1,1,0.00962505415893156,0.00962504744529724,1,0,576,576
3086,1,1,1,1,1,1,1,1,0,1,0.00694444444444444,0.00694444444444444,0,0,0.00694444444444444,0.00694444444444444,1,1,0.00686370635344391,0.00686371326446533,1,0,576,576
3087,1,1,1,1,1,1,1,1,0,1,0.00694444444444444,0.00694444444444444,0,0,0.00694444444444444,0.00694444444444444,1,1,0.00962505415893156,0.00962504744529724,1,0,576,576
3088,1,1,1,1,1,1,1,1,0,1,0.00694444444444444,0.00694444444444444,0,0,0.00694444444444444,0.00694444444444444,1,1,0.00686370635344391,0.00686371326446533,1,0,576,576
3089,1,1,1,1,1,1,1,1,0,1,0.00694444444444444,0.00694444444444444,0,0,0.00694444444444444,0.00694444444444444,1,1,0.00962505415893156,0.00962504744529724,1,0,576,576
3090,1,1,1,1,1,1,1,1,0,1,0.00694444444444444,0.00694444444444444,0,0,0.00694444444444444,0.00694444444444444,1,1,0.00686370635344391,0.00686371326446533,1,0,576,576
3091,1,1,1,1,1,1,1,1,0,1,0.00694444444444444,0.00694444444444444,0,0,0.00694444444444444,0.00694444444444444,1,1,0.00962505415893156,0.00962504744529724,1,0,576,576
3092,1,1,1,1,1,1,1,1,0,1,0.00694444444444444,0.00694444444444444,0,0,0.00694444444444444,0.00694444444444444,1,1,0.00686370635344391,0.00686371326446533,1,0,576,576
3093,1,1,1,1,1,1,1,1,0,1,0.00694444444444444,0.00694444444444444,0,0,0.00694444444444444,0.00694444444444444,1,1,0.00962505415893156,0.00962504744529724,1,0,576,576
3094,1,1,1,1,1,1,1,1,0,1,0.00694444444444444,0.00694444444444444,0,0,0.00694444444444444,0.00694444444444444,1,1,0.00686370635344391,0.00686371326446533,1,0,576,576
3095,1,1,1,1,1,1,1,1,0,1,0.00694444444444444,0.00694444444444444,0,0,0.00694444444444444,0.00694444444444444,1,1,0.00962505415893156,0.00962504744529724,1,0,576,576
3096,1,1,1,1,1,1,1,1,0,1,0.00694444444444444,0.00694444444444444,0,0,0.00694444444444444,0.00694444444444444,1,1,0.00686370635344391,0.00686371326446533,1,0,576,576
3097,1,1,1,1,1,1,1,1,0,1,0.00694444444444444,0.00694444444444444,0,0,0.00694444444444444,0.00694444444444444,1,1,0.00962505415893156,0.00962504744529724,1,0,576,576
3098,1,1,1,1,1,1,1,1,0,1,0.00694444444444444,0.00694444444444444,0,0,0.00694444444444444,0.00694444444444444,1,1,0.00686370635344391,0.00686371326446533,1,0,576,576
3099,1,1,1,1,1,1,1,1,0,1,0.00694444444444444,0.00694444444444444,0,0,0.00694444444444444,0.00694444444444444,1,1,0.00962505415893156,0.00962504744529724,1,0,576,576
3100,1,1,1,1,1,1,1,1,0,1,0.00694444444444444,0.00694444444444444,0,0,0.00694444444444444,0.00694444444444444,1,1,0.00686370635344391,0.00686371326446533,1,0,576,576
3101,1,1,1,1,1,1,1,1,0,1,0.00694444444444444,0.00694444444444444,0,0,0.00694444444444444,0.00694444444444444,1,1,0.00962505415893156,0.00962504744529724,1,0,576,576
3102,1,1,1,1,1,1,1,1,0,1,0.00694444444444444,0.00694444444444444,0,0,0.00694444444444444,0.00694444444444444,1,1,0.00686370635344391,0.00686371326446533,1,0,576,576
3103,1,1,1,1,1,1,1,1,0,1,0.00694444444444444,0.00694444444444444,0,0,0.00694444444444444,0.00694444444444444,1,1,0.00962505415893156,0.00962504744529724,1,0,576,576
3104,1,1,1,1,1,1,1,1,0,1,0.00694444444444444,0.00694444444444444,0,0,0.00694444444444444,0.00694444444444444,1,1,0.00686370635344391,0.00686371326446533,1,0,576,576
3105,1,1,1,1,1,1,1,1,0,1,0.00694444444444444,0.00694444444444444,0,0,0.00694444444444444,0.00694444444444444,1,1,0.00962505415893156,0.00962504744529724,1,0,576,576
3106,1,1,1,1,1,1,1,1,0,1,0.00694444444444444,0.00694444444444444,0,0,0.00694444444444444,0.00694444444444444,1,1,0.00686370635344391,0.00686371326446533,1,0,576,576
3107,1,1,1,1,1,1,1,1,0,1,0.00694444444444444,0.00694444444444444,0,0,0.00694444444444444,0.00694444444444444,1,1,0.00962505415893156,0.00962504744529724,1,0,576,576
3108,1,1,1,1,1,1,1,1,0,1,0.00694444444444444,0.00694444444444444,0,0,0.00694444444444444,0.00694444444444444,1,1,0.00686370635344391,0.00686371326446533,1,0,576,576
3109,1,1,1,1,1,1,1,1,0,1,0.00694444444444444,0.00694444444444444,0,0,0.00694444444444444,0.00694444444444444,1,1,0.00962505415893156,0.00962504744529724,1,0,576,576
3110,1,1,1,1,1,1,1,1,0,1,0.00694444444444444,0.00694444444444444,0,0,0.00694444444444444,0.00694444444444444,1,1,0.00686370635344391,0.00686371326446533,1,0,576,576
3111,1,1,1,1,1,1,1,1,0,1,0.00694444444444444,0.00694444444444444,0,0,0.00694444444444444,0.00694444444444444,1,1,0.00962505415893156,0.00962504744529724,1,0,576,576
3112,1,1,1,1,1,1,1,1,0,1,0.00694444444444444,0.00694444444444444,0,0,0.00694444444444444,0.00694444444444444,1,1,0.00686370635344391,0.00686371326446533,1,0,576,576
3113,1,1,1,1,1,1,1,1,0,1,0.00694444444444444,0.00694444444444444,0,0,0.00694444444444444,0.00694444444444444,1,1,0.00962505415893156,0.00962504744529724,1,0,576,576
3114,1,1,1,1,1,1,1,1,0,1,0.00694444444444444,0.00694444444444444,0,0,0.00694444444444444,0.00694444444444444,1,1,0.00686370635344391,0.00686371326446533,1,0,576,576
3115,1,1,1,1,1,1,1,1,0,1,0.00694444444444444,0.00694444444444444,0,0,0.00694444444444444,0.00694444444444444,1,1,0.00962505415893156,0.00962504744529724,1,0,576,576
3116,1,1,1,1,1,1,1,1,0,1,0.00694444444444444,0.00694444444444444,0,0,0.00694444444444444,0.00694444444444444,1,1,0.00686370635344391,0.00686371326446533,1,0,576,576
3117,1,1,1,1,1,1,1,1,0,1,0.00694444444444444,0.00694444444444444,0,0,0.00694444444444444,0.00694444444444444,1,1,0.00962505415893156,0.00962504744529724,1,0,576,576
3118,1,1,1,1,1,1,1,1,0,1,0.00694444444444444,0.00694444444444444,0,0,0.00694444444444444,0.00694444444444444,1,1,0.00686370635344391,0.00686371326446533,1,0,576,576
3119,1,1,1,1,1,1,1,1,0,1,0.00694444444444444,0.00694444444444444,0,0,0.00694444444444444,0.00694444444444444,1,1,0.00962505415893156,0.00962504744529724,1,0,576,576
3120,1,1,1,1,1,1,1,1,0,1,0.00694444444444444,0.00694444444444444,0,0,0.00694444444444444,0.00694444444444444,1,1,0.00686370635344391,0.00686371326446533,1,0,576,576
3121,1,1,1,1,1,1,1,1,0,1,0.00694444444444444,0.00694444444444444,0,0,0.00694444444444444,0.00694444444444444,1,1,0.00962505415893156,0.00962504744529724,1,0,576,576
3122,1,1,1,1,1,1,1,1,0,1,0.00694444444444444,0.00694444444444444,0,0,0.00694444444444444,0.00694444444444444,1,1,0.00686370635344391,0.00686371326446533,1,0,576,576
3123,1,1,1,1,1,1,1,1,0,1,0.00694444444444444,0.00694444444444444,0,0,0.00694444444444444,0.00694444444444444,1,1,0.00962505415893156,0.00962504744529724,1,0,576,576
3124,1,1,1,1,1,1,1,1,0,1,0.00694444444444444,0.00694444444444444,0,0,0.00694444444444444,0.00694444444444444,1,1,0.00686370635344391,0.00686371326446533,1,0,576,576
3125,1,1,1,1,1,1,1,1,0,1,0.00694444444444444,0.00694444444444444,0,0,0.00694444444444444,0.00694444444444444,1,1,0.00962505415893156,0.00962504744529724,1,0,576,576
3126,1,1,1,1,1,1,1,1,0,1,0.00694444444444444,0.00694444444444444,0,0,0.00694444444444444,0.00694444444444444,1,1,0.00686370635344391,0.00686371326446533,1,0,576,576
3127,1,1,1,1,1,1,1,1,0,1,0.00694444444444444,0.00694444444444444,0,0,0.00694444444444444,0.00694444444444444,1,1,0.00962505415893156,0.00962504744529724,1,0,576,576
3128,1,1,1,1,1,1,1,1,0,1,0.00694444444444444,0.00694444444444444,0,0,0.00694444444444444,0.00694444444444444,1,1,0.00686370635344391,0.00686371326446533,1,0,576,576
3129,1,1,1,1,1,1,1,1,0,1,0.00694444444444444,0.00694444444444444,0,0,0.00694444444444444,0.00694444444444444,1,1,0.00962505415893156,0.00962504744529724,1,0,576,576
3130,1,1,1,1,1,1,1,1,0,1,0.00694444444444444,0.00694444444444444,0,0,0.00694444444444444,0.00694444444444444,1,1,0.00686370635344391,0.00686371326446533,1,0,576,576
3131,1,1,1,1,1,1,1,1,0,1,0.00694444444444444,0.00694444444444444,0,0,0.00694444444444444,0.00694444444444444,1,1,0.00962505415893156,0.00962504744529724,1,0,576,576
3132,1,1,1,1,1,1,1,1,0,1,0.00694444444444444,0.00694444444444444,0,0,0.00694444444444444,0.00694444444444444,1,1,0.00686370635344391,0.00686371326446533,1,0,576,576
3133,1,1,1,1,1,1,1,1,0,1,0.00694444444444444,0.00694444444444444,0,0,0.00694444444444444,0.00694444444444444,1,1,0.00962505415893156,0.00962504744529724,1,0,576,576
3134,1,1,1,1,1,1,1,1,0,1,0.00694444444444444,0.00694444444444444,0,0,0.00694444444444444,0.00694444444444444,1,1,0.00686370635344391,0.00686371326446533,1,0,576,576
3135,1,1,1,1,1,1,1,1,0,1,0.00694444444444444,0.00694444444444444,0,0,0.00694444444444444,0.00694444444444444,1,1,0.00962505415893156,0.00962504744529724,1,0,576,576
3136,1,1,1,1,1,1,1,1,0,1,0.00694444444444444,0.00694444444444444,0,0,0.00694444444444444,0.00694444444444444,1,1,0.00686370635344391,0.00686371326446533,1,0,576,576
3137,1,1,1,1,1,1,1,1,0,1,0.00694444444444444,0.00694444444444444,0,0,0.00694444444444444,0.00694444444444444,1,1,0.00962505415893156,0.00962504744529724,1,0,576,576
3138,1,1,1,1,1,1,1,1,0,1,0.00694444444444444,0.00694444444444444,0,0,0.00694444444444444,0.00694444444444444,1,1,0.00686370635344391,0.00686371326446533,1,0,576,576
3139,1,1,1,1,1,1,1,1,0,1,0.00694444444444444,0.00694444444444444,0,0,0.00694444444444444,0.00694444444444444,1,1,0.00962505415893156,0.00962504744529724,1,0,576,576
3140,1,1,1,1,1,1,1,1,0,1,0.00694444444444444,0.00694444444444444,0,0,0.00694444444444444,0.00694444444444444,1,1,0.00686370635344391,0.00686371326446533,1,0,576,576
3141,1,1,1,1,1,1,1,1,0,1,0.00694444444444444,0.00694444444444444,0,0,0.00694444444444444,0.00694444444444444,1,1,0.00962505415893156,0.00962504744529724,1,0,576,576
3142,1,1,1,1,1,1,1,1,0,1,0.00694444444444444,0.00694444444444444,0,0,0.00694444444444444,0.00694444444444444,1,1,0.00686370635344391,0.00686371326446533,1,0,576,576
3143,1,1,1,1,1,1,1,1,0,1,0.00694444444444444,0.00694444444444444,0,0,0.00694444444444444,0.00694444444444444,1,1,0.00962505415893156,0.00962504744529724,1,0,576,576
3144,1,1,1,1,1,1,1,1,0,1,0.00694444444444444,0.00694444444444444,0,0,0.00694444444444444,0.00694444444444444,1,1,0.00686370635344391,0.00686371326446533,1,0,576,576
3145,1,1,1,1,1,1,1,1,0,1,0.00694444444444444,0.00694444444444444,0,0,0.00694444444444444,0.00694444444444444,1,1,0.00962505415893156,0.00962504744529724,1,0,576,576
3146,1,1,1,1,1,1,1,1,0,1,0.00694444444444444,0.00694444444444444,0,0,0.00694444444444444,0.00694444444444444,1,1,0.00686370635344391,0.00686371326446533,1,0,576,576
3147,1,1,1,1,1,1,1,1,0,1,0.00694444444444444,0.00694444444444444,0,0,0.00694444444444444,0.00694444444444444,1,1,0.00962505415893156,0.00962504744529724,1,0,576,576
3148,1,1,1,1,1,1,1,1,0,1,0.00694444444444444,0.00694444444444444,0,0,0.00694444444444444,0.00694444444444444,1,1,0.00686370635344391,0.00686371326446533,1,0,576,576
3149,1,1,1,1,1,1,1,1,0,1,0.00694444444444444,0.00694444444444444,0,0,0.00694444444444444,0.00694444444444444,1,1,0.00962505415893156,0.00962504744529724,1,0,576,576
3150,1,1,1,1,1,1,1,1,0,1,0.00694444444444444,0.00694444444444444,0,0,0.00694444444444444,0.00694444444444444,1,1,0.00686370635344391,0.00686371326446533,1,0,576,576
3151,1,1,1,1,1,1,1,1,0,1,0.00694444444444444,0.00694444444444444,0,0,0.00694444444444444,0.00694444444444444,1,1,0.00962505415893156,0.00962504744529724,1,0,576,576
3152,1,1,1,1,1,1,1,1,0,1,0.00694444444444444,0.00694444444444444,0,0,0.00694444444444444,0.00694444444444444,1,1,0.00686370635344391,0.00686371326446533,1,0,576,576
3153,1,1,1,1,1,1,1,1,0,1,0.00694444444444444,0.00694444444444444,0,0,0.00694444444444444,0.00694444444444444,1,1,0.00962505415893156,0.00962504744529724,1,0,576,576
3154,1,1,1,1,1,1,1,1,0,1,0.00694444444444444,0.00694444444444444,0,0,0.00694444444444444,0.00694444444444444,1,1,0.00686370635344391,0.00686371326446533,1,0,576,576
3155,1,1,1,1,1,1,1,1,0,1,0.00694444444444444,0.00694444444444444,0,0,0.00694444444444444,0.00694444444444444,1,1,0.00962505415893156,0.00962504744529724,1,0,576,576
3156,1,1,1,1,1,1,1,1,0,1,0.00694444444444444,0.00694444444444444,0,0,0.00694444444444444,0.00694444444444444,1,1,0.00686370635344391,0.00686371326446533,1,0,576,576
3157,1,1,1,1,1,1,1,1,0,1,0.00694444444444444,0.00694444444444444,0,0,0.00694444444444444,0.00694444444444444,1,1,0.00962505415893156,0.00962504744529724,1,0,576,576
3158,1,1,1,1,1,1,1,1,0,1,0.00694444444444444,0.00694444444444444,0,0,0.00694444444444444,0.00694444444444444,1,1,0.00686370635344391,0.00686371326446533,1,0,576,576
3159,1,1,1,1,1,1,1,1,0,1,0.00694444444444444,0.00694444444444444,0,0,0.00694444444444444,0.00694444444444444,1,1,0.00962505415893156,0.00962504744529724,1,0,576,576
3160,1,1,1,1,1,1,1,1,0,1,0.00694444444444444,0.00694444444444444,0,0,0.00694444444444444,0.00694444444444444,1,1,0.00686370635344391,0.00686371326446533,1,0,576,576
3161,1,1,1,1,1,1,1,1,0,1,0.00694444444444444,0.00694444444444444,0,0,0.00694444444444444,0.00694444444444444,1,1,0.00962505415893156,0.00962504744529724,1,0,576,576
3162,1,1,1,1,1,1,1,1,0,1,0.00694444444444444,0.00694444444444444,0,0,0.00694444444444444,0.00694444444444444,1,1,0.00686370635344391,0.00686371326446533,1,0,576,576
3163,1,1,1,1,1,1,1,1,0,1,0.00694444444444444,0.00694444444444444,0,0,0.00694444444444444,0.00694444444444444,1,1,0.00962505415893156,0.00962504744529724,1,0,576,576
3164,1,1,1,1,1,1,1,1,0,1,0.00694444444444444,0.00694444444444444,0,0,0.00694444444444444,0.00694444444444444,1,1,0.00686370635344391,0.00686371326446533,1,0,576,576
3165,1,1,1,1,1,1,1,1,0,1,0.00694444444444444,0.00694444444444444,0,0,0.00694444444444444,0.00694444444444444,1,1,0.00962505415893156,0.00962504744529724,1,0,576,576
3166,1,1,1,1,1,1,1,1,0,1,0.00694444444444444,0.00694444444444444,0,0,0.00694444444444444,0.00694444444444444,1,1,0.00686370635344391,0.00686371326446533,1,0,576,576
3167,1,1,1,1,1,1,1,1,0,1,0.00694444444444444,0.00694444444444444,0,0,0.00694444444444444,0.00694444444444444,1,1,0.00962505415893156,0.00962504744529724,1,0,576,576
3168,1,1,1,1,1,1,1,1,0,1,0.00694444444444444,0.00694444444444444,0,0,0.00694444444444444,0.00694444444444444,1,1,0.00686370635344391,0.00686371326446533,1,0,576,576
3169,1,1,1,1,1,1,1,1,0,1,0.00694444444444444,0.00694444444444444,0,0,0.00694444444444444,0.00694444444444444,1,1,0.00962505415893156,0.00962504744529724,1,0,576,576
3170,1,1,1,1,1,1,1,1,0,1,0.00694444444444444,0.00694444444444444,0,0,0.00694444444444444,0.00694444444444444,1,1,0.00686370635344391,0.00686371326446533,1,0,576,576
3171,1,1,1,1,1,1,1,1,0,1,0.00694444444444444,0.00694444444444444,0,0,0.00694444444444444,0.00694444444444444,1,1,0.00962505415893156,0.00962504744529724,1,0,576,576
3172,1,1,1,1,1,1,1,1,0,1,0.00694444444444444,0.00694444444444444,0,0,0.00694444444444444,0.00694444444444444,1,1,0.00686370635344391,0.00686371326446533,1,0,576,576
3173,1,1,1,1,1,1,1,1,0,1,0.00694444444444444,0.00694444444444444,0,0,0.00694444444444444,0.00694444444444444,1,1,0.00962505415893156,0.00962504744529724,1,0,576,576
3174,1,1,1,1,1,1,1,1,0,1,0.00694444444444444,0.00694444444444444,0,0,0.00694444444444444,0.00694444444444444,1,1,0.00686370635344391,0.00686371326446533,1,0,576,576
3175,1,1,1,1,1,1,1,1,0,1,0.00694444444444444,0.00694444444444444,0,0,0.00694444444444444,0.00694444444444444,1,1,0.00962505415893156,0.00962504744529724,1,0,576,576
3176,1,1,1,1,1,1,1,1,0,1,0.00694444444444444,0.00694444444444444,0,0,0.00694444444444444,0.00694444444444444,1,1,0.00686370635344391,0.00686371326446533,1,0,576,576
3177,1,1,1,1,1,1,1,1,0,1,0.00694444444444444,0.00694444444444444,0,0,0.00694444444444444,0.00694444444444444,1,1,0.00962505415893156,0.00962504744529724,1,0,576,576
3178,1,1,1,1,1,1,1,1,0,1,0.00694444444444444,0.00694444444444444,0,0,0.00694444444444444,0.00694444444444444,1,1,0.00686370635344391,0.00686371326446533,1,0,576,576
3179,1,1,1,1,1,1,1,1,0,1,0.00694444444444444,0.00694444444444444,0,0,0.00694444444444444,0.00694444444444444,1,1,0.00962505415893156,0.00962504744529724,1,0,576,576
3180,1,1,1,1,1,1,1,1,0,1,0.00694444444444444,0.00694444444444444,0,0,0.00694444444444444,0.00694444444444444,1,1,0.00686370635344391,0.00686371326446533,1,0,576,576
3181,1,1,1,1,1,1,1,1,0,1,0.00694444444444444,0.00694444444444444,0,0,0.00694444444444444,0.00694444444444444,1,1,0.00962505415893156,0.00962504744529724,1,0,576,576
3182,1,1,1,1,1,1,1,1,0,1,0.00694444444444444,0.00694444444444444,0,0,0.00694444444444444,0.00694444444444444,1,1,0.00686370635344391,0.00686371326446533,1,0,576,576
3183,1,1,1,1,1,1,1,1,0,1,0.00694444444444444,0.00694444444444444,0,0,0.00694444444444444,0.00694444444444444,1,1,0.00962505415893156,0.00962504744529724,1,0,576,576
3184,1,1,1,1,1,1,1,1,0,1,0.00694444444444444,0.00694444444444444,0,0,0.00694444444444444,0.00694444444444444,1,1,0.00686370635344391,0.00686371326446533,1,0,576,576
3185,1,1,1,1,1,1,1,1,0,1,0.00694444444444444,0.00694444444444444,0,0,0.00694444444444444,0.00694444444444444,1,1,0.00962505415893156,0.00962504744529724,1,0,576,576
3186,1,1,1,1,1,1,1,1,0,1,0.00694444444444444,0.00694444444444444,0,0,0.00694444444444444,0.00694444444444444,1,1,0.00686370635344391,0.00686371326446533,1,0,576,576
3187,1,1,1,1,1,1,1,1,0,1,0.00694444444444444,0.00694444444444444,0,0,0.00694444444444444,0.00694444444444444,1,1,0.00962505415893156,0.00962504744529724,1,0,576,576
3188,1,1,1,1,1,1,1,1,0,1,0.00694444444444444,0.00694444444444444,0,0,0.00694444444444444,0.00694444444444444,1,1,0.00686370635344391,0.00686371326446533,1,0,576,576
3189,1,1,1,1,1,1,1,1,0,1,0.00694444444444444,0.00694444444444444,0,0,0.00694444444444444,0.00694444444444444,1,1,0.00962505415893156,0.00962504744529724,1,0,576,576
3190,1,1,1,1,1,1,1,1,0,1,0.00694444444444444,0.00694444444444444,0,0,0.00694444444444444,0.00694444444444444,1,1,0.00686370635344391,0.00686371326446533,1,0,576,576
3191,1,1,1,1,1,1,1,1,0,1,0.00694444444444444,0.00694444444444444,0,0,0.00694444444444444,0.00694444444444444,1,1,0.00962505415893156,0.00962504744529724,1,0,576,576
3192,1,1,1,1,1,1,1,1,0,1,0.00694444444444444,0.00694444444444444,0,0,0.00694444444444444,0.00694444444444444,1,1,0.00686370635344391,0.00686371326446533,1,0,576,576
3193,1,1,1,1,1,1,1,1,0,1,0.00694444444444444,0.00694444444444444,0,0,0.00694444444444444,0.00694444444444444,1,1,0.00962505415893156,0.00962504744529724,1,0,576,576
3194,1,1,1,1,1,1,1,1,0,1,0.00694444444444444,0.00694444444444444,0,0,0.00694444444444444,0.00694444444444444,1,1,0.00686370635344391,0.00686371326446533,1,0,576,576
3195,1,1,1,1,1,1,1,1,0,1,0.00694444444444444,0.00694444444444444,0,0,0.00694444444444444,0.00694444444444444,1,1,0.00962505415893156,0.00962504744529724,1,0,576,576
3196,1,1,1,1,1,1,1,1,0,1,0.00694444444444444,0.00694444444444444,0,0,0.00694444444444444,0.00694444444444444,1,1,0.00686370635344391,0.00686371326446533,1,0,576,576
3197,1,1,1,1,1,1,1,1,0,1,0.00694444444444444,0.00694444444444444,0,0,0.00694444444444444,0.00694444444444444,1,1,0.00962505415893156,0.00962504744529724,1,0,576,576
3198,1,1,1,1,1,1,1,1,0,1,0.00694444444444444,0.00694444444444444,0,0,0.00694444444444444,0.00694444444444444,1,1,0.00686370635344391,0.00686371326446533,1,0,576,576
3199,1,1,1,1,1,1,1,1,0,1,0.00694444444444444,0.00694444444444444,0,0,0.00694444444444444,0.00694444444444444,1,1,0.00962505415893156,0.00962504744529724,1,0,576,576
3200,1,1,1,1,1,1,1,1,0,1,0.00694444444444444,0.00694444444444444,0,0,0.00694444444444444,0.00694444444444444,1,1,0.00686370635344391,0.00686371326446533,1,0,576,576
