arm_N,iteration,event_kind,event_id,window_m_final,mode_index,omega,mac_prev,mac_phi0,mac_solid,support_kinetic_fraction,low_density_strain_fraction,low_density_kinetic_fraction,support_connectivity,cond_kinetic_pass,cond_supports_pass,cond_strain_pass,cond_mac_pass,rejection_reason,admissible,selected,tie_flag,eigensolver_status
inf,1,diagnostic,1,320,1,88.5123971833825,0.998026168139559,0.998026168139559,0.998026168139559,0,0,0,0,0,0,1,1,cond_kinetic: measured=0 threshold=>=0.5; cond_supports: measured=false threshold=true,0,0,0,converged; residual=3.8354935976104637e-10
inf,1,diagnostic,1,320,2,273.340722248582,2.01786928056469e-26,2.01786928056469e-26,2.01786928056469e-26,0,0,0,0,0,0,1,0,cond_kinetic: measured=0 threshold=>=0.5; cond_supports: measured=false threshold=true; cond_mac: measured=2.0178692805646893e-26 threshold=>=0.80000000000000004,0,0,0,converged; residual=3.955513353762406e-11
inf,1,diagnostic,1,320,3,298.432833515289,1.64182357857048e-22,1.64182357857048e-22,1.64182357857048e-22,0,0,0,0,0,0,1,0,cond_kinetic: measured=0 threshold=>=0.5; cond_supports: measured=false threshold=true; cond_mac: measured=1.6418235785704845e-22 threshold=>=0.80000000000000004,0,0,0,converged; residual=4.2641113312898512e-11
inf,1,diagnostic,1,320,4,505.085212998276,0.00148537630008002,0.00148537630008002,0.00148537630008002,0,0,0,0,0,0,1,0,cond_kinetic: measured=0 threshold=>=0.5; cond_supports: measured=false threshold=true; cond_mac: measured=0.0014853763000800173 threshold=>=0.80000000000000004,0,0,0,converged; residual=1.409745058953311e-11
inf,1,diagnostic,1,320,5,764.470041241105,5.99478500024452e-27,5.99478500024452e-27,5.99478500024452e-27,0,0,0,0,0,0,1,0,cond_kinetic: measured=0 threshold=>=0.5; cond_supports: measured=false threshold=true; cond_mac: measured=5.9947850002445245e-27 threshold=>=0.80000000000000004,0,0,0,converged; residual=6.3926392926391945e-12
inf,1,diagnostic,1,320,6,1042.4603272504,6.15807922969825e-05,6.15807922969825e-05,6.15807922969825e-05,0,0,0,0,0,0,1,0,cond_kinetic: measured=0 threshold=>=0.5; cond_supports: measured=false threshold=true; cond_mac: measured=6.158079229698246e-05 threshold=>=0.80000000000000004,0,0,0,converged; residual=3.4463170290515796e-12
inf,1,diagnostic,1,320,7,1045.37737570199,1.07063781421743e-24,1.07063781421743e-24,1.07063781421743e-24,0,0,0,0,0,0,1,0,cond_kinetic: measured=0 threshold=>=0.5; cond_supports: measured=false threshold=true; cond_mac: measured=1.0706378142174296e-24 threshold=>=0.80000000000000004,0,0,0,converged; residual=8.4899497357017627e-12
inf,1,diagnostic,1,320,8,1327.64312071279,3.34274506534858e-27,3.34274506534858e-27,3.34274506534858e-27,0,0,0,0,0,0,1,0,cond_kinetic: measured=0 threshold=>=0.5; cond_supports: measured=false threshold=true; cond_mac: measured=3.3427450653485833e-27 threshold=>=0.80000000000000004,0,0,0,converged; residual=2.1777705281216062e-12
inf,1,diagnostic,1,320,9,1617.13613552578,3.52276381593837e-07,3.52276381593837e-07,3.52276381593837e-07,0,0,0,0,0,0,1,0,cond_kinetic: measured=0 threshold=>=0.5; cond_supports: measured=false threshold=true; cond_mac: measured=3.5227638159383736e-07 threshold=>=0.80000000000000004,0,0,0,converged; residual=1.5376484890873846e-12
inf,1,diagnostic,1,320,10,1698.2137487558,1.38715269340075e-24,1.38715269340075e-24,1.38715269340075e-24,0,0,0,0,0,0,1,0,cond_kinetic: measured=0 threshold=>=0.5; cond_supports: measured=false threshold=true; cond_mac: measured=1.3871526934007459e-24 threshold=>=0.80000000000000004,0,0,0,converged; residual=1.4103321090646175e-12
inf,1,diagnostic,1,320,11,1735.25548604213,9.4173894727284e-26,9.4173894727284e-26,9.4173894727284e-26,0,0,0,0,0,0,1,0,cond_kinetic: measured=0 threshold=>=0.5; cond_supports: measured=false threshold=true; cond_mac: measured=9.4173894727284029e-26 threshold=>=0.80000000000000004,0,0,0,converged; residual=1.3073186679754493e-12
inf,1,diagnostic,1,320,12,1905.93258925601,1.16167162207544e-25,1.16167162207544e-25,1.16167162207544e-25,0,0,0,0,0,0,1,0,cond_kinetic: measured=0 threshold=>=0.5; cond_supports: measured=false threshold=true; cond_mac: measured=1.1616716220754391e-25 threshold=>=0.80000000000000004,0,0,0,converged; residual=1.154750642767896e-12
inf,1,diagnostic,1,320,13,1975.91811843433,0.000389042458777597,0.000389042458777597,0.000389042458777597,0,0,0,0,0,0,1,0,cond_kinetic: measured=0 threshold=>=0.5; cond_supports: measured=false threshold=true; cond_mac: measured=0.00038904245877759657 threshold=>=0.80000000000000004,0,0,0,converged; residual=9.1795742021958126e-13
inf,1,diagnostic,1,320,14,2097.58680576494,8.9876962521339e-28,8.9876962521339e-28,8.9876962521339e-28,0,0,0,0,0,0,1,0,cond_kinetic: measured=0 threshold=>=0.5; cond_supports: measured=false threshold=true; cond_mac: measured=8.987696252133897e-28 threshold=>=0.80000000000000004,0,0,0,converged; residual=9.7415958284134133e-13
inf,1,diagnostic,1,320,15,2199.22309816919,1.61478528314178e-06,1.61478528314178e-06,1.61478528314178e-06,0,0,0,0,0,0,1,0,cond_kinetic: measured=0 threshold=>=0.5; cond_supports: measured=false threshold=true; cond_mac: measured=1.614785283141783e-06 threshold=>=0.80000000000000004,0,0,0,converged; residual=8.5996342323230782e-13
inf,1,diagnostic,1,320,16,2403.13745147934,5.49576582390444e-27,5.49576582390444e-27,5.49576582390444e-27,0,0,0,0,0,0,1,0,cond_kinetic: measured=0 threshold=>=0.5; cond_supports: measured=false threshold=true; cond_mac: measured=5.4957658239044428e-27 threshold=>=0.80000000000000004,0,0,0,converged; residual=7.7934236308800348e-13
inf,1,diagnostic,1,320,17,2410.51226555805,2.12311228108593e-24,2.12311228108593e-24,2.12311228108593e-24,0,0,0,0,0,0,1,0,cond_kinetic: measured=0 threshold=>=0.5; cond_supports: measured=false threshold=true; cond_mac: measured=2.1231122810859349e-24 threshold=>=0.80000000000000004,0,0,0,converged; residual=6.4975103895906514e-13
inf,1,diagnostic,1,320,18,2491.99053835904,2.19401526390573e-27,2.19401526390573e-27,2.19401526390573e-27,0,0,0,0,0,0,1,0,cond_kinetic: measured=0 threshold=>=0.5; cond_supports: measured=false threshold=true; cond_mac: measured=2.1940152639057297e-27 threshold=>=0.80000000000000004,0,0,0,converged; residual=7.6622852437389608e-13
inf,1,diagnostic,1,320,19,2613.94967733382,5.48343170393799e-27,5.48343170393799e-27,5.48343170393799e-27,0,0,0,0,0,0,1,0,cond_kinetic: measured=0 threshold=>=0.5; cond_supports: measured=false threshold=true; cond_mac: measured=5.4834317039379902e-27 threshold=>=0.80000000000000004,0,0,0,converged; residual=5.511345852818729e-13
inf,1,diagnostic,1,320,20,2657.20701268746,2.86813050891214e-05,2.86813050891214e-05,2.86813050891214e-05,0,0,0,0,0,0,1,0,cond_kinetic: measured=0 threshold=>=0.5; cond_supports: measured=false threshold=true; cond_mac: measured=2.8681305089121449e-05 threshold=>=0.80000000000000004,0,0,0,converged; residual=7.9955015420031657e-13
inf,1,diagnostic,1,320,21,2674.3622740259,2.36625470242541e-23,2.36625470242541e-23,2.36625470242541e-23,0,0,0,0,0,0,1,0,cond_kinetic: measured=0 threshold=>=0.5; cond_supports: measured=false threshold=true; cond_mac: measured=2.366254702425414e-23 threshold=>=0.80000000000000004,0,0,0,converged; residual=4.9767690377053872e-13
inf,1,diagnostic,1,320,22,2728.43784156686,3.36553556976366e-29,3.36553556976366e-29,3.36553556976366e-29,0,0,0,0,0,0,1,0,cond_kinetic: measured=0 threshold=>=0.5; cond_supports: measured=false threshold=true; cond_mac: measured=3.3655355697636615e-29 threshold=>=0.80000000000000004,0,0,0,converged; residual=5.799752735541079e-13
inf,1,diagnostic,1,320,23,2795.50957791505,3.60522011040383e-08,3.60522011040383e-08,3.60522011040383e-08,0,0,0,0,0,0,1,0,cond_kinetic: measured=0 threshold=>=0.5; cond_supports: measured=false threshold=true; cond_mac: measured=3.605220110403827e-08 threshold=>=0.80000000000000004,0,0,0,converged; residual=5.4291442208575767e-13
inf,1,diagnostic,1,320,24,2818.76916259336,3.09200354307608e-25,3.09200354307608e-25,3.09200354307608e-25,0,0,0,0,0,0,1,0,cond_kinetic: measured=0 threshold=>=0.5; cond_supports: measured=false threshold=true; cond_mac: measured=3.0920035430760827e-25 threshold=>=0.80000000000000004,0,0,0,converged; residual=4.3820797379023513e-13
inf,1,diagnostic,1,320,25,2862.04080949964,2.95878094814722e-28,2.95878094814722e-28,2.95878094814722e-28,0,0,0,0,0,0,1,0,cond_kinetic: measured=0 threshold=>=0.5; cond_supports: measured=false threshold=true; cond_mac: measured=2.9587809481472226e-28 threshold=>=0.80000000000000004,0,0,0,converged; residual=4.038796605107418e-13
inf,1,diagnostic,1,320,26,2931.22599059064,5.2911270235338e-26,5.2911270235338e-26,5.2911270235338e-26,0,0,0,0,0,0,1,0,cond_kinetic: measured=0 threshold=>=0.5; cond_supports: measured=false threshold=true; cond_mac: measured=5.2911270235338021e-26 threshold=>=0.80000000000000004,0,0,0,converged; residual=4.6760396980538938e-13
inf,1,diagnostic,1,320,27,2968.46153146335,7.78219169228954e-31,7.78219169228954e-31,7.78219169228954e-31,0,0,0,0,0,0,1,0,cond_kinetic: measured=0 threshold=>=0.5; cond_supports: measured=false threshold=true; cond_mac: measured=7.7821916922895389e-31 threshold=>=0.80000000000000004,0,0,0,converged; residual=5.188923149267344e-13
inf,1,diagnostic,1,320,28,2972.33949764855,1.41879649185615e-27,1.41879649185615e-27,1.41879649185615e-27,0,0,0,0,0,0,1,0,cond_kinetic: measured=0 threshold=>=0.5; cond_supports: measured=false threshold=true; cond_mac: measured=1.4187964918561494e-27 threshold=>=0.80000000000000004,0,0,0,converged; residual=6.3166391649746753e-13
inf,1,diagnostic,1,320,29,2980.38930735959,3.44310096529236e-27,3.44310096529236e-27,3.44310096529236e-27,0,0,0,0,0,0,1,0,cond_kinetic: measured=0 threshold=>=0.5; cond_supports: measured=false threshold=true; cond_mac: measured=3.4431009652923611e-27 threshold=>=0.80000000000000004,0,0,0,converged; residual=5.3591164135081133e-13
inf,1,diagnostic,1,320,30,3101.58396521406,1.49277010420089e-28,1.49277010420089e-28,1.49277010420089e-28,0,0,0,0,0,0,1,0,cond_kinetic: measured=0 threshold=>=0.5; cond_supports: measured=false threshold=true; cond_mac: measured=1.4927701042008891e-28 threshold=>=0.80000000000000004,0,0,0,converged; residual=4.8067124171028784e-13
inf,1,diagnostic,1,320,31,3128.99178675673,5.21807134794357e-28,5.21807134794357e-28,5.21807134794357e-28,0,0,0,0,0,0,1,0,cond_kinetic: measured=0 threshold=>=0.5; cond_supports: measured=false threshold=true; cond_mac: measured=5.2180713479435653e-28 threshold=>=0.80000000000000004,0,0,0,converged; residual=8.8852416912508038e-13
inf,1,diagnostic,1,320,32,3248.83772449028,6.9455392579829e-27,6.9455392579829e-27,6.9455392579829e-27,0,0,0,0,0,0,1,0,cond_kinetic: measured=0 threshold=>=0.5; cond_supports: measured=false threshold=true; cond_mac: measured=6.9455392579828953e-27 threshold=>=0.80000000000000004,0,0,0,converged; residual=1.0774047572550374e-11
inf,1,diagnostic,1,320,33,3301.29690274593,8.61912722228762e-28,8.61912722228762e-28,8.61912722228762e-28,0,0,0,0,0,0,1,0,cond_kinetic: measured=0 threshold=>=0.5; cond_supports: measured=false threshold=true; cond_mac: measured=8.6191272222876205e-28 threshold=>=0.80000000000000004,0,0,0,converged; residual=3.2907484861777408e-13
inf,1,diagnostic,1,320,34,3364.01426176288,1.17039732367573e-26,1.17039732367573e-26,1.17039732367573e-26,0,0,0,0,0,0,1,0,cond_kinetic: measured=0 threshold=>=0.5; cond_supports: measured=false threshold=true; cond_mac: measured=1.1703973236757336e-26 threshold=>=0.80000000000000004,0,0,0,converged; residual=2.7028149570912582e-13
inf,1,diagnostic,1,320,35,3369.69235684764,1.12181038381191e-06,1.12181038381191e-06,1.12181038381191e-06,0,0,0,0,0,0,1,0,cond_kinetic: measured=0 threshold=>=0.5; cond_supports: measured=false threshold=true; cond_mac: measured=1.1218103838119081e-06 threshold=>=0.80000000000000004,0,0,0,converged; residual=4.0985887906651086e-13
inf,1,diagnostic,1,320,36,3437.39767496571,1.16353981324956e-25,1.16353981324956e-25,1.16353981324956e-25,0,0,0,0,0,0,1,0,cond_kinetic: measured=0 threshold=>=0.5; cond_supports: measured=false threshold=true; cond_mac: measured=1.1635398132495647e-25 threshold=>=0.80000000000000004,0,0,0,converged; residual=3.5216172218731063e-13
inf,1,diagnostic,1,320,37,3598.39333209286,4.12252034494658e-06,4.12252034494658e-06,4.12252034494658e-06,0,0,0,0,0,0,1,0,cond_kinetic: measured=0 threshold=>=0.5; cond_supports: measured=false threshold=true; cond_mac: measured=4.1225203449465771e-06 threshold=>=0.80000000000000004,0,0,0,converged; residual=3.1938988872843884e-13
inf,1,diagnostic,1,320,38,3635.07310418803,4.00182038089958e-27,4.00182038089958e-27,4.00182038089958e-27,0,0,0,0,0,0,1,0,cond_kinetic: measured=0 threshold=>=0.5; cond_supports: measured=false threshold=true; cond_mac: measured=4.0018203808995795e-27 threshold=>=0.80000000000000004,0,0,0,converged; residual=3.6406313160473871e-13
inf,1,diagnostic,1,320,39,3677.93924062709,9.94218963646259e-28,9.94218963646259e-28,9.94218963646259e-28,0,0,0,0,0,0,1,0,cond_kinetic: measured=0 threshold=>=0.5; cond_supports: measured=false threshold=true; cond_mac: measured=9.9421896364625871e-28 threshold=>=0.80000000000000004,0,0,0,converged; residual=2.8571733010836423e-13
inf,1,diagnostic,1,320,40,3777.01061453065,4.0409821889231e-26,4.0409821889231e-26,4.0409821889231e-26,0,0,0,0,0,0,1,0,cond_kinetic: measured=0 threshold=>=0.5; cond_supports: measured=false threshold=true; cond_mac: measured=4.0409821889231024e-26 threshold=>=0.80000000000000004,0,0,0,converged; residual=3.5061007526512643e-13
inf,1,diagnostic,1,320,41,3982.1006234649,4.08169459549891e-07,4.08169459549891e-07,4.08169459549891e-07,0,0,0,0,0,0,1,0,cond_kinetic: measured=0 threshold=>=0.5; cond_supports: measured=false threshold=true; cond_mac: measured=4.0816945954989128e-07 threshold=>=0.80000000000000004,0,0,0,converged; residual=2.0559081216158556e-13
inf,1,diagnostic,1,320,42,3996.81384353812,3.55835260451687e-25,3.55835260451687e-25,3.55835260451687e-25,0,0,0,0,0,0,1,0,cond_kinetic: measured=0 threshold=>=0.5; cond_supports: measured=false threshold=true; cond_mac: measured=3.5583526045168727e-25 threshold=>=0.80000000000000004,0,0,0,converged; residual=2.9047298578281408e-13
inf,1,diagnostic,1,320,43,4058.01660013177,9.6105350218199e-30,9.6105350218199e-30,9.6105350218199e-30,0,0,0,0,0,0,1,0,cond_kinetic: measured=0 threshold=>=0.5; cond_supports: measured=false threshold=true; cond_mac: measured=9.6105350218198985e-30 threshold=>=0.80000000000000004,0,0,0,converged; residual=3.2655869804144637e-13
inf,1,diagnostic,1,320,44,4129.38455974314,1.97879750816428e-28,1.97879750816428e-28,1.97879750816428e-28,0,0,0,0,0,0,1,0,cond_kinetic: measured=0 threshold=>=0.5; cond_supports: measured=false threshold=true; cond_mac: measured=1.9787975081642789e-28 threshold=>=0.80000000000000004,0,0,0,converged; residual=2.4395504781281574e-13
inf,1,diagnostic,1,320,45,4351.89842300032,5.6905997882695e-29,5.6905997882695e-29,5.6905997882695e-29,0,0,0,0,0,0,1,0,cond_kinetic: measured=0 threshold=>=0.5; cond_supports: measured=false threshold=true; cond_mac: measured=5.6905997882695019e-29 threshold=>=0.80000000000000004,0,0,0,converged; residual=2.0244034917480292e-13
inf,1,diagnostic,1,320,46,4365.31634245685,1.1068124904639e-27,1.1068124904639e-27,1.1068124904639e-27,0,0,0,0,0,0,1,0,cond_kinetic: measured=0 threshold=>=0.5; cond_supports: measured=false threshold=true; cond_mac: measured=1.1068124904638988e-27 threshold=>=0.80000000000000004,0,0,0,converged; residual=3.2209135061379408e-13
inf,1,diagnostic,1,320,47,4428.62569565465,7.1342271444232e-30,7.1342271444232e-30,7.1342271444232e-30,0,0,0,0,0,0,1,0,cond_kinetic: measured=0 threshold=>=0.5; cond_supports: measured=false threshold=true; cond_mac: measured=7.1342271444231965e-30 threshold=>=0.80000000000000004,0,0,0,converged; residual=2.0737296195411693e-13
inf,1,diagnostic,1,320,48,4520.80558154432,8.51130283304641e-08,8.51130283304641e-08,8.51130283304641e-08,0,0,0,0,0,0,1,0,cond_kinetic: measured=0 threshold=>=0.5; cond_supports: measured=false threshold=true; cond_mac: measured=8.5113028330464119e-08 threshold=>=0.80000000000000004,0,0,0,converged; residual=1.9723524742867194e-13
inf,1,diagnostic,1,320,49,4713.78578306091,4.51619731172813e-29,4.51619731172813e-29,4.51619731172813e-29,0,0,0,0,0,0,1,0,cond_kinetic: measured=0 threshold=>=0.5; cond_supports: measured=false threshold=true; cond_mac: measured=4.5161973117281271e-29 threshold=>=0.80000000000000004,0,0,0,converged; residual=2.2638063114284656e-13
inf,1,diagnostic,1,320,50,4768.35003550401,1.66755850905741e-28,1.66755850905741e-28,1.66755850905741e-28,0,0,0,0,0,0,1,0,cond_kinetic: measured=0 threshold=>=0.5; cond_supports: measured=false threshold=true; cond_mac: measured=1.6675585090574136e-28 threshold=>=0.80000000000000004,0,0,0,converged; residual=2.7296438918103032e-13
inf,1,diagnostic,1,320,51,4787.70192877731,2.10140646537578e-08,2.10140646537578e-08,2.10140646537578e-08,0,0,0,0,0,0,1,0,cond_kinetic: measured=0 threshold=>=0.5; cond_supports: measured=false threshold=true; cond_mac: measured=2.1014064653757829e-08 threshold=>=0.80000000000000004,0,0,0,converged; residual=2.1935878798118157e-13
inf,1,diagnostic,1,320,52,4871.81056373459,1.75089505823079e-29,1.75089505823079e-29,1.75089505823079e-29,0,0,0,0,0,0,1,0,cond_kinetic: measured=0 threshold=>=0.5; cond_supports: measured=false threshold=true; cond_mac: measured=1.7508950582307915e-29 threshold=>=0.80000000000000004,0,0,0,converged; residual=2.9068756171711672e-13
inf,1,diagnostic,1,320,53,4921.61374140144,3.86771415763821e-29,3.86771415763821e-29,3.86771415763821e-29,0,0,0,0,0,0,1,0,cond_kinetic: measured=0 threshold=>=0.5; cond_supports: measured=false threshold=true; cond_mac: measured=3.8677141576382077e-29 threshold=>=0.80000000000000004,0,0,0,converged; residual=3.0710871092913959e-13
inf,1,diagnostic,1,320,54,5060.57019370517,2.64672561430393e-27,2.64672561430393e-27,2.64672561430393e-27,0,0,0,0,0,0,1,0,cond_kinetic: measured=0 threshold=>=0.5; cond_supports: measured=false threshold=true; cond_mac: measured=2.6467256143039344e-27 threshold=>=0.80000000000000004,0,0,0,converged; residual=1.6701021329318806e-13
inf,1,diagnostic,1,320,55,5148.03444001991,1.49794354530364e-28,1.49794354530364e-28,1.49794354530364e-28,0,0,0,0,0,0,1,0,cond_kinetic: measured=0 threshold=>=0.5; cond_supports: measured=false threshold=true; cond_mac: measured=1.4979435453036367e-28 threshold=>=0.80000000000000004,0,0,0,converged; residual=2.0559261571891179e-13
inf,1,diagnostic,1,320,56,5206.49924299707,5.64363690244697e-08,5.64363690244697e-08,5.64363690244697e-08,0,0,0,0,0,0,1,0,cond_kinetic: measured=0 threshold=>=0.5; cond_supports: measured=false threshold=true; cond_mac: measured=5.6436369024469728e-08 threshold=>=0.80000000000000004,0,0,0,converged; residual=2.2111392635970484e-13
inf,1,diagnostic,1,320,57,5294.22414848143,1.92741538901831e-26,1.92741538901831e-26,1.92741538901831e-26,0,0,0,0,0,0,1,0,cond_kinetic: measured=0 threshold=>=0.5; cond_supports: measured=false threshold=true; cond_mac: measured=1.9274153890183056e-26 threshold=>=0.80000000000000004,0,0,0,converged; residual=1.7649339534369189e-13
inf,1,diagnostic,1,320,58,5314.57829711172,4.42270422656638e-28,4.42270422656638e-28,4.42270422656638e-28,0,0,0,0,0,0,1,0,cond_kinetic: measured=0 threshold=>=0.5; cond_supports: measured=false threshold=true; cond_mac: measured=4.4227042265663813e-28 threshold=>=0.80000000000000004,0,0,0,converged; residual=1.9507207868961033e-13
inf,1,diagnostic,1,320,59,5492.17778394081,1.56337598322453e-07,1.56337598322453e-07,1.56337598322453e-07,0,0,0,0,0,0,1,0,cond_kinetic: measured=0 threshold=>=0.5; cond_supports: measured=false threshold=true; cond_mac: measured=1.5633759832245261e-07 threshold=>=0.80000000000000004,0,0,0,converged; residual=1.2256879527762181e-13
inf,1,diagnostic,1,320,60,5530.27949747255,1.42112897051474e-28,1.42112897051474e-28,1.42112897051474e-28,0,0,0,0,0,0,1,0,cond_kinetic: measured=0 threshold=>=0.5; cond_supports: measured=false threshold=true; cond_mac: measured=1.4211289705147389e-28 threshold=>=0.80000000000000004,0,0,0,converged; residual=2.250677407084296e-13
inf,1,diagnostic,1,320,61,5590.08749994839,3.65632345237093e-27,3.65632345237093e-27,3.65632345237093e-27,0,0,0,0,0,0,1,0,cond_kinetic: measured=0 threshold=>=0.5; cond_supports: measured=false threshold=true; cond_mac: measured=3.6563234523709325e-27 threshold=>=0.80000000000000004,0,0,0,converged; residual=2.3930791586017655e-13
inf,1,diagnostic,1,320,62,5652.10891764523,3.51550430877658e-28,3.51550430877658e-28,3.51550430877658e-28,0,0,0,0,0,0,1,0,cond_kinetic: measured=0 threshold=>=0.5; cond_supports: measured=false threshold=true; cond_mac: measured=3.515504308776578e-28 threshold=>=0.80000000000000004,0,0,0,converged; residual=2.3135367308115547e-13
inf,1,diagnostic,1,320,63,5837.93491575983,2.20039820299822e-08,2.20039820299822e-08,2.20039820299822e-08,0,0,0,0,0,0,1,0,cond_kinetic: measured=0 threshold=>=0.5; cond_supports: measured=false threshold=true; cond_mac: measured=2.2003982029982174e-08 threshold=>=0.80000000000000004,0,0,0,converged; residual=2.2237710331377512e-13
inf,1,diagnostic,1,320,64,5850.81470337537,1.26100152681169e-27,1.26100152681169e-27,1.26100152681169e-27,0,0,0,0,0,0,1,0,cond_kinetic: measured=0 threshold=>=0.5; cond_supports: measured=false threshold=true; cond_mac: measured=1.2610015268116891e-27 threshold=>=0.80000000000000004,0,0,0,converged; residual=1.990026269323693e-13
inf,1,diagnostic,1,320,65,5856.85716425708,3.93338574283456e-27,3.93338574283456e-27,3.93338574283456e-27,0,0,0,0,0,0,1,0,cond_kinetic: measured=0 threshold=>=0.5; cond_supports: measured=false threshold=true; cond_mac: measured=3.9333857428345594e-27 threshold=>=0.80000000000000004,0,0,0,converged; residual=2.2182611514977141e-13
inf,1,diagnostic,1,320,66,5908.77323316292,4.14861673565037e-29,4.14861673565037e-29,4.14861673565037e-29,0,0,0,0,0,0,1,0,cond_kinetic: measured=0 threshold=>=0.5; cond_supports: measured=false threshold=true; cond_mac: measured=4.1486167356503705e-29 threshold=>=0.80000000000000004,0,0,0,converged; residual=2.4046541524812074e-13
inf,1,diagnostic,1,320,67,6097.08144057502,1.22582135216221e-29,1.22582135216221e-29,1.22582135216221e-29,0,0,0,0,0,0,1,0,cond_kinetic: measured=0 threshold=>=0.5; cond_supports: measured=false threshold=true; cond_mac: measured=1.225821352162212e-29 threshold=>=0.80000000000000004,0,0,0,converged; residual=1.8814757073685143e-13
inf,1,diagnostic,1,320,68,6110.47950839144,3.49528527411458e-29,3.49528527411458e-29,3.49528527411458e-29,0,0,0,0,0,0,1,0,cond_kinetic: measured=0 threshold=>=0.5; cond_supports: measured=false threshold=true; cond_mac: measured=3.4952852741145828e-29 threshold=>=0.80000000000000004,0,0,0,converged; residual=1.7910090243995436e-13
inf,1,diagnostic,1,320,69,6155.98853343604,6.52408712633426e-08,6.52408712633426e-08,6.52408712633426e-08,0,0,0,0,0,0,1,0,cond_kinetic: measured=0 threshold=>=0.5; cond_supports: measured=false threshold=true; cond_mac: measured=6.5240871263342587e-08 threshold=>=0.80000000000000004,0,0,0,converged; residual=8.4422807778331368e-14
inf,1,diagnostic,1,320,70,6317.42630343358,3.65182420875053e-09,3.65182420875053e-09,3.65182420875053e-09,0,0,0,0,0,0,1,0,cond_kinetic: measured=0 threshold=>=0.5; cond_supports: measured=false threshold=true; cond_mac: measured=3.6518242087505278e-09 threshold=>=0.80000000000000004,0,0,0,converged; residual=1.495984440305877e-13
inf,1,diagnostic,1,320,71,6340.12517243686,2.15969188459375e-28,2.15969188459375e-28,2.15969188459375e-28,0,0,0,0,0,0,1,0,cond_kinetic: measured=0 threshold=>=0.5; cond_supports: measured=false threshold=true; cond_mac: measured=2.1596918845937544e-28 threshold=>=0.80000000000000004,0,0,0,converged; residual=1.976813898201704e-13
inf,1,diagnostic,1,320,72,6365.40634636039,4.10001883757127e-29,4.10001883757127e-29,4.10001883757127e-29,0,0,0,0,0,0,1,0,cond_kinetic: measured=0 threshold=>=0.5; cond_supports: measured=false threshold=true; cond_mac: measured=4.1000188375712703e-29 threshold=>=0.80000000000000004,0,0,0,converged; residual=1.1536130953617638e-12
inf,1,diagnostic,1,320,73,6376.83545638567,1.21139484808831e-27,1.21139484808831e-27,1.21139484808831e-27,0,0,0,0,0,0,1,0,cond_kinetic: measured=0 threshold=>=0.5; cond_supports: measured=false threshold=true; cond_mac: measured=1.2113948480883075e-27 threshold=>=0.80000000000000004,0,0,0,converged; residual=2.038354281314048e-11
inf,1,diagnostic,1,320,74,6521.61695311141,5.30058466402985e-30,5.30058466402985e-30,5.30058466402985e-30,0,0,0,0,0,0,1,0,cond_kinetic: measured=0 threshold=>=0.5; cond_supports: measured=false threshold=true; cond_mac: measured=5.3005846640298521e-30 threshold=>=0.80000000000000004,0,0,0,converged; residual=1.5854511045547317e-13
inf,1,diagnostic,1,320,75,6527.74547589365,2.2684758553201e-28,2.2684758553201e-28,2.2684758553201e-28,0,0,0,0,0,0,1,0,cond_kinetic: measured=0 threshold=>=0.5; cond_supports: measured=false threshold=true; cond_mac: measured=2.268475855320096e-28 threshold=>=0.80000000000000004,0,0,0,converged; residual=1.1716533116734002e-13
inf,1,diagnostic,1,320,76,6582.42090128445,7.11118399915185e-08,7.11118399915185e-08,7.11118399915185e-08,0,0,0,0,0,0,1,0,cond_kinetic: measured=0 threshold=>=0.5; cond_supports: measured=false threshold=true; cond_mac: measured=7.1111839991518524e-08 threshold=>=0.80000000000000004,0,0,0,converged; residual=1.188835554612431e-13
inf,1,diagnostic,1,320,77,6609.90805443956,1.68062581362177e-26,1.68062581362177e-26,1.68062581362177e-26,0,0,0,0,0,0,1,0,cond_kinetic: measured=0 threshold=>=0.5; cond_supports: measured=false threshold=true; cond_mac: measured=1.680625813621765e-26 threshold=>=0.80000000000000004,0,0,0,converged; residual=1.776427370044625e-13
inf,1,diagnostic,1,320,78,6724.90852172955,3.14151966764466e-27,3.14151966764466e-27,3.14151966764466e-27,0,0,0,0,0,0,1,0,cond_kinetic: measured=0 threshold=>=0.5; cond_supports: measured=false threshold=true; cond_mac: measured=3.1415196676446613e-27 threshold=>=0.80000000000000004,0,0,0,converged; residual=9.3014958697407027e-14
inf,1,diagnostic,1,320,79,6743.03559990351,1.77110552236594e-07,1.77110552236594e-07,1.77110552236594e-07,0,0,0,0,0,0,1,0,cond_kinetic: measured=0 threshold=>=0.5; cond_supports: measured=false threshold=true; cond_mac: measured=1.7711055223659424e-07 threshold=>=0.80000000000000004,0,0,0,converged; residual=1.8030304578205747e-13
inf,1,diagnostic,1,320,80,6771.92047724594,5.88482755031936e-27,5.88482755031936e-27,5.88482755031936e-27,0,0,0,0,0,0,1,0,cond_kinetic: measured=0 threshold=>=0.5; cond_supports: measured=false threshold=true; cond_mac: measured=5.8848275503193616e-27 threshold=>=0.80000000000000004,0,0,0,converged; residual=2.0844884322749592e-13
inf,1,diagnostic,1,320,81,6915.01633404842,5.54402406616026e-29,5.54402406616026e-29,5.54402406616026e-29,0,0,0,0,0,0,1,0,cond_kinetic: measured=0 threshold=>=0.5; cond_supports: measured=false threshold=true; cond_mac: measured=5.5440240661602649e-29 threshold=>=0.80000000000000004,0,0,0,converged; residual=1.642451461396138e-13
inf,1,diagnostic,1,320,82,6979.76027893685,4.05733629239091e-08,4.05733629239091e-08,4.05733629239091e-08,0,0,0,0,0,0,1,0,cond_kinetic: measured=0 threshold=>=0.5; cond_supports: measured=false threshold=true; cond_mac: measured=4.057336292390914e-08 threshold=>=0.80000000000000004,0,0,0,converged; residual=1.1914440222426878e-13
inf,1,diagnostic,1,320,83,7029.08091640661,9.35698287581905e-29,9.35698287581905e-29,9.35698287581905e-29,0,0,0,0,0,0,1,0,cond_kinetic: measured=0 threshold=>=0.5; cond_supports: measured=false threshold=true; cond_mac: measured=9.3569828758190504e-29 threshold=>=0.80000000000000004,0,0,0,converged; residual=1.6218630039208204e-13
inf,1,diagnostic,1,320,84,7059.33170750648,2.99036229541547e-28,2.99036229541547e-28,2.99036229541547e-28,0,0,0,0,0,0,1,0,cond_kinetic: measured=0 threshold=>=0.5; cond_supports: measured=false threshold=true; cond_mac: measured=2.9903622954154724e-28 threshold=>=0.80000000000000004,0,0,0,converged; residual=9.0216064285998702e-14
inf,1,diagnostic,1,320,85,7197.72690274955,4.85773279042585e-29,4.85773279042585e-29,4.85773279042585e-29,0,0,0,0,0,0,1,0,cond_kinetic: measured=0 threshold=>=0.5; cond_supports: measured=false threshold=true; cond_mac: measured=4.8577327904258549e-29 threshold=>=0.80000000000000004,0,0,0,converged; residual=3.5989520904929094e-13
inf,1,diagnostic,1,320,86,7198.70256845254,3.66149818451893e-30,3.66149818451893e-30,3.66149818451893e-30,0,0,0,0,0,0,1,0,cond_kinetic: measured=0 threshold=>=0.5; cond_supports: measured=false threshold=true; cond_mac: measured=3.6614981845189273e-30 threshold=>=0.80000000000000004,0,0,0,converged; residual=4.1173906504535519e-13
inf,1,diagnostic,1,320,87,7229.30410725135,5.02131438912616e-29,5.02131438912616e-29,5.02131438912616e-29,0,0,0,0,0,0,1,0,cond_kinetic: measured=0 threshold=>=0.5; cond_supports: measured=false threshold=true; cond_mac: measured=5.0213143891261621e-29 threshold=>=0.80000000000000004,0,0,0,converged; residual=9.7088062635050963e-13
inf,1,diagnostic,1,320,88,7260.47670548145,2.87229221524516e-10,2.87229221524516e-10,2.87229221524516e-10,0,0,0,0,0,0,1,0,cond_kinetic: measured=0 threshold=>=0.5; cond_supports: measured=false threshold=true; cond_mac: measured=2.872292215245164e-10 threshold=>=0.80000000000000004,0,0,0,converged; residual=1.7444829012500497e-13
inf,1,diagnostic,1,320,89,7330.18016630873,4.4551407151981e-27,4.4551407151981e-27,4.4551407151981e-27,0,0,0,0,0,0,1,0,cond_kinetic: measured=0 threshold=>=0.5; cond_supports: measured=false threshold=true; cond_mac: measured=4.4551407151981031e-27 threshold=>=0.80000000000000004,0,0,0,converged; residual=1.4156637234068516e-13
inf,1,diagnostic,1,320,90,7346.34107383468,1.14077608091219e-28,1.14077608091219e-28,1.14077608091219e-28,0,0,0,0,0,0,1,0,cond_kinetic: measured=0 threshold=>=0.5; cond_supports: measured=false threshold=true; cond_mac: measured=1.1407760809121867e-28 threshold=>=0.80000000000000004,0,0,0,converged; residual=3.4858724539144895e-13
inf,1,diagnostic,1,320,91,7397.62324327366,8.21561019039259e-08,8.21561019039259e-08,8.21561019039259e-08,0,0,0,0,0,0,1,0,cond_kinetic: measured=0 threshold=>=0.5; cond_supports: measured=false threshold=true; cond_mac: measured=8.2156101903925947e-08 threshold=>=0.80000000000000004,0,0,0,converged; residual=1.5992757053868365e-13
inf,1,diagnostic,1,320,92,7406.69012561301,1.03569459454223e-26,1.03569459454223e-26,1.03569459454223e-26,0,0,0,0,0,0,1,0,cond_kinetic: measured=0 threshold=>=0.5; cond_supports: measured=false threshold=true; cond_mac: measured=1.0356945945422292e-26 threshold=>=0.80000000000000004,0,0,0,converged; residual=7.7242086041537515e-13
inf,1,diagnostic,1,320,93,7588.30431524896,5.20447407349405e-28,5.20447407349405e-28,5.20447407349405e-28,0,0,0,0,0,0,1,0,cond_kinetic: measured=0 threshold=>=0.5; cond_supports: measured=false threshold=true; cond_mac: measured=5.2044740734940469e-28 threshold=>=0.80000000000000004,0,0,0,converged; residual=1.21275631524473e-13
inf,1,diagnostic,1,320,94,7647.73353745628,3.67872943065153e-28,3.67872943065153e-28,3.67872943065153e-28,0,0,0,0,0,0,1,0,cond_kinetic: measured=0 threshold=>=0.5; cond_supports: measured=false threshold=true; cond_mac: measured=3.6787294306515268e-28 threshold=>=0.80000000000000004,0,0,0,converged; residual=1.5128708824360868e-13
inf,1,diagnostic,1,320,95,7671.42139958586,2.08871664713782e-08,2.08871664713782e-08,2.08871664713782e-08,0,0,0,0,0,0,1,0,cond_kinetic: measured=0 threshold=>=0.5; cond_supports: measured=false threshold=true; cond_mac: measured=2.0887166471378236e-08 threshold=>=0.80000000000000004,0,0,0,converged; residual=1.2660433589798917e-13
inf,1,diagnostic,1,320,96,7693.93639547456,8.83097859488201e-28,8.83097859488201e-28,8.83097859488201e-28,0,0,0,0,0,0,1,0,cond_kinetic: measured=0 threshold=>=0.5; cond_supports: measured=false threshold=true; cond_mac: measured=8.8309785948820148e-28 threshold=>=0.80000000000000004,0,0,0,converged; residual=1.6659271709865503e-13
inf,1,diagnostic,1,320,97,7719.91560643018,9.44233607984219e-29,9.44233607984219e-29,9.44233607984219e-29,0,0,0,0,0,0,1,0,cond_kinetic: measured=0 threshold=>=0.5; cond_supports: measured=false threshold=true; cond_mac: measured=9.4423360798421907e-29 threshold=>=0.80000000000000004,0,0,0,converged; residual=3.643866303570663e-13
inf,1,diagnostic,1,320,98,7783.17642777599,1.19799880085517e-29,1.19799880085517e-29,1.19799880085517e-29,0,0,0,0,0,0,1,0,cond_kinetic: measured=0 threshold=>=0.5; cond_supports: measured=false threshold=true; cond_mac: measured=1.1979988008551737e-29 threshold=>=0.80000000000000004,0,0,0,converged; residual=7.4849377739203105e-14
inf,1,diagnostic,1,320,99,7908.26742180627,1.19265879304751e-26,1.19265879304751e-26,1.19265879304751e-26,0,0,0,0,0,0,1,0,cond_kinetic: measured=0 threshold=>=0.5; cond_supports: measured=false threshold=true; cond_mac: measured=1.1926587930475061e-26 threshold=>=0.80000000000000004,0,0,0,converged; residual=1.6032740577294072e-13
inf,1,diagnostic,1,320,100,7950.41958536532,2.98656344369208e-08,2.98656344369208e-08,2.98656344369208e-08,0,0,0,0,0,0,1,0,cond_kinetic: measured=0 threshold=>=0.5; cond_supports: measured=false threshold=true; cond_mac: measured=2.9865634436920836e-08 threshold=>=0.80000000000000004,0,0,0,converged; residual=2.1746068530543726e-13
inf,1,diagnostic,1,320,101,7963.35073271972,4.78284952623519e-28,4.78284952623519e-28,4.78284952623519e-28,0,0,0,0,0,0,1,0,cond_kinetic: measured=0 threshold=>=0.5; cond_supports: measured=false threshold=true; cond_mac: measured=4.7828495262351856e-28 threshold=>=0.80000000000000004,0,0,0,converged; residual=1.224126211395649e-13
inf,1,diagnostic,1,320,102,8012.08936781472,9.66905060649249e-28,9.66905060649249e-28,9.66905060649249e-28,0,0,0,0,0,0,1,0,cond_kinetic: measured=0 threshold=>=0.5; cond_supports: measured=false threshold=true; cond_mac: measured=9.6690506064924879e-28 threshold=>=0.80000000000000004,0,0,0,converged; residual=3.3159713658586554e-13
inf,1,diagnostic,1,320,103,8071.99100565301,1.18019861519271e-10,1.18019861519271e-10,1.18019861519271e-10,0,0,0,0,0,0,1,0,cond_kinetic: measured=0 threshold=>=0.5; cond_supports: measured=false threshold=true; cond_mac: measured=1.1801986151927053e-10 threshold=>=0.80000000000000004,0,0,0,converged; residual=1.3474049167841574e-13
inf,1,diagnostic,1,320,104,8072.58013473094,7.65007656657132e-26,7.65007656657132e-26,7.65007656657132e-26,0,0,0,0,0,0,1,0,cond_kinetic: measured=0 threshold=>=0.5; cond_supports: measured=false threshold=true; cond_mac: measured=7.6500765665713197e-26 threshold=>=0.80000000000000004,0,0,0,converged; residual=1.0457101851545927e-13
inf,1,diagnostic,1,320,105,8113.9121753232,6.31894172521777e-29,6.31894172521777e-29,6.31894172521777e-29,0,0,0,0,0,0,1,0,cond_kinetic: measured=0 threshold=>=0.5; cond_supports: measured=false threshold=true; cond_mac: measured=6.3189417252177713e-29 threshold=>=0.80000000000000004,0,0,0,converged; residual=1.2814488632468103e-13
inf,1,diagnostic,1,320,106,8128.95840909466,2.98553212993574e-27,2.98553212993574e-27,2.98553212993574e-27,0,0,0,0,0,0,1,0,cond_kinetic: measured=0 threshold=>=0.5; cond_supports: measured=false threshold=true; cond_mac: measured=2.9855321299357447e-27 threshold=>=0.80000000000000004,0,0,0,converged; residual=3.5206789453662855e-13
inf,1,diagnostic,1,320,107,8179.25754281634,2.75723864319331e-30,2.75723864319331e-30,2.75723864319331e-30,0,0,0,0,0,0,1,0,cond_kinetic: measured=0 threshold=>=0.5; cond_supports: measured=false threshold=true; cond_mac: measured=2.7572386431933089e-30 threshold=>=0.80000000000000004,0,0,0,converged; residual=2.0411486615378306e-13
inf,1,diagnostic,1,320,108,8199.32514272004,1.99988063026581e-28,1.99988063026581e-28,1.99988063026581e-28,0,0,0,0,0,0,1,0,cond_kinetic: measured=0 threshold=>=0.5; cond_supports: measured=false threshold=true; cond_mac: measured=1.9998806302658116e-28 threshold=>=0.80000000000000004,0,0,0,converged; residual=1.692748695766401e-13
inf,1,diagnostic,1,320,109,8271.45083163127,2.7766588592469e-09,2.7766588592469e-09,2.7766588592469e-09,0,0,0,0,0,0,1,0,cond_kinetic: measured=0 threshold=>=0.5; cond_supports: measured=false threshold=true; cond_mac: measured=2.7766588592468972e-09 threshold=>=0.80000000000000004,0,0,0,converged; residual=1.4753957350368647e-13
inf,1,diagnostic,1,320,110,8281.74640457885,3.95372756600739e-28,3.95372756600739e-28,3.95372756600739e-28,0,0,0,0,0,0,1,0,cond_kinetic: measured=0 threshold=>=0.5; cond_supports: measured=false threshold=true; cond_mac: measured=3.9537275660073851e-28 threshold=>=0.80000000000000004,0,0,0,converged; residual=2.2583413958413166e-13
inf,1,diagnostic,1,320,111,8433.19581824563,6.40231942346277e-30,6.40231942346277e-30,6.40231942346277e-30,0,0,0,0,0,0,1,0,cond_kinetic: measured=0 threshold=>=0.5; cond_supports: measured=false threshold=true; cond_mac: measured=6.402319423462773e-30 threshold=>=0.80000000000000004,0,0,0,converged; residual=1.8020967938104772e-13
inf,1,diagnostic,1,320,112,8438.93815231287,2.84847769008646e-27,2.84847769008646e-27,2.84847769008646e-27,0,0,0,0,0,0,1,0,cond_kinetic: measured=0 threshold=>=0.5; cond_supports: measured=false threshold=true; cond_mac: measured=2.8484776900864633e-27 threshold=>=0.80000000000000004,0,0,0,converged; residual=1.8784713830969748e-13
inf,1,diagnostic,1,320,113,8466.67361998935,1.40006966786478e-08,1.40006966786478e-08,1.40006966786478e-08,0,0,0,0,0,0,1,0,cond_kinetic: measured=0 threshold=>=0.5; cond_supports: measured=false threshold=true; cond_mac: measured=1.4000696678647848e-08 threshold=>=0.80000000000000004,0,0,0,converged; residual=1.0938989710015983e-13
inf,1,diagnostic,1,320,114,8497.70337795166,1.22834509811336e-30,1.22834509811336e-30,1.22834509811336e-30,0,0,0,0,0,0,1,0,cond_kinetic: measured=0 threshold=>=0.5; cond_supports: measured=false threshold=true; cond_mac: measured=1.2283450981133598e-30 threshold=>=0.80000000000000004,0,0,0,converged; residual=2.4091074513743019e-13
inf,1,diagnostic,1,320,115,8518.41192752807,3.67451659767807e-31,3.67451659767807e-31,3.67451659767807e-31,0,0,0,0,0,0,1,0,cond_kinetic: measured=0 threshold=>=0.5; cond_supports: measured=false threshold=true; cond_mac: measured=3.6745165976780736e-31 threshold=>=0.80000000000000004,0,0,0,converged; residual=1.475239265389322e-13
inf,1,diagnostic,1,320,116,8650.37875479134,2.49721730373302e-28,2.49721730373302e-28,2.49721730373302e-28,0,0,0,0,0,0,1,0,cond_kinetic: measured=0 threshold=>=0.5; cond_supports: measured=false threshold=true; cond_mac: measured=2.4972173037330158e-28 threshold=>=0.80000000000000004,0,0,0,converged; residual=2.266954023751857e-13
inf,1,diagnostic,1,320,117,8684.58359883646,1.26740052018123e-27,1.26740052018123e-27,1.26740052018123e-27,0,0,0,0,0,0,1,0,cond_kinetic: measured=0 threshold=>=0.5; cond_supports: measured=false threshold=true; cond_mac: measured=1.2674005201812347e-27 threshold=>=0.80000000000000004,0,0,0,converged; residual=2.954692383814168e-13
inf,1,diagnostic,1,320,118,8730.02858228481,7.14764450752431e-08,7.14764450752431e-08,7.14764450752431e-08,0,0,0,0,0,0,1,0,cond_kinetic: measured=0 threshold=>=0.5; cond_supports: measured=false threshold=true; cond_mac: measured=7.1476445075243125e-08 threshold=>=0.80000000000000004,0,0,0,converged; residual=3.195483386819081e-13
inf,1,diagnostic,1,320,119,8749.24323184273,1.78806012799616e-25,1.78806012799616e-25,1.78806012799616e-25,0,0,0,0,0,0,1,0,cond_kinetic: measured=0 threshold=>=0.5; cond_supports: measured=false threshold=true; cond_mac: measured=1.7880601279961635e-25 threshold=>=0.80000000000000004,0,0,0,converged; residual=1.5343783304819428e-13
inf,1,diagnostic,1,320,120,8829.66909725743,3.67082384581094e-29,3.67082384581094e-29,3.67082384581094e-29,0,0,0,0,0,0,1,0,cond_kinetic: measured=0 threshold=>=0.5; cond_supports: measured=false threshold=true; cond_mac: measured=3.6708238458109428e-29 threshold=>=0.80000000000000004,0,0,0,converged; residual=1.8566299255406879e-13
inf,1,diagnostic,1,320,121,8883.04914240236,1.85341795584954e-08,1.85341795584954e-08,1.85341795584954e-08,0,0,0,0,0,0,1,0,cond_kinetic: measured=0 threshold=>=0.5; cond_supports: measured=false threshold=true; cond_mac: measured=1.8534179558495445e-08 threshold=>=0.80000000000000004,0,0,0,converged; residual=2.2522683026998036e-13
inf,1,diagnostic,1,320,122,8893.04723257867,1.26256596535127e-26,1.26256596535127e-26,1.26256596535127e-26,0,0,0,0,0,0,1,0,cond_kinetic: measured=0 threshold=>=0.5; cond_supports: measured=false threshold=true; cond_mac: measured=1.2625659653512692e-26 threshold=>=0.80000000000000004,0,0,0,converged; residual=5.1446308348997473e-14
inf,1,diagnostic,1,320,123,8990.41692713106,1.01077817618252e-28,1.01077817618252e-28,1.01077817618252e-28,0,0,0,0,0,0,1,0,cond_kinetic: measured=0 threshold=>=0.5; cond_supports: measured=false threshold=true; cond_mac: measured=1.0107781761825156e-28 threshold=>=0.80000000000000004,0,0,0,converged; residual=2.4592424291632927e-13
inf,1,diagnostic,1,320,124,9063.98255602326,1.03444056762062e-29,1.03444056762062e-29,1.03444056762062e-29,0,0,0,0,0,0,1,0,cond_kinetic: measured=0 threshold=>=0.5; cond_supports: measured=false threshold=true; cond_mac: measured=1.0344405676206246e-29 threshold=>=0.80000000000000004,0,0,0,converged; residual=9.3566880545634697e-14
inf,1,diagnostic,1,320,125,9073.83763407178,6.36786010897104e-28,6.36786010897104e-28,6.36786010897104e-28,0,0,0,0,0,0,1,0,cond_kinetic: measured=0 threshold=>=0.5; cond_supports: measured=false threshold=true; cond_mac: measured=6.367860108971035e-28 threshold=>=0.80000000000000004,0,0,0,converged; residual=6.8268456280860681e-14
inf,1,diagnostic,1,320,126,9126.83906923023,1.13364337427647e-28,1.13364337427647e-28,1.13364337427647e-28,0,0,0,0,0,0,1,0,cond_kinetic: measured=0 threshold=>=0.5; cond_supports: measured=false threshold=true; cond_mac: measured=1.1336433742764728e-28 threshold=>=0.80000000000000004,0,0,0,converged; residual=2.1357267822093826e-13
inf,1,diagnostic,1,320,127,9161.87005440395,1.32551985532523e-09,1.32551985532523e-09,1.32551985532523e-09,0,0,0,0,0,0,1,0,cond_kinetic: measured=0 threshold=>=0.5; cond_supports: measured=false threshold=true; cond_mac: measured=1.3255198553252334e-09 threshold=>=0.80000000000000004,0,0,0,converged; residual=1.0642374406448185e-13
inf,1,diagnostic,1,320,128,9188.08315547045,1.04115951823217e-30,1.04115951823217e-30,1.04115951823217e-30,0,0,0,0,0,0,1,0,cond_kinetic: measured=0 threshold=>=0.5; cond_supports: measured=false threshold=true; cond_mac: measured=1.0411595182321695e-30 threshold=>=0.80000000000000004,0,0,0,converged; residual=8.132817123483753e-14
inf,1,diagnostic,1,320,129,9282.49494616664,1.68037502698343e-28,1.68037502698343e-28,1.68037502698343e-28,0,0,0,0,0,0,1,0,cond_kinetic: measured=0 threshold=>=0.5; cond_supports: measured=false threshold=true; cond_mac: measured=1.6803750269834294e-28 threshold=>=0.80000000000000004,0,0,0,converged; residual=2.9140571630986689e-13
inf,1,diagnostic,1,320,130,9309.3942302881,3.66422486716875e-09,3.66422486716875e-09,3.66422486716875e-09,0,0,0,0,0,0,1,0,cond_kinetic: measured=0 threshold=>=0.5; cond_supports: measured=false threshold=true; cond_mac: measured=3.6642248671687493e-09 threshold=>=0.80000000000000004,0,0,0,converged; residual=7.7343722772474056e-14
inf,1,diagnostic,1,320,131,9377.57356605546,5.49177575540491e-29,5.49177575540491e-29,5.49177575540491e-29,0,0,0,0,0,0,1,0,cond_kinetic: measured=0 threshold=>=0.5; cond_supports: measured=false threshold=true; cond_mac: measured=5.4917757554049063e-29 threshold=>=0.80000000000000004,0,0,0,converged; residual=1.0314446157078783e-13
inf,1,diagnostic,1,320,132,9404.31502105052,5.15869538571029e-29,5.15869538571029e-29,5.15869538571029e-29,0,0,0,0,0,0,1,0,cond_kinetic: measured=0 threshold=>=0.5; cond_supports: measured=false threshold=true; cond_mac: measured=5.1586953857102909e-29 threshold=>=0.80000000000000004,0,0,0,converged; residual=2.555165948375078e-13
inf,1,diagnostic,1,320,133,9451.30124988636,1.24736888651101e-08,1.24736888651101e-08,1.24736888651101e-08,0,0,0,0,0,0,1,0,cond_kinetic: measured=0 threshold=>=0.5; cond_supports: measured=false threshold=true; cond_mac: measured=1.2473688865110111e-08 threshold=>=0.80000000000000004,0,0,0,converged; residual=1.9283648256195127e-13
inf,1,diagnostic,1,320,134,9480.90840982704,1.77851071155846e-26,1.77851071155846e-26,1.77851071155846e-26,0,0,0,0,0,0,1,0,cond_kinetic: measured=0 threshold=>=0.5; cond_supports: measured=false threshold=true; cond_mac: measured=1.7785107115584578e-26 threshold=>=0.80000000000000004,0,0,0,converged; residual=8.1248618703746036e-14
inf,1,diagnostic,1,320,135,9486.93470725343,5.10707773651634e-28,5.10707773651634e-28,5.10707773651634e-28,0,0,0,0,0,0,1,0,cond_kinetic: measured=0 threshold=>=0.5; cond_supports: measured=false threshold=true; cond_mac: measured=5.1070777365163377e-28 threshold=>=0.80000000000000004,0,0,0,converged; residual=1.1505378407454703e-13
inf,1,diagnostic,1,320,136,9530.32692552341,1.00982295744096e-08,1.00982295744096e-08,1.00982295744096e-08,0,0,0,0,0,0,1,0,cond_kinetic: measured=0 threshold=>=0.5; cond_supports: measured=false threshold=true; cond_mac: measured=1.0098229574409602e-08 threshold=>=0.80000000000000004,0,0,0,converged; residual=2.6380138779552682e-13
inf,1,diagnostic,1,320,137,9593.84276908558,3.76736111411244e-28,3.76736111411244e-28,3.76736111411244e-28,0,0,0,0,0,0,1,0,cond_kinetic: measured=0 threshold=>=0.5; cond_supports: measured=false threshold=true; cond_mac: measured=3.7673611141124353e-28 threshold=>=0.80000000000000004,0,0,0,converged; residual=1.0187370204606833e-13
inf,1,diagnostic,1,320,138,9681.52303195564,2.02898250649415e-29,2.02898250649415e-29,2.02898250649415e-29,0,0,0,0,0,0,1,0,cond_kinetic: measured=0 threshold=>=0.5; cond_supports: measured=false threshold=true; cond_mac: measured=2.0289825064941505e-29 threshold=>=0.80000000000000004,0,0,0,converged; residual=4.8085477051956765e-14
inf,1,diagnostic,1,320,139,9701.76162299342,7.68403968834702e-29,7.68403968834702e-29,7.68403968834702e-29,0,0,0,0,0,0,1,0,cond_kinetic: measured=0 threshold=>=0.5; cond_supports: measured=false threshold=true; cond_mac: measured=7.6840396883470188e-29 threshold=>=0.80000000000000004,0,0,0,converged; residual=1.4761748986269818e-13
inf,1,diagnostic,1,320,140,9702.69062355062,2.59128187522622e-29,2.59128187522622e-29,2.59128187522622e-29,0,0,0,0,0,0,1,0,cond_kinetic: measured=0 threshold=>=0.5; cond_supports: measured=false threshold=true; cond_mac: measured=2.5912818752262187e-29 threshold=>=0.80000000000000004,0,0,0,converged; residual=8.0362614422931158e-14
inf,1,diagnostic,1,320,141,9732.29253648182,1.65766633032152e-33,1.65766633032152e-33,1.65766633032152e-33,0,0,0,0,0,0,1,0,cond_kinetic: measured=0 threshold=>=0.5; cond_supports: measured=false threshold=true; cond_mac: measured=1.6576663303215191e-33 threshold=>=0.80000000000000004,0,0,0,converged; residual=1.9738202246538663e-13
inf,1,diagnostic,1,320,142,9786.04364952474,8.22900641543569e-09,8.22900641543569e-09,8.22900641543569e-09,0,0,0,0,0,0,1,0,cond_kinetic: measured=0 threshold=>=0.5; cond_supports: measured=false threshold=true; cond_mac: measured=8.2290064154356857e-09 threshold=>=0.80000000000000004,0,0,0,converged; residual=1.4567159629816614e-13
inf,1,diagnostic,1,320,143,9887.69478917372,1.32771876145918e-27,1.32771876145918e-27,1.32771876145918e-27,0,0,0,0,0,0,1,0,cond_kinetic: measured=0 threshold=>=0.5; cond_supports: measured=false threshold=true; cond_mac: measured=1.3277187614591751e-27 threshold=>=0.80000000000000004,0,0,0,converged; residual=2.377426646785753e-13
inf,1,diagnostic,1,320,144,9995.31902940115,2.49350129027471e-29,2.49350129027471e-29,2.49350129027471e-29,0,0,0,0,0,0,1,0,cond_kinetic: measured=0 threshold=>=0.5; cond_supports: measured=false threshold=true; cond_mac: measured=2.4935012902747065e-29 threshold=>=0.80000000000000004,0,0,0,converged; residual=1.1870679959959924e-12
inf,1,diagnostic,1,320,145,9998.10598836106,4.00505839274347e-29,4.00505839274347e-29,4.00505839274347e-29,0,0,0,0,0,0,1,0,cond_kinetic: measured=0 threshold=>=0.5; cond_supports: measured=false threshold=true; cond_mac: measured=4.0050583927434683e-29 threshold=>=0.80000000000000004,0,0,0,converged; residual=4.6364023784814466e-13
inf,1,diagnostic,1,320,146,10005.4602479293,4.94848390456325e-29,4.94848390456325e-29,4.94848390456325e-29,0,0,0,0,0,0,1,0,cond_kinetic: measured=0 threshold=>=0.5; cond_supports: measured=false threshold=true; cond_mac: measured=4.9484839045632464e-29 threshold=>=0.80000000000000004,0,0,0,converged; residual=6.4009722216055773e-13
inf,1,diagnostic,1,320,147,10061.3305414285,1.17548981088289e-08,1.17548981088289e-08,1.17548981088289e-08,0,0,0,0,0,0,1,0,cond_kinetic: measured=0 threshold=>=0.5; cond_supports: measured=false threshold=true; cond_mac: measured=1.1754898108828924e-08 threshold=>=0.80000000000000004,0,0,0,converged; residual=2.0475337524139816e-12
inf,1,diagnostic,1,320,148,10126.3776918958,3.53512283097111e-10,3.53512283097111e-10,3.53512283097111e-10,0,0,0,0,0,0,1,0,cond_kinetic: measured=0 threshold=>=0.5; cond_supports: measured=false threshold=true; cond_mac: measured=3.5351228309711122e-10 threshold=>=0.80000000000000004,0,0,0,converged; residual=2.5701543041861203e-13
inf,1,diagnostic,1,320,149,10152.3106859944,2.63784109561978e-28,2.63784109561978e-28,2.63784109561978e-28,0,0,0,0,0,0,1,0,cond_kinetic: measured=0 threshold=>=0.5; cond_supports: measured=false threshold=true; cond_mac: measured=2.6378410956197824e-28 threshold=>=0.80000000000000004,0,0,0,converged; residual=6.9358202321154226e-14
inf,1,diagnostic,1,320,150,10159.2621679283,1.72598537844951e-26,1.72598537844951e-26,1.72598537844951e-26,0,0,0,0,0,0,1,0,cond_kinetic: measured=0 threshold=>=0.5; cond_supports: measured=false threshold=true; cond_mac: measured=1.7259853784495133e-26 threshold=>=0.80000000000000004,0,0,0,converged; residual=1.384659981302771e-13
inf,1,diagnostic,1,320,151,10162.4843778671,2.97706498961174e-28,2.97706498961174e-28,2.97706498961174e-28,0,0,0,0,0,0,1,0,cond_kinetic: measured=0 threshold=>=0.5; cond_supports: measured=false threshold=true; cond_mac: measured=2.9770649896117386e-28 threshold=>=0.80000000000000004,0,0,0,converged; residual=1.088697094869549e-13
inf,1,diagnostic,1,320,152,10207.8191705937,6.38518637866588e-28,6.38518637866588e-28,6.38518637866588e-28,0,0,0,0,0,0,1,0,cond_kinetic: measured=0 threshold=>=0.5; cond_supports: measured=false threshold=true; cond_mac: measured=6.3851863786658791e-28 threshold=>=0.80000000000000004,0,0,0,converged; residual=7.1361826747962895e-14
inf,1,diagnostic,1,320,153,10242.2834038316,1.54883403016215e-07,1.54883403016215e-07,1.54883403016215e-07,0,0,0,0,0,0,1,0,cond_kinetic: measured=0 threshold=>=0.5; cond_supports: measured=false threshold=true; cond_mac: measured=1.5488340301621502e-07 threshold=>=0.80000000000000004,0,0,0,converged; residual=2.0376652238342134e-13
inf,1,diagnostic,1,320,154,10295.8217134906,1.09047055126652e-28,1.09047055126652e-28,1.09047055126652e-28,0,0,0,0,0,0,1,0,cond_kinetic: measured=0 threshold=>=0.5; cond_supports: measured=false threshold=true; cond_mac: measured=1.0904705512665206e-28 threshold=>=0.80000000000000004,0,0,0,converged; residual=1.0058476513789513e-13
inf,1,diagnostic,1,320,155,10306.1033749275,7.78664801919129e-28,7.78664801919129e-28,7.78664801919129e-28,0,0,0,0,0,0,1,0,cond_kinetic: measured=0 threshold=>=0.5; cond_supports: measured=false threshold=true; cond_mac: measured=7.786648019191287e-28 threshold=>=0.80000000000000004,0,0,0,converged; residual=9.7646861814683727e-14
inf,1,diagnostic,1,320,156,10311.1138633132,1.79910745579625e-27,1.79910745579625e-27,1.79910745579625e-27,0,0,0,0,0,0,1,0,cond_kinetic: measured=0 threshold=>=0.5; cond_supports: measured=false threshold=true; cond_mac: measured=1.7991074557962488e-27 threshold=>=0.80000000000000004,0,0,0,converged; residual=1.0753199434445256e-13
inf,1,diagnostic,1,320,157,10346.9300327864,2.08277157735376e-25,2.08277157735376e-25,2.08277157735376e-25,0,0,0,0,0,0,1,0,cond_kinetic: measured=0 threshold=>=0.5; cond_supports: measured=false threshold=true; cond_mac: measured=2.0827715773537636e-25 threshold=>=0.80000000000000004,0,0,0,converged; residual=1.4830040053584319e-13
inf,1,diagnostic,1,320,158,10348.7422146905,1.61427095257964e-09,1.61427095257964e-09,1.61427095257964e-09,0,0,0,0,0,0,1,0,cond_kinetic: measured=0 threshold=>=0.5; cond_supports: measured=false threshold=true; cond_mac: measured=1.61427095257964e-09 threshold=>=0.80000000000000004,0,0,0,converged; residual=8.6243680815877334e-14
inf,1,diagnostic,1,320,159,10399.398201529,7.5604355689022e-09,7.5604355689022e-09,7.5604355689022e-09,0,0,0,0,0,0,1,0,cond_kinetic: measured=0 threshold=>=0.5; cond_supports: measured=false threshold=true; cond_mac: measured=7.5604355689021956e-09 threshold=>=0.80000000000000004,0,0,0,converged; residual=6.4747233126864347e-14
inf,1,diagnostic,1,320,160,10434.4498304488,2.65822291911156e-29,2.65822291911156e-29,2.65822291911156e-29,0,0,0,0,0,0,1,0,cond_kinetic: measured=0 threshold=>=0.5; cond_supports: measured=false threshold=true; cond_mac: measured=2.6582229191115643e-29 threshold=>=0.80000000000000004,0,0,0,converged; residual=2.6373693811117186e-13
inf,1,diagnostic,1,320,161,10535.4204734752,1.34760878111792e-28,1.34760878111792e-28,1.34760878111792e-28,0,0,0,0,0,0,1,0,cond_kinetic: measured=0 threshold=>=0.5; cond_supports: measured=false threshold=true; cond_mac: measured=1.3476087811179175e-28 threshold=>=0.80000000000000004,0,0,0,converged; residual=1.0324260876794839e-13
inf,1,diagnostic,1,320,162,10544.3067013906,5.69219487430423e-28,5.69219487430423e-28,5.69219487430423e-28,0,0,0,0,0,0,1,0,cond_kinetic: measured=0 threshold=>=0.5; cond_supports: measured=false threshold=true; cond_mac: measured=5.6921948743042344e-28 threshold=>=0.80000000000000004,0,0,0,converged; residual=1.1393452707554841e-13
inf,1,diagnostic,1,320,163,10559.9680652977,1.31796612913734e-30,1.31796612913734e-30,1.31796612913734e-30,0,0,0,0,0,0,1,0,cond_kinetic: measured=0 threshold=>=0.5; cond_supports: measured=false threshold=true; cond_mac: measured=1.3179661291373406e-30 threshold=>=0.80000000000000004,0,0,0,converged; residual=1.3657150158671488e-13
inf,1,diagnostic,1,320,164,10625.6501857213,2.70846410713496e-30,2.70846410713496e-30,2.70846410713496e-30,0,0,0,0,0,0,1,0,cond_kinetic: measured=0 threshold=>=0.5; cond_supports: measured=false threshold=true; cond_mac: measured=2.708464107134958e-30 threshold=>=0.80000000000000004,0,0,0,converged; residual=1.3635889356300867e-13
inf,1,diagnostic,1,320,165,10712.7501093543,8.53124787830052e-09,8.53124787830052e-09,8.53124787830052e-09,0,0,0,0,0,0,1,0,cond_kinetic: measured=0 threshold=>=0.5; cond_supports: measured=false threshold=true; cond_mac: measured=8.5312478783005231e-09 threshold=>=0.80000000000000004,0,0,0,converged; residual=8.5709878303174447e-14
inf,1,diagnostic,1,320,166,10771.2710855311,1.96186822532679e-08,1.96186822532679e-08,1.96186822532679e-08,0,0,0,0,0,0,1,0,cond_kinetic: measured=0 threshold=>=0.5; cond_supports: measured=false threshold=true; cond_mac: measured=1.9618682253267877e-08 threshold=>=0.80000000000000004,0,0,0,converged; residual=1.9771888322326863e-13
inf,1,diagnostic,1,320,167,10774.4029168318,8.1600984887167e-25,8.1600984887167e-25,8.1600984887167e-25,0,0,0,0,0,0,1,0,cond_kinetic: measured=0 threshold=>=0.5; cond_supports: measured=false threshold=true; cond_mac: measured=8.160098488716701e-25 threshold=>=0.80000000000000004,0,0,0,converged; residual=1.41390133472964e-13
inf,1,diagnostic,1,320,168,10808.9374366837,2.30478878685794e-27,2.30478878685794e-27,2.30478878685794e-27,0,0,0,0,0,0,1,0,cond_kinetic: measured=0 threshold=>=0.5; cond_supports: measured=false threshold=true; cond_mac: measured=2.3047887868579442e-27 threshold=>=0.80000000000000004,0,0,0,converged; residual=1.3760353184992363e-13
inf,1,diagnostic,1,320,169,10812.6992619022,2.03747698072716e-27,2.03747698072716e-27,2.03747698072716e-27,0,0,0,0,0,0,1,0,cond_kinetic: measured=0 threshold=>=0.5; cond_supports: measured=false threshold=true; cond_mac: measured=2.0374769807271648e-27 threshold=>=0.80000000000000004,0,0,0,converged; residual=1.7956614404747027e-13
inf,1,diagnostic,1,320,170,10844.8796967006,3.23085093634891e-08,3.23085093634891e-08,3.23085093634891e-08,0,0,0,0,0,0,1,0,cond_kinetic: measured=0 threshold=>=0.5; cond_supports: measured=false threshold=true; cond_mac: measured=3.2308509363489069e-08 threshold=>=0.80000000000000004,0,0,0,converged; residual=1.2354697032712099e-13
inf,1,diagnostic,1,320,171,10918.5017466632,3.16455577935737e-30,3.16455577935737e-30,3.16455577935737e-30,0,0,0,0,0,0,1,0,cond_kinetic: measured=0 threshold=>=0.5; cond_supports: measured=false threshold=true; cond_mac: measured=3.1645557793573658e-30 threshold=>=0.80000000000000004,0,0,0,converged; residual=2.6217022930083084e-13
inf,1,diagnostic,1,320,172,10973.540826567,2.56441892661081e-28,2.56441892661081e-28,2.56441892661081e-28,0,0,0,0,0,0,1,0,cond_kinetic: measured=0 threshold=>=0.5; cond_supports: measured=false threshold=true; cond_mac: measured=2.5644189266108053e-28 threshold=>=0.80000000000000004,0,0,0,converged; residual=9.9785576767099929e-14
inf,1,diagnostic,1,320,173,10977.5613859639,1.95717738052394e-29,1.95717738052394e-29,1.95717738052394e-29,0,0,0,0,0,0,1,0,cond_kinetic: measured=0 threshold=>=0.5; cond_supports: measured=false threshold=true; cond_mac: measured=1.9571773805239404e-29 threshold=>=0.80000000000000004,0,0,0,converged; residual=1.2532908210226859e-13
inf,1,diagnostic,1,320,174,11013.7348190168,4.39582844327317e-10,4.39582844327317e-10,4.39582844327317e-10,0,0,0,0,0,0,1,0,cond_kinetic: measured=0 threshold=>=0.5; cond_supports: measured=false threshold=true; cond_mac: measured=4.3958284432731714e-10 threshold=>=0.80000000000000004,0,0,0,converged; residual=1.7294290562561693e-13
inf,1,diagnostic,1,320,175,11026.9681571902,5.55318808097182e-29,5.55318808097182e-29,5.55318808097182e-29,0,0,0,0,0,0,1,0,cond_kinetic: measured=0 threshold=>=0.5; cond_supports: measured=false threshold=true; cond_mac: measured=5.5531880809718234e-29 threshold=>=0.80000000000000004,0,0,0,converged; residual=8.3777937400239065e-14
inf,1,diagnostic,1,320,176,11046.7351169668,2.80500616793661e-28,2.80500616793661e-28,2.80500616793661e-28,0,0,0,0,0,0,1,0,cond_kinetic: measured=0 threshold=>=0.5; cond_supports: measured=false threshold=true; cond_mac: measured=2.8050061679366123e-28 threshold=>=0.80000000000000004,0,0,0,converged; residual=2.1183745690970005e-13
inf,1,diagnostic,1,320,177,11062.5890375998,1.88454356534429e-28,1.88454356534429e-28,1.88454356534429e-28,0,0,0,0,0,0,1,0,cond_kinetic: measured=0 threshold=>=0.5; cond_supports: measured=false threshold=true; cond_mac: measured=1.8845435653442863e-28 threshold=>=0.80000000000000004,0,0,0,converged; residual=2.1024774142076948e-13
inf,1,diagnostic,1,320,178,11108.1811763757,2.89930182223518e-09,2.89930182223518e-09,2.89930182223518e-09,0,0,0,0,0,0,1,0,cond_kinetic: measured=0 threshold=>=0.5; cond_supports: measured=false threshold=true; cond_mac: measured=2.8993018222351756e-09 threshold=>=0.80000000000000004,0,0,0,converged; residual=1.8461385624004247e-13
inf,1,diagnostic,1,320,179,11110.0390908265,4.76471714948722e-26,4.76471714948722e-26,4.76471714948722e-26,0,0,0,0,0,0,1,0,cond_kinetic: measured=0 threshold=>=0.5; cond_supports: measured=false threshold=true; cond_mac: measured=4.7647171494872207e-26 threshold=>=0.80000000000000004,0,0,0,converged; residual=1.1349943017741736e-13
inf,1,diagnostic,1,320,180,11154.3364658067,8.6115582019056e-28,8.6115582019056e-28,8.6115582019056e-28,0,0,0,0,0,0,1,0,cond_kinetic: measured=0 threshold=>=0.5; cond_supports: measured=false threshold=true; cond_mac: measured=8.6115582019056002e-28 threshold=>=0.80000000000000004,0,0,0,converged; residual=1.2666053712058824e-13
inf,1,diagnostic,1,320,181,11208.6837108043,1.62217637056304e-28,1.62217637056304e-28,1.62217637056304e-28,0,0,0,0,0,0,1,0,cond_kinetic: measured=0 threshold=>=0.5; cond_supports: measured=false threshold=true; cond_mac: measured=1.6221763705630446e-28 threshold=>=0.80000000000000004,0,0,0,converged; residual=1.9803527622206217e-13
inf,1,diagnostic,1,320,182,11244.1476223794,4.93022852760983e-30,4.93022852760983e-30,4.93022852760983e-30,0,0,0,0,0,0,1,0,cond_kinetic: measured=0 threshold=>=0.5; cond_supports: measured=false threshold=true; cond_mac: measured=4.9302285276098323e-30 threshold=>=0.80000000000000004,0,0,0,converged; residual=1.2570407081165318e-13
inf,1,diagnostic,1,320,183,11265.3826226045,4.7621250172883e-25,4.7621250172883e-25,4.7621250172883e-25,0,0,0,0,0,0,1,0,cond_kinetic: measured=0 threshold=>=0.5; cond_supports: measured=false threshold=true; cond_mac: measured=4.7621250172882966e-25 threshold=>=0.80000000000000004,0,0,0,converged; residual=1.3398049698603214e-13
inf,1,diagnostic,1,320,184,11272.5388707816,3.92847430629894e-08,3.92847430629894e-08,3.92847430629894e-08,0,0,0,0,0,0,1,0,cond_kinetic: measured=0 threshold=>=0.5; cond_supports: measured=false threshold=true; cond_mac: measured=3.9284743062989438e-08 threshold=>=0.80000000000000004,0,0,0,converged; residual=1.1399903690476461e-13
inf,1,diagnostic,1,320,185,11301.5377634266,4.12116489101565e-08,4.12116489101565e-08,4.12116489101565e-08,0,0,0,0,0,0,1,0,cond_kinetic: measured=0 threshold=>=0.5; cond_supports: measured=false threshold=true; cond_mac: measured=4.1211648910156495e-08 threshold=>=0.80000000000000004,0,0,0,converged; residual=2.1084443852760159e-13
inf,1,diagnostic,1,320,186,11306.3606517157,1.89181105684976e-25,1.89181105684976e-25,1.89181105684976e-25,0,0,0,0,0,0,1,0,cond_kinetic: measured=0 threshold=>=0.5; cond_supports: measured=false threshold=true; cond_mac: measured=1.8918110568497571e-25 threshold=>=0.80000000000000004,0,0,0,converged; residual=1.3867157903553123e-13
inf,1,diagnostic,1,320,187,11420.4868883788,1.96183485194758e-28,1.96183485194758e-28,1.96183485194758e-28,0,0,0,0,0,0,1,0,cond_kinetic: measured=0 threshold=>=0.5; cond_supports: measured=false threshold=true; cond_mac: measured=1.96183485194758e-28 threshold=>=0.80000000000000004,0,0,0,converged; residual=1.254871882578331e-13
inf,1,diagnostic,1,320,188,11422.699131853,8.09515559697334e-28,8.09515559697334e-28,8.09515559697334e-28,0,0,0,0,0,0,1,0,cond_kinetic: measured=0 threshold=>=0.5; cond_supports: measured=false threshold=true; cond_mac: measured=8.0951555969733421e-28 threshold=>=0.80000000000000004,0,0,0,converged; residual=1.4314846279491626e-13
inf,1,diagnostic,1,320,189,11475.6417720569,1.41127961601416e-09,1.41127961601416e-09,1.41127961601416e-09,0,0,0,0,0,0,1,0,cond_kinetic: measured=0 threshold=>=0.5; cond_supports: measured=false threshold=true; cond_mac: measured=1.4112796160141581e-09 threshold=>=0.80000000000000004,0,0,0,converged; residual=1.4096192161486425e-13
inf,1,diagnostic,1,320,190,11485.8415126246,2.9221624561447e-27,2.9221624561447e-27,2.9221624561447e-27,0,0,0,0,0,0,1,0,cond_kinetic: measured=0 threshold=>=0.5; cond_supports: measured=false threshold=true; cond_mac: measured=2.9221624561447024e-27 threshold=>=0.80000000000000004,0,0,0,converged; residual=1.4910805874216674e-13
inf,1,diagnostic,1,320,191,11492.2207199092,6.47319340429772e-29,6.47319340429772e-29,6.47319340429772e-29,0,0,0,0,0,0,1,0,cond_kinetic: measured=0 threshold=>=0.5; cond_supports: measured=false threshold=true; cond_mac: measured=6.4731934042977221e-29 threshold=>=0.80000000000000004,0,0,0,converged; residual=1.5001553519718587e-13
inf,1,diagnostic,1,320,192,11543.2829024428,1.62741265597683e-29,1.62741265597683e-29,1.62741265597683e-29,0,0,0,0,0,0,1,0,cond_kinetic: measured=0 threshold=>=0.5; cond_supports: measured=false threshold=true; cond_mac: measured=1.6274126559768279e-29 threshold=>=0.80000000000000004,0,0,0,converged; residual=9.7925001213654926e-14
inf,1,diagnostic,1,320,193,11575.5706851159,9.83579710574384e-09,9.83579710574384e-09,9.83579710574384e-09,0,0,0,0,0,0,1,0,cond_kinetic: measured=0 threshold=>=0.5; cond_supports: measured=false threshold=true; cond_mac: measured=9.835797105743839e-09 threshold=>=0.80000000000000004,0,0,0,converged; residual=1.411770418821537e-13
inf,1,diagnostic,1,320,194,11622.0647207218,1.04632610688133e-27,1.04632610688133e-27,1.04632610688133e-27,0,0,0,0,0,0,1,0,cond_kinetic: measured=0 threshold=>=0.5; cond_supports: measured=false threshold=true; cond_mac: measured=1.0463261068813334e-27 threshold=>=0.80000000000000004,0,0,0,converged; residual=1.1133668786008156e-13
inf,1,diagnostic,1,320,195,11646.577427434,8.70623961154051e-09,8.70623961154051e-09,8.70623961154051e-09,0,0,0,0,0,0,1,0,cond_kinetic: measured=0 threshold=>=0.5; cond_supports: measured=false threshold=true; cond_mac: measured=8.7062396115405085e-09 threshold=>=0.80000000000000004,0,0,0,converged; residual=1.2446555433031331e-13
inf,1,diagnostic,1,320,196,11674.0855633874,5.45005276987966e-28,5.45005276987966e-28,5.45005276987966e-28,0,0,0,0,0,0,1,0,cond_kinetic: measured=0 threshold=>=0.5; cond_supports: measured=false threshold=true; cond_mac: measured=5.4500527698796586e-28 threshold=>=0.80000000000000004,0,0,0,converged; residual=1.3192400095922805e-13
inf,1,diagnostic,1,320,197,11718.4467218799,5.58720135075674e-27,5.58720135075674e-27,5.58720135075674e-27,0,0,0,0,0,0,1,0,cond_kinetic: measured=0 threshold=>=0.5; cond_supports: measured=false threshold=true; cond_mac: measured=5.5872013507567354e-27 threshold=>=0.80000000000000004,0,0,0,converged; residual=1.5472624050436059e-13
inf,1,diagnostic,1,320,198,11756.0689014789,1.44586086151853e-28,1.44586086151853e-28,1.44586086151853e-28,0,0,0,0,0,0,1,0,cond_kinetic: measured=0 threshold=>=0.5; cond_supports: measured=false threshold=true; cond_mac: measured=1.4458608615185332e-28 threshold=>=0.80000000000000004,0,0,0,converged; residual=1.1076309897130747e-13
inf,1,diagnostic,1,320,199,11805.3273530713,1.52351615396159e-27,1.52351615396159e-27,1.52351615396159e-27,0,0,0,0,0,0,1,0,cond_kinetic: measured=0 threshold=>=0.5; cond_supports: measured=false threshold=true; cond_mac: measured=1.5235161539615946e-27 threshold=>=0.80000000000000004,0,0,0,converged; residual=1.5954922551509433e-13
inf,1,diagnostic,1,320,200,11850.4144986196,9.99279859501428e-09,9.99279859501428e-09,9.99279859501428e-09,0,0,0,0,0,0,1,0,cond_kinetic: measured=0 threshold=>=0.5; cond_supports: measured=false threshold=true; cond_mac: measured=9.9927985950142806e-09 threshold=>=0.80000000000000004,0,0,0,converged; residual=1.4993561848305705e-13
inf,1,diagnostic,1,320,201,11899.2892602166,7.35966858154164e-27,7.35966858154164e-27,7.35966858154164e-27,0,0,0,0,0,0,1,0,cond_kinetic: measured=0 threshold=>=0.5; cond_supports: measured=false threshold=true; cond_mac: measured=7.3596685815416363e-27 threshold=>=0.80000000000000004,0,0,0,converged; residual=1.3004693582289329e-13
inf,1,diagnostic,1,320,202,11900.8405412439,2.29703632041733e-10,2.29703632041733e-10,2.29703632041733e-10,0,0,0,0,0,0,1,0,cond_kinetic: measured=0 threshold=>=0.5; cond_supports: measured=false threshold=true; cond_mac: measured=2.297036320417327e-10 threshold=>=0.80000000000000004,0,0,0,converged; residual=8.6728196879402747e-14
inf,1,diagnostic,1,320,203,11920.7758254944,3.26751533622821e-28,3.26751533622821e-28,3.26751533622821e-28,0,0,0,0,0,0,1,0,cond_kinetic: measured=0 threshold=>=0.5; cond_supports: measured=false threshold=true; cond_mac: measured=3.2675153362282145e-28 threshold=>=0.80000000000000004,0,0,0,converged; residual=1.0034839175875019e-13
inf,1,diagnostic,1,320,204,11947.9420014197,4.21786326078182e-28,4.21786326078182e-28,4.21786326078182e-28,0,0,0,0,0,0,1,0,cond_kinetic: measured=0 threshold=>=0.5; cond_supports: measured=false threshold=true; cond_mac: measured=4.2178632607818187e-28 threshold=>=0.80000000000000004,0,0,0,converged; residual=8.9297682550584001e-14
inf,1,diagnostic,1,320,205,11965.8348694315,6.16579858432969e-10,6.16579858432969e-10,6.16579858432969e-10,0,0,0,0,0,0,1,0,cond_kinetic: measured=0 threshold=>=0.5; cond_supports: measured=false threshold=true; cond_mac: measured=6.1657985843296915e-10 threshold=>=0.80000000000000004,0,0,0,converged; residual=8.3842393331985679e-14
inf,1,diagnostic,1,320,206,11989.6259928259,4.97875947894738e-28,4.97875947894738e-28,4.97875947894738e-28,0,0,0,0,0,0,1,0,cond_kinetic: measured=0 threshold=>=0.5; cond_supports: measured=false threshold=true; cond_mac: measured=4.978759478947384e-28 threshold=>=0.80000000000000004,0,0,0,converged; residual=1.3210709775801176e-13
inf,1,diagnostic,1,320,207,12044.3755886582,4.94598448661601e-10,4.94598448661601e-10,4.94598448661601e-10,0,0,0,0,0,0,1,0,cond_kinetic: measured=0 threshold=>=0.5; cond_supports: measured=false threshold=true; cond_mac: measured=4.9459844866160083e-10 threshold=>=0.80000000000000004,0,0,0,converged; residual=1.1904046200843909e-13
inf,1,diagnostic,1,320,208,12051.5865288957,1.38268594993134e-28,1.38268594993134e-28,1.38268594993134e-28,0,0,0,0,0,0,1,0,cond_kinetic: measured=0 threshold=>=0.5; cond_supports: measured=false threshold=true; cond_mac: measured=1.382685949931338e-28 threshold=>=0.80000000000000004,0,0,0,converged; residual=1.1559444406351976e-13
inf,1,diagnostic,1,320,209,12055.1702371445,2.68009226043188e-28,2.68009226043188e-28,2.68009226043188e-28,0,0,0,0,0,0,1,0,cond_kinetic: measured=0 threshold=>=0.5; cond_supports: measured=false threshold=true; cond_mac: measured=2.6800922604318817e-28 threshold=>=0.80000000000000004,0,0,0,converged; residual=1.7015316742318038e-13
inf,1,diagnostic,1,320,210,12058.4728222441,4.49549701453918e-30,4.49549701453918e-30,4.49549701453918e-30,0,0,0,0,0,0,1,0,cond_kinetic: measured=0 threshold=>=0.5; cond_supports: measured=false threshold=true; cond_mac: measured=4.4954970145391838e-30 threshold=>=0.80000000000000004,0,0,0,converged; residual=9.496612716900346e-14
inf,1,diagnostic,1,320,211,12106.5656460742,8.59583550107948e-28,8.59583550107948e-28,8.59583550107948e-28,0,0,0,0,0,0,1,0,cond_kinetic: measured=0 threshold=>=0.5; cond_supports: measured=false threshold=true; cond_mac: measured=8.5958355010794797e-28 threshold=>=0.80000000000000004,0,0,0,converged; residual=1.3885505026675449e-13
inf,1,diagnostic,1,320,212,12188.0754365,8.40719669802358e-29,8.40719669802358e-29,8.40719669802358e-29,0,0,0,0,0,0,1,0,cond_kinetic: measured=0 threshold=>=0.5; cond_supports: measured=false threshold=true; cond_mac: measured=8.4071966980235773e-29 threshold=>=0.80000000000000004,0,0,0,converged; residual=1.1372127851044067e-13
inf,1,diagnostic,1,320,213,12210.8447129459,7.79952247846599e-28,7.79952247846599e-28,7.79952247846599e-28,0,0,0,0,0,0,1,0,cond_kinetic: measured=0 threshold=>=0.5; cond_supports: measured=false threshold=true; cond_mac: measured=7.7995224784659922e-28 threshold=>=0.80000000000000004,0,0,0,converged; residual=6.5255499187606724e-14
inf,1,diagnostic,1,320,214,12224.5192962926,4.02461656476625e-29,4.02461656476625e-29,4.02461656476625e-29,0,0,0,0,0,0,1,0,cond_kinetic: measured=0 threshold=>=0.5; cond_supports: measured=false threshold=true; cond_mac: measured=4.0246165647662523e-29 threshold=>=0.80000000000000004,0,0,0,converged; residual=1.0647992422124535e-13
inf,1,diagnostic,1,320,215,12255.9144692574,1.33909178941676e-08,1.33909178941676e-08,1.33909178941676e-08,0,0,0,0,0,0,1,0,cond_kinetic: measured=0 threshold=>=0.5; cond_supports: measured=false threshold=true; cond_mac: measured=1.3390917894167572e-08 threshold=>=0.80000000000000004,0,0,0,converged; residual=4.45405343620242e-13
inf,1,diagnostic,1,320,216,12256.4607495288,2.47655733396864e-24,2.47655733396864e-24,2.47655733396864e-24,0,0,0,0,0,0,1,0,cond_kinetic: measured=0 threshold=>=0.5; cond_supports: measured=false threshold=true; cond_mac: measured=2.4765573339686414e-24 threshold=>=0.80000000000000004,0,0,0,converged; residual=1.0465709778550519e-12
inf,1,diagnostic,1,320,217,12264.5728373863,1.52832120824197e-25,1.52832120824197e-25,1.52832120824197e-25,0,0,0,0,0,0,1,0,cond_kinetic: measured=0 threshold=>=0.5; cond_supports: measured=false threshold=true; cond_mac: measured=1.5283212082419713e-25 threshold=>=0.80000000000000004,0,0,0,converged; residual=1.0386826175452965e-13
inf,1,diagnostic,1,320,218,12363.5858965164,2.70470534495193e-10,2.70470534495193e-10,2.70470534495193e-10,0,0,0,0,0,0,1,0,cond_kinetic: measured=0 threshold=>=0.5; cond_supports: measured=false threshold=true; cond_mac: measured=2.7047053449519277e-10 threshold=>=0.80000000000000004,0,0,0,converged; residual=9.5108214901306052e-14
inf,1,diagnostic,1,320,219,12370.0755108851,8.0991280016946e-29,8.0991280016946e-29,8.0991280016946e-29,0,0,0,0,0,0,1,0,cond_kinetic: measured=0 threshold=>=0.5; cond_supports: measured=false threshold=true; cond_mac: measured=8.0991280016945979e-29 threshold=>=0.80000000000000004,0,0,0,converged; residual=1.5667027975801317e-13
inf,1,diagnostic,1,320,220,12409.1280678876,1.56963734345259e-27,1.56963734345259e-27,1.56963734345259e-27,0,0,0,0,0,0,1,0,cond_kinetic: measured=0 threshold=>=0.5; cond_supports: measured=false threshold=true; cond_mac: measured=1.5696373434525903e-27 threshold=>=0.80000000000000004,0,0,0,converged; residual=8.7068606028353138e-14
inf,1,diagnostic,1,320,221,12425.3639883773,1.32366213228666e-29,1.32366213228666e-29,1.32366213228666e-29,0,0,0,0,0,0,1,0,cond_kinetic: measured=0 threshold=>=0.5; cond_supports: measured=false threshold=true; cond_mac: measured=1.3236621322866577e-29 threshold=>=0.80000000000000004,0,0,0,converged; residual=1.4663609388507572e-13
inf,1,diagnostic,1,320,222,12468.0156256847,7.45602970607067e-30,7.45602970607067e-30,7.45602970607067e-30,0,0,0,0,0,0,1,0,cond_kinetic: measured=0 threshold=>=0.5; cond_supports: measured=false threshold=true; cond_mac: measured=7.4560297060706672e-30 threshold=>=0.80000000000000004,0,0,0,converged; residual=1.6055348787583648e-13
inf,1,diagnostic,1,320,223,12468.8545917438,6.18734569677332e-14,6.18734569677332e-14,6.18734569677332e-14,0,0,0,0,0,0,1,0,cond_kinetic: measured=0 threshold=>=0.5; cond_supports: measured=false threshold=true; cond_mac: measured=6.1873456967733237e-14 threshold=>=0.80000000000000004,0,0,0,converged; residual=7.430249648049196e-14
inf,1,diagnostic,1,320,224,12476.2236403919,6.39878475851855e-28,6.39878475851855e-28,6.39878475851855e-28,0,0,0,0,0,0,1,0,cond_kinetic: measured=0 threshold=>=0.5; cond_supports: measured=false threshold=true; cond_mac: measured=6.3987847585185479e-28 threshold=>=0.80000000000000004,0,0,0,converged; residual=8.2728987204443152e-14
inf,1,diagnostic,1,320,225,12536.3055856639,2.00432215217405e-29,2.00432215217405e-29,2.00432215217405e-29,0,0,0,0,0,0,1,0,cond_kinetic: measured=0 threshold=>=0.5; cond_supports: measured=false threshold=true; cond_mac: measured=2.0043221521740453e-29 threshold=>=0.80000000000000004,0,0,0,converged; residual=7.8870523449598332e-14
inf,1,diagnostic,1,320,226,12564.8325854243,1.02998711175228e-09,1.02998711175228e-09,1.02998711175228e-09,0,0,0,0,0,0,1,0,cond_kinetic: measured=0 threshold=>=0.5; cond_supports: measured=false threshold=true; cond_mac: measured=1.0299871117522798e-09 threshold=>=0.80000000000000004,0,0,0,converged; residual=8.933393971637124e-14
inf,1,diagnostic,1,320,227,12573.2416291416,1.19949132806222e-26,1.19949132806222e-26,1.19949132806222e-26,0,0,0,0,0,0,1,0,cond_kinetic: measured=0 threshold=>=0.5; cond_supports: measured=false threshold=true; cond_mac: measured=1.1994913280622197e-26 threshold=>=0.80000000000000004,0,0,0,converged; residual=6.0294807397964398e-14
inf,1,diagnostic,1,320,228,12594.9812816944,1.52974845408713e-27,1.52974845408713e-27,1.52974845408713e-27,0,0,0,0,0,0,1,0,cond_kinetic: measured=0 threshold=>=0.5; cond_supports: measured=false threshold=true; cond_mac: measured=1.5297484540871275e-27 threshold=>=0.80000000000000004,0,0,0,converged; residual=1.232875971784988e-13
inf,1,diagnostic,1,320,229,12616.7065029856,1.82874305129446e-28,1.82874305129446e-28,1.82874305129446e-28,0,0,0,0,0,0,1,0,cond_kinetic: measured=0 threshold=>=0.5; cond_supports: measured=false threshold=true; cond_mac: measured=1.8287430512944647e-28 threshold=>=0.80000000000000004,0,0,0,converged; residual=7.3712530446815911e-14
inf,1,diagnostic,1,320,230,12662.91283928,1.20034685569048e-09,1.20034685569048e-09,1.20034685569048e-09,0,0,0,0,0,0,1,0,cond_kinetic: measured=0 threshold=>=0.5; cond_supports: measured=false threshold=true; cond_mac: measured=1.2003468556904839e-09 threshold=>=0.80000000000000004,0,0,0,converged; residual=1.4664618454893182e-13
inf,1,diagnostic,1,320,231,12679.2385986733,2.77640076548454e-09,2.77640076548454e-09,2.77640076548454e-09,0,0,0,0,0,0,1,0,cond_kinetic: measured=0 threshold=>=0.5; cond_supports: measured=false threshold=true; cond_mac: measured=2.7764007654845352e-09 threshold=>=0.80000000000000004,0,0,0,converged; residual=1.0020179907837188e-13
inf,1,diagnostic,1,320,232,12697.0227115791,2.91448442119321e-27,2.91448442119321e-27,2.91448442119321e-27,0,0,0,0,0,0,1,0,cond_kinetic: measured=0 threshold=>=0.5; cond_supports: measured=false threshold=true; cond_mac: measured=2.914484421193212e-27 threshold=>=0.80000000000000004,0,0,0,converged; residual=1.3512879387104495e-13
inf,1,diagnostic,1,320,233,12770.1358817285,2.3081550379985e-27,2.3081550379985e-27,2.3081550379985e-27,0,0,0,0,0,0,1,0,cond_kinetic: measured=0 threshold=>=0.5; cond_supports: measured=false threshold=true; cond_mac: measured=2.3081550379985009e-27 threshold=>=0.80000000000000004,0,0,0,converged; residual=9.0477426998331779e-14
inf,1,diagnostic,1,320,234,12782.2131140324,7.5145984425354e-27,7.5145984425354e-27,7.5145984425354e-27,0,0,0,0,0,0,1,0,cond_kinetic: measured=0 threshold=>=0.5; cond_supports: measured=false threshold=true; cond_mac: measured=7.5145984425354016e-27 threshold=>=0.80000000000000004,0,0,0,converged; residual=7.757388737822136e-14
inf,1,diagnostic,1,320,235,12790.8052154589,2.60276518366099e-28,2.60276518366099e-28,2.60276518366099e-28,0,0,0,0,0,0,1,0,cond_kinetic: measured=0 threshold=>=0.5; cond_supports: measured=false threshold=true; cond_mac: measured=2.6027651836609914e-28 threshold=>=0.80000000000000004,0,0,0,converged; residual=9.3663062944827345e-14
inf,1,diagnostic,1,320,236,12815.8311527521,7.76606694958862e-09,7.76606694958862e-09,7.76606694958862e-09,0,0,0,0,0,0,1,0,cond_kinetic: measured=0 threshold=>=0.5; cond_supports: measured=false threshold=true; cond_mac: measured=7.7660669495886204e-09 threshold=>=0.80000000000000004,0,0,0,converged; residual=1.2014136553222358e-13
inf,1,diagnostic,1,320,237,12847.0545103157,1.10756514672315e-27,1.10756514672315e-27,1.10756514672315e-27,0,0,0,0,0,0,1,0,cond_kinetic: measured=0 threshold=>=0.5; cond_supports: measured=false threshold=true; cond_mac: measured=1.1075651467231478e-27 threshold=>=0.80000000000000004,0,0,0,converged; residual=6.453270688647277e-14
inf,1,diagnostic,1,320,238,12853.5488573112,1.41669034294371e-28,1.41669034294371e-28,1.41669034294371e-28,0,0,0,0,0,0,1,0,cond_kinetic: measured=0 threshold=>=0.5; cond_supports: measured=false threshold=true; cond_mac: measured=1.4166903429437063e-28 threshold=>=0.80000000000000004,0,0,0,converged; residual=1.0527233422488941e-13
inf,1,diagnostic,1,320,239,12913.2039954914,3.54000760838486e-30,3.54000760838486e-30,3.54000760838486e-30,0,0,0,0,0,0,1,0,cond_kinetic: measured=0 threshold=>=0.5; cond_supports: measured=false threshold=true; cond_mac: measured=3.5400076083848575e-30 threshold=>=0.80000000000000004,0,0,0,converged; residual=1.453331692720004e-13
inf,1,diagnostic,1,320,240,12954.3670596401,4.0813572311993e-14,4.0813572311993e-14,4.0813572311993e-14,0,0,0,0,0,0,1,0,cond_kinetic: measured=0 threshold=>=0.5; cond_supports: measured=false threshold=true; cond_mac: measured=4.0813572311992973e-14 threshold=>=0.80000000000000004,0,0,0,converged; residual=1.0183481711158779e-13
inf,1,diagnostic,1,320,241,12956.7730070341,1.21386281737303e-27,1.21386281737303e-27,1.21386281737303e-27,0,0,0,0,0,0,1,0,cond_kinetic: measured=0 threshold=>=0.5; cond_supports: measured=false threshold=true; cond_mac: measured=1.213862817373028e-27 threshold=>=0.80000000000000004,0,0,0,converged; residual=9.1768338358116995e-14
inf,1,diagnostic,1,320,242,12960.8938437322,6.44565299796535e-29,6.44565299796535e-29,6.44565299796535e-29,0,0,0,0,0,0,1,0,cond_kinetic: measured=0 threshold=>=0.5; cond_supports: measured=false threshold=true; cond_mac: measured=6.4456529979653502e-29 threshold=>=0.80000000000000004,0,0,0,converged; residual=6.2730983723253939e-14
inf,1,diagnostic,1,320,243,13001.8660235897,8.46304757793627e-31,8.46304757793627e-31,8.46304757793627e-31,0,0,0,0,0,0,1,0,cond_kinetic: measured=0 threshold=>=0.5; cond_supports: measured=false threshold=true; cond_mac: measured=8.4630475779362745e-31 threshold=>=0.80000000000000004,0,0,0,converged; residual=9.9924735663363477e-14
inf,1,diagnostic,1,320,244,13015.6029290968,4.11821057884659e-16,4.11821057884659e-16,4.11821057884659e-16,0,0,0,0,0,0,1,0,cond_kinetic: measured=0 threshold=>=0.5; cond_supports: measured=false threshold=true; cond_mac: measured=4.1182105788465934e-16 threshold=>=0.80000000000000004,0,0,0,converged; residual=1.1471252143099047e-13
inf,1,diagnostic,1,320,245,13037.1697185438,8.94312823620798e-28,8.94312823620798e-28,8.94312823620798e-28,0,0,0,0,0,0,1,0,cond_kinetic: measured=0 threshold=>=0.5; cond_supports: measured=false threshold=true; cond_mac: measured=8.9431282362079786e-28 threshold=>=0.80000000000000004,0,0,0,converged; residual=1.0419276176684698e-13
inf,1,diagnostic,1,320,246,13066.1981572058,2.03968852493172e-29,2.03968852493172e-29,2.03968852493172e-29,0,0,0,0,0,0,1,0,cond_kinetic: measured=0 threshold=>=0.5; cond_supports: measured=false threshold=true; cond_mac: measured=2.039688524931716e-29 threshold=>=0.80000000000000004,0,0,0,converged; residual=1.3408605513496352e-13
inf,1,diagnostic,1,320,247,13107.0608333786,4.50640944580921e-10,4.50640944580921e-10,4.50640944580921e-10,0,0,0,0,0,0,1,0,cond_kinetic: measured=0 threshold=>=0.5; cond_supports: measured=false threshold=true; cond_mac: measured=4.5064094458092086e-10 threshold=>=0.80000000000000004,0,0,0,converged; residual=8.9478697633915373e-14
inf,1,diagnostic,1,320,248,13125.6010304934,4.98573604459254e-29,4.98573604459254e-29,4.98573604459254e-29,0,0,0,0,0,0,1,0,cond_kinetic: measured=0 threshold=>=0.5; cond_supports: measured=false threshold=true; cond_mac: measured=4.9857360445925401e-29 threshold=>=0.80000000000000004,0,0,0,converged; residual=1.2083719666062347e-13
inf,1,diagnostic,1,320,249,13152.0356001191,8.33666442370269e-09,8.33666442370269e-09,8.33666442370269e-09,0,0,0,0,0,0,1,0,cond_kinetic: measured=0 threshold=>=0.5; cond_supports: measured=false threshold=true; cond_mac: measured=8.3366644237026944e-09 threshold=>=0.80000000000000004,0,0,0,converged; residual=1.4535346377517746e-13
inf,1,diagnostic,1,320,250,13175.2415816193,1.73502107900332e-26,1.73502107900332e-26,1.73502107900332e-26,0,0,0,0,0,0,1,0,cond_kinetic: measured=0 threshold=>=0.5; cond_supports: measured=false threshold=true; cond_mac: measured=1.7350210790033223e-26 threshold=>=0.80000000000000004,0,0,0,converged; residual=7.6687395438495284e-14
inf,1,diagnostic,1,320,251,13202.6280002286,2.77028890565872e-09,2.77028890565872e-09,2.77028890565872e-09,0,0,0,0,0,0,1,0,cond_kinetic: measured=0 threshold=>=0.5; cond_supports: measured=false threshold=true; cond_mac: measured=2.770288905658724e-09 threshold=>=0.80000000000000004,0,0,0,converged; residual=9.3221812164503583e-14
inf,1,diagnostic,1,320,252,13226.2323892892,6.38005294474793e-27,6.38005294474793e-27,6.38005294474793e-27,0,0,0,0,0,0,1,0,cond_kinetic: measured=0 threshold=>=0.5; cond_supports: measured=false threshold=true; cond_mac: measured=6.380052944747932e-27 threshold=>=0.80000000000000004,0,0,0,converged; residual=1.0145659914688073e-13
inf,1,diagnostic,1,320,253,13241.9923993484,1.2040436081173e-28,1.2040436081173e-28,1.2040436081173e-28,0,0,0,0,0,0,1,0,cond_kinetic: measured=0 threshold=>=0.5; cond_supports: measured=false threshold=true; cond_mac: measured=1.204043608117296e-28 threshold=>=0.80000000000000004,0,0,0,converged; residual=1.0490255303035762e-13
inf,1,diagnostic,1,320,254,13245.3954026826,3.2127132939141e-28,3.2127132939141e-28,3.2127132939141e-28,0,0,0,0,0,0,1,0,cond_kinetic: measured=0 threshold=>=0.5; cond_supports: measured=false threshold=true; cond_mac: measured=3.2127132939140987e-28 threshold=>=0.80000000000000004,0,0,0,converged; residual=9.7160493393820586e-14
inf,1,diagnostic,1,320,255,13263.7590950609,8.83348826933988e-32,8.83348826933988e-32,8.83348826933988e-32,0,0,0,0,0,0,1,0,cond_kinetic: measured=0 threshold=>=0.5; cond_supports: measured=false threshold=true; cond_mac: measured=8.8334882693398788e-32 threshold=>=0.80000000000000004,0,0,0,converged; residual=7.1762314822364789e-14
inf,1,diagnostic,1,320,256,13316.5726221825,2.40615853804449e-28,2.40615853804449e-28,2.40615853804449e-28,0,0,0,0,0,0,1,0,cond_kinetic: measured=0 threshold=>=0.5; cond_supports: measured=false threshold=true; cond_mac: measured=2.4061585380444907e-28 threshold=>=0.80000000000000004,0,0,0,converged; residual=1.2254604455463268e-13
inf,1,diagnostic,1,320,257,13359.1819483528,2.27460001480123e-28,2.27460001480123e-28,2.27460001480123e-28,0,0,0,0,0,0,1,0,cond_kinetic: measured=0 threshold=>=0.5; cond_supports: measured=false threshold=true; cond_mac: measured=2.2746000148012329e-28 threshold=>=0.80000000000000004,0,0,0,converged; residual=1.0060371565400415e-13
inf,1,diagnostic,1,320,258,13431.7230978426,4.61512729192316e-10,4.61512729192316e-10,4.61512729192316e-10,0,0,0,0,0,0,1,0,cond_kinetic: measured=0 threshold=>=0.5; cond_supports: measured=false threshold=true; cond_mac: measured=4.6151272919231552e-10 threshold=>=0.80000000000000004,0,0,0,converged; residual=1.0260190473258998e-13
inf,1,diagnostic,1,320,259,13438.7657865518,6.78172899587363e-09,6.78172899587363e-09,6.78172899587363e-09,0,0,0,0,0,0,1,0,cond_kinetic: measured=0 threshold=>=0.5; cond_supports: measured=false threshold=true; cond_mac: measured=6.7817289958736273e-09 threshold=>=0.80000000000000004,0,0,0,converged; residual=1.6982779173529371e-13
inf,1,diagnostic,1,320,260,13448.5044556665,2.65910796230048e-26,2.65910796230048e-26,2.65910796230048e-26,0,0,0,0,0,0,1,0,cond_kinetic: measured=0 threshold=>=0.5; cond_supports: measured=false threshold=true; cond_mac: measured=2.659107962300481e-26 threshold=>=0.80000000000000004,0,0,0,converged; residual=1.1239056129418069e-13
inf,1,diagnostic,1,320,261,13463.8369123354,7.82956235338244e-28,7.82956235338244e-28,7.82956235338244e-28,0,0,0,0,0,0,1,0,cond_kinetic: measured=0 threshold=>=0.5; cond_supports: measured=false threshold=true; cond_mac: measured=7.8295623533824402e-28 threshold=>=0.80000000000000004,0,0,0,converged; residual=7.7022883031235346e-14
inf,1,diagnostic,1,320,262,13488.2043676004,1.00125115245159e-10,1.00125115245159e-10,1.00125115245159e-10,0,0,0,0,0,0,1,0,cond_kinetic: measured=0 threshold=>=0.5; cond_supports: measured=false threshold=true; cond_mac: measured=1.0012511524515928e-10 threshold=>=0.80000000000000004,0,0,0,converged; residual=8.931114420411508e-14
inf,1,diagnostic,1,320,263,13490.8236608006,1.85078349065298e-29,1.85078349065298e-29,1.85078349065298e-29,0,0,0,0,0,0,1,0,cond_kinetic: measured=0 threshold=>=0.5; cond_supports: measured=false threshold=true; cond_mac: measured=1.8507834906529849e-29 threshold=>=0.80000000000000004,0,0,0,converged; residual=9.2751183550029143e-14
inf,1,diagnostic,1,320,264,13522.4651513686,1.58618196995429e-28,1.58618196995429e-28,1.58618196995429e-28,0,0,0,0,0,0,1,0,cond_kinetic: measured=0 threshold=>=0.5; cond_supports: measured=false threshold=true; cond_mac: measured=1.5861819699542867e-28 threshold=>=0.80000000000000004,0,0,0,converged; residual=7.9222445191645159e-14
inf,1,diagnostic,1,320,265,13550.4736448959,1.78902088042875e-10,1.78902088042875e-10,1.78902088042875e-10,0,0,0,0,0,0,1,0,cond_kinetic: measured=0 threshold=>=0.5; cond_supports: measured=false threshold=true; cond_mac: measured=1.7890208804287488e-10 threshold=>=0.80000000000000004,0,0,0,converged; residual=9.4625306374283055e-14
inf,1,diagnostic,1,320,266,13581.7204494647,4.23114328132554e-29,4.23114328132554e-29,4.23114328132554e-29,0,0,0,0,0,0,1,0,cond_kinetic: measured=0 threshold=>=0.5; cond_supports: measured=false threshold=true; cond_mac: measured=4.2311432813255376e-29 threshold=>=0.80000000000000004,0,0,0,converged; residual=8.0404616538669093e-14
inf,1,diagnostic,1,320,267,13629.119786886,1.32098897008842e-33,1.32098897008842e-33,1.32098897008842e-33,0,0,0,0,0,0,1,0,cond_kinetic: measured=0 threshold=>=0.5; cond_supports: measured=false threshold=true; cond_mac: measured=1.3209889700884187e-33 threshold=>=0.80000000000000004,0,0,0,converged; residual=7.6520200614813653e-14
inf,1,diagnostic,1,320,268,13629.8332302692,2.7495101529878e-29,2.7495101529878e-29,2.7495101529878e-29,0,0,0,0,0,0,1,0,cond_kinetic: measured=0 threshold=>=0.5; cond_supports: measured=false threshold=true; cond_mac: measured=2.7495101529878015e-29 threshold=>=0.80000000000000004,0,0,0,converged; residual=9.2766758358310716e-14
inf,1,diagnostic,1,320,269,13673.8992595941,4.1638139607881e-29,4.1638139607881e-29,4.1638139607881e-29,0,0,0,0,0,0,1,0,cond_kinetic: measured=0 threshold=>=0.5; cond_supports: measured=false threshold=true; cond_mac: measured=4.1638139607880968e-29 threshold=>=0.80000000000000004,0,0,0,converged; residual=1.3666595105644159e-13
inf,1,diagnostic,1,320,270,13706.1743166943,4.25047519503547e-29,4.25047519503547e-29,4.25047519503547e-29,0,0,0,0,0,0,1,0,cond_kinetic: measured=0 threshold=>=0.5; cond_supports: measured=false threshold=true; cond_mac: measured=4.250475195035469e-29 threshold=>=0.80000000000000004,0,0,0,converged; residual=6.5229154349309632e-14
inf,1,diagnostic,1,320,271,13708.6091952943,2.49760978875667e-10,2.49760978875667e-10,2.49760978875667e-10,0,0,0,0,0,0,1,0,cond_kinetic: measured=0 threshold=>=0.5; cond_supports: measured=false threshold=true; cond_mac: measured=2.4976097887566679e-10 threshold=>=0.80000000000000004,0,0,0,converged; residual=8.5760145600763155e-14
inf,1,diagnostic,1,320,272,13716.4166184616,1.79815446258681e-28,1.79815446258681e-28,1.79815446258681e-28,0,0,0,0,0,0,1,0,cond_kinetic: measured=0 threshold=>=0.5; cond_supports: measured=false threshold=true; cond_mac: measured=1.7981544625868091e-28 threshold=>=0.80000000000000004,0,0,0,converged; residual=1.0495560665737614e-13
inf,1,diagnostic,1,320,273,13722.2675228883,1.17320572772744e-27,1.17320572772744e-27,1.17320572772744e-27,0,0,0,0,0,0,1,0,cond_kinetic: measured=0 threshold=>=0.5; cond_supports: measured=false threshold=true; cond_mac: measured=1.1732057277274416e-27 threshold=>=0.80000000000000004,0,0,0,converged; residual=8.0413979981925566e-14
inf,1,diagnostic,1,320,274,13845.3150437809,4.2109689004031e-28,4.2109689004031e-28,4.2109689004031e-28,0,0,0,0,0,0,1,0,cond_kinetic: measured=0 threshold=>=0.5; cond_supports: measured=false threshold=true; cond_mac: measured=4.2109689004031022e-28 threshold=>=0.80000000000000004,0,0,0,converged; residual=1.1826048287235964e-13
inf,1,diagnostic,1,320,275,13878.9106404425,1.28072462896088e-09,1.28072462896088e-09,1.28072462896088e-09,0,0,0,0,0,0,1,0,cond_kinetic: measured=0 threshold=>=0.5; cond_supports: measured=false threshold=true; cond_mac: measured=1.2807246289608784e-09 threshold=>=0.80000000000000004,0,0,0,converged; residual=1.1234381490040955e-13
inf,1,diagnostic,1,320,276,13879.9531487756,7.01882159775391e-25,7.01882159775391e-25,7.01882159775391e-25,0,0,0,0,0,0,1,0,cond_kinetic: measured=0 threshold=>=0.5; cond_supports: measured=false threshold=true; cond_mac: measured=7.0188215977539069e-25 threshold=>=0.80000000000000004,0,0,0,converged; residual=9.676039877608223e-14
inf,1,diagnostic,1,320,277,13903.895717248,6.26082648483556e-29,6.26082648483556e-29,6.26082648483556e-29,0,0,0,0,0,0,1,0,cond_kinetic: measured=0 threshold=>=0.5; cond_supports: measured=false threshold=true; cond_mac: measured=6.2608264848355578e-29 threshold=>=0.80000000000000004,0,0,0,converged; residual=1.2083386460734556e-13
inf,1,diagnostic,1,320,278,13910.9965166116,2.38430646598276e-27,2.38430646598276e-27,2.38430646598276e-27,0,0,0,0,0,0,1,0,cond_kinetic: measured=0 threshold=>=0.5; cond_supports: measured=false threshold=true; cond_mac: measured=2.3843064659827596e-27 threshold=>=0.80000000000000004,0,0,0,converged; residual=7.8095594358900007e-14
inf,1,diagnostic,1,320,279,13923.4186616422,3.49420345434713e-09,3.49420345434713e-09,3.49420345434713e-09,0,0,0,0,0,0,1,0,cond_kinetic: measured=0 threshold=>=0.5; cond_supports: measured=false threshold=true; cond_mac: measured=3.4942034543471266e-09 threshold=>=0.80000000000000004,0,0,0,converged; residual=9.1878332063006175e-14
inf,1,diagnostic,1,320,280,13953.4611726009,3.52183567350814e-28,3.52183567350814e-28,3.52183567350814e-28,0,0,0,0,0,0,1,0,cond_kinetic: measured=0 threshold=>=0.5; cond_supports: measured=false threshold=true; cond_mac: measured=3.5218356735081379e-28 threshold=>=0.80000000000000004,0,0,0,converged; residual=7.7590193146575162e-14
inf,1,diagnostic,1,320,281,13982.4169281083,1.19810403138491e-27,1.19810403138491e-27,1.19810403138491e-27,0,0,0,0,0,0,1,0,cond_kinetic: measured=0 threshold=>=0.5; cond_supports: measured=false threshold=true; cond_mac: measured=1.198104031384905e-27 threshold=>=0.80000000000000004,0,0,0,converged; residual=7.8792973021917269e-14
inf,1,diagnostic,1,320,282,14064.8821941205,2.05209234939825e-29,2.05209234939825e-29,2.05209234939825e-29,0,0,0,0,0,0,1,0,cond_kinetic: measured=0 threshold=>=0.5; cond_supports: measured=false threshold=true; cond_mac: measured=2.0520923493982458e-29 threshold=>=0.80000000000000004,0,0,0,converged; residual=5.2599988826755625e-14
inf,1,diagnostic,1,320,283,14084.2164222853,1.26116491085488e-29,1.26116491085488e-29,1.26116491085488e-29,0,0,0,0,0,0,1,0,cond_kinetic: measured=0 threshold=>=0.5; cond_supports: measured=false threshold=true; cond_mac: measured=1.2611649108548844e-29 threshold=>=0.80000000000000004,0,0,0,converged; residual=8.1744994498295361e-14
inf,1,diagnostic,1,320,284,14106.2325439881,4.01444383962001e-09,4.01444383962001e-09,4.01444383962001e-09,0,0,0,0,0,0,1,0,cond_kinetic: measured=0 threshold=>=0.5; cond_supports: measured=false threshold=true; cond_mac: measured=4.0144438396200112e-09 threshold=>=0.80000000000000004,0,0,0,converged; residual=9.3059250136474469e-14
inf,1,diagnostic,1,320,285,14108.9324750513,7.35819630190807e-26,7.35819630190807e-26,7.35819630190807e-26,0,0,0,0,0,0,1,0,cond_kinetic: measured=0 threshold=>=0.5; cond_supports: measured=false threshold=true; cond_mac: measured=7.3581963019080707e-26 threshold=>=0.80000000000000004,0,0,0,converged; residual=1.1120368855190841e-13
inf,1,diagnostic,1,320,286,14122.7206882282,1.62140231158622e-09,1.62140231158622e-09,1.62140231158622e-09,0,0,0,0,0,0,1,0,cond_kinetic: measured=0 threshold=>=0.5; cond_supports: measured=false threshold=true; cond_mac: measured=1.6214023115862232e-09 threshold=>=0.80000000000000004,0,0,0,converged; residual=6.7453503835733972e-14
inf,1,diagnostic,1,320,287,14170.617982271,2.87891652292265e-28,2.87891652292265e-28,2.87891652292265e-28,0,0,0,0,0,0,1,0,cond_kinetic: measured=0 threshold=>=0.5; cond_supports: measured=false threshold=true; cond_mac: measured=2.8789165229226507e-28 threshold=>=0.80000000000000004,0,0,0,converged; residual=7.5822129741815526e-14
inf,1,diagnostic,1,320,288,14229.6984748443,9.04800262714472e-29,9.04800262714472e-29,9.04800262714472e-29,0,0,0,0,0,0,1,0,cond_kinetic: measured=0 threshold=>=0.5; cond_supports: measured=false threshold=true; cond_mac: measured=9.0480026271447243e-29 threshold=>=0.80000000000000004,0,0,0,converged; residual=8.2583809380154887e-14
inf,1,diagnostic,1,320,289,14239.4746010109,2.57217251859938e-25,2.57217251859938e-25,2.57217251859938e-25,0,0,0,0,0,0,1,0,cond_kinetic: measured=0 threshold=>=0.5; cond_supports: measured=false threshold=true; cond_mac: measured=2.5721725185993785e-25 threshold=>=0.80000000000000004,0,0,0,converged; residual=6.4475521137665415e-14
inf,1,diagnostic,1,320,290,14240.7772239837,1.47838268272108e-09,1.47838268272108e-09,1.47838268272108e-09,0,0,0,0,0,0,1,0,cond_kinetic: measured=0 threshold=>=0.5; cond_supports: measured=false threshold=true; cond_mac: measured=1.4783826827210813e-09 threshold=>=0.80000000000000004,0,0,0,converged; residual=9.9193905454685253e-14
inf,1,diagnostic,1,320,291,14279.8601286143,4.04169163548426e-28,4.04169163548426e-28,4.04169163548426e-28,0,0,0,0,0,0,1,0,cond_kinetic: measured=0 threshold=>=0.5; cond_supports: measured=false threshold=true; cond_mac: measured=4.0416916354842585e-28 threshold=>=0.80000000000000004,0,0,0,converged; residual=7.2536548316310961e-14
inf,1,diagnostic,1,320,292,14345.016928116,1.92691893998557e-11,1.92691893998557e-11,1.92691893998557e-11,0,0,0,0,0,0,1,0,cond_kinetic: measured=0 threshold=>=0.5; cond_supports: measured=false threshold=true; cond_mac: measured=1.9269189399855698e-11 threshold=>=0.80000000000000004,0,0,0,converged; residual=5.1313859114643525e-14
inf,1,diagnostic,1,320,293,14345.4925675885,9.79654287325948e-28,9.79654287325948e-28,9.79654287325948e-28,0,0,0,0,0,0,1,0,cond_kinetic: measured=0 threshold=>=0.5; cond_supports: measured=false threshold=true; cond_mac: measured=9.7965428732594789e-28 threshold=>=0.80000000000000004,0,0,0,converged; residual=1.5411950041635429e-13
inf,1,diagnostic,1,320,294,14363.9292403117,7.18360505406914e-28,7.18360505406914e-28,7.18360505406914e-28,0,0,0,0,0,0,1,0,cond_kinetic: measured=0 threshold=>=0.5; cond_supports: measured=false threshold=true; cond_mac: measured=7.1836050540691368e-28 threshold=>=0.80000000000000004,0,0,0,converged; residual=6.3666700986158586e-14
inf,1,diagnostic,1,320,295,14383.0079789538,1.5366765363669e-29,1.5366765363669e-29,1.5366765363669e-29,0,0,0,0,0,0,1,0,cond_kinetic: measured=0 threshold=>=0.5; cond_supports: measured=false threshold=true; cond_mac: measured=1.5366765363669019e-29 threshold=>=0.80000000000000004,0,0,0,converged; residual=1.1461724758802825e-13
inf,1,diagnostic,1,320,296,14420.9976606256,2.61521640850943e-29,2.61521640850943e-29,2.61521640850943e-29,0,0,0,0,0,0,1,0,cond_kinetic: measured=0 threshold=>=0.5; cond_supports: measured=false threshold=true; cond_mac: measured=2.6152164085094335e-29 threshold=>=0.80000000000000004,0,0,0,converged; residual=7.0807324163433204e-14
inf,1,diagnostic,1,320,297,14423.7308958889,6.23656723515228e-30,6.23656723515228e-30,6.23656723515228e-30,0,0,0,0,0,0,1,0,cond_kinetic: measured=0 threshold=>=0.5; cond_supports: measured=false threshold=true; cond_mac: measured=6.2365672351522799e-30 threshold=>=0.80000000000000004,0,0,0,converged; residual=6.4651115072306223e-14
inf,1,diagnostic,1,320,298,14481.8462618075,1.14600375858243e-10,1.14600375858243e-10,1.14600375858243e-10,0,0,0,0,0,0,1,0,cond_kinetic: measured=0 threshold=>=0.5; cond_supports: measured=false threshold=true; cond_mac: measured=1.1460037585824326e-10 threshold=>=0.80000000000000004,0,0,0,converged; residual=7.5965582347111222e-14
inf,1,diagnostic,1,320,299,14514.8806271336,3.40307371409051e-28,3.40307371409051e-28,3.40307371409051e-28,0,0,0,0,0,0,1,0,cond_kinetic: measured=0 threshold=>=0.5; cond_supports: measured=false threshold=true; cond_mac: measured=3.4030737140905066e-28 threshold=>=0.80000000000000004,0,0,0,converged; residual=9.2633789013390944e-14
inf,1,diagnostic,1,320,300,14574.0140250681,9.31164819610587e-30,9.31164819610587e-30,9.31164819610587e-30,0,0,0,0,0,0,1,0,cond_kinetic: measured=0 threshold=>=0.5; cond_supports: measured=false threshold=true; cond_mac: measured=9.3116481961058669e-30 threshold=>=0.80000000000000004,0,0,0,converged; residual=7.4713558524238191e-14
inf,1,diagnostic,1,320,301,14595.2497939243,1.10793499214909e-10,1.10793499214909e-10,1.10793499214909e-10,0,0,0,0,0,0,1,0,cond_kinetic: measured=0 threshold=>=0.5; cond_supports: measured=false threshold=true; cond_mac: measured=1.1079349921490868e-10 threshold=>=0.80000000000000004,0,0,0,converged; residual=7.2874993146670119e-14
inf,1,diagnostic,1,320,302,14603.0818628216,2.68360334746851e-26,2.68360334746851e-26,2.68360334746851e-26,0,0,0,0,0,0,1,0,cond_kinetic: measured=0 threshold=>=0.5; cond_supports: measured=false threshold=true; cond_mac: measured=2.6836033474685113e-26 threshold=>=0.80000000000000004,0,0,0,converged; residual=8.6549296985916752e-14
inf,1,diagnostic,1,320,303,14631.1239048811,2.20768133449916e-08,2.20768133449916e-08,2.20768133449916e-08,0,0,0,0,0,0,1,0,cond_kinetic: measured=0 threshold=>=0.5; cond_supports: measured=false threshold=true; cond_mac: measured=2.2076813344991589e-08 threshold=>=0.80000000000000004,0,0,0,converged; residual=1.4182342609500154e-13
inf,1,diagnostic,1,320,304,14642.8952142238,1.21896368761988e-27,1.21896368761988e-27,1.21896368761988e-27,0,0,0,0,0,0,1,0,cond_kinetic: measured=0 threshold=>=0.5; cond_supports: measured=false threshold=true; cond_mac: measured=1.2189636876198764e-27 threshold=>=0.80000000000000004,0,0,0,converged; residual=1.1699712623536492e-13
inf,1,diagnostic,1,320,305,14651.0724903424,5.88782818008039e-27,5.88782818008039e-27,5.88782818008039e-27,0,0,0,0,0,0,1,0,cond_kinetic: measured=0 threshold=>=0.5; cond_supports: measured=false threshold=true; cond_mac: measured=5.8878281800803858e-27 threshold=>=0.80000000000000004,0,0,0,converged; residual=5.3721121561280672e-14
inf,1,diagnostic,1,320,306,14678.9208022936,1.96145012970083e-09,1.96145012970083e-09,1.96145012970083e-09,0,0,0,0,0,0,1,0,cond_kinetic: measured=0 threshold=>=0.5; cond_supports: measured=false threshold=true; cond_mac: measured=1.9614501297008303e-09 threshold=>=0.80000000000000004,0,0,0,converged; residual=6.0962994236676211e-14
inf,1,diagnostic,1,320,307,14710.7499571135,3.30530434308617e-27,3.30530434308617e-27,3.30530434308617e-27,0,0,0,0,0,0,1,0,cond_kinetic: measured=0 threshold=>=0.5; cond_supports: measured=false threshold=true; cond_mac: measured=3.3053043430861682e-27 threshold=>=0.80000000000000004,0,0,0,converged; residual=7.0544394518106512e-14
inf,1,diagnostic,1,320,308,14760.071171404,5.06423218413642e-29,5.06423218413642e-29,5.06423218413642e-29,0,0,0,0,0,0,1,0,cond_kinetic: measured=0 threshold=>=0.5; cond_supports: measured=false threshold=true; cond_mac: measured=5.0642321841364225e-29 threshold=>=0.80000000000000004,0,0,0,converged; residual=9.1533252548480861e-14
inf,1,diagnostic,1,320,309,14762.5661300074,8.22658621352855e-29,8.22658621352855e-29,8.22658621352855e-29,0,0,0,0,0,0,1,0,cond_kinetic: measured=0 threshold=>=0.5; cond_supports: measured=false threshold=true; cond_mac: measured=8.2265862135285464e-29 threshold=>=0.80000000000000004,0,0,0,converged; residual=9.2658167249919757e-14
inf,1,diagnostic,1,320,310,14785.3120912439,4.05965287224676e-10,4.05965287224676e-10,4.05965287224676e-10,0,0,0,0,0,0,1,0,cond_kinetic: measured=0 threshold=>=0.5; cond_supports: measured=false threshold=true; cond_mac: measured=4.0596528722467629e-10 threshold=>=0.80000000000000004,0,0,0,converged; residual=7.0924247218253416e-14
inf,1,diagnostic,1,320,311,14818.9131452575,5.2538824276678e-29,5.2538824276678e-29,5.2538824276678e-29,0,0,0,0,0,0,1,0,cond_kinetic: measured=0 threshold=>=0.5; cond_supports: measured=false threshold=true; cond_mac: measured=5.2538824276678043e-29 threshold=>=0.80000000000000004,0,0,0,converged; residual=7.5055109348789739e-14
inf,1,diagnostic,1,320,312,14909.3545258229,6.34003120689193e-24,6.34003120689193e-24,6.34003120689193e-24,0,0,0,0,0,0,1,0,cond_kinetic: measured=0 threshold=>=0.5; cond_supports: measured=false threshold=true; cond_mac: measured=6.3400312068919343e-24 threshold=>=0.80000000000000004,0,0,0,converged; residual=8.0854084299143326e-14
inf,1,diagnostic,1,320,313,14909.4271281349,1.41588583208849e-09,1.41588583208849e-09,1.41588583208849e-09,0,0,0,0,0,0,1,0,cond_kinetic: measured=0 threshold=>=0.5; cond_supports: measured=false threshold=true; cond_mac: measured=1.415885832088491e-09 threshold=>=0.80000000000000004,0,0,0,converged; residual=3.903807231579167e-14
inf,1,diagnostic,1,320,314,14924.4185483932,4.32427713386117e-28,4.32427713386117e-28,4.32427713386117e-28,0,0,0,0,0,0,1,0,cond_kinetic: measured=0 threshold=>=0.5; cond_supports: measured=false threshold=true; cond_mac: measured=4.3242771338611677e-28 threshold=>=0.80000000000000004,0,0,0,converged; residual=6.7206366556627597e-14
inf,1,diagnostic,1,320,315,14970.9914660068,6.36811265199436e-30,6.36811265199436e-30,6.36811265199436e-30,0,0,0,0,0,0,1,0,cond_kinetic: measured=0 threshold=>=0.5; cond_supports: measured=false threshold=true; cond_mac: measured=6.3681126519943561e-30 threshold=>=0.80000000000000004,0,0,0,converged; residual=1.2721913396707149e-13
inf,1,diagnostic,1,320,316,15008.2925423473,6.56016492050491e-09,6.56016492050491e-09,6.56016492050491e-09,0,0,0,0,0,0,1,0,cond_kinetic: measured=0 threshold=>=0.5; cond_supports: measured=false threshold=true; cond_mac: measured=6.5601649205049125e-09 threshold=>=0.80000000000000004,0,0,0,converged; residual=2.5763095730123588e-14
inf,1,diagnostic,1,320,317,15008.4964421635,1.32717009814421e-24,1.32717009814421e-24,1.32717009814421e-24,0,0,0,0,0,0,1,0,cond_kinetic: measured=0 threshold=>=0.5; cond_supports: measured=false threshold=true; cond_mac: measured=1.3271700981442095e-24 threshold=>=0.80000000000000004,0,0,0,converged; residual=9.7818137271234027e-14
inf,1,diagnostic,1,320,318,15011.2543658298,1.27202508760368e-28,1.27202508760368e-28,1.27202508760368e-28,0,0,0,0,0,0,1,0,cond_kinetic: measured=0 threshold=>=0.5; cond_supports: measured=false threshold=true; cond_mac: measured=1.272025087603677e-28 threshold=>=0.80000000000000004,0,0,0,converged; residual=1.0222594234676234e-13
inf,1,diagnostic,1,320,319,15024.9528445504,9.06746408095323e-27,9.06746408095323e-27,9.06746408095323e-27,0,0,0,0,0,0,1,0,cond_kinetic: measured=0 threshold=>=0.5; cond_supports: measured=false threshold=true; cond_mac: measured=9.0674640809532281e-27 threshold=>=0.80000000000000004,0,0,0,converged; residual=7.226075978270718e-14
inf,1,diagnostic,1,320,320,15044.0668274488,1.59493212131766e-28,1.59493212131766e-28,1.59493212131766e-28,0,0,0,0,0,0,1,0,cond_kinetic: measured=0 threshold=>=0.5; cond_supports: measured=false threshold=true; cond_mac: measured=1.594932121317657e-28 threshold=>=0.80000000000000004,0,0,0,converged; residual=9.8517927613856071e-14
inf,2,diagnostic,2,320,1,111.05520389102,0.998616579995093,0.998616579995093,0.998616579995093,0,0.000554771490902237,0.00766436005083154,0,0,0,1,1,cond_kinetic: measured=0 threshold=>=0.5; cond_supports: measured=false threshold=true,0,0,0,converged; residual=3.4779974649808089e-10
inf,2,diagnostic,2,320,2,235.74805807338,1.18316374890225e-24,1.18316374890225e-24,1.18316374890225e-24,0,0.105078901891904,0.00107326787435985,0,0,0,1,0,cond_kinetic: measured=0 threshold=>=0.5; cond_supports: measured=false threshold=true; cond_mac: measured=1.1831637489022523e-24 threshold=>=0.80000000000000004,0,0,0,converged; residual=7.4632669861698796e-11
inf,2,diagnostic,2,320,3,397.344566400871,1.7122800882815e-23,1.7122800882815e-23,1.7122800882815e-23,0,5.1647409670279e-05,0.006118369432203,0,0,0,1,0,cond_kinetic: measured=0 threshold=>=0.5; cond_supports: measured=false threshold=true; cond_mac: measured=1.7122800882814994e-23 threshold=>=0.80000000000000004,0,0,0,converged; residual=4.3442705762311207e-11
inf,2,diagnostic,2,320,4,500.482792671818,0.00017782987885654,0.00017782987885654,0.00017782987885654,0,0.00583775688215727,0.00822424039478203,0,0,0,1,0,cond_kinetic: measured=0 threshold=>=0.5; cond_supports: measured=false threshold=true; cond_mac: measured=0.00017782987885654045 threshold=>=0.80000000000000004,0,0,0,converged; residual=1.7749229771795569e-11
inf,2,diagnostic,2,320,5,701.972073070017,8.95065037190317e-27,8.95065037190317e-27,8.95065037190317e-27,0,0.0390996065009867,0.00269516578604781,0,0,0,1,0,cond_kinetic: measured=0 threshold=>=0.5; cond_supports: measured=false threshold=true; cond_mac: measured=8.9506503719031713e-27 threshold=>=0.80000000000000004,0,0,0,converged; residual=1.0291376741436882e-11
inf,2,diagnostic,2,320,6,835.264966838102,1.49034711663118e-28,1.49034711663118e-28,1.49034711663118e-28,0,0.33694714018306,0.0054835295849955,0,0,0,1,0,cond_kinetic: measured=0 threshold=>=0.5; cond_supports: measured=false threshold=true; cond_mac: measured=1.4903471166311764e-28 threshold=>=0.80000000000000004,0,0,0,converged; residual=7.9939960274684348e-12
inf,2,diagnostic,2,320,7,985.643774192887,0.000149105563193495,0.000149105563193495,0.000149105563193495,0,0.00597073495044491,0.00503769810471367,0,0,0,1,0,cond_kinetic: measured=0 threshold=>=0.5; cond_supports: measured=false threshold=true; cond_mac: measured=0.00014910556319349454 threshold=>=0.80000000000000004,0,0,0,converged; residual=5.4072503617165107e-12
inf,2,diagnostic,2,320,8,1191.13053030367,3.97951316083541e-26,3.97951316083541e-26,3.97951316083541e-26,0,0.0128797300568325,0.00214202661813965,0,0,0,1,0,cond_kinetic: measured=0 threshold=>=0.5; cond_supports: measured=false threshold=true; cond_mac: measured=3.9795131608354119e-26 threshold=>=0.80000000000000004,0,0,0,converged; residual=3.7706882379877447e-12
inf,2,diagnostic,2,320,9,1206.71160827302,4.32899196414064e-26,4.32899196414064e-26,4.32899196414064e-26,0,0.00154574517958936,0.00502515592191258,0,0,0,1,0,cond_kinetic: measured=0 threshold=>=0.5; cond_supports: measured=false threshold=true; cond_mac: measured=4.3289919641406356e-26 threshold=>=0.80000000000000004,0,0,0,converged; residual=6.7162741828083225e-12
inf,2,diagnostic,2,320,10,1263.59822383836,4.3709860576504e-29,4.3709860576504e-29,4.3709860576504e-29,0,0.0105630229926975,0.00444934113638113,0,0,0,1,0,cond_kinetic: measured=0 threshold=>=0.5; cond_supports: measured=false threshold=true; cond_mac: measured=4.3709860576504037e-29 threshold=>=0.80000000000000004,0,0,0,converged; residual=3.4094276222538276e-12
inf,2,diagnostic,2,320,11,1308.198209921,8.93212857024992e-27,8.93212857024992e-27,8.93212857024992e-27,0,0.0381294094712931,0.0106331065907907,0,0,0,1,0,cond_kinetic: measured=0 threshold=>=0.5; cond_supports: measured=false threshold=true; cond_mac: measured=8.9321285702499215e-27 threshold=>=0.80000000000000004,0,0,0,converged; residual=3.0910697560802023e-12
inf,2,diagnostic,2,320,12,1542.32777346472,7.50580787185443e-07,7.50580787185443e-07,7.50580787185443e-07,0,0.00500969303085526,0.00521900929033433,0,0,0,1,0,cond_kinetic: measured=0 threshold=>=0.5; cond_supports: measured=false threshold=true; cond_mac: measured=7.5058078718544255e-07 threshold=>=0.80000000000000004,0,0,0,converged; residual=2.584416616997146e-12
inf,2,diagnostic,2,320,13,1774.9778194171,1.66407897702917e-24,1.66407897702917e-24,1.66407897702917e-24,0,0.00392481655765819,0.0181271160769852,0,0,0,1,0,cond_kinetic: measured=0 threshold=>=0.5; cond_supports: measured=false threshold=true; cond_mac: measured=1.6640789770291731e-24 threshold=>=0.80000000000000004,0,0,0,converged; residual=2.121149743654338e-12
inf,2,diagnostic,2,320,14,1782.33740776137,3.9319643873559e-26,3.9319643873559e-26,3.9319643873559e-26,0,0.0100787996379518,0.00781656453609561,0,0,0,1,0,cond_kinetic: measured=0 threshold=>=0.5; cond_supports: measured=false threshold=true; cond_mac: measured=3.9319643873558952e-26 threshold=>=0.80000000000000004,0,0,0,converged; residual=1.7404136699836504e-12
inf,2,diagnostic,2,320,15,1850.29515633483,1.49403166891272e-25,1.49403166891272e-25,1.49403166891272e-25,0,0.00477618936341668,0.00627929038971646,0,0,0,1,0,cond_kinetic: measured=0 threshold=>=0.5; cond_supports: measured=false threshold=true; cond_mac: measured=1.4940316689127186e-25 threshold=>=0.80000000000000004,0,0,0,converged; residual=1.8699473450207437e-12
inf,2,diagnostic,2,320,16,2104.60706900141,0.000969755774395623,0.000969755774395623,0.000969755774395623,0,0.00906243197107849,0.0207640020070363,0,0,0,1,0,cond_kinetic: measured=0 threshold=>=0.5; cond_supports: measured=false threshold=true; cond_mac: measured=0.00096975577439562335 threshold=>=0.80000000000000004,0,0,0,converged; residual=1.5492474418946703e-12
inf,2,diagnostic,2,320,17,2125.04827527124,6.677647035482e-26,6.677647035482e-26,6.677647035482e-26,0,0.00806798396229394,0.0097068144957041,0,0,0,1,0,cond_kinetic: measured=0 threshold=>=0.5; cond_supports: measured=false threshold=true; cond_mac: measured=6.6776470354819983e-26 threshold=>=0.80000000000000004,0,0,0,converged; residual=1.1946563844461215e-12
inf,2,diagnostic,2,320,18,2173.87039408967,3.73813752188769e-05,3.73813752188769e-05,3.73813752188769e-05,0,0.00440158625213134,0.00754829707808785,0,0,0,1,0,cond_kinetic: measured=0 threshold=>=0.5; cond_supports: measured=false threshold=true; cond_mac: measured=3.7381375218876925e-05 threshold=>=0.80000000000000004,0,0,0,converged; residual=1.2980541070812433e-12
inf,2,diagnostic,2,320,19,2250.43503773128,3.92543363067377e-26,3.92543363067377e-26,3.92543363067377e-26,0,0.0102632040980904,0.0226535833579078,0,0,0,1,0,cond_kinetic: measured=0 threshold=>=0.5; cond_supports: measured=false threshold=true; cond_mac: measured=3.9254336306737683e-26 threshold=>=0.80000000000000004,0,0,0,converged; residual=1.1285930700071197e-12
inf,2,diagnostic,2,320,20,2390.81499967674,1.18772757920994e-25,1.18772757920994e-25,1.18772757920994e-25,0,0.0152157760442825,0.0283408992481336,0,0,0,1,0,cond_kinetic: measured=0 threshold=>=0.5; cond_supports: measured=false threshold=true; cond_mac: measured=1.1877275792099429e-25 threshold=>=0.80000000000000004,0,0,0,converged; residual=1.07320661856301e-12
inf,2,diagnostic,2,320,21,2482.48237745879,3.17031735966501e-31,3.17031735966501e-31,3.17031735966501e-31,0,0.20793137492796,0.337319507677935,0,0,0,1,0,cond_kinetic: measured=0 threshold=>=0.5; cond_supports: measured=false threshold=true; cond_mac: measured=3.1703173596650126e-31 threshold=>=0.80000000000000004,0,0,0,converged; residual=1.4273459219397311e-12
inf,2,diagnostic,2,320,22,2529.51906688331,5.75588909381217e-30,5.75588909381217e-30,5.75588909381217e-30,0,0.197670540492122,0.312633685475306,0,0,0,1,0,cond_kinetic: measured=0 threshold=>=0.5; cond_supports: measured=false threshold=true; cond_mac: measured=5.7558890938121694e-30 threshold=>=0.80000000000000004,0,0,0,converged; residual=6.6169352131864025e-13
inf,2,diagnostic,2,320,23,2570.78009194485,2.63967645194317e-05,2.63967645194317e-05,2.63967645194317e-05,0,0.597690148802398,0.895634021034742,0,0,0,0,0,cond_kinetic: measured=0 threshold=>=0.5; cond_supports: measured=false threshold=true; cond_strain: measured=0.59769014880239812 threshold=<=0.5; cond_mac: measured=2.6396764519431719e-05 threshold=>=0.80000000000000004,0,0,0,converged; residual=1.3728468472506342e-12
inf,2,diagnostic,2,320,24,2590.644525092,6.92786395224799e-25,6.92786395224799e-25,6.92786395224799e-25,0,0.531649037585514,0.782437430650285,0,0,0,0,0,cond_kinetic: measured=0 threshold=>=0.5; cond_supports: measured=false threshold=true; cond_strain: measured=0.53164903758551385 threshold=<=0.5; cond_mac: measured=6.9278639522479891e-25 threshold=>=0.80000000000000004,0,0,0,converged; residual=6.6405943222061443e-13
inf,2,diagnostic,2,320,25,2601.90439585916,4.64184921036066e-27,4.64184921036066e-27,4.64184921036066e-27,0,0.631891866489593,0.920350974807879,0,0,0,0,0,cond_kinetic: measured=0 threshold=>=0.5; cond_supports: measured=false threshold=true; cond_strain: measured=0.63189186648959283 threshold=<=0.5; cond_mac: measured=4.6418492103606562e-27 threshold=>=0.80000000000000004,0,0,0,converged; residual=5.5630072739383553e-13
inf,2,diagnostic,2,320,26,2628.2430912408,1.99553496589023e-26,1.99553496589023e-26,1.99553496589023e-26,0,0.117961311840685,0.166037723363928,0,0,0,1,0,cond_kinetic: measured=0 threshold=>=0.5; cond_supports: measured=false threshold=true; cond_mac: measured=1.99553496589023e-26 threshold=>=0.80000000000000004,0,0,0,converged; residual=8.1807046022310179e-13
inf,2,diagnostic,2,320,27,2695.70623084418,9.79971227093561e-26,9.79971227093561e-26,9.79971227093561e-26,0,0.0208842226136434,0.0410551381091947,0,0,0,1,0,cond_kinetic: measured=0 threshold=>=0.5; cond_supports: measured=false threshold=true; cond_mac: measured=9.7997122709356089e-26 threshold=>=0.80000000000000004,0,0,0,converged; residual=8.6654626414193841e-13
inf,2,diagnostic,2,320,28,2736.79358556789,4.98321558503009e-27,4.98321558503009e-27,4.98321558503009e-27,0,0.250619796968922,0.324666120634693,0,0,0,1,0,cond_kinetic: measured=0 threshold=>=0.5; cond_supports: measured=false threshold=true; cond_mac: measured=4.9832155850300901e-27 threshold=>=0.80000000000000004,0,0,0,converged; residual=6.9569776444631223e-13
inf,2,diagnostic,2,320,29,2849.87444215159,3.80295527266891e-07,3.80295527266891e-07,3.80295527266891e-07,0,0.0128196966607997,0.0211336731763088,0,0,0,1,0,cond_kinetic: measured=0 threshold=>=0.5; cond_supports: measured=false threshold=true; cond_mac: measured=3.8029552726689115e-07 threshold=>=0.80000000000000004,0,0,0,converged; residual=9.4234596028421559e-13
inf,2,diagnostic,2,320,30,2891.17940155827,6.51673717462681e-27,6.51673717462681e-27,6.51673717462681e-27,0,0.0123474347142198,0.021672691680579,0,0,0,1,0,cond_kinetic: measured=0 threshold=>=0.5; cond_supports: measured=false threshold=true; cond_mac: measured=6.516737174626812e-27 threshold=>=0.80000000000000004,0,0,0,converged; residual=9.5502617753541888e-13
inf,2,diagnostic,2,320,31,3015.96947059588,7.31507023391175e-32,7.31507023391175e-32,7.31507023391175e-32,0,0.015880397420147,0.0252587845850817,0,0,0,1,0,cond_kinetic: measured=0 threshold=>=0.5; cond_supports: measured=false threshold=true; cond_mac: measured=7.3150702339117516e-32 threshold=>=0.80000000000000004,0,0,0,converged; residual=6.0352817163977981e-13
inf,2,diagnostic,2,320,32,3168.7315650995,1.50738916557732e-05,1.50738916557732e-05,1.50738916557732e-05,0,0.0534660016713053,0.0585966674684539,0,0,0,1,0,cond_kinetic: measured=0 threshold=>=0.5; cond_supports: measured=false threshold=true; cond_mac: measured=1.507389165577322e-05 threshold=>=0.80000000000000004,0,0,0,converged; residual=1.0106035926748926e-12
inf,2,diagnostic,2,320,33,3185.06225914177,2.45080367811552e-24,2.45080367811552e-24,2.45080367811552e-24,0,0.0311485167380969,0.047449355708769,0,0,0,1,0,cond_kinetic: measured=0 threshold=>=0.5; cond_supports: measured=false threshold=true; cond_mac: measured=2.4508036781155183e-24 threshold=>=0.80000000000000004,0,0,0,converged; residual=6.8231982616373363e-13
inf,2,diagnostic,2,320,34,3191.29790432381,6.60079396847555e-26,6.60079396847555e-26,6.60079396847555e-26,0,0.0117636483655772,0.0262819822078939,0,0,0,1,0,cond_kinetic: measured=0 threshold=>=0.5; cond_supports: measured=false threshold=true; cond_mac: measured=6.6007939684755529e-26 threshold=>=0.80000000000000004,0,0,0,converged; residual=7.699167795230274e-13
inf,2,diagnostic,2,320,35,3272.49717397485,5.16452072630553e-27,5.16452072630553e-27,5.16452072630553e-27,0,0.392513285334619,0.603721482892163,0,0,0,1,0,cond_kinetic: measured=0 threshold=>=0.5; cond_supports: measured=false threshold=true; cond_mac: measured=5.1645207263055293e-27 threshold=>=0.80000000000000004,0,0,0,converged; residual=5.1087544265357769e-13
inf,2,diagnostic,2,320,36,3439.82786498422,9.63263114806508e-27,9.63263114806508e-27,9.63263114806508e-27,0,0.213721609233141,0.341651079998018,0,0,0,1,0,cond_kinetic: measured=0 threshold=>=0.5; cond_supports: measured=false threshold=true; cond_mac: measured=9.6326311480650803e-27 threshold=>=0.80000000000000004,0,0,0,converged; residual=6.6104078977252579e-13
inf,2,diagnostic,2,320,37,3489.94883099627,1.40312061659534e-28,1.40312061659534e-28,1.40312061659534e-28,0,0.202844477211565,0.272931798029896,0,0,0,1,0,cond_kinetic: measured=0 threshold=>=0.5; cond_supports: measured=false threshold=true; cond_mac: measured=1.4031206165953386e-28 threshold=>=0.80000000000000004,0,0,0,converged; residual=3.5747149409197112e-13
inf,2,diagnostic,2,320,38,3532.613388378,6.20496679202972e-08,6.20496679202972e-08,6.20496679202972e-08,0,0.0226936689875978,0.0437023120794336,0,0,0,1,0,cond_kinetic: measured=0 threshold=>=0.5; cond_supports: measured=false threshold=true; cond_mac: measured=6.204966792029722e-08 threshold=>=0.80000000000000004,0,0,0,converged; residual=7.0185751945435669e-13
inf,2,diagnostic,2,320,39,3578.19857894561,1.21532045629895e-27,1.21532045629895e-27,1.21532045629895e-27,0,0.232888248404481,0.331087716926307,0,0,0,1,0,cond_kinetic: measured=0 threshold=>=0.5; cond_supports: measured=false threshold=true; cond_mac: measured=1.2153204562989549e-27 threshold=>=0.80000000000000004,0,0,0,converged; residual=6.1232087247206139e-13
inf,2,diagnostic,2,320,40,3714.91504760812,9.19928929117109e-27,9.19928929117109e-27,9.19928929117109e-27,0,0.185891051716624,0.264101304311454,0,0,0,1,0,cond_kinetic: measured=0 threshold=>=0.5; cond_supports: measured=false threshold=true; cond_mac: measured=9.1992892911710925e-27 threshold=>=0.80000000000000004,0,0,0,converged; residual=5.7883003518014339e-13
inf,2,diagnostic,2,320,41,3770.31487618402,4.56708186094603e-29,4.56708186094603e-29,4.56708186094603e-29,0,0.0468583928078206,0.0696032966179996,0,0,0,1,0,cond_kinetic: measured=0 threshold=>=0.5; cond_supports: measured=false threshold=true; cond_mac: measured=4.5670818609460325e-29 threshold=>=0.80000000000000004,0,0,0,converged; residual=7.5897775771227971e-13
inf,2,diagnostic,2,320,42,3819.24823739361,3.26851083245241e-27,3.26851083245241e-27,3.26851083245241e-27,0,0.14840641261917,0.207051332657717,0,0,0,1,0,cond_kinetic: measured=0 threshold=>=0.5; cond_supports: measured=false threshold=true; cond_mac: measured=3.2685108324524145e-27 threshold=>=0.80000000000000004,0,0,0,converged; residual=3.2083564424716699e-13
inf,2,diagnostic,2,320,43,3873.37139363245,6.63157517794978e-29,6.63157517794978e-29,6.63157517794978e-29,0,0.0500160876665539,0.0842972695261685,0,0,0,1,0,cond_kinetic: measured=0 threshold=>=0.5; cond_supports: measured=false threshold=true; cond_mac: measured=6.6315751779497814e-29 threshold=>=0.80000000000000004,0,0,0,converged; residual=7.2642166561687542e-13
inf,2,diagnostic,2,320,44,3918.72626252192,7.96095700258258e-28,7.96095700258258e-28,7.96095700258258e-28,0,0.207027648305756,0.270223582590134,0,0,0,1,0,cond_kinetic: measured=0 threshold=>=0.5; cond_supports: measured=false threshold=true; cond_mac: measured=7.9609570025825759e-28 threshold=>=0.80000000000000004,0,0,0,converged; residual=5.448664284252973e-13
inf,2,diagnostic,2,320,45,4030.12699684693,6.2181104437209e-28,6.2181104437209e-28,6.2181104437209e-28,0,0.0941951112465867,0.11926074877719,0,0,0,1,0,cond_kinetic: measured=0 threshold=>=0.5; cond_supports: measured=false threshold=true; cond_mac: measured=6.2181104437209025e-28 threshold=>=0.80000000000000004,0,0,0,converged; residual=6.3439384770760534e-13
inf,2,diagnostic,2,320,46,4064.65796227904,1.29694938749266e-27,1.29694938749266e-27,1.29694938749266e-27,0,0.158272221810209,0.254237779367377,0,0,0,1,0,cond_kinetic: measured=0 threshold=>=0.5; cond_supports: measured=false threshold=true; cond_mac: measured=1.296949387492657e-27 threshold=>=0.80000000000000004,0,0,0,converged; residual=3.0187379798845672e-13
inf,2,diagnostic,2,320,47,4109.89575096167,2.04416865944795e-27,2.04416865944795e-27,2.04416865944795e-27,0,0.246469767421305,0.330920886649844,0,0,0,1,0,cond_kinetic: measured=0 threshold=>=0.5; cond_supports: measured=false threshold=true; cond_mac: measured=2.0441686594479463e-27 threshold=>=0.80000000000000004,0,0,0,converged; residual=5.3375174648816525e-13
inf,2,diagnostic,2,320,48,4141.63470662113,1.32379175902219e-08,1.32379175902219e-08,1.32379175902219e-08,0,0.301419980576446,0.464763983544652,0,0,0,1,0,cond_kinetic: measured=0 threshold=>=0.5; cond_supports: measured=false threshold=true; cond_mac: measured=1.3237917590221947e-08 threshold=>=0.80000000000000004,0,0,0,converged; residual=3.7702934877913775e-13
inf,2,diagnostic,2,320,49,4230.93821030637,1.26403031327892e-26,1.26403031327892e-26,1.26403031327892e-26,0,0.416310181935955,0.598399366335597,0,0,0,1,0,cond_kinetic: measured=0 threshold=>=0.5; cond_supports: measured=false threshold=true; cond_mac: measured=1.264030313278921e-26 threshold=>=0.80000000000000004,0,0,0,converged; residual=3.063839296526632e-13
inf,2,diagnostic,2,320,50,4237.28484705919,6.00104949177086e-27,6.00104949177086e-27,6.00104949177086e-27,0,0.315427170925096,0.431278314384118,0,0,0,1,0,cond_kinetic: measured=0 threshold=>=0.5; cond_supports: measured=false threshold=true; cond_mac: measured=6.0010494917708595e-27 threshold=>=0.80000000000000004,0,0,0,converged; residual=3.0729508007015035e-13
inf,2,diagnostic,2,320,51,4273.1056112814,4.3021403798973e-26,4.3021403798973e-26,4.3021403798973e-26,0,0.137755716881317,0.172987904735818,0,0,0,1,0,cond_kinetic: measured=0 threshold=>=0.5; cond_supports: measured=false threshold=true; cond_mac: measured=4.3021403798973006e-26 threshold=>=0.80000000000000004,0,0,0,converged; residual=2.9906666843554985e-13
inf,2,diagnostic,2,320,52,4279.20179663238,2.89279346868552e-29,2.89279346868552e-29,2.89279346868552e-29,0,0.521834425070966,0.741633460098226,0,0,0,0,0,cond_kinetic: measured=0 threshold=>=0.5; cond_supports: measured=false threshold=true; cond_strain: measured=0.52183442507096622 threshold=<=0.5; cond_mac: measured=2.8927934686855203e-29 threshold=>=0.80000000000000004,0,0,0,converged; residual=3.9675302623755275e-13
inf,2,diagnostic,2,320,53,4351.79862356203,2.7230772161987e-25,2.7230772161987e-25,2.7230772161987e-25,0,0.222673837396848,0.300425748149367,0,0,0,1,0,cond_kinetic: measured=0 threshold=>=0.5; cond_supports: measured=false threshold=true; cond_mac: measured=2.723077216198696e-25 threshold=>=0.80000000000000004,0,0,0,converged; residual=3.2322750597285895e-13
inf,2,diagnostic,2,320,54,4360.70960213025,1.18100404374156e-06,1.18100404374156e-06,1.18100404374156e-06,0,0.242408962835187,0.323080874873377,0,0,0,1,0,cond_kinetic: measured=0 threshold=>=0.5; cond_supports: measured=false threshold=true; cond_mac: measured=1.1810040437415635e-06 threshold=>=0.80000000000000004,0,0,0,converged; residual=6.7056288731268153e-13
inf,2,diagnostic,2,320,55,4438.01306946486,6.23147849741222e-26,6.23147849741222e-26,6.23147849741222e-26,0,0.216414787900222,0.265500437729473,0,0,0,1,0,cond_kinetic: measured=0 threshold=>=0.5; cond_supports: measured=false threshold=true; cond_mac: measured=6.2314784974122221e-26 threshold=>=0.80000000000000004,0,0,0,converged; residual=2.7654487669661013e-13
inf,2,diagnostic,2,320,56,4491.28510754819,2.9712690757778e-06,2.9712690757778e-06,2.9712690757778e-06,0,0.164562370206269,0.218894487650711,0,0,0,1,0,cond_kinetic: measured=0 threshold=>=0.5; cond_supports: measured=false threshold=true; cond_mac: measured=2.9712690757778015e-06 threshold=>=0.80000000000000004,0,0,0,converged; residual=6.0478196429535169e-13
inf,2,diagnostic,2,320,57,4541.11697429352,2.66151423383558e-27,2.66151423383558e-27,2.66151423383558e-27,0,0.238174942750553,0.312806705713726,0,0,0,1,0,cond_kinetic: measured=0 threshold=>=0.5; cond_supports: measured=false threshold=true; cond_mac: measured=2.6615142338355767e-27 threshold=>=0.80000000000000004,0,0,0,converged; residual=2.9534129020587587e-13
inf,2,diagnostic,2,320,58,4591.16591678988,1.8555079901422e-26,1.8555079901422e-26,1.8555079901422e-26,0,0.073800490191498,0.091166168434535,0,0,0,1,0,cond_kinetic: measured=0 threshold=>=0.5; cond_supports: measured=false threshold=true; cond_mac: measured=1.8555079901421986e-26 threshold=>=0.80000000000000004,0,0,0,converged; residual=4.5142745684844586e-13
inf,2,diagnostic,2,320,59,4645.12717898975,6.58882862980333e-29,6.58882862980333e-29,6.58882862980333e-29,0,0.130283155993605,0.168469977749965,0,0,0,1,0,cond_kinetic: measured=0 threshold=>=0.5; cond_supports: measured=false threshold=true; cond_mac: measured=6.5888286298033282e-29 threshold=>=0.80000000000000004,0,0,0,converged; residual=4.8064818648657899e-13
inf,2,diagnostic,2,320,60,4708.63572821776,3.18109272399856e-26,3.18109272399856e-26,3.18109272399856e-26,0,0.257708724471336,0.329967961330197,0,0,0,1,0,cond_kinetic: measured=0 threshold=>=0.5; cond_supports: measured=false threshold=true; cond_mac: measured=3.1810927239985601e-26 threshold=>=0.80000000000000004,0,0,0,converged; residual=3.0590153070660097e-13
inf,2,diagnostic,2,320,61,4758.29215547776,2.07420798413099e-29,2.07420798413099e-29,2.07420798413099e-29,0,0.379379555373906,0.530280939956312,0,0,0,1,0,cond_kinetic: measured=0 threshold=>=0.5; cond_supports: measured=false threshold=true; cond_mac: measured=2.0742079841309877e-29 threshold=>=0.80000000000000004,0,0,0,converged; residual=2.6258921979825412e-13
inf,2,diagnostic,2,320,62,4810.80877917455,4.07856433177005e-29,4.07856433177005e-29,4.07856433177005e-29,0,0.40555228941436,0.587529579375678,0,0,0,1,0,cond_kinetic: measured=0 threshold=>=0.5; cond_supports: measured=false threshold=true; cond_mac: measured=4.0785643317700505e-29 threshold=>=0.80000000000000004,0,0,0,converged; residual=4.6904980402333975e-13
inf,2,diagnostic,2,320,63,4860.64938768749,5.58222698531434e-08,5.58222698531434e-08,5.58222698531434e-08,0,0.45003627108613,0.641234464004713,0,0,0,1,0,cond_kinetic: measured=0 threshold=>=0.5; cond_supports: measured=false threshold=true; cond_mac: measured=5.5822269853143362e-08 threshold=>=0.80000000000000004,0,0,0,converged; residual=3.4171848082709999e-13
inf,2,diagnostic,2,320,64,4867.20948312042,6.88443410221284e-26,6.88443410221284e-26,6.88443410221284e-26,0,0.439788470312403,0.58897673332674,0,0,0,1,0,cond_kinetic: measured=0 threshold=>=0.5; cond_supports: measured=false threshold=true; cond_mac: measured=6.8844341022128404e-26 threshold=>=0.80000000000000004,0,0,0,converged; residual=1.6796367539654856e-13
inf,2,diagnostic,2,320,65,4885.23292910914,1.98085996650898e-27,1.98085996650898e-27,1.98085996650898e-27,0,0.251845578893845,0.35614243566015,0,0,0,1,0,cond_kinetic: measured=0 threshold=>=0.5; cond_supports: measured=false threshold=true; cond_mac: measured=1.9808599665089781e-27 threshold=>=0.80000000000000004,0,0,0,converged; residual=2.2581374469927249e-13
inf,2,diagnostic,2,320,66,4974.60694313848,8.23534797180522e-28,8.23534797180522e-28,8.23534797180522e-28,0,0.0549477915762178,0.0669101365459485,0,0,0,1,0,cond_kinetic: measured=0 threshold=>=0.5; cond_supports: measured=false threshold=true; cond_mac: measured=8.235347971805218e-28 threshold=>=0.80000000000000004,0,0,0,converged; residual=4.2570832056566064e-13
inf,2,diagnostic,2,320,67,5033.37014479054,1.89628841231685e-07,1.89628841231685e-07,1.89628841231685e-07,0,0.101075229083825,0.140547849029465,0,0,0,1,0,cond_kinetic: measured=0 threshold=>=0.5; cond_supports: measured=false threshold=true; cond_mac: measured=1.8962884123168486e-07 threshold=>=0.80000000000000004,0,0,0,converged; residual=3.0862556879233983e-13
inf,2,diagnostic,2,320,68,5061.99152226243,8.27879060734303e-28,8.27879060734303e-28,8.27879060734303e-28,0,0.201242979689228,0.235812160853058,0,0,0,1,0,cond_kinetic: measured=0 threshold=>=0.5; cond_supports: measured=false threshold=true; cond_mac: measured=8.278790607343031e-28 threshold=>=0.80000000000000004,0,0,0,converged; residual=3.0888320260962743e-12
inf,2,diagnostic,2,320,69,5121.05124368386,1.05986029906873e-26,1.05986029906873e-26,1.05986029906873e-26,0,0.251286222692451,0.311674582605262,0,0,0,1,0,cond_kinetic: measured=0 threshold=>=0.5; cond_supports: measured=false threshold=true; cond_mac: measured=1.0598602990687313e-26 threshold=>=0.80000000000000004,0,0,0,converged; residual=2.0334822148608652e-13
inf,2,diagnostic,2,320,70,5129.67560592242,8.80405200487516e-29,8.80405200487516e-29,8.80405200487516e-29,0,0.158319047773066,0.215728540938227,0,0,0,1,0,cond_kinetic: measured=0 threshold=>=0.5; cond_supports: measured=false threshold=true; cond_mac: measured=8.8040520048751564e-29 threshold=>=0.80000000000000004,0,0,0,converged; residual=2.7592004114811926e-12
inf,2,diagnostic,2,320,71,5335.36510022747,3.84741617894391e-27,3.84741617894391e-27,3.84741617894391e-27,0,0.0535361098716499,0.0617147232436545,0,0,0,1,0,cond_kinetic: measured=0 threshold=>=0.5; cond_supports: measured=false threshold=true; cond_mac: measured=3.8474161789439076e-27 threshold=>=0.80000000000000004,0,0,0,converged; residual=3.2829648500637616e-13
inf,2,diagnostic,2,320,72,5343.08777907868,2.04122008509758e-26,2.04122008509758e-26,2.04122008509758e-26,0,0.36229697897317,0.54304399503955,0,0,0,1,0,cond_kinetic: measured=0 threshold=>=0.5; cond_supports: measured=false threshold=true; cond_mac: measured=2.0412200850975766e-26 threshold=>=0.80000000000000004,0,0,0,converged; residual=4.3011400452728961e-13
inf,2,diagnostic,2,320,73,5356.74761094697,3.23808493005593e-27,3.23808493005593e-27,3.23808493005593e-27,0,0.214631734854199,0.232706024173354,0,0,0,1,0,cond_kinetic: measured=0 threshold=>=0.5; cond_supports: measured=false threshold=true; cond_mac: measured=3.238084930055928e-27 threshold=>=0.80000000000000004,0,0,0,converged; residual=2.7113779095978386e-13
inf,2,diagnostic,2,320,74,5362.69388642222,2.0419658941452e-09,2.0419658941452e-09,2.0419658941452e-09,0,0.527631657512413,0.795809529470725,0,0,0,0,0,cond_kinetic: measured=0 threshold=>=0.5; cond_supports: measured=false threshold=true; cond_strain: measured=0.52763165751241259 threshold=<=0.5; cond_mac: measured=2.041965894145195e-09 threshold=>=0.80000000000000004,0,0,0,converged; residual=4.6715942666148876e-13
inf,2,diagnostic,2,320,75,5403.32007643255,1.02636301336713e-09,1.02636301336713e-09,1.02636301336713e-09,0,0.388039493167121,0.56872463862576,0,0,0,1,0,cond_kinetic: measured=0 threshold=>=0.5; cond_supports: measured=false threshold=true; cond_mac: measured=1.0263630133671261e-09 threshold=>=0.80000000000000004,0,0,0,converged; residual=4.3679569031413256e-13
inf,2,diagnostic,2,320,76,5405.99381820289,3.3670757215747e-25,3.3670757215747e-25,3.3670757215747e-25,0,0.310429619827903,0.453539748535698,0,0,0,1,0,cond_kinetic: measured=0 threshold=>=0.5; cond_supports: measured=false threshold=true; cond_mac: measured=3.3670757215747034e-25 threshold=>=0.80000000000000004,0,0,0,converged; residual=2.0095092584708202e-13
inf,2,diagnostic,2,320,77,5438.24177271827,6.30672313928619e-28,6.30672313928619e-28,6.30672313928619e-28,0,0.51174619159833,0.756959079197062,0,0,0,0,0,cond_kinetic: measured=0 threshold=>=0.5; cond_supports: measured=false threshold=true; cond_strain: measured=0.51174619159832968 threshold=<=0.5; cond_mac: measured=6.3067231392861855e-28 threshold=>=0.80000000000000004,0,0,0,converged; residual=2.7343081619892364e-13
inf,2,diagnostic,2,320,78,5461.18813153464,5.21540326503451e-28,5.21540326503451e-28,5.21540326503451e-28,0,0.19235216764933,0.240686673281516,0,0,0,1,0,cond_kinetic: measured=0 threshold=>=0.5; cond_supports: measured=false threshold=true; cond_mac: measured=5.215403265034508e-28 threshold=>=0.80000000000000004,0,0,0,converged; residual=2.9726571617340364e-13
inf,2,diagnostic,2,320,79,5483.31785677142,1.17475545953433e-14,1.17475545953433e-14,1.17475545953433e-14,0,0.353815650749055,0.508124517795328,0,0,0,1,0,cond_kinetic: measured=0 threshold=>=0.5; cond_supports: measured=false threshold=true; cond_mac: measured=1.1747554595343307e-14 threshold=>=0.80000000000000004,0,0,0,converged; residual=3.975650553360287e-13
inf,2,diagnostic,2,320,80,5540.18280886661,3.23360845493134e-10,3.23360845493134e-10,3.23360845493134e-10,0,0.490856077663472,0.707718055026333,0,0,0,1,0,cond_kinetic: measured=0 threshold=>=0.5; cond_supports: measured=false threshold=true; cond_mac: measured=3.2336084549313365e-10 threshold=>=0.80000000000000004,0,0,0,converged; residual=8.0744005790781169e-13
inf,2,diagnostic,2,320,81,5650.20587790944,8.86119433681545e-28,8.86119433681545e-28,8.86119433681545e-28,0,0.377444175236177,0.527409129110148,0,0,0,1,0,cond_kinetic: measured=0 threshold=>=0.5; cond_supports: measured=false threshold=true; cond_mac: measured=8.8611943368154457e-28 threshold=>=0.80000000000000004,0,0,0,converged; residual=3.989127193770728e-13
inf,2,diagnostic,2,320,82,5659.76094994095,9.4385161419447e-30,9.4385161419447e-30,9.4385161419447e-30,0,0.140431890891625,0.149249724511656,0,0,0,1,0,cond_kinetic: measured=0 threshold=>=0.5; cond_supports: measured=false threshold=true; cond_mac: measured=9.4385161419447048e-30 threshold=>=0.80000000000000004,0,0,0,converged; residual=2.9321344075658501e-13
inf,2,diagnostic,2,320,83,5692.1045752974,3.25379202320498e-30,3.25379202320498e-30,3.25379202320498e-30,0,0.0998619991095591,0.12651022780783,0,0,0,1,0,cond_kinetic: measured=0 threshold=>=0.5; cond_supports: measured=false threshold=true; cond_mac: measured=3.2537920232049767e-30 threshold=>=0.80000000000000004,0,0,0,converged; residual=3.8913317637187556e-13
inf,2,diagnostic,2,320,84,5722.71305830173,7.85797484446337e-10,7.85797484446337e-10,7.85797484446337e-10,0,0.0548027442473662,0.0728263862031311,0,0,0,1,0,cond_kinetic: measured=0 threshold=>=0.5; cond_supports: measured=false threshold=true; cond_mac: measured=7.8579748444633739e-10 threshold=>=0.80000000000000004,0,0,0,converged; residual=2.2353769024187336e-13
inf,2,diagnostic,2,320,85,5751.77231344252,4.36901057763524e-27,4.36901057763524e-27,4.36901057763524e-27,0,0.149495439868474,0.171251821323557,0,0,0,1,0,cond_kinetic: measured=0 threshold=>=0.5; cond_supports: measured=false threshold=true; cond_mac: measured=4.3690105776352404e-27 threshold=>=0.80000000000000004,0,0,0,converged; residual=2.8532573534069552e-13
inf,2,diagnostic,2,320,86,5786.05322163782,3.57690381227965e-27,3.57690381227965e-27,3.57690381227965e-27,0,0.111008023735773,0.120110483476129,0,0,0,1,0,cond_kinetic: measured=0 threshold=>=0.5; cond_supports: measured=false threshold=true; cond_mac: measured=3.5769038122796483e-27 threshold=>=0.80000000000000004,0,0,0,converged; residual=3.1209355189527159e-13
inf,2,diagnostic,2,320,87,5808.2747077622,9.8498114391476e-10,9.8498114391476e-10,9.8498114391476e-10,0,0.379909721359133,0.504634227941273,0,0,0,1,0,cond_kinetic: measured=0 threshold=>=0.5; cond_supports: measured=false threshold=true; cond_mac: measured=9.8498114391475959e-10 threshold=>=0.80000000000000004,0,0,0,converged; residual=6.5542375158030129e-13
inf,2,diagnostic,2,320,88,5908.9466053547,3.06940736326297e-07,3.06940736326297e-07,3.06940736326297e-07,0,0.0426019730457729,0.0461807383360895,0,0,0,1,0,cond_kinetic: measured=0 threshold=>=0.5; cond_supports: measured=false threshold=true; cond_mac: measured=3.0694073632629746e-07 threshold=>=0.80000000000000004,0,0,0,converged; residual=3.5828625759454456e-13
inf,2,diagnostic,2,320,89,5912.17639674465,3.79434040821503e-25,3.79434040821503e-25,3.79434040821503e-25,0,0.212050145914186,0.278155965114953,0,0,0,1,0,cond_kinetic: measured=0 threshold=>=0.5; cond_supports: measured=false threshold=true; cond_mac: measured=3.7943404082150297e-25 threshold=>=0.80000000000000004,0,0,0,converged; residual=1.8765303661287881e-13
inf,2,diagnostic,2,320,90,5928.52988437428,4.96107784816719e-26,4.96107784816719e-26,4.96107784816719e-26,0,0.164084321754072,0.171658616071764,0,0,0,1,0,cond_kinetic: measured=0 threshold=>=0.5; cond_supports: measured=false threshold=true; cond_mac: measured=4.9610778481671905e-26 threshold=>=0.80000000000000004,0,0,0,converged; residual=2.3078483240152847e-13
inf,2,diagnostic,2,320,91,5997.70053924561,4.67439828481249e-30,4.67439828481249e-30,4.67439828481249e-30,0,0.205467922944841,0.260569142847702,0,0,0,1,0,cond_kinetic: measured=0 threshold=>=0.5; cond_supports: measured=false threshold=true; cond_mac: measured=4.674398284812486e-30 threshold=>=0.80000000000000004,0,0,0,converged; residual=3.4680501481823128e-13
inf,2,diagnostic,2,320,92,6095.95705542072,9.25994060210247e-27,9.25994060210247e-27,9.25994060210247e-27,0,0.215709293228299,0.259371815324265,0,0,0,1,0,cond_kinetic: measured=0 threshold=>=0.5; cond_supports: measured=false threshold=true; cond_mac: measured=9.2599406021024714e-27 threshold=>=0.80000000000000004,0,0,0,converged; residual=2.0884972706147536e-13
inf,2,diagnostic,2,320,93,6099.87495635352,2.36640935963669e-10,2.36640935963669e-10,2.36640935963669e-10,0,0.33897299210136,0.428397873780352,0,0,0,1,0,cond_kinetic: measured=0 threshold=>=0.5; cond_supports: measured=false threshold=true; cond_mac: measured=2.3664093596366877e-10 threshold=>=0.80000000000000004,0,0,0,converged; residual=1.3866853657143652e-13
inf,2,diagnostic,2,320,94,6144.40647085534,1.25364560979705e-26,1.25364560979705e-26,1.25364560979705e-26,0,0.0561186191850634,0.0661898790334208,0,0,0,1,0,cond_kinetic: measured=0 threshold=>=0.5; cond_supports: measured=false threshold=true; cond_mac: measured=1.2536456097970464e-26 threshold=>=0.80000000000000004,0,0,0,converged; residual=3.3932653411265369e-13
inf,2,diagnostic,2,320,95,6146.09188056831,8.5307449767146e-27,8.5307449767146e-27,8.5307449767146e-27,0,0.108200204290251,0.115238445584592,0,0,0,1,0,cond_kinetic: measured=0 threshold=>=0.5; cond_supports: measured=false threshold=true; cond_mac: measured=8.5307449767146012e-27 threshold=>=0.80000000000000004,0,0,0,converged; residual=6.364002456642133e-13
inf,2,diagnostic,2,320,96,6175.59584080113,6.96037781842841e-08,6.96037781842841e-08,6.96037781842841e-08,0,0.0900200066335352,0.114564274893493,0,0,0,1,0,cond_kinetic: measured=0 threshold=>=0.5; cond_supports: measured=false threshold=true; cond_mac: measured=6.9603778184284056e-08 threshold=>=0.80000000000000004,0,0,0,converged; residual=3.4616751661435725e-13
inf,2,diagnostic,2,320,97,6256.09891429303,1.64135355191815e-27,1.64135355191815e-27,1.64135355191815e-27,0,0.317653194688471,0.386653191555147,0,0,0,1,0,cond_kinetic: measured=0 threshold=>=0.5; cond_supports: measured=false threshold=true; cond_mac: measured=1.6413535519181524e-27 threshold=>=0.80000000000000004,0,0,0,converged; residual=3.0465592902097474e-13
inf,2,diagnostic,2,320,98,6315.97136408424,2.60620624990871e-27,2.60620624990871e-27,2.60620624990871e-27,0,0.118738489835366,0.130958729811429,0,0,0,1,0,cond_kinetic: measured=0 threshold=>=0.5; cond_supports: measured=false threshold=true; cond_mac: measured=2.6062062499087097e-27 threshold=>=0.80000000000000004,0,0,0,converged; residual=3.4051580120370672e-13
inf,2,diagnostic,2,320,99,6365.56064036668,3.95805784249941e-29,3.95805784249941e-29,3.95805784249941e-29,0,0.188574262091961,0.192683223640826,0,0,0,1,0,cond_kinetic: measured=0 threshold=>=0.5; cond_supports: measured=false threshold=true; cond_mac: measured=3.9580578424994147e-29 threshold=>=0.80000000000000004,0,0,0,converged; residual=3.8504480460915401e-13
inf,2,diagnostic,2,320,100,6387.46196919657,2.91862669234019e-08,2.91862669234019e-08,2.91862669234019e-08,0,0.283901782382668,0.342882134248881,0,0,0,1,0,cond_kinetic: measured=0 threshold=>=0.5; cond_supports: measured=false threshold=true; cond_mac: measured=2.9186266923401871e-08 threshold=>=0.80000000000000004,0,0,0,converged; residual=4.011776427621736e-13
inf,2,diagnostic,2,320,101,6420.02895680752,1.09505333729787e-25,1.09505333729787e-25,1.09505333729787e-25,0,0.35397074354538,0.493324728437154,0,0,0,1,0,cond_kinetic: measured=0 threshold=>=0.5; cond_supports: measured=false threshold=true; cond_mac: measured=1.0950533372978736e-25 threshold=>=0.80000000000000004,0,0,0,converged; residual=3.8812849947595172e-13
inf,2,diagnostic,2,320,102,6426.77238827709,3.70228267291037e-08,3.70228267291037e-08,3.70228267291037e-08,0,0.0314529597503046,0.0355521067088088,0,0,0,1,0,cond_kinetic: measured=0 threshold=>=0.5; cond_supports: measured=false threshold=true; cond_mac: measured=3.7022826729103717e-08 threshold=>=0.80000000000000004,0,0,0,converged; residual=2.127978902413517e-13
inf,2,diagnostic,2,320,103,6440.48277185471,1.99776023999503e-26,1.99776023999503e-26,1.99776023999503e-26,0,0.20003783946662,0.24191198619968,0,0,0,1,0,cond_kinetic: measured=0 threshold=>=0.5; cond_supports: measured=false threshold=true; cond_mac: measured=1.9977602399950297e-26 threshold=>=0.80000000000000004,0,0,0,converged; residual=1.306120764167132e-13
inf,2,diagnostic,2,320,104,6505.29773080713,1.41291335604606e-26,1.41291335604606e-26,1.41291335604606e-26,0,0.278694599950496,0.391304466227036,0,0,0,1,0,cond_kinetic: measured=0 threshold=>=0.5; cond_supports: measured=false threshold=true; cond_mac: measured=1.412913356046058e-26 threshold=>=0.80000000000000004,0,0,0,converged; residual=3.8290035342935447e-13
inf,2,diagnostic,2,320,105,6545.43363745268,4.18523876678901e-29,4.18523876678901e-29,4.18523876678901e-29,0,0.229219059604132,0.301135269896793,0,0,0,1,0,cond_kinetic: measured=0 threshold=>=0.5; cond_supports: measured=false threshold=true; cond_mac: measured=4.1852387667890126e-29 threshold=>=0.80000000000000004,0,0,0,converged; residual=2.4530847376589209e-13
inf,2,diagnostic,2,320,106,6580.61076002467,8.37250177151044e-08,8.37250177151044e-08,8.37250177151044e-08,0,0.260969841715746,0.336187350754795,0,0,0,1,0,cond_kinetic: measured=0 threshold=>=0.5; cond_supports: measured=false threshold=true; cond_mac: measured=8.3725017715104402e-08 threshold=>=0.80000000000000004,0,0,0,converged; residual=3.318523399239162e-13
inf,2,diagnostic,2,320,107,6631.88710776521,1.00524412289466e-25,1.00524412289466e-25,1.00524412289466e-25,0,0.344270960544803,0.45400530722191,0,0,0,1,0,cond_kinetic: measured=0 threshold=>=0.5; cond_supports: measured=false threshold=true; cond_mac: measured=1.0052441228946577e-25 threshold=>=0.80000000000000004,0,0,0,converged; residual=3.417713522933592e-13
inf,2,diagnostic,2,320,108,6633.05545900694,4.90707886552141e-26,4.90707886552141e-26,4.90707886552141e-26,0,0.0119620586249401,0.0157998613401069,0,0,0,1,0,cond_kinetic: measured=0 threshold=>=0.5; cond_supports: measured=false threshold=true; cond_mac: measured=4.9070788655214065e-26 threshold=>=0.80000000000000004,0,0,0,converged; residual=2.706471851748154e-13
inf,2,diagnostic,2,320,109,6642.96452200443,2.43215174406195e-08,2.43215174406195e-08,2.43215174406195e-08,0,0.0446757107691271,0.0624371319303317,0,0,0,1,0,cond_kinetic: measured=0 threshold=>=0.5; cond_supports: measured=false threshold=true; cond_mac: measured=2.4321517440619494e-08 threshold=>=0.80000000000000004,0,0,0,converged; residual=1.8327900562120489e-13
inf,2,diagnostic,2,320,110,6662.51466001941,4.33291411573797e-28,4.33291411573797e-28,4.33291411573797e-28,0,0.209754092648664,0.241658646836418,0,0,0,1,0,cond_kinetic: measured=0 threshold=>=0.5; cond_supports: measured=false threshold=true; cond_mac: measured=4.3329141157379657e-28 threshold=>=0.80000000000000004,0,0,0,converged; residual=2.8500658112738114e-13
inf,2,diagnostic,2,320,111,6693.39364880523,1.09927093064757e-26,1.09927093064757e-26,1.09927093064757e-26,0,0.315884150059498,0.421458298884027,0,0,0,1,0,cond_kinetic: measured=0 threshold=>=0.5; cond_supports: measured=false threshold=true; cond_mac: measured=1.0992709306475666e-26 threshold=>=0.80000000000000004,0,0,0,converged; residual=3.2752790786993743e-13
inf,2,diagnostic,2,320,112,6702.32134001045,2.45728372174494e-08,2.45728372174494e-08,2.45728372174494e-08,0,0.271189944368674,0.359339965768694,0,0,0,1,0,cond_kinetic: measured=0 threshold=>=0.5; cond_supports: measured=false threshold=true; cond_mac: measured=2.457283721744945e-08 threshold=>=0.80000000000000004,0,0,0,converged; residual=2.264414446569664e-13
inf,2,diagnostic,2,320,113,6726.65858374442,4.04921812955181e-08,4.04921812955181e-08,4.04921812955181e-08,0,0.510634913664779,0.712774556333617,0,0,0,0,0,cond_kinetic: measured=0 threshold=>=0.5; cond_supports: measured=false threshold=true; cond_strain: measured=0.51063491366477931 threshold=<=0.5; cond_mac: measured=4.04921812955181e-08 threshold=>=0.80000000000000004,0,0,0,converged; residual=2.6506025412815362e-13
inf,2,diagnostic,2,320,114,6744.20033994439,2.98372817124093e-29,2.98372817124093e-29,2.98372817124093e-29,0,0.389744284720371,0.523136781749624,0,0,0,1,0,cond_kinetic: measured=0 threshold=>=0.5; cond_supports: measured=false threshold=true; cond_mac: measured=2.9837281712409327e-29 threshold=>=0.80000000000000004,0,0,0,converged; residual=5.1488503062031835e-13
inf,2,diagnostic,2,320,115,6746.00268254574,6.82093730212292e-28,6.82093730212292e-28,6.82093730212292e-28,0,0.416491134768119,0.55769224278123,0,0,0,1,0,cond_kinetic: measured=0 threshold=>=0.5; cond_supports: measured=false threshold=true; cond_mac: measured=6.8209373021229177e-28 threshold=>=0.80000000000000004,0,0,0,converged; residual=1.0751712666688597e-12
inf,2,diagnostic,2,320,116,6755.9636959887,1.19663075528888e-28,1.19663075528888e-28,1.19663075528888e-28,0,0.205464030608228,0.238050855265222,0,0,0,1,0,cond_kinetic: measured=0 threshold=>=0.5; cond_supports: measured=false threshold=true; cond_mac: measured=1.1966307552888803e-28 threshold=>=0.80000000000000004,0,0,0,converged; residual=2.40409814541235e-13
inf,2,diagnostic,2,320,117,6787.37483519714,2.6691110543486e-08,2.6691110543486e-08,2.6691110543486e-08,0,0.23115001129082,0.314436786239311,0,0,0,1,0,cond_kinetic: measured=0 threshold=>=0.5; cond_supports: measured=false threshold=true; cond_mac: measured=2.6691110543485958e-08 threshold=>=0.80000000000000004,0,0,0,converged; residual=2.2461199045459991e-13
inf,2,diagnostic,2,320,118,6816.91421265492,4.51407748246148e-26,4.51407748246148e-26,4.51407748246148e-26,0,0.0642582690299067,0.0828920768246248,0,0,0,1,0,cond_kinetic: measured=0 threshold=>=0.5; cond_supports: measured=false threshold=true; cond_mac: measured=4.5140774824614806e-26 threshold=>=0.80000000000000004,0,0,0,converged; residual=5.3350636587792323e-13
inf,2,diagnostic,2,320,119,6843.47183050862,1.44065209209655e-26,1.44065209209655e-26,1.44065209209655e-26,0,0.339492955056846,0.431633880268685,0,0,0,1,0,cond_kinetic: measured=0 threshold=>=0.5; cond_supports: measured=false threshold=true; cond_mac: measured=1.4406520920965516e-26 threshold=>=0.80000000000000004,0,0,0,converged; residual=1.9656258632177374e-13
inf,2,diagnostic,2,320,120,6847.05339176323,4.45423196243676e-09,4.45423196243676e-09,4.45423196243676e-09,0,0.205472182473127,0.245868896207976,0,0,0,1,0,cond_kinetic: measured=0 threshold=>=0.5; cond_supports: measured=false threshold=true; cond_mac: measured=4.4542319624367565e-09 threshold=>=0.80000000000000004,0,0,0,converged; residual=2.2963268239852906e-13
inf,2,diagnostic,2,320,121,6880.76962537383,6.23352813382557e-27,6.23352813382557e-27,6.23352813382557e-27,0,0.269837587454708,0.346314662578625,0,0,0,1,0,cond_kinetic: measured=0 threshold=>=0.5; cond_supports: measured=false threshold=true; cond_mac: measured=6.2335281338255747e-27 threshold=>=0.80000000000000004,0,0,0,converged; residual=2.4137490942340392e-13
inf,2,diagnostic,2,320,122,6957.56194635873,3.83384020290827e-26,3.83384020290827e-26,3.83384020290827e-26,0,0.203315647685119,0.245879426600183,0,0,0,1,0,cond_kinetic: measured=0 threshold=>=0.5; cond_supports: measured=false threshold=true; cond_mac: measured=3.8338402029082655e-26 threshold=>=0.80000000000000004,0,0,0,converged; residual=1.1234503391318798e-13
inf,2,diagnostic,2,320,123,6977.32382545874,6.3104202366998e-26,6.3104202366998e-26,6.3104202366998e-26,0,0.323788945563908,0.364601642210242,0,0,0,1,0,cond_kinetic: measured=0 threshold=>=0.5; cond_supports: measured=false threshold=true; cond_mac: measured=6.3104202366997959e-26 threshold=>=0.80000000000000004,0,0,0,converged; residual=1.7077101831192971e-13
inf,2,diagnostic,2,320,124,6993.10760234218,2.22157219750697e-07,2.22157219750697e-07,2.22157219750697e-07,0,0.0199593293686015,0.0231194193698239,0,0,0,1,0,cond_kinetic: measured=0 threshold=>=0.5; cond_supports: measured=false threshold=true; cond_mac: measured=2.2215721975069687e-07 threshold=>=0.80000000000000004,0,0,0,converged; residual=2.6434726689827897e-13
inf,2,diagnostic,2,320,125,7021.10789448365,2.95097975115448e-28,2.95097975115448e-28,2.95097975115448e-28,0,0.122447202700386,0.140907523134999,0,0,0,1,0,cond_kinetic: measured=0 threshold=>=0.5; cond_supports: measured=false threshold=true; cond_mac: measured=2.9509797511544767e-28 threshold=>=0.80000000000000004,0,0,0,converged; residual=2.0234585469806626e-13
inf,2,diagnostic,2,320,126,7038.56086708056,4.63772065822568e-26,4.63772065822568e-26,4.63772065822568e-26,0,0.0681118012886169,0.0823918899117463,0,0,0,1,0,cond_kinetic: measured=0 threshold=>=0.5; cond_supports: measured=false threshold=true; cond_mac: measured=4.6377206582256832e-26 threshold=>=0.80000000000000004,0,0,0,converged; residual=1.6856517323021227e-13
inf,2,diagnostic,2,320,127,7054.71721164239,1.80981587254539e-09,1.80981587254539e-09,1.80981587254539e-09,0,0.249046736800459,0.300805309226545,0,0,0,1,0,cond_kinetic: measured=0 threshold=>=0.5; cond_supports: measured=false threshold=true; cond_mac: measured=1.8098158725453895e-09 threshold=>=0.80000000000000004,0,0,0,converged; residual=2.5821488014488646e-13
inf,2,diagnostic,2,320,128,7112.57986080848,5.43254697590863e-08,5.43254697590863e-08,5.43254697590863e-08,0,0.231082722118808,0.296009892406798,0,0,0,1,0,cond_kinetic: measured=0 threshold=>=0.5; cond_supports: measured=false threshold=true; cond_mac: measured=5.4325469759086263e-08 threshold=>=0.80000000000000004,0,0,0,converged; residual=2.8246558527999176e-13
inf,2,diagnostic,2,320,129,7119.16883474666,1.62720735914647e-27,1.62720735914647e-27,1.62720735914647e-27,0,0.198788697538049,0.261513578380374,0,0,0,1,0,cond_kinetic: measured=0 threshold=>=0.5; cond_supports: measured=false threshold=true; cond_mac: measured=1.6272073591464736e-27 threshold=>=0.80000000000000004,0,0,0,converged; residual=2.2075758693157594e-13
inf,2,diagnostic,2,320,130,7176.99060551723,2.92518069211047e-26,2.92518069211047e-26,2.92518069211047e-26,0,0.2358129140431,0.276601953318112,0,0,0,1,0,cond_kinetic: measured=0 threshold=>=0.5; cond_supports: measured=false threshold=true; cond_mac: measured=2.9251806921104689e-26 threshold=>=0.80000000000000004,0,0,0,converged; residual=1.8711588754494151e-13
inf,2,diagnostic,2,320,131,7189.90270128719,7.94552215876478e-28,7.94552215876478e-28,7.94552215876478e-28,0,0.28912414990612,0.340159271581187,0,0,0,1,0,cond_kinetic: measured=0 threshold=>=0.5; cond_supports: measured=false threshold=true; cond_mac: measured=7.9455221587647809e-28 threshold=>=0.80000000000000004,0,0,0,converged; residual=2.0032431570370766e-13
inf,2,diagnostic,2,320,132,7248.54179176121,1.43004493597611e-27,1.43004493597611e-27,1.43004493597611e-27,0,0.180567695475518,0.205229857143004,0,0,0,1,0,cond_kinetic: measured=0 threshold=>=0.5; cond_supports: measured=false threshold=true; cond_mac: measured=1.4300449359761091e-27 threshold=>=0.80000000000000004,0,0,0,converged; residual=2.2259635765492956e-13
inf,2,diagnostic,2,320,133,7278.3126651519,5.58519472573049e-08,5.58519472573049e-08,5.58519472573049e-08,0,0.207962866400121,0.239975909250112,0,0,0,1,0,cond_kinetic: measured=0 threshold=>=0.5; cond_supports: measured=false threshold=true; cond_mac: measured=5.5851947257304875e-08 threshold=>=0.80000000000000004,0,0,0,converged; residual=2.2012716412348273e-13
inf,2,diagnostic,2,320,134,7340.99421305837,3.38589337004541e-26,3.38589337004541e-26,3.38589337004541e-26,0,0.174924977826438,0.189733803891481,0,0,0,1,0,cond_kinetic: measured=0 threshold=>=0.5; cond_supports: measured=false threshold=true; cond_mac: measured=3.3858933700454145e-26 threshold=>=0.80000000000000004,0,0,0,converged; residual=2.2022147415110871e-13
inf,2,diagnostic,2,320,135,7349.60162146565,1.48778569442252e-07,1.48778569442252e-07,1.48778569442252e-07,0,0.221030958793353,0.281036130936924,0,0,0,1,0,cond_kinetic: measured=0 threshold=>=0.5; cond_supports: measured=false threshold=true; cond_mac: measured=1.4877856944225222e-07 threshold=>=0.80000000000000004,0,0,0,converged; residual=2.8654837318334547e-13
inf,2,diagnostic,2,320,136,7381.1202712236,2.24714070488599e-07,2.24714070488599e-07,2.24714070488599e-07,0,0.151432342090484,0.181464195115871,0,0,0,1,0,cond_kinetic: measured=0 threshold=>=0.5; cond_supports: measured=false threshold=true; cond_mac: measured=2.2471407048859933e-07 threshold=>=0.80000000000000004,0,0,0,converged; residual=1.6887089975433961e-13
inf,2,diagnostic,2,320,137,7383.24792517358,2.53749393233866e-26,2.53749393233866e-26,2.53749393233866e-26,0,0.199803863099089,0.251978948206756,0,0,0,1,0,cond_kinetic: measured=0 threshold=>=0.5; cond_supports: measured=false threshold=true; cond_mac: measured=2.5374939323386558e-26 threshold=>=0.80000000000000004,0,0,0,converged; residual=2.9064257948550318e-13
inf,2,diagnostic,2,320,138,7414.71448324065,4.60327311675945e-27,4.60327311675945e-27,4.60327311675945e-27,0,0.212829404732655,0.251188067599821,0,0,0,1,0,cond_kinetic: measured=0 threshold=>=0.5; cond_supports: measured=false threshold=true; cond_mac: measured=4.6032731167594521e-27 threshold=>=0.80000000000000004,0,0,0,converged; residual=2.4136754502794321e-13
inf,2,diagnostic,2,320,139,7467.93812709479,1.42342231302725e-27,1.42342231302725e-27,1.42342231302725e-27,0,0.163705810537085,0.193459764665983,0,0,0,1,0,cond_kinetic: measured=0 threshold=>=0.5; cond_supports: measured=false threshold=true; cond_mac: measured=1.4234223130272515e-27 threshold=>=0.80000000000000004,0,0,0,converged; residual=2.2038096367384032e-13
inf,2,diagnostic,2,320,140,7504.30792271501,1.2438061240303e-27,1.2438061240303e-27,1.2438061240303e-27,0,0.106393669363831,0.12417902694284,0,0,0,1,0,cond_kinetic: measured=0 threshold=>=0.5; cond_supports: measured=false threshold=true; cond_mac: measured=1.2438061240303015e-27 threshold=>=0.80000000000000004,0,0,0,converged; residual=2.6780827363915411e-13
inf,2,diagnostic,2,320,141,7535.83458559681,2.86372288134175e-09,2.86372288134175e-09,2.86372288134175e-09,0,0.232587645503049,0.272622479805624,0,0,0,1,0,cond_kinetic: measured=0 threshold=>=0.5; cond_supports: measured=false threshold=true; cond_mac: measured=2.863722881341752e-09 threshold=>=0.80000000000000004,0,0,0,converged; residual=1.3351672637160967e-13
inf,2,diagnostic,2,320,142,7564.71033848585,2.85619935301786e-29,2.85619935301786e-29,2.85619935301786e-29,0,0.310690528394545,0.391137467692491,0,0,0,1,0,cond_kinetic: measured=0 threshold=>=0.5; cond_supports: measured=false threshold=true; cond_mac: measured=2.8561993530178571e-29 threshold=>=0.80000000000000004,0,0,0,converged; residual=3.4679803600790529e-13
inf,2,diagnostic,2,320,143,7568.95603325118,7.33993187243223e-31,7.33993187243223e-31,7.33993187243223e-31,0,0.270599691095905,0.294223371553117,0,0,0,1,0,cond_kinetic: measured=0 threshold=>=0.5; cond_supports: measured=false threshold=true; cond_mac: measured=7.3399318724322266e-31 threshold=>=0.80000000000000004,0,0,0,converged; residual=2.8343466058516513e-13
inf,2,diagnostic,2,320,144,7661.77255789962,6.37201878626502e-27,6.37201878626502e-27,6.37201878626502e-27,0,0.204666523997606,0.248539447789898,0,0,0,1,0,cond_kinetic: measured=0 threshold=>=0.5; cond_supports: measured=false threshold=true; cond_mac: measured=6.3720187862650151e-27 threshold=>=0.80000000000000004,0,0,0,converged; residual=3.1768290745274906e-13
inf,2,diagnostic,2,320,145,7671.15315067304,3.09249659379219e-25,3.09249659379219e-25,3.09249659379219e-25,0,0.250889400572943,0.289385470741068,0,0,0,1,0,cond_kinetic: measured=0 threshold=>=0.5; cond_supports: measured=false threshold=true; cond_mac: measured=3.0924965937921901e-25 threshold=>=0.80000000000000004,0,0,0,converged; residual=1.2505309937802417e-12
inf,2,diagnostic,2,320,146,7676.07629201203,1.4132421627773e-07,1.4132421627773e-07,1.4132421627773e-07,0,0.16892549361439,0.225769708663536,0,0,0,1,0,cond_kinetic: measured=0 threshold=>=0.5; cond_supports: measured=false threshold=true; cond_mac: measured=1.4132421627772995e-07 threshold=>=0.80000000000000004,0,0,0,converged; residual=3.5171113485258893e-13
inf,2,diagnostic,2,320,147,7743.04837168988,3.15829814266347e-08,3.15829814266347e-08,3.15829814266347e-08,0,0.230071229800268,0.28339947236173,0,0,0,1,0,cond_kinetic: measured=0 threshold=>=0.5; cond_supports: measured=false threshold=true; cond_mac: measured=3.1582981426634749e-08 threshold=>=0.80000000000000004,0,0,0,converged; residual=4.5066767432402982e-13
inf,2,diagnostic,2,320,148,7789.25584477952,3.43330928369001e-27,3.43330928369001e-27,3.43330928369001e-27,0,0.306497914355751,0.370628359247565,0,0,0,1,0,cond_kinetic: measured=0 threshold=>=0.5; cond_supports: measured=false threshold=true; cond_mac: measured=3.4333092836900145e-27 threshold=>=0.80000000000000004,0,0,0,converged; residual=1.6876457408771341e-13
inf,2,diagnostic,2,320,149,7812.50301087809,1.95423711380636e-11,1.95423711380636e-11,1.95423711380636e-11,0,0.228998131750308,0.274344274295252,0,0,0,1,0,cond_kinetic: measured=0 threshold=>=0.5; cond_supports: measured=false threshold=true; cond_mac: measured=1.9542371138063604e-11 threshold=>=0.80000000000000004,0,0,0,converged; residual=3.2705969393208777e-13
inf,2,diagnostic,2,320,150,7839.46702864404,6.84720725020507e-10,6.84720725020507e-10,6.84720725020507e-10,0,0.28080880796104,0.348856695802487,0,0,0,1,0,cond_kinetic: measured=0 threshold=>=0.5; cond_supports: measured=false threshold=true; cond_mac: measured=6.8472072502050747e-10 threshold=>=0.80000000000000004,0,0,0,converged; residual=3.7279119676168005e-13
inf,2,diagnostic,2,320,151,7845.34903575557,6.7843300339694e-27,6.7843300339694e-27,6.7843300339694e-27,0,0.186637468222667,0.2638962260195,0,0,0,1,0,cond_kinetic: measured=0 threshold=>=0.5; cond_supports: measured=false threshold=true; cond_mac: measured=6.784330033969402e-27 threshold=>=0.80000000000000004,0,0,0,converged; residual=2.6276015389619504e-13
inf,2,diagnostic,2,320,152,7879.94653412224,6.74967211281916e-28,6.74967211281916e-28,6.74967211281916e-28,0,0.33115777189319,0.433960972193296,0,0,0,1,0,cond_kinetic: measured=0 threshold=>=0.5; cond_supports: measured=false threshold=true; cond_mac: measured=6.749672112819165e-28 threshold=>=0.80000000000000004,0,0,0,converged; residual=3.0268085872569237e-13
inf,2,diagnostic,2,320,153,7930.08473823928,2.06929043304997e-27,2.06929043304997e-27,2.06929043304997e-27,0,0.247630529795404,0.303245591862057,0,0,0,1,0,cond_kinetic: measured=0 threshold=>=0.5; cond_supports: measured=false threshold=true; cond_mac: measured=2.069290433049966e-27 threshold=>=0.80000000000000004,0,0,0,converged; residual=3.3390043522748865e-13
inf,2,diagnostic,2,320,154,7976.42641611643,1.20688967465187e-27,1.20688967465187e-27,1.20688967465187e-27,0,0.33339918888191,0.393580492994748,0,0,0,1,0,cond_kinetic: measured=0 threshold=>=0.5; cond_supports: measured=false threshold=true; cond_mac: measured=1.2068896746518718e-27 threshold=>=0.80000000000000004,0,0,0,converged; residual=2.7540136771445404e-13
inf,2,diagnostic,2,320,155,7994.83199660713,3.76534231834295e-27,3.76534231834295e-27,3.76534231834295e-27,0,0.236078318393049,0.294354971486465,0,0,0,1,0,cond_kinetic: measured=0 threshold=>=0.5; cond_supports: measured=false threshold=true; cond_mac: measured=3.7653423183429477e-27 threshold=>=0.80000000000000004,0,0,0,converged; residual=1.7205990191550833e-13
inf,2,diagnostic,2,320,156,7997.30251253756,1.83082584432354e-09,1.83082584432354e-09,1.83082584432354e-09,0,0.333378029359535,0.438176312540912,0,0,0,1,0,cond_kinetic: measured=0 threshold=>=0.5; cond_supports: measured=false threshold=true; cond_mac: measured=1.8308258443235362e-09 threshold=>=0.80000000000000004,0,0,0,converged; residual=1.4403409043392888e-13
inf,2,diagnostic,2,320,157,7997.67031627814,6.15621283512959e-25,6.15621283512959e-25,6.15621283512959e-25,0,0.318935450594524,0.414687059048698,0,0,0,1,0,cond_kinetic: measured=0 threshold=>=0.5; cond_supports: measured=false threshold=true; cond_mac: measured=6.1562128351295922e-25 threshold=>=0.80000000000000004,0,0,0,converged; residual=3.2203204600011611e-13
inf,2,diagnostic,2,320,158,8021.52453483121,3.89181792399004e-28,3.89181792399004e-28,3.89181792399004e-28,0,0.443348113719726,0.613698813031636,0,0,0,1,0,cond_kinetic: measured=0 threshold=>=0.5; cond_supports: measured=false threshold=true; cond_mac: measured=3.8918179239900395e-28 threshold=>=0.80000000000000004,0,0,0,converged; residual=1.6537276050698443e-13
inf,2,diagnostic,2,320,159,8100.83095690812,1.52371736549334e-09,1.52371736549334e-09,1.52371736549334e-09,0,0.339380533832662,0.43218053599999,0,0,0,1,0,cond_kinetic: measured=0 threshold=>=0.5; cond_supports: measured=false threshold=true; cond_mac: measured=1.5237173654933387e-09 threshold=>=0.80000000000000004,0,0,0,converged; residual=3.5475573071182572e-13
inf,2,diagnostic,2,320,160,8146.02671727213,8.13162773623534e-27,8.13162773623534e-27,8.13162773623534e-27,0,0.318085313265791,0.407392133479457,0,0,0,1,0,cond_kinetic: measured=0 threshold=>=0.5; cond_supports: measured=false threshold=true; cond_mac: measured=8.1316277362353445e-27 threshold=>=0.80000000000000004,0,0,0,converged; residual=3.4790075557767255e-13
inf,2,diagnostic,2,320,161,8150.48180910268,9.32495953939374e-27,9.32495953939374e-27,9.32495953939374e-27,0,0.267258583559665,0.3445603119076,0,0,0,1,0,cond_kinetic: measured=0 threshold=>=0.5; cond_supports: measured=false threshold=true; cond_mac: measured=9.3249595393937422e-27 threshold=>=0.80000000000000004,0,0,0,converged; residual=2.6024063297008333e-13
inf,2,diagnostic,2,320,162,8188.28612499197,1.21067835609463e-26,1.21067835609463e-26,1.21067835609463e-26,0,0.268084647727789,0.308878320652407,0,0,0,1,0,cond_kinetic: measured=0 threshold=>=0.5; cond_supports: measured=false threshold=true; cond_mac: measured=1.210678356094629e-26 threshold=>=0.80000000000000004,0,0,0,converged; residual=3.2942575550830956e-13
inf,2,diagnostic,2,320,163,8218.15519227445,1.00651650954606e-25,1.00651650954606e-25,1.00651650954606e-25,0,0.26706158357196,0.306573810115043,0,0,0,1,0,cond_kinetic: measured=0 threshold=>=0.5; cond_supports: measured=false threshold=true; cond_mac: measured=1.0065165095460622e-25 threshold=>=0.80000000000000004,0,0,0,converged; residual=1.9486216013701482e-13
inf,2,diagnostic,2,320,164,8223.23313909535,1.11964696374636e-07,1.11964696374636e-07,1.11964696374636e-07,0,0.163671927094037,0.193890765390306,0,0,0,1,0,cond_kinetic: measured=0 threshold=>=0.5; cond_supports: measured=false threshold=true; cond_mac: measured=1.1196469637463586e-07 threshold=>=0.80000000000000004,0,0,0,converged; residual=3.0619699190647203e-13
inf,2,diagnostic,2,320,165,8300.23081811632,1.16327395868902e-26,1.16327395868902e-26,1.16327395868902e-26,0,0.249748801482232,0.31103281741476,0,0,0,1,0,cond_kinetic: measured=0 threshold=>=0.5; cond_supports: measured=false threshold=true; cond_mac: measured=1.1632739586890224e-26 threshold=>=0.80000000000000004,0,0,0,converged; residual=1.9333945093378058e-13
inf,2,diagnostic,2,320,166,8321.84753220575,5.45716366305451e-09,5.45716366305451e-09,5.45716366305451e-09,0,0.27572302305408,0.310303555396691,0,0,0,1,0,cond_kinetic: measured=0 threshold=>=0.5; cond_supports: measured=false threshold=true; cond_mac: measured=5.4571636630545079e-09 threshold=>=0.80000000000000004,0,0,0,converged; residual=1.4612636704371966e-13
inf,2,diagnostic,2,320,167,8334.59429452962,6.5417556239092e-28,6.5417556239092e-28,6.5417556239092e-28,0,0.228443758565848,0.280821327227788,0,0,0,1,0,cond_kinetic: measured=0 threshold=>=0.5; cond_supports: measured=false threshold=true; cond_mac: measured=6.5417556239092048e-28 threshold=>=0.80000000000000004,0,0,0,converged; residual=3.9143893164981322e-13
inf,2,diagnostic,2,320,168,8397.79800023976,3.30886404436023e-27,3.30886404436023e-27,3.30886404436023e-27,0,0.143388915627814,0.167288882295457,0,0,0,1,0,cond_kinetic: measured=0 threshold=>=0.5; cond_supports: measured=false threshold=true; cond_mac: measured=3.3088640443602339e-27 threshold=>=0.80000000000000004,0,0,0,converged; residual=2.6032502514039575e-13
inf,2,diagnostic,2,320,169,8400.0139917635,1.75389332048242e-09,1.75389332048242e-09,1.75389332048242e-09,0,0.258305625042568,0.315241105396803,0,0,0,1,0,cond_kinetic: measured=0 threshold=>=0.5; cond_supports: measured=false threshold=true; cond_mac: measured=1.7538933204824181e-09 threshold=>=0.80000000000000004,0,0,0,converged; residual=3.6714797124813154e-13
inf,2,diagnostic,2,320,170,8448.77759975218,3.22136198102602e-27,3.22136198102602e-27,3.22136198102602e-27,0,0.263662738344306,0.321443730478064,0,0,0,1,0,cond_kinetic: measured=0 threshold=>=0.5; cond_supports: measured=false threshold=true; cond_mac: measured=3.2213619810260161e-27 threshold=>=0.80000000000000004,0,0,0,converged; residual=3.3654222448456714e-13
inf,2,diagnostic,2,320,171,8453.4099803594,1.59755750364678e-27,1.59755750364678e-27,1.59755750364678e-27,0,0.33368745474123,0.419203512517635,0,0,0,1,0,cond_kinetic: measured=0 threshold=>=0.5; cond_supports: measured=false threshold=true; cond_mac: measured=1.5975575036467826e-27 threshold=>=0.80000000000000004,0,0,0,converged; residual=3.1810773977938231e-13
inf,2,diagnostic,2,320,172,8488.19603794382,1.44042617089913e-08,1.44042617089913e-08,1.44042617089913e-08,0,0.361816431720935,0.454302005991248,0,0,0,1,0,cond_kinetic: measured=0 threshold=>=0.5; cond_supports: measured=false threshold=true; cond_mac: measured=1.4404261708991265e-08 threshold=>=0.80000000000000004,0,0,0,converged; residual=3.5623584047603668e-13
inf,2,diagnostic,2,320,173,8506.97566221899,5.16889882950048e-30,5.16889882950048e-30,5.16889882950048e-30,0,0.456627150075433,0.601097632080659,0,0,0,1,0,cond_kinetic: measured=0 threshold=>=0.5; cond_supports: measured=false threshold=true; cond_mac: measured=5.1688988295004801e-30 threshold=>=0.80000000000000004,0,0,0,converged; residual=2.9784229416293694e-13
inf,2,diagnostic,2,320,174,8515.46210980954,6.20881819744148e-27,6.20881819744148e-27,6.20881819744148e-27,0,0.205795334350917,0.24555012905255,0,0,0,1,0,cond_kinetic: measured=0 threshold=>=0.5; cond_supports: measured=false threshold=true; cond_mac: measured=6.2088181974414784e-27 threshold=>=0.80000000000000004,0,0,0,converged; residual=2.0433916566663231e-13
inf,2,diagnostic,2,320,175,8565.74758889767,6.35298585804946e-27,6.35298585804946e-27,6.35298585804946e-27,0,0.493207969626569,0.638173509997468,0,0,0,1,0,cond_kinetic: measured=0 threshold=>=0.5; cond_supports: measured=false threshold=true; cond_mac: measured=6.352985858049459e-27 threshold=>=0.80000000000000004,0,0,0,converged; residual=2.9997189372668098e-13
inf,2,diagnostic,2,320,176,8569.50597825271,1.29087640775063e-26,1.29087640775063e-26,1.29087640775063e-26,0,0.337036097829147,0.443610042806757,0,0,0,1,0,cond_kinetic: measured=0 threshold=>=0.5; cond_supports: measured=false threshold=true; cond_mac: measured=1.2908764077506305e-26 threshold=>=0.80000000000000004,0,0,0,converged; residual=2.7641888208005576e-13
inf,2,diagnostic,2,320,177,8585.1130587564,5.41781540192448e-08,5.41781540192448e-08,5.41781540192448e-08,0,0.152741176308133,0.195960826166787,0,0,0,1,0,cond_kinetic: measured=0 threshold=>=0.5; cond_supports: measured=false threshold=true; cond_mac: measured=5.417815401924478e-08 threshold=>=0.80000000000000004,0,0,0,converged; residual=2.2965903517072963e-13
inf,2,diagnostic,2,320,178,8612.06061232015,1.01693603983272e-27,1.01693603983272e-27,1.01693603983272e-27,0,0.281410000890916,0.351458727080184,0,0,0,1,0,cond_kinetic: measured=0 threshold=>=0.5; cond_supports: measured=false threshold=true; cond_mac: measured=1.0169360398327171e-27 threshold=>=0.80000000000000004,0,0,0,converged; residual=4.1590656320028576e-13
inf,2,diagnostic,2,320,179,8626.63844107742,1.04901895623733e-08,1.04901895623733e-08,1.04901895623733e-08,0,0.396348856445072,0.50450807344394,0,0,0,1,0,cond_kinetic: measured=0 threshold=>=0.5; cond_supports: measured=false threshold=true; cond_mac: measured=1.0490189562373312e-08 threshold=>=0.80000000000000004,0,0,0,converged; residual=3.7261564475073677e-13
inf,2,diagnostic,2,320,180,8628.28738932288,6.51902645737586e-25,6.51902645737586e-25,6.51902645737586e-25,0,0.224129548638027,0.291549207604286,0,0,0,1,0,cond_kinetic: measured=0 threshold=>=0.5; cond_supports: measured=false threshold=true; cond_mac: measured=6.5190264573758594e-25 threshold=>=0.80000000000000004,0,0,0,converged; residual=1.978418535271876e-13
inf,2,diagnostic,2,320,181,8669.45239081283,1.19376933273919e-27,1.19376933273919e-27,1.19376933273919e-27,0,0.219291955743964,0.265472836528342,0,0,0,1,0,cond_kinetic: measured=0 threshold=>=0.5; cond_supports: measured=false threshold=true; cond_mac: measured=1.193769332739189e-27 threshold=>=0.80000000000000004,0,0,0,converged; residual=4.4873613284839194e-13
inf,2,diagnostic,2,320,182,8688.34330768229,1.04575422598847e-27,1.04575422598847e-27,1.04575422598847e-27,0,0.239921660846053,0.288846342405614,0,0,0,1,0,cond_kinetic: measured=0 threshold=>=0.5; cond_supports: measured=false threshold=true; cond_mac: measured=1.0457542259884712e-27 threshold=>=0.80000000000000004,0,0,0,converged; residual=2.6939909164480896e-13
inf,2,diagnostic,2,320,183,8706.62227178407,7.89240660686701e-28,7.89240660686701e-28,7.89240660686701e-28,0,0.298803932361894,0.328386451097174,0,0,0,1,0,cond_kinetic: measured=0 threshold=>=0.5; cond_supports: measured=false threshold=true; cond_mac: measured=7.8924066068670127e-28 threshold=>=0.80000000000000004,0,0,0,converged; residual=2.1205663604128045e-13
inf,2,diagnostic,2,320,184,8738.60217934384,5.20412570338572e-26,5.20412570338572e-26,5.20412570338572e-26,0,0.278380475431289,0.316585174766221,0,0,0,1,0,cond_kinetic: measured=0 threshold=>=0.5; cond_supports: measured=false threshold=true; cond_mac: measured=5.2041257033857194e-26 threshold=>=0.80000000000000004,0,0,0,converged; residual=5.0719415153629407e-13
inf,2,diagnostic,2,320,185,8741.83502640985,2.77325485459799e-08,2.77325485459799e-08,2.77325485459799e-08,0,0.235242660724381,0.294321506615551,0,0,0,1,0,cond_kinetic: measured=0 threshold=>=0.5; cond_supports: measured=false threshold=true; cond_mac: measured=2.7732548545979937e-08 threshold=>=0.80000000000000004,0,0,0,converged; residual=3.7472084918742165e-13
inf,2,diagnostic,2,320,186,8859.30845751112,7.14934454004439e-09,7.14934454004439e-09,7.14934454004439e-09,0,0.293493403125534,0.362035446927169,0,0,0,1,0,cond_kinetic: measured=0 threshold=>=0.5; cond_supports: measured=false threshold=true; cond_mac: measured=7.1493445400443857e-09 threshold=>=0.80000000000000004,0,0,0,converged; residual=1.4061480310509331e-13
inf,2,diagnostic,2,320,187,8863.09232807256,9.86771246377135e-28,9.86771246377135e-28,9.86771246377135e-28,0,0.252332187368418,0.294095275845032,0,0,0,1,0,cond_kinetic: measured=0 threshold=>=0.5; cond_supports: measured=false threshold=true; cond_mac: measured=9.8677124637713482e-28 threshold=>=0.80000000000000004,0,0,0,converged; residual=3.7343753435782112e-13
inf,2,diagnostic,2,320,188,8871.39693997739,1.21461798565073e-28,1.21461798565073e-28,1.21461798565073e-28,0,0.330746471375791,0.421796209898879,0,0,0,1,0,cond_kinetic: measured=0 threshold=>=0.5; cond_supports: measured=false threshold=true; cond_mac: measured=1.2146179856507294e-28 threshold=>=0.80000000000000004,0,0,0,converged; residual=3.1168915585083424e-13
inf,2,diagnostic,2,320,189,8888.34333743845,1.38464520817623e-08,1.38464520817623e-08,1.38464520817623e-08,0,0.239352193752437,0.268591735582824,0,0,0,1,0,cond_kinetic: measured=0 threshold=>=0.5; cond_supports: measured=false threshold=true; cond_mac: measured=1.3846452081762319e-08 threshold=>=0.80000000000000004,0,0,0,converged; residual=3.9775466484972291e-13
inf,2,diagnostic,2,320,190,8921.67698186604,7.47100647898618e-27,7.47100647898618e-27,7.47100647898618e-27,0,0.230829975090115,0.275627983050197,0,0,0,1,0,cond_kinetic: measured=0 threshold=>=0.5; cond_supports: measured=false threshold=true; cond_mac: measured=7.4710064789861804e-27 threshold=>=0.80000000000000004,0,0,0,converged; residual=2.9916968625137455e-13
inf,2,diagnostic,2,320,191,8947.53328362943,2.09617745650428e-29,2.09617745650428e-29,2.09617745650428e-29,0,0.274848567863871,0.318114760276145,0,0,0,1,0,cond_kinetic: measured=0 threshold=>=0.5; cond_supports: measured=false threshold=true; cond_mac: measured=2.0961774565042808e-29 threshold=>=0.80000000000000004,0,0,0,converged; residual=2.0718757617366515e-13
inf,2,diagnostic,2,320,192,8997.93789836256,7.6754583834703e-13,7.6754583834703e-13,7.6754583834703e-13,0,0.0891767683043249,0.105235647186703,0,0,0,1,0,cond_kinetic: measured=0 threshold=>=0.5; cond_supports: measured=false threshold=true; cond_mac: measured=7.6754583834703044e-13 threshold=>=0.80000000000000004,0,0,0,converged; residual=2.203874014134822e-13
inf,2,diagnostic,2,320,193,9038.4365522194,3.78887319200561e-28,3.78887319200561e-28,3.78887319200561e-28,0,0.35792854535534,0.456474666193879,0,0,0,1,0,cond_kinetic: measured=0 threshold=>=0.5; cond_supports: measured=false threshold=true; cond_mac: measured=3.7888731920056103e-28 threshold=>=0.80000000000000004,0,0,0,converged; residual=1.5153545595640143e-13
inf,2,diagnostic,2,320,194,9056.97056697753,2.39006011701828e-28,2.39006011701828e-28,2.39006011701828e-28,0,0.291894141677228,0.346088764085798,0,0,0,1,0,cond_kinetic: measured=0 threshold=>=0.5; cond_supports: measured=false threshold=true; cond_mac: measured=2.3900601170182761e-28 threshold=>=0.80000000000000004,0,0,0,converged; residual=1.6313251085530122e-13
inf,2,diagnostic,2,320,195,9080.17962370957,8.09430116947224e-28,8.09430116947224e-28,8.09430116947224e-28,0,0.192176890994286,0.223307828510459,0,0,0,1,0,cond_kinetic: measured=0 threshold=>=0.5; cond_supports: measured=false threshold=true; cond_mac: measured=8.0943011694722407e-28 threshold=>=0.80000000000000004,0,0,0,converged; residual=3.1506310891674053e-13
inf,2,diagnostic,2,320,196,9103.65102692102,8.92264280453263e-27,8.92264280453263e-27,8.92264280453263e-27,0,0.276907723210897,0.314787823138608,0,0,0,1,0,cond_kinetic: measured=0 threshold=>=0.5; cond_supports: measured=false threshold=true; cond_mac: measured=8.922642804532633e-27 threshold=>=0.80000000000000004,0,0,0,converged; residual=2.3732765119648426e-13
inf,2,diagnostic,2,320,197,9106.98487550528,2.08329129917178e-09,2.08329129917178e-09,2.08329129917178e-09,0,0.23767188985743,0.266805990567154,0,0,0,1,0,cond_kinetic: measured=0 threshold=>=0.5; cond_supports: measured=false threshold=true; cond_mac: measured=2.0832912991717798e-09 threshold=>=0.80000000000000004,0,0,0,converged; residual=2.968137436669141e-13
inf,2,diagnostic,2,320,198,9150.67401377753,1.91711695055773e-28,1.91711695055773e-28,1.91711695055773e-28,0,0.257036612380453,0.334401548641468,0,0,0,1,0,cond_kinetic: measured=0 threshold=>=0.5; cond_supports: measured=false threshold=true; cond_mac: measured=1.9171169505577259e-28 threshold=>=0.80000000000000004,0,0,0,converged; residual=2.4975119432375629e-13
inf,2,diagnostic,2,320,199,9195.44732178365,4.65584091137999e-29,4.65584091137999e-29,4.65584091137999e-29,0,0.299339010731857,0.392184119235891,0,0,0,1,0,cond_kinetic: measured=0 threshold=>=0.5; cond_supports: measured=false threshold=true; cond_mac: measured=4.655840911379986e-29 threshold=>=0.80000000000000004,0,0,0,converged; residual=2.4418073183268386e-13
inf,2,diagnostic,2,320,200,9221.73646565303,9.10954887028881e-26,9.10954887028881e-26,9.10954887028881e-26,0,0.220974631423378,0.292165228572008,0,0,0,1,0,cond_kinetic: measured=0 threshold=>=0.5; cond_supports: measured=false threshold=true; cond_mac: measured=9.109548870288814e-26 threshold=>=0.80000000000000004,0,0,0,converged; residual=1.6541005645004067e-13
inf,2,diagnostic,2,320,201,9229.72229593931,1.96053784098756e-08,1.96053784098756e-08,1.96053784098756e-08,0,0.252550530218621,0.303053019600341,0,0,0,1,0,cond_kinetic: measured=0 threshold=>=0.5; cond_supports: measured=false threshold=true; cond_mac: measured=1.9605378409875621e-08 threshold=>=0.80000000000000004,0,0,0,converged; residual=2.6878735298023269e-13
inf,2,diagnostic,2,320,202,9260.0234446434,4.97341143119847e-09,4.97341143119847e-09,4.97341143119847e-09,0,0.19654591312255,0.218382110084935,0,0,0,1,0,cond_kinetic: measured=0 threshold=>=0.5; cond_supports: measured=false threshold=true; cond_mac: measured=4.9734114311984731e-09 threshold=>=0.80000000000000004,0,0,0,converged; residual=1.2181842371481238e-13
inf,2,diagnostic,2,320,203,9287.8864309439,2.48176673886153e-27,2.48176673886153e-27,2.48176673886153e-27,0,0.226007478508782,0.24653328281869,0,0,0,1,0,cond_kinetic: measured=0 threshold=>=0.5; cond_supports: measured=false threshold=true; cond_mac: measured=2.4817667388615316e-27 threshold=>=0.80000000000000004,0,0,0,converged; residual=2.3205434591442525e-13
inf,2,diagnostic,2,320,204,9298.76288402505,3.7222017939972e-27,3.7222017939972e-27,3.7222017939972e-27,0,0.27086943613731,0.295458143364028,0,0,0,1,0,cond_kinetic: measured=0 threshold=>=0.5; cond_supports: measured=false threshold=true; cond_mac: measured=3.7222017939971989e-27 threshold=>=0.80000000000000004,0,0,0,converged; residual=1.8338794530808961e-13
inf,2,diagnostic,2,320,205,9359.57763268047,1.48739382439008e-26,1.48739382439008e-26,1.48739382439008e-26,0,0.316092410733323,0.427178226782993,0,0,0,1,0,cond_kinetic: measured=0 threshold=>=0.5; cond_supports: measured=false threshold=true; cond_mac: measured=1.4873938243900787e-26 threshold=>=0.80000000000000004,0,0,0,converged; residual=1.9864810248260114e-13
inf,2,diagnostic,2,320,206,9359.665579031,9.43365819406629e-29,9.43365819406629e-29,9.43365819406629e-29,0,0.0361853457177325,0.0396030994080336,0,0,0,1,0,cond_kinetic: measured=0 threshold=>=0.5; cond_supports: measured=false threshold=true; cond_mac: measured=9.4336581940662906e-29 threshold=>=0.80000000000000004,0,0,0,converged; residual=1.6744794126826521e-13
inf,2,diagnostic,2,320,207,9388.43061668573,1.43729887280341e-27,1.43729887280341e-27,1.43729887280341e-27,0,0.275118890796794,0.341009841217433,0,0,0,1,0,cond_kinetic: measured=0 threshold=>=0.5; cond_supports: measured=false threshold=true; cond_mac: measured=1.4372988728034095e-27 threshold=>=0.80000000000000004,0,0,0,converged; residual=2.1802325497533808e-13
inf,2,diagnostic,2,320,208,9464.44533251415,4.7167141074253e-09,4.7167141074253e-09,4.7167141074253e-09,0,0.229282692354818,0.245670715780508,0,0,0,1,0,cond_kinetic: measured=0 threshold=>=0.5; cond_supports: measured=false threshold=true; cond_mac: measured=4.7167141074253001e-09 threshold=>=0.80000000000000004,0,0,0,converged; residual=1.4337158113310213e-13
inf,2,diagnostic,2,320,209,9480.03141564656,2.70744338903288e-28,2.70744338903288e-28,2.70744338903288e-28,0,0.280860857275441,0.326754467007501,0,0,0,1,0,cond_kinetic: measured=0 threshold=>=0.5; cond_supports: measured=false threshold=true; cond_mac: measured=2.7074433890328779e-28 threshold=>=0.80000000000000004,0,0,0,converged; residual=1.948912601917952e-13
inf,2,diagnostic,2,320,210,9485.59992715625,2.53729897364729e-27,2.53729897364729e-27,2.53729897364729e-27,0,0.202423895308493,0.219943578437669,0,0,0,1,0,cond_kinetic: measured=0 threshold=>=0.5; cond_supports: measured=false threshold=true; cond_mac: measured=2.5372989736472946e-27 threshold=>=0.80000000000000004,0,0,0,converged; residual=1.5532980419776012e-13
inf,2,diagnostic,2,320,211,9522.10773217945,4.03948588261794e-28,4.03948588261794e-28,4.03948588261794e-28,0,0.142873569026436,0.189622294459076,0,0,0,1,0,cond_kinetic: measured=0 threshold=>=0.5; cond_supports: measured=false threshold=true; cond_mac: measured=4.0394858826179354e-28 threshold=>=0.80000000000000004,0,0,0,converged; residual=3.5021391814474034e-13
inf,2,diagnostic,2,320,212,9523.79813894765,5.08297275982857e-26,5.08297275982857e-26,5.08297275982857e-26,0,0.358714839732391,0.498340096185182,0,0,0,1,0,cond_kinetic: measured=0 threshold=>=0.5; cond_supports: measured=false threshold=true; cond_mac: measured=5.0829727598285712e-26 threshold=>=0.80000000000000004,0,0,0,converged; residual=3.1448374355861965e-13
inf,2,diagnostic,2,320,213,9555.84634601951,5.9890928774339e-08,5.9890928774339e-08,5.9890928774339e-08,0,0.279780234174563,0.331992201732273,0,0,0,1,0,cond_kinetic: measured=0 threshold=>=0.5; cond_supports: measured=false threshold=true; cond_mac: measured=5.9890928774338959e-08 threshold=>=0.80000000000000004,0,0,0,converged; residual=2.70181323034879e-13
inf,2,diagnostic,2,320,214,9629.33361187409,4.02408651513233e-27,4.02408651513233e-27,4.02408651513233e-27,0,0.190155640140762,0.24632058946709,0,0,0,1,0,cond_kinetic: measured=0 threshold=>=0.5; cond_supports: measured=false threshold=true; cond_mac: measured=4.0240865151323271e-27 threshold=>=0.80000000000000004,0,0,0,converged; residual=2.7355562082281348e-13
inf,2,diagnostic,2,320,215,9654.68980429312,4.83105835080148e-09,4.83105835080148e-09,4.83105835080148e-09,0,0.125271595806513,0.133006013152662,0,0,0,1,0,cond_kinetic: measured=0 threshold=>=0.5; cond_supports: measured=false threshold=true; cond_mac: measured=4.8310583508014801e-09 threshold=>=0.80000000000000004,0,0,0,converged; residual=2.4834872989869982e-13
inf,2,diagnostic,2,320,216,9663.32694621008,4.09457931968465e-26,4.09457931968465e-26,4.09457931968465e-26,0,0.274848579480902,0.333376749705008,0,0,0,1,0,cond_kinetic: measured=0 threshold=>=0.5; cond_supports: measured=false threshold=true; cond_mac: measured=4.0945793196846543e-26 threshold=>=0.80000000000000004,0,0,0,converged; residual=1.3500801440506032e-13
inf,2,diagnostic,2,320,217,9667.18943658094,8.90866734380583e-28,8.90866734380583e-28,8.90866734380583e-28,0,0.222877417057987,0.251131033823122,0,0,0,1,0,cond_kinetic: measured=0 threshold=>=0.5; cond_supports: measured=false threshold=true; cond_mac: measured=8.9086673438058272e-28 threshold=>=0.80000000000000004,0,0,0,converged; residual=1.2755058139580245e-13
inf,2,diagnostic,2,320,218,9679.31823593105,4.62320548638654e-27,4.62320548638654e-27,4.62320548638654e-27,0,0.320719258264801,0.421539645071454,0,0,0,1,0,cond_kinetic: measured=0 threshold=>=0.5; cond_supports: measured=false threshold=true; cond_mac: measured=4.6232054863865367e-27 threshold=>=0.80000000000000004,0,0,0,converged; residual=2.6224868591262396e-13
inf,2,diagnostic,2,320,219,9705.37769616141,6.09319510658255e-09,6.09319510658255e-09,6.09319510658255e-09,0,0.158353984599588,0.170601194266834,0,0,0,1,0,cond_kinetic: measured=0 threshold=>=0.5; cond_supports: measured=false threshold=true; cond_mac: measured=6.0931951065825541e-09 threshold=>=0.80000000000000004,0,0,0,converged; residual=1.2674509062179605e-13
inf,2,diagnostic,2,320,220,9736.28141989064,9.34565973187654e-28,9.34565973187654e-28,9.34565973187654e-28,0,0.262404774605411,0.311868259211462,0,0,0,1,0,cond_kinetic: measured=0 threshold=>=0.5; cond_supports: measured=false threshold=true; cond_mac: measured=9.3456597318765355e-28 threshold=>=0.80000000000000004,0,0,0,converged; residual=3.0216452095228905e-13
inf,2,diagnostic,2,320,221,9795.72565175768,3.8853212695047e-27,3.8853212695047e-27,3.8853212695047e-27,0,0.224932592968827,0.265074989432206,0,0,0,1,0,cond_kinetic: measured=0 threshold=>=0.5; cond_supports: measured=false threshold=true; cond_mac: measured=3.8853212695046998e-27 threshold=>=0.80000000000000004,0,0,0,converged; residual=3.0580380068977754e-13
inf,2,diagnostic,2,320,222,9841.08818340406,4.95702980611853e-29,4.95702980611853e-29,4.95702980611853e-29,0,0.24378358795056,0.263104351852597,0,0,0,1,0,cond_kinetic: measured=0 threshold=>=0.5; cond_supports: measured=false threshold=true; cond_mac: measured=4.9570298061185269e-29 threshold=>=0.80000000000000004,0,0,0,converged; residual=3.3555439891452995e-13
inf,2,diagnostic,2,320,223,9849.6307676595,5.60066367068183e-26,5.60066367068183e-26,5.60066367068183e-26,0,0.326016855628539,0.413036843358082,0,0,0,1,0,cond_kinetic: measured=0 threshold=>=0.5; cond_supports: measured=false threshold=true; cond_mac: measured=5.6006636706818336e-26 threshold=>=0.80000000000000004,0,0,0,converged; residual=2.5776424133403235e-12
inf,2,diagnostic,2,320,224,9868.12757187979,3.72757587054991e-29,3.72757587054991e-29,3.72757587054991e-29,0,0.260988101364287,0.341841643160381,0,0,0,1,0,cond_kinetic: measured=0 threshold=>=0.5; cond_supports: measured=false threshold=true; cond_mac: measured=3.7275758705499122e-29 threshold=>=0.80000000000000004,0,0,0,converged; residual=6.3161673811999774e-13
inf,2,diagnostic,2,320,225,9878.73549025273,1.85817408548447e-25,1.85817408548447e-25,1.85817408548447e-25,0,0.254087555109699,0.329575435005051,0,0,0,1,0,cond_kinetic: measured=0 threshold=>=0.5; cond_supports: measured=false threshold=true; cond_mac: measured=1.8581740854844709e-25 threshold=>=0.80000000000000004,0,0,0,converged; residual=2.0239366419528753e-13
inf,2,diagnostic,2,320,226,9889.1984950494,9.88468467041241e-09,9.88468467041241e-09,9.88468467041241e-09,0,0.247957776609738,0.280638217523426,0,0,0,1,0,cond_kinetic: measured=0 threshold=>=0.5; cond_supports: measured=false threshold=true; cond_mac: measured=9.8846846704124105e-09 threshold=>=0.80000000000000004,0,0,0,converged; residual=1.4613634771107758e-13
inf,2,diagnostic,2,320,227,9891.53845066388,2.80880251619684e-25,2.80880251619684e-25,2.80880251619684e-25,0,0.222739484162074,0.257330066617413,0,0,0,1,0,cond_kinetic: measured=0 threshold=>=0.5; cond_supports: measured=false threshold=true; cond_mac: measured=2.8088025161968372e-25 threshold=>=0.80000000000000004,0,0,0,converged; residual=2.8562421508709638e-13
inf,2,diagnostic,2,320,228,9945.42786604599,1.98455837099792e-08,1.98455837099792e-08,1.98455837099792e-08,0,0.25058468321323,0.28518920829422,0,0,0,1,0,cond_kinetic: measured=0 threshold=>=0.5; cond_supports: measured=false threshold=true; cond_mac: measured=1.9845583709979202e-08 threshold=>=0.80000000000000004,0,0,0,converged; residual=2.3941387306716603e-13
inf,2,diagnostic,2,320,229,9949.57454677054,6.62124329702361e-26,6.62124329702361e-26,6.62124329702361e-26,0,0.0964610094960271,0.101356520797081,0,0,0,1,0,cond_kinetic: measured=0 threshold=>=0.5; cond_supports: measured=false threshold=true; cond_mac: measured=6.621243297023614e-26 threshold=>=0.80000000000000004,0,0,0,converged; residual=1.7922050239705676e-13
inf,2,diagnostic,2,320,230,10025.827473865,3.98744191381911e-27,3.98744191381911e-27,3.98744191381911e-27,0,0.372367724240693,0.480860365034308,0,0,0,1,0,cond_kinetic: measured=0 threshold=>=0.5; cond_supports: measured=false threshold=true; cond_mac: measured=3.9874419138191066e-27 threshold=>=0.80000000000000004,0,0,0,converged; residual=2.5118524209767693e-13
inf,2,diagnostic,2,320,231,10033.4897744048,4.83808444063657e-30,4.83808444063657e-30,4.83808444063657e-30,0,0.205618216215262,0.239695057584008,0,0,0,1,0,cond_kinetic: measured=0 threshold=>=0.5; cond_supports: measured=false threshold=true; cond_mac: measured=4.8380844406365658e-30 threshold=>=0.80000000000000004,0,0,0,converged; residual=2.0589645371752118e-13
inf,2,diagnostic,2,320,232,10043.9376475733,1.61462057227407e-09,1.61462057227407e-09,1.61462057227407e-09,0,0.19006661119281,0.215717159030993,0,0,0,1,0,cond_kinetic: measured=0 threshold=>=0.5; cond_supports: measured=false threshold=true; cond_mac: measured=1.6146205722740696e-09 threshold=>=0.80000000000000004,0,0,0,converged; residual=2.4603254261620661e-13
inf,2,diagnostic,2,320,233,10065.6085292964,5.54874027663705e-29,5.54874027663705e-29,5.54874027663705e-29,0,0.244218937614612,0.273774120420915,0,0,0,1,0,cond_kinetic: measured=0 threshold=>=0.5; cond_supports: measured=false threshold=true; cond_mac: measured=5.5487402766370545e-29 threshold=>=0.80000000000000004,0,0,0,converged; residual=3.1346502853954879e-13
inf,2,diagnostic,2,320,234,10101.2221431033,1.91194728252659e-27,1.91194728252659e-27,1.91194728252659e-27,0,0.195178921321827,0.22289172663888,0,0,0,1,0,cond_kinetic: measured=0 threshold=>=0.5; cond_supports: measured=false threshold=true; cond_mac: measured=1.9119472825265912e-27 threshold=>=0.80000000000000004,0,0,0,converged; residual=1.8622177812567287e-13
inf,2,diagnostic,2,320,235,10111.3347726518,9.57138271510602e-32,9.57138271510602e-32,9.57138271510602e-32,0,0.200392272426482,0.231161857253288,0,0,0,1,0,cond_kinetic: measured=0 threshold=>=0.5; cond_supports: measured=false threshold=true; cond_mac: measured=9.5713827151060194e-32 threshold=>=0.80000000000000004,0,0,0,converged; residual=2.3517174768591134e-13
inf,2,diagnostic,2,320,236,10135.4719548031,2.47616331396885e-27,2.47616331396885e-27,2.47616331396885e-27,0,0.250586722024657,0.267798516177406,0,0,0,1,0,cond_kinetic: measured=0 threshold=>=0.5; cond_supports: measured=false threshold=true; cond_mac: measured=2.4761633139688506e-27 threshold=>=0.80000000000000004,0,0,0,converged; residual=1.8898573060348701e-13
inf,2,diagnostic,2,320,237,10162.737541412,1.52920254371011e-28,1.52920254371011e-28,1.52920254371011e-28,0,0.108449474345082,0.128984595423489,0,0,0,1,0,cond_kinetic: measured=0 threshold=>=0.5; cond_supports: measured=false threshold=true; cond_mac: measured=1.5292025437101133e-28 threshold=>=0.80000000000000004,0,0,0,converged; residual=1.8830353651828996e-13
inf,2,diagnostic,2,320,238,10175.0612266232,1.47355908799861e-25,1.47355908799861e-25,1.47355908799861e-25,0,0.387244891746653,0.505884634545668,0,0,0,1,0,cond_kinetic: measured=0 threshold=>=0.5; cond_supports: measured=false threshold=true; cond_mac: measured=1.4735590879986059e-25 threshold=>=0.80000000000000004,0,0,0,converged; residual=1.2661397601055048e-13
inf,2,diagnostic,2,320,239,10188.4710543301,2.40432706007051e-08,2.40432706007051e-08,2.40432706007051e-08,0,0.207895299456076,0.220118759841038,0,0,0,1,0,cond_kinetic: measured=0 threshold=>=0.5; cond_supports: measured=false threshold=true; cond_mac: measured=2.4043270600705098e-08 threshold=>=0.80000000000000004,0,0,0,converged; residual=2.6936234106738816e-13
inf,2,diagnostic,2,320,240,10234.130106768,7.52077063914839e-26,7.52077063914839e-26,7.52077063914839e-26,0,0.146802677735418,0.168023396283465,0,0,0,1,0,cond_kinetic: measured=0 threshold=>=0.5; cond_supports: measured=false threshold=true; cond_mac: measured=7.5207706391483853e-26 threshold=>=0.80000000000000004,0,0,0,converged; residual=3.2620913961425026e-13
inf,2,diagnostic,2,320,241,10244.0098339158,2.20769254923674e-08,2.20769254923674e-08,2.20769254923674e-08,0,0.255952228385405,0.302895469604547,0,0,0,1,0,cond_kinetic: measured=0 threshold=>=0.5; cond_supports: measured=false threshold=true; cond_mac: measured=2.207692549236742e-08 threshold=>=0.80000000000000004,0,0,0,converged; residual=3.3309231287829984e-13
inf,2,diagnostic,2,320,242,10263.9076347174,4.33048472345307e-27,4.33048472345307e-27,4.33048472345307e-27,0,0.250512222518256,0.302093246395324,0,0,0,1,0,cond_kinetic: measured=0 threshold=>=0.5; cond_supports: measured=false threshold=true; cond_mac: measured=4.3304847234530682e-27 threshold=>=0.80000000000000004,0,0,0,converged; residual=2.5344462898809776e-13
inf,2,diagnostic,2,320,243,10316.3332838224,3.80657169243681e-28,3.80657169243681e-28,3.80657169243681e-28,0,0.15188142421886,0.17752355526621,0,0,0,1,0,cond_kinetic: measured=0 threshold=>=0.5; cond_supports: measured=false threshold=true; cond_mac: measured=3.8065716924368056e-28 threshold=>=0.80000000000000004,0,0,0,converged; residual=1.5071644349353729e-13
inf,2,diagnostic,2,320,244,10327.4004827722,2.28205195547448e-09,2.28205195547448e-09,2.28205195547448e-09,0,0.182019670294976,0.193070614638716,0,0,0,1,0,cond_kinetic: measured=0 threshold=>=0.5; cond_supports: measured=false threshold=true; cond_mac: measured=2.2820519554744825e-09 threshold=>=0.80000000000000004,0,0,0,converged; residual=1.7325805701098564e-13
inf,2,diagnostic,2,320,245,10346.4650567821,2.26062318446071e-29,2.26062318446071e-29,2.26062318446071e-29,0,0.310076146798137,0.40838649979974,0,0,0,1,0,cond_kinetic: measured=0 threshold=>=0.5; cond_supports: measured=false threshold=true; cond_mac: measured=2.2606231844607087e-29 threshold=>=0.80000000000000004,0,0,0,converged; residual=1.7298667336477069e-13
inf,2,diagnostic,2,320,246,10367.1816262648,1.69414239261669e-30,1.69414239261669e-30,1.69414239261669e-30,0,0.245569195720972,0.256876900944968,0,0,0,1,0,cond_kinetic: measured=0 threshold=>=0.5; cond_supports: measured=false threshold=true; cond_mac: measured=1.6941423926166899e-30 threshold=>=0.80000000000000004,0,0,0,converged; residual=3.4750530447823231e-13
inf,2,diagnostic,2,320,247,10370.6646406741,7.12506086392263e-28,7.12506086392263e-28,7.12506086392263e-28,0,0.235061766158837,0.276298400548163,0,0,0,1,0,cond_kinetic: measured=0 threshold=>=0.5; cond_supports: measured=false threshold=true; cond_mac: measured=7.1250608639226298e-28 threshold=>=0.80000000000000004,0,0,0,converged; residual=2.4118424743851186e-13
inf,2,diagnostic,2,320,248,10433.0208630768,9.41500898588256e-28,9.41500898588256e-28,9.41500898588256e-28,0,0.268953632545987,0.292683856710104,0,0,0,1,0,cond_kinetic: measured=0 threshold=>=0.5; cond_supports: measured=false threshold=true; cond_mac: measured=9.4150089858825631e-28 threshold=>=0.80000000000000004,0,0,0,converged; residual=3.070105860054102e-13
inf,2,diagnostic,2,320,249,10482.353173621,7.8409122102745e-29,7.8409122102745e-29,7.8409122102745e-29,0,0.157683779378154,0.19775865491814,0,0,0,1,0,cond_kinetic: measured=0 threshold=>=0.5; cond_supports: measured=false threshold=true; cond_mac: measured=7.8409122102745049e-29 threshold=>=0.80000000000000004,0,0,0,converged; residual=1.2336111113804821e-13
inf,2,diagnostic,2,320,250,10483.9542635164,1.64036541474072e-27,1.64036541474072e-27,1.64036541474072e-27,0,0.323044874633136,0.375269618961528,0,0,0,1,0,cond_kinetic: measured=0 threshold=>=0.5; cond_supports: measured=false threshold=true; cond_mac: measured=1.6403654147407179e-27 threshold=>=0.80000000000000004,0,0,0,converged; residual=2.6137149190134905e-13
inf,2,diagnostic,2,320,251,10497.9195422864,7.20282260287889e-26,7.20282260287889e-26,7.20282260287889e-26,0,0.278329793766506,0.320810696474243,0,0,0,1,0,cond_kinetic: measured=0 threshold=>=0.5; cond_supports: measured=false threshold=true; cond_mac: measured=7.202822602878894e-26 threshold=>=0.80000000000000004,0,0,0,converged; residual=2.0386139438621521e-13
inf,2,diagnostic,2,320,252,10500.517457443,3.29251068180319e-09,3.29251068180319e-09,3.29251068180319e-09,0,0.254923662027382,0.295784819876266,0,0,0,1,0,cond_kinetic: measured=0 threshold=>=0.5; cond_supports: measured=false threshold=true; cond_mac: measured=3.2925106818031879e-09 threshold=>=0.80000000000000004,0,0,0,converged; residual=2.8930863487545217e-13
inf,2,diagnostic,2,320,253,10521.7596779236,9.92100397219587e-28,9.92100397219587e-28,9.92100397219587e-28,0,0.271544003803178,0.343450595059098,0,0,0,1,0,cond_kinetic: measured=0 threshold=>=0.5; cond_supports: measured=false threshold=true; cond_mac: measured=9.9210039721958714e-28 threshold=>=0.80000000000000004,0,0,0,converged; residual=1.6529712183940545e-13
inf,2,diagnostic,2,320,254,10552.1953458072,8.15828663728672e-10,8.15828663728672e-10,8.15828663728672e-10,0,0.253231927349053,0.254936001610291,0,0,0,1,0,cond_kinetic: measured=0 threshold=>=0.5; cond_supports: measured=false threshold=true; cond_mac: measured=8.158286637286718e-10 threshold=>=0.80000000000000004,0,0,0,converged; residual=2.740867170643686e-13
inf,2,diagnostic,2,320,255,10553.9041206737,3.61991798304687e-27,3.61991798304687e-27,3.61991798304687e-27,0,0.226203440424033,0.261842159471149,0,0,0,1,0,cond_kinetic: measured=0 threshold=>=0.5; cond_supports: measured=false threshold=true; cond_mac: measured=3.6199179830468718e-27 threshold=>=0.80000000000000004,0,0,0,converged; residual=2.1443030027874974e-13
inf,2,diagnostic,2,320,256,10605.7544644644,3.50491893638507e-28,3.50491893638507e-28,3.50491893638507e-28,0,0.342345670206918,0.390514173083383,0,0,0,1,0,cond_kinetic: measured=0 threshold=>=0.5; cond_supports: measured=false threshold=true; cond_mac: measured=3.5049189363850746e-28 threshold=>=0.80000000000000004,0,0,0,converged; residual=2.1822627986330167e-13
inf,2,diagnostic,2,320,257,10662.7062561583,2.39437194339694e-29,2.39437194339694e-29,2.39437194339694e-29,0,0.261937164205396,0.290201184775829,0,0,0,1,0,cond_kinetic: measured=0 threshold=>=0.5; cond_supports: measured=false threshold=true; cond_mac: measured=2.3943719433969385e-29 threshold=>=0.80000000000000004,0,0,0,converged; residual=1.8105798537722005e-13
inf,2,diagnostic,2,320,258,10672.5337406397,6.83770015775834e-09,6.83770015775834e-09,6.83770015775834e-09,0,0.150598730151235,0.153140097647389,0,0,0,1,0,cond_kinetic: measured=0 threshold=>=0.5; cond_supports: measured=false threshold=true; cond_mac: measured=6.8377001577583438e-09 threshold=>=0.80000000000000004,0,0,0,converged; residual=2.0961106652543538e-13
inf,2,diagnostic,2,320,259,10679.2237079388,5.96810759354675e-28,5.96810759354675e-28,5.96810759354675e-28,0,0.287764646107775,0.362534387911628,0,0,0,1,0,cond_kinetic: measured=0 threshold=>=0.5; cond_supports: measured=false threshold=true; cond_mac: measured=5.9681075935467466e-28 threshold=>=0.80000000000000004,0,0,0,converged; residual=2.2099365026465525e-13
inf,2,diagnostic,2,320,260,10739.4904262942,4.02381586302815e-12,4.02381586302815e-12,4.02381586302815e-12,0,0.279383618533665,0.313779636262273,0,0,0,1,0,cond_kinetic: measured=0 threshold=>=0.5; cond_supports: measured=false threshold=true; cond_mac: measured=4.0238158630281465e-12 threshold=>=0.80000000000000004,0,0,0,converged; residual=2.46984106231901e-13
inf,2,diagnostic,2,320,261,10748.1413893458,1.04455530772886e-27,1.04455530772886e-27,1.04455530772886e-27,0,0.331744723716568,0.37988426856718,0,0,0,1,0,cond_kinetic: measured=0 threshold=>=0.5; cond_supports: measured=false threshold=true; cond_mac: measured=1.0445553077288577e-27 threshold=>=0.80000000000000004,0,0,0,converged; residual=1.0166412471434549e-13
inf,2,diagnostic,2,320,262,10754.8370040763,1.63142542617062e-29,1.63142542617062e-29,1.63142542617062e-29,0,0.234736095398219,0.242237992935873,0,0,0,1,0,cond_kinetic: measured=0 threshold=>=0.5; cond_supports: measured=false threshold=true; cond_mac: measured=1.631425426170615e-29 threshold=>=0.80000000000000004,0,0,0,converged; residual=1.5769190548926876e-13
inf,2,diagnostic,2,320,263,10771.4543402134,1.98563936566766e-28,1.98563936566766e-28,1.98563936566766e-28,0,0.151916767780799,0.190800541653799,0,0,0,1,0,cond_kinetic: measured=0 threshold=>=0.5; cond_supports: measured=false threshold=true; cond_mac: measured=1.9856393656676582e-28 threshold=>=0.80000000000000004,0,0,0,converged; residual=1.7300081447270066e-13
inf,2,diagnostic,2,320,264,10772.9528056295,1.73295377255079e-28,1.73295377255079e-28,1.73295377255079e-28,0,0.555238745228114,0.80996644588967,0,0,0,0,0,cond_kinetic: measured=0 threshold=>=0.5; cond_supports: measured=false threshold=true; cond_strain: measured=0.55523874522811389 threshold=<=0.5; cond_mac: measured=1.7329537725507932e-28 threshold=>=0.80000000000000004,0,0,0,converged; residual=2.2554494455721604e-13
inf,2,diagnostic,2,320,265,10817.2134681565,2.66752121175144e-25,2.66752121175144e-25,2.66752121175144e-25,0,0.255074707163801,0.212212899649586,0,0,0,1,0,cond_kinetic: measured=0 threshold=>=0.5; cond_supports: measured=false threshold=true; cond_mac: measured=2.6675212117514435e-25 threshold=>=0.80000000000000004,0,0,0,converged; residual=2.8342547257133466e-13
inf,2,diagnostic,2,320,266,10820.5644683588,6.3188179245417e-09,6.3188179245417e-09,6.3188179245417e-09,0,0.258077657276796,0.271442725476065,0,0,0,1,0,cond_kinetic: measured=0 threshold=>=0.5; cond_supports: measured=false threshold=true; cond_mac: measured=6.3188179245416994e-09 threshold=>=0.80000000000000004,0,0,0,converged; residual=3.0409370868541232e-13
inf,2,diagnostic,2,320,267,10826.572499389,1.96165896993258e-25,1.96165896993258e-25,1.96165896993258e-25,0,0.358813093420939,0.462751541366131,0,0,0,1,0,cond_kinetic: measured=0 threshold=>=0.5; cond_supports: measured=false threshold=true; cond_mac: measured=1.9616589699325811e-25 threshold=>=0.80000000000000004,0,0,0,converged; residual=1.2200129453333055e-13
inf,2,diagnostic,2,320,268,10849.9152831275,2.89902036011264e-27,2.89902036011264e-27,2.89902036011264e-27,0,0.427352169484692,0.599532410481671,0,0,0,1,0,cond_kinetic: measured=0 threshold=>=0.5; cond_supports: measured=false threshold=true; cond_mac: measured=2.899020360112637e-27 threshold=>=0.80000000000000004,0,0,0,converged; residual=3.4819721372698731e-13
inf,2,diagnostic,2,320,269,10896.3231891976,9.77283869713114e-29,9.77283869713114e-29,9.77283869713114e-29,0,0.32931311126345,0.369709491891638,0,0,0,1,0,cond_kinetic: measured=0 threshold=>=0.5; cond_supports: measured=false threshold=true; cond_mac: measured=9.7728386971311415e-29 threshold=>=0.80000000000000004,0,0,0,converged; residual=2.3030968713700612e-13
inf,2,diagnostic,2,320,270,10906.4231916821,2.95762110888523e-29,2.95762110888523e-29,2.95762110888523e-29,0,0.254340002762192,0.287404024787811,0,0,0,1,0,cond_kinetic: measured=0 threshold=>=0.5; cond_supports: measured=false threshold=true; cond_mac: measured=2.9576211088852312e-29 threshold=>=0.80000000000000004,0,0,0,converged; residual=2.3211823598584308e-13
inf,2,diagnostic,2,320,271,10960.5284358669,2.47461613361154e-14,2.47461613361154e-14,2.47461613361154e-14,0,0.209398906692641,0.229345409364636,0,0,0,1,0,cond_kinetic: measured=0 threshold=>=0.5; cond_supports: measured=false threshold=true; cond_mac: measured=2.4746161336115414e-14 threshold=>=0.80000000000000004,0,0,0,converged; residual=1.9855488075068703e-13
inf,2,diagnostic,2,320,272,10971.3580313514,9.08948076050867e-29,9.08948076050867e-29,9.08948076050867e-29,0,0.279115822118343,0.313373971462078,0,0,0,1,0,cond_kinetic: measured=0 threshold=>=0.5; cond_supports: measured=false threshold=true; cond_mac: measured=9.0894807605086667e-29 threshold=>=0.80000000000000004,0,0,0,converged; residual=1.9138274965303818e-13
inf,2,diagnostic,2,320,273,10988.1825112729,3.52004922191304e-28,3.52004922191304e-28,3.52004922191304e-28,0,0.3036216745214,0.369168695832683,0,0,0,1,0,cond_kinetic: measured=0 threshold=>=0.5; cond_supports: measured=false threshold=true; cond_mac: measured=3.5200492219130403e-28 threshold=>=0.80000000000000004,0,0,0,converged; residual=1.0895027940205612e-13
inf,2,diagnostic,2,320,274,10988.3538440024,1.33266205687565e-30,1.33266205687565e-30,1.33266205687565e-30,0,0.216713403870662,0.233955819084819,0,0,0,1,0,cond_kinetic: measured=0 threshold=>=0.5; cond_supports: measured=false threshold=true; cond_mac: measured=1.3326620568756536e-30 threshold=>=0.80000000000000004,0,0,0,converged; residual=1.7835142793564954e-13
inf,2,diagnostic,2,320,275,11010.0824199236,3.12130720050074e-29,3.12130720050074e-29,3.12130720050074e-29,0,0.264251994170295,0.314629589982131,0,0,0,1,0,cond_kinetic: measured=0 threshold=>=0.5; cond_supports: measured=false threshold=true; cond_mac: measured=3.1213072005007388e-29 threshold=>=0.80000000000000004,0,0,0,converged; residual=1.4645966074126869e-13
inf,2,diagnostic,2,320,276,11014.8470732337,2.02948845547035e-27,2.02948845547035e-27,2.02948845547035e-27,0,0.351418129106968,0.470677695835024,0,0,0,1,0,cond_kinetic: measured=0 threshold=>=0.5; cond_supports: measured=false threshold=true; cond_mac: measured=2.0294884554703452e-27 threshold=>=0.80000000000000004,0,0,0,converged; residual=2.4862883530515567e-13
inf,2,diagnostic,2,320,277,11074.4565599185,3.39234486069149e-09,3.39234486069149e-09,3.39234486069149e-09,0,0.338583681271938,0.402060620885952,0,0,0,1,0,cond_kinetic: measured=0 threshold=>=0.5; cond_supports: measured=false threshold=true; cond_mac: measured=3.392344860691492e-09 threshold=>=0.80000000000000004,0,0,0,converged; residual=1.600556049281296e-13
inf,2,diagnostic,2,320,278,11081.7465012112,8.393670172197e-27,8.393670172197e-27,8.393670172197e-27,0,0.300625640813314,0.375636864695023,0,0,0,1,0,cond_kinetic: measured=0 threshold=>=0.5; cond_supports: measured=false threshold=true; cond_mac: measured=8.393670172197002e-27 threshold=>=0.80000000000000004,0,0,0,converged; residual=1.7971882321459067e-13
inf,2,diagnostic,2,320,279,11118.2907478253,2.7175077419587e-27,2.7175077419587e-27,2.7175077419587e-27,0,0.295819582419387,0.374232897213816,0,0,0,1,0,cond_kinetic: measured=0 threshold=>=0.5; cond_supports: measured=false threshold=true; cond_mac: measured=2.717507741958697e-27 threshold=>=0.80000000000000004,0,0,0,converged; residual=1.7679010422693688e-13
inf,2,diagnostic,2,320,280,11129.5911626781,6.80598346694103e-09,6.80598346694103e-09,6.80598346694103e-09,0,0.285215730842985,0.305251437162832,0,0,0,1,0,cond_kinetic: measured=0 threshold=>=0.5; cond_supports: measured=false threshold=true; cond_mac: measured=6.805983466941034e-09 threshold=>=0.80000000000000004,0,0,0,converged; residual=1.9863702591828372e-13
inf,2,diagnostic,2,320,281,11135.5678675864,4.14083789628324e-26,4.14083789628324e-26,4.14083789628324e-26,0,0.177867204859577,0.206977452996585,0,0,0,1,0,cond_kinetic: measured=0 threshold=>=0.5; cond_supports: measured=false threshold=true; cond_mac: measured=4.1408378962832373e-26 threshold=>=0.80000000000000004,0,0,0,converged; residual=1.2584094379857928e-13
inf,2,diagnostic,2,320,282,11170.46481448,1.05241099586318e-27,1.05241099586318e-27,1.05241099586318e-27,0,0.22964166449085,0.288088553403447,0,0,0,1,0,cond_kinetic: measured=0 threshold=>=0.5; cond_supports: measured=false threshold=true; cond_mac: measured=1.0524109958631808e-27 threshold=>=0.80000000000000004,0,0,0,converged; residual=2.3202603481535943e-13
inf,2,diagnostic,2,320,283,11192.1269399968,8.22824353546326e-27,8.22824353546326e-27,8.22824353546326e-27,0,0.271483506050133,0.342332847606904,0,0,0,1,0,cond_kinetic: measured=0 threshold=>=0.5; cond_supports: measured=false threshold=true; cond_mac: measured=8.2282435354632647e-27 threshold=>=0.80000000000000004,0,0,0,converged; residual=2.3041248093039874e-13
inf,2,diagnostic,2,320,284,11192.1482513529,6.49624861183167e-28,6.49624861183167e-28,6.49624861183167e-28,0,0.152428364327978,0.172588907176734,0,0,0,1,0,cond_kinetic: measured=0 threshold=>=0.5; cond_supports: measured=false threshold=true; cond_mac: measured=6.4962486118316673e-28 threshold=>=0.80000000000000004,0,0,0,converged; residual=2.1815408534715375e-13
inf,2,diagnostic,2,320,285,11207.1011844006,1.42794886575468e-28,1.42794886575468e-28,1.42794886575468e-28,0,0.170450336648125,0.205291608950016,0,0,0,1,0,cond_kinetic: measured=0 threshold=>=0.5; cond_supports: measured=false threshold=true; cond_mac: measured=1.4279488657546755e-28 threshold=>=0.80000000000000004,0,0,0,converged; residual=2.2857398710863506e-13
inf,2,diagnostic,2,320,286,11214.0418550287,1.83618819346211e-12,1.83618819346211e-12,1.83618819346211e-12,0,0.224180959789044,0.254732737971805,0,0,0,1,0,cond_kinetic: measured=0 threshold=>=0.5; cond_supports: measured=false threshold=true; cond_mac: measured=1.8361881934621097e-12 threshold=>=0.80000000000000004,0,0,0,converged; residual=9.7089759899477473e-14
inf,2,diagnostic,2,320,287,11242.823885022,6.73508287688994e-29,6.73508287688994e-29,6.73508287688994e-29,0,0.339916630721002,0.403944856015893,0,0,0,1,0,cond_kinetic: measured=0 threshold=>=0.5; cond_supports: measured=false threshold=true; cond_mac: measured=6.7350828768899447e-29 threshold=>=0.80000000000000004,0,0,0,converged; residual=3.1150917474612768e-13
inf,2,diagnostic,2,320,288,11249.8712398775,7.78518801997624e-28,7.78518801997624e-28,7.78518801997624e-28,0,0.262176933124441,0.350021753204801,0,0,0,1,0,cond_kinetic: measured=0 threshold=>=0.5; cond_supports: measured=false threshold=true; cond_mac: measured=7.7851880199762381e-28 threshold=>=0.80000000000000004,0,0,0,converged; residual=1.736358499938162e-13
inf,2,diagnostic,2,320,289,11262.2177509097,1.79126682530459e-28,1.79126682530459e-28,1.79126682530459e-28,0,0.354778046131897,0.436450086538028,0,0,0,1,0,cond_kinetic: measured=0 threshold=>=0.5; cond_supports: measured=false threshold=true; cond_mac: measured=1.791266825304587e-28 threshold=>=0.80000000000000004,0,0,0,converged; residual=2.3520504252245719e-13
inf,2,diagnostic,2,320,290,11291.193394959,9.59654667522187e-28,9.59654667522187e-28,9.59654667522187e-28,0,0.304486249849949,0.337355062909593,0,0,0,1,0,cond_kinetic: measured=0 threshold=>=0.5; cond_supports: measured=false threshold=true; cond_mac: measured=9.5965466752218694e-28 threshold=>=0.80000000000000004,0,0,0,converged; residual=2.4274999413307666e-13
inf,2,diagnostic,2,320,291,11298.7956529753,4.35876494328905e-29,4.35876494328905e-29,4.35876494328905e-29,0,0.292699419588242,0.349058748725836,0,0,0,1,0,cond_kinetic: measured=0 threshold=>=0.5; cond_supports: measured=false threshold=true; cond_mac: measured=4.3587649432890512e-29 threshold=>=0.80000000000000004,0,0,0,converged; residual=1.2695773246474835e-13
inf,2,diagnostic,2,320,292,11342.5941584627,7.39940953788666e-27,7.39940953788666e-27,7.39940953788666e-27,0,0.336262940959839,0.40252082558905,0,0,0,1,0,cond_kinetic: measured=0 threshold=>=0.5; cond_supports: measured=false threshold=true; cond_mac: measured=7.3994095378866608e-27 threshold=>=0.80000000000000004,0,0,0,converged; residual=2.8750014201647851e-13
inf,2,diagnostic,2,320,293,11357.7012913012,1.56749159014559e-08,1.56749159014559e-08,1.56749159014559e-08,0,0.322856718024461,0.37458650483257,0,0,0,1,0,cond_kinetic: measured=0 threshold=>=0.5; cond_supports: measured=false threshold=true; cond_mac: measured=1.5674915901455855e-08 threshold=>=0.80000000000000004,0,0,0,converged; residual=2.400878568022187e-13
inf,2,diagnostic,2,320,294,11405.3357988754,2.51548674591159e-27,2.51548674591159e-27,2.51548674591159e-27,0,0.239507233014169,0.269110254251222,0,0,0,1,0,cond_kinetic: measured=0 threshold=>=0.5; cond_supports: measured=false threshold=true; cond_mac: measured=2.5154867459115932e-27 threshold=>=0.80000000000000004,0,0,0,converged; residual=1.5462571868653211e-13
inf,2,diagnostic,2,320,295,11414.5130694109,1.76792822063511e-09,1.76792822063511e-09,1.76792822063511e-09,0,0.233359787934984,0.243728451630798,0,0,0,1,0,cond_kinetic: measured=0 threshold=>=0.5; cond_supports: measured=false threshold=true; cond_mac: measured=1.7679282206351122e-09 threshold=>=0.80000000000000004,0,0,0,converged; residual=1.4954616763576435e-13
inf,2,diagnostic,2,320,296,11443.547385442,4.30234517941848e-28,4.30234517941848e-28,4.30234517941848e-28,0,0.319426919303902,0.404335630198502,0,0,0,1,0,cond_kinetic: measured=0 threshold=>=0.5; cond_supports: measured=false threshold=true; cond_mac: measured=4.3023451794184836e-28 threshold=>=0.80000000000000004,0,0,0,converged; residual=1.7387934940836448e-13
inf,2,diagnostic,2,320,297,11447.4532338153,3.54389750773637e-27,3.54389750773637e-27,3.54389750773637e-27,0,0.28264214431536,0.321493041189834,0,0,0,1,0,cond_kinetic: measured=0 threshold=>=0.5; cond_supports: measured=false threshold=true; cond_mac: measured=3.5438975077363693e-27 threshold=>=0.80000000000000004,0,0,0,converged; residual=1.0325609609736466e-13
inf,2,diagnostic,2,320,298,11467.5066222487,2.07691005813088e-10,2.07691005813088e-10,2.07691005813088e-10,0,0.257956022093508,0.283483240366804,0,0,0,1,0,cond_kinetic: measured=0 threshold=>=0.5; cond_supports: measured=false threshold=true; cond_mac: measured=2.0769100581308834e-10 threshold=>=0.80000000000000004,0,0,0,converged; residual=1.0784601598193045e-13
inf,2,diagnostic,2,320,299,11478.2073055714,2.09838183865156e-28,2.09838183865156e-28,2.09838183865156e-28,0,0.26723801916606,0.310908050592475,0,0,0,1,0,cond_kinetic: measured=0 threshold=>=0.5; cond_supports: measured=false threshold=true; cond_mac: measured=2.0983818386515615e-28 threshold=>=0.80000000000000004,0,0,0,converged; residual=1.4378875245792778e-13
inf,2,diagnostic,2,320,300,11524.7399567195,1.01473923092926e-27,1.01473923092926e-27,1.01473923092926e-27,0,0.250198330600989,0.302515201786478,0,0,0,1,0,cond_kinetic: measured=0 threshold=>=0.5; cond_supports: measured=false threshold=true; cond_mac: measured=1.0147392309292584e-27 threshold=>=0.80000000000000004,0,0,0,converged; residual=1.3974672788836737e-13
inf,2,diagnostic,2,320,301,11532.3635271491,3.0791868338685e-28,3.0791868338685e-28,3.0791868338685e-28,0,0.308470392377706,0.340083501389362,0,0,0,1,0,cond_kinetic: measured=0 threshold=>=0.5; cond_supports: measured=false threshold=true; cond_mac: measured=3.0791868338685044e-28 threshold=>=0.80000000000000004,0,0,0,converged; residual=2.2879537918076348e-13
inf,2,diagnostic,2,320,302,11564.2337909249,2.28026518943632e-28,2.28026518943632e-28,2.28026518943632e-28,0,0.255501392300288,0.304618262256254,0,0,0,1,0,cond_kinetic: measured=0 threshold=>=0.5; cond_supports: measured=false threshold=true; cond_mac: measured=2.2802651894363207e-28 threshold=>=0.80000000000000004,0,0,0,converged; residual=1.3069019622734162e-13
inf,2,diagnostic,2,320,303,11573.3721014506,1.95406586464714e-10,1.95406586464714e-10,1.95406586464714e-10,0,0.250338108374259,0.288450841582634,0,0,0,1,0,cond_kinetic: measured=0 threshold=>=0.5; cond_supports: measured=false threshold=true; cond_mac: measured=1.954065864647145e-10 threshold=>=0.80000000000000004,0,0,0,converged; residual=2.2261913188673017e-13
inf,2,diagnostic,2,320,304,11624.1554220306,4.14387468109071e-28,4.14387468109071e-28,4.14387468109071e-28,0,0.290793719154804,0.340305037874042,0,0,0,1,0,cond_kinetic: measured=0 threshold=>=0.5; cond_supports: measured=false threshold=true; cond_mac: measured=4.1438746810907105e-28 threshold=>=0.80000000000000004,0,0,0,converged; residual=3.8302502276868413e-13
inf,2,diagnostic,2,320,305,11628.0014135604,5.91025255612641e-27,5.91025255612641e-27,5.91025255612641e-27,0,0.228514327839277,0.279571502187808,0,0,0,1,0,cond_kinetic: measured=0 threshold=>=0.5; cond_supports: measured=false threshold=true; cond_mac: measured=5.9102525561264055e-27 threshold=>=0.80000000000000004,0,0,0,converged; residual=2.3345416926927062e-13
inf,2,diagnostic,2,320,306,11630.7164778186,4.52010071315579e-27,4.52010071315579e-27,4.52010071315579e-27,0,0.276113200166614,0.33880376302889,0,0,0,1,0,cond_kinetic: measured=0 threshold=>=0.5; cond_supports: measured=false threshold=true; cond_mac: measured=4.5201007131557898e-27 threshold=>=0.80000000000000004,0,0,0,converged; residual=2.2414412048824667e-13
inf,2,diagnostic,2,320,307,11656.5700102365,1.82293659951853e-27,1.82293659951853e-27,1.82293659951853e-27,0,0.288690940025336,0.311184095368272,0,0,0,1,0,cond_kinetic: measured=0 threshold=>=0.5; cond_supports: measured=false threshold=true; cond_mac: measured=1.8229365995185307e-27 threshold=>=0.80000000000000004,0,0,0,converged; residual=2.2967265378913903e-13
inf,2,diagnostic,2,320,308,11657.8142305381,2.97821843549935e-09,2.97821843549935e-09,2.97821843549935e-09,0,0.281717908052538,0.310833217868436,0,0,0,1,0,cond_kinetic: measured=0 threshold=>=0.5; cond_supports: measured=false threshold=true; cond_mac: measured=2.9782184354993539e-09 threshold=>=0.80000000000000004,0,0,0,converged; residual=1.8506540653413885e-13
inf,2,diagnostic,2,320,309,11702.4366964378,2.8603786262102e-28,2.8603786262102e-28,2.8603786262102e-28,0,0.155319072071746,0.154081296093743,0,0,0,1,0,cond_kinetic: measured=0 threshold=>=0.5; cond_supports: measured=false threshold=true; cond_mac: measured=2.8603786262101952e-28 threshold=>=0.80000000000000004,0,0,0,converged; residual=2.2670353638559478e-13
inf,2,diagnostic,2,320,310,11714.3257752024,8.4129133154308e-28,8.4129133154308e-28,8.4129133154308e-28,0,0.274394278247611,0.338473646773913,0,0,0,1,0,cond_kinetic: measured=0 threshold=>=0.5; cond_supports: measured=false threshold=true; cond_mac: measured=8.4129133154308e-28 threshold=>=0.80000000000000004,0,0,0,converged; residual=1.8907856832958823e-13
inf,2,diagnostic,2,320,311,11754.8534946677,5.59172129955429e-26,5.59172129955429e-26,5.59172129955429e-26,0,0.236113048587529,0.291702656920103,0,0,0,1,0,cond_kinetic: measured=0 threshold=>=0.5; cond_supports: measured=false threshold=true; cond_mac: measured=5.59172129955429e-26 threshold=>=0.80000000000000004,0,0,0,converged; residual=2.2663299906377087e-13
inf,2,diagnostic,2,320,312,11762.6242111697,4.55673567438968e-09,4.55673567438968e-09,4.55673567438968e-09,0,0.198058511944791,0.214814994043506,0,0,0,1,0,cond_kinetic: measured=0 threshold=>=0.5; cond_supports: measured=false threshold=true; cond_mac: measured=4.5567356743896842e-09 threshold=>=0.80000000000000004,0,0,0,converged; residual=1.555907290932592e-13
inf,2,diagnostic,2,320,313,11773.7549774773,7.53705377638612e-26,7.53705377638612e-26,7.53705377638612e-26,0,0.304311522350233,0.350439747461294,0,0,0,1,0,cond_kinetic: measured=0 threshold=>=0.5; cond_supports: measured=false threshold=true; cond_mac: measured=7.5370537763861195e-26 threshold=>=0.80000000000000004,0,0,0,converged; residual=1.87552934006902e-13
inf,2,diagnostic,2,320,314,11792.1161707938,2.0077956033936e-28,2.0077956033936e-28,2.0077956033936e-28,0,0.28592567744776,0.328239119913174,0,0,0,1,0,cond_kinetic: measured=0 threshold=>=0.5; cond_supports: measured=false threshold=true; cond_mac: measured=2.007795603393595e-28 threshold=>=0.80000000000000004,0,0,0,converged; residual=2.4620040431105717e-13
inf,2,diagnostic,2,320,315,11833.5864306238,2.24580706977235e-28,2.24580706977235e-28,2.24580706977235e-28,0,0.280013464228292,0.304878012822169,0,0,0,1,0,cond_kinetic: measured=0 threshold=>=0.5; cond_supports: measured=false threshold=true; cond_mac: measured=2.2458070697723454e-28 threshold=>=0.80000000000000004,0,0,0,converged; residual=2.4939837910992048e-13
inf,2,diagnostic,2,320,316,11850.9993494399,4.49773874730051e-28,4.49773874730051e-28,4.49773874730051e-28,0,0.21788725102726,0.267921479492264,0,0,0,1,0,cond_kinetic: measured=0 threshold=>=0.5; cond_supports: measured=false threshold=true; cond_mac: measured=4.4977387473005052e-28 threshold=>=0.80000000000000004,0,0,0,converged; residual=1.7877292700301205e-13
inf,2,diagnostic,2,320,317,11870.415727735,1.64202657702219e-27,1.64202657702219e-27,1.64202657702219e-27,0,0.211697779363787,0.251531498130209,0,0,0,1,0,cond_kinetic: measured=0 threshold=>=0.5; cond_supports: measured=false threshold=true; cond_mac: measured=1.6420265770221947e-27 threshold=>=0.80000000000000004,0,0,0,converged; residual=1.8305081511124466e-13
inf,2,diagnostic,2,320,318,11881.0836193768,1.13878815826541e-09,1.13878815826541e-09,1.13878815826541e-09,0,0.260595106641267,0.270505718477303,0,0,0,1,0,cond_kinetic: measured=0 threshold=>=0.5; cond_supports: measured=false threshold=true; cond_mac: measured=1.1387881582654077e-09 threshold=>=0.80000000000000004,0,0,0,converged; residual=1.9507521407196267e-13
inf,2,diagnostic,2,320,319,11918.6357926606,4.20077793961429e-09,4.20077793961429e-09,4.20077793961429e-09,0,0.188047592417882,0.196113992889292,0,0,0,1,0,cond_kinetic: measured=0 threshold=>=0.5; cond_supports: measured=false threshold=true; cond_mac: measured=4.2007779396142877e-09 threshold=>=0.80000000000000004,0,0,0,converged; residual=2.9017589694158727e-13
inf,2,diagnostic,2,320,320,11929.5039689867,3.82594192277258e-26,3.82594192277258e-26,3.82594192277258e-26,0,0.293942176992632,0.331013586430863,0,0,0,1,0,cond_kinetic: measured=0 threshold=>=0.5; cond_supports: measured=false threshold=true; cond_mac: measured=3.8259419227725752e-26 threshold=>=0.80000000000000004,0,0,0,converged; residual=1.293626347854445e-13
inf,3,diagnostic,3,320,1,128.221557730233,0.998386180464707,0.998386180464707,0.998386180464707,0,0.000573423589086139,0.00829036226839475,0,0,0,1,1,cond_kinetic: measured=0 threshold=>=0.5; cond_supports: measured=false threshold=true,0,0,0,converged; residual=3.5888670148202385e-10
inf,3,diagnostic,3,320,2,198.996037987915,1.45856274521192e-23,1.45856274521192e-23,1.45856274521192e-23,0,0.045742966126992,0.00311604004971665,0,0,0,1,0,cond_kinetic: measured=0 threshold=>=0.5; cond_supports: measured=false threshold=true; cond_mac: measured=1.4585627452119237e-23 threshold=>=0.80000000000000004,0,0,0,converged; residual=1.5171561530499548e-10
inf,3,diagnostic,3,320,3,238.976107710878,2.42841932499969e-16,2.42841932499969e-16,2.42841932499969e-16,0,0.999994481300596,0.999999886815932,0,0,0,0,0,cond_kinetic: measured=0 threshold=>=0.5; cond_supports: measured=false threshold=true; cond_strain: measured=0.99999448130059576 threshold=<=0.5; cond_mac: measured=2.428419324999693e-16 threshold=>=0.80000000000000004,0,0,0,converged; residual=4.1440777262611622e-10
inf,3,diagnostic,3,320,4,238.976134666738,5.5967875283979e-14,5.5967875283979e-14,5.5967875283979e-14,0,0.999994816309279,0.999999994988224,0,0,0,0,0,cond_kinetic: measured=0 threshold=>=0.5; cond_supports: measured=false threshold=true; cond_strain: measured=0.99999481630927911 threshold=<=0.5; cond_mac: measured=5.5967875283979038e-14 threshold=>=0.80000000000000004,0,0,0,converged; residual=3.2560598400825018e-10
inf,3,diagnostic,3,320,5,238.976135992929,3.23165212871264e-09,3.23165212871264e-09,3.23165212871264e-09,0,0.999994744121478,0.99999991187191,0,0,0,0,0,cond_kinetic: measured=0 threshold=>=0.5; cond_supports: measured=false threshold=true; cond_strain: measured=0.99999474412147826 threshold=<=0.5; cond_mac: measured=3.2316521287126388e-09 threshold=>=0.80000000000000004,0,0,0,converged; residual=3.4775172957337588e-10
inf,3,diagnostic,3,320,6,238.97615882867,1.84171802193414e-17,1.84171802193414e-17,1.84171802193414e-17,0,0.999994267214663,0.999999219978535,0,0,0,0,0,cond_kinetic: measured=0 threshold=>=0.5; cond_supports: measured=false threshold=true; cond_strain: measured=0.999994267214663 threshold=<=0.5; cond_mac: measured=1.8417180219341411e-17 threshold=>=0.80000000000000004,0,0,0,converged; residual=4.1106333801418075e-10
inf,3,diagnostic,3,320,7,380.060935001214,3.04553090430491e-22,3.04553090430491e-22,3.04553090430491e-22,0,0.999990698084287,0.999995636707839,0,0,0,0,0,cond_kinetic: measured=0 threshold=>=0.5; cond_supports: measured=false threshold=true; cond_strain: measured=0.99999069808428676 threshold=<=0.5; cond_mac: measured=3.0455309043049097e-22 threshold=>=0.80000000000000004,0,0,0,converged; residual=1.6296090474667883e-10
inf,3,diagnostic,3,320,8,380.06114432927,1.04700261538069e-13,1.04700261538069e-13,1.04700261538069e-13,0,0.999995822390915,0.999999633705171,0,0,0,0,0,cond_kinetic: measured=0 threshold=>=0.5; cond_supports: measured=false threshold=true; cond_strain: measured=0.99999582239091456 threshold=<=0.5; cond_mac: measured=1.0470026153806949e-13 threshold=>=0.80000000000000004,0,0,0,converged; residual=1.151809104541776e-10
inf,3,diagnostic,3,320,9,380.061184847669,3.86814493722032e-22,3.86814493722032e-22,3.86814493722032e-22,0,0.99999609821786,0.999999688473182,0,0,0,0,0,cond_kinetic: measured=0 threshold=>=0.5; cond_supports: measured=false threshold=true; cond_strain: measured=0.99999609821785962 threshold=<=0.5; cond_mac: measured=3.8681449372203203e-22 threshold=>=0.80000000000000004,0,0,0,converged; residual=1.2709884717105502e-10
inf,3,diagnostic,3,320,10,380.061217769809,1.0613533112752e-21,1.0613533112752e-21,1.0613533112752e-21,0,0.999996555417925,0.999999975237711,0,0,0,0,0,cond_kinetic: measured=0 threshold=>=0.5; cond_supports: measured=false threshold=true; cond_strain: measured=0.99999655541792531 threshold=<=0.5; cond_mac: measured=1.0613533112752035e-21 threshold=>=0.80000000000000004,0,0,0,converged; residual=1.3679195927717455e-10
inf,3,diagnostic,3,320,11,406.709740401942,4.95566382186342e-21,4.95566382186342e-21,4.95566382186342e-21,0,0.999911280784045,0.999955203185896,0,0,0,0,0,cond_kinetic: measured=0 threshold=>=0.5; cond_supports: measured=false threshold=true; cond_strain: measured=0.99991128078404479 threshold=<=0.5; cond_mac: measured=4.9556638218634229e-21 threshold=>=0.80000000000000004,0,0,0,converged; residual=1.1716998361885563e-10
inf,3,diagnostic,3,320,12,406.711373214467,1.48702799554286e-10,1.48702799554286e-10,1.48702799554286e-10,0,0.999963999098476,0.999999548477887,0,0,0,0,0,cond_kinetic: measured=0 threshold=>=0.5; cond_supports: measured=false threshold=true; cond_strain: measured=0.99996399909847644 threshold=<=0.5; cond_mac: measured=1.4870279955428624e-10 threshold=>=0.80000000000000004,0,0,0,converged; residual=8.6236681390126289e-11
inf,3,diagnostic,3,320,13,406.711426505016,6.64612068878382e-20,6.64612068878382e-20,6.64612068878382e-20,0,0.999964354653939,0.999999635257022,0,0,0,0,0,cond_kinetic: measured=0 threshold=>=0.5; cond_supports: measured=false threshold=true; cond_strain: measured=0.9999643546539394 threshold=<=0.5; cond_mac: measured=6.6461206887838193e-20 threshold=>=0.80000000000000004,0,0,0,converged; residual=7.5659125319495118e-11
inf,3,diagnostic,3,320,14,406.711430928385,6.35096055693582e-20,6.35096055693582e-20,6.35096055693582e-20,0,0.999964618191072,0.9999998847751,0,0,0,0,0,cond_kinetic: measured=0 threshold=>=0.5; cond_supports: measured=false threshold=true; cond_strain: measured=0.99996461819107174 threshold=<=0.5; cond_mac: measured=6.3509605569358186e-20 threshold=>=0.80000000000000004,0,0,0,converged; residual=7.7269562167161932e-11
inf,3,diagnostic,3,320,15,444.20767384507,7.85109728682051e-23,7.85109728682051e-23,7.85109728682051e-23,0,0.000652868078256535,0.00706660853946236,0,0,0,1,0,cond_kinetic: measured=0 threshold=>=0.5; cond_supports: measured=false threshold=true; cond_mac: measured=7.8510972868205087e-23 threshold=>=0.80000000000000004,0,0,0,converged; residual=6.5560582415062976e-11
inf,3,diagnostic,3,320,16,486.5544789086,2.30174067982278e-10,2.30174067982278e-10,2.30174067982278e-10,0,0.999994306617528,0.999998424965502,0,0,0,0,0,cond_kinetic: measured=0 threshold=>=0.5; cond_supports: measured=false threshold=true; cond_strain: measured=0.99999430661752842 threshold=<=0.5; cond_mac: measured=2.3017406798227816e-10 threshold=>=0.80000000000000004,0,0,0,converged; residual=7.7951707777012195e-11
inf,3,diagnostic,3,320,17,486.554535001375,3.21520866719486e-20,3.21520866719486e-20,3.21520866719486e-20,0,0.999995982131954,0.999999864586403,0,0,0,0,0,cond_kinetic: measured=0 threshold=>=0.5; cond_supports: measured=false threshold=true; cond_strain: measured=0.99999598213195384 threshold=<=0.5; cond_mac: measured=3.2152086671948618e-20 threshold=>=0.80000000000000004,0,0,0,converged; residual=6.0344444652946366e-11
inf,3,diagnostic,3,320,18,486.554582460226,9.21083815239265e-19,9.21083815239265e-19,9.21083815239265e-19,0,0.999996294573198,0.999999982671961,0,0,0,0,0,cond_kinetic: measured=0 threshold=>=0.5; cond_supports: measured=false threshold=true; cond_strain: measured=0.99999629457319783 threshold=<=0.5; cond_mac: measured=9.2108381523926514e-19 threshold=>=0.80000000000000004,0,0,0,converged; residual=6.3676869897189162e-11
inf,3,diagnostic,3,320,19,486.554756991785,2.30608683119338e-19,2.30608683119338e-19,2.30608683119338e-19,0,0.99999296282631,0.999995957316611,0,0,0,0,0,cond_kinetic: measured=0 threshold=>=0.5; cond_supports: measured=false threshold=true; cond_strain: measured=0.99999296282631045 threshold=<=0.5; cond_mac: measured=2.3060868311933815e-19 threshold=>=0.80000000000000004,0,0,0,converged; residual=8.8589704288732018e-11
inf,3,diagnostic,3,320,20,527.753896416652,0.000115358613619802,0.000115358613619802,0.000115358613619802,0,0.0102662741464098,0.0109940156689308,0,0,0,1,0,cond_kinetic: measured=0 threshold=>=0.5; cond_supports: measured=false threshold=true; cond_mac: measured=0.00011535861361980234 threshold=>=0.80000000000000004,0,0,0,converged; residual=3.1741503185357171e-11
inf,3,diagnostic,3,320,21,570.183030788486,2.29869357830509e-22,2.29869357830509e-22,2.29869357830509e-22,0,0.999883906032779,0.999998809692665,0,0,0,0,0,cond_kinetic: measured=0 threshold=>=0.5; cond_supports: measured=false threshold=true; cond_strain: measured=0.99988390603277888 threshold=<=0.5; cond_mac: measured=2.2986935783050923e-22 threshold=>=0.80000000000000004,0,0,0,converged; residual=5.4771065304054994e-11
inf,3,diagnostic,3,320,22,570.183079291026,2.62293253158087e-22,2.62293253158087e-22,2.62293253158087e-22,0,0.999882848039326,0.999997457669165,0,0,0,0,0,cond_kinetic: measured=0 threshold=>=0.5; cond_supports: measured=false threshold=true; cond_strain: measured=0.9998828480393257 threshold=<=0.5; cond_mac: measured=2.6229325315808659e-22 threshold=>=0.80000000000000004,0,0,0,converged; residual=6.0755132253476419e-11
inf,3,diagnostic,3,320,23,570.183530793658,9.22837242652827e-12,9.22837242652827e-12,9.22837242652827e-12,0,0.999874616823699,0.999987738100089,0,0,0,0,0,cond_kinetic: measured=0 threshold=>=0.5; cond_supports: measured=false threshold=true; cond_strain: measured=0.99987461682369938 threshold=<=0.5; cond_mac: measured=9.2283724265282743e-12 threshold=>=0.80000000000000004,0,0,0,converged; residual=7.121331059570132e-11
inf,3,diagnostic,3,320,24,570.185733320537,6.93053005816055e-22,6.93053005816055e-22,6.93053005816055e-22,0,0.999874719957495,0.999980159157266,0,0,0,0,0,cond_kinetic: measured=0 threshold=>=0.5; cond_supports: measured=false threshold=true; cond_strain: measured=0.99987471995749511 threshold=<=0.5; cond_mac: measured=6.9305300581605543e-22 threshold=>=0.80000000000000004,0,0,0,converged; residual=5.1678550834170702e-11
inf,3,diagnostic,3,320,25,580.528557823052,2.06219143595797e-24,2.06219143595797e-24,2.06219143595797e-24,0,0.102865875028876,0.010299669951373,0,0,0,1,0,cond_kinetic: measured=0 threshold=>=0.5; cond_supports: measured=false threshold=true; cond_mac: measured=2.0621914359579699e-24 threshold=>=0.80000000000000004,0,0,0,converged; residual=2.8871560125022626e-11
inf,3,diagnostic,3,320,26,618.204315325113,5.50438914159691e-21,5.50438914159691e-21,5.50438914159691e-21,0,0.999873722802621,0.999998290919344,0,0,0,0,0,cond_kinetic: measured=0 threshold=>=0.5; cond_supports: measured=false threshold=true; cond_strain: measured=0.99987372280262121 threshold=<=0.5; cond_mac: measured=5.5043891415969099e-21 threshold=>=0.80000000000000004,0,0,0,converged; residual=3.9071618266188173e-11
inf,3,diagnostic,3,320,27,618.204360436638,1.17306970160793e-19,1.17306970160793e-19,1.17306970160793e-19,0,0.999874126827401,0.999998556599961,0,0,0,0,0,cond_kinetic: measured=0 threshold=>=0.5; cond_supports: measured=false threshold=true; cond_strain: measured=0.99987412682740051 threshold=<=0.5; cond_mac: measured=1.1730697016079276e-19 threshold=>=0.80000000000000004,0,0,0,converged; residual=4.6059498470665977e-11
inf,3,diagnostic,3,320,28,618.204606826995,4.15804049556038e-10,4.15804049556038e-10,4.15804049556038e-10,0,0.99987275138922,0.999996359975489,0,0,0,0,0,cond_kinetic: measured=0 threshold=>=0.5; cond_supports: measured=false threshold=true; cond_strain: measured=0.99987275138921983 threshold=<=0.5; cond_mac: measured=4.158040495560379e-10 threshold=>=0.80000000000000004,0,0,0,converged; residual=4.6063151651212229e-11
inf,3,diagnostic,3,320,29,618.206821921264,1.35064823055274e-20,1.35064823055274e-20,1.35064823055274e-20,0,0.999870492782275,0.999986947302329,0,0,0,0,0,cond_kinetic: measured=0 threshold=>=0.5; cond_supports: measured=false threshold=true; cond_strain: measured=0.99987049278227469 threshold=<=0.5; cond_mac: measured=1.3506482305527394e-20 threshold=>=0.80000000000000004,0,0,0,converged; residual=3.4518214138204907e-11
inf,3,diagnostic,3,320,30,628.997552400449,1.45149428226383e-23,1.45149428226383e-23,1.45149428226383e-23,0,0.999981001274031,0.999996701233909,0,0,0,0,0,cond_kinetic: measured=0 threshold=>=0.5; cond_supports: measured=false threshold=true; cond_strain: measured=0.99998100127403067 threshold=<=0.5; cond_mac: measured=1.4514942822638346e-23 threshold=>=0.80000000000000004,0,0,0,converged; residual=5.0835433954110918e-11
inf,3,diagnostic,3,320,31,628.997811322491,1.57471638442088e-22,1.57471638442088e-22,1.57471638442088e-22,0,0.999984907374049,0.999999774509618,0,0,0,0,0,cond_kinetic: measured=0 threshold=>=0.5; cond_supports: measured=false threshold=true; cond_strain: measured=0.99998490737404866 threshold=<=0.5; cond_mac: measured=1.5747163844208804e-22 threshold=>=0.80000000000000004,0,0,0,converged; residual=5.5789723166214012e-11
inf,3,diagnostic,3,320,32,628.997902355847,1.07494382029033e-12,1.07494382029033e-12,1.07494382029033e-12,0,0.999983432450352,0.999998010739716,0,0,0,0,0,cond_kinetic: measured=0 threshold=>=0.5; cond_supports: measured=false threshold=true; cond_strain: measured=0.99998343245035193 threshold=<=0.5; cond_mac: measured=1.0749438202903271e-12 threshold=>=0.80000000000000004,0,0,0,converged; residual=2.9632327978055982e-11
inf,3,diagnostic,3,320,33,628.998230314633,1.67235159962213e-21,1.67235159962213e-21,1.67235159962213e-21,0,0.999984418847441,0.999997963278675,0,0,0,0,0,cond_kinetic: measured=0 threshold=>=0.5; cond_supports: measured=false threshold=true; cond_strain: measured=0.99998441884744105 threshold=<=0.5; cond_mac: measured=1.6723515996221259e-21 threshold=>=0.80000000000000004,0,0,0,converged; residual=2.7914361842753813e-11
inf,3,diagnostic,3,320,34,694.544591527334,1.1231046894123e-27,1.1231046894123e-27,1.1231046894123e-27,0,0.999195022651792,0.999555298621975,0,0,0,0,0,cond_kinetic: measured=0 threshold=>=0.5; cond_supports: measured=false threshold=true; cond_strain: measured=0.99919502265179194 threshold=<=0.5; cond_mac: measured=1.1231046894122977e-27 threshold=>=0.80000000000000004,0,0,0,converged; residual=2.3305507573221756e-11
inf,3,diagnostic,3,320,35,695.751613226987,2.96535105450416e-24,2.96535105450416e-24,2.96535105450416e-24,0,0.999321070868727,0.999383299201179,0,0,0,0,0,cond_kinetic: measured=0 threshold=>=0.5; cond_supports: measured=false threshold=true; cond_strain: measured=0.99932107086872668 threshold=<=0.5; cond_mac: measured=2.9653510545041556e-24 threshold=>=0.80000000000000004,0,0,0,converged; residual=4.4258050661104462e-11
inf,3,diagnostic,3,320,36,695.758531615382,7.30504850925259e-11,7.30504850925259e-11,7.30504850925259e-11,0,0.999953278654677,0.999996284292911,0,0,0,0,0,cond_kinetic: measured=0 threshold=>=0.5; cond_supports: measured=false threshold=true; cond_strain: measured=0.99995327865467698 threshold=<=0.5; cond_mac: measured=7.3050485092525901e-11 threshold=>=0.80000000000000004,0,0,0,converged; residual=2.3220992820235461e-11
inf,3,diagnostic,3,320,37,695.759357148192,1.90177045409027e-21,1.90177045409027e-21,1.90177045409027e-21,0,0.999958810119568,0.999999433682813,0,0,0,0,0,cond_kinetic: measured=0 threshold=>=0.5; cond_supports: measured=false threshold=true; cond_strain: measured=0.99995881011956822 threshold=<=0.5; cond_mac: measured=1.9017704540902745e-21 threshold=>=0.80000000000000004,0,0,0,converged; residual=2.2684225044775534e-11
inf,3,diagnostic,3,320,38,695.759996480411,8.62363407674999e-21,8.62363407674999e-21,8.62363407674999e-21,0,0.99995894551788,0.999997650913315,0,0,0,0,0,cond_kinetic: measured=0 threshold=>=0.5; cond_supports: measured=false threshold=true; cond_strain: measured=0.99995894551787978 threshold=<=0.5; cond_mac: measured=8.6236340767499865e-21 threshold=>=0.80000000000000004,0,0,0,converged; residual=2.2214263069964205e-11
inf,3,diagnostic,3,320,39,706.81030870627,5.10742666250363e-26,5.10742666250363e-26,5.10742666250363e-26,0,0.00843026024543468,0.00732688388892527,0,0,0,1,0,cond_kinetic: measured=0 threshold=>=0.5; cond_supports: measured=false threshold=true; cond_mac: measured=5.1074266625036305e-26 threshold=>=0.80000000000000004,0,0,0,converged; residual=2.2246062287447937e-11
inf,3,diagnostic,3,320,40,743.495845084381,1.09625016651125e-07,1.09625016651125e-07,1.09625016651125e-07,0,0.999625871209253,0.999593253293147,0,0,0,0,0,cond_kinetic: measured=0 threshold=>=0.5; cond_supports: measured=false threshold=true; cond_strain: measured=0.99962587120925306 threshold=<=0.5; cond_mac: measured=1.0962501665112549e-07 threshold=>=0.80000000000000004,0,0,0,converged; residual=3.6068217509556398e-11
inf,3,diagnostic,3,320,41,794.970448161926,1.30127179084446e-11,1.30127179084446e-11,1.30127179084446e-11,0,0.999997690338589,0.999999969574576,0,0,0,0,0,cond_kinetic: measured=0 threshold=>=0.5; cond_supports: measured=false threshold=true; cond_strain: measured=0.99999769033858876 threshold=<=0.5; cond_mac: measured=1.3012717908444647e-11 threshold=>=0.80000000000000004,0,0,0,converged; residual=4.3145117664656308e-11
inf,3,diagnostic,3,320,42,794.970457028793,1.98331062814702e-17,1.98331062814702e-17,1.98331062814702e-17,0,0.999997669620539,0.999999926523806,0,0,0,0,0,cond_kinetic: measured=0 threshold=>=0.5; cond_supports: measured=false threshold=true; cond_strain: measured=0.99999766962053904 threshold=<=0.5; cond_mac: measured=1.9833106281470171e-17 threshold=>=0.80000000000000004,0,0,0,converged; residual=1.8361345990909925e-11
inf,3,diagnostic,3,320,43,794.970457096902,1.07962423377645e-16,1.07962423377645e-16,1.07962423377645e-16,0,0.999997738190636,0.999999995018479,0,0,0,0,0,cond_kinetic: measured=0 threshold=>=0.5; cond_supports: measured=false threshold=true; cond_strain: measured=0.99999773819063553 threshold=<=0.5; cond_mac: measured=1.0796242337764545e-16 threshold=>=0.80000000000000004,0,0,0,converged; residual=1.8160763157412548e-11
inf,3,diagnostic,3,320,44,794.970457101766,1.74637325206599e-17,1.74637325206599e-17,1.74637325206599e-17,0,0.999997720646051,0.999999977502347,0,0,0,0,0,cond_kinetic: measured=0 threshold=>=0.5; cond_supports: measured=false threshold=true; cond_strain: measured=0.99999772064605097 threshold=<=0.5; cond_mac: measured=1.7463732520659935e-17 threshold=>=0.80000000000000004,0,0,0,converged; residual=2.635175913577717e-11
inf,3,diagnostic,3,320,45,866.276372399928,1.65589694535347e-26,1.65589694535347e-26,1.65589694535347e-26,0,0.998430359507684,0.999916740332838,0,0,0,0,0,cond_kinetic: measured=0 threshold=>=0.5; cond_supports: measured=false threshold=true; cond_strain: measured=0.99843035950768411 threshold=<=0.5; cond_mac: measured=1.6558969453534683e-26 threshold=>=0.80000000000000004,0,0,0,converged; residual=7.522973570880909e-12
inf,3,diagnostic,3,320,46,867.933899557908,1.69762878850733e-19,1.69762878850733e-19,1.69762878850733e-19,0,0.999122653605834,0.999990395896684,0,0,0,0,0,cond_kinetic: measured=0 threshold=>=0.5; cond_supports: measured=false threshold=true; cond_strain: measured=0.99912265360583385 threshold=<=0.5; cond_mac: measured=1.6976287885073348e-19 threshold=>=0.80000000000000004,0,0,0,converged; residual=1.7538481192455907e-11
inf,3,diagnostic,3,320,47,867.934423579063,6.05245860027357e-09,6.05245860027357e-09,6.05245860027357e-09,0,0.999124670619999,0.999991097167153,0,0,0,0,0,cond_kinetic: measured=0 threshold=>=0.5; cond_supports: measured=false threshold=true; cond_strain: measured=0.99912467061999943 threshold=<=0.5; cond_mac: measured=6.052458600273566e-09 threshold=>=0.80000000000000004,0,0,0,converged; residual=1.7987617000932515e-11
inf,3,diagnostic,3,320,48,867.935390391418,1.27193080621459e-19,1.27193080621459e-19,1.27193080621459e-19,0,0.999111851713085,0.999977023437975,0,0,0,0,0,cond_kinetic: measured=0 threshold=>=0.5; cond_supports: measured=false threshold=true; cond_strain: measured=0.99911185171308492 threshold=<=0.5; cond_mac: measured=1.2719308062145864e-19 threshold=>=0.80000000000000004,0,0,0,converged; residual=1.7685108609915759e-11
inf,3,diagnostic,3,320,49,867.9463048664,3.31699707987953e-20,3.31699707987953e-20,3.31699707987953e-20,0,0.999141006900598,0.99997911355176,0,0,0,0,0,cond_kinetic: measured=0 threshold=>=0.5; cond_supports: measured=false threshold=true; cond_strain: measured=0.99914100690059782 threshold=<=0.5; cond_mac: measured=3.3169970798795278e-20 threshold=>=0.80000000000000004,0,0,0,converged; residual=8.7578786097873681e-12
inf,3,diagnostic,3,320,50,875.152151410495,1.04924510128703e-21,1.04924510128703e-21,1.04924510128703e-21,0,0.99967111633608,0.999975890213917,0,0,0,0,0,cond_kinetic: measured=0 threshold=>=0.5; cond_supports: measured=false threshold=true; cond_strain: measured=0.99967111633607975 threshold=<=0.5; cond_mac: measured=1.0492451012870274e-21 threshold=>=0.80000000000000004,0,0,0,converged; residual=2.924970019015439e-11
inf,3,diagnostic,3,320,51,875.154200918582,1.98530321257139e-10,1.98530321257139e-10,1.98530321257139e-10,0,0.999656355773689,0.999956915434773,0,0,0,0,0,cond_kinetic: measured=0 threshold=>=0.5; cond_supports: measured=false threshold=true; cond_strain: measured=0.9996563557736895 threshold=<=0.5; cond_mac: measured=1.9853032125713893e-10 threshold=>=0.80000000000000004,0,0,0,converged; residual=8.1830023153613764e-12
inf,3,diagnostic,3,320,52,875.158203869879,8.62061965628022e-23,8.62061965628022e-23,8.62061965628022e-23,0,0.99968182487556,0.999973149076992,0,0,0,0,0,cond_kinetic: measured=0 threshold=>=0.5; cond_supports: measured=false threshold=true; cond_strain: measured=0.99968182487556012 threshold=<=0.5; cond_mac: measured=8.6206196562802205e-23 threshold=>=0.80000000000000004,0,0,0,converged; residual=1.1846191256096953e-11
inf,3,diagnostic,3,320,53,875.164745079259,1.22621654245468e-21,1.22621654245468e-21,1.22621654245468e-21,0,0.999703369710507,0.99998012030552,0,0,0,0,0,cond_kinetic: measured=0 threshold=>=0.5; cond_supports: measured=false threshold=true; cond_strain: measured=0.99970336971050733 threshold=<=0.5; cond_mac: measured=1.2262165424546762e-21 threshold=>=0.80000000000000004,0,0,0,converged; residual=1.4456009009373872e-11
inf,3,diagnostic,3,320,54,890.319283617357,1.71249891168934e-28,1.71249891168934e-28,1.71249891168934e-28,0,0.999879549546182,0.999995717576545,0,0,0,0,0,cond_kinetic: measured=0 threshold=>=0.5; cond_supports: measured=false threshold=true; cond_strain: measured=0.9998795495461823 threshold=<=0.5; cond_mac: measured=1.7124989116893431e-28 threshold=>=0.80000000000000004,0,0,0,converged; residual=7.4765910758639647e-12
inf,3,diagnostic,3,320,55,905.69039528808,1.20881819919225e-25,1.20881819919225e-25,1.20881819919225e-25,0,0.999410374413719,0.999710925779857,0,0,0,0,0,cond_kinetic: measured=0 threshold=>=0.5; cond_supports: measured=false threshold=true; cond_strain: measured=0.99941037441371938 threshold=<=0.5; cond_mac: measured=1.2088181991922494e-25 threshold=>=0.80000000000000004,0,0,0,converged; residual=1.5868672006582466e-11
inf,3,diagnostic,3,320,56,909.605481271538,6.32445768286203e-10,6.32445768286203e-10,6.32445768286203e-10,0,0.999958957338028,0.99999943527467,0,0,0,0,0,cond_kinetic: measured=0 threshold=>=0.5; cond_supports: measured=false threshold=true; cond_strain: measured=0.9999589573380282 threshold=<=0.5; cond_mac: measured=6.3244576828620274e-10 threshold=>=0.80000000000000004,0,0,0,converged; residual=1.7242973228792823e-11
inf,3,diagnostic,3,320,57,909.605503901507,1.30335579303008e-17,1.30335579303008e-17,1.30335579303008e-17,0,0.999959130679264,0.999999556553936,0,0,0,0,0,cond_kinetic: measured=0 threshold=>=0.5; cond_supports: measured=false threshold=true; cond_strain: measured=0.99995913067926367 threshold=<=0.5; cond_mac: measured=1.3033557930300844e-17 threshold=>=0.80000000000000004,0,0,0,converged; residual=2.0731488129992837e-11
inf,3,diagnostic,3,320,58,909.605543361082,2.89460455115826e-18,2.89460455115826e-18,2.89460455115826e-18,0,0.999958753018312,0.999999097654801,0,0,0,0,0,cond_kinetic: measured=0 threshold=>=0.5; cond_supports: measured=false threshold=true; cond_strain: measured=0.99995875301831194 threshold=<=0.5; cond_mac: measured=2.8946045511582607e-18 threshold=>=0.80000000000000004,0,0,0,converged; residual=1.8396273047652123e-11
inf,3,diagnostic,3,320,59,909.605873199342,4.20746892941246e-18,4.20746892941246e-18,4.20746892941246e-18,0,0.999959747560984,0.99999936289579,0,0,0,0,0,cond_kinetic: measured=0 threshold=>=0.5; cond_supports: measured=false threshold=true; cond_strain: measured=0.99995974756098416 threshold=<=0.5; cond_mac: measured=4.2074689294124649e-18 threshold=>=0.80000000000000004,0,0,0,converged; residual=1.3509599757778799e-11
inf,3,diagnostic,3,320,60,934.008211587268,4.68476367588198e-09,4.68476367588198e-09,4.68476367588198e-09,0,0.999954519325122,0.999980267652939,0,0,0,0,0,cond_kinetic: measured=0 threshold=>=0.5; cond_supports: measured=false threshold=true; cond_strain: measured=0.9999545193251218 threshold=<=0.5; cond_mac: measured=4.6847636758819762e-09 threshold=>=0.80000000000000004,0,0,0,converged; residual=2.4467679349385919e-11
inf,3,diagnostic,3,320,61,934.009646714166,4.72589451454615e-20,4.72589451454615e-20,4.72589451454615e-20,0,0.999973797361637,0.999996466877454,0,0,0,0,0,cond_kinetic: measured=0 threshold=>=0.5; cond_supports: measured=false threshold=true; cond_strain: measured=0.99997379736163694 threshold=<=0.5; cond_mac: measured=4.7258945145461454e-20 threshold=>=0.80000000000000004,0,0,0,converged; residual=2.1533954498563663e-11
inf,3,diagnostic,3,320,62,934.010204704025,1.53016601768064e-20,1.53016601768064e-20,1.53016601768064e-20,0,0.99997728022667,0.999998721663858,0,0,0,0,0,cond_kinetic: measured=0 threshold=>=0.5; cond_supports: measured=false threshold=true; cond_strain: measured=0.99997728022667032 threshold=<=0.5; cond_mac: measured=1.5301660176806391e-20 threshold=>=0.80000000000000004,0,0,0,converged; residual=2.2599388594420538e-11
inf,3,diagnostic,3,320,63,934.010685452159,9.88134092934498e-19,9.88134092934498e-19,9.88134092934498e-19,0,0.999978935890428,0.999999344491635,0,0,0,0,0,cond_kinetic: measured=0 threshold=>=0.5; cond_supports: measured=false threshold=true; cond_strain: measured=0.99997893589042763 threshold=<=0.5; cond_mac: measured=9.8813409293449754e-19 threshold=>=0.80000000000000004,0,0,0,converged; residual=1.4856044168211118e-11
inf,3,diagnostic,3,320,64,979.561867383868,2.9170719101898e-24,2.9170719101898e-24,2.9170719101898e-24,0,0.993031086085739,0.996618162421138,0,0,0,0,0,cond_kinetic: measured=0 threshold=>=0.5; cond_supports: measured=false threshold=true; cond_strain: measured=0.99303108608573865 threshold=<=0.5; cond_mac: measured=2.9170719101897967e-24 threshold=>=0.80000000000000004,0,0,0,converged; residual=1.0397453263335369e-11
inf,3,diagnostic,3,320,65,997.844200912603,9.24934704658035e-07,9.24934704658035e-07,9.24934704658035e-07,0,0.997413327153179,0.997806418476321,0,0,0,0,0,cond_kinetic: measured=0 threshold=>=0.5; cond_supports: measured=false threshold=true; cond_strain: measured=0.99741332715317854 threshold=<=0.5; cond_mac: measured=9.2493470465803526e-07 threshold=>=0.80000000000000004,0,0,0,converged; residual=1.4281936703890325e-11
inf,3,diagnostic,3,320,66,997.878669993091,7.08692527778042e-21,7.08692527778042e-21,7.08692527778042e-21,0,0.999654095530839,0.999980796401189,0,0,0,0,0,cond_kinetic: measured=0 threshold=>=0.5; cond_supports: measured=false threshold=true; cond_strain: measured=0.99965409553083939 threshold=<=0.5; cond_mac: measured=7.0869252777804216e-21 threshold=>=0.80000000000000004,0,0,0,converged; residual=8.0915273884665085e-12
inf,3,diagnostic,3,320,67,997.884550973728,9.81192260192928e-21,9.81192260192928e-21,9.81192260192928e-21,0,0.99967716839444,0.999991907656147,0,0,0,0,0,cond_kinetic: measured=0 threshold=>=0.5; cond_supports: measured=false threshold=true; cond_strain: measured=0.99967716839443976 threshold=<=0.5; cond_mac: measured=9.8119226019292802e-21 threshold=>=0.80000000000000004,0,0,0,converged; residual=1.0224995425680274e-11
inf,3,diagnostic,3,320,68,997.886476429058,6.11712248440876e-19,6.11712248440876e-19,6.11712248440876e-19,0,0.99968591536975,0.999996728930805,0,0,0,0,0,cond_kinetic: measured=0 threshold=>=0.5; cond_supports: measured=false threshold=true; cond_strain: measured=0.99968591536975027 threshold=<=0.5; cond_mac: measured=6.1171224844087649e-19 threshold=>=0.80000000000000004,0,0,0,converged; residual=5.5115422290946473e-12
inf,3,diagnostic,3,320,69,1011.68388279089,0.000288167754854094,0.000288167754854094,0.000288167754854094,0,0.372068928525718,0.373990761236944,0,0,0,1,0,cond_kinetic: measured=0 threshold=>=0.5; cond_supports: measured=false threshold=true; cond_mac: measured=0.00028816775485409414 threshold=>=0.80000000000000004,0,0,0,converged; residual=1.2869020439745775e-11
inf,3,diagnostic,3,320,70,1020.26289336163,0.000161196279270535,0.000161196279270535,0.000161196279270535,0,0.637892340285174,0.632970620331198,0,0,0,0,0,cond_kinetic: measured=0 threshold=>=0.5; cond_supports: measured=false threshold=true; cond_strain: measured=0.63789234028517394 threshold=<=0.5; cond_mac: measured=0.00016119627927053455 threshold=>=0.80000000000000004,0,0,0,converged; residual=1.1985736143431239e-11
inf,3,diagnostic,3,320,71,1081.97811989202,1.42075778815788e-25,1.42075778815788e-25,1.42075778815788e-25,0,0.997735550256805,0.999637786481453,0,0,0,0,0,cond_kinetic: measured=0 threshold=>=0.5; cond_supports: measured=false threshold=true; cond_strain: measured=0.99773555025680549 threshold=<=0.5; cond_mac: measured=1.4207577881578817e-25 threshold=>=0.80000000000000004,0,0,0,converged; residual=1.3429493255899361e-11
inf,3,diagnostic,3,320,72,1143.27156614814,4.09251657476436e-26,4.09251657476436e-26,4.09251657476436e-26,0,0.983894001731845,0.988458742750155,0,0,0,0,0,cond_kinetic: measured=0 threshold=>=0.5; cond_supports: measured=false threshold=true; cond_strain: measured=0.98389400173184516 threshold=<=0.5; cond_mac: measured=4.0925165747643573e-26 threshold=>=0.80000000000000004,0,0,0,converged; residual=8.143727840950735e-12
inf,3,diagnostic,3,320,73,1168.36192804206,1.39663489918846e-24,1.39663489918846e-24,1.39663489918846e-24,0,0.998267482719351,0.999248224987224,0,0,0,0,0,cond_kinetic: measured=0 threshold=>=0.5; cond_supports: measured=false threshold=true; cond_strain: measured=0.99826748271935106 threshold=<=0.5; cond_mac: measured=1.3966348991884596e-24 threshold=>=0.80000000000000004,0,0,0,converged; residual=7.3636248421474755e-12
inf,3,diagnostic,3,320,74,1170.01730943872,2.13082486296155e-21,2.13082486296155e-21,2.13082486296155e-21,0,0.999843218233256,0.999961602041867,0,0,0,0,0,cond_kinetic: measured=0 threshold=>=0.5; cond_supports: measured=false threshold=true; cond_strain: measured=0.99984321823325595 threshold=<=0.5; cond_mac: measured=2.1308248629615525e-21 threshold=>=0.80000000000000004,0,0,0,converged; residual=1.2205669876846648e-11
inf,3,diagnostic,3,320,75,1170.0203013156,6.02321353089546e-19,6.02321353089546e-19,6.02321353089546e-19,0,0.999885023358389,0.999997742462678,0,0,0,0,0,cond_kinetic: measured=0 threshold=>=0.5; cond_supports: measured=false threshold=true; cond_strain: measured=0.99988502335838914 threshold=<=0.5; cond_mac: measured=6.0232135308954602e-19 threshold=>=0.80000000000000004,0,0,0,converged; residual=5.3180068393534768e-12
inf,3,diagnostic,3,320,76,1170.02046318066,9.60757191592518e-10,9.60757191592518e-10,9.60757191592518e-10,0,0.999886245098404,0.999998662201776,0,0,0,0,0,cond_kinetic: measured=0 threshold=>=0.5; cond_supports: measured=false threshold=true; cond_strain: measured=0.99988624509840407 threshold=<=0.5; cond_mac: measured=9.607571915925183e-10 threshold=>=0.80000000000000004,0,0,0,converged; residual=6.2714338312593042e-12
inf,3,diagnostic,3,320,77,1170.02111763408,3.89286003602132e-18,3.89286003602132e-18,3.89286003602132e-18,0,0.999886828693384,0.999998057888495,0,0,0,0,0,cond_kinetic: measured=0 threshold=>=0.5; cond_supports: measured=false threshold=true; cond_strain: measured=0.9998868286933843 threshold=<=0.5; cond_mac: measured=3.892860036021317e-18 threshold=>=0.80000000000000004,0,0,0,converged; residual=6.481044314443505e-12
inf,3,diagnostic,3,320,78,1179.69209962015,9.74203633102216e-08,9.74203633102216e-08,9.74203633102216e-08,0,0.999242195607035,0.999317805227788,0,0,0,0,0,cond_kinetic: measured=0 threshold=>=0.5; cond_supports: measured=false threshold=true; cond_strain: measured=0.99924219560703542 threshold=<=0.5; cond_mac: measured=9.742036331022161e-08 threshold=>=0.80000000000000004,0,0,0,converged; residual=1.7225813003344606e-11
inf,3,diagnostic,3,320,79,1186.10945157003,8.25476063214371e-25,8.25476063214371e-25,8.25476063214371e-25,0,0.989863342480016,0.997219321737703,0,0,0,0,0,cond_kinetic: measured=0 threshold=>=0.5; cond_supports: measured=false threshold=true; cond_strain: measured=0.98986334248001617 threshold=<=0.5; cond_mac: measured=8.2547606321437133e-25 threshold=>=0.80000000000000004,0,0,0,converged; residual=1.2555664352719233e-11
inf,3,diagnostic,3,320,80,1233.62339706258,1.15865138552773e-25,1.15865138552773e-25,1.15865138552773e-25,0,0.233442415223279,0.230624255653946,0,0,0,1,0,cond_kinetic: measured=0 threshold=>=0.5; cond_supports: measured=false threshold=true; cond_mac: measured=1.1586513855277292e-25 threshold=>=0.80000000000000004,0,0,0,converged; residual=7.703602346256024e-12
inf,3,diagnostic,3,320,81,1260.41572224603,6.84692411214504e-08,6.84692411214504e-08,6.84692411214504e-08,0,0.998612247123408,0.999094514546308,0,0,0,0,0,cond_kinetic: measured=0 threshold=>=0.5; cond_supports: measured=false threshold=true; cond_strain: measured=0.99861224712340835 threshold=<=0.5; cond_mac: measured=6.8469241121450393e-08 threshold=>=0.80000000000000004,0,0,0,converged; residual=3.4802106053953487e-12
inf,3,diagnostic,3,320,82,1267.58760170935,1.37984863805511e-26,1.37984863805511e-26,1.37984863805511e-26,0,0.188698143999078,0.193603623997317,0,0,0,1,0,cond_kinetic: measured=0 threshold=>=0.5; cond_supports: measured=false threshold=true; cond_mac: measured=1.3798486380551075e-26 threshold=>=0.80000000000000004,0,0,0,converged; residual=1.2587589280975815e-11
inf,3,diagnostic,3,320,83,1274.93219180624,1.79376619561373e-22,1.79376619561373e-22,1.79376619561373e-22,0,0.997037168828382,0.997913388725825,0,0,0,0,0,cond_kinetic: measured=0 threshold=>=0.5; cond_supports: measured=false threshold=true; cond_strain: measured=0.99703716882838223 threshold=<=0.5; cond_mac: measured=1.7937661956137259e-22 threshold=>=0.80000000000000004,0,0,0,converged; residual=6.6797561900802809e-12
inf,3,diagnostic,3,320,84,1275.04929184184,1.38800995052797e-07,1.38800995052797e-07,1.38800995052797e-07,0,0.999139972161541,0.999808668586113,0,0,0,0,0,cond_kinetic: measured=0 threshold=>=0.5; cond_supports: measured=false threshold=true; cond_strain: measured=0.99913997216154093 threshold=<=0.5; cond_mac: measured=1.3880099505279703e-07 threshold=>=0.80000000000000004,0,0,0,converged; residual=1.3772723506174633e-11
inf,3,diagnostic,3,320,85,1275.07823655987,3.26817988922772e-19,3.26817988922772e-19,3.26817988922772e-19,0,0.999100730406935,0.999713710544352,0,0,0,0,0,cond_kinetic: measured=0 threshold=>=0.5; cond_supports: measured=false threshold=true; cond_strain: measured=0.99910073040693537 threshold=<=0.5; cond_mac: measured=3.2681798892277216e-19 threshold=>=0.80000000000000004,0,0,0,converged; residual=1.1679587993276817e-11
inf,3,diagnostic,3,320,86,1276.00694086926,2.7737546903287e-24,2.7737546903287e-24,2.7737546903287e-24,0,0.909256376357614,0.909112251502863,0,0,0,0,0,cond_kinetic: measured=0 threshold=>=0.5; cond_supports: measured=false threshold=true; cond_strain: measured=0.90925637635761403 threshold=<=0.5; cond_mac: measured=2.7737546903287026e-24 threshold=>=0.80000000000000004,0,0,0,converged; residual=1.2328313177233545e-11
inf,3,diagnostic,3,320,87,1277.31476392222,4.67500991602537e-25,4.67500991602537e-25,4.67500991602537e-25,0,0.810689962442738,0.799963145878576,0,0,0,0,0,cond_kinetic: measured=0 threshold=>=0.5; cond_supports: measured=false threshold=true; cond_strain: measured=0.81068996244273794 threshold=<=0.5; cond_mac: measured=4.6750099160253699e-25 threshold=>=0.80000000000000004,0,0,0,converged; residual=6.2242074725695571e-12
inf,3,diagnostic,3,320,88,1283.60869859076,8.27919995173255e-22,8.27919995173255e-22,8.27919995173255e-22,0,0.996513886991428,0.999559200522292,0,0,0,0,0,cond_kinetic: measured=0 threshold=>=0.5; cond_supports: measured=false threshold=true; cond_strain: measured=0.99651388699142784 threshold=<=0.5; cond_mac: measured=8.2791999517325474e-22 threshold=>=0.80000000000000004,0,0,0,converged; residual=3.3651885115629753e-12
inf,3,diagnostic,3,320,89,1283.64226831431,8.46440225119185e-08,8.46440225119185e-08,8.46440225119185e-08,0,0.996916417222879,0.999909023562311,0,0,0,0,0,cond_kinetic: measured=0 threshold=>=0.5; cond_supports: measured=false threshold=true; cond_strain: measured=0.99691641722287949 threshold=<=0.5; cond_mac: measured=8.4644022511918537e-08 threshold=>=0.80000000000000004,0,0,0,converged; residual=4.4732701294203006e-12
inf,3,diagnostic,3,320,90,1283.68483172548,8.54942797460242e-20,8.54942797460242e-20,8.54942797460242e-20,0,0.99692408195586,0.999839694780972,0,0,0,0,0,cond_kinetic: measured=0 threshold=>=0.5; cond_supports: measured=false threshold=true; cond_strain: measured=0.99692408195585991 threshold=<=0.5; cond_mac: measured=8.5494279746024175e-20 threshold=>=0.80000000000000004,0,0,0,converged; residual=4.7331409651734763e-12
inf,3,diagnostic,3,320,91,1285.21489968265,3.97041181431872e-25,3.97041181431872e-25,3.97041181431872e-25,0,0.904691456588327,0.905122727062887,0,0,0,0,0,cond_kinetic: measured=0 threshold=>=0.5; cond_supports: measured=false threshold=true; cond_strain: measured=0.90469145658832673 threshold=<=0.5; cond_mac: measured=3.970411814318716e-25 threshold=>=0.80000000000000004,0,0,0,converged; residual=1.220418494567169e-11
inf,3,diagnostic,3,320,92,1318.98605271793,5.32641108089098e-26,5.32641108089098e-26,5.32641108089098e-26,0,0.926655888176533,0.929360762586448,0,0,0,0,0,cond_kinetic: measured=0 threshold=>=0.5; cond_supports: measured=false threshold=true; cond_strain: measured=0.92665588817653322 threshold=<=0.5; cond_mac: measured=5.3264110808909788e-26 threshold=>=0.80000000000000004,0,0,0,converged; residual=8.2581924870049225e-12
inf,3,diagnostic,3,320,93,1327.55589192952,5.37852758394304e-27,5.37852758394304e-27,5.37852758394304e-27,0,0.114881135297056,0.123226233441641,0,0,0,1,0,cond_kinetic: measured=0 threshold=>=0.5; cond_supports: measured=false threshold=true; cond_mac: measured=5.3785275839430383e-27 threshold=>=0.80000000000000004,0,0,0,converged; residual=8.8401241554093889e-12
inf,3,diagnostic,3,320,94,1329.65410166001,4.89186968643672e-10,4.89186968643672e-10,4.89186968643672e-10,0,0.999805975696708,0.999991970127212,0,0,0,0,0,cond_kinetic: measured=0 threshold=>=0.5; cond_supports: measured=false threshold=true; cond_strain: measured=0.99980597569670826 threshold=<=0.5; cond_mac: measured=4.8918696864367152e-10 threshold=>=0.80000000000000004,0,0,0,converged; residual=7.4158177053769952e-12
inf,3,diagnostic,3,320,95,1329.656687077,1.81150258767609e-19,1.81150258767609e-19,1.81150258767609e-19,0,0.999816306650925,0.999998258390533,0,0,0,0,0,cond_kinetic: measured=0 threshold=>=0.5; cond_supports: measured=false threshold=true; cond_strain: measured=0.99981630665092547 threshold=<=0.5; cond_mac: measured=1.8115025876760927e-19 threshold=>=0.80000000000000004,0,0,0,converged; residual=1.1601512705523731e-11
inf,3,diagnostic,3,320,96,1329.65669993749,2.32319062107142e-21,2.32319062107142e-21,2.32319062107142e-21,0,0.99981601427974,0.9999979642189,0,0,0,0,0,cond_kinetic: measured=0 threshold=>=0.5; cond_supports: measured=false threshold=true; cond_strain: measured=0.99981601427973987 threshold=<=0.5; cond_mac: measured=2.3231906210714158e-21 threshold=>=0.80000000000000004,0,0,0,converged; residual=1.2591509053319589e-11
inf,3,diagnostic,3,320,97,1329.72201817419,2.99025773771074e-24,2.99025773771074e-24,2.99025773771074e-24,0,0.970919491449252,0.971272005676373,0,0,0,0,0,cond_kinetic: measured=0 threshold=>=0.5; cond_supports: measured=false threshold=true; cond_strain: measured=0.97091949144925216 threshold=<=0.5; cond_mac: measured=2.9902577377107359e-24 threshold=>=0.80000000000000004,0,0,0,converged; residual=8.4974956359268725e-12
inf,3,diagnostic,3,320,98,1373.52354800859,3.09893933258259e-17,3.09893933258259e-17,3.09893933258259e-17,0,0.999825932862526,0.999998473810058,0,0,0,0,0,cond_kinetic: measured=0 threshold=>=0.5; cond_supports: measured=false threshold=true; cond_strain: measured=0.99982593286252608 threshold=<=0.5; cond_mac: measured=3.0989393325825896e-17 threshold=>=0.80000000000000004,0,0,0,converged; residual=4.5573248496636115e-12
inf,3,diagnostic,3,320,99,1373.52354980501,2.82937899436866e-19,2.82937899436866e-19,2.82937899436866e-19,0,0.999825910854201,0.999998450205645,0,0,0,0,0,cond_kinetic: measured=0 threshold=>=0.5; cond_supports: measured=false threshold=true; cond_strain: measured=0.99982591085420125 threshold=<=0.5; cond_mac: measured=2.8293789943686604e-19 threshold=>=0.80000000000000004,0,0,0,converged; residual=6.1655910412996723e-12
inf,3,diagnostic,3,320,100,1373.52366245565,1.74439252662676e-10,1.74439252662676e-10,1.74439252662676e-10,0,0.999825757636086,0.999998127661439,0,0,0,0,0,cond_kinetic: measured=0 threshold=>=0.5; cond_supports: measured=false threshold=true; cond_strain: measured=0.99982575763608583 threshold=<=0.5; cond_mac: measured=1.7443925266267631e-10 threshold=>=0.80000000000000004,0,0,0,converged; residual=1.2020078745824461e-11
inf,3,diagnostic,3,320,101,1373.52382242122,1.27172945771316e-19,1.27172945771316e-19,1.27172945771316e-19,0,0.9998141199692,0.999986334862634,0,0,0,0,0,cond_kinetic: measured=0 threshold=>=0.5; cond_supports: measured=false threshold=true; cond_strain: measured=0.99981411996919967 threshold=<=0.5; cond_mac: measured=1.271729457713157e-19 threshold=>=0.80000000000000004,0,0,0,converged; residual=9.6228612245877324e-12
inf,3,diagnostic,3,320,102,1403.66656328955,1.03242761931052e-26,1.03242761931052e-26,1.03242761931052e-26,0,0.97933496435708,0.99410510169818,0,0,0,0,0,cond_kinetic: measured=0 threshold=>=0.5; cond_supports: measured=false threshold=true; cond_strain: measured=0.97933496435707967 threshold=<=0.5; cond_mac: measured=1.0324276193105164e-26 threshold=>=0.80000000000000004,0,0,0,converged; residual=8.3162056778104977e-12
inf,3,diagnostic,3,320,103,1405.18289686607,5.98983690886379e-29,5.98983690886379e-29,5.98983690886379e-29,0,0.989235525954753,0.993413177141764,0,0,0,0,0,cond_kinetic: measured=0 threshold=>=0.5; cond_supports: measured=false threshold=true; cond_strain: measured=0.9892355259547525 threshold=<=0.5; cond_mac: measured=5.98983690886379e-29 threshold=>=0.80000000000000004,0,0,0,converged; residual=4.2151610594487777e-12
inf,3,diagnostic,3,320,104,1412.90754785944,1.04384409752814e-25,1.04384409752814e-25,1.04384409752814e-25,0,0.0179019903161224,0.0190829618893462,0,0,0,1,0,cond_kinetic: measured=0 threshold=>=0.5; cond_supports: measured=false threshold=true; cond_mac: measured=1.0438440975281386e-25 threshold=>=0.80000000000000004,0,0,0,converged; residual=8.4434257438033595e-12
inf,3,diagnostic,3,320,105,1421.97787394425,3.60719383265716e-10,3.60719383265716e-10,3.60719383265716e-10,0,0.99949774787366,0.999983275915501,0,0,0,0,0,cond_kinetic: measured=0 threshold=>=0.5; cond_supports: measured=false threshold=true; cond_strain: measured=0.9994977478736603 threshold=<=0.5; cond_mac: measured=3.6071938326571578e-10 threshold=>=0.80000000000000004,0,0,0,converged; residual=1.1131806620796463e-11
inf,3,diagnostic,3,320,106,1421.98158498868,3.47970005644442e-22,3.47970005644442e-22,3.47970005644442e-22,0,0.999339700791784,0.999819689807883,0,0,0,0,0,cond_kinetic: measured=0 threshold=>=0.5; cond_supports: measured=false threshold=true; cond_strain: measured=0.99933970079178447 threshold=<=0.5; cond_mac: measured=3.4797000564444209e-22 threshold=>=0.80000000000000004,0,0,0,converged; residual=4.7704883246528322e-12
inf,3,diagnostic,3,320,107,1421.98179954244,5.69199619276693e-20,5.69199619276693e-20,5.69199619276693e-20,0,0.99951651563512,0.99999571505865,0,0,0,0,0,cond_kinetic: measured=0 threshold=>=0.5; cond_supports: measured=false threshold=true; cond_strain: measured=0.99951651563512023 threshold=<=0.5; cond_mac: measured=5.6919961927669279e-20 threshold=>=0.80000000000000004,0,0,0,converged; residual=3.4331763629296743e-12
inf,3,diagnostic,3,320,108,1421.981804026,2.16398239266215e-22,2.16398239266215e-22,2.16398239266215e-22,0,0.999516432311724,0.999995640805035,0,0,0,0,0,cond_kinetic: measured=0 threshold=>=0.5; cond_supports: measured=false threshold=true; cond_strain: measured=0.99951643231172382 threshold=<=0.5; cond_mac: measured=2.1639823926621484e-22 threshold=>=0.80000000000000004,0,0,0,converged; residual=3.355181652559632e-12
inf,3,diagnostic,3,320,109,1426.20431576051,3.50499625716606e-25,3.50499625716606e-25,3.50499625716606e-25,0,0.984633779633644,0.985585502218541,0,0,0,0,0,cond_kinetic: measured=0 threshold=>=0.5; cond_supports: measured=false threshold=true; cond_strain: measured=0.98463377963364407 threshold=<=0.5; cond_mac: measured=3.5049962571660608e-25 threshold=>=0.80000000000000004,0,0,0,converged; residual=8.4312951844608999e-12
inf,3,diagnostic,3,320,110,1451.42438912786,1.88060764351542e-07,1.88060764351542e-07,1.88060764351542e-07,0,0.997958064947793,0.999053954899263,0,0,0,0,0,cond_kinetic: measured=0 threshold=>=0.5; cond_supports: measured=false threshold=true; cond_strain: measured=0.99795806494779349 threshold=<=0.5; cond_mac: measured=1.8806076435154196e-07 threshold=>=0.80000000000000004,0,0,0,converged; residual=6.422606658374927e-12
inf,3,diagnostic,3,320,111,1451.58035599238,2.08830677269164e-20,2.08830677269164e-20,2.08830677269164e-20,0,0.999068587914413,0.999942403949342,0,0,0,0,0,cond_kinetic: measured=0 threshold=>=0.5; cond_supports: measured=false threshold=true; cond_strain: measured=0.99906858791441333 threshold=<=0.5; cond_mac: measured=2.0883067726916411e-20 threshold=>=0.80000000000000004,0,0,0,converged; residual=4.8349395462113013e-12
inf,3,diagnostic,3,320,112,1451.63586579492,6.90276328052949e-23,6.90276328052949e-23,6.90276328052949e-23,0,0.998910876099598,0.999704999575486,0,0,0,0,0,cond_kinetic: measured=0 threshold=>=0.5; cond_supports: measured=false threshold=true; cond_strain: measured=0.9989108760995975 threshold=<=0.5; cond_mac: measured=6.9027632805294853e-23 threshold=>=0.80000000000000004,0,0,0,converged; residual=6.7107949728702591e-12
inf,3,diagnostic,3,320,113,1451.75489551836,3.49019040527006e-23,3.49019040527006e-23,3.49019040527006e-23,0,0.994329035213375,0.994953017670397,0,0,0,0,0,cond_kinetic: measured=0 threshold=>=0.5; cond_supports: measured=false threshold=true; cond_strain: measured=0.99432903521337457 threshold=<=0.5; cond_mac: measured=3.4901904052700621e-23 threshold=>=0.80000000000000004,0,0,0,converged; residual=5.85891198809282e-12
inf,3,diagnostic,3,320,114,1464.65808803369,1.71162738979938e-09,1.71162738979938e-09,1.71162738979938e-09,0,0.999431262732166,0.999961466350349,0,0,0,0,0,cond_kinetic: measured=0 threshold=>=0.5; cond_supports: measured=false threshold=true; cond_strain: measured=0.99943126273216631 threshold=<=0.5; cond_mac: measured=1.7116273897993781e-09 threshold=>=0.80000000000000004,0,0,0,converged; residual=2.125752586395813e-12
inf,3,diagnostic,3,320,115,1468.83220577948,1.61253735366859e-08,1.61253735366859e-08,1.61253735366859e-08,0,0.995898874455695,0.997056091104177,0,0,0,0,0,cond_kinetic: measured=0 threshold=>=0.5; cond_supports: measured=false threshold=true; cond_strain: measured=0.99589887445569469 threshold=<=0.5; cond_mac: measured=1.6125373536685859e-08 threshold=>=0.80000000000000004,0,0,0,converged; residual=4.8025427104104741e-12
inf,3,diagnostic,3,320,116,1472.3938392783,1.0495433616426e-25,1.0495433616426e-25,1.0495433616426e-25,0,0.9893724235397,0.996756907562484,0,0,0,0,0,cond_kinetic: measured=0 threshold=>=0.5; cond_supports: measured=false threshold=true; cond_strain: measured=0.98937242353969967 threshold=<=0.5; cond_mac: measured=1.0495433616426016e-25 threshold=>=0.80000000000000004,0,0,0,converged; residual=4.2176590592898484e-12
inf,3,diagnostic,3,320,117,1491.00140827684,1.21984199703065e-09,1.21984199703065e-09,1.21984199703065e-09,0,0.999932024056774,0.999990482459302,0,0,0,0,0,cond_kinetic: measured=0 threshold=>=0.5; cond_supports: measured=false threshold=true; cond_strain: measured=0.99993202405677406 threshold=<=0.5; cond_mac: measured=1.2198419970306476e-09 threshold=>=0.80000000000000004,0,0,0,converged; residual=6.2617801645202563e-12
inf,3,diagnostic,3,320,118,1491.00240662112,3.65379224120809e-18,3.65379224120809e-18,3.65379224120809e-18,0,0.999942382366156,0.999999473234855,0,0,0,0,0,cond_kinetic: measured=0 threshold=>=0.5; cond_supports: measured=false threshold=true; cond_strain: measured=0.99994238236615629 threshold=<=0.5; cond_mac: measured=3.6537922412080906e-18 threshold=>=0.80000000000000004,0,0,0,converged; residual=7.5076421074877723e-12
inf,3,diagnostic,3,320,119,1491.00252207669,1.6388830026471e-20,1.6388830026471e-20,1.6388830026471e-20,0,0.999942178388597,0.9999991162219,0,0,0,0,0,cond_kinetic: measured=0 threshold=>=0.5; cond_supports: measured=false threshold=true; cond_strain: measured=0.99994217838859667 threshold=<=0.5; cond_mac: measured=1.6388830026470972e-20 threshold=>=0.80000000000000004,0,0,0,converged; residual=1.1979968615053348e-11
inf,3,diagnostic,3,320,120,1491.00305931165,1.10259909024569e-20,1.10259909024569e-20,1.10259909024569e-20,0,0.999933961148831,0.999990183501483,0,0,0,0,0,cond_kinetic: measured=0 threshold=>=0.5; cond_supports: measured=false threshold=true; cond_strain: measured=0.99993396114883104 threshold=<=0.5; cond_mac: measured=1.102599090245691e-20 threshold=>=0.80000000000000004,0,0,0,converged; residual=1.1730443986371308e-11
inf,3,diagnostic,3,320,121,1519.55045061373,7.99750247423672e-28,7.99750247423672e-28,7.99750247423672e-28,0,0.999313455333354,0.999852147493974,0,0,0,0,0,cond_kinetic: measured=0 threshold=>=0.5; cond_supports: measured=false threshold=true; cond_strain: measured=0.99931345533335358 threshold=<=0.5; cond_mac: measured=7.9975024742367221e-28 threshold=>=0.80000000000000004,0,0,0,converged; residual=4.7179521772167275e-12
inf,3,diagnostic,3,320,122,1545.61696812999,3.05896553718569e-26,3.05896553718569e-26,3.05896553718569e-26,0,0.999168778328836,0.999629437370637,0,0,0,0,0,cond_kinetic: measured=0 threshold=>=0.5; cond_supports: measured=false threshold=true; cond_strain: measured=0.99916877832883566 threshold=<=0.5; cond_mac: measured=3.0589655371856905e-26 threshold=>=0.80000000000000004,0,0,0,converged; residual=4.2650611590859722e-12
inf,3,diagnostic,3,320,123,1596.20443209028,2.00165055199635e-24,2.00165055199635e-24,2.00165055199635e-24,0,0.982455389827427,0.993562819030694,0,0,0,0,0,cond_kinetic: measured=0 threshold=>=0.5; cond_supports: measured=false threshold=true; cond_strain: measured=0.98245538982742686 threshold=<=0.5; cond_mac: measured=2.0016505519963475e-24 threshold=>=0.80000000000000004,0,0,0,converged; residual=3.5489968912449861e-12
inf,3,diagnostic,3,320,124,1607.39441156127,1.90037338438215e-22,1.90037338438215e-22,1.90037338438215e-22,0,0.963959952407092,0.986122705415345,0,0,0,0,0,cond_kinetic: measured=0 threshold=>=0.5; cond_supports: measured=false threshold=true; cond_strain: measured=0.96395995240709231 threshold=<=0.5; cond_mac: measured=1.9003733843821531e-22 threshold=>=0.80000000000000004,0,0,0,converged; residual=2.7005172377066218e-12
inf,3,diagnostic,3,320,125,1609.83030082927,2.62181994346062e-05,2.62181994346062e-05,2.62181994346062e-05,0,0.0730598486237402,0.0754986196996303,0,0,0,1,0,cond_kinetic: measured=0 threshold=>=0.5; cond_supports: measured=false threshold=true; cond_mac: measured=2.6218199434606222e-05 threshold=>=0.80000000000000004,0,0,0,converged; residual=6.7535546178223675e-12
inf,3,diagnostic,3,320,126,1630.7439869142,2.32822213135195e-06,2.32822213135195e-06,2.32822213135195e-06,0,0.936992530472562,0.936508681421967,0,0,0,0,0,cond_kinetic: measured=0 threshold=>=0.5; cond_supports: measured=false threshold=true; cond_strain: measured=0.9369925304725617 threshold=<=0.5; cond_mac: measured=2.3282221313519514e-06 threshold=>=0.80000000000000004,0,0,0,converged; residual=6.2838586537384972e-12
inf,3,diagnostic,3,320,127,1647.26432064996,4.49392147238304e-21,4.49392147238304e-21,4.49392147238304e-21,0,0.99946328223651,0.999990565874099,0,0,0,0,0,cond_kinetic: measured=0 threshold=>=0.5; cond_supports: measured=false threshold=true; cond_strain: measured=0.99946328223651004 threshold=<=0.5; cond_mac: measured=4.4939214723830382e-21 threshold=>=0.80000000000000004,0,0,0,converged; residual=3.2649371362205426e-12
inf,3,diagnostic,3,320,128,1647.26542117937,1.38316456892183e-18,1.38316456892183e-18,1.38316456892183e-18,0,0.999469538111633,0.999995193310532,0,0,0,0,0,cond_kinetic: measured=0 threshold=>=0.5; cond_supports: measured=false threshold=true; cond_strain: measured=0.99946953811163308 threshold=<=0.5; cond_mac: measured=1.3831645689218288e-18 threshold=>=0.80000000000000004,0,0,0,converged; residual=4.8034314976062935e-12
inf,3,diagnostic,3,320,129,1647.26606948239,1.24798676804353e-20,1.24798676804353e-20,1.24798676804353e-20,0,0.999469965198789,0.999994692883722,0,0,0,0,0,cond_kinetic: measured=0 threshold=>=0.5; cond_supports: measured=false threshold=true; cond_strain: measured=0.99946996519878939 threshold=<=0.5; cond_mac: measured=1.2479867680435331e-20 threshold=>=0.80000000000000004,0,0,0,converged; residual=1.9456670830673791e-12
inf,3,diagnostic,3,320,130,1647.26903302416,5.72536972332845e-09,5.72536972332845e-09,5.72536972332845e-09,0,0.999349376218229,0.99987047716939,0,0,0,0,0,cond_kinetic: measured=0 threshold=>=0.5; cond_supports: measured=false threshold=true; cond_strain: measured=0.9993493762182285 threshold=<=0.5; cond_mac: measured=5.7253697233284549e-09 threshold=>=0.80000000000000004,0,0,0,converged; residual=7.0919033163879948e-12
inf,3,diagnostic,3,320,131,1656.76000608485,2.05959056267961e-25,2.05959056267961e-25,2.05959056267961e-25,0,0.991008053079582,0.995320169373365,0,0,0,0,0,cond_kinetic: measured=0 threshold=>=0.5; cond_supports: measured=false threshold=true; cond_strain: measured=0.99100805307958195 threshold=<=0.5; cond_mac: measured=2.0595905626796132e-25 threshold=>=0.80000000000000004,0,0,0,converged; residual=3.4307911096788997e-12
inf,3,diagnostic,3,320,132,1691.63212297256,3.68503896121934e-07,3.68503896121934e-07,3.68503896121934e-07,0,0.992041801856514,0.99521597508083,0,0,0,0,0,cond_kinetic: measured=0 threshold=>=0.5; cond_supports: measured=false threshold=true; cond_strain: measured=0.99204180185651392 threshold=<=0.5; cond_mac: measured=3.6850389612193362e-07 threshold=>=0.80000000000000004,0,0,0,converged; residual=3.2856942752391371e-12
inf,3,diagnostic,3,320,133,1731.5624769855,1.78396033002829e-24,1.78396033002829e-24,1.78396033002829e-24,0,0.994091335483481,0.996388282729501,0,0,0,0,0,cond_kinetic: measured=0 threshold=>=0.5; cond_supports: measured=false threshold=true; cond_strain: measured=0.99409133548348128 threshold=<=0.5; cond_mac: measured=1.7839603300282913e-24 threshold=>=0.80000000000000004,0,0,0,converged; residual=4.977716826564674e-12
inf,3,diagnostic,3,320,134,1773.23535698825,3.97516369591579e-29,3.97516369591579e-29,3.97516369591579e-29,0,0.968892082916577,0.989759683584564,0,0,0,0,0,cond_kinetic: measured=0 threshold=>=0.5; cond_supports: measured=false threshold=true; cond_strain: measured=0.96889208291657691 threshold=<=0.5; cond_mac: measured=3.9751636959157934e-29 threshold=>=0.80000000000000004,0,0,0,converged; residual=3.9469726689427757e-12
inf,3,diagnostic,3,320,135,1773.82447929302,1.32165775455048e-26,1.32165775455048e-26,1.32165775455048e-26,0,0.975473659590574,0.986654202915434,0,0,0,0,0,cond_kinetic: measured=0 threshold=>=0.5; cond_supports: measured=false threshold=true; cond_strain: measured=0.9754736595905743 threshold=<=0.5; cond_mac: measured=1.3216577545504807e-26 threshold=>=0.80000000000000004,0,0,0,converged; residual=3.6493820567087744e-12
inf,3,diagnostic,3,320,136,1851.53018423263,9.88094066333135e-24,9.88094066333135e-24,9.88094066333135e-24,0,0.943348339294705,0.94872802388172,0,0,0,0,0,cond_kinetic: measured=0 threshold=>=0.5; cond_supports: measured=false threshold=true; cond_strain: measured=0.94334833929470518 threshold=<=0.5; cond_mac: measured=9.8809406633313484e-24 threshold=>=0.80000000000000004,0,0,0,converged; residual=5.4455279862693525e-12
inf,3,diagnostic,3,320,137,1852.38794421903,3.90871933824858e-20,3.90871933824858e-20,3.90871933824858e-20,0,0.994962046743551,0.9983821108988,0,0,0,0,0,cond_kinetic: measured=0 threshold=>=0.5; cond_supports: measured=false threshold=true; cond_strain: measured=0.99496204674355093 threshold=<=0.5; cond_mac: measured=3.9087193382485816e-20 threshold=>=0.80000000000000004,0,0,0,converged; residual=4.2336007180807429e-12
inf,3,diagnostic,3,320,138,1852.59729355386,4.71417532016645e-07,4.71417532016645e-07,4.71417532016645e-07,0,0.995567319406503,0.99865558625702,0,0,0,0,0,cond_kinetic: measured=0 threshold=>=0.5; cond_supports: measured=false threshold=true; cond_strain: measured=0.99556731940650345 threshold=<=0.5; cond_mac: measured=4.7141753201664548e-07 threshold=>=0.80000000000000004,0,0,0,converged; residual=3.7504224330621068e-12
inf,3,diagnostic,3,320,139,1852.66915803587,1.44613874273429e-21,1.44613874273429e-21,1.44613874273429e-21,0,0.995851428850155,0.998851135978339,0,0,0,0,0,cond_kinetic: measured=0 threshold=>=0.5; cond_supports: measured=false threshold=true; cond_strain: measured=0.99585142885015454 threshold=<=0.5; cond_mac: measured=1.4461387427342931e-21 threshold=>=0.80000000000000004,0,0,0,converged; residual=2.6859479432397315e-12
inf,3,diagnostic,3,320,140,1862.33566799561,1.54771357915003e-22,1.54771357915003e-22,1.54771357915003e-22,0,0.682225782689463,0.698210164030811,0,0,0,0,0,cond_kinetic: measured=0 threshold=>=0.5; cond_supports: measured=false threshold=true; cond_strain: measured=0.68222578268946277 threshold=<=0.5; cond_mac: measured=1.5477135791500253e-22 threshold=>=0.80000000000000004,0,0,0,converged; residual=5.3125302856058868e-12
inf,3,diagnostic,3,320,141,1864.02219562029,1.71836683776558e-22,1.71836683776558e-22,1.71836683776558e-22,0,0.971551240577017,0.987040916539852,0,0,0,0,0,cond_kinetic: measured=0 threshold=>=0.5; cond_supports: measured=false threshold=true; cond_strain: measured=0.97155124057701658 threshold=<=0.5; cond_mac: measured=1.718366837765577e-22 threshold=>=0.80000000000000004,0,0,0,converged; residual=4.5705049389636351e-12
inf,3,diagnostic,3,320,142,1864.34029477896,1.76909934684785e-07,1.76909934684785e-07,1.76909934684785e-07,0,0.992233005432621,0.997512441963859,0,0,0,0,0,cond_kinetic: measured=0 threshold=>=0.5; cond_supports: measured=false threshold=true; cond_strain: measured=0.9922330054326215 threshold=<=0.5; cond_mac: measured=1.7690993468478523e-07 threshold=>=0.80000000000000004,0,0,0,converged; residual=1.7487907601347305e-12
inf,3,diagnostic,3,320,143,1865.47920915083,4.50356572121145e-23,4.50356572121145e-23,4.50356572121145e-23,0,0.668205577213857,0.69813651720898,0,0,0,0,0,cond_kinetic: measured=0 threshold=>=0.5; cond_supports: measured=false threshold=true; cond_strain: measured=0.66820557721385709 threshold=<=0.5; cond_mac: measured=4.5035657212114456e-23 threshold=>=0.80000000000000004,0,0,0,converged; residual=4.0957150902890045e-12
inf,3,diagnostic,3,320,144,1875.60001828288,3.12068570399863e-07,3.12068570399863e-07,3.12068570399863e-07,0,0.993171255410739,0.999464763792179,0,0,0,0,0,cond_kinetic: measured=0 threshold=>=0.5; cond_supports: measured=false threshold=true; cond_strain: measured=0.99317125541073881 threshold=<=0.5; cond_mac: measured=3.1206857039986288e-07 threshold=>=0.80000000000000004,0,0,0,converged; residual=2.4444582663797559e-11
inf,3,diagnostic,3,320,145,1875.67395313357,5.18411770871408e-22,5.18411770871408e-22,5.18411770871408e-22,0,0.993373267508734,0.99959561040095,0,0,0,0,0,cond_kinetic: measured=0 threshold=>=0.5; cond_supports: measured=false threshold=true; cond_strain: measured=0.99337326750873411 threshold=<=0.5; cond_mac: measured=5.1841177087140833e-22 threshold=>=0.80000000000000004,0,0,0,converged; residual=4.8481209526045945e-12
inf,3,diagnostic,3,320,146,1875.67728689428,1.86450159590861e-19,1.86450159590861e-19,1.86450159590861e-19,0,0.992659983452083,0.998840058889816,0,0,0,0,0,cond_kinetic: measured=0 threshold=>=0.5; cond_supports: measured=false threshold=true; cond_strain: measured=0.99265998345208306 threshold=<=0.5; cond_mac: measured=1.8645015959086144e-19 threshold=>=0.80000000000000004,0,0,0,converged; residual=2.6289651451790354e-12
inf,3,diagnostic,3,320,147,1875.8945891001,7.62514810291863e-23,7.62514810291863e-23,7.62514810291863e-23,0,0.99356111954377,0.999552794657528,0,0,0,0,0,cond_kinetic: measured=0 threshold=>=0.5; cond_supports: measured=false threshold=true; cond_strain: measured=0.99356111954377013 threshold=<=0.5; cond_mac: measured=7.6251481029186338e-23 threshold=>=0.80000000000000004,0,0,0,converged; residual=2.9468724987440726e-11
inf,3,diagnostic,3,320,148,1891.25726521261,2.52831368267153e-24,2.52831368267153e-24,2.52831368267153e-24,0,0.952131317618298,0.953099151075071,0,0,0,0,0,cond_kinetic: measured=0 threshold=>=0.5; cond_supports: measured=false threshold=true; cond_strain: measured=0.95213131761829772 threshold=<=0.5; cond_mac: measured=2.5283136826715311e-24 threshold=>=0.80000000000000004,0,0,0,converged; residual=5.1723376591919262e-12
inf,3,diagnostic,3,320,149,1892.06227291445,7.91231758380834e-08,7.91231758380834e-08,7.91231758380834e-08,0,0.999099715246001,0.999474321115091,0,0,0,0,0,cond_kinetic: measured=0 threshold=>=0.5; cond_supports: measured=false threshold=true; cond_strain: measured=0.99909971524600105 threshold=<=0.5; cond_mac: measured=7.9123175838083355e-08 threshold=>=0.80000000000000004,0,0,0,converged; residual=3.5092580499720152e-12
inf,3,diagnostic,3,320,150,1892.07036986661,4.96924842660352e-18,4.96924842660352e-18,4.96924842660352e-18,0,0.999447001020427,0.999813008052927,0,0,0,0,0,cond_kinetic: measured=0 threshold=>=0.5; cond_supports: measured=false threshold=true; cond_strain: measured=0.99944700102042727 threshold=<=0.5; cond_mac: measured=4.9692484266035208e-18 threshold=>=0.80000000000000004,0,0,0,converged; residual=2.3035807018173164e-12
inf,3,diagnostic,3,320,151,1892.09699409122,1.60078674316506e-21,1.60078674316506e-21,1.60078674316506e-21,0,0.999520503741953,0.999855221238636,0,0,0,0,0,cond_kinetic: measured=0 threshold=>=0.5; cond_supports: measured=false threshold=true; cond_strain: measured=0.99952050374195256 threshold=<=0.5; cond_mac: measured=1.6007867431650598e-21 threshold=>=0.80000000000000004,0,0,0,converged; residual=7.6456107145866614e-12
inf,3,diagnostic,3,320,152,1900.43908413415,1.26105478453355e-25,1.26105478453355e-25,1.26105478453355e-25,0,0.448255792346009,0.446470926595434,0,0,0,1,0,cond_kinetic: measured=0 threshold=>=0.5; cond_supports: measured=false threshold=true; cond_mac: measured=1.2610547845335523e-25 threshold=>=0.80000000000000004,0,0,0,converged; residual=4.9634919393611287e-12
inf,3,diagnostic,3,320,153,1902.58657684514,2.67094991118703e-27,2.67094991118703e-27,2.67094991118703e-27,0,0.783798419164314,0.785494712830163,0,0,0,0,0,cond_kinetic: measured=0 threshold=>=0.5; cond_supports: measured=false threshold=true; cond_strain: measured=0.78379841916431414 threshold=<=0.5; cond_mac: measured=2.6709499111870274e-27 threshold=>=0.80000000000000004,0,0,0,converged; residual=4.024434256876481e-12
inf,3,diagnostic,3,320,154,1926.63473006766,2.69747330092495e-09,2.69747330092495e-09,2.69747330092495e-09,0,0.995825319833446,0.999181714659379,0,0,0,0,0,cond_kinetic: measured=0 threshold=>=0.5; cond_supports: measured=false threshold=true; cond_strain: measured=0.99582531983344624 threshold=<=0.5; cond_mac: measured=2.6974733009249513e-09 threshold=>=0.80000000000000004,0,0,0,converged; residual=1.8363474141370987e-12
inf,3,diagnostic,3,320,155,1929.75578419422,1.07133498905357e-24,1.07133498905357e-24,1.07133498905357e-24,0,0.978381731802424,0.978947422958824,0,0,0,0,0,cond_kinetic: measured=0 threshold=>=0.5; cond_supports: measured=false threshold=true; cond_strain: measured=0.97838173180242427 threshold=<=0.5; cond_mac: measured=1.0713349890535715e-24 threshold=>=0.80000000000000004,0,0,0,converged; residual=5.0656247954516241e-12
inf,3,diagnostic,3,320,156,1930.54876979962,7.00989618030613e-26,7.00989618030613e-26,7.00989618030613e-26,0,0.998432494412861,0.999328422235384,0,0,0,0,0,cond_kinetic: measured=0 threshold=>=0.5; cond_supports: measured=false threshold=true; cond_strain: measured=0.99843249441286097 threshold=<=0.5; cond_mac: measured=7.0098961803061291e-26 threshold=>=0.80000000000000004,0,0,0,converged; residual=3.4480493565421667e-12
inf,3,diagnostic,3,320,157,1935.94011856219,2.98388870103866e-26,2.98388870103866e-26,2.98388870103866e-26,0,0.563561371458809,0.559447284113201,0,0,0,0,0,cond_kinetic: measured=0 threshold=>=0.5; cond_supports: measured=false threshold=true; cond_strain: measured=0.56356137145880936 threshold=<=0.5; cond_mac: measured=2.9838887010386586e-26 threshold=>=0.80000000000000004,0,0,0,converged; residual=4.7208222805020692e-12
inf,3,diagnostic,3,320,158,1945.37553544458,2.79425805772112e-08,2.79425805772112e-08,2.79425805772112e-08,0,0.997198009147755,0.999277807254095,0,0,0,0,0,cond_kinetic: measured=0 threshold=>=0.5; cond_supports: measured=false threshold=true; cond_strain: measured=0.99719800914775514 threshold=<=0.5; cond_mac: measured=2.7942580577211246e-08 threshold=>=0.80000000000000004,0,0,0,converged; residual=4.6524199252277978e-12
inf,3,diagnostic,3,320,159,1972.5036923662,5.06130675653012e-19,5.06130675653012e-19,5.06130675653012e-19,0,0.998656111844472,0.999809896656687,0,0,0,0,0,cond_kinetic: measured=0 threshold=>=0.5; cond_supports: measured=false threshold=true; cond_strain: measured=0.99865611184447223 threshold=<=0.5; cond_mac: measured=5.0613067565301152e-19 threshold=>=0.80000000000000004,0,0,0,converged; residual=4.9777858067271666e-12
inf,3,diagnostic,3,320,160,1972.51692556739,1.97916166856871e-08,1.97916166856871e-08,1.97916166856871e-08,0,0.998812473979718,0.999951254462708,0,0,0,0,0,cond_kinetic: measured=0 threshold=>=0.5; cond_supports: measured=false threshold=true; cond_strain: measured=0.99881247397971784 threshold=<=0.5; cond_mac: measured=1.9791616685687054e-08 threshold=>=0.80000000000000004,0,0,0,converged; residual=5.3774248879769952e-12
inf,3,diagnostic,3,320,161,1972.52019157363,3.75812863657154e-20,3.75812863657154e-20,3.75812863657154e-20,0,0.998829455018064,0.999964801941385,0,0,0,0,0,cond_kinetic: measured=0 threshold=>=0.5; cond_supports: measured=false threshold=true; cond_strain: measured=0.99882945501806419 threshold=<=0.5; cond_mac: measured=3.758128636571538e-20 threshold=>=0.80000000000000004,0,0,0,converged; residual=6.9026788532051976e-12
inf,3,diagnostic,3,320,162,1972.52081358978,3.33571547786074e-20,3.33571547786074e-20,3.33571547786074e-20,0,0.998814928818012,0.999949541995624,0,0,0,0,0,cond_kinetic: measured=0 threshold=>=0.5; cond_supports: measured=false threshold=true; cond_strain: measured=0.99881492881801182 threshold=<=0.5; cond_mac: measured=3.33571547786074e-20 threshold=>=0.80000000000000004,0,0,0,converged; residual=8.7982265718788854e-12
inf,3,diagnostic,3,320,163,2022.42215435867,2.52905546320507e-06,2.52905546320507e-06,2.52905546320507e-06,0,0.985858354889615,0.988955165815417,0,0,0,0,0,cond_kinetic: measured=0 threshold=>=0.5; cond_supports: measured=false threshold=true; cond_strain: measured=0.98585835488961537 threshold=<=0.5; cond_mac: measured=2.5290554632050734e-06 threshold=>=0.80000000000000004,0,0,0,converged; residual=6.0345391562908319e-12
inf,3,diagnostic,3,320,164,2022.65861927676,1.9840437916036e-19,1.9840437916036e-19,1.9840437916036e-19,0,0.986536192215289,0.989488144061074,0,0,0,0,0,cond_kinetic: measured=0 threshold=>=0.5; cond_supports: measured=false threshold=true; cond_strain: measured=0.98653619221528854 threshold=<=0.5; cond_mac: measured=1.9840437916035961e-19 threshold=>=0.80000000000000004,0,0,0,converged; residual=5.5151524666680486e-12
inf,3,diagnostic,3,320,165,2023.13475609506,7.4143028735511e-23,7.4143028735511e-23,7.4143028735511e-23,0,0.997420814080498,0.999724060171076,0,0,0,0,0,cond_kinetic: measured=0 threshold=>=0.5; cond_supports: measured=false threshold=true; cond_strain: measured=0.99742081408049788 threshold=<=0.5; cond_mac: measured=7.4143028735510982e-23 threshold=>=0.80000000000000004,0,0,0,converged; residual=5.9547521758120816e-12
inf,3,diagnostic,3,320,166,2023.42497469073,4.36396226902432e-23,4.36396226902432e-23,4.36396226902432e-23,0,0.994886673739589,0.996908510611326,0,0,0,0,0,cond_kinetic: measured=0 threshold=>=0.5; cond_supports: measured=false threshold=true; cond_strain: measured=0.99488667373958883 threshold=<=0.5; cond_mac: measured=4.3639622690243217e-23 threshold=>=0.80000000000000004,0,0,0,converged; residual=3.1199219900087312e-12
inf,3,diagnostic,3,320,167,2056.22629838992,2.96702847104441e-26,2.96702847104441e-26,2.96702847104441e-26,0,0.985937356909807,0.994184226781908,0,0,0,0,0,cond_kinetic: measured=0 threshold=>=0.5; cond_supports: measured=false threshold=true; cond_strain: measured=0.98593735690980677 threshold=<=0.5; cond_mac: measured=2.9670284710444132e-26 threshold=>=0.80000000000000004,0,0,0,converged; residual=1.8785654784229868e-12
inf,3,diagnostic,3,320,168,2058.26356346315,7.50022172094671e-24,7.50022172094671e-24,7.50022172094671e-24,0,0.340846354164476,0.36732552482456,0,0,0,1,0,cond_kinetic: measured=0 threshold=>=0.5; cond_supports: measured=false threshold=true; cond_mac: measured=7.5002217209467117e-24 threshold=>=0.80000000000000004,0,0,0,converged; residual=4.4230360957587936e-12
inf,3,diagnostic,3,320,169,2069.06220509964,3.11859518275094e-08,3.11859518275094e-08,3.11859518275094e-08,0,0.983896822692212,0.99498465966735,0,0,0,0,0,cond_kinetic: measured=0 threshold=>=0.5; cond_supports: measured=false threshold=true; cond_strain: measured=0.98389682269221224 threshold=<=0.5; cond_mac: measured=3.1185951827509446e-08 threshold=>=0.80000000000000004,0,0,0,converged; residual=1.9386452636275293e-12
inf,3,diagnostic,3,320,170,2075.59007446478,8.67888816683049e-23,8.67888816683049e-23,8.67888816683049e-23,0,0.989204100341567,0.992153946802106,0,0,0,0,0,cond_kinetic: measured=0 threshold=>=0.5; cond_supports: measured=false threshold=true; cond_strain: measured=0.98920410034156692 threshold=<=0.5; cond_mac: measured=8.6788881668304906e-23 threshold=>=0.80000000000000004,0,0,0,converged; residual=3.3284510137639273e-12
inf,3,diagnostic,3,320,171,2084.81876896198,3.08126931298393e-05,3.08126931298393e-05,3.08126931298393e-05,0,0.883181509681378,0.885818769363048,0,0,0,0,0,cond_kinetic: measured=0 threshold=>=0.5; cond_supports: measured=false threshold=true; cond_strain: measured=0.88318150968137787 threshold=<=0.5; cond_mac: measured=3.0812693129839307e-05 threshold=>=0.80000000000000004,0,0,0,converged; residual=3.3652683001246935e-12
inf,3,diagnostic,3,320,172,2085.98909525229,6.34754028066649e-22,6.34754028066649e-22,6.34754028066649e-22,0,0.999423829220414,0.999935929765911,0,0,0,0,0,cond_kinetic: measured=0 threshold=>=0.5; cond_supports: measured=false threshold=true; cond_strain: measured=0.99942382922041395 threshold=<=0.5; cond_mac: measured=6.3475402806664856e-22 threshold=>=0.80000000000000004,0,0,0,converged; residual=2.2831773562782052e-12
inf,3,diagnostic,3,320,173,2086.02242274809,4.44546530982077e-22,4.44546530982077e-22,4.44546530982077e-22,0,0.999220346614509,0.99970315498845,0,0,0,0,0,cond_kinetic: measured=0 threshold=>=0.5; cond_supports: measured=false threshold=true; cond_strain: measured=0.99922034661450854 threshold=<=0.5; cond_mac: measured=4.4454653098207674e-22 threshold=>=0.80000000000000004,0,0,0,converged; residual=1.9664503303272727e-12
inf,3,diagnostic,3,320,174,2086.07409818384,1.09874862882628e-19,1.09874862882628e-19,1.09874862882628e-19,0,0.997961860630877,0.998667364781218,0,0,0,0,0,cond_kinetic: measured=0 threshold=>=0.5; cond_supports: measured=false threshold=true; cond_strain: measured=0.997961860630877 threshold=<=0.5; cond_mac: measured=1.0987486288262782e-19 threshold=>=0.80000000000000004,0,0,0,converged; residual=1.0779661820835533e-11
inf,3,diagnostic,3,320,175,2092.77502474288,0.000156970746453825,0.000156970746453825,0.000156970746453825,0,0.40489662443739,0.411665942473887,0,0,0,1,0,cond_kinetic: measured=0 threshold=>=0.5; cond_supports: measured=false threshold=true; cond_mac: measured=0.00015697074645382546 threshold=>=0.80000000000000004,0,0,0,converged; residual=3.2567917427288559e-12
inf,3,diagnostic,3,320,176,2102.51421259373,1.59430104231553e-23,1.59430104231553e-23,1.59430104231553e-23,0,0.984606199048981,0.99184439356772,0,0,0,0,0,cond_kinetic: measured=0 threshold=>=0.5; cond_supports: measured=false threshold=true; cond_strain: measured=0.9846061990489805 threshold=<=0.5; cond_mac: measured=1.5943010423155261e-23 threshold=>=0.80000000000000004,0,0,0,converged; residual=2.5793123314115411e-12
inf,3,diagnostic,3,320,177,2107.44000448756,7.84429107267524e-21,7.84429107267524e-21,7.84429107267524e-21,0,0.97822821392124,0.98160478179139,0,0,0,0,0,cond_kinetic: measured=0 threshold=>=0.5; cond_supports: measured=false threshold=true; cond_strain: measured=0.97822821392123982 threshold=<=0.5; cond_mac: measured=7.8442910726752361e-21 threshold=>=0.80000000000000004,0,0,0,converged; residual=4.7974348520837944e-12
inf,3,diagnostic,3,320,178,2108.49653977856,6.90343586872605e-23,6.90343586872605e-23,6.90343586872605e-23,0,0.998288650972184,0.999445862994734,0,0,0,0,0,cond_kinetic: measured=0 threshold=>=0.5; cond_supports: measured=false threshold=true; cond_strain: measured=0.998288650972184 threshold=<=0.5; cond_mac: measured=6.9034358687260496e-23 threshold=>=0.80000000000000004,0,0,0,converged; residual=3.2706323754595549e-12
inf,3,diagnostic,3,320,179,2108.83243209879,4.03403713172792e-23,4.03403713172792e-23,4.03403713172792e-23,0,0.9959198668595,0.99676373267504,0,0,0,0,0,cond_kinetic: measured=0 threshold=>=0.5; cond_supports: measured=false threshold=true; cond_strain: measured=0.99591986685949996 threshold=<=0.5; cond_mac: measured=4.0340371317279175e-23 threshold=>=0.80000000000000004,0,0,0,converged; residual=1.9372808097318418e-12
inf,3,diagnostic,3,320,180,2112.32231113986,1.28244536933525e-20,1.28244536933525e-20,1.28244536933525e-20,0,0.94106964689023,0.941631582112243,0,0,0,0,0,cond_kinetic: measured=0 threshold=>=0.5; cond_supports: measured=false threshold=true; cond_strain: measured=0.9410696468902302 threshold=<=0.5; cond_mac: measured=1.2824453693352503e-20 threshold=>=0.80000000000000004,0,0,0,converged; residual=4.4949979930036549e-12
inf,3,diagnostic,3,320,181,2114.18633708553,5.9055496978118e-05,5.9055496978118e-05,5.9055496978118e-05,0,0.77625535146219,0.774893849407688,0,0,0,0,0,cond_kinetic: measured=0 threshold=>=0.5; cond_supports: measured=false threshold=true; cond_strain: measured=0.77625535146218982 threshold=<=0.5; cond_mac: measured=5.9055496978117963e-05 threshold=>=0.80000000000000004,0,0,0,converged; residual=2.7060290805161002e-12
inf,3,diagnostic,3,320,182,2129.13650501876,8.13591897125204e-24,8.13591897125204e-24,8.13591897125204e-24,0,0.706214889554359,0.726367670384829,0,0,0,0,0,cond_kinetic: measured=0 threshold=>=0.5; cond_supports: measured=false threshold=true; cond_strain: measured=0.70621488955435929 threshold=<=0.5; cond_mac: measured=8.1359189712520448e-24 threshold=>=0.80000000000000004,0,0,0,converged; residual=4.2932170375892394e-12
inf,3,diagnostic,3,320,183,2147.00846212939,1.93305437395017e-05,1.93305437395017e-05,1.93305437395017e-05,0,0.946849257835721,0.951793980798254,0,0,0,0,0,cond_kinetic: measured=0 threshold=>=0.5; cond_supports: measured=false threshold=true; cond_strain: measured=0.94684925783572071 threshold=<=0.5; cond_mac: measured=1.9330543739501727e-05 threshold=>=0.80000000000000004,0,0,0,converged; residual=2.2688641331944519e-12
inf,3,diagnostic,3,320,184,2167.79363306359,1.60361448376639e-22,1.60361448376639e-22,1.60361448376639e-22,0,0.987510488927462,0.991165202022471,0,0,0,0,0,cond_kinetic: measured=0 threshold=>=0.5; cond_supports: measured=false threshold=true; cond_strain: measured=0.98751048892746218 threshold=<=0.5; cond_mac: measured=1.6036144837663875e-22 threshold=>=0.80000000000000004,0,0,0,converged; residual=2.3415153661583073e-12
inf,3,diagnostic,3,320,185,2170.48552054406,4.92429856329532e-25,4.92429856329532e-25,4.92429856329532e-25,0,0.911657091126098,0.947883705385547,0,0,0,0,0,cond_kinetic: measured=0 threshold=>=0.5; cond_supports: measured=false threshold=true; cond_strain: measured=0.91165709112609772 threshold=<=0.5; cond_mac: measured=4.9242985632953207e-25 threshold=>=0.80000000000000004,0,0,0,converged; residual=3.5087510100785024e-12
inf,3,diagnostic,3,320,186,2209.84659457746,4.10712105602747e-22,4.10712105602747e-22,4.10712105602747e-22,0,0.999711744308139,0.999969985411006,0,0,0,0,0,cond_kinetic: measured=0 threshold=>=0.5; cond_supports: measured=false threshold=true; cond_strain: measured=0.99971174430813914 threshold=<=0.5; cond_mac: measured=4.1071210560274734e-22 threshold=>=0.80000000000000004,0,0,0,converged; residual=9.231007056892668e-12
inf,3,diagnostic,3,320,187,2209.85063881977,5.41207591672344e-22,5.41207591672344e-22,5.41207591672344e-22,0,0.999704016578019,0.999958279343895,0,0,0,0,0,cond_kinetic: measured=0 threshold=>=0.5; cond_supports: measured=false threshold=true; cond_strain: measured=0.99970401657801911 threshold=<=0.5; cond_mac: measured=5.4120759167234367e-22 threshold=>=0.80000000000000004,0,0,0,converged; residual=2.9469301107161167e-12
inf,3,diagnostic,3,320,188,2209.86524533954,5.3255249579863e-09,5.3255249579863e-09,5.3255249579863e-09,0,0.99960119007146,0.999841596435559,0,0,0,0,0,cond_kinetic: measured=0 threshold=>=0.5; cond_supports: measured=false threshold=true; cond_strain: measured=0.9996011900714602 threshold=<=0.5; cond_mac: measured=5.3255249579863022e-09 threshold=>=0.80000000000000004,0,0,0,converged; residual=3.4838429157829129e-12
inf,3,diagnostic,3,320,189,2209.86601611292,5.25333839051803e-17,5.25333839051803e-17,5.25333839051803e-17,0,0.999617883926279,0.999856188011769,0,0,0,0,0,cond_kinetic: measured=0 threshold=>=0.5; cond_supports: measured=false threshold=true; cond_strain: measured=0.99961788392627926 threshold=<=0.5; cond_mac: measured=5.2533383905180256e-17 threshold=>=0.80000000000000004,0,0,0,converged; residual=3.9720998368531653e-12
inf,3,diagnostic,3,320,190,2217.91099944461,6.68485684703483e-25,6.68485684703483e-25,6.68485684703483e-25,0,0.982702486778923,0.990079064714043,0,0,0,0,0,cond_kinetic: measured=0 threshold=>=0.5; cond_supports: measured=false threshold=true; cond_strain: measured=0.9827024867789228 threshold=<=0.5; cond_mac: measured=6.6848568470348334e-25 threshold=>=0.80000000000000004,0,0,0,converged; residual=3.8011915760799808e-12
inf,3,diagnostic,3,320,191,2262.71614232059,1.34653136093935e-26,1.34653136093935e-26,1.34653136093935e-26,0,0.982652503946859,0.988252128806046,0,0,0,0,0,cond_kinetic: measured=0 threshold=>=0.5; cond_supports: measured=false threshold=true; cond_strain: measured=0.98265250394685888 threshold=<=0.5; cond_mac: measured=1.3465313609393475e-26 threshold=>=0.80000000000000004,0,0,0,converged; residual=2.909928705534791e-12
inf,3,diagnostic,3,320,192,2284.76192364832,3.00487456813496e-23,3.00487456813496e-23,3.00487456813496e-23,0,0.998024805603587,0.998853008770285,0,0,0,0,0,cond_kinetic: measured=0 threshold=>=0.5; cond_supports: measured=false threshold=true; cond_strain: measured=0.99802480560358697 threshold=<=0.5; cond_mac: measured=3.0048745681349572e-23 threshold=>=0.80000000000000004,0,0,0,converged; residual=2.8535884705626313e-12
inf,3,diagnostic,3,320,193,2289.01293587301,4.44871262570778e-21,4.44871262570778e-21,4.44871262570778e-21,0,0.964668769822665,0.981869028635715,0,0,0,0,0,cond_kinetic: measured=0 threshold=>=0.5; cond_supports: measured=false threshold=true; cond_strain: measured=0.96466876982266536 threshold=<=0.5; cond_mac: measured=4.448712625707777e-21 threshold=>=0.80000000000000004,0,0,0,converged; residual=1.7404223744614125e-12
inf,3,diagnostic,3,320,194,2291.93509826487,1.60490450753568e-20,1.60490450753568e-20,1.60490450753568e-20,0,0.999212686565318,0.999916876779403,0,0,0,0,0,cond_kinetic: measured=0 threshold=>=0.5; cond_supports: measured=false threshold=true; cond_strain: measured=0.99921268656531848 threshold=<=0.5; cond_mac: measured=1.6049045075356772e-20 threshold=>=0.80000000000000004,0,0,0,converged; residual=5.5373168145124935e-12
inf,3,diagnostic,3,320,195,2291.93775943459,6.9613869720745e-20,6.9613869720745e-20,6.9613869720745e-20,0,0.999300322637604,0.99997165422257,0,0,0,0,0,cond_kinetic: measured=0 threshold=>=0.5; cond_supports: measured=false threshold=true; cond_strain: measured=0.99930032263760371 threshold=<=0.5; cond_mac: measured=6.9613869720745044e-20 threshold=>=0.80000000000000004,0,0,0,converged; residual=8.0789428289634851e-12
inf,3,diagnostic,3,320,196,2291.94035529253,9.28829659603155e-17,9.28829659603155e-17,9.28829659603155e-17,0,0.999296793743799,0.99996646285154,0,0,0,0,0,cond_kinetic: measured=0 threshold=>=0.5; cond_supports: measured=false threshold=true; cond_strain: measured=0.99929679374379898 threshold=<=0.5; cond_mac: measured=9.2882965960315473e-17 threshold=>=0.80000000000000004,0,0,0,converged; residual=9.1550536957759715e-12
inf,3,diagnostic,3,320,197,2291.94190056809,3.83845478038321e-08,3.83845478038321e-08,3.83845478038321e-08,0,0.999262522192821,0.999933184562461,0,0,0,0,0,cond_kinetic: measured=0 threshold=>=0.5; cond_supports: measured=false threshold=true; cond_strain: measured=0.99926252219282097 threshold=<=0.5; cond_mac: measured=3.838454780383213e-08 threshold=>=0.80000000000000004,0,0,0,converged; residual=4.6794771895566684e-12
inf,3,diagnostic,3,320,198,2295.42937657916,1.4551876063748e-05,1.4551876063748e-05,1.4551876063748e-05,0,0.956282506875271,0.973808780887645,0,0,0,0,0,cond_kinetic: measured=0 threshold=>=0.5; cond_supports: measured=false threshold=true; cond_strain: measured=0.95628250687527061 threshold=<=0.5; cond_mac: measured=1.4551876063748008e-05 threshold=>=0.80000000000000004,0,0,0,converged; residual=2.4904715612016949e-12
inf,3,diagnostic,3,320,199,2311.94149893157,3.87016060151378e-22,3.87016060151378e-22,3.87016060151378e-22,0,0.998328938561559,0.999593323993582,0,0,0,0,0,cond_kinetic: measured=0 threshold=>=0.5; cond_supports: measured=false threshold=true; cond_strain: measured=0.99832893856155924 threshold=<=0.5; cond_mac: measured=3.8701606015137814e-22 threshold=>=0.80000000000000004,0,0,0,converged; residual=5.3614371519700976e-12
inf,3,diagnostic,3,320,200,2311.94668830633,7.4913252734263e-22,7.4913252734263e-22,7.4913252734263e-22,0,0.998627407147438,0.999887648533531,0,0,0,0,0,cond_kinetic: measured=0 threshold=>=0.5; cond_supports: measured=false threshold=true; cond_strain: measured=0.99862740714743847 threshold=<=0.5; cond_mac: measured=7.4913252734262971e-22 threshold=>=0.80000000000000004,0,0,0,converged; residual=7.5087307674028179e-12
inf,3,diagnostic,3,320,201,2311.96584076077,5.44697581871199e-19,5.44697581871199e-19,5.44697581871199e-19,0,0.998618895355667,0.999862030921376,0,0,0,0,0,cond_kinetic: measured=0 threshold=>=0.5; cond_supports: measured=false threshold=true; cond_strain: measured=0.9986188953556665 threshold=<=0.5; cond_mac: measured=5.4469758187119916e-19 threshold=>=0.80000000000000004,0,0,0,converged; residual=1.0806628915454027e-11
inf,3,diagnostic,3,320,202,2311.9913550337,5.81300796141532e-08,5.81300796141532e-08,5.81300796141532e-08,0,0.998622453496464,0.999841245945896,0,0,0,0,0,cond_kinetic: measured=0 threshold=>=0.5; cond_supports: measured=false threshold=true; cond_strain: measured=0.9986224534964635 threshold=<=0.5; cond_mac: measured=5.8130079614153157e-08 threshold=>=0.80000000000000004,0,0,0,converged; residual=8.6955031583531655e-12
inf,3,diagnostic,3,320,203,2327.94342863948,1.18980028136783e-22,1.18980028136783e-22,1.18980028136783e-22,0,0.993375722207987,0.995230649969251,0,0,0,0,0,cond_kinetic: measured=0 threshold=>=0.5; cond_supports: measured=false threshold=true; cond_strain: measured=0.99337572220798742 threshold=<=0.5; cond_mac: measured=1.189800281367834e-22 threshold=>=0.80000000000000004,0,0,0,converged; residual=3.8470587333162195e-12
inf,3,diagnostic,3,320,204,2336.5569517705,8.61135285662681e-05,8.61135285662681e-05,8.61135285662681e-05,0,0.884809393459314,0.88685638184297,0,0,0,0,0,cond_kinetic: measured=0 threshold=>=0.5; cond_supports: measured=false threshold=true; cond_strain: measured=0.88480939345931442 threshold=<=0.5; cond_mac: measured=8.6113528566268127e-05 threshold=>=0.80000000000000004,0,0,0,converged; residual=3.8228889301987743e-12
inf,3,diagnostic,3,320,205,2344.56350989143,0.000496779319704553,0.000496779319704553,0.000496779319704553,0,0.316907744265141,0.319950038084443,0,0,0,1,0,cond_kinetic: measured=0 threshold=>=0.5; cond_supports: measured=false threshold=true; cond_mac: measured=0.00049677931970455258 threshold=>=0.80000000000000004,0,0,0,converged; residual=3.8423005434643812e-12
inf,3,diagnostic,3,320,206,2363.35626485944,0.000116868729263016,0.000116868729263016,0.000116868729263016,0,0.823764856880263,0.826194347162318,0,0,0,0,0,cond_kinetic: measured=0 threshold=>=0.5; cond_supports: measured=false threshold=true; cond_strain: measured=0.82376485688026324 threshold=<=0.5; cond_mac: measured=0.00011686872926301569 threshold=>=0.80000000000000004,0,0,0,converged; residual=3.5986048947971079e-12
inf,3,diagnostic,3,320,207,2364.22793822037,1.58366111313912e-18,1.58366111313912e-18,1.58366111313912e-18,0,0.978675504875455,0.982462723748421,0,0,0,0,0,cond_kinetic: measured=0 threshold=>=0.5; cond_supports: measured=false threshold=true; cond_strain: measured=0.97867550487545485 threshold=<=0.5; cond_mac: measured=1.5836611131391198e-18 threshold=>=0.80000000000000004,0,0,0,converged; residual=2.3582507747169621e-12
inf,3,diagnostic,3,320,208,2375.67515997572,3.40265104328193e-23,3.40265104328193e-23,3.40265104328193e-23,0,0.348695696703916,0.374281501626728,0,0,0,1,0,cond_kinetic: measured=0 threshold=>=0.5; cond_supports: measured=false threshold=true; cond_mac: measured=3.4026510432819289e-23 threshold=>=0.80000000000000004,0,0,0,converged; residual=2.805689394031984e-12
inf,3,diagnostic,3,320,209,2411.08883705552,1.10756214235265e-23,1.10756214235265e-23,1.10756214235265e-23,0,0.0797944232765948,0.0826229665261159,0,0,0,1,0,cond_kinetic: measured=0 threshold=>=0.5; cond_supports: measured=false threshold=true; cond_mac: measured=1.1075621423526529e-23 threshold=>=0.80000000000000004,0,0,0,converged; residual=2.4198741098639376e-12
inf,3,diagnostic,3,320,210,2415.38594762063,3.0080730136338e-23,3.0080730136338e-23,3.0080730136338e-23,0,0.610655001641358,0.640526975102712,0,0,0,0,0,cond_kinetic: measured=0 threshold=>=0.5; cond_supports: measured=false threshold=true; cond_strain: measured=0.61065500164135778 threshold=<=0.5; cond_mac: measured=3.0080730136338045e-23 threshold=>=0.80000000000000004,0,0,0,converged; residual=3.4594919204876023e-12
inf,3,diagnostic,3,320,211,2425.40567066625,4.19518653081369e-06,4.19518653081369e-06,4.19518653081369e-06,0,0.984411904466262,0.988708697627829,0,0,0,0,0,cond_kinetic: measured=0 threshold=>=0.5; cond_supports: measured=false threshold=true; cond_strain: measured=0.98441190446626237 threshold=<=0.5; cond_mac: measured=4.1951865308136905e-06 threshold=>=0.80000000000000004,0,0,0,converged; residual=2.8362414702128215e-12
inf,3,diagnostic,3,320,212,2438.75442802233,2.48000104264995e-22,2.48000104264995e-22,2.48000104264995e-22,0,0.955912856500726,0.963326060165751,0,0,0,0,0,cond_kinetic: measured=0 threshold=>=0.5; cond_supports: measured=false threshold=true; cond_strain: measured=0.95591285650072577 threshold=<=0.5; cond_mac: measured=2.4800010426499512e-22 threshold=>=0.80000000000000004,0,0,0,converged; residual=3.3778386439631633e-12
inf,3,diagnostic,3,320,213,2455.85014978452,1.45954126269243e-23,1.45954126269243e-23,1.45954126269243e-23,0,0.904911966189247,0.90821216476442,0,0,0,0,0,cond_kinetic: measured=0 threshold=>=0.5; cond_supports: measured=false threshold=true; cond_strain: measured=0.90491196618924652 threshold=<=0.5; cond_mac: measured=1.4595412626924347e-23 threshold=>=0.80000000000000004,0,0,0,converged; residual=3.4688350526628252e-12
inf,3,diagnostic,3,320,214,2459.84479441006,1.37296981024818e-24,1.37296981024818e-24,1.37296981024818e-24,0,0.73790121736306,0.744544197068303,0,0,0,0,0,cond_kinetic: measured=0 threshold=>=0.5; cond_supports: measured=false threshold=true; cond_strain: measured=0.7379012173630598 threshold=<=0.5; cond_mac: measured=1.3729698102481816e-24 threshold=>=0.80000000000000004,0,0,0,converged; residual=2.5071053442894507e-12
inf,3,diagnostic,3,320,215,2481.61555810154,1.86973424657595e-25,1.86973424657595e-25,1.86973424657595e-25,0,0.862680821288569,0.882558565848883,0,0,0,0,0,cond_kinetic: measured=0 threshold=>=0.5; cond_supports: measured=false threshold=true; cond_strain: measured=0.86268082128856927 threshold=<=0.5; cond_mac: measured=1.8697342465759526e-25 threshold=>=0.80000000000000004,0,0,0,converged; residual=2.5935812588009051e-12
inf,3,diagnostic,3,320,216,2523.82046294078,7.86273946403364e-25,7.86273946403364e-25,7.86273946403364e-25,0,0.458597079247623,0.471512926518538,0,0,0,1,0,cond_kinetic: measured=0 threshold=>=0.5; cond_supports: measured=false threshold=true; cond_mac: measured=7.8627394640336409e-25 threshold=>=0.80000000000000004,0,0,0,converged; residual=3.1645733620250162e-12
inf,3,diagnostic,3,320,217,2542.50309371719,2.43996303545372e-22,2.43996303545372e-22,2.43996303545372e-22,0,0.983379979217713,0.990915793511674,0,0,0,0,0,cond_kinetic: measured=0 threshold=>=0.5; cond_supports: measured=false threshold=true; cond_strain: measured=0.98337997921771336 threshold=<=0.5; cond_mac: measured=2.4399630354537164e-22 threshold=>=0.80000000000000004,0,0,0,converged; residual=4.9707895309370252e-12
inf,3,diagnostic,3,320,218,2552.74327824801,1.97210770756037e-06,1.97210770756037e-06,1.97210770756037e-06,0,0.935684199147357,0.958086516212355,0,0,0,0,0,cond_kinetic: measured=0 threshold=>=0.5; cond_supports: measured=false threshold=true; cond_strain: measured=0.93568419914735712 threshold=<=0.5; cond_mac: measured=1.9721077075603731e-06 threshold=>=0.80000000000000004,0,0,0,converged; residual=2.2337626213207724e-12
inf,3,diagnostic,3,320,219,2558.38923984478,7.1956637596367e-22,7.1956637596367e-22,7.1956637596367e-22,0,0.960455593088988,0.974357830461802,0,0,0,0,0,cond_kinetic: measured=0 threshold=>=0.5; cond_supports: measured=false threshold=true; cond_strain: measured=0.9604555930889882 threshold=<=0.5; cond_mac: measured=7.1956637596366984e-22 threshold=>=0.80000000000000004,0,0,0,converged; residual=2.1597730839113467e-12
inf,3,diagnostic,3,320,220,2565.35300044724,1.40211055574189e-24,1.40211055574189e-24,1.40211055574189e-24,0,0.98466705572501,0.988493869588119,0,0,0,0,0,cond_kinetic: measured=0 threshold=>=0.5; cond_supports: measured=false threshold=true; cond_strain: measured=0.98466705572501023 threshold=<=0.5; cond_mac: measured=1.4021105557418856e-24 threshold=>=0.80000000000000004,0,0,0,converged; residual=3.2306761248550902e-12
inf,3,diagnostic,3,320,221,2575.91982277922,4.24084142443408e-07,4.24084142443408e-07,4.24084142443408e-07,0,0.987847041785298,0.993991501746301,0,0,0,0,0,cond_kinetic: measured=0 threshold=>=0.5; cond_supports: measured=false threshold=true; cond_strain: measured=0.98784704178529792 threshold=<=0.5; cond_mac: measured=4.2408414244340816e-07 threshold=>=0.80000000000000004,0,0,0,converged; residual=1.9061244195418626e-12
inf,3,diagnostic,3,320,222,2585.1106522352,4.887897956044e-07,4.887897956044e-07,4.887897956044e-07,0,0.996008362824251,0.998855744424263,0,0,0,0,0,cond_kinetic: measured=0 threshold=>=0.5; cond_supports: measured=false threshold=true; cond_strain: measured=0.99600836282425054 threshold=<=0.5; cond_mac: measured=4.8878979560439975e-07 threshold=>=0.80000000000000004,0,0,0,converged; residual=7.0496162890217897e-12
inf,3,diagnostic,3,320,223,2585.12379251876,1.84481319114054e-17,1.84481319114054e-17,1.84481319114054e-17,0,0.99575942731398,0.998575432985643,0,0,0,0,0,cond_kinetic: measured=0 threshold=>=0.5; cond_supports: measured=false threshold=true; cond_strain: measured=0.99575942731398015 threshold=<=0.5; cond_mac: measured=1.8448131911405379e-17 threshold=>=0.80000000000000004,0,0,0,converged; residual=9.9009587350837642e-12
inf,3,diagnostic,3,320,224,2585.12468064084,1.72715011404876e-20,1.72715011404876e-20,1.72715011404876e-20,0,0.994647546126927,0.997617741214076,0,0,0,0,0,cond_kinetic: measured=0 threshold=>=0.5; cond_supports: measured=false threshold=true; cond_strain: measured=0.99464754612692696 threshold=<=0.5; cond_mac: measured=1.7271501140487572e-20 threshold=>=0.80000000000000004,0,0,0,converged; residual=5.3128536041405559e-12
inf,3,diagnostic,3,320,225,2585.48674184709,1.23861755231859e-22,1.23861755231859e-22,1.23861755231859e-22,0,0.98804462051808,0.990344165034316,0,0,0,0,0,cond_kinetic: measured=0 threshold=>=0.5; cond_supports: measured=false threshold=true; cond_strain: measured=0.98804462051807995 threshold=<=0.5; cond_mac: measured=1.238617552318593e-22 threshold=>=0.80000000000000004,0,0,0,converged; residual=2.079816786673393e-12
inf,3,diagnostic,3,320,226,2621.12147712302,7.68542357897505e-24,7.68542357897505e-24,7.68542357897505e-24,0,0.985300539684107,0.996144388607494,0,0,0,0,0,cond_kinetic: measured=0 threshold=>=0.5; cond_supports: measured=false threshold=true; cond_strain: measured=0.98530053968410669 threshold=<=0.5; cond_mac: measured=7.6854235789750454e-24 threshold=>=0.80000000000000004,0,0,0,converged; residual=6.2586393362804964e-12
inf,3,diagnostic,3,320,227,2622.01486825025,9.21142482813023e-07,9.21142482813023e-07,9.21142482813023e-07,0,0.986172828002865,0.996208517088446,0,0,0,0,0,cond_kinetic: measured=0 threshold=>=0.5; cond_supports: measured=false threshold=true; cond_strain: measured=0.98617282800286521 threshold=<=0.5; cond_mac: measured=9.2114248281302267e-07 threshold=>=0.80000000000000004,0,0,0,converged; residual=3.5665670743721103e-12
inf,3,diagnostic,3,320,228,2622.52540456626,1.08329199660977e-22,1.08329199660977e-22,1.08329199660977e-22,0,0.980519960489021,0.989867773410399,0,0,0,0,0,cond_kinetic: measured=0 threshold=>=0.5; cond_supports: measured=false threshold=true; cond_strain: measured=0.98051996048902057 threshold=<=0.5; cond_mac: measured=1.0832919966097725e-22 threshold=>=0.80000000000000004,0,0,0,converged; residual=2.0678864921126244e-12
inf,3,diagnostic,3,320,229,2622.52846261415,2.06648386744515e-20,2.06648386744515e-20,2.06648386744515e-20,0,0.988900592617934,0.998464033382448,0,0,0,0,0,cond_kinetic: measured=0 threshold=>=0.5; cond_supports: measured=false threshold=true; cond_strain: measured=0.98890059261793362 threshold=<=0.5; cond_mac: measured=2.0664838674451538e-20 threshold=>=0.80000000000000004,0,0,0,converged; residual=1.8919121991526919e-11
inf,3,diagnostic,3,320,230,2647.70990894807,2.22975847053841e-25,2.22975847053841e-25,2.22975847053841e-25,0,0.314918943958559,0.316359397468632,0,0,0,1,0,cond_kinetic: measured=0 threshold=>=0.5; cond_supports: measured=false threshold=true; cond_mac: measured=2.2297584705384103e-25 threshold=>=0.80000000000000004,0,0,0,converged; residual=3.1615726717508573e-12
inf,3,diagnostic,3,320,231,2665.64513866985,1.40931042254274e-25,1.40931042254274e-25,1.40931042254274e-25,0,0.778626122508017,0.782579070023568,0,0,0,0,0,cond_kinetic: measured=0 threshold=>=0.5; cond_supports: measured=false threshold=true; cond_strain: measured=0.77862612250801666 threshold=<=0.5; cond_mac: measured=1.4093104225427405e-25 threshold=>=0.80000000000000004,0,0,0,converged; residual=2.6718276680733715e-12
inf,3,diagnostic,3,320,232,2683.46290795806,1.39324809369158e-23,1.39324809369158e-23,1.39324809369158e-23,0,0.988403615640379,0.997571608497125,0,0,0,0,0,cond_kinetic: measured=0 threshold=>=0.5; cond_supports: measured=false threshold=true; cond_strain: measured=0.98840361564037904 threshold=<=0.5; cond_mac: measured=1.3932480936915777e-23 threshold=>=0.80000000000000004,0,0,0,converged; residual=4.6675759424580902e-12
inf,3,diagnostic,3,320,233,2683.85129559754,2.51866014298489e-07,2.51866014298489e-07,2.51866014298489e-07,0,0.989436420417213,0.998277614842762,0,0,0,0,0,cond_kinetic: measured=0 threshold=>=0.5; cond_supports: measured=false threshold=true; cond_strain: measured=0.98943642041721325 threshold=<=0.5; cond_mac: measured=2.5186601429848931e-07 threshold=>=0.80000000000000004,0,0,0,converged; residual=6.509030327943294e-12
inf,3,diagnostic,3,320,234,2684.13755230067,2.28187179704471e-20,2.28187179704471e-20,2.28187179704471e-20,0,0.988736751912036,0.997383584803712,0,0,0,0,0,cond_kinetic: measured=0 threshold=>=0.5; cond_supports: measured=false threshold=true; cond_strain: measured=0.98873675191203603 threshold=<=0.5; cond_mac: measured=2.281871797044705e-20 threshold=>=0.80000000000000004,0,0,0,converged; residual=1.0208690335771372e-11
inf,3,diagnostic,3,320,235,2684.60150663204,1.79871825522137e-23,1.79871825522137e-23,1.79871825522137e-23,0,0.982313893803854,0.990462933488701,0,0,0,0,0,cond_kinetic: measured=0 threshold=>=0.5; cond_supports: measured=false threshold=true; cond_strain: measured=0.98231389380385437 threshold=<=0.5; cond_mac: measured=1.7987182552213683e-23 threshold=>=0.80000000000000004,0,0,0,converged; residual=6.0630834448750991e-12
inf,3,diagnostic,3,320,236,2697.8316062169,8.9775368076568e-25,8.9775368076568e-25,8.9775368076568e-25,0,0.992419989857573,0.994230961829017,0,0,0,0,0,cond_kinetic: measured=0 threshold=>=0.5; cond_supports: measured=false threshold=true; cond_strain: measured=0.99241998985757307 threshold=<=0.5; cond_mac: measured=8.9775368076567966e-25 threshold=>=0.80000000000000004,0,0,0,converged; residual=3.2607517833802747e-12
inf,3,diagnostic,3,320,237,2707.42458074456,4.69783535049147e-25,4.69783535049147e-25,4.69783535049147e-25,0,0.986619009086681,0.989996950656299,0,0,0,0,0,cond_kinetic: measured=0 threshold=>=0.5; cond_supports: measured=false threshold=true; cond_strain: measured=0.98661900908668143 threshold=<=0.5; cond_mac: measured=4.6978353504914694e-25 threshold=>=0.80000000000000004,0,0,0,converged; residual=2.0176881502372665e-12
inf,3,diagnostic,3,320,238,2708.87630572879,3.33020884068809e-23,3.33020884068809e-23,3.33020884068809e-23,0,0.986117455995251,0.992759414522941,0,0,0,0,0,cond_kinetic: measured=0 threshold=>=0.5; cond_supports: measured=false threshold=true; cond_strain: measured=0.98611745599525091 threshold=<=0.5; cond_mac: measured=3.3302088406880943e-23 threshold=>=0.80000000000000004,0,0,0,converged; residual=2.7389638115234576e-12
inf,3,diagnostic,3,320,239,2737.62819391819,1.4561344541741e-20,1.4561344541741e-20,1.4561344541741e-20,0,0.9843605331099,0.992832674742911,0,0,0,0,0,cond_kinetic: measured=0 threshold=>=0.5; cond_supports: measured=false threshold=true; cond_strain: measured=0.9843605331098999 threshold=<=0.5; cond_mac: measured=1.4561344541741017e-20 threshold=>=0.80000000000000004,0,0,0,converged; residual=2.4073432503397891e-12
inf,3,diagnostic,3,320,240,2739.55214586204,3.82346506800798e-22,3.82346506800798e-22,3.82346506800798e-22,0,0.172750969175733,0.183963427560695,0,0,0,1,0,cond_kinetic: measured=0 threshold=>=0.5; cond_supports: measured=false threshold=true; cond_mac: measured=3.8234650680079796e-22 threshold=>=0.80000000000000004,0,0,0,converged; residual=2.8976582320545563e-12
inf,3,diagnostic,3,320,241,2741.37588243651,7.78328849873016e-06,7.78328849873016e-06,7.78328849873016e-06,0,0.414903614926447,0.426251473251236,0,0,0,1,0,cond_kinetic: measured=0 threshold=>=0.5; cond_supports: measured=false threshold=true; cond_mac: measured=7.7832884987301645e-06 threshold=>=0.80000000000000004,0,0,0,converged; residual=2.0991290000665129e-12
inf,3,diagnostic,3,320,242,2770.14536526923,2.07890621108552e-23,2.07890621108552e-23,2.07890621108552e-23,0,0.642573198293478,0.677187775924353,0,0,0,0,0,cond_kinetic: measured=0 threshold=>=0.5; cond_supports: measured=false threshold=true; cond_strain: measured=0.64257319829347814 threshold=<=0.5; cond_mac: measured=2.0789062110855186e-23 threshold=>=0.80000000000000004,0,0,0,converged; residual=2.7798715298890696e-12
inf,3,diagnostic,3,320,243,2780.5466515526,2.15927341437215e-06,2.15927341437215e-06,2.15927341437215e-06,0,0.68938797432766,0.695967025864649,0,0,0,0,0,cond_kinetic: measured=0 threshold=>=0.5; cond_supports: measured=false threshold=true; cond_strain: measured=0.6893879743276603 threshold=<=0.5; cond_mac: measured=2.159273414372153e-06 threshold=>=0.80000000000000004,0,0,0,converged; residual=1.9465051559176178e-12
inf,3,diagnostic,3,320,244,2784.4012060955,3.45285658818868e-25,3.45285658818868e-25,3.45285658818868e-25,0,0.994940618297741,0.997406720297194,0,0,0,0,0,cond_kinetic: measured=0 threshold=>=0.5; cond_supports: measured=false threshold=true; cond_strain: measured=0.99494061829774127 threshold=<=0.5; cond_mac: measured=3.4528565881886847e-25 threshold=>=0.80000000000000004,0,0,0,converged; residual=1.5097212953663718e-12
inf,3,diagnostic,3,320,245,2790.15090638013,3.01837639148502e-25,3.01837639148502e-25,3.01837639148502e-25,0,0.747484657390052,0.786522278625676,0,0,0,0,0,cond_kinetic: measured=0 threshold=>=0.5; cond_supports: measured=false threshold=true; cond_strain: measured=0.74748465739005165 threshold=<=0.5; cond_mac: measured=3.0183763914850236e-25 threshold=>=0.80000000000000004,0,0,0,converged; residual=2.3059710124085173e-12
inf,3,diagnostic,3,320,246,2805.9080355578,2.29455201854937e-23,2.29455201854937e-23,2.29455201854937e-23,0,0.996523001447659,0.998949855723936,0,0,0,0,0,cond_kinetic: measured=0 threshold=>=0.5; cond_supports: measured=false threshold=true; cond_strain: measured=0.99652300144765882 threshold=<=0.5; cond_mac: measured=2.2945520185493735e-23 threshold=>=0.80000000000000004,0,0,0,converged; residual=3.2563326926765953e-12
inf,3,diagnostic,3,320,247,2805.97514105785,2.09754939204343e-22,2.09754939204343e-22,2.09754939204343e-22,0,0.997106546681952,0.99948306467366,0,0,0,0,0,cond_kinetic: measured=0 threshold=>=0.5; cond_supports: measured=false threshold=true; cond_strain: measured=0.99710654668195242 threshold=<=0.5; cond_mac: measured=2.0975493920434281e-22 threshold=>=0.80000000000000004,0,0,0,converged; residual=8.4606744954695616e-12
inf,3,diagnostic,3,320,248,2806.01036106421,1.04403998730179e-19,1.04403998730179e-19,1.04403998730179e-19,0,0.996946197946968,0.999238040812949,0,0,0,0,0,cond_kinetic: measured=0 threshold=>=0.5; cond_supports: measured=false threshold=true; cond_strain: measured=0.99694619794696804 threshold=<=0.5; cond_mac: measured=1.0440399873017878e-19 threshold=>=0.80000000000000004,0,0,0,converged; residual=8.6883127148546432e-12
inf,3,diagnostic,3,320,249,2806.07660053032,5.95324328722394e-08,5.95324328722394e-08,5.95324328722394e-08,0,0.996047812362207,0.998344158556321,0,0,0,0,0,cond_kinetic: measured=0 threshold=>=0.5; cond_supports: measured=false threshold=true; cond_strain: measured=0.99604781236220674 threshold=<=0.5; cond_mac: measured=5.9532432872239402e-08 threshold=>=0.80000000000000004,0,0,0,converged; residual=2.5384127020819347e-12
inf,3,diagnostic,3,320,250,2824.80974248339,4.42692182627568e-25,4.42692182627568e-25,4.42692182627568e-25,0,0.994035531704034,0.996583099522162,0,0,0,0,0,cond_kinetic: measured=0 threshold=>=0.5; cond_supports: measured=false threshold=true; cond_strain: measured=0.99403553170403391 threshold=<=0.5; cond_mac: measured=4.4269218262756807e-25 threshold=>=0.80000000000000004,0,0,0,converged; residual=3.7259362505346103e-12
inf,3,diagnostic,3,320,251,2825.05097491933,1.44405373079779e-23,1.44405373079779e-23,1.44405373079779e-23,0,0.99650854894859,0.998824698512016,0,0,0,0,0,cond_kinetic: measured=0 threshold=>=0.5; cond_supports: measured=false threshold=true; cond_strain: measured=0.99650854894858965 threshold=<=0.5; cond_mac: measured=1.4440537307977921e-23 threshold=>=0.80000000000000004,0,0,0,converged; residual=8.9763398658353643e-12
inf,3,diagnostic,3,320,252,2825.13491815427,3.22034471630014e-09,3.22034471630014e-09,3.22034471630014e-09,0,0.995250350930519,0.997674978853795,0,0,0,0,0,cond_kinetic: measured=0 threshold=>=0.5; cond_supports: measured=false threshold=true; cond_strain: measured=0.99525035093051917 threshold=<=0.5; cond_mac: measured=3.2203447163001431e-09 threshold=>=0.80000000000000004,0,0,0,converged; residual=4.1814189768244967e-12
inf,3,diagnostic,3,320,253,2825.17498564536,1.54092597315047e-20,1.54092597315047e-20,1.54092597315047e-20,0,0.994707204603433,0.996925346984977,0,0,0,0,0,cond_kinetic: measured=0 threshold=>=0.5; cond_supports: measured=false threshold=true; cond_strain: measured=0.99470720460343343 threshold=<=0.5; cond_mac: measured=1.5409259731504655e-20 threshold=>=0.80000000000000004,0,0,0,converged; residual=1.0276030992401296e-11
inf,3,diagnostic,3,320,254,2832.92014757335,1.54949496206316e-22,1.54949496206316e-22,1.54949496206316e-22,0,0.918455210022779,0.935041294515261,0,0,0,0,0,cond_kinetic: measured=0 threshold=>=0.5; cond_supports: measured=false threshold=true; cond_strain: measured=0.91845521002277897 threshold=<=0.5; cond_mac: measured=1.5494949620631642e-22 threshold=>=0.80000000000000004,0,0,0,converged; residual=1.5075052466559059e-12
inf,3,diagnostic,3,320,255,2836.73317074088,1.39528495114227e-07,1.39528495114227e-07,1.39528495114227e-07,0,0.936245520503309,0.945088109357418,0,0,0,0,0,cond_kinetic: measured=0 threshold=>=0.5; cond_supports: measured=false threshold=true; cond_strain: measured=0.936245520503309 threshold=<=0.5; cond_mac: measured=1.3952849511422737e-07 threshold=>=0.80000000000000004,0,0,0,converged; residual=1.553590503469399e-12
inf,3,diagnostic,3,320,256,2841.93950075377,5.51122842575526e-23,5.51122842575526e-23,5.51122842575526e-23,0,0.936154985034509,0.940958592009483,0,0,0,0,0,cond_kinetic: measured=0 threshold=>=0.5; cond_supports: measured=false threshold=true; cond_strain: measured=0.93615498503450878 threshold=<=0.5; cond_mac: measured=5.5112284257552569e-23 threshold=>=0.80000000000000004,0,0,0,converged; residual=3.1278327877915569e-12
inf,3,diagnostic,3,320,257,2844.85936458435,5.4013418784616e-08,5.4013418784616e-08,5.4013418784616e-08,0,0.924176727437691,0.932617308613806,0,0,0,0,0,cond_kinetic: measured=0 threshold=>=0.5; cond_supports: measured=false threshold=true; cond_strain: measured=0.92417672743769075 threshold=<=0.5; cond_mac: measured=5.4013418784616025e-08 threshold=>=0.80000000000000004,0,0,0,converged; residual=1.9545731706599457e-12
inf,3,diagnostic,3,320,258,2845.1504898525,3.86261411887408e-23,3.86261411887408e-23,3.86261411887408e-23,0,0.978101995667447,0.983099315955684,0,0,0,0,0,cond_kinetic: measured=0 threshold=>=0.5; cond_supports: measured=false threshold=true; cond_strain: measured=0.97810199566744715 threshold=<=0.5; cond_mac: measured=3.8626141188740844e-23 threshold=>=0.80000000000000004,0,0,0,converged; residual=3.6432483536389518e-12
inf,3,diagnostic,3,320,259,2846.19591533075,2.22692024034688e-19,2.22692024034688e-19,2.22692024034688e-19,0,0.995185300891821,0.999441554405279,0,0,0,0,0,cond_kinetic: measured=0 threshold=>=0.5; cond_supports: measured=false threshold=true; cond_strain: measured=0.99518530089182067 threshold=<=0.5; cond_mac: measured=2.2269202403468784e-19 threshold=>=0.80000000000000004,0,0,0,converged; residual=3.9859872071876398e-12
inf,3,diagnostic,3,320,260,2846.19642166597,9.37045270520401e-22,9.37045270520401e-22,9.37045270520401e-22,0,0.995237843720539,0.99949371828642,0,0,0,0,0,cond_kinetic: measured=0 threshold=>=0.5; cond_supports: measured=false threshold=true; cond_strain: measured=0.99523784372053903 threshold=<=0.5; cond_mac: measured=9.3704527052040124e-22 threshold=>=0.80000000000000004,0,0,0,converged; residual=6.5850393632320819e-12
inf,3,diagnostic,3,320,261,2846.28399031894,2.40678122194899e-07,2.40678122194899e-07,2.40678122194899e-07,0,0.979495710314529,0.984324830680879,0,0,0,0,0,cond_kinetic: measured=0 threshold=>=0.5; cond_supports: measured=false threshold=true; cond_strain: measured=0.97949571031452887 threshold=<=0.5; cond_mac: measured=2.4067812219489892e-07 threshold=>=0.80000000000000004,0,0,0,converged; residual=1.5400817667439956e-12
inf,3,diagnostic,3,320,262,2868.27940230014,5.21687500308226e-25,5.21687500308226e-25,5.21687500308226e-25,0,0.870918600721614,0.880043112734142,0,0,0,0,0,cond_kinetic: measured=0 threshold=>=0.5; cond_supports: measured=false threshold=true; cond_strain: measured=0.8709186007216142 threshold=<=0.5; cond_mac: measured=5.2168750030822622e-25 threshold=>=0.80000000000000004,0,0,0,converged; residual=2.4701044386318847e-12
inf,3,diagnostic,3,320,263,2899.37043293497,4.07957689491245e-26,4.07957689491245e-26,4.07957689491245e-26,0,0.28169841823357,0.284748156033413,0,0,0,1,0,cond_kinetic: measured=0 threshold=>=0.5; cond_supports: measured=false threshold=true; cond_mac: measured=4.0795768949124492e-26 threshold=>=0.80000000000000004,0,0,0,converged; residual=2.4769427575402195e-12
inf,3,diagnostic,3,320,264,2906.77137438376,9.97384087874472e-26,9.97384087874472e-26,9.97384087874472e-26,0,0.167399727266976,0.170892299044278,0,0,0,1,0,cond_kinetic: measured=0 threshold=>=0.5; cond_supports: measured=false threshold=true; cond_mac: measured=9.9738408787447208e-26 threshold=>=0.80000000000000004,0,0,0,converged; residual=2.3900349885741143e-12
inf,3,diagnostic,3,320,265,2920.37929006407,3.45494728209771e-27,3.45494728209771e-27,3.45494728209771e-27,0,0.987233284702096,0.991005087010942,0,0,0,0,0,cond_kinetic: measured=0 threshold=>=0.5; cond_supports: measured=false threshold=true; cond_strain: measured=0.98723328470209593 threshold=<=0.5; cond_mac: measured=3.4549472820977134e-27 threshold=>=0.80000000000000004,0,0,0,converged; residual=1.8743441340241425e-12
inf,3,diagnostic,3,320,266,2920.60340932326,1.45488237132058e-27,1.45488237132058e-27,1.45488237132058e-27,0,0.967874764537752,0.971546500959176,0,0,0,0,0,cond_kinetic: measured=0 threshold=>=0.5; cond_supports: measured=false threshold=true; cond_strain: measured=0.9678747645377519 threshold=<=0.5; cond_mac: measured=1.4548823713205825e-27 threshold=>=0.80000000000000004,0,0,0,converged; residual=2.3171348016296631e-12
inf,3,diagnostic,3,320,267,2922.47209973532,3.33048042252275e-28,3.33048042252275e-28,3.33048042252275e-28,0,0.946555331135714,0.949445056257157,0,0,0,0,0,cond_kinetic: measured=0 threshold=>=0.5; cond_supports: measured=false threshold=true; cond_strain: measured=0.94655533113571388 threshold=<=0.5; cond_mac: measured=3.3304804225227483e-28 threshold=>=0.80000000000000004,0,0,0,converged; residual=3.6267628906119131e-12
inf,3,diagnostic,3,320,268,2922.96652696793,6.52010646396179e-11,6.52010646396179e-11,6.52010646396179e-11,0,0.979561934700805,0.981461251464126,0,0,0,0,0,cond_kinetic: measured=0 threshold=>=0.5; cond_supports: measured=false threshold=true; cond_strain: measured=0.97956193470080544 threshold=<=0.5; cond_mac: measured=6.520106463961786e-11 threshold=>=0.80000000000000004,0,0,0,converged; residual=6.6499598685202407e-12
inf,3,diagnostic,3,320,269,2923.47048131333,3.2858470654265e-30,3.2858470654265e-30,3.2858470654265e-30,0,0.870779785958824,0.872328848643265,0,0,0,0,0,cond_kinetic: measured=0 threshold=>=0.5; cond_supports: measured=false threshold=true; cond_strain: measured=0.87077978595882433 threshold=<=0.5; cond_mac: measured=3.2858470654264998e-30 threshold=>=0.80000000000000004,0,0,0,converged; residual=2.6434923777548873e-12
inf,3,diagnostic,3,320,270,2929.14597206968,8.29193394633206e-29,8.29193394633206e-29,8.29193394633206e-29,0,0.965711231386033,0.969049298944435,0,0,0,0,0,cond_kinetic: measured=0 threshold=>=0.5; cond_supports: measured=false threshold=true; cond_strain: measured=0.96571123138603321 threshold=<=0.5; cond_mac: measured=8.2919339463320636e-29 threshold=>=0.80000000000000004,0,0,0,converged; residual=1.732109503266486e-12
inf,3,diagnostic,3,320,271,2951.88825598308,1.04849304117922e-09,1.04849304117922e-09,1.04849304117922e-09,0,0.996754245371505,0.999693204158926,0,0,0,0,0,cond_kinetic: measured=0 threshold=>=0.5; cond_supports: measured=false threshold=true; cond_strain: measured=0.99675424537150459 threshold=<=0.5; cond_mac: measured=1.0484930411792205e-09 threshold=>=0.80000000000000004,0,0,0,converged; residual=8.5655918312955601e-12
inf,3,diagnostic,3,320,272,2962.96677291208,1.17065326014155e-26,1.17065326014155e-26,1.17065326014155e-26,0,0.122808512191896,0.118782480484548,0,0,0,1,0,cond_kinetic: measured=0 threshold=>=0.5; cond_supports: measured=false threshold=true; cond_mac: measured=1.1706532601415511e-26 threshold=>=0.80000000000000004,0,0,0,converged; residual=1.9409547319722888e-12
inf,3,diagnostic,3,320,273,3018.85361608873,2.76128037245216e-09,2.76128037245216e-09,2.76128037245216e-09,0,0.994944724853742,0.997225706917443,0,0,0,0,0,cond_kinetic: measured=0 threshold=>=0.5; cond_supports: measured=false threshold=true; cond_strain: measured=0.99494472485374164 threshold=<=0.5; cond_mac: measured=2.7612803724521645e-09 threshold=>=0.80000000000000004,0,0,0,converged; residual=4.2234293790699701e-12
inf,3,diagnostic,3,320,274,3038.59642516946,5.65863688934875e-25,5.65863688934875e-25,5.65863688934875e-25,0,0.9870285135491,0.991417854899462,0,0,0,0,0,cond_kinetic: measured=0 threshold=>=0.5; cond_supports: measured=false threshold=true; cond_strain: measured=0.98702851354910015 threshold=<=0.5; cond_mac: measured=5.6586368893487496e-25 threshold=>=0.80000000000000004,0,0,0,converged; residual=1.3306715777015615e-12
inf,3,diagnostic,3,320,275,3049.6004735229,6.23783545332736e-29,6.23783545332736e-29,6.23783545332736e-29,0,0.951284696263314,0.959152311259978,0,0,0,0,0,cond_kinetic: measured=0 threshold=>=0.5; cond_supports: measured=false threshold=true; cond_strain: measured=0.9512846962633138 threshold=<=0.5; cond_mac: measured=6.2378354533273604e-29 threshold=>=0.80000000000000004,0,0,0,converged; residual=1.9046584043631931e-12
inf,3,diagnostic,3,320,276,3075.80631263054,4.40006383866234e-27,4.40006383866234e-27,4.40006383866234e-27,0,0.848294534420202,0.8571129346342,0,0,0,0,0,cond_kinetic: measured=0 threshold=>=0.5; cond_supports: measured=false threshold=true; cond_strain: measured=0.84829453442020208 threshold=<=0.5; cond_mac: measured=4.400063838662336e-27 threshold=>=0.80000000000000004,0,0,0,converged; residual=1.78973011991406e-12
inf,3,diagnostic,3,320,277,3080.89003749304,3.57198172091494e-27,3.57198172091494e-27,3.57198172091494e-27,0,0.729270738510197,0.73793248484735,0,0,0,0,0,cond_kinetic: measured=0 threshold=>=0.5; cond_supports: measured=false threshold=true; cond_strain: measured=0.72927073851019686 threshold=<=0.5; cond_mac: measured=3.5719817209149389e-27 threshold=>=0.80000000000000004,0,0,0,converged; residual=1.3763749242131268e-12
inf,3,diagnostic,3,320,278,3084.44946170572,7.35779322537259e-10,7.35779322537259e-10,7.35779322537259e-10,0,0.968570834614107,0.983098240997165,0,0,0,0,0,cond_kinetic: measured=0 threshold=>=0.5; cond_supports: measured=false threshold=true; cond_strain: measured=0.96857083461410709 threshold=<=0.5; cond_mac: measured=7.3577932253725875e-10 threshold=>=0.80000000000000004,0,0,0,converged; residual=1.0527015830995359e-12
inf,3,diagnostic,3,320,279,3085.50281802939,1.63946458100614e-25,1.63946458100614e-25,1.63946458100614e-25,0,0.968615016770465,0.969619222432478,0,0,0,0,0,cond_kinetic: measured=0 threshold=>=0.5; cond_supports: measured=false threshold=true; cond_strain: measured=0.96861501677046469 threshold=<=0.5; cond_mac: measured=1.6394645810061359e-25 threshold=>=0.80000000000000004,0,0,0,converged; residual=2.5601177637157202e-12
inf,3,diagnostic,3,320,280,3086.15120914236,1.02454245060338e-08,1.02454245060338e-08,1.02454245060338e-08,0,0.998688013715621,0.99958381893321,0,0,0,0,0,cond_kinetic: measured=0 threshold=>=0.5; cond_supports: measured=false threshold=true; cond_strain: measured=0.99868801371562121 threshold=<=0.5; cond_mac: measured=1.0245424506033753e-08 threshold=>=0.80000000000000004,0,0,0,converged; residual=1.159236431003609e-11
inf,3,diagnostic,3,320,281,3086.16174648429,9.28761316356065e-19,9.28761316356065e-19,9.28761316356065e-19,0,0.998468410335891,0.999228680756089,0,0,0,0,0,cond_kinetic: measured=0 threshold=>=0.5; cond_supports: measured=false threshold=true; cond_strain: measured=0.99846841033589095 threshold=<=0.5; cond_mac: measured=9.2876131635606548e-19 threshold=>=0.80000000000000004,0,0,0,converged; residual=5.4898564162907306e-12
inf,3,diagnostic,3,320,282,3086.23129688254,8.07406618023581e-23,8.07406618023581e-23,8.07406618023581e-23,0,0.998941444385499,0.999656776386962,0,0,0,0,0,cond_kinetic: measured=0 threshold=>=0.5; cond_supports: measured=false threshold=true; cond_strain: measured=0.99894144438549948 threshold=<=0.5; cond_mac: measured=8.0740661802358113e-23 threshold=>=0.80000000000000004,0,0,0,converged; residual=4.6689943771434451e-12
inf,3,diagnostic,3,320,283,3097.75835120233,1.64438701704522e-26,1.64438701704522e-26,1.64438701704522e-26,0,0.573476366505306,0.565901335394979,0,0,0,0,0,cond_kinetic: measured=0 threshold=>=0.5; cond_supports: measured=false threshold=true; cond_strain: measured=0.57347636650530565 threshold=<=0.5; cond_mac: measured=1.6443870170452152e-26 threshold=>=0.80000000000000004,0,0,0,converged; residual=2.3276368791547014e-12
inf,3,diagnostic,3,320,284,3106.36962025948,4.0194082267125e-27,4.0194082267125e-27,4.0194082267125e-27,0,0.8494967734873,0.855522811067469,0,0,0,0,0,cond_kinetic: measured=0 threshold=>=0.5; cond_supports: measured=false threshold=true; cond_strain: measured=0.84949677348730046 threshold=<=0.5; cond_mac: measured=4.0194082267124983e-27 threshold=>=0.80000000000000004,0,0,0,converged; residual=1.9828006392911739e-12
inf,3,diagnostic,3,320,285,3122.15215791294,4.77579439558298e-24,4.77579439558298e-24,4.77579439558298e-24,0,0.995354133862733,0.996762376784837,0,0,0,0,0,cond_kinetic: measured=0 threshold=>=0.5; cond_supports: measured=false threshold=true; cond_strain: measured=0.99535413386273297 threshold=<=0.5; cond_mac: measured=4.7757943955829789e-24 threshold=>=0.80000000000000004,0,0,0,converged; residual=6.301956847697154e-12
inf,3,diagnostic,3,320,286,3122.18869319681,1.16476734694795e-21,1.16476734694795e-21,1.16476734694795e-21,0,0.992638762801483,0.99400648391668,0,0,0,0,0,cond_kinetic: measured=0 threshold=>=0.5; cond_supports: measured=false threshold=true; cond_strain: measured=0.99263876280148311 threshold=<=0.5; cond_mac: measured=1.1647673469479528e-21 threshold=>=0.80000000000000004,0,0,0,converged; residual=8.9986759580703031e-12
inf,3,diagnostic,3,320,287,3122.20914626484,1.67366451678515e-24,1.67366451678515e-24,1.67366451678515e-24,0,0.985492323683452,0.986616519260169,0,0,0,0,0,cond_kinetic: measured=0 threshold=>=0.5; cond_supports: measured=false threshold=true; cond_strain: measured=0.98549232368345241 threshold=<=0.5; cond_mac: measured=1.6736645167851527e-24 threshold=>=0.80000000000000004,0,0,0,converged; residual=4.8832973194197932e-12
inf,3,diagnostic,3,320,288,3122.47191769382,1.02615105439896e-08,1.02615105439896e-08,1.02615105439896e-08,0,0.992024581556192,0.993161490171502,0,0,0,0,0,cond_kinetic: measured=0 threshold=>=0.5; cond_supports: measured=false threshold=true; cond_strain: measured=0.99202458155619211 threshold=<=0.5; cond_mac: measured=1.026151054398958e-08 threshold=>=0.80000000000000004,0,0,0,converged; residual=3.2245022954637055e-12
inf,3,diagnostic,3,320,289,3127.47446229078,2.57450006749729e-10,2.57450006749729e-10,2.57450006749729e-10,0,0.874072004531685,0.874075914261963,0,0,0,0,0,cond_kinetic: measured=0 threshold=>=0.5; cond_supports: measured=false threshold=true; cond_strain: measured=0.8740720045316851 threshold=<=0.5; cond_mac: measured=2.574500067497292e-10 threshold=>=0.80000000000000004,0,0,0,converged; residual=1.2821138791919055e-12
inf,3,diagnostic,3,320,290,3136.20747319095,4.8627531864235e-26,4.8627531864235e-26,4.8627531864235e-26,0,0.870310482018176,0.878395930924813,0,0,0,0,0,cond_kinetic: measured=0 threshold=>=0.5; cond_supports: measured=false threshold=true; cond_strain: measured=0.87031048201817551 threshold=<=0.5; cond_mac: measured=4.8627531864235026e-26 threshold=>=0.80000000000000004,0,0,0,converged; residual=2.4001151024365866e-12
inf,3,diagnostic,3,320,291,3137.61704074443,9.55658326142477e-22,9.55658326142477e-22,9.55658326142477e-22,0,0.956820553286078,0.962287708821987,0,0,0,0,0,cond_kinetic: measured=0 threshold=>=0.5; cond_supports: measured=false threshold=true; cond_strain: measured=0.95682055328607818 threshold=<=0.5; cond_mac: measured=9.5565832614247687e-22 threshold=>=0.80000000000000004,0,0,0,converged; residual=4.0183551533676654e-12
inf,3,diagnostic,3,320,292,3138.16335443183,3.0939181316135e-08,3.0939181316135e-08,3.0939181316135e-08,0,0.993765563546455,0.999112067262983,0,0,0,0,0,cond_kinetic: measured=0 threshold=>=0.5; cond_supports: measured=false threshold=true; cond_strain: measured=0.99376556354645484 threshold=<=0.5; cond_mac: measured=3.0939181316134975e-08 threshold=>=0.80000000000000004,0,0,0,converged; residual=5.584451465994484e-12
inf,3,diagnostic,3,320,293,3138.36060636408,3.95029752836673e-23,3.95029752836673e-23,3.95029752836673e-23,0,0.993503811566874,0.998698821311753,0,0,0,0,0,cond_kinetic: measured=0 threshold=>=0.5; cond_supports: measured=false threshold=true; cond_strain: measured=0.99350381156687373 threshold=<=0.5; cond_mac: measured=3.9502975283667302e-23 threshold=>=0.80000000000000004,0,0,0,converged; residual=7.7313010491759328e-12
inf,3,diagnostic,3,320,294,3141.13604531655,6.5441841796079e-28,6.5441841796079e-28,6.5441841796079e-28,0,0.878201252227454,0.896815530538628,0,0,0,0,0,cond_kinetic: measured=0 threshold=>=0.5; cond_supports: measured=false threshold=true; cond_strain: measured=0.87820125222745427 threshold=<=0.5; cond_mac: measured=6.5441841796078955e-28 threshold=>=0.80000000000000004,0,0,0,converged; residual=3.3932003475440999e-12
inf,3,diagnostic,3,320,295,3146.0277000405,1.19962508963682e-27,1.19962508963682e-27,1.19962508963682e-27,0,0.994915424482273,0.995579262738102,0,0,0,0,0,cond_kinetic: measured=0 threshold=>=0.5; cond_supports: measured=false threshold=true; cond_strain: measured=0.99491542448227344 threshold=<=0.5; cond_mac: measured=1.1996250896368201e-27 threshold=>=0.80000000000000004,0,0,0,converged; residual=3.2356184229413666e-12
inf,3,diagnostic,3,320,296,3149.09980128397,2.57479717169786e-26,2.57479717169786e-26,2.57479717169786e-26,0,0.596026299790312,0.599698331951633,0,0,0,0,0,cond_kinetic: measured=0 threshold=>=0.5; cond_supports: measured=false threshold=true; cond_strain: measured=0.59602629979031196 threshold=<=0.5; cond_mac: measured=2.5747971716978584e-26 threshold=>=0.80000000000000004,0,0,0,converged; residual=2.2245359463775441e-12
inf,3,diagnostic,3,320,297,3154.013484977,1.1647967407451e-26,1.1647967407451e-26,1.1647967407451e-26,0,0.829248494629023,0.833189656969009,0,0,0,0,0,cond_kinetic: measured=0 threshold=>=0.5; cond_supports: measured=false threshold=true; cond_strain: measured=0.82924849462902295 threshold=<=0.5; cond_mac: measured=1.1647967407450958e-26 threshold=>=0.80000000000000004,0,0,0,converged; residual=3.4765284067601851e-12
inf,3,diagnostic,3,320,298,3157.8418155708,5.59596819902455e-26,5.59596819902455e-26,5.59596819902455e-26,0,0.269692842630975,0.270853631161929,0,0,0,1,0,cond_kinetic: measured=0 threshold=>=0.5; cond_supports: measured=false threshold=true; cond_mac: measured=5.5959681990245496e-26 threshold=>=0.80000000000000004,0,0,0,converged; residual=2.0573585965764194e-12
inf,3,diagnostic,3,320,299,3176.05289587143,8.88798017345672e-28,8.88798017345672e-28,8.88798017345672e-28,0,0.957310144947234,0.961339343187709,0,0,0,0,0,cond_kinetic: measured=0 threshold=>=0.5; cond_supports: measured=false threshold=true; cond_strain: measured=0.9573101449472341 threshold=<=0.5; cond_mac: measured=8.8879801734567234e-28 threshold=>=0.80000000000000004,0,0,0,converged; residual=2.657783970062852e-12
inf,3,diagnostic,3,320,300,3221.68869934552,5.07074806901412e-09,5.07074806901412e-09,5.07074806901412e-09,0,0.986758207954574,0.994738527701773,0,0,0,0,0,cond_kinetic: measured=0 threshold=>=0.5; cond_supports: measured=false threshold=true; cond_strain: measured=0.98675820795457381 threshold=<=0.5; cond_mac: measured=5.0707480690141157e-09 threshold=>=0.80000000000000004,0,0,0,converged; residual=1.7013051728591445e-12
inf,3,diagnostic,3,320,301,3225.56258797892,1.87417383978282e-24,1.87417383978282e-24,1.87417383978282e-24,0,0.983629589526681,0.989796563579557,0,0,0,0,0,cond_kinetic: measured=0 threshold=>=0.5; cond_supports: measured=false threshold=true; cond_strain: measured=0.98362958952668134 threshold=<=0.5; cond_mac: measured=1.8741738397828231e-24 threshold=>=0.80000000000000004,0,0,0,converged; residual=1.1908255191960397e-12
inf,3,diagnostic,3,320,302,3237.23252833916,4.92557047238334e-26,4.92557047238334e-26,4.92557047238334e-26,0,0.261054092212358,0.26804797696593,0,0,0,1,0,cond_kinetic: measured=0 threshold=>=0.5; cond_supports: measured=false threshold=true; cond_mac: measured=4.9255704723833388e-26 threshold=>=0.80000000000000004,0,0,0,converged; residual=2.1627728390727714e-12
inf,3,diagnostic,3,320,303,3249.99752632505,5.6806367041214e-10,5.6806367041214e-10,5.6806367041214e-10,0,0.999051499870367,0.999762075113866,0,0,0,0,0,cond_kinetic: measured=0 threshold=>=0.5; cond_supports: measured=false threshold=true; cond_strain: measured=0.99905149987036679 threshold=<=0.5; cond_mac: measured=5.6806367041214006e-10 threshold=>=0.80000000000000004,0,0,0,converged; residual=4.7262848979849787e-12
inf,3,diagnostic,3,320,304,3250.01874685044,1.40838301302925e-20,1.40838301302925e-20,1.40838301302925e-20,0,0.9992105452767,0.999901702471554,0,0,0,0,0,cond_kinetic: measured=0 threshold=>=0.5; cond_supports: measured=false threshold=true; cond_strain: measured=0.99921054527669995 threshold=<=0.5; cond_mac: measured=1.408383013029248e-20 threshold=>=0.80000000000000004,0,0,0,converged; residual=4.6432414835164851e-12
inf,3,diagnostic,3,320,305,3250.02340610786,5.00922933952943e-23,5.00922933952943e-23,5.00922933952943e-23,0,0.999072549382411,0.999770296730519,0,0,0,0,0,cond_kinetic: measured=0 threshold=>=0.5; cond_supports: measured=false threshold=true; cond_strain: measured=0.99907254938241108 threshold=<=0.5; cond_mac: measured=5.0092293395294272e-23 threshold=>=0.80000000000000004,0,0,0,converged; residual=1.6603735588720704e-12
inf,3,diagnostic,3,320,306,3250.08660013295,7.70515992110626e-25,7.70515992110626e-25,7.70515992110626e-25,0,0.998732006393342,0.999376110845854,0,0,0,0,0,cond_kinetic: measured=0 threshold=>=0.5; cond_supports: measured=false threshold=true; cond_strain: measured=0.99873200639334192 threshold=<=0.5; cond_mac: measured=7.7051599211062629e-25 threshold=>=0.80000000000000004,0,0,0,converged; residual=4.4796738073409171e-12
inf,3,diagnostic,3,320,307,3256.64185343389,1.59646751224994e-25,1.59646751224994e-25,1.59646751224994e-25,0,0.87178592430036,0.875806529239685,0,0,0,0,0,cond_kinetic: measured=0 threshold=>=0.5; cond_supports: measured=false threshold=true; cond_strain: measured=0.87178592430036017 threshold=<=0.5; cond_mac: measured=1.5964675122499404e-25 threshold=>=0.80000000000000004,0,0,0,converged; residual=2.2185406845629401e-12
inf,3,diagnostic,3,320,308,3265.63703515458,1.02321249224313e-25,1.02321249224313e-25,1.02321249224313e-25,0,0.993987933585757,0.997434009975753,0,0,0,0,0,cond_kinetic: measured=0 threshold=>=0.5; cond_supports: measured=false threshold=true; cond_strain: measured=0.99398793358575721 threshold=<=0.5; cond_mac: measured=1.0232124922431321e-25 threshold=>=0.80000000000000004,0,0,0,converged; residual=2.3008317358215825e-12
inf,3,diagnostic,3,320,309,3334.07553977889,3.38406983027141e-26,3.38406983027141e-26,3.38406983027141e-26,0,0.972861518150776,0.975054241261104,0,0,0,0,0,cond_kinetic: measured=0 threshold=>=0.5; cond_supports: measured=false threshold=true; cond_strain: measured=0.97286151815077637 threshold=<=0.5; cond_mac: measured=3.3840698302714079e-26 threshold=>=0.80000000000000004,0,0,0,converged; residual=2.5223818734759931e-12
inf,3,diagnostic,3,320,310,3350.11773497603,2.1062264465822e-20,2.1062264465822e-20,2.1062264465822e-20,0,0.995072280200476,0.996202257425146,0,0,0,0,0,cond_kinetic: measured=0 threshold=>=0.5; cond_supports: measured=false threshold=true; cond_strain: measured=0.99507228020047611 threshold=<=0.5; cond_mac: measured=2.1062264465822008e-20 threshold=>=0.80000000000000004,0,0,0,converged; residual=3.6960727441067279e-12
inf,3,diagnostic,3,320,311,3350.16585242946,4.30260210267798e-09,4.30260210267798e-09,4.30260210267798e-09,0,0.998636746199304,0.999816826695005,0,0,0,0,0,cond_kinetic: measured=0 threshold=>=0.5; cond_supports: measured=false threshold=true; cond_strain: measured=0.99863674619930354 threshold=<=0.5; cond_mac: measured=4.302602102677976e-09 threshold=>=0.80000000000000004,0,0,0,converged; residual=5.4371441024357839e-12
inf,3,diagnostic,3,320,312,3350.19819396301,3.61215847942792e-23,3.61215847942792e-23,3.61215847942792e-23,0,0.998728031935195,0.999877787655307,0,0,0,0,0,cond_kinetic: measured=0 threshold=>=0.5; cond_supports: measured=false threshold=true; cond_strain: measured=0.99872803193519522 threshold=<=0.5; cond_mac: measured=3.6121584794279246e-23 threshold=>=0.80000000000000004,0,0,0,converged; residual=5.9397423677519608e-12
inf,3,diagnostic,3,320,313,3350.23343776461,5.37475236422033e-23,5.37475236422033e-23,5.37475236422033e-23,0,0.998442815393664,0.999564261078263,0,0,0,0,0,cond_kinetic: measured=0 threshold=>=0.5; cond_supports: measured=false threshold=true; cond_strain: measured=0.99844281539366375 threshold=<=0.5; cond_mac: measured=5.374752364220327e-23 threshold=>=0.80000000000000004,0,0,0,converged; residual=2.8578539860323012e-12
inf,3,diagnostic,3,320,314,3359.30004795297,2.85929710474722e-27,2.85929710474722e-27,2.85929710474722e-27,0,0.687019411234969,0.675520822636937,0,0,0,0,0,cond_kinetic: measured=0 threshold=>=0.5; cond_supports: measured=false threshold=true; cond_strain: measured=0.68701941123496946 threshold=<=0.5; cond_mac: measured=2.8592971047472179e-27 threshold=>=0.80000000000000004,0,0,0,converged; residual=1.8204030295968458e-12
inf,3,diagnostic,3,320,315,3375.25387936763,5.65497409628389e-26,5.65497409628389e-26,5.65497409628389e-26,0,0.988921969324801,0.993430983979278,0,0,0,0,0,cond_kinetic: measured=0 threshold=>=0.5; cond_supports: measured=false threshold=true; cond_strain: measured=0.98892196932480114 threshold=<=0.5; cond_mac: measured=5.6549740962838851e-26 threshold=>=0.80000000000000004,0,0,0,converged; residual=5.0470838739962233e-12
inf,3,diagnostic,3,320,316,3394.61976901414,2.07218213185604e-24,2.07218213185604e-24,2.07218213185604e-24,0,0.838871407188265,0.832534864073024,0,0,0,0,0,cond_kinetic: measured=0 threshold=>=0.5; cond_supports: measured=false threshold=true; cond_strain: measured=0.83887140718826469 threshold=<=0.5; cond_mac: measured=2.0721821318560419e-24 threshold=>=0.80000000000000004,0,0,0,converged; residual=1.0786437961337973e-12
inf,3,diagnostic,3,320,317,3411.11353674474,3.53152473685147e-07,3.53152473685147e-07,3.53152473685147e-07,0,0.681900599920358,0.672420074116992,0,0,0,0,0,cond_kinetic: measured=0 threshold=>=0.5; cond_supports: measured=false threshold=true; cond_strain: measured=0.68190059992035756 threshold=<=0.5; cond_mac: measured=3.5315247368514667e-07 threshold=>=0.80000000000000004,0,0,0,converged; residual=8.5409913878956213e-13
inf,3,diagnostic,3,320,318,3416.00887981472,1.86499394637497e-21,1.86499394637497e-21,1.86499394637497e-21,0,0.967904782794836,0.969767000259013,0,0,0,0,0,cond_kinetic: measured=0 threshold=>=0.5; cond_supports: measured=false threshold=true; cond_strain: measured=0.96790478279483583 threshold=<=0.5; cond_mac: measured=1.8649939463749687e-21 threshold=>=0.80000000000000004,0,0,0,converged; residual=2.2827734309065396e-12
inf,3,diagnostic,3,320,319,3421.08641883664,1.62910347354113e-07,1.62910347354113e-07,1.62910347354113e-07,0,0.825628159397794,0.825735279562466,0,0,0,0,0,cond_kinetic: measured=0 threshold=>=0.5; cond_supports: measured=false threshold=true; cond_strain: measured=0.82562815939779377 threshold=<=0.5; cond_mac: measured=1.6291034735411306e-07 threshold=>=0.80000000000000004,0,0,0,converged; residual=9.1456230498644184e-13
inf,3,diagnostic,3,320,320,3432.61472521499,2.53279379055236e-23,2.53279379055236e-23,2.53279379055236e-23,0,0.832435483074445,0.798072052231872,0,0,0,0,0,cond_kinetic: measured=0 threshold=>=0.5; cond_supports: measured=false threshold=true; cond_strain: measured=0.83243548307444515 threshold=<=0.5; cond_mac: measured=2.5327937905523637e-23 threshold=>=0.80000000000000004,0,0,0,converged; residual=2.3297423242108195e-12
inf,5,diagnostic,4,40,1,85.5437698273771,2.00696356928243e-07,2.00696356928243e-07,2.00696356928243e-07,1.43859022599994e-08,0.99999931779528,0.999999978355009,1,0,1,0,0,cond_kinetic: measured=1.4385902259999427e-08 threshold=>=0.5; cond_strain: measured=0.99999931779527951 threshold=<=0.5; cond_mac: measured=2.0069635692824338e-07 threshold=>=0.80000000000000004,0,0,0,converged; residual=3.3881301132246005e-09
inf,5,diagnostic,4,40,2,85.5437699006908,2.0686861592533e-14,2.0686861592533e-14,2.0686861592533e-14,8.07185605118489e-09,0.999999328412955,0.999999986639123,1,0,1,0,0,cond_kinetic: measured=8.0718560511848856e-09 threshold=>=0.5; cond_strain: measured=0.99999932841295469 threshold=<=0.5; cond_mac: measured=2.0686861592533004e-14 threshold=>=0.80000000000000004,0,0,0,converged; residual=3.3960165599861935e-09
inf,5,diagnostic,4,40,3,85.5437706869033,3.22992444498555e-13,3.22992444498555e-13,3.22992444498555e-13,5.41073905297101e-10,0.999999358794197,0.999999999055989,1,0,1,0,0,cond_kinetic: measured=5.4107390529710135e-10 threshold=>=0.5; cond_strain: measured=0.99999935879419732 threshold=<=0.5; cond_mac: measured=3.2299244449855505e-13 threshold=>=0.80000000000000004,0,0,0,converged; residual=3.8436556056620172e-09
inf,5,diagnostic,4,40,4,85.5437718119825,1.00042992642264e-15,1.00042992642264e-15,1.00042992642264e-15,4.17414322391485e-11,0.999999385947585,0.999999999908189,1,0,1,0,0,cond_kinetic: measured=4.1741432239148464e-11 threshold=>=0.5; cond_strain: measured=0.99999938594758542 threshold=<=0.5; cond_mac: measured=1.0004299264226436e-15 threshold=>=0.80000000000000004,0,0,0,converged; residual=3.8675560390018506e-09
inf,5,diagnostic,4,40,5,99.392042789747,4.1575671260223e-24,4.1575671260223e-24,4.1575671260223e-24,2.78924275274879e-07,0.999970928229021,0.999999578614374,1,0,1,0,0,cond_kinetic: measured=2.7892427527487946e-07 threshold=>=0.5; cond_strain: measured=0.99997092822902112 threshold=<=0.5; cond_mac: measured=4.1575671260222959e-24 threshold=>=0.80000000000000004,0,0,0,converged; residual=1.4170554987779811e-09
inf,5,diagnostic,4,40,6,113.380884113306,2.39116909990068e-24,2.39116909990068e-24,2.39116909990068e-24,2.04181036060655e-05,0.999913978595414,0.999967296038834,1,0,1,0,0,cond_kinetic: measured=2.0418103606065459e-05 threshold=>=0.5; cond_strain: measured=0.99991397859541364 threshold=<=0.5; cond_mac: measured=2.3911690999006775e-24 threshold=>=0.80000000000000004,0,0,0,converged; residual=5.0253642119927342e-10
inf,5,diagnostic,4,40,7,118.544011042466,2.38480907667518e-23,2.38480907667518e-23,2.38480907667518e-23,1.10812771051001e-07,0.999982118234371,0.999999872296646,1,0,1,0,0,cond_kinetic: measured=1.1081277105100115e-07 threshold=>=0.5; cond_strain: measured=0.99998211823437133 threshold=<=0.5; cond_mac: measured=2.3848090766751845e-23 threshold=>=0.80000000000000004,0,0,0,converged; residual=4.3996190176727043e-10
inf,5,diagnostic,4,40,8,126.740140138078,2.69953542550136e-06,2.69953542550136e-06,2.69953542550136e-06,1.00571555382377e-06,0.999997458535488,0.999998506937688,1,0,1,0,0,cond_kinetic: measured=1.0057155538237698e-06 threshold=>=0.5; cond_strain: measured=0.99999745853548849 threshold=<=0.5; cond_mac: measured=2.6995354255013556e-06 threshold=>=0.80000000000000004,0,0,0,converged; residual=1.6329634531633105e-09
inf,5,diagnostic,4,40,9,126.740154009643,1.62366648080164e-17,1.62366648080164e-17,1.62366648080164e-17,1.6808827125159e-07,0.999998914151927,0.999999720508577,1,0,1,0,0,cond_kinetic: measured=1.6808827125159025e-07 threshold=>=0.5; cond_strain: measured=0.99999891415192654 threshold=<=0.5; cond_mac: measured=1.6236664808016419e-17 threshold=>=0.80000000000000004,0,0,0,converged; residual=1.2696050594927282e-09
inf,5,diagnostic,4,40,10,126.740168686247,7.53318555185071e-15,7.53318555185071e-15,7.53318555185071e-15,1.7628781348538e-09,0.999999419953839,0.999999996919606,1,0,1,0,0,cond_kinetic: measured=1.7628781348538034e-09 threshold=>=0.5; cond_strain: measured=0.99999941995383912 threshold=<=0.5; cond_mac: measured=7.5331855518507084e-15 threshold=>=0.80000000000000004,0,0,0,converged; residual=1.2430091761059163e-09
inf,5,diagnostic,4,40,11,126.740171052318,1.24133287302465e-16,1.24133287302465e-16,1.24133287302465e-16,1.51090650116407e-10,0.999999460065909,0.999999999684323,1,0,1,0,0,cond_kinetic: measured=1.5109065011640749e-10 threshold=>=0.5; cond_strain: measured=0.99999946006590923 threshold=<=0.5; cond_mac: measured=1.2413328730246514e-16 threshold=>=0.80000000000000004,0,0,0,converged; residual=1.2343309618117323e-09
inf,5,diagnostic,4,40,12,135.63710330769,0.0302022654860841,0.0302022654860841,0.0302022654860841,0.0162402943539352,0.972917338848575,0.976338274163033,1,0,1,0,0,cond_kinetic: measured=0.016240294353935245 threshold=>=0.5; cond_strain: measured=0.9729173388485749 threshold=<=0.5; cond_mac: measured=0.030202265486084116 threshold=>=0.80000000000000004,0,0,0,converged; residual=5.7141884237127461e-10
inf,5,diagnostic,4,40,13,140.220683514101,5.50885038810376e-22,5.50885038810376e-22,5.50885038810376e-22,1.68246846704667e-07,0.999986774564543,0.999999725376217,1,0,1,0,0,cond_kinetic: measured=1.6824684670466707e-07 threshold=>=0.5; cond_strain: measured=0.99998677456454277 threshold=<=0.5; cond_mac: measured=5.5088503881037586e-22 threshold=>=0.80000000000000004,0,0,0,converged; residual=4.1652770580439367e-10
inf,5,diagnostic,4,40,14,140.504231070847,5.80272191188928e-06,5.80272191188928e-06,5.80272191188928e-06,3.48098804819805e-06,0.999994130552937,0.999994874871207,1,0,1,0,0,cond_kinetic: measured=3.4809880481980453e-06 threshold=>=0.5; cond_strain: measured=0.9999941305529374 threshold=<=0.5; cond_mac: measured=5.8027219118892837e-06 threshold=>=0.80000000000000004,0,0,0,converged; residual=8.296648399094334e-10
inf,5,diagnostic,4,40,15,140.504247879755,1.30524857281061e-16,1.30524857281061e-16,1.30524857281061e-16,6.50765991908405e-08,0.999999423785495,0.999999892093713,1,0,1,0,0,cond_kinetic: measured=6.5076599190840542e-08 threshold=>=0.5; cond_strain: measured=0.99999942378549489 threshold=<=0.5; cond_mac: measured=1.3052485728106113e-16 threshold=>=0.80000000000000004,0,0,0,converged; residual=9.9526317231511805e-10
inf,5,diagnostic,4,40,16,140.504251911247,3.0333682895797e-14,3.0333682895797e-14,3.0333682895797e-14,3.28838216282817e-10,0.99999958883161,0.999999999414389,1,0,1,0,0,cond_kinetic: measured=3.2883821628281685e-10 threshold=>=0.5; cond_strain: measured=0.99999958883160955 threshold=<=0.5; cond_mac: measured=3.0333682895797023e-14 threshold=>=0.80000000000000004,0,0,0,converged; residual=8.6869867351002386e-10
inf,5,diagnostic,4,40,17,140.504252280548,1.52998123868363e-16,1.52998123868363e-16,1.52998123868363e-16,4.24366155143217e-11,0.999999594586166,0.999999999908259,1,0,1,0,0,cond_kinetic: measured=4.2436615514321688e-11 threshold=>=0.5; cond_strain: measured=0.99999959458616594 threshold=<=0.5; cond_mac: measured=1.5299812386836277e-16 threshold=>=0.80000000000000004,0,0,0,converged; residual=8.7639591795070296e-10
inf,5,diagnostic,4,40,18,140.657474558235,4.67014963488632e-05,4.67014963488632e-05,4.67014963488632e-05,3.06081813922946e-05,0.999942942052408,0.999956217910222,1,0,1,0,0,cond_kinetic: measured=3.0608181392294613e-05 threshold=>=0.5; cond_strain: measured=0.9999429420524083 threshold=<=0.5; cond_mac: measured=4.6701496348863166e-05 threshold=>=0.80000000000000004,0,0,0,converged; residual=2.8440183272043569e-10
inf,5,diagnostic,4,40,19,140.914756287226,2.49965240726381e-20,2.49965240726381e-20,2.49965240726381e-20,0.000181728442655984,0.999554491262825,0.999705232831808,1,0,1,0,0,cond_kinetic: measured=0.00018172844265598365 threshold=>=0.5; cond_strain: measured=0.99955449126282514 threshold=<=0.5; cond_mac: measured=2.4996524072638088e-20 threshold=>=0.80000000000000004,0,0,0,converged; residual=3.6394545057349328e-10
inf,5,diagnostic,4,40,20,144.043671386965,0.913077057807612,0.913077057807612,0.913077057807612,0.614802814498894,0.0870201421570244,0.0976120837325248,1,1,1,1,1,,1,1,0,converged; residual=5.3770572203015854e-10
inf,5,diagnostic,4,40,21,145.738477736218,4.86851247575298e-19,4.86851247575298e-19,4.86851247575298e-19,1.00383413071056e-06,0.999979065535851,0.999998903634592,1,0,1,0,0,cond_kinetic: measured=1.003834130710557e-06 threshold=>=0.5; cond_strain: measured=0.99997906553585081 threshold=<=0.5; cond_mac: measured=4.868512475752984e-19 threshold=>=0.80000000000000004,0,0,0,converged; residual=3.8275323485868259e-10
inf,5,diagnostic,4,40,22,149.3244330934,0.0549013821383921,0.0549013821383921,0.0549013821383921,0.0423078326800394,0.941225569739102,0.937626254122926,1,0,1,0,0,cond_kinetic: measured=0.042307832680039362 threshold=>=0.5; cond_strain: measured=0.94122556973910221 threshold=<=0.5; cond_mac: measured=0.054901382138392088 threshold=>=0.80000000000000004,0,0,0,converged; residual=4.9635171161697433e-10
inf,5,diagnostic,4,40,23,156.139809459706,9.28053279323346e-23,9.28053279323346e-23,9.28053279323346e-23,9.40318101883946e-06,0.999892634077749,0.999989711695351,1,0,1,0,0,cond_kinetic: measured=9.4031810188394609e-06 threshold=>=0.5; cond_strain: measured=0.99989263407774942 threshold=<=0.5; cond_mac: measured=9.2805327932334607e-23 threshold=>=0.80000000000000004,0,0,0,converged; residual=2.5013687748920759e-10
inf,5,diagnostic,4,40,24,159.982326841104,2.01660490730538e-18,2.01660490730538e-18,2.01660490730538e-18,1.61196042370566e-06,0.999996595505178,0.999997349150155,1,0,1,0,0,cond_kinetic: measured=1.6119604237056569e-06 threshold=>=0.5; cond_strain: measured=0.99999659550517828 threshold=<=0.5; cond_mac: measured=2.0166049073053777e-18 threshold=>=0.80000000000000004,0,0,0,converged; residual=7.1678026909303424e-10
inf,5,diagnostic,4,40,25,159.982347837239,2.2527836718342e-14,2.2527836718342e-14,2.2527836718342e-14,1.35889841004795e-09,0.999999571760563,0.99999999762751,1,0,1,0,0,cond_kinetic: measured=1.358898410047946e-09 threshold=>=0.5; cond_strain: measured=0.99999957176056342 threshold=<=0.5; cond_mac: measured=2.252783671834203e-14 threshold=>=0.80000000000000004,0,0,0,converged; residual=7.2871244853299375e-10
inf,5,diagnostic,4,40,26,159.982349224575,2.1256814646777e-16,2.1256814646777e-16,2.1256814646777e-16,1.2697912399164e-10,0.999999591236723,0.999999999738199,1,0,1,0,0,cond_kinetic: measured=1.2697912399164017e-10 threshold=>=0.5; cond_strain: measured=0.99999959123672266 threshold=<=0.5; cond_mac: measured=2.1256814646777017e-16 threshold=>=0.80000000000000004,0,0,0,converged; residual=7.0730709414762429e-10
inf,5,diagnostic,4,40,27,159.982355619098,3.1057803798774e-07,3.1057803798774e-07,3.1057803798774e-07,3.52411388028245e-07,0.999999155575818,0.999999488245029,1,0,1,0,0,cond_kinetic: measured=3.5241138802824465e-07 threshold=>=0.5; cond_strain: measured=0.99999915557581787 threshold=<=0.5; cond_mac: measured=3.1057803798774025e-07 threshold=>=0.80000000000000004,0,0,0,converged; residual=8.6261026945958713e-10
inf,5,diagnostic,4,40,28,160.123457925894,2.39296344850535e-23,2.39296344850535e-23,2.39296344850535e-23,0.00240664669745867,0.995560016810666,0.996062426600612,1,0,1,0,0,cond_kinetic: measured=0.0024066466974586699 threshold=>=0.5; cond_strain: measured=0.9955600168106663 threshold=<=0.5; cond_mac: measured=2.3929634485053463e-23 threshold=>=0.80000000000000004,0,0,0,converged; residual=4.0047715790256812e-10
inf,5,diagnostic,4,40,29,164.529052262452,1.08549696914154e-22,1.08549696914154e-22,1.08549696914154e-22,4.53984320250887e-07,0.999980110669594,0.999999290683907,1,0,1,0,0,cond_kinetic: measured=4.5398432025088734e-07 threshold=>=0.5; cond_strain: measured=0.99998011066959447 threshold=<=0.5; cond_mac: measured=1.0854969691415391e-22 threshold=>=0.80000000000000004,0,0,0,converged; residual=3.0539200845593884e-10
inf,5,diagnostic,4,40,30,169.84767543235,1.12357777500966e-22,1.12357777500966e-22,1.12357777500966e-22,0.60052464929793,0.0154186520573094,0.0132716738337711,1,1,1,1,0,cond_mac: measured=1.1235777750096575e-22 threshold=>=0.80000000000000004,0,0,0,converged; residual=4.0559981797884099e-10
inf,5,diagnostic,4,40,31,173.396193119079,4.2878078483419e-25,4.2878078483419e-25,4.2878078483419e-25,9.10925064894164e-09,0.999994223172751,0.999999983732483,1,0,1,0,0,cond_kinetic: measured=9.1092506489416426e-09 threshold=>=0.5; cond_strain: measured=0.99999422317275111 threshold=<=0.5; cond_mac: measured=4.287807848341902e-25 threshold=>=0.80000000000000004,0,0,0,converged; residual=2.1390549784433245e-10
inf,5,diagnostic,4,40,32,175.699782197587,4.58769254257501e-19,4.58769254257501e-19,4.58769254257501e-19,1.01978794953908e-07,0.999989535200989,0.999999885703757,1,0,1,0,0,cond_kinetic: measured=1.0197879495390751e-07 threshold=>=0.5; cond_strain: measured=0.9999895352009891 threshold=<=0.5; cond_mac: measured=4.5876925425750061e-19 threshold=>=0.80000000000000004,0,0,0,converged; residual=1.5687442139774862e-10
inf,5,diagnostic,4,40,33,175.822312147878,0.000547700685070549,0.000547700685070549,0.000547700685070549,0.000783632673446816,0.999172797237655,0.998822436957642,1,0,1,0,0,cond_kinetic: measured=0.0007836326734468156 threshold=>=0.5; cond_strain: measured=0.99917279723765484 threshold=<=0.5; cond_mac: measured=0.00054770068507054904 threshold=>=0.80000000000000004,0,0,0,converged; residual=3.8754144116891642e-10
inf,5,diagnostic,4,40,34,177.032606283316,4.70234761096799e-21,4.70234761096799e-21,4.70234761096799e-21,0.000341181083421246,0.999475118488564,0.999437287813726,1,0,1,0,0,cond_kinetic: measured=0.00034118108342124639 threshold=>=0.5; cond_strain: measured=0.99947511848856385 threshold=<=0.5; cond_mac: measured=4.7023476109679895e-21 threshold=>=0.80000000000000004,0,0,0,converged; residual=3.3910224449490126e-10
inf,5,diagnostic,4,40,35,179.084809246315,4.08371092487729e-09,4.08371092487729e-09,4.08371092487729e-09,9.15096030366255e-09,0.999999422889844,0.999999987123176,1,0,1,0,0,cond_kinetic: measured=9.1509603036625515e-09 threshold=>=0.5; cond_strain: measured=0.99999942288984423 threshold=<=0.5; cond_mac: measured=4.0837109248772907e-09 threshold=>=0.80000000000000004,0,0,0,converged; residual=7.9267481799740637e-10
inf,5,diagnostic,4,40,36,179.084810072106,6.17316230080891e-17,6.17316230080891e-17,6.17316230080891e-17,8.35615735126065e-08,0.999999309423041,0.999999864208711,1,0,1,0,0,cond_kinetic: measured=8.3561573512606476e-08 threshold=>=0.5; cond_strain: measured=0.99999930942304105 threshold=<=0.5; cond_mac: measured=6.1731623008089086e-17 threshold=>=0.80000000000000004,0,0,0,converged; residual=7.8802661011679109e-10
inf,5,diagnostic,4,40,37,179.084812132855,1.43340737562234e-15,1.43340737562234e-15,1.43340737562234e-15,1.3691337490289e-10,0.999999467756148,0.999999999742075,1,0,1,0,0,cond_kinetic: measured=1.369133749028904e-10 threshold=>=0.5; cond_strain: measured=0.99999946775614768 threshold=<=0.5; cond_mac: measured=1.4334073756223365e-15 threshold=>=0.80000000000000004,0,0,0,converged; residual=6.2552493405988513e-10
inf,5,diagnostic,4,40,38,179.084812259085,3.26011852902487e-18,3.26011852902487e-18,3.26011852902487e-18,1.55195618628371e-11,0.999999469369081,0.999999999945337,1,0,1,0,0,cond_kinetic: measured=1.5519561862837067e-11 threshold=>=0.5; cond_strain: measured=0.99999946936908124 threshold=<=0.5; cond_mac: measured=3.2601185290248658e-18 threshold=>=0.80000000000000004,0,0,0,converged; residual=6.535906930917205e-10
inf,5,diagnostic,4,40,39,185.884853765533,5.58347681863293e-23,5.58347681863293e-23,5.58347681863293e-23,7.26635386457179e-06,0.999934924899558,0.999992027017623,1,0,1,0,0,cond_kinetic: measured=7.266353864571787e-06 threshold=>=0.5; cond_strain: measured=0.99993492489955826 threshold=<=0.5; cond_mac: measured=5.5834768186329345e-23 threshold=>=0.80000000000000004,0,0,0,converged; residual=1.9017959991957557e-10
inf,5,diagnostic,4,40,40,191.742694266875,3.10408378843757e-23,3.10408378843757e-23,3.10408378843757e-23,0.000768222139789714,0.998983666704403,0.998724683907634,1,0,1,0,0,cond_kinetic: measured=0.00076822213978971446 threshold=>=0.5; cond_strain: measured=0.99898366670440286 threshold=<=0.5; cond_mac: measured=3.1040837884375679e-23 threshold=>=0.80000000000000004,0,0,0,converged; residual=3.3820279580082656e-10
inf,8,diagnostic,5,40,1,115.273048111498,7.80735737839261e-25,7.80735737839261e-25,7.80735737839261e-25,6.38810634856892e-07,0.999967265827868,0.999999125626187,1,0,1,0,0,cond_kinetic: measured=6.3881063485689216e-07 threshold=>=0.5; cond_strain: measured=0.99996726582786755 threshold=<=0.5; cond_mac: measured=7.8073573783926146e-25 threshold=>=0.80000000000000004,0,0,0,converged; residual=1.3658662112077908e-09
inf,8,diagnostic,5,40,2,122.181634387663,2.36831441929226e-24,2.36831441929226e-24,2.36831441929226e-24,1.31117335108406e-06,0.999977233007831,0.999998640261153,1,0,1,0,0,cond_kinetic: measured=1.3111733510840617e-06 threshold=>=0.5; cond_strain: measured=0.99997723300783081 threshold=<=0.5; cond_mac: measured=2.3683144192922596e-24 threshold=>=0.80000000000000004,0,0,0,converged; residual=5.9676541277113324e-10
inf,8,diagnostic,5,40,3,128.770401615413,5.30615591569434e-25,5.30615591569434e-25,5.30615591569434e-25,0.000238196154764297,0.999381241349745,0.999651465340954,1,0,1,0,0,cond_kinetic: measured=0.00023819615476429666 threshold=>=0.5; cond_strain: measured=0.99938124134974526 threshold=<=0.5; cond_mac: measured=5.3061559156943411e-25 threshold=>=0.80000000000000004,0,0,0,converged; residual=4.7619900695785967e-10
inf,8,diagnostic,5,40,4,134.474090921122,1.61994797880404e-22,1.61994797880404e-22,1.61994797880404e-22,6.23524837405305e-08,0.999995426805926,0.999999911186653,1,0,1,0,0,cond_kinetic: measured=6.2352483740530472e-08 threshold=>=0.5; cond_strain: measured=0.99999542680592601 threshold=<=0.5; cond_mac: measured=1.6199479788040416e-22 threshold=>=0.80000000000000004,0,0,0,converged; residual=6.4188149539193317e-10
inf,8,diagnostic,5,40,5,139.143379396759,1.89818461048812e-22,1.89818461048812e-22,1.89818461048812e-22,7.60762906273066e-07,0.999989894993026,0.999999209978552,1,0,1,0,0,cond_kinetic: measured=7.6076290627306627e-07 threshold=>=0.5; cond_strain: measured=0.99998989499302648 threshold=<=0.5; cond_mac: measured=1.8981846104881236e-22 threshold=>=0.80000000000000004,0,0,0,converged; residual=5.6122165549580439e-10
inf,8,diagnostic,5,40,6,144.669888064425,0.0049982165039799,0.0049982165039799,0.0049982165039799,0.00332888043174095,0.995206884573032,0.995629416762309,1,0,1,0,0,cond_kinetic: measured=0.0033288804317409496 threshold=>=0.5; cond_strain: measured=0.9952068845730323 threshold=<=0.5; cond_mac: measured=0.0049982165039798984 threshold=>=0.80000000000000004,0,0,0,converged; residual=4.8524829999095605e-10
inf,8,diagnostic,5,40,7,146.655881386441,6.14074296256737e-20,6.14074296256737e-20,6.14074296256737e-20,5.04499603984045e-07,0.999984070911057,0.99999926601295,1,0,1,0,0,cond_kinetic: measured=5.0449960398404533e-07 threshold=>=0.5; cond_strain: measured=0.99998407091105745 threshold=<=0.5; cond_mac: measured=6.1407429625673713e-20 threshold=>=0.80000000000000004,0,0,0,converged; residual=5.1938822511942529e-10
inf,8,diagnostic,5,40,8,149.935048145712,0.989747742544928,0.989747742544928,0.989747742544928,0.737270788452984,0.0108564215562626,0.0213628119330679,1,1,1,1,1,,1,1,0,converged; residual=4.4827042109167069e-10
inf,8,diagnostic,5,40,9,152.959629748899,1.04546363238077e-21,1.04546363238077e-21,1.04546363238077e-21,1.37737668142857e-06,0.999984516459516,0.999998568424896,1,0,1,0,0,cond_kinetic: measured=1.3773766814285709e-06 threshold=>=0.5; cond_strain: measured=0.99998451645951614 threshold=<=0.5; cond_mac: measured=1.0454636323807745e-21 threshold=>=0.80000000000000004,0,0,0,converged; residual=3.8336193814987089e-10
inf,8,diagnostic,5,40,10,161.638498263619,6.05492882075942e-24,6.05492882075942e-24,6.05492882075942e-24,0.000843543973383793,0.998635445963454,0.998747973764434,1,0,1,0,0,cond_kinetic: measured=0.00084354397338379337 threshold=>=0.5; cond_strain: measured=0.99863544596345444 threshold=<=0.5; cond_mac: measured=6.0549288207594157e-24 threshold=>=0.80000000000000004,0,0,0,converged; residual=3.8248327563050939e-10
inf,8,diagnostic,5,40,11,162.686458660192,1.93284233976477e-21,1.93284233976477e-21,1.93284233976477e-21,6.38725484127611e-08,0.999994418080827,0.999999913278196,1,0,1,0,0,cond_kinetic: measured=6.3872548412761134e-08 threshold=>=0.5; cond_strain: measured=0.99999441808082712 threshold=<=0.5; cond_mac: measured=1.9328423397647688e-21 threshold=>=0.80000000000000004,0,0,0,converged; residual=2.6812239898293733e-10
inf,8,diagnostic,5,40,12,165.754724012517,8.25315859298143e-22,8.25315859298143e-22,8.25315859298143e-22,1.81306888071304e-06,0.999958584971974,0.999997400523067,1,0,1,0,0,cond_kinetic: measured=1.8130688807130385e-06 threshold=>=0.5; cond_strain: measured=0.99995858497197398 threshold=<=0.5; cond_mac: measured=8.2531585929814338e-22 threshold=>=0.80000000000000004,0,0,0,converged; residual=3.4270485935864443e-10
inf,8,diagnostic,5,40,13,167.689666951497,4.37781907369228e-22,4.37781907369228e-22,4.37781907369228e-22,0.664992909205179,0.00748950735494701,0.0127004510227434,1,1,1,1,0,cond_mac: measured=4.3778190736922828e-22 threshold=>=0.80000000000000004,0,0,0,converged; residual=3.9054458821282697e-10
inf,8,diagnostic,5,40,14,168.420777082035,1.78745558029293e-23,1.78745558029293e-23,1.78745558029293e-23,1.02388769991906e-06,0.99998796017449,0.99999893232624,1,0,1,0,0,cond_kinetic: measured=1.0238876999190596e-06 threshold=>=0.5; cond_strain: measured=0.99998796017448988 threshold=<=0.5; cond_mac: measured=1.7874555802929271e-23 threshold=>=0.80000000000000004,0,0,0,converged; residual=3.1179077507847122e-10
inf,8,diagnostic,5,40,15,168.54469946028,1.79613832324824e-06,1.79613832324824e-06,1.79613832324824e-06,1.49280102423072e-06,0.999987130405458,0.999997645156695,1,0,1,0,0,cond_kinetic: measured=1.4928010242307168e-06 threshold=>=0.5; cond_strain: measured=0.99998713040545784 threshold=<=0.5; cond_mac: measured=1.7961383232482419e-06 threshold=>=0.80000000000000004,0,0,0,converged; residual=2.3774797034840773e-10
inf,8,diagnostic,5,40,16,179.092741609583,1.49492553340147e-21,1.49492553340147e-21,1.49492553340147e-21,1.90966851513256e-07,0.999991857859612,0.999999712608014,1,0,1,0,0,cond_kinetic: measured=1.9096685151325626e-07 threshold=>=0.5; cond_strain: measured=0.99999185785961198 threshold=<=0.5; cond_mac: measured=1.4949255334014715e-21 threshold=>=0.80000000000000004,0,0,0,converged; residual=2.9144343863531903e-10
inf,8,diagnostic,5,40,17,179.710732163852,6.70073697110735e-22,6.70073697110735e-22,6.70073697110735e-22,8.73897882039892e-06,0.999936722471728,0.99999092800302,1,0,1,0,0,cond_kinetic: measured=8.7389788203989164e-06 threshold=>=0.5; cond_strain: measured=0.99993672247172838 threshold=<=0.5; cond_mac: measured=6.7007369711073514e-22 threshold=>=0.80000000000000004,0,0,0,converged; residual=1.5361658932240251e-10
inf,8,diagnostic,5,40,18,180.258507407734,2.63260530491081e-22,2.63260530491081e-22,2.63260530491081e-22,0.000657060654685922,0.999139392522566,0.999021302138157,1,0,1,0,0,cond_kinetic: measured=0.00065706065468592169 threshold=>=0.5; cond_strain: measured=0.99913939252256556 threshold=<=0.5; cond_mac: measured=2.6326053049108061e-22 threshold=>=0.80000000000000004,0,0,0,converged; residual=3.0987292255231346e-10
inf,8,diagnostic,5,40,19,184.231115726513,0.00281623315394736,0.00281623315394736,0.00281623315394736,0.00439534228657701,0.995685968406026,0.993950163565449,1,0,1,0,0,cond_kinetic: measured=0.0043953422865770069 threshold=>=0.5; cond_strain: measured=0.99568596840602563 threshold=<=0.5; cond_mac: measured=0.0028162331539473562 threshold=>=0.80000000000000004,0,0,0,converged; residual=4.1209678603352335e-10
inf,8,diagnostic,5,40,20,185.58255402688,3.73582211177787e-21,3.73582211177787e-21,3.73582211177787e-21,8.88783570624262e-07,0.999990547096925,0.99999908103836,1,0,1,0,0,cond_kinetic: measured=8.8878357062426188e-07 threshold=>=0.5; cond_strain: measured=0.99999054709692525 threshold=<=0.5; cond_mac: measured=3.7358221117778744e-21 threshold=>=0.80000000000000004,0,0,0,converged; residual=1.8024483085026836e-10
inf,8,diagnostic,5,40,21,187.329786073434,7.64225756460425e-24,7.64225756460425e-24,7.64225756460425e-24,0.000902159294056556,0.998890413565342,0.998647542817508,1,0,1,0,0,cond_kinetic: measured=0.00090215929405655627 threshold=>=0.5; cond_strain: measured=0.99889041356534169 threshold=<=0.5; cond_mac: measured=7.6422575646042486e-24 threshold=>=0.80000000000000004,0,0,0,converged; residual=2.8491265321303613e-10
inf,8,diagnostic,5,40,22,187.871624107258,2.67722378536487e-05,2.67722378536487e-05,2.67722378536487e-05,3.94943278921194e-05,0.999938560357722,0.999942644553469,1,0,1,0,0,cond_kinetic: measured=3.9494327892119379e-05 threshold=>=0.5; cond_strain: measured=0.99993856035772222 threshold=<=0.5; cond_mac: measured=2.677223785364871e-05 threshold=>=0.80000000000000004,0,0,0,converged; residual=2.0725598335923097e-10
inf,8,diagnostic,5,40,23,192.173582512245,1.04071066565262e-21,1.04071066565262e-21,1.04071066565262e-21,9.07623964436232e-07,0.999979013911521,0.999998644478137,1,0,1,0,0,cond_kinetic: measured=9.0762396443623245e-07 threshold=>=0.5; cond_strain: measured=0.99997901391152066 threshold=<=0.5; cond_mac: measured=1.0407106656526207e-21 threshold=>=0.80000000000000004,0,0,0,converged; residual=3.1121351340630446e-10
inf,8,diagnostic,5,40,24,194.998384467567,0.000219958629437834,0.000219958629437834,0.000219958629437834,0.000428020767993555,0.999620155493079,0.999408878393333,1,0,1,0,0,cond_kinetic: measured=0.00042802076799355507 threshold=>=0.5; cond_strain: measured=0.9996201554930787 threshold=<=0.5; cond_mac: measured=0.00021995862943783377 threshold=>=0.80000000000000004,0,0,0,converged; residual=3.4930899369903094e-10
inf,8,diagnostic,5,40,25,197.304120988275,2.52514398625825e-23,2.52514398625825e-23,2.52514398625825e-23,4.96425697163763e-05,0.999937457767946,0.999924647039886,1,0,1,0,0,cond_kinetic: measured=4.964256971637634e-05 threshold=>=0.5; cond_strain: measured=0.99993745776794629 threshold=<=0.5; cond_mac: measured=2.5251439862582541e-23 threshold=>=0.80000000000000004,0,0,0,converged; residual=1.854594622277805e-10
inf,8,diagnostic,5,40,26,197.439620052014,7.47847276662335e-23,7.47847276662335e-23,7.47847276662335e-23,0.000111308525331327,0.999469404942875,0.999884768968413,1,0,1,0,0,cond_kinetic: measured=0.00011130852533132682 threshold=>=0.5; cond_strain: measured=0.99946940494287495 threshold=<=0.5; cond_mac: measured=7.4784727666233542e-23 threshold=>=0.80000000000000004,0,0,0,converged; residual=1.6171416135109668e-10
inf,8,diagnostic,5,40,27,199.6180076201,2.62946075289786e-22,2.62946075289786e-22,2.62946075289786e-22,7.14945066845368e-05,0.999662619475858,0.999925900064521,1,0,1,0,0,cond_kinetic: measured=7.1494506684536833e-05 threshold=>=0.5; cond_strain: measured=0.99966261947585811 threshold=<=0.5; cond_mac: measured=2.6294607528978631e-22 threshold=>=0.80000000000000004,0,0,0,converged; residual=1.8417538608020358e-10
inf,8,diagnostic,5,40,28,201.037486324391,4.32255239037096e-24,4.32255239037096e-24,4.32255239037096e-24,0.000254970390810378,0.99971919617871,0.999617009457614,1,0,1,0,0,cond_kinetic: measured=0.00025497039081037834 threshold=>=0.5; cond_strain: measured=0.9997191961787103 threshold=<=0.5; cond_mac: measured=4.3225523903709618e-24 threshold=>=0.80000000000000004,0,0,0,converged; residual=2.5522620546112166e-10
inf,8,diagnostic,5,40,29,203.936908567462,2.08968915304296e-23,2.08968915304296e-23,2.08968915304296e-23,0.000277819299646489,0.999697850808484,0.999579757851381,1,0,1,0,0,cond_kinetic: measured=0.00027781929964648856 threshold=>=0.5; cond_strain: measured=0.99969785080848372 threshold=<=0.5; cond_mac: measured=2.0896891530429634e-23 threshold=>=0.80000000000000004,0,0,0,converged; residual=2.6394989506762724e-10
inf,8,diagnostic,5,40,30,205.66392236429,3.9390712057246e-22,3.9390712057246e-22,3.9390712057246e-22,7.28357382756515e-07,0.999977472207227,0.999999221061323,1,0,1,0,0,cond_kinetic: measured=7.2835738275651485e-07 threshold=>=0.5; cond_strain: measured=0.9999774722072271 threshold=<=0.5; cond_mac: measured=3.9390712057245951e-22 threshold=>=0.80000000000000004,0,0,0,converged; residual=1.5658481701295331e-10
inf,8,diagnostic,5,40,31,206.965723152227,1.10605656651003e-22,1.10605656651003e-22,1.10605656651003e-22,2.03173421877296e-06,0.999965537320155,0.99999698931634,1,0,1,0,0,cond_kinetic: measured=2.0317342187729576e-06 threshold=>=0.5; cond_strain: measured=0.9999655373201547 threshold=<=0.5; cond_mac: measured=1.1060565665100346e-22 threshold=>=0.80000000000000004,0,0,0,converged; residual=2.865104447709117e-10
inf,8,diagnostic,5,40,32,207.517623025347,1.65921351367249e-05,1.65921351367249e-05,1.65921351367249e-05,4.90628851529764e-05,0.999958268915328,0.999935783830834,1,0,1,0,0,cond_kinetic: measured=4.9062885152976413e-05 threshold=>=0.5; cond_strain: measured=0.99995826891532824 threshold=<=0.5; cond_mac: measured=1.6592135136724876e-05 threshold=>=0.80000000000000004,0,0,0,converged; residual=2.0692728413764597e-10
inf,8,diagnostic,5,40,33,210.426185226026,2.52274707273091e-23,2.52274707273091e-23,2.52274707273091e-23,6.93049214637441e-07,0.99997749228581,0.999999278344421,1,0,1,0,0,cond_kinetic: measured=6.930492146374413e-07 threshold=>=0.5; cond_strain: measured=0.99997749228581023 threshold=<=0.5; cond_mac: measured=2.5227470727309149e-23 threshold=>=0.80000000000000004,0,0,0,converged; residual=1.4131149207220533e-10
inf,8,diagnostic,5,40,34,211.640946440346,7.65355608009583e-05,7.65355608009583e-05,7.65355608009583e-05,0.000190164502933458,0.999817835974242,0.999727362317122,1,0,1,0,0,cond_kinetic: measured=0.00019016450293345846 threshold=>=0.5; cond_strain: measured=0.99981783597424212 threshold=<=0.5; cond_mac: measured=7.6535560800958255e-05 threshold=>=0.80000000000000004,0,0,0,converged; residual=3.0136843799018416e-10
inf,8,diagnostic,5,40,35,214.691840409417,8.55202843917149e-24,8.55202843917149e-24,8.55202843917149e-24,0.000115942263355327,0.999887461046257,0.99982473721495,1,0,1,0,0,cond_kinetic: measured=0.00011594226335532696 threshold=>=0.5; cond_strain: measured=0.99988746104625748 threshold=<=0.5; cond_mac: measured=8.5520284391714911e-24 threshold=>=0.80000000000000004,0,0,0,converged; residual=2.4600885883382692e-10
inf,8,diagnostic,5,40,36,214.911114818631,1.30512370978103e-23,1.30512370978103e-23,1.30512370978103e-23,1.28398699526426e-05,0.999935029922515,0.999986644066416,1,0,1,0,0,cond_kinetic: measured=1.2839869952642573e-05 threshold=>=0.5; cond_strain: measured=0.99993502992251482 threshold=<=0.5; cond_mac: measured=1.3051237097810295e-23 threshold=>=0.80000000000000004,0,0,0,converged; residual=1.6662157655975172e-10
inf,8,diagnostic,5,40,37,215.540162805346,2.57487742538413e-23,2.57487742538413e-23,2.57487742538413e-23,0.000104576525986362,0.999584214716286,0.999891678132002,1,0,1,0,0,cond_kinetic: measured=0.0001045765259863616 threshold=>=0.5; cond_strain: measured=0.99958421471628567 threshold=<=0.5; cond_mac: measured=2.5748774253841348e-23 threshold=>=0.80000000000000004,0,0,0,converged; residual=1.1473151285518903e-10
inf,8,diagnostic,5,40,38,219.514569656405,6.82021005383928e-06,6.82021005383928e-06,6.82021005383928e-06,1.77395501596978e-05,0.999959451069916,0.999972918608962,1,0,1,0,0,cond_kinetic: measured=1.7739550159697805e-05 threshold=>=0.5; cond_strain: measured=0.99995945106991591 threshold=<=0.5; cond_mac: measured=6.8202100538392787e-06 threshold=>=0.80000000000000004,0,0,0,converged; residual=1.5932953335469031e-10
inf,8,diagnostic,5,40,39,221.146863254256,4.07804084673766e-05,4.07804084673766e-05,4.07804084673766e-05,0.000131999927955006,0.999906164427268,0.999817141037672,1,0,1,0,0,cond_kinetic: measured=0.0001319999279550058 threshold=>=0.5; cond_strain: measured=0.99990616442726754 threshold=<=0.5; cond_mac: measured=4.0780408467376641e-05 threshold=>=0.80000000000000004,0,0,0,converged; residual=2.8156795256814864e-10
inf,8,diagnostic,5,40,40,221.928596466101,4.52270485119596e-22,4.52270485119596e-22,4.52270485119596e-22,2.68909230429092e-05,0.999967737938325,0.999959801579554,1,0,1,0,0,cond_kinetic: measured=2.6890923042909151e-05 threshold=>=0.5; cond_strain: measured=0.9999677379383255 threshold=<=0.5; cond_mac: measured=4.5227048511959641e-22 threshold=>=0.80000000000000004,0,0,0,converged; residual=1.7506523685086916e-10
inf,10,diagnostic,6,40,1,113.284913044154,1.59162460139038e-26,1.59162460139038e-26,1.59162460139038e-26,7.5118237613404e-07,0.999966233940116,0.99999903291548,1,0,1,0,0,cond_kinetic: measured=7.5118237613404045e-07 threshold=>=0.5; cond_strain: measured=0.99996623394011608 threshold=<=0.5; cond_mac: measured=1.5916246013903799e-26 threshold=>=0.80000000000000004,0,0,0,converged; residual=1.5729403469630238e-09
inf,10,diagnostic,6,40,2,115.533050436098,9.39073172959624e-27,9.39073172959624e-27,9.39073172959624e-27,1.43065459579567e-06,0.999973349151531,0.99999854309103,1,0,1,0,0,cond_kinetic: measured=1.4306545957956658e-06 threshold=>=0.5; cond_strain: measured=0.99997334915153147 threshold=<=0.5; cond_mac: measured=9.3907317295962431e-27 threshold=>=0.80000000000000004,0,0,0,converged; residual=6.4820331687702054e-10
inf,10,diagnostic,6,40,3,121.665252400709,2.58628332170899e-25,2.58628332170899e-25,2.58628332170899e-25,5.42529768504821e-08,0.99999295790182,0.999999938854643,1,0,1,0,0,cond_kinetic: measured=5.4252976850482054e-08 threshold=>=0.5; cond_strain: measured=0.99999295790181963 threshold=<=0.5; cond_mac: measured=2.5862833217089926e-25 threshold=>=0.80000000000000004,0,0,0,converged; residual=7.2514846721943509e-10
inf,10,diagnostic,6,40,4,125.906952535935,1.26018986077242e-24,1.26018986077242e-24,1.26018986077242e-24,5.49276355614473e-08,0.999996785798109,0.999999942999205,1,0,1,0,0,cond_kinetic: measured=5.4927635561447312e-08 threshold=>=0.5; cond_strain: measured=0.99999678579810869 threshold=<=0.5; cond_mac: measured=1.2601898607724158e-24 threshold=>=0.80000000000000004,0,0,0,converged; residual=6.3895206520763117e-10
inf,10,diagnostic,6,40,5,126.101692501302,1.26836605729229e-25,1.26836605729229e-25,1.26836605729229e-25,0.00017770960631584,0.999532241046427,0.999758130474285,1,0,1,0,0,cond_kinetic: measured=0.00017770960631584013 threshold=>=0.5; cond_strain: measured=0.99953224104642679 threshold=<=0.5; cond_mac: measured=1.2683660572922936e-25 threshold=>=0.80000000000000004,0,0,0,converged; residual=5.4820533359702735e-10
inf,10,diagnostic,6,40,6,132.500190496949,6.46226695489232e-05,6.46226695489232e-05,6.46226695489232e-05,3.88958265566008e-05,0.999905400291877,0.999954221445484,1,0,1,0,0,cond_kinetic: measured=3.8895826556600771e-05 threshold=>=0.5; cond_strain: measured=0.99990540029187658 threshold=<=0.5; cond_mac: measured=6.4622669548923241e-05 threshold=>=0.80000000000000004,0,0,0,converged; residual=5.0438821861209928e-10
inf,10,diagnostic,6,40,7,133.28530073088,1.01763870443681e-22,1.01763870443681e-22,1.01763870443681e-22,8.94042291275706e-08,0.999996229044397,0.999999878484251,1,0,1,0,0,cond_kinetic: measured=8.9404229127570621e-08 threshold=>=0.5; cond_strain: measured=0.99999622904439722 threshold=<=0.5; cond_mac: measured=1.0176387044368111e-22 threshold=>=0.80000000000000004,0,0,0,converged; residual=6.8312847770530777e-10
inf,10,diagnostic,6,40,8,136.317347358442,1.69611471879478e-24,1.69611471879478e-24,1.69611471879478e-24,2.56431397021553e-07,0.999995936731842,0.999999737078677,1,0,1,0,0,cond_kinetic: measured=2.5643139702155271e-07 threshold=>=0.5; cond_strain: measured=0.99999593673184239 threshold=<=0.5; cond_mac: measured=1.6961147187947802e-24 threshold=>=0.80000000000000004,0,0,0,converged; residual=6.3922203338263004e-10
inf,10,diagnostic,6,40,9,141.514047953745,8.15319347307203e-24,8.15319347307203e-24,8.15319347307203e-24,4.30466717505766e-05,0.999902845801533,0.999940683598938,1,0,1,0,0,cond_kinetic: measured=4.3046671750576599e-05 threshold=>=0.5; cond_strain: measured=0.99990284580153321 threshold=<=0.5; cond_mac: measured=8.1531934730720326e-24 threshold=>=0.80000000000000004,0,0,0,converged; residual=4.5240348794217574e-10
inf,10,diagnostic,6,40,10,143.521877490318,8.4310805316991e-22,8.4310805316991e-22,8.4310805316991e-22,5.23967713822192e-08,0.999997297742387,0.999999929701512,1,0,1,0,0,cond_kinetic: measured=5.2396771382219223e-08 threshold=>=0.5; cond_strain: measured=0.99999729774238655 threshold=<=0.5; cond_mac: measured=8.4310805316991037e-22 threshold=>=0.80000000000000004,0,0,0,converged; residual=6.1059584565465094e-10
inf,10,diagnostic,6,40,11,147.542217328638,4.48157985496859e-05,4.48157985496859e-05,4.48157985496859e-05,3.67207468740322e-05,0.99994440183513,0.99995532454474,1,0,1,0,0,cond_kinetic: measured=3.6720746874032151e-05 threshold=>=0.5; cond_strain: measured=0.99994440183512967 threshold=<=0.5; cond_mac: measured=4.48157985496859e-05 threshold=>=0.80000000000000004,0,0,0,converged; residual=4.6261573846186292e-10
inf,10,diagnostic,6,40,12,148.153787050719,4.14492960765899e-22,4.14492960765899e-22,4.14492960765899e-22,1.91277640752709e-07,0.999996879772071,0.999999803103434,1,0,1,0,0,cond_kinetic: measured=1.9127764075270936e-07 threshold=>=0.5; cond_strain: measured=0.99999687977207108 threshold=<=0.5; cond_mac: measured=4.1449296076589866e-22 threshold=>=0.80000000000000004,0,0,0,converged; residual=4.2711166592697914e-10
inf,10,diagnostic,6,40,13,150.783807262679,0.994857204349655,0.994857204349655,0.994857204349655,0.785340593306124,0.00608373163383701,0.0156316798138912,1,1,1,1,1,,1,1,0,converged; residual=4.9091537480327895e-10
inf,10,diagnostic,6,40,14,153.659875689238,1.81784637053992e-21,1.81784637053992e-21,1.81784637053992e-21,1.80791997808435e-07,0.999994797955661,0.999999754052376,1,0,1,0,0,cond_kinetic: measured=1.8079199780843473e-07 threshold=>=0.5; cond_strain: measured=0.99999479795566093 threshold=<=0.5; cond_mac: measured=1.8178463705399208e-21 threshold=>=0.80000000000000004,0,0,0,converged; residual=5.6691927916598847e-10
inf,10,diagnostic,6,40,15,157.792726051723,4.66992779510424e-24,4.66992779510424e-24,4.66992779510424e-24,2.56582668751343e-05,0.999954750199265,0.999964543330164,1,0,1,0,0,cond_kinetic: measured=2.565826687513429e-05 threshold=>=0.5; cond_strain: measured=0.99995475019926483 threshold=<=0.5; cond_mac: measured=4.6699277951042352e-24 threshold=>=0.80000000000000004,0,0,0,converged; residual=3.3418034746709297e-10
inf,10,diagnostic,6,40,16,157.927257137008,9.20329749255217e-24,9.20329749255217e-24,9.20329749255217e-24,2.92507291767485e-07,0.999996499444144,0.999999699461171,1,0,1,0,0,cond_kinetic: measured=2.9250729176748516e-07 threshold=>=0.5; cond_strain: measured=0.99999649944414404 threshold=<=0.5; cond_mac: measured=9.2032974925521687e-24 threshold=>=0.80000000000000004,0,0,0,converged; residual=3.3492493286955785e-10
inf,10,diagnostic,6,40,17,163.31418877026,0.000107677168584975,0.000107677168584975,0.000107677168584975,0.000109640058380526,0.999873640783413,0.999859900442053,1,0,1,0,0,cond_kinetic: measured=0.00010964005838052628 threshold=>=0.5; cond_strain: measured=0.99987364078341345 threshold=<=0.5; cond_mac: measured=0.00010767716858497457 threshold=>=0.80000000000000004,0,0,0,converged; residual=5.0066310083595923e-10
inf,10,diagnostic,6,40,18,166.545724177333,1.07837357531211e-21,1.07837357531211e-21,1.07837357531211e-21,9.36274824821143e-08,0.999995989766286,0.999999893355406,1,0,1,0,0,cond_kinetic: measured=9.3627482482114302e-08 threshold=>=0.5; cond_strain: measured=0.99999598976628579 threshold=<=0.5; cond_mac: measured=1.0783735753121057e-21 threshold=>=0.80000000000000004,0,0,0,converged; residual=3.5140318781694979e-10
inf,10,diagnostic,6,40,19,170.529285617298,2.19631034303556e-22,2.19631034303556e-22,2.19631034303556e-22,0.712756796427553,0.0133767158042974,0.0191786345862979,1,1,1,1,0,cond_mac: measured=2.1963103430355602e-22 threshold=>=0.80000000000000004,0,0,0,converged; residual=5.0215139125916934e-10
inf,10,diagnostic,6,40,20,170.93833121599,1.67301746825894e-22,1.67301746825894e-22,1.67301746825894e-22,3.41524891624982e-06,0.999936427795761,0.999995475512824,1,0,1,0,0,cond_kinetic: measured=3.4152489162498153e-06 threshold=>=0.5; cond_strain: measured=0.99993642779576075 threshold=<=0.5; cond_mac: measured=1.6730174682589368e-22 threshold=>=0.80000000000000004,0,0,0,converged; residual=3.3229481106332286e-10
inf,10,diagnostic,6,40,21,171.325920083853,2.50251637797715e-23,2.50251637797715e-23,2.50251637797715e-23,0.00299555588567282,0.995890173790051,0.995879570704168,1,0,1,0,0,cond_kinetic: measured=0.002995555885672815 threshold=>=0.5; cond_strain: measured=0.99589017379005063 threshold=<=0.5; cond_mac: measured=2.5025163779771468e-23 threshold=>=0.80000000000000004,0,0,0,converged; residual=4.2154508962781815e-10
inf,10,diagnostic,6,40,22,171.956099848033,3.63869353299999e-23,3.63869353299999e-23,3.63869353299999e-23,2.86206491183648e-07,0.999995532311768,0.99999970354103,1,0,1,0,0,cond_kinetic: measured=2.8620649118364764e-07 threshold=>=0.5; cond_strain: measured=0.99999553231176785 threshold=<=0.5; cond_mac: measured=3.6386935329999862e-23 threshold=>=0.80000000000000004,0,0,0,converged; residual=2.7120769206822847e-10
inf,10,diagnostic,6,40,23,173.558843488666,5.48479076708593e-25,5.48479076708593e-25,5.48479076708593e-25,5.31354038159376e-06,0.999954511000815,0.999994578574327,1,0,1,0,0,cond_kinetic: measured=5.3135403815937564e-06 threshold=>=0.5; cond_strain: measured=0.99995451100081545 threshold=<=0.5; cond_mac: measured=5.4847907670859264e-25 threshold=>=0.80000000000000004,0,0,0,converged; residual=2.2095406886659599e-10
inf,10,diagnostic,6,40,24,176.486636454017,1.00650575311396e-05,1.00650575311396e-05,1.00650575311396e-05,1.55545171105991e-05,0.999983429758411,0.999980522381428,1,0,1,0,0,cond_kinetic: measured=1.5554517110599069e-05 threshold=>=0.5; cond_strain: measured=0.9999834297584107 threshold=<=0.5; cond_mac: measured=1.0065057531139554e-05 threshold=>=0.80000000000000004,0,0,0,converged; residual=2.9377437139312387e-10
inf,10,diagnostic,6,40,25,179.282826611988,4.27996303354388e-23,4.27996303354388e-23,4.27996303354388e-23,1.38963451092778e-07,0.999991015655003,0.99999982069273,1,0,1,0,0,cond_kinetic: measured=1.3896345109277808e-07 threshold=>=0.5; cond_strain: measured=0.99999101565500326 threshold=<=0.5; cond_mac: measured=4.2799630335438805e-23 threshold=>=0.80000000000000004,0,0,0,converged; residual=3.1246345783344046e-10
inf,10,diagnostic,6,40,26,182.441538263511,9.1419547973692e-24,9.1419547973692e-24,9.1419547973692e-24,4.30441996154467e-07,0.999990397911893,0.999999550711496,1,0,1,0,0,cond_kinetic: measured=4.3044199615446675e-07 threshold=>=0.5; cond_strain: measured=0.99999039791189304 threshold=<=0.5; cond_mac: measured=9.1419547973692022e-24 threshold=>=0.80000000000000004,0,0,0,converged; residual=2.4655869246962209e-10
inf,10,diagnostic,6,40,27,183.565938377424,8.75683064887631e-22,8.75683064887631e-22,8.75683064887631e-22,4.84708671798891e-07,0.999986798292826,0.999999350790326,1,0,1,0,0,cond_kinetic: measured=4.847086717988913e-07 threshold=>=0.5; cond_strain: measured=0.99998679829282633 threshold=<=0.5; cond_mac: measured=8.7568306488763067e-22 threshold=>=0.80000000000000004,0,0,0,converged; residual=2.9522194864000846e-10
inf,10,diagnostic,6,40,28,185.78466337548,1.22281185435516e-22,1.22281185435516e-22,1.22281185435516e-22,0.000156138149336936,0.999814457387212,0.999784524373767,1,0,1,0,0,cond_kinetic: measured=0.0001561381493369364 threshold=>=0.5; cond_strain: measured=0.99981445738721164 threshold=<=0.5; cond_mac: measured=1.2228118543551648e-22 threshold=>=0.80000000000000004,0,0,0,converged; residual=2.8929309910736205e-10
inf,10,diagnostic,6,40,29,188.02277208058,8.22499942615439e-22,8.22499942615439e-22,8.22499942615439e-22,0.00379110355215421,0.995624295417639,0.994755511010511,1,0,1,0,0,cond_kinetic: measured=0.0037911035521542126 threshold=>=0.5; cond_strain: measured=0.99562429541763908 threshold=<=0.5; cond_mac: measured=8.2249994261543934e-22 threshold=>=0.80000000000000004,0,0,0,converged; residual=3.9079808900332559e-10
inf,10,diagnostic,6,40,30,188.128716087432,0.000877036474065547,0.000877036474065547,0.000877036474065547,0.00159286215330947,0.998636162683198,0.997962769790873,1,0,1,0,0,cond_kinetic: measured=0.0015928621533094689 threshold=>=0.5; cond_strain: measured=0.9986361626831981 threshold=<=0.5; cond_mac: measured=0.00087703647406554678 threshold=>=0.80000000000000004,0,0,0,converged; residual=3.8718644599979213e-10
inf,10,diagnostic,6,40,31,189.047101094496,0.00195603094605594,0.00195603094605594,0.00195603094605594,0.00352987447701715,0.996853793810484,0.995436844109947,1,0,1,0,0,cond_kinetic: measured=0.0035298744770171473 threshold=>=0.5; cond_strain: measured=0.996853793810484 threshold=<=0.5; cond_mac: measured=0.0019560309460559437 threshold=>=0.80000000000000004,0,0,0,converged; residual=4.8551129336692626e-10
inf,10,diagnostic,6,40,32,189.709616810297,4.29433741542033e-20,4.29433741542033e-20,4.29433741542033e-20,9.90292080729199e-08,0.999994379652306,0.999999860616606,1,0,1,0,0,cond_kinetic: measured=9.9029208072919935e-08 threshold=>=0.5; cond_strain: measured=0.99999437965230564 threshold=<=0.5; cond_mac: measured=4.2943374154203329e-20 threshold=>=0.80000000000000004,0,0,0,converged; residual=2.1362183426115324e-10
inf,10,diagnostic,6,40,33,190.667028100009,1.81732029351537e-06,1.81732029351537e-06,1.81732029351537e-06,3.49485567592133e-06,0.999992355212101,0.999995342469702,1,0,1,0,0,cond_kinetic: measured=3.4948556759213326e-06 threshold=>=0.5; cond_strain: measured=0.99999235521210128 threshold=<=0.5; cond_mac: measured=1.8173202935153704e-06 threshold=>=0.80000000000000004,0,0,0,converged; residual=2.2559299882792425e-10
inf,10,diagnostic,6,40,34,190.751323998718,1.04840147945415e-21,1.04840147945415e-21,1.04840147945415e-21,6.49761756936593e-07,0.999991677211545,0.999999328654138,1,0,1,0,0,cond_kinetic: measured=6.4976175693659269e-07 threshold=>=0.5; cond_strain: measured=0.99999167721154458 threshold=<=0.5; cond_mac: measured=1.0484014794541515e-21 threshold=>=0.80000000000000004,0,0,0,converged; residual=2.214858202282008e-10
inf,10,diagnostic,6,40,35,191.115506625138,2.41862817916846e-23,2.41862817916846e-23,2.41862817916846e-23,8.37598380790277e-06,0.999982400941142,0.999988193169758,1,0,1,0,0,cond_kinetic: measured=8.3759838079027721e-06 threshold=>=0.5; cond_strain: measured=0.9999824009411421 threshold=<=0.5; cond_mac: measured=2.4186281791684588e-23 threshold=>=0.80000000000000004,0,0,0,converged; residual=2.0025517819273426e-10
inf,10,diagnostic,6,40,36,194.5473890378,6.48478777640854e-18,6.48478777640854e-18,6.48478777640854e-18,9.55632103579079e-09,0.999996292730523,0.999999988579899,1,0,1,0,0,cond_kinetic: measured=9.5563210357907943e-09 threshold=>=0.5; cond_strain: measured=0.99999629273052326 threshold=<=0.5; cond_mac: measured=6.4847877764085353e-18 threshold=>=0.80000000000000004,0,0,0,converged; residual=2.041791701777268e-10
inf,10,diagnostic,6,40,37,194.552770331558,7.6907593542778e-05,7.6907593542778e-05,7.6907593542778e-05,0.000165701356442925,0.999868785530899,0.999790740724103,1,0,1,0,0,cond_kinetic: measured=0.00016570135644292509 threshold=>=0.5; cond_strain: measured=0.99986878553089875 threshold=<=0.5; cond_mac: measured=7.6907593542778024e-05 threshold=>=0.80000000000000004,0,0,0,converged; residual=2.8534956132023858e-10
inf,10,diagnostic,6,40,38,196.067055292908,3.63093501895746e-23,3.63093501895746e-23,3.63093501895746e-23,0.00127631996580175,0.998634912069733,0.998231076058342,1,0,1,0,0,cond_kinetic: measured=0.0012763199658017527 threshold=>=0.5; cond_strain: measured=0.99863491206973298 threshold=<=0.5; cond_mac: measured=3.630935018957461e-23 threshold=>=0.80000000000000004,0,0,0,converged; residual=3.8714511565873826e-10
inf,10,diagnostic,6,40,39,198.254064732723,1.29451198191166e-22,1.29451198191166e-22,1.29451198191166e-22,1.01392515664767e-05,0.999985272726394,0.999985695762904,1,0,1,0,0,cond_kinetic: measured=1.0139251566476661e-05 threshold=>=0.5; cond_strain: measured=0.99998527272639415 threshold=<=0.5; cond_mac: measured=1.2945119819116609e-22 threshold=>=0.80000000000000004,0,0,0,converged; residual=2.1064162541443588e-10
inf,10,diagnostic,6,40,40,199.00114370722,5.39598342883758e-22,5.39598342883758e-22,5.39598342883758e-22,4.90972133786633e-07,0.999990460581118,0.999999326761213,1,0,1,0,0,cond_kinetic: measured=4.9097213378663258e-07 threshold=>=0.5; cond_strain: measured=0.9999904605811184 threshold=<=0.5; cond_mac: measured=5.3959834288375784e-22 threshold=>=0.80000000000000004,0,0,0,converged; residual=2.8688466726248093e-10
inf,15,diagnostic,7,40,1,115.944377586289,1.02807497026062e-26,1.02807497026062e-26,1.02807497026062e-26,9.22244763324008e-07,0.999970082235807,0.99999887537525,1,0,1,0,0,cond_kinetic: measured=9.2224476332400821e-07 threshold=>=0.5; cond_strain: measured=0.99997008223580708 threshold=<=0.5; cond_mac: measured=1.0280749702606208e-26 threshold=>=0.80000000000000004,0,0,0,converged; residual=1.6116897435095405e-09
inf,15,diagnostic,7,40,2,116.189815866909,1.55317562720209e-24,1.55317562720209e-24,1.55317562720209e-24,1.27050855935162e-06,0.999977432746711,0.999998689155258,1,0,1,0,0,cond_kinetic: measured=1.2705085593516241e-06 threshold=>=0.5; cond_strain: measured=0.99997743274671058 threshold=<=0.5; cond_mac: measured=1.5531756272020929e-24 threshold=>=0.80000000000000004,0,0,0,converged; residual=7.9216365612653545e-10
inf,15,diagnostic,7,40,3,119.965199816936,2.01855150483179e-24,2.01855150483179e-24,2.01855150483179e-24,2.15044428430504e-07,0.999986924668458,0.99999975924431,1,0,1,0,0,cond_kinetic: measured=2.1504442843050359e-07 threshold=>=0.5; cond_strain: measured=0.99998692466845829 threshold=<=0.5; cond_mac: measured=2.0185515048317914e-24 threshold=>=0.80000000000000004,0,0,0,converged; residual=8.1369337324987458e-10
inf,15,diagnostic,7,40,4,121.831566058645,1.20513212544155e-24,1.20513212544155e-24,1.20513212544155e-24,1.26036083150687e-07,0.999992935702611,0.999999870499839,1,0,1,0,0,cond_kinetic: measured=1.2603608315068739e-07 threshold=>=0.5; cond_strain: measured=0.99999293570261083 threshold=<=0.5; cond_mac: measured=1.2051321254415454e-24 threshold=>=0.80000000000000004,0,0,0,converged; residual=6.6552498928020841e-10
inf,15,diagnostic,7,40,5,126.514829456458,8.69141681488711e-23,8.69141681488711e-23,8.69141681488711e-23,8.73391127271142e-05,0.999765700219128,0.999896009718268,1,0,1,0,0,cond_kinetic: measured=8.7339112727114236e-05 threshold=>=0.5; cond_strain: measured=0.99976570021912847 threshold=<=0.5; cond_mac: measured=8.6914168148871069e-23 threshold=>=0.80000000000000004,0,0,0,converged; residual=5.6636930593970601e-10
inf,15,diagnostic,7,40,6,126.763960144102,3.72877511869239e-25,3.72877511869239e-25,3.72877511869239e-25,2.85843250285306e-08,0.999996002818031,0.999999966931748,1,0,1,0,0,cond_kinetic: measured=2.8584325028530598e-08 threshold=>=0.5; cond_strain: measured=0.99999600281803103 threshold=<=0.5; cond_mac: measured=3.7287751186923858e-25 threshold=>=0.80000000000000004,0,0,0,converged; residual=6.6920469620122378e-10
inf,15,diagnostic,7,40,7,127.981974581218,2.15410950483252e-05,2.15410950483252e-05,2.15410950483252e-05,1.25009667288012e-05,0.999956115412097,0.999986281440294,1,0,1,0,0,cond_kinetic: measured=1.2500966728801237e-05 threshold=>=0.5; cond_strain: measured=0.99995611541209739 threshold=<=0.5; cond_mac: measured=2.1541095048325204e-05 threshold=>=0.80000000000000004,0,0,0,converged; residual=5.8249141752439664e-10
inf,15,diagnostic,7,40,8,129.729499907984,4.07297310912808e-23,4.07297310912808e-23,4.07297310912808e-23,1.10882624967824e-08,0.999998002912345,0.999999988474404,1,0,1,0,0,cond_kinetic: measured=1.1088262496782357e-08 threshold=>=0.5; cond_strain: measured=0.99999800291234509 threshold=<=0.5; cond_mac: measured=4.0729731091280822e-23 threshold=>=0.80000000000000004,0,0,0,converged; residual=6.5730670000807872e-10
inf,15,diagnostic,7,40,9,132.276508084238,8.4114821716603e-26,8.4114821716603e-26,8.4114821716603e-26,1.82985753264295e-06,0.999985734761274,0.999997877777133,1,0,1,0,0,cond_kinetic: measured=1.8298575326429536e-06 threshold=>=0.5; cond_strain: measured=0.99998573476127439 threshold=<=0.5; cond_mac: measured=8.4114821716603048e-26 threshold=>=0.80000000000000004,0,0,0,converged; residual=6.0577819832717372e-10
inf,15,diagnostic,7,40,10,135.072305054808,1.8735088789898e-25,1.8735088789898e-25,1.8735088789898e-25,2.48375421066393e-09,0.999998364523759,0.999999997367452,1,0,1,0,0,cond_kinetic: measured=2.4837542106639309e-09 threshold=>=0.5; cond_strain: measured=0.99999836452375945 threshold=<=0.5; cond_mac: measured=1.8735088789897979e-25 threshold=>=0.80000000000000004,0,0,0,converged; residual=5.1165536988120251e-10
inf,15,diagnostic,7,40,11,135.48456036334,5.23843553854351e-06,5.23843553854351e-06,5.23843553854351e-06,3.13997671628443e-06,0.999989755395524,0.999996449779972,1,0,1,0,0,cond_kinetic: measured=3.1399767162844276e-06 threshold=>=0.5; cond_strain: measured=0.99998975539552359 threshold=<=0.5; cond_mac: measured=5.2384355385435119e-06 threshold=>=0.80000000000000004,0,0,0,converged; residual=5.9690810057957875e-10
inf,15,diagnostic,7,40,12,137.692125843184,2.54352728089129e-23,2.54352728089129e-23,2.54352728089129e-23,3.17097784863695e-10,0.999998799722455,0.999999999600824,1,0,1,0,0,cond_kinetic: measured=3.1709778486369473e-10 threshold=>=0.5; cond_strain: measured=0.99999879972245476 threshold=<=0.5; cond_mac: measured=2.5435272808912884e-23 threshold=>=0.80000000000000004,0,0,0,converged; residual=5.9416561289760688e-10
inf,15,diagnostic,7,40,13,140.897320505924,8.37458995669302e-24,8.37458995669302e-24,8.37458995669302e-24,1.28267790756987e-08,0.999995969394753,0.999999986111061,1,0,1,0,0,cond_kinetic: measured=1.2826779075698718e-08 threshold=>=0.5; cond_strain: measured=0.99999596939475255 threshold=<=0.5; cond_mac: measured=8.3745899566930233e-24 threshold=>=0.80000000000000004,0,0,0,converged; residual=4.14387818987942e-10
inf,15,diagnostic,7,40,14,143.767762768324,6.92554772653114e-20,6.92554772653114e-20,6.92554772653114e-20,3.46384016328536e-08,0.999998600458422,0.999999957413058,1,0,1,0,0,cond_kinetic: measured=3.4638401632853633e-08 threshold=>=0.5; cond_strain: measured=0.99999860045842182 threshold=<=0.5; cond_mac: measured=6.9255477265311401e-20 threshold=>=0.80000000000000004,0,0,0,converged; residual=4.9143320871861995e-10
inf,15,diagnostic,7,40,15,143.991643099038,0.000189688732572343,0.000189688732572343,0.000189688732572343,0.00012957542862042,0.999827072768755,0.999851600999702,1,0,1,0,0,cond_kinetic: measured=0.00012957542862041986 threshold=>=0.5; cond_strain: measured=0.99982707276875538 threshold=<=0.5; cond_mac: measured=0.00018968873257234253 threshold=>=0.80000000000000004,0,0,0,converged; residual=5.3981754370129545e-10
inf,15,diagnostic,7,40,16,146.976224879483,5.94569134238513e-23,5.94569134238513e-23,5.94569134238513e-23,5.35116972773917e-08,0.999998660885041,0.999999944606588,1,0,1,0,0,cond_kinetic: measured=5.3511697277391745e-08 threshold=>=0.5; cond_strain: measured=0.99999866088504141 threshold=<=0.5; cond_mac: measured=5.9456913423851336e-23 threshold=>=0.80000000000000004,0,0,0,converged; residual=5.2143605281890899e-10
inf,15,diagnostic,7,40,17,150.571584715709,3.28554450443223e-22,3.28554450443223e-22,3.28554450443223e-22,2.17760726546966e-06,0.999994339637278,0.999997409624441,1,0,1,0,0,cond_kinetic: measured=2.1776072654696621e-06 threshold=>=0.5; cond_strain: measured=0.99999433963727802 threshold=<=0.5; cond_mac: measured=3.2855445044322345e-22 threshold=>=0.80000000000000004,0,0,0,converged; residual=4.01407512180216e-10
inf,15,diagnostic,7,40,18,152.196704804225,5.71670681116605e-21,5.71670681116605e-21,5.71670681116605e-21,9.74969188125177e-09,0.999998808202663,0.999999988997267,1,0,1,0,0,cond_kinetic: measured=9.7496918812517718e-09 threshold=>=0.5; cond_strain: measured=0.99999880820266251 threshold=<=0.5; cond_mac: measured=5.7167068111660544e-21 threshold=>=0.80000000000000004,0,0,0,converged; residual=4.0725764155958849e-10
inf,15,diagnostic,7,40,19,153.43946399024,0.992385842978713,0.992385842978713,0.992385842978713,0.856547505098312,0.00868358536167402,0.0152912603318713,1,1,1,1,1,,1,1,0,converged; residual=5.5751379530508212e-10
inf,15,diagnostic,7,40,20,153.985763260778,0.00380167985711656,0.00380167985711656,0.00380167985711656,0.00332228835735271,0.996179761136692,0.996179957617504,1,0,1,0,0,cond_kinetic: measured=0.0033222883573527083 threshold=>=0.5; cond_strain: measured=0.99617976113669227 threshold=<=0.5; cond_mac: measured=0.0038016798571165558 threshold=>=0.80000000000000004,0,0,0,converged; residual=6.0837432144007383e-10
inf,15,diagnostic,7,40,21,156.699295025453,1.18479963746317e-21,1.18479963746317e-21,1.18479963746317e-21,1.6777467016678e-08,0.999999059368006,0.999999982439007,1,0,1,0,0,cond_kinetic: measured=1.6777467016677981e-08 threshold=>=0.5; cond_strain: measured=0.99999905936800593 threshold=<=0.5; cond_mac: measured=1.1847996374631656e-21 threshold=>=0.80000000000000004,0,0,0,converged; residual=3.9484428693936875e-10
inf,15,diagnostic,7,40,22,159.027219397745,1.50782984132727e-23,1.50782984132727e-23,1.50782984132727e-23,5.05036347893361e-08,0.999998262274207,0.999999939686426,1,0,1,0,0,cond_kinetic: measured=5.0503634789336149e-08 threshold=>=0.5; cond_strain: measured=0.99999826227420674 threshold=<=0.5; cond_mac: measured=1.50782984132727e-23 threshold=>=0.80000000000000004,0,0,0,converged; residual=3.0736514213462922e-10
inf,15,diagnostic,7,40,23,161.631653201567,1.71734758557791e-22,1.71734758557791e-22,1.71734758557791e-22,7.36082146527016e-08,0.999998197605151,0.999999909244779,1,0,1,0,0,cond_kinetic: measured=7.3608214652701621e-08 threshold=>=0.5; cond_strain: measured=0.99999819760515141 threshold=<=0.5; cond_mac: measured=1.7173475855779124e-22 threshold=>=0.80000000000000004,0,0,0,converged; residual=5.3010897419918435e-10
inf,15,diagnostic,7,40,24,163.25205767592,6.51144164818588e-05,6.51144164818588e-05,6.51144164818588e-05,7.08771601424869e-05,0.99992579182427,0.999918281335651,1,0,1,0,0,cond_kinetic: measured=7.0877160142486883e-05 threshold=>=0.5; cond_strain: measured=0.99992579182426977 threshold=<=0.5; cond_mac: measured=6.5114416481858793e-05 threshold=>=0.80000000000000004,0,0,0,converged; residual=5.9883498099593843e-10
inf,15,diagnostic,7,40,25,165.341126492614,6.08364515779457e-23,6.08364515779457e-23,6.08364515779457e-23,1.51543092729397e-07,0.999998137115574,0.999999843241262,1,0,1,0,0,cond_kinetic: measured=1.5154309272939734e-07 threshold=>=0.5; cond_strain: measured=0.99999813711557428 threshold=<=0.5; cond_mac: measured=6.0836451577945675e-23 threshold=>=0.80000000000000004,0,0,0,converged; residual=3.8020194777359746e-10
inf,15,diagnostic,7,40,26,168.208135291322,2.88068776405477e-27,2.88068776405477e-27,2.88068776405477e-27,1.80213607039359e-05,0.999973064868052,0.999978415586229,1,0,1,0,0,cond_kinetic: measured=1.8021360703935866e-05 threshold=>=0.5; cond_strain: measured=0.99997306486805215 threshold=<=0.5; cond_mac: measured=2.8806877640547746e-27 threshold=>=0.80000000000000004,0,0,0,converged; residual=4.3630404394101361e-10
inf,15,diagnostic,7,40,27,169.400662610182,2.13209634901576e-22,2.13209634901576e-22,2.13209634901576e-22,2.08965501842527e-08,0.999998860225383,0.999999975139624,1,0,1,0,0,cond_kinetic: measured=2.0896550184252745e-08 threshold=>=0.5; cond_strain: measured=0.99999886022538331 threshold=<=0.5; cond_mac: measured=2.1320963490157622e-22 threshold=>=0.80000000000000004,0,0,0,converged; residual=3.8682792288505883e-10
inf,15,diagnostic,7,40,28,171.736809382902,1.15615859909636e-06,1.15615859909636e-06,1.15615859909636e-06,1.57245068477054e-06,0.999997170794536,0.999998213934402,1,0,1,0,0,cond_kinetic: measured=1.5724506847705448e-06 threshold=>=0.5; cond_strain: measured=0.99999717079453554 threshold=<=0.5; cond_mac: measured=1.1561585990963565e-06 threshold=>=0.80000000000000004,0,0,0,converged; residual=3.3612734542940793e-10
inf,15,diagnostic,7,40,29,172.431459505016,1.64495328822445e-22,1.64495328822445e-22,1.64495328822445e-22,1.39325226709753e-09,0.999999364280664,0.999999998391893,1,0,1,0,0,cond_kinetic: measured=1.3932522670975325e-09 threshold=>=0.5; cond_strain: measured=0.99999936428066372 threshold=<=0.5; cond_mac: measured=1.6449532882244482e-22 threshold=>=0.80000000000000004,0,0,0,converged; residual=3.4286746950360868e-10
inf,15,diagnostic,7,40,30,176.849728943369,1.07059272462988e-23,1.07059272462988e-23,1.07059272462988e-23,0.000452807483968377,0.999415102736105,0.999456631978482,1,0,1,0,0,cond_kinetic: measured=0.00045280748396837742 threshold=>=0.5; cond_strain: measured=0.99941510273610545 threshold=<=0.5; cond_mac: measured=1.070592724629885e-23 threshold=>=0.80000000000000004,0,0,0,converged; residual=4.6336889022628776e-10
inf,15,diagnostic,7,40,31,178.893021650649,7.77938410161265e-20,7.77938410161265e-20,7.77938410161265e-20,5.38299790746113e-06,0.999928832319666,0.999993430476719,1,0,1,0,0,cond_kinetic: measured=5.3829979074611291e-06 threshold=>=0.5; cond_strain: measured=0.99992883231966556 threshold=<=0.5; cond_mac: measured=7.7793841016126546e-20 threshold=>=0.80000000000000004,0,0,0,converged; residual=4.0426071748137551e-10
inf,15,diagnostic,7,40,32,178.981801132206,6.95815493998418e-05,6.95815493998418e-05,6.95815493998418e-05,0.000109214976535023,0.999905167537574,0.999873902487306,1,0,1,0,0,cond_kinetic: measured=0.00010921497653502292 threshold=>=0.5; cond_strain: measured=0.99990516753757375 threshold=<=0.5; cond_mac: measured=6.9581549399841779e-05 threshold=>=0.80000000000000004,0,0,0,converged; residual=2.9703113779146516e-10
inf,15,diagnostic,7,40,33,179.501641108219,1.9469796292956e-22,1.9469796292956e-22,1.9469796292956e-22,4.92893590455301e-06,0.99996102314699,0.999994911298014,1,0,1,0,0,cond_kinetic: measured=4.9289359045530127e-06 threshold=>=0.5; cond_strain: measured=0.99996102314698954 threshold=<=0.5; cond_mac: measured=1.9469796292955997e-22 threshold=>=0.80000000000000004,0,0,0,converged; residual=2.0029264483708578e-10
inf,15,diagnostic,7,40,34,181.607474491698,7.39807798350182e-22,7.39807798350182e-22,7.39807798350182e-22,2.16071260422826e-07,0.999995974942708,0.999999736588688,1,0,1,0,0,cond_kinetic: measured=2.1607126042282603e-07 threshold=>=0.5; cond_strain: measured=0.9999959749427082 threshold=<=0.5; cond_mac: measured=7.3980779835018248e-22 threshold=>=0.80000000000000004,0,0,0,converged; residual=3.5157347732283631e-10
inf,15,diagnostic,7,40,35,182.366634964956,5.09696795452807e-21,5.09696795452807e-21,5.09696795452807e-21,0.735501709828178,0.108449233598631,0.116985699268272,1,1,1,1,0,cond_mac: measured=5.0969679545280695e-21 threshold=>=0.80000000000000004,0,0,0,converged; residual=5.670079247536516e-10
inf,15,diagnostic,7,40,36,184.364962951656,5.36389689103208e-23,5.36389689103208e-23,5.36389689103208e-23,4.8147294140604e-07,0.999982748433078,0.999999466989035,1,0,1,0,0,cond_kinetic: measured=4.814729414060396e-07 threshold=>=0.5; cond_strain: measured=0.99998274843307811 threshold=<=0.5; cond_mac: measured=5.3638968910320843e-23 threshold=>=0.80000000000000004,0,0,0,converged; residual=2.4321648541812472e-10
inf,15,diagnostic,7,40,37,185.113189256517,2.8817398529245e-21,2.8817398529245e-21,2.8817398529245e-21,0.0192048827067473,0.977397637359044,0.976935921141399,1,0,1,0,0,cond_kinetic: measured=0.019204882706747296 threshold=>=0.5; cond_strain: measured=0.97739763735904395 threshold=<=0.5; cond_mac: measured=2.8817398529245008e-21 threshold=>=0.80000000000000004,0,0,0,converged; residual=5.1245848982347914e-10
inf,15,diagnostic,7,40,38,186.658485691429,5.4511186588224e-18,5.4511186588224e-18,5.4511186588224e-18,1.30249971565307e-08,0.999998033514329,0.999999986169699,1,0,1,0,0,cond_kinetic: measured=1.3024997156530716e-08 threshold=>=0.5; cond_strain: measured=0.99999803351432937 threshold=<=0.5; cond_mac: measured=5.4511186588223988e-18 threshold=>=0.80000000000000004,0,0,0,converged; residual=2.7895080067111009e-10
inf,15,diagnostic,7,40,39,186.661539533553,0.000757049866475923,0.000757049866475923,0.000757049866475923,0.00143194458188401,0.998870756599249,0.998351808185484,1,0,1,0,0,cond_kinetic: measured=0.0014319445818840126 threshold=>=0.5; cond_strain: measured=0.99887075659924895 threshold=<=0.5; cond_mac: measured=0.00075704986647592279 threshold=>=0.80000000000000004,0,0,0,converged; residual=6.1092512987340207e-10
inf,15,diagnostic,7,40,40,187.130224704916,2.24421016898871e-23,2.24421016898871e-23,2.24421016898871e-23,0.0610301965169908,0.929700333254971,0.926696662045572,1,0,1,0,0,cond_kinetic: measured=0.061030196516990778 threshold=>=0.5; cond_strain: measured=0.92970033325497059 threshold=<=0.5; cond_mac: measured=2.2442101689887084e-23 threshold=>=0.80000000000000004,0,0,0,converged; residual=5.4375235231621184e-10
inf,20,diagnostic,8,160,1,97.8703357328763,1.66559440152367e-20,1.66559440152367e-20,1.66559440152367e-20,7.65260721527238e-08,0.999984842781632,0.999999916205613,1,0,1,0,0,cond_kinetic: measured=7.6526072152723802e-08 threshold=>=0.5; cond_strain: measured=0.99998484278163169 threshold=<=0.5; cond_mac: measured=1.6655944015236653e-20 threshold=>=0.80000000000000004,0,0,0,converged; residual=9.7412091898660253e-10
inf,20,diagnostic,8,160,2,97.8704208456295,3.32437665740255e-22,3.32437665740255e-22,3.32437665740255e-22,1.05180065639951e-08,0.999986655793647,0.999999988575402,1,0,1,0,0,cond_kinetic: measured=1.0518006563995123e-08 threshold=>=0.5; cond_strain: measured=0.99998665579364743 threshold=<=0.5; cond_mac: measured=3.3243766574025476e-22 threshold=>=0.80000000000000004,0,0,0,converged; residual=8.921560417082755e-10
inf,20,diagnostic,8,160,3,98.0356502441736,5.19949298838586e-06,5.19949298838586e-06,5.19949298838586e-06,7.06018903676217e-07,0.999987647973721,0.999999230496377,1,0,1,0,0,cond_kinetic: measured=7.0601890367621653e-07 threshold=>=0.5; cond_strain: measured=0.99998764797372142 threshold=<=0.5; cond_mac: measured=5.1994929883858577e-06 threshold=>=0.80000000000000004,0,0,0,converged; residual=7.182369225919955e-10
inf,20,diagnostic,8,160,4,98.0356749832682,6.14638019575411e-12,6.14638019575411e-12,6.14638019575411e-12,2.15861763584524e-07,0.999988684860424,0.999999758825531,1,0,1,0,0,cond_kinetic: measured=2.1586176358452433e-07 threshold=>=0.5; cond_strain: measured=0.99998868486042425 threshold=<=0.5; cond_mac: measured=6.1463801957541122e-12 threshold=>=0.80000000000000004,0,0,0,converged; residual=6.4536070734661055e-10
inf,20,diagnostic,8,160,5,105.003021911478,5.43935129088243e-17,5.43935129088243e-17,5.43935129088243e-17,2.09623862636908e-08,0.999998987212697,0.999999976976831,1,0,1,0,0,cond_kinetic: measured=2.0962386263690757e-08 threshold=>=0.5; cond_strain: measured=0.99999898721269687 threshold=<=0.5; cond_mac: measured=5.4393512908824296e-17 threshold=>=0.80000000000000004,0,0,0,converged; residual=1.6726278889844172e-09
inf,20,diagnostic,8,160,6,105.003046836435,3.57655218053806e-16,3.57655218053806e-16,3.57655218053806e-16,1.16414473477415e-09,0.999999483932493,0.999999998721873,1,0,1,0,0,cond_kinetic: measured=1.1641447347741493e-09 threshold=>=0.5; cond_strain: measured=0.99999948393249294 threshold=<=0.5; cond_mac: measured=3.5765521805380595e-16 threshold=>=0.80000000000000004,0,0,0,converged; residual=1.6902910914479084e-09
inf,20,diagnostic,8,160,7,105.003053840414,4.93907838476643e-15,4.93907838476643e-15,4.93907838476643e-15,5.78703794414646e-10,0.999999617950699,0.999999999380176,1,0,1,0,0,cond_kinetic: measured=5.7870379441464629e-10 threshold=>=0.5; cond_strain: measured=0.99999961795069892 threshold=<=0.5; cond_mac: measured=4.9390783847664341e-15 threshold=>=0.80000000000000004,0,0,0,converged; residual=1.3247122782409161e-09
inf,20,diagnostic,8,160,8,105.003054195443,1.87721590822677e-10,1.87721590822677e-10,1.87721590822677e-10,1.03309919535596e-09,0.999999624179615,0.999999998853865,1,0,1,0,0,cond_kinetic: measured=1.0330991953559626e-09 threshold=>=0.5; cond_strain: measured=0.99999962417961508 threshold=<=0.5; cond_mac: measured=1.8772159082267747e-10 threshold=>=0.80000000000000004,0,0,0,converged; residual=1.5394315263558334e-09
inf,20,diagnostic,8,160,9,120.990349068252,8.00133619122068e-05,8.00133619122068e-05,8.00133619122068e-05,2.37310972335894e-05,0.999939193949507,0.999974202092272,1,0,1,0,0,cond_kinetic: measured=2.3731097233589429e-05 threshold=>=0.5; cond_strain: measured=0.99993919394950737 threshold=<=0.5; cond_mac: measured=8.0013361912206836e-05 threshold=>=0.80000000000000004,0,0,0,converged; residual=8.8789154677519037e-10
inf,20,diagnostic,8,160,10,120.990877661707,1.80876906061245e-13,1.80876906061245e-13,1.80876906061245e-13,5.28271578224277e-06,0.999967974559859,0.999994112193284,1,0,1,0,0,cond_kinetic: measured=5.2827157822427725e-06 threshold=>=0.5; cond_strain: measured=0.99996797455985942 threshold=<=0.5; cond_mac: measured=1.8087690606124524e-13 threshold=>=0.80000000000000004,0,0,0,converged; residual=7.2694681927134141e-10
inf,20,diagnostic,8,160,11,130.314840959449,6.01177925399987e-24,6.01177925399987e-24,6.01177925399987e-24,1.35314835932178e-06,0.999966966270065,0.99999851587232,1,0,1,0,0,cond_kinetic: measured=1.35314835932178e-06 threshold=>=0.5; cond_strain: measured=0.99996696627006454 threshold=<=0.5; cond_mac: measured=6.0117792539998657e-24 threshold=>=0.80000000000000004,0,0,0,converged; residual=1.0555326340166349e-09
inf,20,diagnostic,8,160,12,130.46598767671,4.81610586941283e-25,4.81610586941283e-25,4.81610586941283e-25,1.91620926684743e-06,0.999975973813395,0.999998047688105,1,0,1,0,0,cond_kinetic: measured=1.9162092668474272e-06 threshold=>=0.5; cond_strain: measured=0.99997597381339509 threshold=<=0.5; cond_mac: measured=4.8161058694128343e-25 threshold=>=0.80000000000000004,0,0,0,converged; residual=7.4584868975399123e-10
inf,20,diagnostic,8,160,13,134.998038488406,7.4276181114364e-23,7.4276181114364e-23,7.4276181114364e-23,1.98399422530955e-07,0.999989071792873,0.999999794835058,1,0,1,0,0,cond_kinetic: measured=1.9839942253095474e-07 threshold=>=0.5; cond_strain: measured=0.99998907179287311 threshold=<=0.5; cond_mac: measured=7.4276181114364039e-23 threshold=>=0.80000000000000004,0,0,0,converged; residual=7.7839825790142709e-10
inf,20,diagnostic,8,160,14,135.767034775251,1.58106890917118e-24,1.58106890917118e-24,1.58106890917118e-24,1.7947167036145e-08,0.999994363802511,0.999999981347107,1,0,1,0,0,cond_kinetic: measured=1.7947167036145042e-08 threshold=>=0.5; cond_strain: measured=0.9999943638025115 threshold=<=0.5; cond_mac: measured=1.5810689091711762e-24 threshold=>=0.80000000000000004,0,0,0,converged; residual=6.2018369026599639e-10
inf,20,diagnostic,8,160,15,138.067568735095,1.47806869700505e-19,1.47806869700505e-19,1.47806869700505e-19,4.75670423228425e-05,0.999875999048711,0.999947259589102,1,0,1,0,0,cond_kinetic: measured=4.7567042322842517e-05 threshold=>=0.5; cond_strain: measured=0.99987599904871072 threshold=<=0.5; cond_mac: measured=1.4780686970050532e-19 threshold=>=0.80000000000000004,0,0,0,converged; residual=4.9943994365157726e-10
inf,20,diagnostic,8,160,16,138.295558450471,1.80368163568542e-05,1.80368163568542e-05,1.80368163568542e-05,1.22320481751514e-05,0.999964725386597,0.999987054206922,1,0,1,0,0,cond_kinetic: measured=1.2232048175151403e-05 threshold=>=0.5; cond_strain: measured=0.99996472538659664 threshold=<=0.5; cond_mac: measured=1.8036816356854175e-05 threshold=>=0.80000000000000004,0,0,0,converged; residual=5.6386295255119041e-10
inf,20,diagnostic,8,160,17,140.158754154724,1.09088250411145e-23,1.09088250411145e-23,1.09088250411145e-23,1.62008304038121e-07,0.999992399212737,0.999999824623968,1,0,1,0,0,cond_kinetic: measured=1.6200830403812111e-07 threshold=>=0.5; cond_strain: measured=0.99999239921273708 threshold=<=0.5; cond_mac: measured=1.0908825041114531e-23 threshold=>=0.80000000000000004,0,0,0,converged; residual=5.9522611807262296e-10
inf,20,diagnostic,8,160,18,141.040287334852,6.10604530920564e-05,6.10604530920564e-05,6.10604530920564e-05,3.47486046986881e-05,0.999951128769452,0.99996229707874,1,0,1,0,0,cond_kinetic: measured=3.4748604698688075e-05 threshold=>=0.5; cond_strain: measured=0.99995112876945191 threshold=<=0.5; cond_mac: measured=6.1060453092056361e-05 threshold=>=0.80000000000000004,0,0,0,converged; residual=1.0562689477955006e-09
inf,20,diagnostic,8,160,19,141.040754007618,2.58046702122429e-15,2.58046702122429e-15,2.58046702122429e-15,3.03991825972465e-06,0.999992299161504,0.999996613707615,1,0,1,0,0,cond_kinetic: measured=3.0399182597246474e-06 threshold=>=0.5; cond_strain: measured=0.99999229916150434 threshold=<=0.5; cond_mac: measured=2.5804670212242924e-15 threshold=>=0.80000000000000004,0,0,0,converged; residual=7.5469430946046346e-10
inf,20,diagnostic,8,160,20,141.041016368994,1.23459541542441e-13,1.23459541542441e-13,1.23459541542441e-13,6.20531469291596e-09,0.999999413858476,0.999999993152346,1,0,1,0,0,cond_kinetic: measured=6.2053146929159642e-09 threshold=>=0.5; cond_strain: measured=0.99999941385847568 threshold=<=0.5; cond_mac: measured=1.2345954154244089e-13 threshold=>=0.80000000000000004,0,0,0,converged; residual=5.7980030469550667e-10
inf,20,diagnostic,8,160,21,141.041020477943,2.79282204978629e-14,2.79282204978629e-14,2.79282204978629e-14,2.16307890112899e-09,0.999999476568316,0.999999997695229,1,0,1,0,0,cond_kinetic: measured=2.1630789011289899e-09 threshold=>=0.5; cond_strain: measured=0.99999947656831578 threshold=<=0.5; cond_mac: measured=2.7928220497862906e-14 threshold=>=0.80000000000000004,0,0,0,converged; residual=6.2400186899667507e-10
inf,20,diagnostic,8,160,22,142.387429995354,1.41204361675953e-23,1.41204361675953e-23,1.41204361675953e-23,4.86825809237324e-08,0.999996069606377,0.999999950242832,1,0,1,0,0,cond_kinetic: measured=4.8682580923732375e-08 threshold=>=0.5; cond_strain: measured=0.99999606960637744 threshold=<=0.5; cond_mac: measured=1.4120436167595285e-23 threshold=>=0.80000000000000004,0,0,0,converged; residual=4.5228325473629967e-10
inf,20,diagnostic,8,160,23,144.208848497338,1.22784350616946e-21,1.22784350616946e-21,1.22784350616946e-21,2.18884142909974e-05,0.999942184772244,0.999975824295605,1,0,1,0,0,cond_kinetic: measured=2.1888414290997414e-05 threshold=>=0.5; cond_strain: measured=0.99994218477224373 threshold=<=0.5; cond_mac: measured=1.2278435061694617e-21 threshold=>=0.80000000000000004,0,0,0,converged; residual=4.4926325502986311e-10
inf,20,diagnostic,8,160,24,145.846315770295,2.91226456057329e-05,2.91226456057329e-05,2.91226456057329e-05,1.95970933613243e-05,0.999968366230385,0.999978803888295,1,0,1,0,0,cond_kinetic: measured=1.9597093361324252e-05 threshold=>=0.5; cond_strain: measured=0.9999683662303851 threshold=<=0.5; cond_mac: measured=2.9122645605732852e-05 threshold=>=0.80000000000000004,0,0,0,converged; residual=5.0614333921674615e-10
inf,20,diagnostic,8,160,25,146.781459534305,7.25682547524623e-23,7.25682547524623e-23,7.25682547524623e-23,1.74360910385176e-08,0.999997688198928,0.999999981723749,1,0,1,0,0,cond_kinetic: measured=1.743609103851757e-08 threshold=>=0.5; cond_strain: measured=0.99999768819892754 threshold=<=0.5; cond_mac: measured=7.2568254752462321e-23 threshold=>=0.80000000000000004,0,0,0,converged; residual=3.4574089236894717e-10
inf,20,diagnostic,8,160,26,146.86283658877,0.00011706576591984,0.00011706576591984,0.00011706576591984,7.87785138871715e-05,0.999899071679409,0.999914574136097,1,0,1,0,0,cond_kinetic: measured=7.8778513887171501e-05 threshold=>=0.5; cond_strain: measured=0.99989907167940928 threshold=<=0.5; cond_mac: measured=0.00011706576591984032 threshold=>=0.80000000000000004,0,0,0,converged; residual=1.0365345122995207e-09
inf,20,diagnostic,8,160,27,146.863618238947,1.91773811992918e-15,1.91773811992918e-15,1.91773811992918e-15,3.72480016063509e-06,0.999991541776597,0.999995850155676,1,0,1,0,0,cond_kinetic: measured=3.7248001606350876e-06 threshold=>=0.5; cond_strain: measured=0.99999154177659733 threshold=<=0.5; cond_mac: measured=1.9177381199291783e-15 threshold=>=0.80000000000000004,0,0,0,converged; residual=6.5291565192908074e-10
inf,20,diagnostic,8,160,28,146.863904639516,1.0657533145739e-13,1.0657533145739e-13,1.0657533145739e-13,3.42037573366906e-09,0.999999605015132,0.999999996223899,1,0,1,0,0,cond_kinetic: measured=3.4203757336690617e-09 threshold=>=0.5; cond_strain: measured=0.99999960501513219 threshold=<=0.5; cond_mac: measured=1.0657533145738986e-13 threshold=>=0.80000000000000004,0,0,0,converged; residual=6.1968005480507521e-10
inf,20,diagnostic,8,160,29,146.863907178507,2.16250622085697e-14,2.16250622085697e-14,2.16250622085697e-14,5.56364324144352e-10,0.999999642790069,0.999999999401506,1,0,1,0,0,cond_kinetic: measured=5.5636432414435234e-10 threshold=>=0.5; cond_strain: measured=0.99999964279006903 threshold=<=0.5; cond_mac: measured=2.1625062208569715e-14 threshold=>=0.80000000000000004,0,0,0,converged; residual=7.1388296642149375e-10
inf,20,diagnostic,8,160,30,147.382866670089,2.52556447731846e-22,2.52556447731846e-22,2.52556447731846e-22,4.87649937473876e-08,0.999997888957902,0.999999946440556,1,0,1,0,0,cond_kinetic: measured=4.8764993747387609e-08 threshold=>=0.5; cond_strain: measured=0.99999788895790209 threshold=<=0.5; cond_mac: measured=2.5255644773184608e-22 threshold=>=0.80000000000000004,0,0,0,converged; residual=5.6381925066690206e-10
inf,20,diagnostic,8,160,31,147.382905445456,1.26847487248788e-23,1.26847487248788e-23,1.26847487248788e-23,3.1530349681561e-09,0.999998464851719,0.999999996516279,1,0,1,0,0,cond_kinetic: measured=3.1530349681560972e-09 threshold=>=0.5; cond_strain: measured=0.99999846485171917 threshold=<=0.5; cond_mac: measured=1.2684748724878757e-23 threshold=>=0.80000000000000004,0,0,0,converged; residual=4.8782974376064269e-10
inf,20,diagnostic,8,160,32,149.508022452921,2.22189886352494e-23,2.22189886352494e-23,2.22189886352494e-23,1.42147894929704e-08,0.999998420658262,0.999999985606406,1,0,1,0,0,cond_kinetic: measured=1.4214789492970428e-08 threshold=>=0.5; cond_strain: measured=0.99999842065826205 threshold=<=0.5; cond_mac: measured=2.2218988635249373e-23 threshold=>=0.80000000000000004,0,0,0,converged; residual=4.3323644722987868e-10
inf,20,diagnostic,8,160,33,149.738333200443,1.32953624203373e-21,1.32953624203373e-21,1.32953624203373e-21,2.11284628853327e-06,0.999991946549621,0.999997657142511,1,0,1,0,0,cond_kinetic: measured=2.1128462885332734e-06 threshold=>=0.5; cond_strain: measured=0.99999194654962054 threshold=<=0.5; cond_mac: measured=1.3295362420337276e-21 threshold=>=0.80000000000000004,0,0,0,converged; residual=4.2778311473793193e-10
inf,20,diagnostic,8,160,34,149.988805237766,1.30131334693878e-05,1.30131334693878e-05,1.30131334693878e-05,9.4820864771793e-06,0.999988152096758,0.999989722441334,1,0,1,0,0,cond_kinetic: measured=9.4820864771793027e-06 threshold=>=0.5; cond_strain: measured=0.99998815209675784 threshold=<=0.5; cond_mac: measured=1.3013133469387768e-05 threshold=>=0.80000000000000004,0,0,0,converged; residual=7.8774346897437231e-10
inf,20,diagnostic,8,160,35,149.988877122128,3.65753258814404e-14,3.65753258814404e-14,3.65753258814404e-14,2.8400237476154e-07,0.999999139408836,0.999999683723593,1,0,1,0,0,cond_kinetic: measured=2.8400237476153994e-07 threshold=>=0.5; cond_strain: measured=0.99999913940883634 threshold=<=0.5; cond_mac: measured=3.6575325881440374e-14 threshold=>=0.80000000000000004,0,0,0,converged; residual=8.4521425027820982e-10
inf,20,diagnostic,8,160,36,149.988896984313,9.79966938525131e-13,9.79966938525131e-13,9.79966938525131e-13,4.70914319270731e-11,0.999999721778195,0.999999999942675,1,0,1,0,0,cond_kinetic: measured=4.7091431927073129e-11 threshold=>=0.5; cond_strain: measured=0.99999972177819518 threshold=<=0.5; cond_mac: measured=9.7996693852513099e-13 threshold=>=0.80000000000000004,0,0,0,converged; residual=6.4297621112398187e-10
inf,20,diagnostic,8,160,37,149.988896998015,1.04506534690882e-12,1.04506534690882e-12,1.04506534690882e-12,3.87298229385909e-11,0.999999721910356,0.999999999952592,1,0,1,0,0,cond_kinetic: measured=3.8729822938590925e-11 threshold=>=0.5; cond_strain: measured=0.99999972191035635 threshold=<=0.5; cond_mac: measured=1.0450653469088196e-12 threshold=>=0.80000000000000004,0,0,0,converged; residual=5.2818166793786874e-10
inf,20,diagnostic,8,160,38,152.168620026744,1.98863552179863e-06,1.98863552179863e-06,1.98863552179863e-06,1.55430909478004e-06,0.99999657492886,0.999998315754444,1,0,1,0,0,cond_kinetic: measured=1.554309094780035e-06 threshold=>=0.5; cond_strain: measured=0.99999657492885985 threshold=<=0.5; cond_mac: measured=1.9886355217986313e-06 threshold=>=0.80000000000000004,0,0,0,converged; residual=4.128141478350002e-10
inf,20,diagnostic,8,160,39,152.168628952669,2.29737985207465e-11,2.29737985207465e-11,2.29737985207465e-11,3.07883037032822e-08,0.999998354997595,0.999999965729084,1,0,1,0,0,cond_kinetic: measured=3.0788303703282203e-08 threshold=>=0.5; cond_strain: measured=0.99999835499759515 threshold=<=0.5; cond_mac: measured=2.2973798520746521e-11 threshold=>=0.80000000000000004,0,0,0,converged; residual=4.8528927685156001e-10
inf,20,diagnostic,8,160,40,152.33774704334,0.000345795938681633,0.000345795938681633,0.000345795938681633,0.00027421776189303,0.999673292600728,0.999703476569121,1,0,1,0,0,cond_kinetic: measured=0.00027421776189302956 threshold=>=0.5; cond_strain: measured=0.99967329260072813 threshold=<=0.5; cond_mac: measured=0.00034579593868163273 threshold=>=0.80000000000000004,0,0,0,converged; residual=8.2616961132443597e-10
inf,20,diagnostic,8,160,41,155.503654072006,6.89360240582109e-21,6.89360240582109e-21,6.89360240582109e-21,1.55543371532648e-08,0.999998342789987,0.999999982924687,1,0,1,0,0,cond_kinetic: measured=1.5554337153264801e-08 threshold=>=0.5; cond_strain: measured=0.99999834278998745 threshold=<=0.5; cond_mac: measured=6.8936024058210932e-21 threshold=>=0.80000000000000004,0,0,0,converged; residual=4.6491671785566108e-10
inf,20,diagnostic,8,160,42,157.547425986231,1.40979001325195e-20,1.40979001325195e-20,1.40979001325195e-20,2.1187957676272e-06,0.999993477410169,0.999997654397421,1,0,1,0,0,cond_kinetic: measured=2.1187957676271999e-06 threshold=>=0.5; cond_strain: measured=0.9999934774101692 threshold=<=0.5; cond_mac: measured=1.4097900132519498e-20 threshold=>=0.80000000000000004,0,0,0,converged; residual=4.9571239212765105e-10
inf,20,diagnostic,8,160,43,158.439370431269,0.997411698358003,0.997411698358003,0.997411698358003,0.914260573545083,0.00301940033543493,0.00993062437827903,1,1,1,1,1,,1,1,0,converged; residual=6.5978286433984361e-10
inf,20,diagnostic,8,160,44,158.521170691833,1.1442250145172e-19,1.1442250145172e-19,1.1442250145172e-19,2.91567103556431e-08,0.999998612283221,0.999999970255514,1,0,1,0,0,cond_kinetic: measured=2.9156710355643136e-08 threshold=>=0.5; cond_strain: measured=0.99999861228322062 threshold=<=0.5; cond_mac: measured=1.1442250145172014e-19 threshold=>=0.80000000000000004,0,0,0,converged; residual=4.3890420701083365e-10
inf,20,diagnostic,8,160,45,159.989417011593,0.000373807543472998,0.000373807543472998,0.000373807543472998,0.00035530335963725,0.999617756370372,0.999615253932561,1,0,1,0,0,cond_kinetic: measured=0.00035530335963724979 threshold=>=0.5; cond_strain: measured=0.99961775637037176 threshold=<=0.5; cond_mac: measured=0.00037380754347299781 threshold=>=0.80000000000000004,0,0,0,converged; residual=6.3764061360294916e-10
inf,20,diagnostic,8,160,46,163.9728261513,4.68704959161532e-22,4.68704959161532e-22,4.68704959161532e-22,9.27652526686593e-09,0.99999885164571,0.999999990212171,1,0,1,0,0,cond_kinetic: measured=9.2765252668659291e-09 threshold=>=0.5; cond_strain: measured=0.9999988516457099 threshold=<=0.5; cond_mac: measured=4.6870495916153245e-22 threshold=>=0.80000000000000004,0,0,0,converged; residual=6.6924145838106552e-10
inf,20,diagnostic,8,160,47,164.911012797207,9.2516827560852e-22,9.2516827560852e-22,9.2516827560852e-22,3.35954010902713e-07,0.999997778896661,0.999999626344781,1,0,1,0,0,cond_kinetic: measured=3.3595401090271253e-07 threshold=>=0.5; cond_strain: measured=0.9999977788966613 threshold=<=0.5; cond_mac: measured=9.2516827560852041e-22 threshold=>=0.80000000000000004,0,0,0,converged; residual=3.740593786113486e-10
inf,20,diagnostic,8,160,48,167.58076657627,6.97576512028454e-21,6.97576512028454e-21,6.97576512028454e-21,8.89828102900511e-09,0.999999034425175,0.999999990989119,1,0,1,0,0,cond_kinetic: measured=8.8982810290051129e-09 threshold=>=0.5; cond_strain: measured=0.99999903442517524 threshold=<=0.5; cond_mac: measured=6.9757651202845387e-21 threshold=>=0.80000000000000004,0,0,0,converged; residual=3.5465265078593524e-10
inf,20,diagnostic,8,160,49,167.971637127702,6.41687231809017e-05,6.41687231809017e-05,6.41687231809017e-05,7.37343777325098e-05,0.999926862176898,0.999920089449773,1,0,1,0,0,cond_kinetic: measured=7.3734377732509831e-05 threshold=>=0.5; cond_strain: measured=0.99992686217689808 threshold=<=0.5; cond_mac: measured=6.4168723180901705e-05 threshold=>=0.80000000000000004,0,0,0,converged; residual=8.056812772292671e-10
inf,20,diagnostic,8,160,50,168.875029860672,2.48023785364486e-15,2.48023785364486e-15,2.48023785364486e-15,2.87198829602273e-06,0.999995022165001,0.999996802074445,1,0,1,0,0,cond_kinetic: measured=2.8719882960227302e-06 threshold=>=0.5; cond_strain: measured=0.99999502216500136 threshold=<=0.5; cond_mac: measured=2.4802378536448607e-15 threshold=>=0.80000000000000004,0,0,0,converged; residual=4.846729980701328e-10
inf,20,diagnostic,8,160,51,168.875152869701,4.22396082749681e-13,4.22396082749681e-13,4.22396082749681e-13,4.09576901599407e-10,0.999999693636813,0.999999999548841,1,0,1,0,0,cond_kinetic: measured=4.0957690159940685e-10 threshold=>=0.5; cond_strain: measured=0.99999969363681285 threshold=<=0.5; cond_mac: measured=4.2239608274968103e-13 threshold=>=0.80000000000000004,0,0,0,converged; residual=5.0303918559440076e-10
inf,20,diagnostic,8,160,52,168.875153022982,1.39310977879076e-13,1.39310977879076e-13,1.39310977879076e-13,2.02661485872345e-10,0.999999695685464,0.999999999778127,1,0,1,0,0,cond_kinetic: measured=2.026614858723447e-10 threshold=>=0.5; cond_strain: measured=0.99999969568546399 threshold=<=0.5; cond_mac: measured=1.3931097787907641e-13 threshold=>=0.80000000000000004,0,0,0,converged; residual=5.4492352957539953e-10
inf,20,diagnostic,8,160,53,168.875425222428,2.19525411664815e-05,2.19525411664815e-05,2.19525411664815e-05,2.60443682011127e-05,0.999974547986688,0.999971834076589,1,0,1,0,0,cond_kinetic: measured=2.6044368201112747e-05 threshold=>=0.5; cond_strain: measured=0.9999745479866875 threshold=<=0.5; cond_mac: measured=2.1952541166481547e-05 threshold=>=0.80000000000000004,0,0,0,converged; residual=6.6708412423293847e-10
inf,20,diagnostic,8,160,54,169.227446440672,1.13534554689309e-26,1.13534554689309e-26,1.13534554689309e-26,9.33533638503495e-08,0.999997518825723,0.999999896060973,1,0,1,0,0,cond_kinetic: measured=9.335336385034954e-08 threshold=>=0.5; cond_strain: measured=0.99999751882572341 threshold=<=0.5; cond_mac: measured=1.1353455468930935e-26 threshold=>=0.80000000000000004,0,0,0,converged; residual=5.6672815041274089e-10
inf,20,diagnostic,8,160,55,169.227513543904,2.21899848131578e-22,2.21899848131578e-22,2.21899848131578e-22,4.33012295988331e-09,0.999998411335343,0.999999994751058,1,0,1,0,0,cond_kinetic: measured=4.3301229598833079e-09 threshold=>=0.5; cond_strain: measured=0.99999841133534262 threshold=<=0.5; cond_mac: measured=2.2189984813157818e-22 threshold=>=0.80000000000000004,0,0,0,converged; residual=4.3400138185850288e-10
inf,20,diagnostic,8,160,56,171.903526255019,5.24360210618568e-24,5.24360210618568e-24,5.24360210618568e-24,7.76918258679571e-10,0.999999311442789,0.999999999186578,1,0,1,0,0,cond_kinetic: measured=7.7691825867957112e-10 threshold=>=0.5; cond_strain: measured=0.99999931144278942 threshold=<=0.5; cond_mac: measured=5.2436021061856769e-24 threshold=>=0.80000000000000004,0,0,0,converged; residual=7.1836187664305436e-10
inf,20,diagnostic,8,160,57,171.950041241286,2.25419531188603e-22,2.25419531188603e-22,2.25419531188603e-22,6.17862788818464e-06,0.999989493060403,0.999993140710125,1,0,1,0,0,cond_kinetic: measured=6.178627888184643e-06 threshold=>=0.5; cond_strain: measured=0.99998949306040275 threshold=<=0.5; cond_mac: measured=2.2541953118860335e-22 threshold=>=0.80000000000000004,0,0,0,converged; residual=5.1914396902470239e-10
inf,20,diagnostic,8,160,58,175.843584087178,5.84636215429976e-06,5.84636215429976e-06,5.84636215429976e-06,8.11568695080953e-06,0.999991561548444,0.999991220736486,1,0,1,0,0,cond_kinetic: measured=8.1156869508095326e-06 threshold=>=0.5; cond_strain: measured=0.99999156154844404 threshold=<=0.5; cond_mac: measured=5.8463621542997558e-06 threshold=>=0.80000000000000004,0,0,0,converged; residual=5.7716066730736662e-10
inf,20,diagnostic,8,160,59,176.206324595004,1.15224874995155e-25,1.15224874995155e-25,1.15224874995155e-25,3.43680534378688e-09,0.999999115160153,0.999999996497821,1,0,1,0,0,cond_kinetic: measured=3.4368053437868764e-09 threshold=>=0.5; cond_strain: measured=0.99999911516015283 threshold=<=0.5; cond_mac: measured=1.1522487499515512e-25 threshold=>=0.80000000000000004,0,0,0,converged; residual=3.4619386241507157e-10
inf,20,diagnostic,8,160,60,178.970363157937,4.42984331483098e-17,4.42984331483098e-17,4.42984331483098e-17,2.87073138000657e-05,0.999959092607354,0.999968051166408,1,0,1,0,0,cond_kinetic: measured=2.8707313800065707e-05 threshold=>=0.5; cond_strain: measured=0.99995909260735383 threshold=<=0.5; cond_mac: measured=4.4298433148309778e-17 threshold=>=0.80000000000000004,0,0,0,converged; residual=9.2105746566747582e-10
inf,20,diagnostic,8,160,61,178.971116730458,6.87921367856623e-14,6.87921367856623e-14,6.87921367856623e-14,2.28753541726424e-09,0.999999643894425,0.999999997514126,1,0,1,0,0,cond_kinetic: measured=2.2875354172642366e-09 threshold=>=0.5; cond_strain: measured=0.99999964389442497 threshold=<=0.5; cond_mac: measured=6.8792136785662292e-14 threshold=>=0.80000000000000004,0,0,0,converged; residual=4.6518452130163023e-10
inf,20,diagnostic,8,160,62,178.971116996271,1.86161146467958e-14,1.86161146467958e-14,1.86161146467958e-14,2.36792795994744e-09,0.999999646835946,0.999999997494357,1,0,1,0,0,cond_kinetic: measured=2.3679279599474357e-09 threshold=>=0.5; cond_strain: measured=0.99999964683594611 threshold=<=0.5; cond_mac: measured=1.8616114646795834e-14 threshold=>=0.80000000000000004,0,0,0,converged; residual=3.9453583803849032e-10
inf,20,diagnostic,8,160,63,178.971701833113,1.9702035166852e-05,1.9702035166852e-05,1.9702035166852e-05,2.97758871653581e-05,0.999973778399671,0.999967844898516,1,0,1,0,0,cond_kinetic: measured=2.9775887165358089e-05 threshold=>=0.5; cond_strain: measured=0.99997377839967072 threshold=<=0.5; cond_mac: measured=1.970203516685197e-05 threshold=>=0.80000000000000004,0,0,0,converged; residual=7.4688769679910621e-10
inf,20,diagnostic,8,160,64,180.080806675031,1.68260025512388e-25,1.68260025512388e-25,1.68260025512388e-25,1.05241843021842e-05,0.999984487779857,0.999988303773137,1,0,1,0,0,cond_kinetic: measured=1.0524184302184189e-05 threshold=>=0.5; cond_strain: measured=0.99998448777985705 threshold=<=0.5; cond_mac: measured=1.6826002551238798e-25 threshold=>=0.80000000000000004,0,0,0,converged; residual=5.3249226280705356e-10
inf,20,diagnostic,8,160,65,180.655286574403,4.7957656945981e-13,4.7957656945981e-13,4.7957656945981e-13,1.33006476861504e-06,0.999988693389108,0.99999852417904,1,0,1,0,0,cond_kinetic: measured=1.3300647686150385e-06 threshold=>=0.5; cond_strain: measured=0.99998869338910823 threshold=<=0.5; cond_mac: measured=4.7957656945981043e-13 threshold=>=0.80000000000000004,0,0,0,converged; residual=3.5134540667148891e-10
inf,20,diagnostic,8,160,66,180.655329910581,2.52150425943338e-07,2.52150425943338e-07,2.52150425943338e-07,6.41034952409914e-07,0.999989958240119,0.999999306722178,1,0,1,0,0,cond_kinetic: measured=6.4103495240991379e-07 threshold=>=0.5; cond_strain: measured=0.99998995824011949 threshold=<=0.5; cond_mac: measured=2.5215042594333821e-07 threshold=>=0.80000000000000004,0,0,0,converged; residual=2.2003114800109406e-10
inf,20,diagnostic,8,160,67,180.984888571702,1.39249477475162e-22,1.39249477475162e-22,1.39249477475162e-22,3.06730759028994e-09,0.999999334020836,0.999999996630284,1,0,1,0,0,cond_kinetic: measured=3.0673075902899442e-09 threshold=>=0.5; cond_strain: measured=0.99999933402083629 threshold=<=0.5; cond_mac: measured=1.3924947747516151e-22 threshold=>=0.80000000000000004,0,0,0,converged; residual=4.5392117285471011e-10
inf,20,diagnostic,8,160,68,183.058305731945,1.24625131079819e-22,1.24625131079819e-22,1.24625131079819e-22,7.05017853497412e-08,0.999992850829322,0.99999992293296,1,0,1,0,0,cond_kinetic: measured=7.050178534974118e-08 threshold=>=0.5; cond_strain: measured=0.99999285082932166 threshold=<=0.5; cond_mac: measured=1.2462513107981943e-22 threshold=>=0.80000000000000004,0,0,0,converged; residual=2.8099364682881654e-10
inf,20,diagnostic,8,160,69,183.058341655017,5.41873459500567e-27,5.41873459500567e-27,5.41873459500567e-27,1.34336618367757e-08,0.999993306383736,0.999999985399012,1,0,1,0,0,cond_kinetic: measured=1.3433661836775652e-08 threshold=>=0.5; cond_strain: measured=0.99999330638373596 threshold=<=0.5; cond_mac: measured=5.4187345950056738e-27 threshold=>=0.80000000000000004,0,0,0,converged; residual=2.3320420047361263e-10
inf,20,diagnostic,8,160,70,184.095753473405,1.67553992124638e-05,1.67553992124638e-05,1.67553992124638e-05,2.77052285917025e-05,0.999976499864931,0.999969944149215,1,0,1,0,0,cond_kinetic: measured=2.7705228591702479e-05 threshold=>=0.5; cond_strain: measured=0.99997649986493131 threshold=<=0.5; cond_mac: measured=1.6755399212463784e-05 threshold=>=0.80000000000000004,0,0,0,converged; residual=6.0408890430302549e-10
inf,20,diagnostic,8,160,71,185.049237301156,1.00542358964394e-22,1.00542358964394e-22,1.00542358964394e-22,1.27180419634274e-07,0.999985444110359,0.999999860643165,1,0,1,0,0,cond_kinetic: measured=1.2718041963427417e-07 threshold=>=0.5; cond_strain: measured=0.9999854441103585 threshold=<=0.5; cond_mac: measured=1.005423589643941e-22 threshold=>=0.80000000000000004,0,0,0,converged; residual=1.8064453536350147e-10
inf,20,diagnostic,8,160,72,185.049307436892,7.98504557881867e-27,7.98504557881867e-27,7.98504557881867e-27,1.60839759314224e-08,0.999986322339,0.999999982379902,1,0,1,0,0,cond_kinetic: measured=1.6083975931422412e-08 threshold=>=0.5; cond_strain: measured=0.99998632233899987 threshold=<=0.5; cond_mac: measured=7.9850455788186745e-27 threshold=>=0.80000000000000004,0,0,0,converged; residual=2.0843255753801483e-10
inf,20,diagnostic,8,160,73,185.740299132128,1.40684557698279e-22,1.40684557698279e-22,1.40684557698279e-22,8.93693029315921e-08,0.999998862119295,0.999999909116588,1,0,1,0,0,cond_kinetic: measured=8.9369302931592109e-08 threshold=>=0.5; cond_strain: measured=0.99999886211929534 threshold=<=0.5; cond_mac: measured=1.4068455769827869e-22 threshold=>=0.80000000000000004,0,0,0,converged; residual=2.7057305334671534e-10
inf,20,diagnostic,8,160,74,187.92000923827,2.796536937501e-23,2.796536937501e-23,2.796536937501e-23,6.97730521319671e-05,0.999910349581653,0.999922442951282,1,0,1,0,0,cond_kinetic: measured=6.9773052131967062e-05 threshold=>=0.5; cond_strain: measured=0.99991034958165304 threshold=<=0.5; cond_mac: measured=2.7965369375010046e-23 threshold=>=0.80000000000000004,0,0,0,converged; residual=5.4951617272652707e-10
inf,20,diagnostic,8,160,75,189.1367765445,1.01101612754369e-16,1.01101612754369e-16,1.01101612754369e-16,1.72098998173355e-05,0.999978129312252,0.999980858082954,1,0,1,0,0,cond_kinetic: measured=1.7209899817335467e-05 threshold=>=0.5; cond_strain: measured=0.99997812931225194 threshold=<=0.5; cond_mac: measured=1.011016127543693e-16 threshold=>=0.80000000000000004,0,0,0,converged; residual=6.619613195217391e-10
inf,20,diagnostic,8,160,76,189.136965907641,1.68872787560222e-13,1.68872787560222e-13,1.68872787560222e-13,3.70901298523651e-08,0.999999348094574,0.999999959186314,1,0,1,0,0,cond_kinetic: measured=3.7090129852365067e-08 threshold=>=0.5; cond_strain: measured=0.99999934809457414 threshold=<=0.5; cond_mac: measured=1.6887278756022195e-13 threshold=>=0.80000000000000004,0,0,0,converged; residual=7.4953942829537258e-10
inf,20,diagnostic,8,160,77,189.136989016792,3.22239498253774e-14,3.22239498253774e-14,3.22239498253774e-14,1.65072166599459e-09,0.999999631919977,0.999999998173089,1,0,1,0,0,cond_kinetic: measured=1.6507216659945893e-09 threshold=>=0.5; cond_strain: measured=0.99999963191997698 threshold=<=0.5; cond_mac: measured=3.2223949825377355e-14 threshold=>=0.80000000000000004,0,0,0,converged; residual=4.6218127391845054e-10
inf,20,diagnostic,8,160,78,189.13705200356,9.71783438977784e-07,9.71783438977784e-07,9.71783438977784e-07,1.9344868896537e-06,0.999998194804449,0.999997912937709,1,0,1,0,0,cond_kinetic: measured=1.9344868896536965e-06 threshold=>=0.5; cond_strain: measured=0.99999819480444874 threshold=<=0.5; cond_mac: measured=9.7178343897778372e-07 threshold=>=0.80000000000000004,0,0,0,converged; residual=3.8046335644037457e-10
inf,20,diagnostic,8,160,79,189.222525497316,6.47388846306744e-07,6.47388846306744e-07,6.47388846306744e-07,1.2766569495866e-06,0.99999794104253,0.999998631351368,1,0,1,0,0,cond_kinetic: measured=1.2766569495865978e-06 threshold=>=0.5; cond_strain: measured=0.99999794104252993 threshold=<=0.5; cond_mac: measured=6.4738884630674422e-07 threshold=>=0.80000000000000004,0,0,0,converged; residual=2.8966606364581718e-10
inf,20,diagnostic,8,160,80,192.120105422748,1.49959616410628e-23,1.49959616410628e-23,1.49959616410628e-23,3.42229369054981e-08,0.999999117779343,0.999999962249234,1,0,1,0,0,cond_kinetic: measured=3.4222936905498127e-08 threshold=>=0.5; cond_strain: measured=0.99999911777934314 threshold=<=0.5; cond_mac: measured=1.4995961641062764e-23 threshold=>=0.80000000000000004,0,0,0,converged; residual=4.6912265378656209e-10
inf,20,diagnostic,8,160,81,192.999573278789,1.0719803243023e-22,1.0719803243023e-22,1.0719803243023e-22,9.52673262676421e-08,0.999999037452865,0.999999902802288,1,0,1,0,0,cond_kinetic: measured=9.5267326267642129e-08 threshold=>=0.5; cond_strain: measured=0.99999903745286545 threshold=<=0.5; cond_mac: measured=1.0719803243023004e-22 threshold=>=0.80000000000000004,0,0,0,converged; residual=3.5222291515379119e-10
inf,20,diagnostic,8,160,82,194.520176699445,3.68835940039706e-14,3.68835940039706e-14,3.68835940039706e-14,8.83363984228243e-06,0.999988509604321,0.999990176472927,1,0,1,0,0,cond_kinetic: measured=8.8336398422824269e-06 threshold=>=0.5; cond_strain: measured=0.99998850960432073 threshold=<=0.5; cond_mac: measured=3.688359400397062e-14 threshold=>=0.80000000000000004,0,0,0,converged; residual=4.1942206187971791e-10
inf,20,diagnostic,8,160,83,194.520238119576,6.37268214327118e-08,6.37268214327118e-08,6.37268214327118e-08,1.70529337774864e-07,0.999998843662028,0.999999816031115,1,0,1,0,0,cond_kinetic: measured=1.7052933777486421e-07 threshold=>=0.5; cond_strain: measured=0.99999884366202785 threshold=<=0.5; cond_mac: measured=6.3726821432711835e-08 threshold=>=0.80000000000000004,0,0,0,converged; residual=2.7774935014160422e-10
inf,20,diagnostic,8,160,84,196.627187937112,2.93730493076663e-23,2.93730493076663e-23,2.93730493076663e-23,1.90908443851374e-05,0.999977377799148,0.999978786608731,1,0,1,0,0,cond_kinetic: measured=1.9090844385137408e-05 threshold=>=0.5; cond_strain: measured=0.99997737779914797 threshold=<=0.5; cond_mac: measured=2.9373049307666272e-23 threshold=>=0.80000000000000004,0,0,0,converged; residual=5.9119531456459653e-10
inf,20,diagnostic,8,160,85,198.394057937092,1.49237819133221e-24,1.49237819133221e-24,1.49237819133221e-24,1.06557196843885e-08,0.999999290369498,0.99999998879406,1,0,1,0,0,cond_kinetic: measured=1.0655719684388507e-08 threshold=>=0.5; cond_strain: measured=0.99999929036949786 threshold=<=0.5; cond_mac: measured=1.4923781913322075e-24 threshold=>=0.80000000000000004,0,0,0,converged; residual=3.509909621764242e-10
inf,20,diagnostic,8,160,86,199.990973455857,1.55611339155819e-19,1.55611339155819e-19,1.55611339155819e-19,0.875787048753113,0.019059134150488,0.0261473328943214,1,1,1,1,0,cond_mac: measured=1.5561133915581929e-19 threshold=>=0.80000000000000004,0,0,0,converged; residual=5.5440165915712572e-10
inf,20,diagnostic,8,160,87,200.375061872192,1.08339378615353e-10,1.08339378615353e-10,1.08339378615353e-10,7.27462462299165e-10,0.999999755156152,0.999999999200767,1,0,1,0,0,cond_kinetic: measured=7.2746246229916515e-10 threshold=>=0.5; cond_strain: measured=0.99999975515615203 threshold=<=0.5; cond_mac: measured=1.0833937861535335e-10 threshold=>=0.80000000000000004,0,0,0,converged; residual=4.5932209320515378e-10
inf,20,diagnostic,8,160,88,200.375062129249,6.70960967270514e-11,6.70960967270514e-11,6.70960967270514e-11,2.13296177371568e-10,0.999999758277094,0.99999999976452,1,0,1,0,0,cond_kinetic: measured=2.1329617737156779e-10 threshold=>=0.5; cond_strain: measured=0.99999975827709431 threshold=<=0.5; cond_mac: measured=6.7096096727051435e-11 threshold=>=0.80000000000000004,0,0,0,converged; residual=4.0359579598251858e-10
inf,20,diagnostic,8,160,89,200.375062623126,4.8041574397945e-08,4.8041574397945e-08,4.8041574397945e-08,1.13700076124975e-07,0.999999639882092,0.999999877667583,1,0,1,0,0,cond_kinetic: measured=1.1370007612497483e-07 threshold=>=0.5; cond_strain: measured=0.99999963988209162 threshold=<=0.5; cond_mac: measured=4.8041574397944996e-08 threshold=>=0.80000000000000004,0,0,0,converged; residual=5.0795637928669101e-10
inf,20,diagnostic,8,160,90,200.375612019368,5.71850617335878e-18,5.71850617335878e-18,5.71850617335878e-18,0.00126148549253128,0.998592220546596,0.998597293016637,1,0,1,0,0,cond_kinetic: measured=0.0012614854925312839 threshold=>=0.5; cond_strain: measured=0.99859222054659591 threshold=<=0.5; cond_mac: measured=5.7185061733587831e-18 threshold=>=0.80000000000000004,0,0,0,converged; residual=5.4466799118563383e-10
inf,20,diagnostic,8,160,91,200.720608042254,2.35847422769294e-07,2.35847422769294e-07,2.35847422769294e-07,5.12620718617498e-07,0.999998428072931,0.999999449041813,1,0,1,0,0,cond_kinetic: measured=5.1262071861749756e-07 threshold=>=0.5; cond_strain: measured=0.99999842807293138 threshold=<=0.5; cond_mac: measured=2.3584742276929388e-07 threshold=>=0.80000000000000004,0,0,0,converged; residual=2.1326321851056643e-10
inf,20,diagnostic,8,160,92,200.721783755088,3.51807726177641e-16,3.51807726177641e-16,3.51807726177641e-16,0.00144216984679186,0.99839528521616,0.998396443985565,1,0,1,0,0,cond_kinetic: measured=0.0014421698467918561 threshold=>=0.5; cond_strain: measured=0.9983952852161605 threshold=<=0.5; cond_mac: measured=3.5180772617764085e-16 threshold=>=0.80000000000000004,0,0,0,converged; residual=5.0612758344682942e-10
inf,20,diagnostic,8,160,93,201.434020564741,8.78847830398482e-22,8.78847830398482e-22,8.78847830398482e-22,1.03495316022578e-07,0.9999958371606,0.999999886478628,1,0,1,0,0,cond_kinetic: measured=1.0349531602257823e-07 threshold=>=0.5; cond_strain: measured=0.99999583716060048 threshold=<=0.5; cond_mac: measured=8.7884783039848208e-22 threshold=>=0.80000000000000004,0,0,0,converged; residual=2.1272467714618584e-10
inf,20,diagnostic,8,160,94,201.434075994901,3.20646022840587e-24,3.20646022840587e-24,3.20646022840587e-24,8.02583979530348e-09,0.999996499430309,0.999999991198785,1,0,1,0,0,cond_kinetic: measured=8.0258397953034823e-09 threshold=>=0.5; cond_strain: measured=0.99999649943030899 threshold=<=0.5; cond_mac: measured=3.2064602284058651e-24 threshold=>=0.80000000000000004,0,0,0,converged; residual=2.0422051818792401e-10
inf,20,diagnostic,8,160,95,201.885695252318,4.7907438355348e-25,4.7907438355348e-25,4.7907438355348e-25,7.23302933376789e-06,0.999928279271468,0.999992060516326,1,0,1,0,0,cond_kinetic: measured=7.2330293337678934e-06 threshold=>=0.5; cond_strain: measured=0.99992827927146766 threshold=<=0.5; cond_mac: measured=4.7907438355348027e-25 threshold=>=0.80000000000000004,0,0,0,converged; residual=4.1953335485230339e-10
inf,20,diagnostic,8,160,96,202.07095184351,8.01805167453764e-27,8.01805167453764e-27,8.01805167453764e-27,6.88725048875158e-06,0.999962447537083,0.999992979160892,1,0,1,0,0,cond_kinetic: measured=6.8872504887515834e-06 threshold=>=0.5; cond_strain: measured=0.99996244753708285 threshold=<=0.5; cond_mac: measured=8.0180516745376421e-27 threshold=>=0.80000000000000004,0,0,0,converged; residual=2.1302734458514085e-10
inf,20,diagnostic,8,160,97,203.046316858042,7.42427441536531e-07,7.42427441536531e-07,7.42427441536531e-07,1.75538554142941e-06,0.999998249925447,0.999998084718604,1,0,1,0,0,cond_kinetic: measured=1.7553855414294069e-06 threshold=>=0.5; cond_strain: measured=0.99999824992544661 threshold=<=0.5; cond_mac: measured=7.4242744153653131e-07 threshold=>=0.80000000000000004,0,0,0,converged; residual=2.839884647921792e-10
inf,20,diagnostic,8,160,98,205.24371463875,1.25583144698511e-22,1.25583144698511e-22,1.25583144698511e-22,3.12871538728511e-09,0.999999100432023,0.999999996601049,1,0,1,0,0,cond_kinetic: measured=3.1287153872851133e-09 threshold=>=0.5; cond_strain: measured=0.99999910043202322 threshold=<=0.5; cond_mac: measured=1.2558314469851059e-22 threshold=>=0.80000000000000004,0,0,0,converged; residual=3.3865897679585521e-10
inf,20,diagnostic,8,160,99,206.610351556692,2.6519818161376e-22,2.6519818161376e-22,2.6519818161376e-22,2.74427970906112e-05,0.999970428943512,0.999969483581661,1,0,1,0,0,cond_kinetic: measured=2.7442797090611203e-05 threshold=>=0.5; cond_strain: measured=0.99997042894351218 threshold=<=0.5; cond_mac: measured=2.6519818161376008e-22 threshold=>=0.80000000000000004,0,0,0,converged; residual=4.1728735686780409e-10
inf,20,diagnostic,8,160,100,207.203353255512,9.11645710634734e-09,9.11645710634734e-09,9.11645710634734e-09,2.68697449832249e-08,0.999999165024739,0.999999969509789,1,0,1,0,0,cond_kinetic: measured=2.6869744983224906e-08 threshold=>=0.5; cond_strain: measured=0.99999916502473885 threshold=<=0.5; cond_mac: measured=9.1164571063473378e-09 threshold=>=0.80000000000000004,0,0,0,converged; residual=4.4631877719274024e-10
inf,20,diagnostic,8,160,101,208.14598501725,4.82034916017361e-09,4.82034916017361e-09,4.82034916017361e-09,1.66360180579182e-08,0.999999748599276,0.999999982092815,1,0,1,0,0,cond_kinetic: measured=1.6636018057918151e-08 threshold=>=0.5; cond_strain: measured=0.99999974859927576 threshold=<=0.5; cond_mac: measured=4.8203491601736093e-09 threshold=>=0.80000000000000004,0,0,0,converged; residual=2.9093894880636634e-10
inf,20,diagnostic,8,160,102,208.145987702304,7.63130606013637e-13,7.63130606013637e-13,7.63130606013637e-13,1.79988765724634e-10,0.999999792194558,0.999999999797902,1,0,1,0,0,cond_kinetic: measured=1.7998876572463366e-10 threshold=>=0.5; cond_strain: measured=0.99999979219455759 threshold=<=0.5; cond_mac: measured=7.6313060601363743e-13 threshold=>=0.80000000000000004,0,0,0,converged; residual=2.9522717111008629e-10
inf,20,diagnostic,8,160,103,208.145987719437,4.19422046793622e-13,4.19422046793622e-13,4.19422046793622e-13,2.79986588070547e-10,0.999999792239936,0.999999999691465,1,0,1,0,0,cond_kinetic: measured=2.7998658807054672e-10 threshold=>=0.5; cond_strain: measured=0.99999979223993607 threshold=<=0.5; cond_mac: measured=4.1942204679362208e-13 threshold=>=0.80000000000000004,0,0,0,converged; residual=4.5091962975688106e-10
inf,20,diagnostic,8,160,104,208.145991145178,1.7587962326614e-15,1.7587962326614e-15,1.7587962326614e-15,7.41919509963702e-07,0.999998992545806,0.999999175175391,1,0,1,0,0,cond_kinetic: measured=7.419195099637024e-07 threshold=>=0.5; cond_strain: measured=0.99999899254580649 threshold=<=0.5; cond_mac: measured=1.758796232661399e-15 threshold=>=0.80000000000000004,0,0,0,converged; residual=3.5548897920183165e-10
inf,20,diagnostic,8,160,105,208.86347623508,7.70939840817426e-23,7.70939840817426e-23,7.70939840817426e-23,6.08736173456358e-07,0.99998023605855,0.999999373335996,1,0,1,0,0,cond_kinetic: measured=6.0873617345635819e-07 threshold=>=0.5; cond_strain: measured=0.99998023605854991 threshold=<=0.5; cond_mac: measured=7.7093984081742645e-23 threshold=>=0.80000000000000004,0,0,0,converged; residual=2.2236541926107281e-10
inf,20,diagnostic,8,160,106,209.805555857082,6.47415069307939e-06,6.47415069307939e-06,6.47415069307939e-06,1.93570497351943e-05,0.999985543713701,0.999979202313127,1,0,1,0,0,cond_kinetic: measured=1.935704973519429e-05 threshold=>=0.5; cond_strain: measured=0.99998554371370063 threshold=<=0.5; cond_mac: measured=6.4741506930793945e-06 threshold=>=0.80000000000000004,0,0,0,converged; residual=2.4355091301883077e-10
inf,20,diagnostic,8,160,107,209.810561695704,6.76575842205219e-16,6.76575842205219e-16,6.76575842205219e-16,0.000528729204137513,0.999460126788358,0.999412346084098,1,0,1,0,0,cond_kinetic: measured=0.00052872920413751291 threshold=>=0.5; cond_strain: measured=0.99946012678835849 threshold=<=0.5; cond_mac: measured=6.7657584220521875e-16 threshold=>=0.80000000000000004,0,0,0,converged; residual=5.6849916487213572e-10
inf,20,diagnostic,8,160,108,210.074878704839,1.56696608553106e-23,1.56696608553106e-23,1.56696608553106e-23,1.15036944568663e-06,0.999985902488025,0.999998818131202,1,0,1,0,0,cond_kinetic: measured=1.1503694456866342e-06 threshold=>=0.5; cond_strain: measured=0.9999859024880251 threshold=<=0.5; cond_mac: measured=1.5669660855310641e-23 threshold=>=0.80000000000000004,0,0,0,converged; residual=2.0508694654134837e-10
inf,20,diagnostic,8,160,109,212.284803416066,2.38234872729252e-22,2.38234872729252e-22,2.38234872729252e-22,4.75252238797967e-09,0.999998755492578,0.999999994697318,1,0,1,0,0,cond_kinetic: measured=4.7525223879796715e-09 threshold=>=0.5; cond_strain: measured=0.99999875549257755 threshold=<=0.5; cond_mac: measured=2.3823487272925236e-22 threshold=>=0.80000000000000004,0,0,0,converged; residual=2.4517556803040184e-10
inf,20,diagnostic,8,160,110,212.284805899373,7.21116787170157e-26,7.21116787170157e-26,7.21116787170157e-26,3.3994888747881e-10,0.999998783701925,0.999999999554638,1,0,1,0,0,cond_kinetic: measured=3.399488874788095e-10 threshold=>=0.5; cond_strain: measured=0.99999878370192508 threshold=<=0.5; cond_mac: measured=7.2111678717015659e-26 threshold=>=0.80000000000000004,0,0,0,converged; residual=2.3707706689183385e-10
inf,20,diagnostic,8,160,111,213.017571985357,6.26029401987871e-08,6.26029401987871e-08,6.26029401987871e-08,2.08758383250722e-07,0.999998497500881,0.999999775833722,1,0,1,0,0,cond_kinetic: measured=2.0875838325072245e-07 threshold=>=0.5; cond_strain: measured=0.99999849750088121 threshold=<=0.5; cond_mac: measured=6.2602940198787054e-08 threshold=>=0.80000000000000004,0,0,0,converged; residual=2.1248227973233394e-10
inf,20,diagnostic,8,160,112,213.017611026702,9.26064831536482e-14,9.26064831536482e-14,9.26064831536482e-14,2.71088018711638e-06,0.999995950841212,0.999996987029878,1,0,1,0,0,cond_kinetic: measured=2.7108801871163819e-06 threshold=>=0.5; cond_strain: measured=0.99999595084121207 threshold=<=0.5; cond_mac: measured=9.2606483153648235e-14 threshold=>=0.80000000000000004,0,0,0,converged; residual=2.1144744443939369e-10
inf,20,diagnostic,8,160,113,213.039454164828,2.32132485863554e-18,2.32132485863554e-18,2.32132485863554e-18,0.000206759963847162,0.99978340958216,0.999770388968284,1,0,1,0,0,cond_kinetic: measured=0.00020675996384716155 threshold=>=0.5; cond_strain: measured=0.99978340958215994 threshold=<=0.5; cond_mac: measured=2.3213248586355409e-18 threshold=>=0.80000000000000004,0,0,0,converged; residual=2.6161813834245491e-10
inf,20,diagnostic,8,160,114,213.167747598989,4.99793374980323e-05,4.99793374980323e-05,4.99793374980323e-05,0.000144853093622315,0.999904207873396,0.999842635953371,1,0,1,0,0,cond_kinetic: measured=0.00014485309362231535 threshold=>=0.5; cond_strain: measured=0.99990420787339562 threshold=<=0.5; cond_mac: measured=4.9979337498032299e-05 threshold=>=0.80000000000000004,0,0,0,converged; residual=3.2709936629123814e-10
inf,20,diagnostic,8,160,115,213.457350238594,3.51209313885705e-21,3.51209313885705e-21,3.51209313885705e-21,8.06189880483965e-08,0.999998550538788,0.999999912300249,1,0,1,0,0,cond_kinetic: measured=8.061898804839647e-08 threshold=>=0.5; cond_strain: measured=0.99999855053878806 threshold=<=0.5; cond_mac: measured=3.5120931388570539e-21 threshold=>=0.80000000000000004,0,0,0,converged; residual=2.4754367979448595e-10
inf,20,diagnostic,8,160,116,213.95425833217,1.57160672007701e-20,1.57160672007701e-20,1.57160672007701e-20,3.56981717814067e-10,0.999999398929927,0.999999999608329,1,0,1,0,0,cond_kinetic: measured=3.5698171781406734e-10 threshold=>=0.5; cond_strain: measured=0.99999939892992662 threshold=<=0.5; cond_mac: measured=1.5716067200770102e-20 threshold=>=0.80000000000000004,0,0,0,converged; residual=2.2099422702400369e-10
inf,20,diagnostic,8,160,117,214.547865888625,7.90556848617671e-16,7.90556848617671e-16,7.90556848617671e-16,0.00761408002097042,0.992574909732544,0.991528982810696,1,0,1,0,0,cond_kinetic: measured=0.007614080020970416 threshold=>=0.5; cond_strain: measured=0.99257490973254447 threshold=<=0.5; cond_mac: measured=7.9055684861767139e-16 threshold=>=0.80000000000000004,0,0,0,converged; residual=6.0599694889469628e-10
inf,20,diagnostic,8,160,118,214.563847867318,0.000117478230438388,0.000117478230438388,0.000117478230438388,0.000373644110188699,0.999766047992393,0.99959661714145,1,0,1,0,0,cond_kinetic: measured=0.00037364411018869873 threshold=>=0.5; cond_strain: measured=0.99976604799239321 threshold=<=0.5; cond_mac: measured=0.00011747823043838833 threshold=>=0.80000000000000004,0,0,0,converged; residual=3.8311292496838504e-10
inf,20,diagnostic,8,160,119,215.119994484372,3.35304517911602e-20,3.35304517911602e-20,3.35304517911602e-20,0.000600788115748278,0.999416712324362,0.999331443955306,1,0,1,0,0,cond_kinetic: measured=0.00060078811574827771 threshold=>=0.5; cond_strain: measured=0.99941671232436224 threshold=<=0.5; cond_mac: measured=3.3530451791160183e-20 threshold=>=0.80000000000000004,0,0,0,converged; residual=5.1231215213644315e-10
inf,20,diagnostic,8,160,120,215.267690700625,5.08936467273805e-21,5.08936467273805e-21,5.08936467273805e-21,1.99534964249385e-06,0.999976962017157,0.999997797968493,1,0,1,0,0,cond_kinetic: measured=1.9953496424938499e-06 threshold=>=0.5; cond_strain: measured=0.99997696201715713 threshold=<=0.5; cond_mac: measured=5.0893646727380511e-21 threshold=>=0.80000000000000004,0,0,0,converged; residual=2.6259868401739467e-10
inf,20,diagnostic,8,160,121,216.438998202007,1.08097467691483e-24,1.08097467691483e-24,1.08097467691483e-24,5.29904185227316e-09,0.999997722509852,0.999999994090669,1,0,1,0,0,cond_kinetic: measured=5.2990418522731594e-09 threshold=>=0.5; cond_strain: measured=0.99999772250985208 threshold=<=0.5; cond_mac: measured=1.0809746769148288e-24 threshold=>=0.80000000000000004,0,0,0,converged; residual=2.2378530882334507e-10
inf,20,diagnostic,8,160,122,216.439000991431,7.65639953754731e-26,7.65639953754731e-26,7.65639953754731e-26,5.79097640679919e-10,0.999997753399384,0.999999999311373,1,0,1,0,0,cond_kinetic: measured=5.7909764067991902e-10 threshold=>=0.5; cond_strain: measured=0.99999775339938424 threshold=<=0.5; cond_mac: measured=7.656399537547309e-26 threshold=>=0.80000000000000004,0,0,0,converged; residual=2.4514860020283688e-10
inf,20,diagnostic,8,160,123,217.444438551321,1.0570660160734e-14,1.0570660160734e-14,1.0570660160734e-14,7.98189555306689e-08,0.999998964192727,0.999999912290511,1,0,1,0,0,cond_kinetic: measured=7.9818955530668911e-08 threshold=>=0.5; cond_strain: measured=0.99999896419272705 threshold=<=0.5; cond_mac: measured=1.0570660160733993e-14 threshold=>=0.80000000000000004,0,0,0,converged; residual=5.1303701303304811e-10
inf,20,diagnostic,8,160,124,217.444480127921,3.54261191076985e-14,3.54261191076985e-14,3.54261191076985e-14,3.64850981415962e-09,0.999999430417563,0.999999995982263,1,0,1,0,0,cond_kinetic: measured=3.64850981415962e-09 threshold=>=0.5; cond_strain: measured=0.99999943041756334 threshold=<=0.5; cond_mac: measured=3.5426119107698489e-14 threshold=>=0.80000000000000004,0,0,0,converged; residual=2.7245781980557871e-10
inf,20,diagnostic,8,160,125,217.444496410641,1.33406276957531e-08,1.33406276957531e-08,1.33406276957531e-08,6.99891915922069e-08,0.999999507608394,0.999999924574847,1,0,1,0,0,cond_kinetic: measured=6.9989191592206947e-08 threshold=>=0.5; cond_strain: measured=0.9999995076083944 threshold=<=0.5; cond_mac: measured=1.3340627695753092e-08 threshold=>=0.80000000000000004,0,0,0,converged; residual=3.8736161369424717e-10
inf,20,diagnostic,8,160,126,217.444514789638,1.17584275293067e-15,1.17584275293067e-15,1.17584275293067e-15,1.18445519561697e-06,0.999998425276669,0.99999868240397,1,0,1,0,0,cond_kinetic: measured=1.1844551956169653e-06 threshold=>=0.5; cond_strain: measured=0.99999842527666905 threshold=<=0.5; cond_mac: measured=1.175842752930672e-15 threshold=>=0.80000000000000004,0,0,0,converged; residual=2.6181166922385136e-10
inf,20,diagnostic,8,160,127,217.626675601051,1.30747544676854e-21,1.30747544676854e-21,1.30747544676854e-21,2.03677195429845e-08,0.999999557661815,0.999999978494928,1,0,1,0,0,cond_kinetic: measured=2.0367719542984466e-08 threshold=>=0.5; cond_strain: measured=0.99999955766181459 threshold=<=0.5; cond_mac: measured=1.3074754467685442e-21 threshold=>=0.80000000000000004,0,0,0,converged; residual=2.4221648737356351e-10
inf,20,diagnostic,8,160,128,217.871062989259,3.56765838404557e-21,3.56765838404557e-21,3.56765838404557e-21,1.76728845688775e-06,0.999984920891536,0.99999819563552,1,0,1,0,0,cond_kinetic: measured=1.7672884568877452e-06 threshold=>=0.5; cond_strain: measured=0.99998492089153623 threshold=<=0.5; cond_mac: measured=3.5676583840455725e-21 threshold=>=0.80000000000000004,0,0,0,converged; residual=1.4306942582603742e-10
inf,20,diagnostic,8,160,129,219.117729153514,1.07636868628265e-17,1.07636868628265e-17,1.07636868628265e-17,0.00299568393952825,0.997189323910702,0.996664985104654,1,0,1,0,0,cond_kinetic: measured=0.002995683939528248 threshold=>=0.5; cond_strain: measured=0.99718932391070225 threshold=<=0.5; cond_mac: measured=1.0763686862826523e-17 threshold=>=0.80000000000000004,0,0,0,converged; residual=5.7186212184372072e-10
inf,20,diagnostic,8,160,130,219.187617926959,0.00010984593273697,0.00010984593273697,0.00010984593273697,0.000369101571153072,0.999781991885527,0.999599441009724,1,0,1,0,0,cond_kinetic: measured=0.00036910157115307236 threshold=>=0.5; cond_strain: measured=0.99978199188552663 threshold=<=0.5; cond_mac: measured=0.0001098459327369702 threshold=>=0.80000000000000004,0,0,0,converged; residual=4.0375668949223146e-10
inf,20,diagnostic,8,160,131,220.597061767289,2.81747169007269e-24,2.81747169007269e-24,2.81747169007269e-24,0.000715088583554615,0.999330808531821,0.999204673505305,1,0,1,0,0,cond_kinetic: measured=0.00071508858355461501 threshold=>=0.5; cond_strain: measured=0.9993308085318211 threshold=<=0.5; cond_mac: measured=2.8174716900726905e-24 threshold=>=0.80000000000000004,0,0,0,converged; residual=3.8161802854368699e-10
inf,20,diagnostic,8,160,132,222.019966294845,4.15747944427349e-05,4.15747944427349e-05,4.15747944427349e-05,0.000146642640924406,0.999909123282309,0.99984064692275,1,0,1,0,0,cond_kinetic: measured=0.00014664264092440643 threshold=>=0.5; cond_strain: measured=0.99990912328230885 threshold=<=0.5; cond_mac: measured=4.1574794442734923e-05 threshold=>=0.80000000000000004,0,0,0,converged; residual=2.9609398860036811e-10
inf,20,diagnostic,8,160,133,223.028083582122,3.96157576250386e-05,3.96157576250386e-05,3.96157576250386e-05,0.000142727585557784,0.999917521245618,0.999845135199249,1,0,1,0,0,cond_kinetic: measured=0.00014272758555778419 threshold=>=0.5; cond_strain: measured=0.99991752124561806 threshold=<=0.5; cond_mac: measured=3.9615757625038646e-05 threshold=>=0.80000000000000004,0,0,0,converged; residual=3.4308827571226224e-10
inf,20,diagnostic,8,160,134,223.155608644317,8.11232008242562e-19,8.11232008242562e-19,8.11232008242562e-19,0.00137955884922757,0.998750525519762,0.998464076898276,1,0,1,0,0,cond_kinetic: measured=0.0013795588492275656 threshold=>=0.5; cond_strain: measured=0.99875052551976162 threshold=<=0.5; cond_mac: measured=8.1123200824256199e-19 threshold=>=0.80000000000000004,0,0,0,converged; residual=4.8817713258753056e-10
inf,20,diagnostic,8,160,135,224.064826152432,8.18716662594497e-21,8.18716662594497e-21,8.18716662594497e-21,5.0997959662504e-09,0.999996062911472,0.999999994552366,1,0,1,0,0,cond_kinetic: measured=5.099795966250402e-09 threshold=>=0.5; cond_strain: measured=0.99999606291147214 threshold=<=0.5; cond_mac: measured=8.1871666259449696e-21 threshold=>=0.80000000000000004,0,0,0,converged; residual=1.1361721553117329e-10
inf,20,diagnostic,8,160,136,224.134022157153,5.58162797980158e-08,5.58162797980158e-08,5.58162797980158e-08,3.1076852959537e-07,0.999998931409315,0.999999670957801,1,0,1,0,0,cond_kinetic: measured=3.1076852959537039e-07 threshold=>=0.5; cond_strain: measured=0.99999893140931473 threshold=<=0.5; cond_mac: measured=5.581627979801584e-08 threshold=>=0.80000000000000004,0,0,0,converged; residual=1.6528880623580696e-10
inf,20,diagnostic,8,160,137,224.134180567448,1.66769255426027e-14,1.66769255426027e-14,1.66769255426027e-14,7.4763469747359e-06,0.99999252166896,0.999991691494413,1,0,1,0,0,cond_kinetic: measured=7.4763469747358965e-06 threshold=>=0.5; cond_strain: measured=0.99999252166896047 threshold=<=0.5; cond_mac: measured=1.6676925542602666e-14 threshold=>=0.80000000000000004,0,0,0,converged; residual=1.7938174366711719e-10
inf,20,diagnostic,8,160,138,224.1588198264,3.97042107597667e-05,3.97042107597667e-05,3.97042107597667e-05,0.000139034017285944,0.999912685248943,0.999847819330885,1,0,1,0,0,cond_kinetic: measured=0.00013903401728594358 threshold=>=0.5; cond_strain: measured=0.99991268524894272 threshold=<=0.5; cond_mac: measured=3.9704210759766679e-05 threshold=>=0.80000000000000004,0,0,0,converged; residual=3.3088145071144584e-10
inf,20,diagnostic,8,160,139,224.718201250905,9.94031598419416e-22,9.94031598419416e-22,9.94031598419416e-22,4.74547098007372e-06,0.999989455693824,0.999994682160731,1,0,1,0,0,cond_kinetic: measured=4.7454709800737197e-06 threshold=>=0.5; cond_strain: measured=0.99998945569382391 threshold=<=0.5; cond_mac: measured=9.9403159841941624e-22 threshold=>=0.80000000000000004,0,0,0,converged; residual=1.6668691751085984e-10
inf,20,diagnostic,8,160,140,225.436651331784,8.76226772591599e-05,8.76226772591599e-05,8.76226772591599e-05,0.000307271060324938,0.999787368384105,0.999662286692191,1,0,1,0,0,cond_kinetic: measured=0.0003072710603249375 threshold=>=0.5; cond_strain: measured=0.99978736838410476 threshold=<=0.5; cond_mac: measured=8.7622677259159882e-05 threshold=>=0.80000000000000004,0,0,0,converged; residual=3.9367675716910021e-10
inf,20,diagnostic,8,160,141,226.589139372812,6.55536115377167e-20,6.55536115377167e-20,6.55536115377167e-20,0.000943710768311882,0.999154144298222,0.998947928963237,1,0,1,0,0,cond_kinetic: measured=0.00094371076831188249 threshold=>=0.5; cond_strain: measured=0.99915414429822225 threshold=<=0.5; cond_mac: measured=6.5553611537716656e-20 threshold=>=0.80000000000000004,0,0,0,converged; residual=4.7982103963460556e-10
inf,20,diagnostic,8,160,142,226.910506288045,2.20722143548581e-20,2.20722143548581e-20,2.20722143548581e-20,5.97549792050536e-06,0.999978475584282,0.999993921175428,1,0,1,0,0,cond_kinetic: measured=5.9754979205053558e-06 threshold=>=0.5; cond_strain: measured=0.99997847558428177 threshold=<=0.5; cond_mac: measured=2.2072214354858101e-20 threshold=>=0.80000000000000004,0,0,0,converged; residual=1.5706334905049554e-10
inf,20,diagnostic,8,160,143,227.406475015653,0.000231354645445907,0.000231354645445907,0.000231354645445907,0.000851844351453199,0.999464577358743,0.999065867535096,1,0,1,0,0,cond_kinetic: measured=0.00085184435145319926 threshold=>=0.5; cond_strain: measured=0.99946457735874317 threshold=<=0.5; cond_mac: measured=0.00023135464544590654 threshold=>=0.80000000000000004,0,0,0,converged; residual=5.8222533528619774e-10
inf,20,diagnostic,8,160,144,227.592932231839,2.05781640691437e-19,2.05781640691437e-19,2.05781640691437e-19,2.58900143301579e-07,0.999998231996737,0.999999736927394,1,0,1,0,0,cond_kinetic: measured=2.5890014330157921e-07 threshold=>=0.5; cond_strain: measured=0.99999823199673732 threshold=<=0.5; cond_mac: measured=2.0578164069143744e-19 threshold=>=0.80000000000000004,0,0,0,converged; residual=1.7341812375855894e-10
inf,20,diagnostic,8,160,145,228.21897180049,2.27898087265964e-20,2.27898087265964e-20,2.27898087265964e-20,0.000760524936602244,0.999330351145693,0.99915210752163,1,0,1,0,0,cond_kinetic: measured=0.00076052493660224438 threshold=>=0.5; cond_strain: measured=0.99933035114569302 threshold=<=0.5; cond_mac: measured=2.278980872659641e-20 threshold=>=0.80000000000000004,0,0,0,converged; residual=4.974634461060142e-10
inf,20,diagnostic,8,160,146,228.291770402898,5.63777152940871e-07,5.63777152940871e-07,5.63777152940871e-07,2.47086461416661e-06,0.999991663729058,0.999997351314341,1,0,1,0,0,cond_kinetic: measured=2.4708646141666149e-06 threshold=>=0.5; cond_strain: measured=0.99999166372905801 threshold=<=0.5; cond_mac: measured=5.6377715294087078e-07 threshold=>=0.80000000000000004,0,0,0,converged; residual=2.0097409078865491e-10
inf,20,diagnostic,8,160,147,228.292153322225,2.60852918393469e-15,2.60852918393469e-15,2.60852918393469e-15,2.36802493018592e-05,0.999972736759158,0.99997368393731,1,0,1,0,0,cond_kinetic: measured=2.368024930185923e-05 threshold=>=0.5; cond_strain: measured=0.99997273675915765 threshold=<=0.5; cond_mac: measured=2.6085291839346875e-15 threshold=>=0.80000000000000004,0,0,0,converged; residual=3.1868419233188112e-10
inf,20,diagnostic,8,160,148,229.880001446841,2.18999114788649e-12,2.18999114788649e-12,2.18999114788649e-12,1.14632045410939e-09,0.999999683318425,0.99999999875283,1,0,1,0,0,cond_kinetic: measured=1.1463204541093944e-09 threshold=>=0.5; cond_strain: measured=0.99999968331842537 threshold=<=0.5; cond_mac: measured=2.1899911478864912e-12 threshold=>=0.80000000000000004,0,0,0,converged; residual=2.3363195257761432e-10
inf,20,diagnostic,8,160,149,229.880001598093,1.06022303920073e-12,1.06022303920073e-12,1.06022303920073e-12,1.03247085427954e-09,0.999999684770145,0.999999998908052,1,0,1,0,0,cond_kinetic: measured=1.032470854279535e-09 threshold=>=0.5; cond_strain: measured=0.99999968477014456 threshold=<=0.5; cond_mac: measured=1.0602230392007324e-12 threshold=>=0.80000000000000004,0,0,0,converged; residual=3.2537137796478076e-10
inf,20,diagnostic,8,160,150,229.880010208335,6.22746819153305e-08,6.22746819153305e-08,6.22746819153305e-08,2.65516026469538e-07,0.999999476917917,0.999999715851508,1,0,1,0,0,cond_kinetic: measured=2.6551602646953762e-07 threshold=>=0.5; cond_strain: measured=0.9999994769179168 threshold=<=0.5; cond_mac: measured=6.2274681915330472e-08 threshold=>=0.80000000000000004,0,0,0,converged; residual=2.4800437477795828e-10
inf,20,diagnostic,8,160,151,229.880043222495,4.18070293201482e-15,4.18070293201482e-15,4.18070293201482e-15,1.63007810259145e-06,0.99999824468232,0.999998190511949,1,0,1,0,0,cond_kinetic: measured=1.6300781025914452e-06 threshold=>=0.5; cond_strain: measured=0.99999824468232013 threshold=<=0.5; cond_mac: measured=4.1807029320148223e-15 threshold=>=0.80000000000000004,0,0,0,converged; residual=3.9696919376116836e-10
inf,20,diagnostic,8,160,152,230.113104606116,6.25991018226643e-06,6.25991018226643e-06,6.25991018226643e-06,2.38343533546334e-05,0.999964681358983,0.999973524017267,1,0,1,0,0,cond_kinetic: measured=2.3834353354633377e-05 threshold=>=0.5; cond_strain: measured=0.99996468135898309 threshold=<=0.5; cond_mac: measured=6.2599101822664298e-06 threshold=>=0.80000000000000004,0,0,0,converged; residual=2.4101583735786005e-10
inf,20,diagnostic,8,160,153,230.673808854927,3.48740644521731e-05,3.48740644521731e-05,3.48740644521731e-05,0.000136022096360417,0.999907683055889,0.999850544851965,1,0,1,0,0,cond_kinetic: measured=0.00013602209636041684 threshold=>=0.5; cond_strain: measured=0.99990768305588928 threshold=<=0.5; cond_mac: measured=3.4874064452173103e-05 threshold=>=0.80000000000000004,0,0,0,converged; residual=3.729446106795824e-10
inf,20,diagnostic,8,160,154,231.196238199433,3.02942222949065e-20,3.02942222949065e-20,3.02942222949065e-20,3.26278529112209e-05,0.999967451378078,0.999963636645882,1,0,1,0,0,cond_kinetic: measured=3.2627852911220862e-05 threshold=>=0.5; cond_strain: measured=0.9999674513780783 threshold=<=0.5; cond_mac: measured=3.0294222294906487e-20 threshold=>=0.80000000000000004,0,0,0,converged; residual=2.1796317077618642e-10
inf,20,diagnostic,8,160,155,231.520928814369,2.07502998326103e-13,2.07502998326103e-13,2.07502998326103e-13,7.39690372134397e-09,0.999999608198275,0.99999999193352,1,0,1,0,0,cond_kinetic: measured=7.3969037213439737e-09 threshold=>=0.5; cond_strain: measured=0.99999960819827549 threshold=<=0.5; cond_mac: measured=2.0750299832610288e-13 threshold=>=0.80000000000000004,0,0,0,converged; residual=2.6911811266455333e-10
inf,20,diagnostic,8,160,156,231.520932115776,3.91948311661456e-14,3.91948311661456e-14,3.91948311661456e-14,1.11689709128593e-09,0.999999643558628,0.999999998810591,1,0,1,0,0,cond_kinetic: measured=1.1168970912859298e-09 threshold=>=0.5; cond_strain: measured=0.99999964355862803 threshold=<=0.5; cond_mac: measured=3.9194831166145582e-14 threshold=>=0.80000000000000004,0,0,0,converged; residual=2.1654839810859293e-10
inf,20,diagnostic,8,160,157,231.52099326689,3.23654034803766e-07,3.23654034803766e-07,3.23654034803766e-07,1.37329466778646e-06,0.999998722770388,0.999998530284226,1,0,1,0,0,cond_kinetic: measured=1.3732946677864577e-06 threshold=>=0.5; cond_strain: measured=0.99999872277038782 threshold=<=0.5; cond_mac: measured=3.236540348037657e-07 threshold=>=0.80000000000000004,0,0,0,converged; residual=3.5588039207103686e-10
inf,20,diagnostic,8,160,158,231.521141783035,1.10330426767245e-16,1.10330426767245e-16,1.10330426767245e-16,7.26338334650665e-06,0.999993407459085,0.999991937967423,1,0,1,0,0,cond_kinetic: measured=7.263383346506647e-06 threshold=>=0.5; cond_strain: measured=0.9999934074590846 threshold=<=0.5; cond_mac: measured=1.1033042676724529e-16 threshold=>=0.80000000000000004,0,0,0,converged; residual=2.2620271087156754e-10
inf,20,diagnostic,8,160,159,231.998927935763,3.35233087771576e-22,3.35233087771576e-22,3.35233087771576e-22,1.20581574647079e-07,0.999997129227967,0.999999869556736,1,0,1,0,0,cond_kinetic: measured=1.2058157464707931e-07 threshold=>=0.5; cond_strain: measured=0.99999712922796657 threshold=<=0.5; cond_mac: measured=3.3523308777157557e-22 threshold=>=0.80000000000000004,0,0,0,converged; residual=1.9105436479453685e-10
inf,20,diagnostic,8,160,160,232.266486680329,3.79502573619003e-22,3.79502573619003e-22,3.79502573619003e-22,1.21044959491776e-05,0.999983032231803,0.999986493451837,1,0,1,0,0,cond_kinetic: measured=1.2104495949177596e-05 threshold=>=0.5; cond_strain: measured=0.99998303223180285 threshold=<=0.5; cond_mac: measured=3.7950257361900302e-22 threshold=>=0.80000000000000004,0,0,0,converged; residual=2.3484273822203105e-10
inf,25,diagnostic,9,160,1,44.5660557396027,5.51410928229776e-26,5.51410928229776e-26,5.51410928229776e-26,2.38241432799084e-10,0.999999736266405,0.999999999750957,1,0,1,0,0,cond_kinetic: measured=2.3824143279908376e-10 threshold=>=0.5; cond_strain: measured=0.99999973626640482 threshold=<=0.5; cond_mac: measured=5.514109282297764e-26 threshold=>=0.80000000000000004,0,0,0,converged; residual=6.8946372543025502e-09
inf,25,diagnostic,9,160,2,44.5660563532636,3.78844297892447e-27,3.78844297892447e-27,3.78844297892447e-27,3.582286686489e-11,0.999999764013013,0.999999999961876,1,0,1,0,0,cond_kinetic: measured=3.5822866864889979e-11 threshold=>=0.5; cond_strain: measured=0.99999976401301305 threshold=<=0.5; cond_mac: measured=3.7884429789244658e-27 threshold=>=0.80000000000000004,0,0,0,converged; residual=7.2745035154194783e-09
inf,25,diagnostic,9,160,3,52.351372660151,3.20068448656768e-07,3.20068448656768e-07,3.20068448656768e-07,3.76837248300592e-09,0.99999956551783,0.999999996102109,1,0,1,0,0,cond_kinetic: measured=3.7683724830059191e-09 threshold=>=0.5; cond_strain: measured=0.99999956551783031 threshold=<=0.5; cond_mac: measured=3.2006844865676824e-07 threshold=>=0.80000000000000004,0,0,0,converged; residual=5.9669918864035409e-09
inf,25,diagnostic,9,160,4,52.3513729690872,5.6151374443253e-11,5.6151374443253e-11,5.6151374443253e-11,1.35715301334432e-09,0.999999579818027,0.999999998588364,1,0,1,0,0,cond_kinetic: measured=1.3571530133443241e-09 threshold=>=0.5; cond_strain: measured=0.99999957981802712 threshold=<=0.5; cond_mac: measured=5.6151374443252983e-11 threshold=>=0.80000000000000004,0,0,0,converged; residual=5.6032305017865311e-09
inf,25,diagnostic,9,160,5,76.375318136887,2.20383134278072e-06,2.20383134278072e-06,2.20383134278072e-06,1.01946815020776e-07,0.99999904240105,0.999999894614375,1,0,1,0,0,cond_kinetic: measured=1.0194681502077554e-07 threshold=>=0.5; cond_strain: measured=0.99999904240104953 threshold=<=0.5; cond_mac: measured=2.2038313427807204e-06 threshold=>=0.80000000000000004,0,0,0,converged; residual=4.0500297235202333e-09
inf,25,diagnostic,9,160,6,76.3753229163262,7.4324596435278e-13,7.4324596435278e-13,7.4324596435278e-13,3.60865183927705e-08,0.999999235928364,0.999999962500525,1,0,1,0,0,cond_kinetic: measured=3.6086518392770451e-08 threshold=>=0.5; cond_strain: measured=0.99999923592836437 threshold=<=0.5; cond_mac: measured=7.4324596435278025e-13 threshold=>=0.80000000000000004,0,0,0,converged; residual=3.7026087687172492e-09
inf,25,diagnostic,9,160,7,78.8600963536106,3.04849504542993e-24,3.04849504542993e-24,3.04849504542993e-24,1.0268539320173e-10,0.999999496377482,0.999999999891227,1,0,1,0,0,cond_kinetic: measured=1.026853932017301e-10 threshold=>=0.5; cond_strain: measured=0.99999949637748176 threshold=<=0.5; cond_mac: measured=3.0484950454299303e-24 threshold=>=0.80000000000000004,0,0,0,converged; residual=1.7236002023380783e-09
inf,25,diagnostic,9,160,8,78.8600964470776,2.00922932321513e-25,2.00922932321513e-25,2.00922932321513e-25,7.14886398978319e-11,0.999999498763651,0.999999999924479,1,0,1,0,0,cond_kinetic: measured=7.1488639897831853e-11 threshold=>=0.5; cond_strain: measured=0.9999994987636508 threshold=<=0.5; cond_mac: measured=2.0092293232151324e-25 threshold=>=0.80000000000000004,0,0,0,converged; residual=1.7075051917357662e-09
inf,25,diagnostic,9,160,9,100.445862297301,7.46624837188937e-07,7.46624837188937e-07,7.46624837188937e-07,1.10219729656602e-07,0.999999032339095,0.999999886121198,1,0,1,0,0,cond_kinetic: measured=1.1021972965660194e-07 threshold=>=0.5; cond_strain: measured=0.9999990323390946 threshold=<=0.5; cond_mac: measured=7.4662483718893691e-07 threshold=>=0.80000000000000004,0,0,0,converged; residual=1.986153554329906e-09
inf,25,diagnostic,9,160,10,100.445866355378,5.80265650171427e-14,5.80265650171427e-14,5.80265650171427e-14,2.82311469413211e-08,0.999999198301131,0.999999970672076,1,0,1,0,0,cond_kinetic: measured=2.8231146941321098e-08 threshold=>=0.5; cond_strain: measured=0.9999991983011306 threshold=<=0.5; cond_mac: measured=5.8026565017142742e-14 threshold=>=0.80000000000000004,0,0,0,converged; residual=1.7060143962615563e-09
inf,25,diagnostic,9,160,11,109.809546607325,1.9873242469339e-24,1.9873242469339e-24,1.9873242469339e-24,6.17267418602784e-09,0.999999375980897,0.999999993543626,1,0,1,0,0,cond_kinetic: measured=6.1726741860278371e-09 threshold=>=0.5; cond_strain: measured=0.99999937598089705 threshold=<=0.5; cond_mac: measured=1.987324246933902e-24 threshold=>=0.80000000000000004,0,0,0,converged; residual=1.1591812055347502e-09
inf,25,diagnostic,9,160,12,109.809552550087,2.05595484190997e-26,2.05595484190997e-26,2.05595484190997e-26,1.26052356964046e-09,0.999999489419675,0.999999998667755,1,0,1,0,0,cond_kinetic: measured=1.2605235696404607e-09 threshold=>=0.5; cond_strain: measured=0.99999948941967498 threshold=<=0.5; cond_mac: measured=2.0559548419099689e-26 threshold=>=0.80000000000000004,0,0,0,converged; residual=1.0208567886045284e-09
inf,25,diagnostic,9,160,13,110.495514871551,1.29796501989147e-22,1.29796501989147e-22,1.29796501989147e-22,5.88536340204419e-08,0.999996894956971,0.999999938522716,1,0,1,0,0,cond_kinetic: measured=5.8853634020441944e-08 threshold=>=0.5; cond_strain: measured=0.99999689495697064 threshold=<=0.5; cond_mac: measured=1.2979650198914731e-22 threshold=>=0.80000000000000004,0,0,0,converged; residual=2.800730877214963e-09
inf,25,diagnostic,9,160,14,110.495582920348,3.14132211888442e-22,3.14132211888442e-22,3.14132211888442e-22,7.18607711946619e-09,0.999998181158696,0.999999992492188,1,0,1,0,0,cond_kinetic: measured=7.1860771194661923e-09 threshold=>=0.5; cond_strain: measured=0.99999818115869554 threshold=<=0.5; cond_mac: measured=3.1413221188844183e-22 threshold=>=0.80000000000000004,0,0,0,converged; residual=1.8837976234891618e-09
inf,25,diagnostic,9,160,15,129.47458169384,4.10448472373225e-24,4.10448472373225e-24,4.10448472373225e-24,9.24122165413895e-07,0.999974959811515,0.999999040269452,1,0,1,0,0,cond_kinetic: measured=9.2412216541389504e-07 threshold=>=0.5; cond_strain: measured=0.9999749598115153 threshold=<=0.5; cond_mac: measured=4.1044847237322508e-24 threshold=>=0.80000000000000004,0,0,0,converged; residual=2.0830302159767678e-09
inf,25,diagnostic,9,160,16,129.554296601305,2.21372049248882e-24,2.21372049248882e-24,2.21372049248882e-24,2.45811387696608e-06,0.999977611770169,0.999997486976656,1,0,1,0,0,cond_kinetic: measured=2.458113876966084e-06 threshold=>=0.5; cond_strain: measured=0.99997761177016908 threshold=<=0.5; cond_mac: measured=2.2137204924888207e-24 threshold=>=0.80000000000000004,0,0,0,converged; residual=7.6275160528271202e-10
inf,25,diagnostic,9,160,17,129.87283873162,4.80769840719169e-26,4.80769840719169e-26,4.80769840719169e-26,1.12236376146702e-09,0.999999273915308,0.999999998819435,1,0,1,0,0,cond_kinetic: measured=1.1223637614670185e-09 threshold=>=0.5; cond_strain: measured=0.99999927391530841 threshold=<=0.5; cond_mac: measured=4.8076984071916911e-26 threshold=>=0.80000000000000004,0,0,0,converged; residual=5.8421750023970392e-10
inf,25,diagnostic,9,160,18,129.872839428195,3.89235953694634e-26,3.89235953694634e-26,3.89235953694634e-26,6.11093390285213e-10,0.999999285136345,0.999999999358572,1,0,1,0,0,cond_kinetic: measured=6.1109339028521333e-10 threshold=>=0.5; cond_strain: measured=0.99999928513634451 threshold=<=0.5; cond_mac: measured=3.8923595369463437e-26 threshold=>=0.80000000000000004,0,0,0,converged; residual=5.5794365765019971e-10
inf,25,diagnostic,9,160,19,130.120041291475,1.20794591651155e-05,1.20794591651155e-05,1.20794591651155e-05,4.61000688340826e-06,0.999990623025035,0.999995242596855,1,0,1,0,0,cond_kinetic: measured=4.6100068834082635e-06 threshold=>=0.5; cond_strain: measured=0.99999062302503483 threshold=<=0.5; cond_mac: measured=1.2079459165115513e-05 threshold=>=0.80000000000000004,0,0,0,converged; residual=9.3646729428099416e-10
inf,25,diagnostic,9,160,20,130.120130400963,1.14951538064607e-11,1.14951538064607e-11,1.14951538064607e-11,6.89767777806407e-07,0.999996064247712,0.9999992848267,1,0,1,0,0,cond_kinetic: measured=6.8976777780640676e-07 threshold=>=0.5; cond_strain: measured=0.99999606424771215 threshold=<=0.5; cond_mac: measured=1.1495153806460686e-11 threshold=>=0.80000000000000004,0,0,0,converged; residual=5.0226125230687631e-10
inf,25,diagnostic,9,160,21,132.942153619491,3.26124935201985e-22,3.26124935201985e-22,3.26124935201985e-22,1.09879136693187e-07,0.999992627459958,0.999999887616762,1,0,1,0,0,cond_kinetic: measured=1.0987913669318746e-07 threshold=>=0.5; cond_strain: measured=0.99999262745995832 threshold=<=0.5; cond_mac: measured=3.2612493520198466e-22 threshold=>=0.80000000000000004,0,0,0,converged; residual=9.5547739328384442e-10
inf,25,diagnostic,9,160,22,133.168164832357,5.4458205434193e-23,5.4458205434193e-23,5.4458205434193e-23,1.27938415949248e-08,0.999994593424578,0.999999986747518,1,0,1,0,0,cond_kinetic: measured=1.2793841594924765e-08 threshold=>=0.5; cond_strain: measured=0.99999459342457842 threshold=<=0.5; cond_mac: measured=5.445820543419299e-23 threshold=>=0.80000000000000004,0,0,0,converged; residual=6.0251319272839886e-10
inf,25,diagnostic,9,160,23,135.710322368559,1.53475532874545e-18,1.53475532874545e-18,1.53475532874545e-18,1.67422321981649e-05,0.999947357099791,0.999982676670239,1,0,1,0,0,cond_kinetic: measured=1.6742232198164914e-05 threshold=>=0.5; cond_strain: measured=0.99994735709979066 threshold=<=0.5; cond_mac: measured=1.5347553287454508e-18 threshold=>=0.80000000000000004,0,0,0,converged; residual=5.4989748707788473e-10
inf,25,diagnostic,9,160,24,135.769719967655,5.15146298612645e-06,5.15146298612645e-06,5.15146298612645e-06,3.49457664835789e-06,0.999981928724662,0.999996412455319,1,0,1,0,0,cond_kinetic: measured=3.4945766483578913e-06 threshold=>=0.5; cond_strain: measured=0.99998192872466218 threshold=<=0.5; cond_mac: measured=5.1514629861264535e-06 threshold=>=0.80000000000000004,0,0,0,converged; residual=6.3263939798620214e-10
inf,25,diagnostic,9,160,25,136.251301302152,4.92651735438559e-06,4.92651735438559e-06,4.92651735438559e-06,2.37166866425102e-06,0.999995867470202,0.999997552237318,1,0,1,0,0,cond_kinetic: measured=2.3716686642510156e-06 threshold=>=0.5; cond_strain: measured=0.99999586747020197 threshold=<=0.5; cond_mac: measured=4.9265173543855908e-06 threshold=>=0.80000000000000004,0,0,0,converged; residual=9.6398476095321535e-10
inf,25,diagnostic,9,160,26,136.251343290528,1.17817443182589e-14,1.17817443182589e-14,1.17817443182589e-14,2.45841189986967e-07,0.999998693520813,0.999999744818212,1,0,1,0,0,cond_kinetic: measured=2.4584118998696725e-07 threshold=>=0.5; cond_strain: measured=0.99999869352081305 threshold=<=0.5; cond_mac: measured=1.17817443182589e-14 threshold=>=0.80000000000000004,0,0,0,converged; residual=6.9075365068628295e-10
inf,25,diagnostic,9,160,27,138.04003205197,4.27488535867403e-21,4.27488535867403e-21,4.27488535867403e-21,3.83080064007565e-08,0.999998759842968,0.999999960752919,1,0,1,0,0,cond_kinetic: measured=3.8308006400756483e-08 threshold=>=0.5; cond_strain: measured=0.99999875984296793 threshold=<=0.5; cond_mac: measured=4.2748853586740329e-21 threshold=>=0.80000000000000004,0,0,0,converged; residual=6.306926266279043e-10
inf,25,diagnostic,9,160,28,138.040037074605,7.45043502960149e-23,7.45043502960149e-23,7.45043502960149e-23,7.55102541433195e-09,0.999998863037057,0.999999992186106,1,0,1,0,0,cond_kinetic: measured=7.5510254143319454e-09 threshold=>=0.5; cond_strain: measured=0.9999988630370571 threshold=<=0.5; cond_mac: measured=7.4504350296014934e-23 threshold=>=0.80000000000000004,0,0,0,converged; residual=6.8778521252111584e-10
inf,25,diagnostic,9,160,29,138.95609973354,8.61305466663894e-22,8.61305466663894e-22,8.61305466663894e-22,1.91592384086231e-07,0.999992812964869,0.999999802582663,1,0,1,0,0,cond_kinetic: measured=1.9159238408623095e-07 threshold=>=0.5; cond_strain: measured=0.99999281296486897 threshold=<=0.5; cond_mac: measured=8.6130546666389363e-22 threshold=>=0.80000000000000004,0,0,0,converged; residual=1.0723379150435169e-09
inf,25,diagnostic,9,160,30,140.706087799702,1.00524238588533e-21,1.00524238588533e-21,1.00524238588533e-21,1.35227883546246e-08,0.999996856257258,0.999999986053871,1,0,1,0,0,cond_kinetic: measured=1.3522788354624604e-08 threshold=>=0.5; cond_strain: measured=0.9999968562572582 threshold=<=0.5; cond_mac: measured=1.0052423858853315e-21 threshold=>=0.80000000000000004,0,0,0,converged; residual=5.1036846285531791e-10
inf,25,diagnostic,9,160,31,141.442689480659,9.38813100995698e-19,9.38813100995698e-19,9.38813100995698e-19,4.05319166463369e-06,0.999983699141235,0.999995810953345,1,0,1,0,0,cond_kinetic: measured=4.053191664633694e-06 threshold=>=0.5; cond_strain: measured=0.99998369914123464 threshold=<=0.5; cond_mac: measured=9.3881310099569847e-19 threshold=>=0.80000000000000004,0,0,0,converged; residual=4.971219331031492e-10
inf,25,diagnostic,9,160,32,141.653637696991,1.5357252406161e-05,1.5357252406161e-05,1.5357252406161e-05,9.349642690547e-06,0.999981494627051,0.999990365666174,1,0,1,0,0,cond_kinetic: measured=9.3496426905469994e-06 threshold=>=0.5; cond_strain: measured=0.99998149462705133 threshold=<=0.5; cond_mac: measured=1.5357252406161004e-05 threshold=>=0.80000000000000004,0,0,0,converged; residual=7.2713445366347821e-10
inf,25,diagnostic,9,160,33,144.796817285623,1.33071400208673e-20,1.33071400208673e-20,1.33071400208673e-20,8.05865646588951e-06,0.999977170090933,0.999991666022195,1,0,1,0,0,cond_kinetic: measured=8.0586564658895078e-06 threshold=>=0.5; cond_strain: measured=0.99997717009093257 threshold=<=0.5; cond_mac: measured=1.3307140020867302e-20 threshold=>=0.80000000000000004,0,0,0,converged; residual=4.3235792318236889e-10
inf,25,diagnostic,9,160,34,145.108530292964,9.38934600518329e-23,9.38934600518329e-23,9.38934600518329e-23,5.52650775579852e-08,0.999997370373066,0.999999942934918,1,0,1,0,0,cond_kinetic: measured=5.5265077557985204e-08 threshold=>=0.5; cond_strain: measured=0.9999973703730658 threshold=<=0.5; cond_mac: measured=9.3893460051832851e-23 threshold=>=0.80000000000000004,0,0,0,converged; residual=6.4471825877140759e-10
inf,25,diagnostic,9,160,35,146.074007834191,3.36152384546276e-06,3.36152384546276e-06,3.36152384546276e-06,2.37088462995886e-06,0.999993306679424,0.999997557539508,1,0,1,0,0,cond_kinetic: measured=2.3708846299588587e-06 threshold=>=0.5; cond_strain: measured=0.9999933066794241 threshold=<=0.5; cond_mac: measured=3.3615238454627552e-06 threshold=>=0.80000000000000004,0,0,0,converged; residual=5.0506332042182646e-10
inf,25,diagnostic,9,160,36,147.674979888709,0.00107341440967138,0.00107341440967138,0.00107341440967138,0.000733012669345926,0.999093157467985,0.999243871672069,1,0,1,0,0,cond_kinetic: measured=0.00073301266934592581 threshold=>=0.5; cond_strain: measured=0.99909315746798499 threshold=<=0.5; cond_mac: measured=0.0010734144096713764 threshold=>=0.80000000000000004,0,0,0,converged; residual=1.5944141605862837e-09
inf,25,diagnostic,9,160,37,147.683009971428,1.27840614005792e-13,1.27840614005792e-13,1.27840614005792e-13,2.99589475181374e-05,0.999932225109061,0.999968946833546,1,0,1,0,0,cond_kinetic: measured=2.9958947518137407e-05 threshold=>=0.5; cond_strain: measured=0.99993222510906099 threshold=<=0.5; cond_mac: measured=1.278406140057918e-13 threshold=>=0.80000000000000004,0,0,0,converged; residual=5.6924841307454247e-10
inf,25,diagnostic,9,160,38,148.012496307094,1.06609728644937e-22,1.06609728644937e-22,1.06609728644937e-22,8.17638542619853e-08,0.999997936844764,0.999999916351775,1,0,1,0,0,cond_kinetic: measured=8.1763854261985282e-08 threshold=>=0.5; cond_strain: measured=0.99999793684476357 threshold=<=0.5; cond_mac: measured=1.066097286449374e-22 threshold=>=0.80000000000000004,0,0,0,converged; residual=4.6082264751507182e-10
inf,25,diagnostic,9,160,39,149.578188280471,3.88595245413492e-20,3.88595245413492e-20,3.88595245413492e-20,2.34561386414621e-06,0.999993115308143,0.999997573831425,1,0,1,0,0,cond_kinetic: measured=2.3456138641462139e-06 threshold=>=0.5; cond_strain: measured=0.99999311530814305 threshold=<=0.5; cond_mac: measured=3.8859524541349154e-20 threshold=>=0.80000000000000004,0,0,0,converged; residual=4.5637472182902525e-10
inf,25,diagnostic,9,160,40,151.76592170022,1.66564017602087e-05,1.66564017602087e-05,1.66564017602087e-05,1.29923585152629e-05,0.999983217657372,0.99998660964022,1,0,1,0,0,cond_kinetic: measured=1.2992358515262906e-05 threshold=>=0.5; cond_strain: measured=0.99998321765737208 threshold=<=0.5; cond_mac: measured=1.6656401760208687e-05 threshold=>=0.80000000000000004,0,0,0,converged; residual=6.1547279012625947e-10
inf,25,diagnostic,9,160,41,153.670417093034,1.0754202673201e-21,1.0754202673201e-21,1.0754202673201e-21,6.82543519809213e-09,0.999998156469698,0.999999992920857,1,0,1,0,0,cond_kinetic: measured=6.8254351980921307e-09 threshold=>=0.5; cond_strain: measured=0.99999815646969847 threshold=<=0.5; cond_mac: measured=1.0754202673200968e-21 threshold=>=0.80000000000000004,0,0,0,converged; residual=4.9990589934077791e-10
inf,25,diagnostic,9,160,42,156.340392172307,6.78925643456501e-20,6.78925643456501e-20,6.78925643456501e-20,1.15314197310702e-07,0.99999813421417,0.999999880810076,1,0,1,0,0,cond_kinetic: measured=1.1531419731070187e-07 threshold=>=0.5; cond_strain: measured=0.99999813421416972 threshold=<=0.5; cond_mac: measured=6.7892564345650093e-20 threshold=>=0.80000000000000004,0,0,0,converged; residual=3.4813057346487132e-10
inf,25,diagnostic,9,160,43,156.383641513328,1.44951794229563e-05,1.44951794229563e-05,1.44951794229563e-05,1.25386629807234e-05,0.999985616817934,0.99998706751363,1,0,1,0,0,cond_kinetic: measured=1.2538662980723429e-05 threshold=>=0.5; cond_strain: measured=0.9999856168179343 threshold=<=0.5; cond_mac: measured=1.4495179422956299e-05 threshold=>=0.80000000000000004,0,0,0,converged; residual=6.2958779734866064e-10
inf,25,diagnostic,9,160,44,156.383694757904,2.29050909604601e-14,2.29050909604601e-14,2.29050909604601e-14,6.77155814607169e-08,0.999999253907934,0.999999929723233,1,0,1,0,0,cond_kinetic: measured=6.7715581460716941e-08 threshold=>=0.5; cond_strain: measured=0.99999925390793443 threshold=<=0.5; cond_mac: measured=2.2905090960460121e-14 threshold=>=0.80000000000000004,0,0,0,converged; residual=3.8641097118057289e-10
inf,25,diagnostic,9,160,45,156.758832490415,9.51531581142319e-23,9.51531581142319e-23,9.51531581142319e-23,3.96459805162278e-08,0.999998572385809,0.999999959437678,1,0,1,0,0,cond_kinetic: measured=3.964598051622778e-08 threshold=>=0.5; cond_strain: measured=0.99999857238580914 threshold=<=0.5; cond_mac: measured=9.515315811423191e-23 threshold=>=0.80000000000000004,0,0,0,converged; residual=4.5108898438836701e-10
inf,25,diagnostic,9,160,46,158.779893462735,0.000102209359862875,0.000102209359862875,0.000102209359862875,9.37101673038198e-05,0.999898880569755,0.999903367980481,1,0,1,0,0,cond_kinetic: measured=9.3710167303819801e-05 threshold=>=0.5; cond_strain: measured=0.99989888056975507 threshold=<=0.5; cond_mac: measured=0.00010220935986287454 threshold=>=0.80000000000000004,0,0,0,converged; residual=5.2610027659804455e-10
inf,25,diagnostic,9,160,47,159.902979172594,0.0199870599651324,0.0199870599651324,0.0199870599651324,0.0188330663183155,0.980225026780753,0.980578422253204,1,0,1,0,0,cond_kinetic: measured=0.018833066318315543 threshold=>=0.5; cond_strain: measured=0.98022502678075263 threshold=<=0.5; cond_mac: measured=0.019987059965132354 threshold=>=0.80000000000000004,0,0,0,converged; residual=7.115417683765401e-10
inf,25,diagnostic,9,160,48,159.919722470342,1.97046261862695e-12,1.97046261862695e-12,1.97046261862695e-12,5.05726632070923e-06,0.999989417175954,0.999994758366085,1,0,1,0,0,cond_kinetic: measured=5.0572663207092322e-06 threshold=>=0.5; cond_strain: measured=0.99998941717595413 threshold=<=0.5; cond_mac: measured=1.9704626186269522e-12 threshold=>=0.80000000000000004,0,0,0,converged; residual=4.3498295893115044e-10
inf,25,diagnostic,9,160,49,160.770004231836,0.977528845011125,0.977528845011125,0.977528845011125,0.941181050427319,0.0224669696707284,0.0294291126330422,1,1,1,1,1,,1,1,0,converged; residual=6.877463632157139e-10
inf,25,diagnostic,9,160,50,162.586419397065,5.71267013905417e-20,5.71267013905417e-20,5.71267013905417e-20,1.52586115458258e-09,0.999999256900181,0.999999998434672,1,0,1,0,0,cond_kinetic: measured=1.5258611545825848e-09 threshold=>=0.5; cond_strain: measured=0.99999925690018132 threshold=<=0.5; cond_mac: measured=5.7126701390541719e-20 threshold=>=0.80000000000000004,0,0,0,converged; residual=4.0226520890483485e-10
inf,25,diagnostic,9,160,51,163.731533704293,5.25478909283329e-20,5.25478909283329e-20,5.25478909283329e-20,2.92392438636229e-08,0.99999921399882,0.999999969762261,1,0,1,0,0,cond_kinetic: measured=2.9239243863622941e-08 threshold=>=0.5; cond_strain: measured=0.9999992139988203 threshold=<=0.5; cond_mac: measured=5.2547890928332901e-20 threshold=>=0.80000000000000004,0,0,0,converged; residual=4.3003530390359864e-10
inf,25,diagnostic,9,160,52,166.299907594823,5.87853016665112e-23,5.87853016665112e-23,5.87853016665112e-23,6.99713342496369e-09,0.999999281176869,0.999999992830427,1,0,1,0,0,cond_kinetic: measured=6.9971334249636864e-09 threshold=>=0.5; cond_strain: measured=0.9999992811768692 threshold=<=0.5; cond_mac: measured=5.8785301666511178e-23 threshold=>=0.80000000000000004,0,0,0,converged; residual=3.4939257219748429e-10
inf,25,diagnostic,9,160,53,167.196154602011,1.33422834823431e-05,1.33422834823431e-05,1.33422834823431e-05,1.49921799912194e-05,0.999985005400918,0.999984537579882,1,0,1,0,0,cond_kinetic: measured=1.4992179991219444e-05 threshold=>=0.5; cond_strain: measured=0.99998500540091817 threshold=<=0.5; cond_mac: measured=1.3342283482343069e-05 threshold=>=0.80000000000000004,0,0,0,converged; residual=6.7106241610055932e-10
inf,25,diagnostic,9,160,54,167.915607129387,5.83141307128192e-21,5.83141307128192e-21,5.83141307128192e-21,1.05618655497182e-07,0.999996736922417,0.999999889617207,1,0,1,0,0,cond_kinetic: measured=1.0561865549718178e-07 threshold=>=0.5; cond_strain: measured=0.99999673692241697 threshold=<=0.5; cond_mac: measured=5.8314130712819168e-21 threshold=>=0.80000000000000004,0,0,0,converged; residual=6.0685951082789819e-10
inf,25,diagnostic,9,160,55,167.915659112608,5.78929180006792e-21,5.78929180006792e-21,5.78929180006792e-21,1.41299790736609e-07,0.999997323738594,0.999999855064939,1,0,1,0,0,cond_kinetic: measured=1.4129979073660887e-07 threshold=>=0.5; cond_strain: measured=0.99999732373859374 threshold=<=0.5; cond_mac: measured=5.7892918000679244e-21 threshold=>=0.80000000000000004,0,0,0,converged; residual=4.7271519678546449e-10
inf,25,diagnostic,9,160,56,170.652926351933,1.70579215758063e-22,1.70579215758063e-22,1.70579215758063e-22,2.41086923035173e-09,0.999999163493385,0.99999999747511,1,0,1,0,0,cond_kinetic: measured=2.4108692303517317e-09 threshold=>=0.5; cond_strain: measured=0.99999916349338491 threshold=<=0.5; cond_mac: measured=1.705792157580629e-22 threshold=>=0.80000000000000004,0,0,0,converged; residual=4.3547783143213469e-10
inf,25,diagnostic,9,160,57,171.148889819805,2.68983441157408e-20,2.68983441157408e-20,2.68983441157408e-20,8.22468745529414e-08,0.999999172042806,0.999999914899186,1,0,1,0,0,cond_kinetic: measured=8.2246874552941402e-08 threshold=>=0.5; cond_strain: measured=0.99999917204280642 threshold=<=0.5; cond_mac: measured=2.6898344115740781e-20 threshold=>=0.80000000000000004,0,0,0,converged; residual=3.1107550891102291e-10
inf,25,diagnostic,9,160,58,173.819878418194,1.933604822744e-24,1.933604822744e-24,1.933604822744e-24,1.02967331951978e-08,0.999999453250564,0.999999989230771,1,0,1,0,0,cond_kinetic: measured=1.0296733195197754e-08 threshold=>=0.5; cond_strain: measured=0.99999945325056416 threshold=<=0.5; cond_mac: measured=1.933604822744003e-24 threshold=>=0.80000000000000004,0,0,0,converged; residual=5.0509973985441344e-10
inf,25,diagnostic,9,160,59,173.819884566138,4.89766347641745e-26,4.89766347641745e-26,4.89766347641745e-26,1.84609875855388e-09,0.999999532900246,0.999999998043349,1,0,1,0,0,cond_kinetic: measured=1.8460987585538796e-09 threshold=>=0.5; cond_strain: measured=0.99999953290024635 threshold=<=0.5; cond_mac: measured=4.8976634764174545e-26 threshold=>=0.80000000000000004,0,0,0,converged; residual=7.1097648755770182e-10
inf,25,diagnostic,9,160,60,174.314870414788,5.15122608792204e-21,5.15122608792204e-21,5.15122608792204e-21,4.30025581443547e-08,0.999999212603766,0.999999955997805,1,0,1,0,0,cond_kinetic: measured=4.3002558144354713e-08 threshold=>=0.5; cond_strain: measured=0.99999921260376634 threshold=<=0.5; cond_mac: measured=5.1512260879220377e-21 threshold=>=0.80000000000000004,0,0,0,converged; residual=3.5799128216154478e-10
inf,25,diagnostic,9,160,61,174.438934873543,1.8162270136987e-06,1.8162270136987e-06,1.8162270136987e-06,2.40232517805569e-06,0.999997217565368,0.999997521825525,1,0,1,0,0,cond_kinetic: measured=2.4023251780556898e-06 threshold=>=0.5; cond_strain: measured=0.99999721756536797 threshold=<=0.5; cond_mac: measured=1.8162270136986958e-06 threshold=>=0.80000000000000004,0,0,0,converged; residual=6.0652336210452094e-10
inf,25,diagnostic,9,160,62,176.663555391821,5.91404687574424e-12,5.91404687574424e-12,5.91404687574424e-12,1.42632890481029e-06,0.999996581676146,0.999998522500083,1,0,1,0,0,cond_kinetic: measured=1.4263289048102919e-06 threshold=>=0.5; cond_strain: measured=0.99999658167614569 threshold=<=0.5; cond_mac: measured=5.9140468757442352e-12 threshold=>=0.80000000000000004,0,0,0,converged; residual=3.1109068373622292e-10
inf,25,diagnostic,9,160,63,176.663711172739,4.41200366589234e-06,4.41200366589234e-06,4.41200366589234e-06,6.22017147875887e-06,0.999993372994783,0.999993587303318,1,0,1,0,0,cond_kinetic: measured=6.2201714787588715e-06 threshold=>=0.5; cond_strain: measured=0.99999337299478297 threshold=<=0.5; cond_mac: measured=4.4120036658923445e-06 threshold=>=0.80000000000000004,0,0,0,converged; residual=5.8980351863545446e-10
inf,25,diagnostic,9,160,64,177.72839420424,6.38234734252154e-21,6.38234734252154e-21,6.38234734252154e-21,3.92110055185022e-08,0.999999588963701,0.999999959416845,1,0,1,0,0,cond_kinetic: measured=3.9211005518502204e-08 threshold=>=0.5; cond_strain: measured=0.99999958896370122 threshold=<=0.5; cond_mac: measured=6.3823473425215373e-21 threshold=>=0.80000000000000004,0,0,0,converged; residual=3.5018707287616824e-10
inf,25,diagnostic,9,160,65,178.255096264865,2.70165397354282e-22,2.70165397354282e-22,2.70165397354282e-22,1.32846232648833e-09,0.999999648870559,0.99999999863187,1,0,1,0,0,cond_kinetic: measured=1.3284623264883253e-09 threshold=>=0.5; cond_strain: measured=0.99999964887055859 threshold=<=0.5; cond_mac: measured=2.7016539735428234e-22 threshold=>=0.80000000000000004,0,0,0,converged; residual=3.7669407050906055e-10
inf,25,diagnostic,9,160,66,180.475789628332,5.02736038822022e-24,5.02736038822022e-24,5.02736038822022e-24,1.75051568963199e-07,0.999996161077962,0.999999817034298,1,0,1,0,0,cond_kinetic: measured=1.7505156896319906e-07 threshold=>=0.5; cond_strain: measured=0.99999616107796208 threshold=<=0.5; cond_mac: measured=5.0273603882202199e-24 threshold=>=0.80000000000000004,0,0,0,converged; residual=7.1650204690538755e-10
inf,25,diagnostic,9,160,67,180.475905570255,3.3468234056348e-21,3.3468234056348e-21,3.3468234056348e-21,4.46172359552316e-08,0.999997585849915,0.999999953841165,1,0,1,0,0,cond_kinetic: measured=4.4617235955231587e-08 threshold=>=0.5; cond_strain: measured=0.99999758584991527 threshold=<=0.5; cond_mac: measured=3.346823405634801e-21 threshold=>=0.80000000000000004,0,0,0,converged; residual=4.222077934810947e-10
inf,25,diagnostic,9,160,68,182.278031541844,3.52304664955827e-06,3.52304664955827e-06,3.52304664955827e-06,5.53148511416101e-06,0.999995191105154,0.999994292265462,1,0,1,0,0,cond_kinetic: measured=5.5314851141610077e-06 threshold=>=0.5; cond_strain: measured=0.99999519110515378 threshold=<=0.5; cond_mac: measured=3.5230466495582736e-06 threshold=>=0.80000000000000004,0,0,0,converged; residual=4.9367376995804515e-10
inf,25,diagnostic,9,160,69,183.352548914911,5.94999378873857e-22,5.94999378873857e-22,5.94999378873857e-22,8.66531652874122e-08,0.999999400045418,0.999999911452778,1,0,1,0,0,cond_kinetic: measured=8.6653165287412207e-08 threshold=>=0.5; cond_strain: measured=0.99999940004541821 threshold=<=0.5; cond_mac: measured=5.9499937887385728e-22 threshold=>=0.80000000000000004,0,0,0,converged; residual=3.3868526985557108e-10
inf,25,diagnostic,9,160,70,184.866031043322,1.42748267493958e-20,1.42748267493958e-20,1.42748267493958e-20,3.80745931186155e-07,0.999995540519904,0.999999610115128,1,0,1,0,0,cond_kinetic: measured=3.8074593118615479e-07 threshold=>=0.5; cond_strain: measured=0.99999554051990391 threshold=<=0.5; cond_mac: measured=1.4274826749395793e-20 threshold=>=0.80000000000000004,0,0,0,converged; residual=4.3672738696383574e-10
inf,25,diagnostic,9,160,71,184.86607047249,1.50509208082456e-21,1.50509208082456e-21,1.50509208082456e-21,5.49028400108766e-08,0.999996298023142,0.999999943148673,1,0,1,0,0,cond_kinetic: measured=5.4902840010876579e-08 threshold=>=0.5; cond_strain: measured=0.99999629802314249 threshold=<=0.5; cond_mac: measured=1.5050920808245551e-21 threshold=>=0.80000000000000004,0,0,0,converged; residual=3.6366470177362073e-10
inf,25,diagnostic,9,160,72,186.059467188571,1.96943798345213e-13,1.96943798345213e-13,1.96943798345213e-13,4.75571369432291e-05,0.999934196924361,0.999950725419147,1,0,1,0,0,cond_kinetic: measured=4.7557136943229121e-05 threshold=>=0.5; cond_strain: measured=0.99993419692436147 threshold=<=0.5; cond_mac: measured=1.9694379834521296e-13 threshold=>=0.80000000000000004,0,0,0,converged; residual=7.4814884237934104e-10
inf,25,diagnostic,9,160,73,186.062036395802,2.77513249377167e-05,2.77513249377167e-05,2.77513249377167e-05,4.89279450143989e-05,0.999960646182401,0.999949579605388,1,0,1,0,0,cond_kinetic: measured=4.8927945014398882e-05 threshold=>=0.5; cond_strain: measured=0.99996064618240077 threshold=<=0.5; cond_mac: measured=2.7751324937716666e-05 threshold=>=0.80000000000000004,0,0,0,converged; residual=7.6385634921446634e-10
inf,25,diagnostic,9,160,74,189.329038136055,1.13351966534214e-19,1.13351966534214e-19,1.13351966534214e-19,3.62448981135047e-07,0.999999069113902,0.999999624918806,1,0,1,0,0,cond_kinetic: measured=3.6244898113504652e-07 threshold=>=0.5; cond_strain: measured=0.99999906911390168 threshold=<=0.5; cond_mac: measured=1.1335196653421402e-19 threshold=>=0.80000000000000004,0,0,0,converged; residual=2.8155784989172453e-10
inf,25,diagnostic,9,160,75,189.479818497604,1.48449553081735e-22,1.48449553081735e-22,1.48449553081735e-22,1.63773600723666e-08,0.999999127854602,0.999999982898591,1,0,1,0,0,cond_kinetic: measured=1.6377360072366618e-08 threshold=>=0.5; cond_strain: measured=0.99999912785460243 threshold=<=0.5; cond_mac: measured=1.4844955308173528e-22 threshold=>=0.80000000000000004,0,0,0,converged; residual=3.793653540580902e-10
inf,25,diagnostic,9,160,76,189.615362148915,3.28827317778395e-15,3.28827317778395e-15,3.28827317778395e-15,5.51366160612416e-06,0.999992153080273,0.999994285706907,1,0,1,0,0,cond_kinetic: measured=5.5136616061241633e-06 threshold=>=0.5; cond_strain: measured=0.99999215308027278 threshold=<=0.5; cond_mac: measured=3.2882731777839547e-15 threshold=>=0.80000000000000004,0,0,0,converged; residual=6.5557428147218346e-10
inf,25,diagnostic,9,160,77,189.615590783438,1.75173261907469e-06,1.75173261907469e-06,1.75173261907469e-06,3.35422476075483e-06,0.999996840445612,0.999996544718349,1,0,1,0,0,cond_kinetic: measured=3.3542247607548279e-06 threshold=>=0.5; cond_strain: measured=0.99999684044561221 threshold=<=0.5; cond_mac: measured=1.7517326190746911e-06 threshold=>=0.80000000000000004,0,0,0,converged; residual=2.4170037884586316e-10
inf,25,diagnostic,9,160,78,189.863821698306,7.09264332370939e-10,7.09264332370939e-10,7.09264332370939e-10,1.49118185711675e-09,0.999999524518389,0.999999998431924,1,0,1,0,0,cond_kinetic: measured=1.4911818571167483e-09 threshold=>=0.5; cond_strain: measured=0.99999952451838936 threshold=<=0.5; cond_mac: measured=7.0926433237093894e-10 threshold=>=0.80000000000000004,0,0,0,converged; residual=2.782409972217881e-10
inf,25,diagnostic,9,160,79,189.932644112086,7.39918043644986e-21,7.39918043644986e-21,7.39918043644986e-21,9.20358598568091e-08,0.999998998681609,0.99999990588021,1,0,1,0,0,cond_kinetic: measured=9.2035859856809119e-08 threshold=>=0.5; cond_strain: measured=0.99999899868160946 threshold=<=0.5; cond_mac: measured=7.3991804364498596e-21 threshold=>=0.80000000000000004,0,0,0,converged; residual=3.9059966805391317e-10
inf,25,diagnostic,9,160,80,193.346876873836,4.0010669889838e-20,4.0010669889838e-20,4.0010669889838e-20,3.07726666093819e-06,0.999995794259974,0.999996813675004,1,0,1,0,0,cond_kinetic: measured=3.0772666609381944e-06 threshold=>=0.5; cond_strain: measured=0.99999579425997442 threshold=<=0.5; cond_mac: measured=4.001066988983802e-20 threshold=>=0.80000000000000004,0,0,0,converged; residual=4.2015608128929859e-10
inf,25,diagnostic,9,160,81,194.293899729494,1.69106996212784e-23,1.69106996212784e-23,1.69106996212784e-23,2.70838039000028e-09,0.999999344392634,0.999999997153318,1,0,1,0,0,cond_kinetic: measured=2.7083803900002783e-09 threshold=>=0.5; cond_strain: measured=0.99999934439263394 threshold=<=0.5; cond_mac: measured=1.6910699621278442e-23 threshold=>=0.80000000000000004,0,0,0,converged; residual=3.3525686520430361e-10
inf,25,diagnostic,9,160,82,194.293900735461,2.26046779951008e-26,2.26046779951008e-26,2.26046779951008e-26,2.06025935720854e-09,0.999999355448081,0.999999997855778,1,0,1,0,0,cond_kinetic: measured=2.0602593572085389e-09 threshold=>=0.5; cond_strain: measured=0.9999993554480815 threshold=<=0.5; cond_mac: measured=2.2604677995100779e-26 threshold=>=0.80000000000000004,0,0,0,converged; residual=3.3845758940192268e-10
inf,25,diagnostic,9,160,83,194.773192135635,2.31053771506496e-24,2.31053771506496e-24,2.31053771506496e-24,3.72885131665751e-09,0.999999584092546,0.999999996179783,1,0,1,0,0,cond_kinetic: measured=3.7288513166575072e-09 threshold=>=0.5; cond_strain: measured=0.9999995840925463 threshold=<=0.5; cond_mac: measured=2.3105377150649567e-24 threshold=>=0.80000000000000004,0,0,0,converged; residual=3.0031696080020957e-10
inf,25,diagnostic,9,160,84,200.349790755637,1.47321798711088e-06,1.47321798711088e-06,1.47321798711088e-06,3.57058089967057e-06,0.999997106656562,0.999996322628036,1,0,1,0,0,cond_kinetic: measured=3.570580899670574e-06 threshold=>=0.5; cond_strain: measured=0.99999710665656238 threshold=<=0.5; cond_mac: measured=1.4732179871108779e-06 threshold=>=0.80000000000000004,0,0,0,converged; residual=2.9674474130750855e-10
inf,25,diagnostic,9,160,85,200.81988092903,2.72968712205836e-14,2.72968712205836e-14,2.72968712205836e-14,0.000259608732680375,0.999695925022401,0.999731076512558,1,0,1,0,0,cond_kinetic: measured=0.00025960873268037512 threshold=>=0.5; cond_strain: measured=0.99969592502240101 threshold=<=0.5; cond_mac: measured=2.729687122058357e-14 threshold=>=0.80000000000000004,0,0,0,converged; residual=6.7475634919378793e-10
inf,25,diagnostic,9,160,86,200.823624348149,7.95104347218325e-06,7.95104347218325e-06,7.95104347218325e-06,1.86771786842099e-05,0.999985917445138,0.999980762352367,1,0,1,0,0,cond_kinetic: measured=1.8677178684209855e-05 threshold=>=0.5; cond_strain: measured=0.99998591744513765 threshold=<=0.5; cond_mac: measured=7.9510434721832496e-06 threshold=>=0.80000000000000004,0,0,0,converged; residual=3.2882999573295897e-10
inf,25,diagnostic,9,160,87,201.766851525501,2.93802999402934e-15,2.93802999402934e-15,2.93802999402934e-15,0.00277106883127185,0.996799304845353,0.997130133499514,1,0,1,0,0,cond_kinetic: measured=0.0027710688312718489 threshold=>=0.5; cond_strain: measured=0.99679930484535328 threshold=<=0.5; cond_mac: measured=2.9380299940293387e-15 threshold=>=0.80000000000000004,0,0,0,converged; residual=8.2189488427587078e-10
inf,25,diagnostic,9,160,88,201.792390355385,3.52170069898327e-17,3.52170069898327e-17,3.52170069898327e-17,1.78539277872669e-08,0.999999408268099,0.999999981686097,1,0,1,0,0,cond_kinetic: measured=1.785392778726694e-08 threshold=>=0.5; cond_strain: measured=0.99999940826809852 threshold=<=0.5; cond_mac: measured=3.5217006989832687e-17 threshold=>=0.80000000000000004,0,0,0,converged; residual=3.010036186401252e-10
inf,25,diagnostic,9,160,89,201.896944977144,7.09102241876398e-05,7.09102241876398e-05,7.09102241876398e-05,0.000171566081805171,0.999884624483518,0.999823129327094,1,0,1,0,0,cond_kinetic: measured=0.00017156608180517104 threshold=>=0.5; cond_strain: measured=0.99988462448351778 threshold=<=0.5; cond_mac: measured=7.0910224187639831e-05 threshold=>=0.80000000000000004,0,0,0,converged; residual=6.240840128532294e-10
inf,25,diagnostic,9,160,90,203.155096029473,6.43961073060475e-20,6.43961073060475e-20,6.43961073060475e-20,3.30473753049698e-07,0.999995140166538,0.999999655961105,1,0,1,0,0,cond_kinetic: measured=3.3047375304969768e-07 threshold=>=0.5; cond_strain: measured=0.99999514016653757 threshold=<=0.5; cond_mac: measured=6.4396107306047518e-20 threshold=>=0.80000000000000004,0,0,0,converged; residual=4.8104189182481106e-10
inf,25,diagnostic,9,160,91,203.323108876274,1.24956916268818e-18,1.24956916268818e-18,1.24956916268818e-18,2.90119262737335e-06,0.999990843539372,0.99999703440753,1,0,1,0,0,cond_kinetic: measured=2.9011926273733534e-06 threshold=>=0.5; cond_strain: measured=0.9999908435393724 threshold=<=0.5; cond_mac: measured=1.2495691626881779e-18 threshold=>=0.80000000000000004,0,0,0,converged; residual=2.7526522038796754e-10
inf,25,diagnostic,9,160,92,204.465448480758,1.14059850697322e-19,1.14059850697322e-19,1.14059850697322e-19,8.18821232262753e-08,0.999997363462113,0.999999915052991,1,0,1,0,0,cond_kinetic: measured=8.1882123226275337e-08 threshold=>=0.5; cond_strain: measured=0.99999736346211343 threshold=<=0.5; cond_mac: measured=1.1405985069732176e-19 threshold=>=0.80000000000000004,0,0,0,converged; residual=2.7456458019780656e-10
inf,25,diagnostic,9,160,93,204.465456965022,1.58347545233068e-20,1.58347545233068e-20,1.58347545233068e-20,2.47903331133604e-07,0.99999727937439,0.999999746231683,1,0,1,0,0,cond_kinetic: measured=2.4790333113360399e-07 threshold=>=0.5; cond_strain: measured=0.99999727937438954 threshold=<=0.5; cond_mac: measured=1.5834754523306775e-20 threshold=>=0.80000000000000004,0,0,0,converged; residual=2.2994840907601063e-10
inf,25,diagnostic,9,160,94,204.472481602164,1.15776157950045e-11,1.15776157950045e-11,1.15776157950045e-11,6.63263758159911e-05,0.999924808407623,0.999931299852036,1,0,1,0,0,cond_kinetic: measured=6.6326375815991108e-05 threshold=>=0.5; cond_strain: measured=0.99992480840762343 threshold=<=0.5; cond_mac: measured=1.1577615795004545e-11 threshold=>=0.80000000000000004,0,0,0,converged; residual=5.0699557753480766e-10
inf,25,diagnostic,9,160,95,204.472929870497,4.54331020228801e-12,4.54331020228801e-12,4.54331020228801e-12,1.27279483889938e-07,0.999998335746142,0.999999867283928,1,0,1,0,0,cond_kinetic: measured=1.2727948388993762e-07 threshold=>=0.5; cond_strain: measured=0.99999833574614205 threshold=<=0.5; cond_mac: measured=4.5433102022880131e-12 threshold=>=0.80000000000000004,0,0,0,converged; residual=3.9365563957018189e-10
inf,25,diagnostic,9,160,96,204.472988693112,6.71488339724657e-12,6.71488339724657e-12,6.71488339724657e-12,1.68469134728782e-07,0.999998867065187,0.999999827515112,1,0,1,0,0,cond_kinetic: measured=1.6846913472878165e-07 threshold=>=0.5; cond_strain: measured=0.99999886706518659 threshold=<=0.5; cond_mac: measured=6.7148833972465687e-12 threshold=>=0.80000000000000004,0,0,0,converged; residual=2.8985624057907479e-10
inf,25,diagnostic,9,160,97,204.473123403621,1.03120509697806e-06,1.03120509697806e-06,1.03120509697806e-06,2.45346745640508e-06,0.999997806833896,0.999997472010807,1,0,1,0,0,cond_kinetic: measured=2.4534674564050838e-06 threshold=>=0.5; cond_strain: measured=0.99999780683389583 threshold=<=0.5; cond_mac: measured=1.0312050969780607e-06 threshold=>=0.80000000000000004,0,0,0,converged; residual=2.7394639007046728e-10
inf,25,diagnostic,9,160,98,207.78691353382,1.83346749720638e-16,1.83346749720638e-16,1.83346749720638e-16,0.0160828362100497,0.982490615868668,0.983343474724037,1,0,1,0,0,cond_kinetic: measured=0.016082836210049731 threshold=>=0.5; cond_strain: measured=0.98249061586866804 threshold=<=0.5; cond_mac: measured=1.8334674972063759e-16 threshold=>=0.80000000000000004,0,0,0,converged; residual=6.2529543876269875e-10
inf,25,diagnostic,9,160,99,207.910765945161,4.57007677477435e-05,4.57007677477435e-05,4.57007677477435e-05,0.000125171747820423,0.999918716306977,0.99987097211757,1,0,1,0,0,cond_kinetic: measured=0.00012517174782042303 threshold=>=0.5; cond_strain: measured=0.99991871630697748 threshold=<=0.5; cond_mac: measured=4.5700767747743512e-05 threshold=>=0.80000000000000004,0,0,0,converged; residual=3.6915821450203309e-10
inf,25,diagnostic,9,160,100,208.317221945686,3.33385840116114e-21,3.33385840116114e-21,3.33385840116114e-21,4.67507633897871e-06,0.999953310586656,0.999995146784008,1,0,1,0,0,cond_kinetic: measured=4.67507633897871e-06 threshold=>=0.5; cond_strain: measured=0.99995331058665615 threshold=<=0.5; cond_mac: measured=3.3338584011611391e-21 threshold=>=0.80000000000000004,0,0,0,converged; residual=3.9788928055220211e-10
inf,25,diagnostic,9,160,101,208.488310640773,3.55962299950066e-21,3.55962299950066e-21,3.55962299950066e-21,8.4106113262715e-06,0.999969383257019,0.999991401452787,1,0,1,0,0,cond_kinetic: measured=8.4106113262715031e-06 threshold=>=0.5; cond_strain: measured=0.99996938325701912 threshold=<=0.5; cond_mac: measured=3.5596229995006593e-21 threshold=>=0.80000000000000004,0,0,0,converged; residual=1.6625607271700541e-10
inf,25,diagnostic,9,160,102,208.828511662116,6.0472496576582e-15,6.0472496576582e-15,6.0472496576582e-15,0.00147797790681634,0.99840577987924,0.998469197818155,1,0,1,0,0,cond_kinetic: measured=0.0014779779068163378 threshold=>=0.5; cond_strain: measured=0.99840577987924028 threshold=<=0.5; cond_mac: measured=6.0472496576581976e-15 threshold=>=0.80000000000000004,0,0,0,converged; residual=5.4538582095998519e-10
inf,25,diagnostic,9,160,103,208.834453028732,2.61458407941872e-06,2.61458407941872e-06,2.61458407941872e-06,7.65995708153327e-06,0.999993955573476,0.999992111135258,1,0,1,0,0,cond_kinetic: measured=7.6599570815332674e-06 threshold=>=0.5; cond_strain: measured=0.99999395557347592 threshold=<=0.5; cond_mac: measured=2.6145840794187175e-06 threshold=>=0.80000000000000004,0,0,0,converged; residual=2.4139058824641667e-10
inf,25,diagnostic,9,160,104,209.935262085065,1.54609356993118e-16,1.54609356993118e-16,1.54609356993118e-16,0.0001327103267265,0.999857798955174,0.999862546152416,1,0,1,0,0,cond_kinetic: measured=0.00013271032672650015 threshold=>=0.5; cond_strain: measured=0.99985779895517379 threshold=<=0.5; cond_mac: measured=1.5460935699311755e-16 threshold=>=0.80000000000000004,0,0,0,converged; residual=3.9493646995451037e-10
inf,25,diagnostic,9,160,105,209.935593529865,7.85401032688436e-08,7.85401032688436e-08,7.85401032688436e-08,2.60981225646689e-07,0.999999164435388,0.999999731128351,1,0,1,0,0,cond_kinetic: measured=2.6098122564668937e-07 threshold=>=0.5; cond_strain: measured=0.99999916443538761 threshold=<=0.5; cond_mac: measured=7.8540103268843576e-08 threshold=>=0.80000000000000004,0,0,0,converged; residual=2.6343774199756744e-10
inf,25,diagnostic,9,160,106,212.049485095417,3.86038734167235e-20,3.86038734167235e-20,3.86038734167235e-20,0.887884485859603,0.071936259639817,0.0804277416027515,1,1,1,1,0,cond_mac: measured=3.8603873416723474e-20 threshold=>=0.80000000000000004,0,0,0,converged; residual=5.6842884417445637e-10
inf,25,diagnostic,9,160,107,213.116743956225,2.48821204285526e-21,2.48821204285526e-21,2.48821204285526e-21,0.00186331761708726,0.99807162377619,0.998070180025066,1,0,1,0,0,cond_kinetic: measured=0.0018633176170872628 threshold=>=0.5; cond_strain: measured=0.99807162377618952 threshold=<=0.5; cond_mac: measured=2.4882120428552555e-21 threshold=>=0.80000000000000004,0,0,0,converged; residual=4.847400266921235e-10
inf,25,diagnostic,9,160,108,214.052496407367,2.01522299947912e-21,2.01522299947912e-21,2.01522299947912e-21,5.73537773685864e-07,0.999984226269105,0.999999405986952,1,0,1,0,0,cond_kinetic: measured=5.7353777368586376e-07 threshold=>=0.5; cond_strain: measured=0.99998422626910455 threshold=<=0.5; cond_mac: measured=2.0152229994791153e-21 threshold=>=0.80000000000000004,0,0,0,converged; residual=2.2218887507831554e-10
inf,25,diagnostic,9,160,109,214.189501209704,2.72589531783603e-21,2.72589531783603e-21,2.72589531783603e-21,7.5662387778552e-06,0.999971946784523,0.999992267096474,1,0,1,0,0,cond_kinetic: measured=7.5662387778552035e-06 threshold=>=0.5; cond_strain: measured=0.99997194678452261 threshold=<=0.5; cond_mac: measured=2.7258953178360252e-21 threshold=>=0.80000000000000004,0,0,0,converged; residual=1.7911337627800519e-10
inf,25,diagnostic,9,160,110,214.551055507399,1.97392112815777e-23,1.97392112815777e-23,1.97392112815777e-23,6.4918478856711e-09,0.999999660025344,0.999999993305898,1,0,1,0,0,cond_kinetic: measured=6.4918478856710967e-09 threshold=>=0.5; cond_strain: measured=0.99999966002534368 threshold=<=0.5; cond_mac: measured=1.9739211281577697e-23 threshold=>=0.80000000000000004,0,0,0,converged; residual=2.6115081190855069e-10
inf,25,diagnostic,9,160,111,215.653389708234,1.37827815230277e-22,1.37827815230277e-22,1.37827815230277e-22,4.71339464459257e-08,0.999998658506816,0.99999995170199,1,0,1,0,0,cond_kinetic: measured=4.7133946445925749e-08 threshold=>=0.5; cond_strain: measured=0.99999865850681602 threshold=<=0.5; cond_mac: measured=1.378278152302767e-22 threshold=>=0.80000000000000004,0,0,0,converged; residual=2.3010489542808024e-10
inf,25,diagnostic,9,160,112,215.65339107878,1.34181900640851e-24,1.34181900640851e-24,1.34181900640851e-24,1.07356505241104e-08,0.999998705983215,0.999999988816444,1,0,1,0,0,cond_kinetic: measured=1.0735650524110416e-08 threshold=>=0.5; cond_strain: measured=0.99999870598321483 threshold=<=0.5; cond_mac: measured=1.3418190064085135e-24 threshold=>=0.80000000000000004,0,0,0,converged; residual=2.2620184697145536e-10
inf,25,diagnostic,9,160,113,216.546594500065,1.92143507005057e-17,1.92143507005057e-17,1.92143507005057e-17,0.00148894504373596,0.998498608990778,0.998458016900067,1,0,1,0,0,cond_kinetic: measured=0.0014889450437359573 threshold=>=0.5; cond_strain: measured=0.99849860899077825 threshold=<=0.5; cond_mac: measured=1.9214350700505662e-17 threshold=>=0.80000000000000004,0,0,0,converged; residual=4.642923796526448e-10
inf,25,diagnostic,9,160,114,216.569140043286,2.68244950107591e-05,2.68244950107591e-05,2.68244950107591e-05,8.26739909384362e-05,0.999945951192277,0.999914690266369,1,0,1,0,0,cond_kinetic: measured=8.2673990938436206e-05 threshold=>=0.5; cond_strain: measured=0.99994595119227692 threshold=<=0.5; cond_mac: measured=2.6824495010759084e-05 threshold=>=0.80000000000000004,0,0,0,converged; residual=2.2656304402293497e-10
inf,25,diagnostic,9,160,115,217.055160265667,9.73634599520124e-20,9.73634599520124e-20,9.73634599520124e-20,4.62198926204157e-07,0.999991880541797,0.999999521676546,1,0,1,0,0,cond_kinetic: measured=4.6219892620415714e-07 threshold=>=0.5; cond_strain: measured=0.99999188054179722 threshold=<=0.5; cond_mac: measured=9.7363459952012391e-20 threshold=>=0.80000000000000004,0,0,0,converged; residual=2.0833757077780541e-10
inf,25,diagnostic,9,160,116,217.241358298879,5.27630303288218e-20,5.27630303288218e-20,5.27630303288218e-20,5.37803563840714e-07,0.999995049194848,0.999999450884644,1,0,1,0,0,cond_kinetic: measured=5.3780356384071352e-07 threshold=>=0.5; cond_strain: measured=0.9999950491948485 threshold=<=0.5; cond_mac: measured=5.2763030328821785e-20 threshold=>=0.80000000000000004,0,0,0,converged; residual=1.5400909589645468e-10
inf,25,diagnostic,9,160,117,217.501863706751,5.22446832639634e-05,5.22446832639634e-05,5.22446832639634e-05,0.000173237878878846,0.999895324815472,0.999821384132225,1,0,1,0,0,cond_kinetic: measured=0.00017323787887884583 threshold=>=0.5; cond_strain: measured=0.99989532481547228 threshold=<=0.5; cond_mac: measured=5.2244683263963369e-05 threshold=>=0.80000000000000004,0,0,0,converged; residual=3.4404641247246973e-10
inf,25,diagnostic,9,160,118,217.658007973163,3.00838877154483e-20,3.00838877154483e-20,3.00838877154483e-20,0.0245919340042112,0.975594440354665,0.974528590350784,1,0,1,0,0,cond_kinetic: measured=0.024591934004211238 threshold=>=0.5; cond_strain: measured=0.97559444035466536 threshold=<=0.5; cond_mac: measured=3.008388771544831e-20 threshold=>=0.80000000000000004,0,0,0,converged; residual=6.3044154540739059e-10
inf,25,diagnostic,9,160,119,218.13719693003,7.47385254603937e-24,7.47385254603937e-24,7.47385254603937e-24,8.81788986254345e-08,0.999997676432898,0.999999907570115,1,0,1,0,0,cond_kinetic: measured=8.8178898625434516e-08 threshold=>=0.5; cond_strain: measured=0.99999767643289761 threshold=<=0.5; cond_mac: measured=7.4738525460393684e-24 threshold=>=0.80000000000000004,0,0,0,converged; residual=2.4342994109959424e-10
inf,25,diagnostic,9,160,120,218.137212384138,4.14712824610039e-23,4.14712824610039e-23,4.14712824610039e-23,2.87313840294602e-07,0.999997617446503,0.999999705609891,1,0,1,0,0,cond_kinetic: measured=2.8731384029460203e-07 threshold=>=0.5; cond_strain: measured=0.99999761744650317 threshold=<=0.5; cond_mac: measured=4.1471282461003909e-23 threshold=>=0.80000000000000004,0,0,0,converged; residual=1.894337565786846e-10
inf,25,diagnostic,9,160,121,219.334182007877,5.17337472369448e-21,5.17337472369448e-21,5.17337472369448e-21,6.49585495598186e-07,0.99999135041966,0.999999328026452,1,0,1,0,0,cond_kinetic: measured=6.4958549559818589e-07 threshold=>=0.5; cond_strain: measured=0.99999135041966036 threshold=<=0.5; cond_mac: measured=5.1733747236944773e-21 threshold=>=0.80000000000000004,0,0,0,converged; residual=2.4278331314256619e-10
inf,25,diagnostic,9,160,122,219.419759245157,4.35149963616951e-07,4.35149963616951e-07,4.35149963616951e-07,1.91166808099817e-06,0.999996193678176,0.999998032118756,1,0,1,0,0,cond_kinetic: measured=1.9116680809981717e-06 threshold=>=0.5; cond_strain: measured=0.99999619367817583 threshold=<=0.5; cond_mac: measured=4.3514996361695111e-07 threshold=>=0.80000000000000004,0,0,0,converged; residual=2.8496071947335299e-10
inf,25,diagnostic,9,160,123,219.420694031687,1.92432894393223e-14,1.92432894393223e-14,1.92432894393223e-14,0.000132673983216552,0.999867812650024,0.999862609931209,1,0,1,0,0,cond_kinetic: measured=0.00013267398321655178 threshold=>=0.5; cond_strain: measured=0.99986781265002445 threshold=<=0.5; cond_mac: measured=1.9243289439322318e-14 threshold=>=0.80000000000000004,0,0,0,converged; residual=3.2933068430065569e-10
inf,25,diagnostic,9,160,124,219.916471922357,5.98730358088403e-21,5.98730358088403e-21,5.98730358088403e-21,6.43791085183803e-07,0.999993915450908,0.999999342702491,1,0,1,0,0,cond_kinetic: measured=6.4379108518380312e-07 threshold=>=0.5; cond_strain: measured=0.99999391545090766 threshold=<=0.5; cond_mac: measured=5.9873035808840344e-21 threshold=>=0.80000000000000004,0,0,0,converged; residual=2.079169375981129e-10
inf,25,diagnostic,9,160,125,220.727284145813,8.62946282134029e-05,8.62946282134029e-05,8.62946282134029e-05,0.000298157398120598,0.999831296660714,0.999692456392526,1,0,1,0,0,cond_kinetic: measured=0.00029815739812059775 threshold=>=0.5; cond_strain: measured=0.99983129666071435 threshold=<=0.5; cond_mac: measured=8.6294628213402926e-05 threshold=>=0.80000000000000004,0,0,0,converged; residual=4.2741138035156491e-10
inf,25,diagnostic,9,160,126,220.840892396463,9.5653934070127e-18,9.5653934070127e-18,9.5653934070127e-18,0.0132957408066156,0.987179893527494,0.986228312803179,1,0,1,0,0,cond_kinetic: measured=0.013295740806615608 threshold=>=0.5; cond_strain: measured=0.98717989352749402 threshold=<=0.5; cond_mac: measured=9.5653934070126965e-18 threshold=>=0.80000000000000004,0,0,0,converged; residual=7.2495611238214346e-10
inf,25,diagnostic,9,160,127,223.908070550327,8.54666607107521e-20,8.54666607107521e-20,8.54666607107521e-20,7.62358919297069e-07,0.999992037652475,0.999999207437063,1,0,1,0,0,cond_kinetic: measured=7.6235891929706933e-07 threshold=>=0.5; cond_strain: measured=0.9999920376524748 threshold=<=0.5; cond_mac: measured=8.5466660710752115e-20 threshold=>=0.80000000000000004,0,0,0,converged; residual=2.7289689101870054e-10
inf,25,diagnostic,9,160,128,223.995448510064,5.30985313614071e-18,5.30985313614071e-18,5.30985313614071e-18,0.000522048602482378,0.999502780637982,0.999459110513118,1,0,1,0,0,cond_kinetic: measured=0.00052204860248237801 threshold=>=0.5; cond_strain: measured=0.99950278063798192 threshold=<=0.5; cond_mac: measured=5.3098531361407125e-18 threshold=>=0.80000000000000004,0,0,0,converged; residual=4.2541790989413134e-10
inf,25,diagnostic,9,160,129,224.131118575983,1.95769650619064e-05,1.95769650619064e-05,1.95769650619064e-05,6.83046168563546e-05,0.999955266449451,0.999929429739247,1,0,1,0,0,cond_kinetic: measured=6.8304616856354626e-05 threshold=>=0.5; cond_strain: measured=0.99995526644945054 threshold=<=0.5; cond_mac: measured=1.9576965061906358e-05 threshold=>=0.80000000000000004,0,0,0,converged; residual=2.7671855143951647e-10
inf,25,diagnostic,9,160,130,224.204618096309,1.25088179493102e-25,1.25088179493102e-25,1.25088179493102e-25,3.11365331517722e-08,0.999999388201425,0.999999967474824,1,0,1,0,0,cond_kinetic: measured=3.1136533151772167e-08 threshold=>=0.5; cond_strain: measured=0.99999938820142542 threshold=<=0.5; cond_mac: measured=1.2508817949310207e-25 threshold=>=0.80000000000000004,0,0,0,converged; residual=3.0319353785481261e-10
inf,25,diagnostic,9,160,131,224.204631591461,1.03970716167452e-27,1.03970716167452e-27,1.03970716167452e-27,9.20963055186059e-09,0.999999531415252,0.999999990418007,1,0,1,0,0,cond_kinetic: measured=9.2096305518605856e-09 threshold=>=0.5; cond_strain: measured=0.99999953141525155 threshold=<=0.5; cond_mac: measured=1.039707161674516e-27 threshold=>=0.80000000000000004,0,0,0,converged; residual=1.9986686384621924e-10
inf,25,diagnostic,9,160,132,225.063548238157,1.04527194630758e-19,1.04527194630758e-19,1.04527194630758e-19,0.00345612033884406,0.996785561165052,0.996419973381179,1,0,1,0,0,cond_kinetic: measured=0.0034561203388440635 threshold=>=0.5; cond_strain: measured=0.99678556116505246 threshold=<=0.5; cond_mac: measured=1.0452719463075796e-19 threshold=>=0.80000000000000004,0,0,0,converged; residual=6.6775012075251754e-10
inf,25,diagnostic,9,160,133,225.182259357225,4.85537113800621e-05,4.85537113800621e-05,4.85537113800621e-05,0.000181742119628951,0.999896210078797,0.999812481958613,1,0,1,0,0,cond_kinetic: measured=0.0001817421196289512 threshold=>=0.5; cond_strain: measured=0.9998962100787967 threshold=<=0.5; cond_mac: measured=4.8553711380062104e-05 threshold=>=0.80000000000000004,0,0,0,converged; residual=3.5135770962232696e-10
inf,25,diagnostic,9,160,134,225.398185782989,1.08977805408592e-05,1.08977805408592e-05,1.08977805408592e-05,3.84322312625972e-05,0.999974400583445,0.999960266420189,1,0,1,0,0,cond_kinetic: measured=3.8432231262597248e-05 threshold=>=0.5; cond_strain: measured=0.99997440058344489 threshold=<=0.5; cond_mac: measured=1.0897780540859158e-05 threshold=>=0.80000000000000004,0,0,0,converged; residual=3.230531816231961e-10
inf,25,diagnostic,9,160,135,225.605376770602,1.00795963426908e-22,1.00795963426908e-22,1.00795963426908e-22,8.40970595137306e-06,0.999980097519336,0.999991406688818,1,0,1,0,0,cond_kinetic: measured=8.4097059513730632e-06 threshold=>=0.5; cond_strain: measured=0.99998009751933559 threshold=<=0.5; cond_mac: measured=1.007959634269083e-22 threshold=>=0.80000000000000004,0,0,0,converged; residual=1.6020792419404998e-10
inf,25,diagnostic,9,160,136,226.996076155605,3.15113028554477e-07,3.15113028554477e-07,3.15113028554477e-07,1.09621427312384e-06,0.999998132802926,0.999998871897739,1,0,1,0,0,cond_kinetic: measured=1.0962142731238409e-06 threshold=>=0.5; cond_strain: measured=0.99999813280292582 threshold=<=0.5; cond_mac: measured=3.1511302855447734e-07 threshold=>=0.80000000000000004,0,0,0,converged; residual=1.7163245952402079e-10
inf,25,diagnostic,9,160,137,226.996352014386,3.55725620823314e-13,3.55725620823314e-13,3.55725620823314e-13,2.26387171103306e-05,0.999978088304797,0.999976559606936,1,0,1,0,0,cond_kinetic: measured=2.2638717110330592e-05 threshold=>=0.5; cond_strain: measured=0.99997808830479684 threshold=<=0.5; cond_mac: measured=3.5572562082331395e-13 threshold=>=0.80000000000000004,0,0,0,converged; residual=2.4294967191028501e-10
inf,25,diagnostic,9,160,138,227.317305226093,5.76863684190012e-21,5.76863684190012e-21,5.76863684190012e-21,0.000361685463705969,0.999661579001852,0.999625272449145,1,0,1,0,0,cond_kinetic: measured=0.00036168546370596907 threshold=>=0.5; cond_strain: measured=0.99966157900185226 threshold=<=0.5; cond_mac: measured=5.7686368419001199e-21 threshold=>=0.80000000000000004,0,0,0,converged; residual=3.684708663747141e-10
inf,25,diagnostic,9,160,139,227.369954375912,1.94265562229327e-20,1.94265562229327e-20,1.94265562229327e-20,3.19661488659139e-07,0.999998670287514,0.999999673483698,1,0,1,0,0,cond_kinetic: measured=3.1966148865913943e-07 threshold=>=0.5; cond_strain: measured=0.99999867028751388 threshold=<=0.5; cond_mac: measured=1.9426556222932707e-20 threshold=>=0.80000000000000004,0,0,0,converged; residual=2.7055245881464823e-10
inf,25,diagnostic,9,160,140,228.301165735526,0.000184940020679914,0.000184940020679914,0.000184940020679914,0.000694381440095301,0.999585611046321,0.999282404316807,1,0,1,0,0,cond_kinetic: measured=0.00069438144009530134 threshold=>=0.5; cond_strain: measured=0.99958561104632071 threshold=<=0.5; cond_mac: measured=0.0001849400206799137 threshold=>=0.80000000000000004,0,0,0,converged; residual=7.1914557300743272e-10
inf,25,diagnostic,9,160,141,228.807862828453,3.3649621524485e-18,3.3649621524485e-18,3.3649621524485e-18,0.00293887300568717,0.997347299300304,0.99695518650245,1,0,1,0,0,cond_kinetic: measured=0.0029388730056871715 threshold=>=0.5; cond_strain: measured=0.99734729930030386 threshold=<=0.5; cond_mac: measured=3.3649621524484965e-18 threshold=>=0.80000000000000004,0,0,0,converged; residual=7.708222471360468e-10
inf,25,diagnostic,9,160,142,228.836386266819,2.41882765575014e-18,2.41882765575014e-18,2.41882765575014e-18,1.76890649287527e-07,0.999994213309498,0.999999816914226,1,0,1,0,0,cond_kinetic: measured=1.7689064928752683e-07 threshold=>=0.5; cond_strain: measured=0.99999421330949845 threshold=<=0.5; cond_mac: measured=2.418827655750144e-18 threshold=>=0.80000000000000004,0,0,0,converged; residual=2.002875602923924e-10
inf,25,diagnostic,9,160,143,228.953436352488,5.22706031057016e-05,5.22706031057016e-05,5.22706031057016e-05,0.000202518697689338,0.999885555996627,0.999790805224325,1,0,1,0,0,cond_kinetic: measured=0.00020251869768933824 threshold=>=0.5; cond_strain: measured=0.99988555599662732 threshold=<=0.5; cond_mac: measured=5.2270603105701616e-05 threshold=>=0.80000000000000004,0,0,0,converged; residual=4.8658699911680235e-10
inf,25,diagnostic,9,160,144,230.223070762297,9.31200409208694e-25,9.31200409208694e-25,9.31200409208694e-25,1.44594260091817e-06,0.999992960265373,0.99999852184543,1,0,1,0,0,cond_kinetic: measured=1.4459426009181667e-06 threshold=>=0.5; cond_strain: measured=0.99999296026537254 threshold=<=0.5; cond_mac: measured=9.312004092086935e-25 threshold=>=0.80000000000000004,0,0,0,converged; residual=1.5854421026318624e-10
inf,25,diagnostic,9,160,145,230.812741367157,1.11772871143985e-20,1.11772871143985e-20,1.11772871143985e-20,0.0004288162894326,0.999614926853645,0.999555713905786,1,0,1,0,0,cond_kinetic: measured=0.00042881628943259952 threshold=>=0.5; cond_strain: measured=0.99961492685364484 threshold=<=0.5; cond_mac: measured=1.117728711439845e-20 threshold=>=0.80000000000000004,0,0,0,converged; residual=4.5805127121847619e-10
inf,25,diagnostic,9,160,146,230.877111519738,2.15863798590055e-23,2.15863798590055e-23,2.15863798590055e-23,1.27132447915218e-08,0.99999868594394,0.999999986682893,1,0,1,0,0,cond_kinetic: measured=1.2713244791521752e-08 threshold=>=0.5; cond_strain: measured=0.9999986859439397 threshold=<=0.5; cond_mac: measured=2.1586379859005549e-23 threshold=>=0.80000000000000004,0,0,0,converged; residual=2.1169573893800452e-10
inf,25,diagnostic,9,160,147,230.877117630439,3.11568861758034e-23,3.11568861758034e-23,3.11568861758034e-23,1.66859991666308e-09,0.999998749676698,0.999999998187143,1,0,1,0,0,cond_kinetic: measured=1.6685999166630794e-09 threshold=>=0.5; cond_strain: measured=0.99999874967669766 threshold=<=0.5; cond_mac: measured=3.1156886175803359e-23 threshold=>=0.80000000000000004,0,0,0,converged; residual=2.085184184657923e-10
inf,25,diagnostic,9,160,148,231.235130345904,6.7694094294594e-06,6.7694094294594e-06,6.7694094294594e-06,2.68964792990948e-05,0.999968184871223,0.999972151212594,1,0,1,0,0,cond_kinetic: measured=2.6896479299094847e-05 threshold=>=0.5; cond_strain: measured=0.99996818487122263 threshold=<=0.5; cond_mac: measured=6.7694094294594037e-06 threshold=>=0.80000000000000004,0,0,0,converged; residual=3.6263794178786138e-10
inf,25,diagnostic,9,160,149,231.585647001075,7.98564181058412e-22,7.98564181058412e-22,7.98564181058412e-22,8.62708310203537e-07,0.999987380388502,0.999999119318844,1,0,1,0,0,cond_kinetic: measured=8.6270831020353745e-07 threshold=>=0.5; cond_strain: measured=0.99998738038850243 threshold=<=0.5; cond_mac: measured=7.9856418105841169e-22 threshold=>=0.80000000000000004,0,0,0,converged; residual=2.3582623960246377e-10
inf,25,diagnostic,9,160,150,232.272192955732,2.14423468277849e-23,2.14423468277849e-23,2.14423468277849e-23,8.81915822736633e-05,0.999823136719456,0.999909905041482,1,0,1,0,0,cond_kinetic: measured=8.819158227366331e-05 threshold=>=0.5; cond_strain: measured=0.999823136719456 threshold=<=0.5; cond_mac: measured=2.1442346827784876e-23 threshold=>=0.80000000000000004,0,0,0,converged; residual=1.8623540288135468e-10
inf,25,diagnostic,9,160,151,232.467011150561,2.41176612762997e-08,2.41176612762997e-08,2.41176612762997e-08,1.03155424501574e-07,0.999999629731541,0.999999893950866,1,0,1,0,0,cond_kinetic: measured=1.0315542450157367e-07 threshold=>=0.5; cond_strain: measured=0.99999962973154088 threshold=<=0.5; cond_mac: measured=2.4117661276299688e-08 threshold=>=0.80000000000000004,0,0,0,converged; residual=2.475026613489014e-10
inf,25,diagnostic,9,160,152,232.467030927841,1.05742677922078e-14,1.05742677922078e-14,1.05742677922078e-14,1.31457108958413e-06,0.999998542322336,0.999998639480156,1,0,1,0,0,cond_kinetic: measured=1.3145710895841293e-06 threshold=>=0.5; cond_strain: measured=0.99999854232233587 threshold=<=0.5; cond_mac: measured=1.0574267792207756e-14 threshold=>=0.80000000000000004,0,0,0,converged; residual=4.3626496343406091e-10
inf,25,diagnostic,9,160,153,232.922902124496,1.49930910571034e-18,1.49930910571034e-18,1.49930910571034e-18,0.00012181319372832,0.999887977165743,0.999873762409031,1,0,1,0,0,cond_kinetic: measured=0.00012181319372832026 threshold=>=0.5; cond_strain: measured=0.99988797716574285 threshold=<=0.5; cond_mac: measured=1.4993091057103377e-18 threshold=>=0.80000000000000004,0,0,0,converged; residual=4.5648407955366522e-10
inf,25,diagnostic,9,160,154,232.966522244067,5.15860988171901e-05,5.15860988171901e-05,5.15860988171901e-05,0.000209689400232148,0.999873209890123,0.99978324567608,1,0,1,0,0,cond_kinetic: measured=0.00020968940023214822 threshold=>=0.5; cond_strain: measured=0.99987320989012296 threshold=<=0.5; cond_mac: measured=5.1586098817190145e-05 threshold=>=0.80000000000000004,0,0,0,converged; residual=5.6274920685791116e-10
inf,25,diagnostic,9,160,155,234.020314547528,1.23297816670093e-21,1.23297816670093e-21,1.23297816670093e-21,0.000155310543203436,0.999863734752397,0.999839073562651,1,0,1,0,0,cond_kinetic: measured=0.00015531054320343639 threshold=>=0.5; cond_strain: measured=0.99986373475239743 threshold=<=0.5; cond_mac: measured=1.2329781667009348e-21 threshold=>=0.80000000000000004,0,0,0,converged; residual=3.9229291173469471e-10
inf,25,diagnostic,9,160,156,234.245581626307,3.31933973508927e-21,3.31933973508927e-21,3.31933973508927e-21,1.14387384864081e-06,0.999985297987751,0.999998833168277,1,0,1,0,0,cond_kinetic: measured=1.1438738486408119e-06 threshold=>=0.5; cond_strain: measured=0.99998529798775115 threshold=<=0.5; cond_mac: measured=3.3193397350892734e-21 threshold=>=0.80000000000000004,0,0,0,converged; residual=1.9207253349155417e-10
inf,25,diagnostic,9,160,157,234.442233899713,2.12638410019332e-06,2.12638410019332e-06,2.12638410019332e-06,8.6090353918383e-06,0.999992086829651,0.999991096762047,1,0,1,0,0,cond_kinetic: measured=8.6090353918382994e-06 threshold=>=0.5; cond_strain: measured=0.99999208682965135 threshold=<=0.5; cond_mac: measured=2.1263841001933209e-06 threshold=>=0.80000000000000004,0,0,0,converged; residual=2.2132579332876138e-10
inf,25,diagnostic,9,160,158,234.517855935656,1.53139088654583e-07,1.53139088654583e-07,1.53139088654583e-07,6.65921740135555e-07,0.999999112548819,0.99999931474494,1,0,1,0,0,cond_kinetic: measured=6.6592174013555453e-07 threshold=>=0.5; cond_strain: measured=0.99999911254881924 threshold=<=0.5; cond_mac: measured=1.5313908865458328e-07 threshold=>=0.80000000000000004,0,0,0,converged; residual=3.2365946990063169e-10
inf,25,diagnostic,9,160,159,234.517985254957,1.55427541067001e-12,1.55427541067001e-12,1.55427541067001e-12,7.83026675661904e-06,0.999992771576,0.999991893128189,1,0,1,0,0,cond_kinetic: measured=7.8302667566190417e-06 threshold=>=0.5; cond_strain: measured=0.99999277157600019 threshold=<=0.5; cond_mac: measured=1.5542754106700136e-12 threshold=>=0.80000000000000004,0,0,0,converged; residual=2.2493886216724941e-10
inf,25,diagnostic,9,160,160,235.424882756072,2.94822891185785e-19,2.94822891185785e-19,2.94822891185785e-19,1.11076938283785e-05,0.999989524717368,0.999988494244725,1,0,1,0,0,cond_kinetic: measured=1.1107693828378474e-05 threshold=>=0.5; cond_strain: measured=0.99998952471736846 threshold=<=0.5; cond_mac: measured=2.9482289118578499e-19 threshold=>=0.80000000000000004,0,0,0,converged; residual=2.1760503872348208e-10
inf,30,diagnostic,10,80,1,106.820159663467,4.02240955327702e-24,4.02240955327702e-24,4.02240955327702e-24,1.09358006323048e-07,0.999995276502021,0.999999886515414,1,0,1,0,0,cond_kinetic: measured=1.0935800632304796e-07 threshold=>=0.5; cond_strain: measured=0.99999527650202091 threshold=<=0.5; cond_mac: measured=4.0224095532770212e-24 threshold=>=0.80000000000000004,0,0,0,converged; residual=2.2131083750572495e-09
inf,30,diagnostic,10,80,2,106.820278896103,6.91295359132081e-22,6.91295359132081e-22,6.91295359132081e-22,4.4714606407746e-08,0.999997576084098,0.999999954242228,1,0,1,0,0,cond_kinetic: measured=4.4714606407745978e-08 threshold=>=0.5; cond_strain: measured=0.99999757608409834 threshold=<=0.5; cond_mac: measured=6.9129535913208078e-22 threshold=>=0.80000000000000004,0,0,0,converged; residual=1.5214214091842942e-09
inf,30,diagnostic,10,80,3,117.552242870969,9.12601084450047e-06,9.12601084450047e-06,9.12601084450047e-06,2.24010391472443e-06,0.999993405049656,0.999997697874105,1,0,1,0,0,cond_kinetic: measured=2.2401039147244342e-06 threshold=>=0.5; cond_strain: measured=0.99999340504965606 threshold=<=0.5; cond_mac: measured=9.126010844500474e-06 threshold=>=0.80000000000000004,0,0,0,converged; residual=1.2347330553213045e-09
inf,30,diagnostic,10,80,4,117.55230043338,2.22160285916838e-12,2.22160285916838e-12,2.22160285916838e-12,4.13809572491404e-07,0.999996267607021,0.999999572312307,1,0,1,0,0,cond_kinetic: measured=4.1380957249140432e-07 threshold=>=0.5; cond_strain: measured=0.99999626760702065 threshold=<=0.5; cond_mac: measured=2.221602859168376e-12 threshold=>=0.80000000000000004,0,0,0,converged; residual=9.604944024462535e-10
inf,30,diagnostic,10,80,5,126.636008505308,1.38456944124236e-21,1.38456944124236e-21,1.38456944124236e-21,6.84916049685184e-08,0.999998581146116,0.999999930224114,1,0,1,0,0,cond_kinetic: measured=6.8491604968518431e-08 threshold=>=0.5; cond_strain: measured=0.99999858114611639 threshold=<=0.5; cond_mac: measured=1.3845694412423609e-21 threshold=>=0.80000000000000004,0,0,0,converged; residual=1.0150057540326898e-09
inf,30,diagnostic,10,80,6,126.636023735943,6.54191389848484e-23,6.54191389848484e-23,6.54191389848484e-23,4.31284174471369e-09,0.999998886186158,0.999999995540125,1,0,1,0,0,cond_kinetic: measured=4.3128417447136942e-09 threshold=>=0.5; cond_strain: measured=0.99999888618615806 threshold=<=0.5; cond_mac: measured=6.5419138984848409e-23 threshold=>=0.80000000000000004,0,0,0,converged; residual=8.0420199661147033e-10
inf,30,diagnostic,10,80,7,128.845829876691,1.25384251045663e-23,1.25384251045663e-23,1.25384251045663e-23,6.36655844331254e-07,0.999981765540378,0.999999341694858,1,0,1,0,0,cond_kinetic: measured=6.3665584433125362e-07 threshold=>=0.5; cond_strain: measured=0.99998176554037799 threshold=<=0.5; cond_mac: measured=1.2538425104566262e-23 threshold=>=0.80000000000000004,0,0,0,converged; residual=1.0521322861966058e-09
inf,30,diagnostic,10,80,8,129.04989866431,1.67861035642048e-25,1.67861035642048e-25,1.67861035642048e-25,1.52828488871824e-06,0.99998523625021,0.99999844639897,1,0,1,0,0,cond_kinetic: measured=1.5282848887182383e-06 threshold=>=0.5; cond_strain: measured=0.99998523625020974 threshold=<=0.5; cond_mac: measured=1.6786103564204803e-25 threshold=>=0.80000000000000004,0,0,0,converged; residual=7.4355954121391793e-10
inf,30,diagnostic,10,80,9,133.859609835338,8.23189651335745e-19,8.23189651335745e-19,8.23189651335745e-19,7.82280262136812e-06,0.999970601520675,0.999991941694169,1,0,1,0,0,cond_kinetic: measured=7.8228026213681196e-06 threshold=>=0.5; cond_strain: measured=0.9999706015206753 threshold=<=0.5; cond_mac: measured=8.2318965133574513e-19 threshold=>=0.80000000000000004,0,0,0,converged; residual=6.4757301270319257e-10
inf,30,diagnostic,10,80,10,133.908726794306,2.04526970559769e-06,2.04526970559769e-06,2.04526970559769e-06,1.40034293882661e-06,0.999988825661638,0.999998570443054,1,0,1,0,0,cond_kinetic: measured=1.4003429388266085e-06 threshold=>=0.5; cond_strain: measured=0.9999888256616376 threshold=<=0.5; cond_mac: measured=2.045269705597687e-06 threshold=>=0.80000000000000004,0,0,0,converged; residual=7.1681400621462796e-10
inf,30,diagnostic,10,80,11,134.357205367795,3.23493257385084e-21,3.23493257385084e-21,3.23493257385084e-21,6.76683945127047e-08,0.999994294818137,0.999999930620095,1,0,1,0,0,cond_kinetic: measured=6.7668394512704736e-08 threshold=>=0.5; cond_strain: measured=0.99999429481813651 threshold=<=0.5; cond_mac: measured=3.2349325738508393e-21 threshold=>=0.80000000000000004,0,0,0,converged; residual=6.764803554908725e-10
inf,30,diagnostic,10,80,12,134.859358927094,1.24508434540763e-24,1.24508434540763e-24,1.24508434540763e-24,2.77277734491743e-07,0.999994542727989,0.999999717416851,1,0,1,0,0,cond_kinetic: measured=2.7727773449174269e-07 threshold=>=0.5; cond_strain: measured=0.99999454272798871 threshold=<=0.5; cond_mac: measured=1.2450843454076267e-24 threshold=>=0.80000000000000004,0,0,0,converged; residual=7.6526516806544528e-10
inf,30,diagnostic,10,80,13,138.451285650942,4.71047298180718e-22,4.71047298180718e-22,4.71047298180718e-22,2.00065496584431e-07,0.999992252672981,0.99999979316001,1,0,1,0,0,cond_kinetic: measured=2.000654965844313e-07 threshold=>=0.5; cond_strain: measured=0.99999225267298097 threshold=<=0.5; cond_mac: measured=4.7104729818071824e-22 threshold=>=0.80000000000000004,0,0,0,converged; residual=7.6497179643958122e-10
inf,30,diagnostic,10,80,14,138.849153214527,3.43481539221885e-05,3.43481539221885e-05,3.43481539221885e-05,1.84720201443826e-05,0.999973538060355,0.99998103477007,1,0,1,0,0,cond_kinetic: measured=1.8472020144382627e-05 threshold=>=0.5; cond_strain: measured=0.99997353806035538 threshold=<=0.5; cond_mac: measured=3.4348153922188469e-05 threshold=>=0.80000000000000004,0,0,0,converged; residual=7.8553668616351026e-10
inf,30,diagnostic,10,80,15,138.849457341611,2.68664148722712e-12,2.68664148722712e-12,2.68664148722712e-12,1.3828751200634e-06,0.999995546956451,0.999998573631303,1,0,1,0,0,cond_kinetic: measured=1.3828751200633965e-06 threshold=>=0.5; cond_strain: measured=0.99999554695645076 threshold=<=0.5; cond_mac: measured=2.6866414872271241e-12 threshold=>=0.80000000000000004,0,0,0,converged; residual=4.7764873034189714e-10
inf,30,diagnostic,10,80,16,139.771401168576,6.52921682685778e-21,6.52921682685778e-21,6.52921682685778e-21,2.40087126157497e-06,0.999989358234621,0.999997528020568,1,0,1,0,0,cond_kinetic: measured=2.4008712615749681e-06 threshold=>=0.5; cond_strain: measured=0.99998935823462065 threshold=<=0.5; cond_mac: measured=6.5292168268577785e-21 threshold=>=0.80000000000000004,0,0,0,converged; residual=4.6804125301157131e-10
inf,30,diagnostic,10,80,17,140.165496162634,5.35727938814754e-06,5.35727938814754e-06,5.35727938814754e-06,3.23211242359539e-06,0.999992069933663,0.99999668457472,1,0,1,0,0,cond_kinetic: measured=3.2321124235953894e-06 threshold=>=0.5; cond_strain: measured=0.99999206993366307 threshold=<=0.5; cond_mac: measured=5.3572793881475384e-06 threshold=>=0.80000000000000004,0,0,0,converged; residual=6.8290367991644726e-10
inf,30,diagnostic,10,80,18,140.858547847465,5.9251207948434e-22,5.9251207948434e-22,5.9251207948434e-22,1.92418494489912e-07,0.999996242562236,0.999999804263937,1,0,1,0,0,cond_kinetic: measured=1.9241849448991193e-07 threshold=>=0.5; cond_strain: measured=0.99999624256223585 threshold=<=0.5; cond_mac: measured=5.9251207948434035e-22 threshold=>=0.80000000000000004,0,0,0,converged; residual=6.0113826415357842e-10
inf,30,diagnostic,10,80,19,142.540036352086,5.38720116557133e-22,5.38720116557133e-22,5.38720116557133e-22,3.54052995640742e-06,0.999986266257939,0.999996353572367,1,0,1,0,0,cond_kinetic: measured=3.5405299564074199e-06 threshold=>=0.5; cond_strain: measured=0.99998626625793918 threshold=<=0.5; cond_mac: measured=5.3872011655713268e-22 threshold=>=0.80000000000000004,0,0,0,converged; residual=6.358038443409612e-10
inf,30,diagnostic,10,80,20,144.039909486519,8.80586294397773e-06,8.80586294397773e-06,8.80586294397773e-06,5.85407418008025e-06,0.99998876026591,0.999993997573956,1,0,1,0,0,cond_kinetic: measured=5.8540741800802508e-06 threshold=>=0.5; cond_strain: measured=0.99998876026591044 threshold=<=0.5; cond_mac: measured=8.8058629439777324e-06 threshold=>=0.80000000000000004,0,0,0,converged; residual=7.4049933628305982e-10
inf,30,diagnostic,10,80,21,144.148650076757,3.42884332049686e-20,3.42884332049686e-20,3.42884332049686e-20,1.19644628420959e-08,0.999997426204157,0.999999987701153,1,0,1,0,0,cond_kinetic: measured=1.196446284209592e-08 threshold=>=0.5; cond_strain: measured=0.99999742620415744 threshold=<=0.5; cond_mac: measured=3.4288433204968633e-20 threshold=>=0.80000000000000004,0,0,0,converged; residual=4.5004552344487608e-10
inf,30,diagnostic,10,80,22,145.70920515051,1.47102341865539e-20,1.47102341865539e-20,1.47102341865539e-20,1.56753851814406e-08,0.999999188056632,0.999999983724782,1,0,1,0,0,cond_kinetic: measured=1.5675385181440555e-08 threshold=>=0.5; cond_strain: measured=0.99999918805663202 threshold=<=0.5; cond_mac: measured=1.471023418655392e-20 threshold=>=0.80000000000000004,0,0,0,converged; residual=7.7678289065770436e-10
inf,30,diagnostic,10,80,23,145.709217325073,3.55240158404114e-21,3.55240158404114e-21,3.55240158404114e-21,8.03000286940382e-09,0.999999363042071,0.99999999179724,1,0,1,0,0,cond_kinetic: measured=8.030002869403819e-09 threshold=>=0.5; cond_strain: measured=0.99999936304207138 threshold=<=0.5; cond_mac: measured=3.5524015840411386e-21 threshold=>=0.80000000000000004,0,0,0,converged; residual=6.4039138157612736e-10
inf,30,diagnostic,10,80,24,145.794155650929,1.28916755138942e-21,1.28916755138942e-21,1.28916755138942e-21,1.32835582340972e-08,0.999997811215693,0.999999986352126,1,0,1,0,0,cond_kinetic: measured=1.3283558234097189e-08 threshold=>=0.5; cond_strain: measured=0.99999781121569264 threshold=<=0.5; cond_mac: measured=1.2891675513894179e-21 threshold=>=0.80000000000000004,0,0,0,converged; residual=5.0250203827246696e-10
inf,30,diagnostic,10,80,25,146.884253902151,2.30332897257201e-22,2.30332897257201e-22,2.30332897257201e-22,7.30347331182873e-07,0.999995746258238,0.999999247700394,1,0,1,0,0,cond_kinetic: measured=7.303473311828728e-07 threshold=>=0.5; cond_strain: measured=0.99999574625823795 threshold=<=0.5; cond_mac: measured=2.3033289725720078e-22 threshold=>=0.80000000000000004,0,0,0,converged; residual=5.20231616433293e-10
inf,30,diagnostic,10,80,26,147.239954530134,2.41915344533373e-22,2.41915344533373e-22,2.41915344533373e-22,2.16887383868981e-08,0.999998404072196,0.999999977508358,1,0,1,0,0,cond_kinetic: measured=2.1688738386898146e-08 threshold=>=0.5; cond_strain: measured=0.99999840407219642 threshold=<=0.5; cond_mac: measured=2.4191534453337292e-22 threshold=>=0.80000000000000004,0,0,0,converged; residual=7.868741520552976e-10
inf,30,diagnostic,10,80,27,148.535813534659,2.52044018352389e-23,2.52044018352389e-23,2.52044018352389e-23,1.15185913123785e-07,0.999997205318039,0.999999882809264,1,0,1,0,0,cond_kinetic: measured=1.1518591312378461e-07 threshold=>=0.5; cond_strain: measured=0.99999720531803904 threshold=<=0.5; cond_mac: measured=2.5204401835238905e-23 threshold=>=0.80000000000000004,0,0,0,converged; residual=5.0776669656107258e-10
inf,30,diagnostic,10,80,28,148.816195650025,1.26774167237694e-06,1.26774167237694e-06,1.26774167237694e-06,9.39961188185774e-07,0.999995615560185,0.999999036676881,1,0,1,0,0,cond_kinetic: measured=9.3996118818577437e-07 threshold=>=0.5; cond_strain: measured=0.99999561556018457 threshold=<=0.5; cond_mac: measured=1.2677416723769442e-06 threshold=>=0.80000000000000004,0,0,0,converged; residual=6.444276325385653e-10
inf,30,diagnostic,10,80,29,153.11675755725,1.28932672966281e-21,1.28932672966281e-21,1.28932672966281e-21,5.53263592667298e-10,0.999998446727303,0.999999999400245,1,0,1,0,0,cond_kinetic: measured=5.5326359266729763e-10 threshold=>=0.5; cond_strain: measured=0.99999844672730287 threshold=<=0.5; cond_mac: measured=1.2893267296628091e-21 threshold=>=0.80000000000000004,0,0,0,converged; residual=4.6407703035850852e-10
inf,30,diagnostic,10,80,30,153.223948101846,3.83842695263123e-21,3.83842695263123e-21,3.83842695263123e-21,9.25439650728635e-09,0.999998283793735,0.999999990409963,1,0,1,0,0,cond_kinetic: measured=9.2543965072863498e-09 threshold=>=0.5; cond_strain: measured=0.99999828379373468 threshold=<=0.5; cond_mac: measured=3.8384269526312299e-21 threshold=>=0.80000000000000004,0,0,0,converged; residual=4.4779252163212151e-10
inf,30,diagnostic,10,80,31,155.443544069908,5.58862924132518e-05,5.58862924132518e-05,5.58862924132518e-05,4.77161378308369e-05,0.999946154221677,0.999951029533501,1,0,1,0,0,cond_kinetic: measured=4.7716137830836854e-05 threshold=>=0.5; cond_strain: measured=0.9999461542216771 threshold=<=0.5; cond_mac: measured=5.5886292413251795e-05 threshold=>=0.80000000000000004,0,0,0,converged; residual=6.3701557505032161e-10
inf,30,diagnostic,10,80,32,155.685268305094,4.6010736670062e-20,4.6010736670062e-20,4.6010736670062e-20,2.49124422181535e-08,0.999998701519123,0.999999974649113,1,0,1,0,0,cond_kinetic: measured=2.4912442218153498e-08 threshold=>=0.5; cond_strain: measured=0.9999987015191234 threshold=<=0.5; cond_mac: measured=4.6010736670061995e-20 threshold=>=0.80000000000000004,0,0,0,converged; residual=2.9616979620407412e-10
inf,30,diagnostic,10,80,33,155.809112094103,0.00610195391200716,0.00610195391200716,0.00610195391200716,0.00524265927788919,0.994256537613737,0.994618712017641,1,0,1,0,0,cond_kinetic: measured=0.0052426592778891928 threshold=>=0.5; cond_strain: measured=0.99425653761373678 threshold=<=0.5; cond_mac: measured=0.0061019539120071584 threshold=>=0.80000000000000004,0,0,0,converged; residual=7.4682431967049769e-10
inf,30,diagnostic,10,80,34,155.832762431564,2.52817308307788e-13,2.52817308307788e-13,2.52817308307788e-13,3.01331784098981e-05,0.999936993720569,0.999968916886152,1,0,1,0,0,cond_kinetic: measured=3.0133178409898082e-05 threshold=>=0.5; cond_strain: measured=0.99993699372056866 threshold=<=0.5; cond_mac: measured=2.5281730830778771e-13 threshold=>=0.80000000000000004,0,0,0,converged; residual=4.4407051068727697e-10
inf,30,diagnostic,10,80,35,159.562294096786,2.3656234579561e-20,2.3656234579561e-20,2.3656234579561e-20,6.8681447317853e-08,0.999998215691273,0.999999929169689,1,0,1,0,0,cond_kinetic: measured=6.8681447317853003e-08 threshold=>=0.5; cond_strain: measured=0.99999821569127301 threshold=<=0.5; cond_mac: measured=2.3656234579560998e-20 threshold=>=0.80000000000000004,0,0,0,converged; residual=4.2758922630924946e-10
inf,30,diagnostic,10,80,36,160.256043107648,1.90262689724244e-18,1.90262689724244e-18,1.90262689724244e-18,6.44653573811684e-10,0.999998272844607,0.999999999297135,1,0,1,0,0,cond_kinetic: measured=6.4465357381168385e-10 threshold=>=0.5; cond_strain: measured=0.99999827284460741 threshold=<=0.5; cond_mac: measured=1.9026268972424416e-18 threshold=>=0.80000000000000004,0,0,0,converged; residual=4.0964180985046456e-10
inf,30,diagnostic,10,80,37,160.468930974883,0.96635013951059,0.96635013951059,0.96635013951059,0.93538801585104,0.0344454709705502,0.0399638039109257,1,1,1,1,1,,1,1,0,converged; residual=6.8133885052096506e-10
inf,30,diagnostic,10,80,38,162.454775445305,1.10361539537022e-07,1.10361539537022e-07,1.10361539537022e-07,1.1541235071175e-07,0.999998390854894,0.999999881347463,1,0,1,0,0,cond_kinetic: measured=1.1541235071175048e-07 threshold=>=0.5; cond_strain: measured=0.99999839085489417 threshold=<=0.5; cond_mac: measured=1.1036153953702189e-07 threshold=>=0.80000000000000004,0,0,0,converged; residual=3.628417599202147e-10
inf,30,diagnostic,10,80,39,163.399955618238,9.96695621055179e-17,9.96695621055179e-17,9.96695621055179e-17,8.10960633419592e-05,0.999846342063444,0.999916346001498,1,0,1,0,0,cond_kinetic: measured=8.1096063341959198e-05 threshold=>=0.5; cond_strain: measured=0.99984634206344392 threshold=<=0.5; cond_mac: measured=9.9669562105517907e-17 threshold=>=0.80000000000000004,0,0,0,converged; residual=4.5046509590363471e-10
inf,30,diagnostic,10,80,40,163.417235185237,6.96144478502379e-23,6.96144478502379e-23,6.96144478502379e-23,8.09003752680921e-10,0.999998487665971,0.999999999151921,1,0,1,0,0,cond_kinetic: measured=8.0900375268092137e-10 threshold=>=0.5; cond_strain: measured=0.99999848766597133 threshold=<=0.5; cond_mac: measured=6.961444785023785e-23 threshold=>=0.80000000000000004,0,0,0,converged; residual=3.4105957826314503e-10
inf,30,diagnostic,10,80,41,163.490515560044,0.0263543348119705,0.0263543348119705,0.0263543348119705,0.0274927812281861,0.972656200722718,0.971784517546293,1,0,1,0,0,cond_kinetic: measured=0.027492781228186054 threshold=>=0.5; cond_strain: measured=0.9726562007227183 threshold=<=0.5; cond_mac: measured=0.026354334811970543 threshold=>=0.80000000000000004,0,0,0,converged; residual=6.0695255383877259e-10
inf,30,diagnostic,10,80,42,166.540000973715,2.95938762924876e-19,2.95938762924876e-19,2.95938762924876e-19,2.12549859544761e-08,0.99999900057236,0.99999997794106,1,0,1,0,0,cond_kinetic: measured=2.1254985954476081e-08 threshold=>=0.5; cond_strain: measured=0.99999900057235991 threshold=<=0.5; cond_mac: measured=2.9593876292487576e-19 threshold=>=0.80000000000000004,0,0,0,converged; residual=6.0005670749440511e-10
inf,30,diagnostic,10,80,43,166.540014575051,1.99980368879833e-20,1.99980368879833e-20,1.99980368879833e-20,1.65767397496796e-08,0.999999168856844,0.999999983078606,1,0,1,0,0,cond_kinetic: measured=1.6576739749679615e-08 threshold=>=0.5; cond_strain: measured=0.99999916885684403 threshold=<=0.5; cond_mac: measured=1.9998036887983301e-20 threshold=>=0.80000000000000004,0,0,0,converged; residual=4.6124555157521773e-10
inf,30,diagnostic,10,80,44,166.783694587697,4.98370238003864e-21,4.98370238003864e-21,4.98370238003864e-21,1.23115378431911e-08,0.999999106551511,0.999999987268593,1,0,1,0,0,cond_kinetic: measured=1.2311537843191143e-08 threshold=>=0.5; cond_strain: measured=0.99999910655151081 threshold=<=0.5; cond_mac: measured=4.9837023800386388e-21 threshold=>=0.80000000000000004,0,0,0,converged; residual=3.6037676470947143e-10
inf,30,diagnostic,10,80,45,168.068759910794,1.53245325850093e-21,1.53245325850093e-21,1.53245325850093e-21,3.05243151011369e-09,0.999999113146409,0.999999996824401,1,0,1,0,0,cond_kinetic: measured=3.0524315101136851e-09 threshold=>=0.5; cond_strain: measured=0.99999911314640888 threshold=<=0.5; cond_mac: measured=1.5324532585009334e-21 threshold=>=0.80000000000000004,0,0,0,converged; residual=4.3617782449028217e-10
inf,30,diagnostic,10,80,46,170.270126615221,1.29990967432332e-05,1.29990967432332e-05,1.29990967432332e-05,1.58771743298045e-05,0.999984562576224,0.999983702649513,1,0,1,0,0,cond_kinetic: measured=1.5877174329804472e-05 threshold=>=0.5; cond_strain: measured=0.99998456257622415 threshold=<=0.5; cond_mac: measured=1.2999096743233198e-05 threshold=>=0.80000000000000004,0,0,0,converged; residual=5.4398717505307483e-10
inf,30,diagnostic,10,80,47,171.096444443118,1.49340221272562e-20,1.49340221272562e-20,1.49340221272562e-20,4.39148917327834e-07,0.999991571553236,0.999999544365328,1,0,1,0,0,cond_kinetic: measured=4.3914891732783426e-07 threshold=>=0.5; cond_strain: measured=0.99999157155323626 threshold=<=0.5; cond_mac: measured=1.4934022127256188e-20 threshold=>=0.80000000000000004,0,0,0,converged; residual=5.0968119085215223e-10
inf,30,diagnostic,10,80,48,171.096717133915,1.407330024947e-19,1.407330024947e-19,1.407330024947e-19,3.07261065432495e-07,0.999994900053576,0.999999686361772,1,0,1,0,0,cond_kinetic: measured=3.0726106543249466e-07 threshold=>=0.5; cond_strain: measured=0.99999490005357561 threshold=<=0.5; cond_mac: measured=1.4073300249469971e-19 threshold=>=0.80000000000000004,0,0,0,converged; residual=3.2485643905743298e-10
inf,30,diagnostic,10,80,49,171.742184265813,1.31642156448406e-22,1.31642156448406e-22,1.31642156448406e-22,3.59160674656223e-08,0.999999058206796,0.999999963488415,1,0,1,0,0,cond_kinetic: measured=3.5916067465622343e-08 threshold=>=0.5; cond_strain: measured=0.99999905820679558 threshold=<=0.5; cond_mac: measured=1.316421564484058e-22 threshold=>=0.80000000000000004,0,0,0,converged; residual=3.0122559416557171e-10
inf,30,diagnostic,10,80,50,172.464034318446,1.7230461368251e-13,1.7230461368251e-13,1.7230461368251e-13,3.02850753455671e-07,0.999997030328048,0.999999688238921,1,0,1,0,0,cond_kinetic: measured=3.0285075345567108e-07 threshold=>=0.5; cond_strain: measured=0.99999703032804788 threshold=<=0.5; cond_mac: measured=1.7230461368251039e-13 threshold=>=0.80000000000000004,0,0,0,converged; residual=4.7153523327636599e-10
inf,30,diagnostic,10,80,51,172.464086207097,2.19128603406506e-06,2.19128603406506e-06,2.19128603406506e-06,2.92779990542547e-06,0.999994923741217,0.999996993768797,1,0,1,0,0,cond_kinetic: measured=2.9277999054254741e-06 threshold=>=0.5; cond_strain: measured=0.99999492374121712 threshold=<=0.5; cond_mac: measured=2.1912860340650602e-06 threshold=>=0.80000000000000004,0,0,0,converged; residual=4.8840871336307867e-10
inf,30,diagnostic,10,80,52,172.517805923408,4.42145351961836e-22,4.42145351961836e-22,4.42145351961836e-22,3.90519462243328e-07,0.999998314705888,0.999999597502533,1,0,1,0,0,cond_kinetic: measured=3.9051946224332783e-07 threshold=>=0.5; cond_strain: measured=0.99999831470588763 threshold=<=0.5; cond_mac: measured=4.4214535196183648e-22 threshold=>=0.80000000000000004,0,0,0,converged; residual=2.9380863630603987e-10
inf,30,diagnostic,10,80,53,173.893394267581,2.10710682134715e-22,2.10710682134715e-22,2.10710682134715e-22,8.16222568649072e-10,0.999999003212363,0.999999999136108,1,0,1,0,0,cond_kinetic: measured=8.1622256864907217e-10 threshold=>=0.5; cond_strain: measured=0.99999900321236301 threshold=<=0.5; cond_mac: measured=2.1071068213471509e-22 threshold=>=0.80000000000000004,0,0,0,converged; residual=3.698656651046687e-10
inf,30,diagnostic,10,80,54,176.416435883248,1.02475580144496e-07,1.02475580144496e-07,1.02475580144496e-07,1.42955813865419e-07,0.999998905700556,0.999999852923107,1,0,1,0,0,cond_kinetic: measured=1.4295581386541926e-07 threshold=>=0.5; cond_strain: measured=0.99999890570055616 threshold=<=0.5; cond_mac: measured=1.0247558014449639e-07 threshold=>=0.80000000000000004,0,0,0,converged; residual=3.6754251368468547e-10
inf,30,diagnostic,10,80,55,177.406425419885,1.82347938305113e-13,1.82347938305113e-13,1.82347938305113e-13,1.39372707982421e-05,0.999976970264508,0.999985625167495,1,0,1,0,0,cond_kinetic: measured=1.3937270798242114e-05 threshold=>=0.5; cond_strain: measured=0.99997697026450771 threshold=<=0.5; cond_mac: measured=1.8234793830511338e-13 threshold=>=0.80000000000000004,0,0,0,converged; residual=4.0120680556693614e-10
inf,30,diagnostic,10,80,56,177.408410910273,5.58510132800666e-05,5.58510132800666e-05,5.58510132800666e-05,8.08649214344402e-05,0.99993040018102,0.9999170334539,1,0,1,0,0,cond_kinetic: measured=8.0864921434440227e-05 threshold=>=0.5; cond_strain: measured=0.99993040018102042 threshold=<=0.5; cond_mac: measured=5.585101328006664e-05 threshold=>=0.80000000000000004,0,0,0,converged; residual=7.1912789914597493e-10
inf,30,diagnostic,10,80,57,177.670590972669,2.59209640998072e-22,2.59209640998072e-22,2.59209640998072e-22,2.29749451490328e-08,0.999998956002615,0.999999976647332,1,0,1,0,0,cond_kinetic: measured=2.2974945149032781e-08 threshold=>=0.5; cond_strain: measured=0.99999895600261524 threshold=<=0.5; cond_mac: measured=2.5920964099807248e-22 threshold=>=0.80000000000000004,0,0,0,converged; residual=3.255624631310118e-10
inf,30,diagnostic,10,80,58,180.846057159963,8.47539875557817e-24,8.47539875557817e-24,8.47539875557817e-24,1.00082338054728e-06,0.999991786557148,0.999998979933844,1,0,1,0,0,cond_kinetic: measured=1.0008233805472836e-06 threshold=>=0.5; cond_strain: measured=0.99999178655714793 threshold=<=0.5; cond_mac: measured=8.4753987555781653e-24 threshold=>=0.80000000000000004,0,0,0,converged; residual=2.8016410870661926e-10
inf,30,diagnostic,10,80,59,180.846159825499,1.07058241563031e-20,1.07058241563031e-20,1.07058241563031e-20,1.06443884818023e-07,0.999993832124331,0.999999889582131,1,0,1,0,0,cond_kinetic: measured=1.0644388481802262e-07 threshold=>=0.5; cond_strain: measured=0.99999383212433079 threshold=<=0.5; cond_mac: measured=1.0705824156303105e-20 threshold=>=0.80000000000000004,0,0,0,converged; residual=3.9465820854978597e-10
inf,30,diagnostic,10,80,60,182.435244841944,7.8349723815168e-18,7.8349723815168e-18,7.8349723815168e-18,1.50955538521693e-05,0.999975866638489,0.999984437053243,1,0,1,0,0,cond_kinetic: measured=1.5095553852169319e-05 threshold=>=0.5; cond_strain: measured=0.9999758666384887 threshold=<=0.5; cond_mac: measured=7.8349723815168012e-18 threshold=>=0.80000000000000004,0,0,0,converged; residual=4.6179972055929739e-10
inf,30,diagnostic,10,80,61,182.606054473069,2.87890701626417e-05,2.87890701626417e-05,2.87890701626417e-05,4.68350441499669e-05,0.999960784212418,0.999951938954015,1,0,1,0,0,cond_kinetic: measured=4.6835044149966928e-05 threshold=>=0.5; cond_strain: measured=0.99996078421241819 threshold=<=0.5; cond_mac: measured=2.8789070162641744e-05 threshold=>=0.80000000000000004,0,0,0,converged; residual=7.0269401026441372e-10
inf,30,diagnostic,10,80,62,186.222606056867,2.25558609483404e-21,2.25558609483404e-21,2.25558609483404e-21,4.91644242867988e-06,0.999992459618248,0.999994932045034,1,0,1,0,0,cond_kinetic: measured=4.9164424286798848e-06 threshold=>=0.5; cond_strain: measured=0.99999245961824845 threshold=<=0.5; cond_mac: measured=2.2555860948340406e-21 threshold=>=0.80000000000000004,0,0,0,converged; residual=3.5894440541029625e-10
inf,30,diagnostic,10,80,63,186.578243650712,3.89617975988339e-13,3.89617975988339e-13,3.89617975988339e-13,2.28519315583189e-05,0.999966470663538,0.999976432098202,1,0,1,0,0,cond_kinetic: measured=2.285193155831893e-05 threshold=>=0.5; cond_strain: measured=0.99996647066353783 threshold=<=0.5; cond_mac: measured=3.8961797598833937e-13 threshold=>=0.80000000000000004,0,0,0,converged; residual=4.7942123457778159e-10
inf,30,diagnostic,10,80,64,186.579898488179,1.93992950734012e-05,1.93992950734012e-05,1.93992950734012e-05,3.41289578085609e-05,0.99997268251525,0.999964991181633,1,0,1,0,0,cond_kinetic: measured=3.4128957808560887e-05 threshold=>=0.5; cond_strain: measured=0.99997268251525007 threshold=<=0.5; cond_mac: measured=1.9399295073401231e-05 threshold=>=0.80000000000000004,0,0,0,converged; residual=5.6348407952969062e-10
inf,30,diagnostic,10,80,65,186.95406187892,3.42733397949239e-23,3.42733397949239e-23,3.42733397949239e-23,9.68790954882488e-09,0.999999399628391,0.999999989967803,1,0,1,0,0,cond_kinetic: measured=9.6879095488248846e-09 threshold=>=0.5; cond_strain: measured=0.99999939962839113 threshold=<=0.5; cond_mac: measured=3.4273339794923852e-23 threshold=>=0.80000000000000004,0,0,0,converged; residual=3.4378674614778846e-10
inf,30,diagnostic,10,80,66,188.379143123774,1.24429154088159e-22,1.24429154088159e-22,1.24429154088159e-22,4.80152655160578e-08,0.999999151715296,0.999999951111316,1,0,1,0,0,cond_kinetic: measured=4.8015265516057753e-08 threshold=>=0.5; cond_strain: measured=0.99999915171529585 threshold=<=0.5; cond_mac: measured=1.244291540881591e-22 threshold=>=0.80000000000000004,0,0,0,converged; residual=3.3776519713069816e-10
inf,30,diagnostic,10,80,67,188.821479605782,2.08939987670883e-21,2.08939987670883e-21,2.08939987670883e-21,1.66811583081263e-09,0.999999300552625,0.999999998259895,1,0,1,0,0,cond_kinetic: measured=1.6681158308126271e-09 threshold=>=0.5; cond_strain: measured=0.99999930055262476 threshold=<=0.5; cond_mac: measured=2.0893998767088255e-21 threshold=>=0.80000000000000004,0,0,0,converged; residual=3.8497152925781091e-10
inf,30,diagnostic,10,80,68,189.393135500377,1.07003058792474e-05,1.07003058792474e-05,1.07003058792474e-05,2.03266087330089e-05,0.999983774685495,0.99997914489015,1,0,1,0,0,cond_kinetic: measured=2.0326608733008917e-05 threshold=>=0.5; cond_strain: measured=0.99998377468549493 threshold=<=0.5; cond_mac: measured=1.0700305879247421e-05 threshold=>=0.80000000000000004,0,0,0,converged; residual=5.622285172648312e-10
inf,30,diagnostic,10,80,69,189.57935677273,9.21608719836732e-19,9.21608719836732e-19,9.21608719836732e-19,2.16494281601918e-05,0.999969264376631,0.999977680542785,1,0,1,0,0,cond_kinetic: measured=2.1649428160191823e-05 threshold=>=0.5; cond_strain: measured=0.99996926437663092 threshold=<=0.5; cond_mac: measured=9.2160871983673207e-19 threshold=>=0.80000000000000004,0,0,0,converged; residual=4.7247945694621676e-10
inf,30,diagnostic,10,80,70,192.017586372022,1.72009116674159e-21,1.72009116674159e-21,1.72009116674159e-21,1.9230121752965e-07,0.999998388184725,0.999999804061545,1,0,1,0,0,cond_kinetic: measured=1.9230121752964966e-07 threshold=>=0.5; cond_strain: measured=0.99999838818472475 threshold=<=0.5; cond_mac: measured=1.7200911667415876e-21 threshold=>=0.80000000000000004,0,0,0,converged; residual=3.4072117666735055e-10
inf,30,diagnostic,10,80,71,192.017590121882,1.97754006388575e-23,1.97754006388575e-23,1.97754006388575e-23,3.56919479405117e-08,0.999998586676,0.999999962961236,1,0,1,0,0,cond_kinetic: measured=3.5691947940511701e-08 threshold=>=0.5; cond_strain: measured=0.9999985866759995 threshold=<=0.5; cond_mac: measured=1.9775400638857539e-23 threshold=>=0.80000000000000004,0,0,0,converged; residual=4.5653598518596117e-10
inf,30,diagnostic,10,80,72,194.008656966197,1.3370256749477e-06,1.3370256749477e-06,1.3370256749477e-06,2.71603885871442e-06,0.999997296089592,0.999997210036658,1,0,1,0,0,cond_kinetic: measured=2.716038858714416e-06 threshold=>=0.5; cond_strain: measured=0.99999729608959231 threshold=<=0.5; cond_mac: measured=1.3370256749477037e-06 threshold=>=0.80000000000000004,0,0,0,converged; residual=3.9473438421908379e-10
inf,30,diagnostic,10,80,73,194.606402124508,1.61647191338613e-12,1.61647191338613e-12,1.61647191338613e-12,3.90452608571917e-07,0.99999770835021,0.999999596051967,1,0,1,0,0,cond_kinetic: measured=3.9045260857191669e-07 threshold=>=0.5; cond_strain: measured=0.99999770835020985 threshold=<=0.5; cond_mac: measured=1.6164719133861325e-12 threshold=>=0.80000000000000004,0,0,0,converged; residual=3.1042023428693062e-10
inf,30,diagnostic,10,80,74,194.606418294661,5.90378974347399e-08,5.90378974347399e-08,5.90378974347399e-08,2.02467578176134e-07,0.999998072308503,0.999999792685703,1,0,1,0,0,cond_kinetic: measured=2.0246757817613432e-07 threshold=>=0.5; cond_strain: measured=0.99999807230850335 threshold=<=0.5; cond_mac: measured=5.9037897434739918e-08 threshold=>=0.80000000000000004,0,0,0,converged; residual=2.3196280719921127e-10
inf,30,diagnostic,10,80,75,194.913915340269,1.22374065708952e-21,1.22374065708952e-21,1.22374065708952e-21,1.60104812487546e-07,0.999998792362791,0.999999837301923,1,0,1,0,0,cond_kinetic: measured=1.6010481248754613e-07 threshold=>=0.5; cond_strain: measured=0.99999879236279143 threshold=<=0.5; cond_mac: measured=1.2237406570895193e-21 threshold=>=0.80000000000000004,0,0,0,converged; residual=2.4214760872106213e-10
inf,30,diagnostic,10,80,76,195.265180358982,2.33456429385925e-20,2.33456429385925e-20,2.33456429385925e-20,7.69883802758619e-07,0.999995633759164,0.999999215824356,1,0,1,0,0,cond_kinetic: measured=7.6988380275861884e-07 threshold=>=0.5; cond_strain: measured=0.99999563375916412 threshold=<=0.5; cond_mac: measured=2.3345642938592504e-20 threshold=>=0.80000000000000004,0,0,0,converged; residual=2.8503584674581786e-10
inf,30,diagnostic,10,80,77,195.26525973344,1.66892139033285e-22,1.66892139033285e-22,1.66892139033285e-22,3.94253093621034e-08,0.999997192521652,0.999999959118534,1,0,1,0,0,cond_kinetic: measured=3.9425309362103415e-08 threshold=>=0.5; cond_strain: measured=0.99999719252165176 threshold=<=0.5; cond_mac: measured=1.6689213903328487e-22 threshold=>=0.80000000000000004,0,0,0,converged; residual=3.0269349293918329e-10
inf,30,diagnostic,10,80,78,197.128248900914,4.14349677003547e-17,4.14349677003547e-17,4.14349677003547e-17,0.000105804333712319,0.999862512836935,0.999890872374537,1,0,1,0,0,cond_kinetic: measured=0.00010580433371231868 threshold=>=0.5; cond_strain: measured=0.99986251283693484 threshold=<=0.5; cond_mac: measured=4.1434967700354709e-17 threshold=>=0.80000000000000004,0,0,0,converged; residual=5.4983298600620577e-10
inf,30,diagnostic,10,80,79,197.131802994865,1.406779694736e-05,1.406779694736e-05,1.406779694736e-05,3.33453288036381e-05,0.999973844150037,0.999965811471288,1,0,1,0,0,cond_kinetic: measured=3.3345328803638071e-05 threshold=>=0.5; cond_strain: measured=0.99997384415003709 threshold=<=0.5; cond_mac: measured=1.4067796947360021e-05 threshold=>=0.80000000000000004,0,0,0,converged; residual=4.1446116568415623e-10
inf,30,diagnostic,10,80,80,199.521409756639,6.49016488493009e-21,6.49016488493009e-21,6.49016488493009e-21,1.48861666639154e-07,0.999996756007163,0.999999845512168,1,0,1,0,0,cond_kinetic: measured=1.4886166663915399e-07 threshold=>=0.5; cond_strain: measured=0.99999675600716265 threshold=<=0.5; cond_mac: measured=6.4901648849300932e-21 threshold=>=0.80000000000000004,0,0,0,converged; residual=4.3316947369120894e-10
inf,40,diagnostic,11,40,1,127.503325492162,1.53397251628399e-22,1.53397251628399e-22,1.53397251628399e-22,5.93420254630416e-08,0.999997655450771,0.999999938422757,1,0,1,0,0,cond_kinetic: measured=5.9342025463041593e-08 threshold=>=0.5; cond_strain: measured=0.99999765545077057 threshold=<=0.5; cond_mac: measured=1.5339725162839871e-22 threshold=>=0.80000000000000004,0,0,0,converged; residual=1.1033857644634045e-09
inf,40,diagnostic,11,40,2,127.503381023637,3.06895109996306e-19,3.06895109996306e-19,3.06895109996306e-19,1.22885395993034e-08,0.999998575385908,0.999999987338342,1,0,1,0,0,cond_kinetic: measured=1.228853959930339e-08 threshold=>=0.5; cond_strain: measured=0.99999857538590786 threshold=<=0.5; cond_mac: measured=3.0689510999630604e-19 threshold=>=0.80000000000000004,0,0,0,converged; residual=9.2705461964792983e-10
inf,40,diagnostic,11,40,3,127.839735525216,7.83941093175398e-07,7.83941093175398e-07,7.83941093175398e-07,2.55267417816669e-07,0.999998372754239,0.999999737414189,1,0,1,0,0,cond_kinetic: measured=2.5526741781666908e-07 threshold=>=0.5; cond_strain: measured=0.99999837275423886 threshold=<=0.5; cond_mac: measured=7.8394109317539788e-07 threshold=>=0.80000000000000004,0,0,0,converged; residual=1.2099450047373353e-09
inf,40,diagnostic,11,40,4,127.83974052498,1.00021517765878e-10,1.00021517765878e-10,1.00021517765878e-10,3.17405454066021e-08,0.999998681333932,0.999999967184053,1,0,1,0,0,cond_kinetic: measured=3.1740545406602142e-08 threshold=>=0.5; cond_strain: measured=0.99999868133393188 threshold=<=0.5; cond_mac: measured=1.0002151776587757e-10 threshold=>=0.80000000000000004,0,0,0,converged; residual=1.020579790717461e-09
inf,40,diagnostic,11,40,5,139.954018717685,1.32824868490364e-23,1.32824868490364e-23,1.32824868490364e-23,4.0364544890618e-07,0.999991427641349,0.999999582636217,1,0,1,0,0,cond_kinetic: measured=4.0364544890618004e-07 threshold=>=0.5; cond_strain: measured=0.99999142764134885 threshold=<=0.5; cond_mac: measured=1.3282486849036394e-23 threshold=>=0.80000000000000004,0,0,0,converged; residual=1.2066506019989793e-09
inf,40,diagnostic,11,40,6,141.106837459613,4.44064524020088e-25,4.44064524020088e-25,4.44064524020088e-25,6.0524742664985e-07,0.999995141915905,0.999999381011008,1,0,1,0,0,cond_kinetic: measured=6.0524742664984953e-07 threshold=>=0.5; cond_strain: measured=0.99999514191590522 threshold=<=0.5; cond_mac: measured=4.440645240200877e-25 threshold=>=0.80000000000000004,0,0,0,converged; residual=9.0039553301429491e-10
inf,40,diagnostic,11,40,7,144.468756616626,1.7437305781442e-20,1.7437305781442e-20,1.7437305781442e-20,5.27489105145545e-06,0.999984470899934,0.999994571987201,1,0,1,0,0,cond_kinetic: measured=5.2748910514554538e-06 threshold=>=0.5; cond_strain: measured=0.99998447089993392 threshold=<=0.5; cond_mac: measured=1.7437305781441985e-20 threshold=>=0.80000000000000004,0,0,0,converged; residual=7.8781581830683229e-10
inf,40,diagnostic,11,40,8,144.696361295151,1.49517778212617e-06,1.49517778212617e-06,1.49517778212617e-06,1.19711650537308e-06,0.999995902633939,0.999998771836979,1,0,1,0,0,cond_kinetic: measured=1.1971165053730757e-06 threshold=>=0.5; cond_strain: measured=0.99999590263393856 threshold=<=0.5; cond_mac: measured=1.4951777821261738e-06 threshold=>=0.80000000000000004,0,0,0,converged; residual=8.7006551860043488e-10
inf,40,diagnostic,11,40,9,147.098436085996,1.91869769554475e-23,1.91869769554475e-23,1.91869769554475e-23,1.6603495268161e-08,0.999998014190832,0.999999982947404,1,0,1,0,0,cond_kinetic: measured=1.6603495268160959e-08 threshold=>=0.5; cond_strain: measured=0.99999801419083212 threshold=<=0.5; cond_mac: measured=1.9186976955447541e-23 threshold=>=0.80000000000000004,0,0,0,converged; residual=7.2835253265408e-10
inf,40,diagnostic,11,40,10,149.283894342243,5.47148346015829e-23,5.47148346015829e-23,5.47148346015829e-23,5.64292229482113e-07,0.999996991412209,0.999999419474072,1,0,1,0,0,cond_kinetic: measured=5.6429222948211275e-07 threshold=>=0.5; cond_strain: measured=0.99999699141220855 threshold=<=0.5; cond_mac: measured=5.4714834601582899e-23 threshold=>=0.80000000000000004,0,0,0,converged; residual=5.849200005910744e-10
inf,40,diagnostic,11,40,11,149.67652025593,1.19038106702039e-24,1.19038106702039e-24,1.19038106702039e-24,6.79555931856645e-08,0.999998480017756,0.999999930463293,1,0,1,0,0,cond_kinetic: measured=6.7955593185664536e-08 threshold=>=0.5; cond_strain: measured=0.99999848001775626 threshold=<=0.5; cond_mac: measured=1.1903810670203873e-24 threshold=>=0.80000000000000004,0,0,0,converged; residual=7.2717301486493823e-10
inf,40,diagnostic,11,40,12,150.862006093553,5.55487740963783e-07,5.55487740963783e-07,5.55487740963783e-07,3.91749645487305e-07,0.999998378285451,0.9999995972787,1,0,1,0,0,cond_kinetic: measured=3.9174964548730486e-07 threshold=>=0.5; cond_strain: measured=0.99999837828545091 threshold=<=0.5; cond_mac: measured=5.5548774096378343e-07 threshold=>=0.80000000000000004,0,0,0,converged; residual=6.8124685474154044e-10
inf,40,diagnostic,11,40,13,153.68284981117,2.17523631845361e-22,2.17523631845361e-22,2.17523631845361e-22,7.33237581816815e-08,0.99999755334163,0.999999924029759,1,0,1,0,0,cond_kinetic: measured=7.3323758181681537e-08 threshold=>=0.5; cond_strain: measured=0.99999755334163032 threshold=<=0.5; cond_mac: measured=2.1752363184536097e-22 threshold=>=0.80000000000000004,0,0,0,converged; residual=9.030698513687395e-10
inf,40,diagnostic,11,40,14,154.724409734404,1.43077088866686e-21,1.43077088866686e-21,1.43077088866686e-21,7.27443389036732e-07,0.999996936218062,0.999999251243122,1,0,1,0,0,cond_kinetic: measured=7.274433890367324e-07 threshold=>=0.5; cond_strain: measured=0.9999969362180624 threshold=<=0.5; cond_mac: measured=1.4307708886668598e-21 threshold=>=0.80000000000000004,0,0,0,converged; residual=5.2118505862591275e-10
inf,40,diagnostic,11,40,15,155.672876526302,4.57469317478718e-23,4.57469317478718e-23,4.57469317478718e-23,2.27876283941286e-07,0.999997788387032,0.999999766955942,1,0,1,0,0,cond_kinetic: measured=2.2787628394128621e-07 threshold=>=0.5; cond_strain: measured=0.99999778838703191 threshold=<=0.5; cond_mac: measured=4.5746931747871845e-23 threshold=>=0.80000000000000004,0,0,0,converged; residual=5.5020608763918358e-10
inf,40,diagnostic,11,40,16,156.353708086932,4.10318613492103e-05,4.10318613492103e-05,4.10318613492103e-05,3.69469846546794e-05,0.999958617723076,0.99996204324153,1,0,1,0,0,cond_kinetic: measured=3.6946984654679442e-05 threshold=>=0.5; cond_strain: measured=0.99995861772307648 threshold=<=0.5; cond_mac: measured=4.1031861349210342e-05 threshold=>=0.80000000000000004,0,0,0,converged; residual=8.477150443449108e-10
inf,40,diagnostic,11,40,17,159.847508344431,7.64682217836151e-20,7.64682217836151e-20,7.64682217836151e-20,1.38516695936754e-08,0.999998741880956,0.999999985651115,1,0,1,0,0,cond_kinetic: measured=1.3851669593675367e-08 threshold=>=0.5; cond_strain: measured=0.99999874188095628 threshold=<=0.5; cond_mac: measured=7.6468221783615058e-20 threshold=>=0.80000000000000004,0,0,0,converged; residual=5.4316206686828886e-10
inf,40,diagnostic,11,40,18,159.998577172131,0.998670882068452,0.998670882068452,0.998670882068452,0.968876470794313,0.00118918517582093,0.00449316527416759,1,1,1,1,1,,1,1,0,converged; residual=6.5279355647846922e-10
inf,40,diagnostic,11,40,19,160.088722003364,2.04887361954529e-20,2.04887361954529e-20,2.04887361954529e-20,8.82033076506438e-09,0.999998767797248,0.999999990876543,1,0,1,0,0,cond_kinetic: measured=8.8203307650643843e-09 threshold=>=0.5; cond_strain: measured=0.9999987677972475 threshold=<=0.5; cond_mac: measured=2.0488736195452921e-20 threshold=>=0.80000000000000004,0,0,0,converged; residual=5.9194277259125138e-10
inf,40,diagnostic,11,40,20,161.282745357258,1.15957073643377e-07,1.15957073643377e-07,1.15957073643377e-07,1.37926717312647e-07,0.999998763811812,0.999999858331817,1,0,1,0,0,cond_kinetic: measured=1.379267173126469e-07 threshold=>=0.5; cond_strain: measured=0.99999876381181196 threshold=<=0.5; cond_mac: measured=1.1595707364337675e-07 threshold=>=0.80000000000000004,0,0,0,converged; residual=4.9376592584051485e-10
inf,40,diagnostic,11,40,21,161.42133070201,2.14490834821649e-22,2.14490834821649e-22,2.14490834821649e-22,1.7200323989278e-08,0.999998908023411,0.999999982374,1,0,1,0,0,cond_kinetic: measured=1.7200323989278011e-08 threshold=>=0.5; cond_strain: measured=0.99999890802341074 threshold=<=0.5; cond_mac: measured=2.1449083482164881e-22 threshold=>=0.80000000000000004,0,0,0,converged; residual=5.1137384855823965e-10
inf,40,diagnostic,11,40,22,164.788092716091,9.11525781550154e-23,9.11525781550154e-23,9.11525781550154e-23,3.3166169964533e-08,0.99999886130962,0.999999965826902,1,0,1,0,0,cond_kinetic: measured=3.3166169964533012e-08 threshold=>=0.5; cond_strain: measured=0.99999886130962046 threshold=<=0.5; cond_mac: measured=9.1152578155015381e-23 threshold=>=0.80000000000000004,0,0,0,converged; residual=4.2865568291964087e-10
inf,40,diagnostic,11,40,23,165.758890605702,9.0900268736894e-23,9.0900268736894e-23,9.0900268736894e-23,5.27477368296473e-09,0.999998868556972,0.999999994489357,1,0,1,0,0,cond_kinetic: measured=5.274773682964733e-09 threshold=>=0.5; cond_strain: measured=0.99999886855697162 threshold=<=0.5; cond_mac: measured=9.0900268736893954e-23 threshold=>=0.80000000000000004,0,0,0,converged; residual=6.5001425250352667e-10
inf,40,diagnostic,11,40,24,168.023952316048,1.68668789752538e-13,1.68668789752538e-13,1.68668789752538e-13,1.73678159254714e-05,0.999967204395426,0.999982103860984,1,0,1,0,0,cond_kinetic: measured=1.7367815925471428e-05 threshold=>=0.5; cond_strain: measured=0.9999672043954263 threshold=<=0.5; cond_mac: measured=1.6866878975253813e-13 threshold=>=0.80000000000000004,0,0,0,converged; residual=4.6314154754104024e-10
inf,40,diagnostic,11,40,25,168.031380723988,0.000662162971695181,0.000662162971695181,0.000662162971695181,0.000783272719868801,0.999266145983427,0.999195283323024,1,0,1,0,0,cond_kinetic: measured=0.0007832727198688014 threshold=>=0.5; cond_strain: measured=0.99926614598342745 threshold=<=0.5; cond_mac: measured=0.00066216297169518058 threshold=>=0.80000000000000004,0,0,0,converged; residual=8.2173826340271426e-10
inf,40,diagnostic,11,40,26,168.166286806058,5.68833973847473e-06,5.68833973847473e-06,5.68833973847473e-06,6.70594187620756e-06,0.999992792472217,0.999993109190351,1,0,1,0,0,cond_kinetic: measured=6.7059418762075649e-06 threshold=>=0.5; cond_strain: measured=0.99999279247221717 threshold=<=0.5; cond_mac: measured=5.6883397384747257e-06 threshold=>=0.80000000000000004,0,0,0,converged; residual=4.1288805830145715e-10
inf,40,diagnostic,11,40,27,169.229327804971,1.93829751804146e-23,1.93829751804146e-23,1.93829751804146e-23,2.98873577189828e-08,0.999998947861019,0.99999996940102,1,0,1,0,0,cond_kinetic: measured=2.9887357718982774e-08 threshold=>=0.5; cond_strain: measured=0.99999894786101928 threshold=<=0.5; cond_mac: measured=1.9382975180414614e-23 threshold=>=0.80000000000000004,0,0,0,converged; residual=4.8110707780418581e-10
inf,40,diagnostic,11,40,28,169.508723375281,1.04655154471195e-17,1.04655154471195e-17,1.04655154471195e-17,2.48404484549718e-07,0.999997704273545,0.999999745818262,1,0,1,0,0,cond_kinetic: measured=2.4840448454971812e-07 threshold=>=0.5; cond_strain: measured=0.99999770427354451 threshold=<=0.5; cond_mac: measured=1.0465515447119456e-17 threshold=>=0.80000000000000004,0,0,0,converged; residual=4.538344349813651e-10
inf,40,diagnostic,11,40,29,169.50874825038,1.43885599747792e-19,1.43885599747792e-19,1.43885599747792e-19,2.36775147588851e-08,0.999998227183992,0.999999975474453,1,0,1,0,0,cond_kinetic: measured=2.3677514758885053e-08 threshold=>=0.5; cond_strain: measured=0.99999822718399156 threshold=<=0.5; cond_mac: measured=1.4388559974779193e-19 threshold=>=0.80000000000000004,0,0,0,converged; residual=6.1024115087859403e-10
inf,40,diagnostic,11,40,30,171.872709823937,4.29227066169855e-23,4.29227066169855e-23,4.29227066169855e-23,8.65934989478882e-08,0.99999906158779,0.999999910829624,1,0,1,0,0,cond_kinetic: measured=8.6593498947888161e-08 threshold=>=0.5; cond_strain: measured=0.99999906158779006 threshold=<=0.5; cond_mac: measured=4.2922706616985543e-23 threshold=>=0.80000000000000004,0,0,0,converged; residual=4.2435463227758881e-10
inf,40,diagnostic,11,40,31,172.888364573963,2.52949936319142e-23,2.52949936319142e-23,2.52949936319142e-23,1.88170862403812e-09,0.999999176209629,0.999999998030828,1,0,1,0,0,cond_kinetic: measured=1.8817086240381206e-09 threshold=>=0.5; cond_strain: measured=0.99999917620962875 threshold=<=0.5; cond_mac: measured=2.5294993631914183e-23 threshold=>=0.80000000000000004,0,0,0,converged; residual=5.2730937718002356e-10
inf,40,diagnostic,11,40,32,175.343239862864,1.43651360846834e-06,1.43651360846834e-06,1.43651360846834e-06,1.98823599426131e-06,0.999997631799669,0.999997956495137,1,0,1,0,0,cond_kinetic: measured=1.9882359942613078e-06 threshold=>=0.5; cond_strain: measured=0.99999763179966916 threshold=<=0.5; cond_mac: measured=1.4365136084683389e-06 threshold=>=0.80000000000000004,0,0,0,converged; residual=7.4255760401532994e-10
inf,40,diagnostic,11,40,33,176.295329542906,7.65559868185249e-24,7.65559868185249e-24,7.65559868185249e-24,3.10156379531162e-08,0.999999251475469,0.999999968276019,1,0,1,0,0,cond_kinetic: measured=3.1015637953116166e-08 threshold=>=0.5; cond_strain: measured=0.99999925147546931 threshold=<=0.5; cond_mac: measured=7.6555986818524949e-24 threshold=>=0.80000000000000004,0,0,0,converged; residual=4.161263595006761e-10
inf,40,diagnostic,11,40,34,179.154785143534,1.2177036089591e-23,1.2177036089591e-23,1.2177036089591e-23,8.63390371952061e-08,0.999999106553125,0.999999911100636,1,0,1,0,0,cond_kinetic: measured=8.6339037195206146e-08 threshold=>=0.5; cond_strain: measured=0.99999910655312507 threshold=<=0.5; cond_mac: measured=1.2177036089591036e-23 threshold=>=0.80000000000000004,0,0,0,converged; residual=4.2304396748083884e-10
inf,40,diagnostic,11,40,35,179.97445990997,7.56182456886359e-25,7.56182456886359e-25,7.56182456886359e-25,7.97940781132347e-10,0.999999237098081,0.999999999151212,1,0,1,0,0,cond_kinetic: measured=7.9794078113234698e-10 threshold=>=0.5; cond_strain: measured=0.99999923709808092 threshold=<=0.5; cond_mac: measured=7.5618245688635884e-25 threshold=>=0.80000000000000004,0,0,0,converged; residual=4.5832626909001405e-10
inf,40,diagnostic,11,40,36,182.389651511257,9.29407100354892e-08,9.29407100354892e-08,9.29407100354892e-08,1.50531928254497e-07,0.999999088517414,0.999999845230183,1,0,1,0,0,cond_kinetic: measured=1.5053192825449684e-07 threshold=>=0.5; cond_strain: measured=0.9999990885174137 threshold=<=0.5; cond_mac: measured=9.2940710035489216e-08 threshold=>=0.80000000000000004,0,0,0,converged; residual=4.0887019059123037e-10
inf,40,diagnostic,11,40,37,183.026128335186,2.16035102476065e-25,2.16035102476065e-25,2.16035102476065e-25,6.06838489142296e-09,0.999999193356063,0.999999993773727,1,0,1,0,0,cond_kinetic: measured=6.0683848914229638e-09 threshold=>=0.5; cond_strain: measured=0.99999919335606324 threshold=<=0.5; cond_mac: measured=2.1603510247606454e-25 threshold=>=0.80000000000000004,0,0,0,converged; residual=4.116473415617381e-10
inf,40,diagnostic,11,40,38,183.402894944109,1.55339985681038e-16,1.55339985681038e-16,1.55339985681038e-16,4.99537780490202e-05,0.99992293702391,0.999948527186066,1,0,1,0,0,cond_kinetic: measured=4.9953778049020191e-05 threshold=>=0.5; cond_strain: measured=0.99992293702391011 threshold=<=0.5; cond_mac: measured=1.5533998568103763e-16 threshold=>=0.80000000000000004,0,0,0,converged; residual=6.5410306839415185e-10
inf,40,diagnostic,11,40,39,183.408097527227,8.0271429237884e-05,8.0271429237884e-05,8.0271429237884e-05,0.000135214701707403,0.999891988313893,0.999861120075447,1,0,1,0,0,cond_kinetic: measured=0.00013521470170740251 threshold=>=0.5; cond_strain: measured=0.99989198831389292 threshold=<=0.5; cond_mac: measured=8.0271429237883956e-05 threshold=>=0.80000000000000004,0,0,0,converged; residual=9.2222089617737818e-10
inf,40,diagnostic,11,40,40,188.305715959448,4.06090593789344e-23,4.06090593789344e-23,4.06090593789344e-23,1.19007997672565e-07,0.999999208334864,0.999999877470436,1,0,1,0,0,cond_kinetic: measured=1.1900799767256506e-07 threshold=>=0.5; cond_strain: measured=0.99999920833486355 threshold=<=0.5; cond_mac: measured=4.0609059378934409e-23 threshold=>=0.80000000000000004,0,0,0,converged; residual=3.4746078639198387e-10
inf,50,diagnostic,12,40,1,146.175667650767,1.26383359972562e-24,1.26383359972562e-24,1.26383359972562e-24,7.85367717451713e-08,0.999998482814828,0.99999991883978,1,0,1,0,0,cond_kinetic: measured=7.8536771745171293e-08 threshold=>=0.5; cond_strain: measured=0.99999848281482839 threshold=<=0.5; cond_mac: measured=1.2638335997256225e-24 threshold=>=0.80000000000000004,0,0,0,converged; residual=1.8343580941339878e-09
inf,50,diagnostic,12,40,2,148.149534593231,2.58562835553723e-25,2.58562835553723e-25,2.58562835553723e-25,5.58743764016915e-08,0.999999481354442,0.999999942766101,1,0,1,0,0,cond_kinetic: measured=5.587437640169152e-08 threshold=>=0.5; cond_strain: measured=0.99999948135444239 threshold=<=0.5; cond_mac: measured=2.585628355537233e-25 threshold=>=0.80000000000000004,0,0,0,converged; residual=1.1995544862463507e-09
inf,50,diagnostic,12,40,3,149.100458246282,6.61428290166855e-23,6.61428290166855e-23,6.61428290166855e-23,8.80271820913604e-07,0.999997544148022,0.999999093713318,1,0,1,0,0,cond_kinetic: measured=8.8027182091360436e-07 threshold=>=0.5; cond_strain: measured=0.99999754414802233 threshold=<=0.5; cond_mac: measured=6.6142829016685504e-23 threshold=>=0.80000000000000004,0,0,0,converged; residual=1.1573699160157373e-09
inf,50,diagnostic,12,40,4,149.200052725111,5.2459997590456e-08,5.2459997590456e-08,5.2459997590456e-08,5.3704634638937e-08,0.999999644655582,0.999999944862137,1,0,1,0,0,cond_kinetic: measured=5.3704634638937042e-08 threshold=>=0.5; cond_strain: measured=0.99999964465558244 threshold=<=0.5; cond_mac: measured=5.245999759045603e-08 threshold=>=0.80000000000000004,0,0,0,converged; residual=1.0211309103521261e-09
inf,50,diagnostic,12,40,5,159.871205623442,0.999580514574244,0.999580514574244,0.999580514574244,0.969673661992127,5.77347137175769e-05,0.00289490671755233,1,1,1,1,1,,1,1,0,converged; residual=3.9508375811193822e-10
inf,50,diagnostic,12,40,6,165.430468771742,1.69412426535385e-23,1.69412426535385e-23,1.69412426535385e-23,1.66594263255908e-08,0.999999707462541,0.999999982844902,1,0,1,0,0,cond_kinetic: measured=1.6659426325590764e-08 threshold=>=0.5; cond_strain: measured=0.99999970746254063 threshold=<=0.5; cond_mac: measured=1.6941242653538512e-23 threshold=>=0.80000000000000004,0,0,0,converged; residual=7.3085913032631774e-10
inf,50,diagnostic,12,40,7,165.741489947133,7.89990527678693e-23,7.89990527678693e-23,7.89990527678693e-23,7.40553507824437e-10,0.999999721567477,0.999999999232187,1,0,1,0,0,cond_kinetic: measured=7.4055350782443714e-10 threshold=>=0.5; cond_strain: measured=0.99999972156747652 threshold=<=0.5; cond_mac: measured=7.8999052767869287e-23 threshold=>=0.80000000000000004,0,0,0,converged; residual=6.9949922739955301e-10
inf,50,diagnostic,12,40,8,166.037594332483,1.90394601006513e-06,1.90394601006513e-06,1.90394601006513e-06,2.16712037217613e-06,0.999997682507913,0.999997771562262,1,0,1,0,0,cond_kinetic: measured=2.1671203721761292e-06 threshold=>=0.5; cond_strain: measured=0.99999768250791321 threshold=<=0.5; cond_mac: measured=1.9039460100651323e-06 threshold=>=0.80000000000000004,0,0,0,converged; residual=1.165448548918106e-09
inf,50,diagnostic,12,40,9,167.074651882937,1.45879368666249e-24,1.45879368666249e-24,1.45879368666249e-24,2.16958559899574e-09,0.999999746662911,0.999999997768911,1,0,1,0,0,cond_kinetic: measured=2.1695855989957353e-09 threshold=>=0.5; cond_strain: measured=0.99999974666291069 threshold=<=0.5; cond_mac: measured=1.4587936866624879e-24 threshold=>=0.80000000000000004,0,0,0,converged; residual=8.8863465763279752e-10
inf,50,diagnostic,12,40,10,184.071738736066,4.59809928487619e-23,4.59809928487619e-23,4.59809928487619e-23,2.36862179964767e-08,0.999999470745039,0.999999975492446,1,0,1,0,0,cond_kinetic: measured=2.3686217996476658e-08 threshold=>=0.5; cond_strain: measured=0.99999947074503881 threshold=<=0.5; cond_mac: measured=4.5980992848761887e-23 threshold=>=0.80000000000000004,0,0,0,converged; residual=1.2075785700956088e-09
inf,50,diagnostic,12,40,11,184.22101570897,2.63835876662624e-23,2.63835876662624e-23,2.63835876662624e-23,7.80875989797627e-07,0.999998470285205,0.99999919569239,1,0,1,0,0,cond_kinetic: measured=7.8087598979762737e-07 threshold=>=0.5; cond_strain: measured=0.99999847028520539 threshold=<=0.5; cond_mac: measured=2.6383587666262387e-23 threshold=>=0.80000000000000004,0,0,0,converged; residual=6.8988463819330105e-10
inf,50,diagnostic,12,40,12,185.331237826359,1.63104361475509e-07,1.63104361475509e-07,1.63104361475509e-07,2.69694664874559e-07,0.999999471189221,0.999999722448124,1,0,1,0,0,cond_kinetic: measured=2.6969466487455867e-07 threshold=>=0.5; cond_strain: measured=0.99999947118922128 threshold=<=0.5; cond_mac: measured=1.6310436147550917e-07 threshold=>=0.80000000000000004,0,0,0,converged; residual=8.3476287592431789e-10
inf,50,diagnostic,12,40,13,185.650736214973,8.37118774128803e-23,8.37118774128803e-23,8.37118774128803e-23,6.29244643262878e-08,0.999999536193862,0.999999935560832,1,0,1,0,0,cond_kinetic: measured=6.2924464326287842e-08 threshold=>=0.5; cond_strain: measured=0.9999995361938615 threshold=<=0.5; cond_mac: measured=8.3711877412880291e-23 threshold=>=0.80000000000000004,0,0,0,converged; residual=6.6018592085421804e-10
inf,50,diagnostic,12,40,14,202.136364125179,1.34741989286179e-23,1.34741989286179e-23,1.34741989286179e-23,2.16045583010858e-08,0.999999737661474,0.99999997774158,1,0,1,0,0,cond_kinetic: measured=2.1604558301085807e-08 threshold=>=0.5; cond_strain: measured=0.9999997376614741 threshold=<=0.5; cond_mac: measured=1.3474198928617867e-23 threshold=>=0.80000000000000004,0,0,0,converged; residual=4.7086933688091161e-10
inf,50,diagnostic,12,40,15,202.288446255782,3.84192328206706e-23,3.84192328206706e-23,3.84192328206706e-23,8.96233634871396e-10,0.999999749930867,0.999999999067899,1,0,1,0,0,cond_kinetic: measured=8.9623363487139552e-10 threshold=>=0.5; cond_strain: measured=0.99999974993086749 threshold=<=0.5; cond_mac: measured=3.8419232820670592e-23 threshold=>=0.80000000000000004,0,0,0,converged; residual=6.3368260294911657e-10
inf,50,diagnostic,12,40,16,204.23241285632,1.0014009659762e-07,1.0014009659762e-07,1.0014009659762e-07,2.59360356090067e-07,0.999999620490003,0.999999733168575,1,0,1,0,0,cond_kinetic: measured=2.5936035609006717e-07 threshold=>=0.5; cond_strain: measured=0.99999962049000302 threshold=<=0.5; cond_mac: measured=1.0014009659761995e-07 threshold=>=0.80000000000000004,0,0,0,converged; residual=7.4264123398823915e-10
inf,50,diagnostic,12,40,17,204.514600794094,6.3197796390721e-23,6.3197796390721e-23,6.3197796390721e-23,2.73897672996084e-09,0.99999978177816,0.999999997185979,1,0,1,0,0,cond_kinetic: measured=2.7389767299608401e-09 threshold=>=0.5; cond_strain: measured=0.99999978177816018 threshold=<=0.5; cond_mac: measured=6.3197796390720977e-23 threshold=>=0.80000000000000004,0,0,0,converged; residual=4.675175972772458e-10
inf,50,diagnostic,12,40,18,223.252073715056,3.52640822439824e-22,3.52640822439824e-22,3.52640822439824e-22,0.964476832629946,0.00270246845660032,0.00603510733853627,1,1,1,1,0,cond_mac: measured=3.5264082243982427e-22 threshold=>=0.80000000000000004,0,0,0,converged; residual=2.6417565978682952e-10
inf,50,diagnostic,12,40,19,223.725564775992,6.28256909836553e-24,6.28256909836553e-24,6.28256909836553e-24,2.53004914348565e-08,0.999999622217895,0.999999973829603,1,0,1,0,0,cond_kinetic: measured=2.530049143485654e-08 threshold=>=0.5; cond_strain: measured=0.99999962221789462 threshold=<=0.5; cond_mac: measured=6.2825690983655291e-24 threshold=>=0.80000000000000004,0,0,0,converged; residual=2.5509806346158069e-10
inf,50,diagnostic,12,40,20,223.84063783482,2.5916108339893e-26,2.5916108339893e-26,2.5916108339893e-26,0.00220991547730441,0.997726664367294,0.997722495919803,1,0,1,0,0,cond_kinetic: measured=0.0022099154773044115 threshold=>=0.5; cond_strain: measured=0.99772666436729429 threshold=<=0.5; cond_mac: measured=2.5916108339892967e-26 threshold=>=0.80000000000000004,0,0,0,converged; residual=4.4778274155654979e-10
inf,50,diagnostic,12,40,21,227.021881671118,3.12400526156912e-08,3.12400526156912e-08,3.12400526156912e-08,1.13246731186323e-07,0.999999720171355,0.999999883334764,1,0,1,0,0,cond_kinetic: measured=1.1324673118632268e-07 threshold=>=0.5; cond_strain: measured=0.99999972017135497 threshold=<=0.5; cond_mac: measured=3.1240052615691154e-08 threshold=>=0.80000000000000004,0,0,0,converged; residual=4.6384319838552978e-10
inf,50,diagnostic,12,40,22,227.055553101373,4.45340971775216e-21,4.45340971775216e-21,4.45340971775216e-21,2.19339191731242e-07,0.999999410055904,0.999999775450404,1,0,1,0,0,cond_kinetic: measured=2.1933919173124165e-07 threshold=>=0.5; cond_strain: measured=0.99999941005590398 threshold=<=0.5; cond_mac: measured=4.4534097177521566e-21 threshold=>=0.80000000000000004,0,0,0,converged; residual=3.2690549046792763e-10
inf,50,diagnostic,12,40,23,236.583484787197,1.41647611524333e-05,1.41647611524333e-05,1.41647611524333e-05,6.34592198847072e-05,0.999964554630584,0.999934664380835,1,0,1,0,0,cond_kinetic: measured=6.3459219884707234e-05 threshold=>=0.5; cond_strain: measured=0.99996455463058365 threshold=<=0.5; cond_mac: measured=1.4164761152433264e-05 threshold=>=0.80000000000000004,0,0,0,converged; residual=6.8527286892773034e-10
inf,50,diagnostic,12,40,24,236.67846657632,8.10873601112847e-19,8.10873601112847e-19,8.10873601112847e-19,0.000327944983006755,0.999696920330832,0.999661968883677,1,0,1,0,0,cond_kinetic: measured=0.00032794498300675476 threshold=>=0.5; cond_strain: measured=0.99969692033083202 threshold=<=0.5; cond_mac: measured=8.1087360111284741e-19 threshold=>=0.80000000000000004,0,0,0,converged; residual=8.3113084897378874e-10
inf,50,diagnostic,12,40,25,241.189618644788,1.22645982104116e-22,1.22645982104116e-22,1.22645982104116e-22,1.31272204257175e-07,0.999998254766295,0.999999865670664,1,0,1,0,0,cond_kinetic: measured=1.3127220425717462e-07 threshold=>=0.5; cond_strain: measured=0.99999825476629511 threshold=<=0.5; cond_mac: measured=1.2264598210411563e-22 threshold=>=0.80000000000000004,0,0,0,converged; residual=3.166540390384396e-10
inf,50,diagnostic,12,40,26,242.047000391602,3.90926324945584e-24,3.90926324945584e-24,3.90926324945584e-24,0.000105487688050728,0.999831440295376,0.999892031781311,1,0,1,0,0,cond_kinetic: measured=0.0001054876880507279 threshold=>=0.5; cond_strain: measured=0.99983144029537596 threshold=<=0.5; cond_mac: measured=3.9092632494558419e-24 threshold=>=0.80000000000000004,0,0,0,converged; residual=3.0321456556226532e-10
inf,50,diagnostic,12,40,27,243.194698654176,2.98980480281904e-23,2.98980480281904e-23,2.98980480281904e-23,9.66962710435745e-07,0.999998923662497,0.999999003280946,1,0,1,0,0,cond_kinetic: measured=9.6696271043574494e-07 threshold=>=0.5; cond_strain: measured=0.99999892366249721 threshold=<=0.5; cond_mac: measured=2.9898048028190369e-23 threshold=>=0.80000000000000004,0,0,0,converged; residual=4.9416827023735959e-10
inf,50,diagnostic,12,40,28,244.142755377485,1.63266701409208e-22,1.63266701409208e-22,1.63266701409208e-22,5.61875331511385e-08,0.999999149749965,0.999999942527094,1,0,1,0,0,cond_kinetic: measured=5.6187533151138471e-08 threshold=>=0.5; cond_strain: measured=0.9999991497499654 threshold=<=0.5; cond_mac: measured=1.6326670140920811e-22 threshold=>=0.80000000000000004,0,0,0,converged; residual=3.1964436796516322e-10
inf,50,diagnostic,12,40,29,246.596051443764,1.67878180195115e-08,1.67878180195115e-08,1.67878180195115e-08,1.02417975577809e-07,0.999999713283281,0.999999894674193,1,0,1,0,0,cond_kinetic: measured=1.0241797557780887e-07 threshold=>=0.5; cond_strain: measured=0.99999971328328108 threshold=<=0.5; cond_mac: measured=1.6787818019511489e-08 threshold=>=0.80000000000000004,0,0,0,converged; residual=3.4686039813890742e-10
inf,50,diagnostic,12,40,30,246.935463301853,1.72999124716753e-23,1.72999124716753e-23,1.72999124716753e-23,4.67470734607101e-06,0.999992604565566,0.99999521560936,1,0,1,0,0,cond_kinetic: measured=4.674707346071014e-06 threshold=>=0.5; cond_strain: measured=0.99999260456556593 threshold=<=0.5; cond_mac: measured=1.7299912471675321e-23 threshold=>=0.80000000000000004,0,0,0,converged; residual=3.2345690137619841e-10
inf,50,diagnostic,12,40,31,249.516340471037,1.31386409230195e-20,1.31386409230195e-20,1.31386409230195e-20,2.65293347960768e-06,0.999997666262422,0.999997265135612,1,0,1,0,0,cond_kinetic: measured=2.6529334796076788e-06 threshold=>=0.5; cond_strain: measured=0.99999766626242159 threshold=<=0.5; cond_mac: measured=1.3138640923019529e-20 threshold=>=0.80000000000000004,0,0,0,converged; residual=5.1444708020967181e-10
inf,50,diagnostic,12,40,32,249.638697437807,2.3471438066789e-07,2.3471438066789e-07,2.3471438066789e-07,1.27537012456519e-06,0.999998824022425,0.999998685653275,1,0,1,0,0,cond_kinetic: measured=1.2753701245651863e-06 threshold=>=0.5; cond_strain: measured=0.99999882402242468 threshold=<=0.5; cond_mac: measured=2.3471438066789027e-07 threshold=>=0.80000000000000004,0,0,0,converged; residual=5.37248006087977e-10
inf,50,diagnostic,12,40,33,251.352075745719,3.96979724645788e-23,3.96979724645788e-23,3.96979724645788e-23,1.02132498841919e-09,0.999999870941813,0.999999998953663,1,0,1,0,0,cond_kinetic: measured=1.0213249884191876e-09 threshold=>=0.5; cond_strain: measured=0.99999987094181308 threshold=<=0.5; cond_mac: measured=3.9697972464578826e-23 threshold=>=0.80000000000000004,0,0,0,converged; residual=3.3913597348129638e-10
inf,50,diagnostic,12,40,34,251.619620915997,9.17303191133295e-25,9.17303191133295e-25,9.17303191133295e-25,1.11285700575808e-05,0.999983327806213,0.999988609226318,1,0,1,0,0,cond_kinetic: measured=1.1128570057580827e-05 threshold=>=0.5; cond_strain: measured=0.99998332780621346 threshold=<=0.5; cond_mac: measured=9.173031911332946e-25 threshold=>=0.80000000000000004,0,0,0,converged; residual=2.8749646702244797e-10
inf,50,diagnostic,12,40,35,260.526698644285,5.57454885028745e-21,5.57454885028745e-21,5.57454885028745e-21,6.73621791866458e-06,0.999994593054528,0.999993054054408,1,0,1,0,0,cond_kinetic: measured=6.7362179186645846e-06 threshold=>=0.5; cond_strain: measured=0.99999459305452809 threshold=<=0.5; cond_mac: measured=5.5745488502874544e-21 threshold=>=0.80000000000000004,0,0,0,converged; residual=5.2617911279183704e-10
inf,50,diagnostic,12,40,36,260.601798276775,8.45211921007981e-21,8.45211921007981e-21,8.45211921007981e-21,4.46382554240665e-08,0.999999479770987,0.99999995413531,1,0,1,0,0,cond_kinetic: measured=4.4638255424066507e-08 threshold=>=0.5; cond_strain: measured=0.99999947977098691 threshold=<=0.5; cond_mac: measured=8.4521192100798084e-21 threshold=>=0.80000000000000004,0,0,0,converged; residual=4.1199902037568419e-10
inf,50,diagnostic,12,40,37,261.061979610453,1.19975308068756e-06,1.19975308068756e-06,1.19975308068756e-06,7.89145099188636e-06,0.99999565340036,0.999991870616382,1,0,1,0,0,cond_kinetic: measured=7.891450991886356e-06 threshold=>=0.5; cond_strain: measured=0.99999565340035956 threshold=<=0.5; cond_mac: measured=1.1997530806875595e-06 threshold=>=0.80000000000000004,0,0,0,converged; residual=6.2409588280080212e-10
inf,50,diagnostic,12,40,38,262.353308982157,1.22486472376517e-23,1.22486472376517e-23,1.22486472376517e-23,8.49771463065077e-05,0.999884456595752,0.99991302460874,1,0,1,0,0,cond_kinetic: measured=8.4977146306507745e-05 threshold=>=0.5; cond_strain: measured=0.99988445659575231 threshold=<=0.5; cond_mac: measured=1.2248647237651675e-23 threshold=>=0.80000000000000004,0,0,0,converged; residual=2.6163741888699423e-10
inf,50,diagnostic,12,40,39,262.689880102432,1.43003185304373e-23,1.43003185304373e-23,1.43003185304373e-23,1.02799126551648e-06,0.999999004229238,0.999998940096315,1,0,1,0,0,cond_kinetic: measured=1.0279912655164787e-06 threshold=>=0.5; cond_strain: measured=0.99999900422923782 threshold=<=0.5; cond_mac: measured=1.4300318530437268e-23 threshold=>=0.80000000000000004,0,0,0,converged; residual=3.4215512997561829e-10
inf,50,diagnostic,12,40,40,263.257028980673,1.69044214797447e-26,1.69044214797447e-26,1.69044214797447e-26,4.52706576495783e-08,0.999999504176887,0.999999953373309,1,0,1,0,0,cond_kinetic: measured=4.527065764957828e-08 threshold=>=0.5; cond_strain: measured=0.99999950417688666 threshold=<=0.5; cond_mac: measured=1.6904421479744652e-26 threshold=>=0.80000000000000004,0,0,0,converged; residual=4.3639674594797709e-10
inf,75,diagnostic,13,40,1,159.723961912384,0.999612665073202,0.999612665073202,0.999612665073202,0.969662921830243,2.15316736019959e-05,0.00294140862564114,1,1,1,1,1,,1,1,0,converged; residual=2.72893610700497e-10
inf,75,diagnostic,13,40,2,224.685811590832,6.27168176096951e-23,6.27168176096951e-23,6.27168176096951e-23,0.967481503028381,0.000143931693752631,0.00356981143108312,1,1,1,1,0,cond_mac: measured=6.2716817609695092e-23 threshold=>=0.80000000000000004,0,0,0,converged; residual=1.3637868508755447e-10
inf,75,diagnostic,13,40,3,302.546106231747,2.4763605745941e-23,2.4763605745941e-23,2.4763605745941e-23,0.974629036848236,0.00052297594202401,0.00171614662919334,1,1,1,1,0,cond_mac: measured=2.4763605745941002e-23 threshold=>=0.80000000000000004,0,0,0,converged; residual=8.3119834667920312e-11
inf,75,diagnostic,13,40,4,427.886209431199,1.95474378468316e-14,1.95474378468316e-14,1.95474378468316e-14,1.81499308157173e-06,0.999995482260358,0.999998119538006,1,0,1,0,0,cond_kinetic: measured=1.8149930815717271e-06 threshold=>=0.5; cond_strain: measured=0.99999548226035817 threshold=<=0.5; cond_mac: measured=1.9547437846831583e-14 threshold=>=0.80000000000000004,0,0,0,converged; residual=2.6894499347825126e-10
inf,75,diagnostic,13,40,5,427.886511930828,6.15106578660246e-11,6.15106578660246e-11,6.15106578660246e-11,4.45745603944324e-08,0.999998750360749,0.999999953798608,1,0,1,0,0,cond_kinetic: measured=4.4574560394432438e-08 threshold=>=0.5; cond_strain: measured=0.99999875036074937 threshold=<=0.5; cond_mac: measured=6.1510657866024575e-11 threshold=>=0.80000000000000004,0,0,0,converged; residual=1.4680555332789783e-10
inf,75,diagnostic,13,40,6,427.88651432556,1.60497620799517e-10,1.60497620799517e-10,1.60497620799517e-10,1.76038933304265e-08,0.999998776305305,0.999999981527591,1,0,1,0,0,cond_kinetic: measured=1.7603893330426539e-08 threshold=>=0.5; cond_strain: measured=0.99999877630530498 threshold=<=0.5; cond_mac: measured=1.6049762079951673e-10 threshold=>=0.80000000000000004,0,0,0,converged; residual=1.6462972806793371e-10
inf,75,diagnostic,13,40,7,427.886523995975,2.67558399134482e-11,2.67558399134482e-11,2.67558399134482e-11,1.60331472988201e-07,0.999998660236846,0.999999835569994,1,0,1,0,0,cond_kinetic: measured=1.6033147298820131e-07 threshold=>=0.5; cond_strain: measured=0.9999986602368458 threshold=<=0.5; cond_mac: measured=2.675583991344824e-11 threshold=>=0.80000000000000004,0,0,0,converged; residual=1.7778257897895004e-10
inf,75,diagnostic,13,40,8,445.6592713845,1.04749532271048e-08,1.04749532271048e-08,1.04749532271048e-08,9.35005965142522e-07,0.999996523560429,0.999999032300405,1,0,1,0,0,cond_kinetic: measured=9.3500596514252238e-07 threshold=>=0.5; cond_strain: measured=0.99999652356042934 threshold=<=0.5; cond_mac: measured=1.0474953227104781e-08 threshold=>=0.80000000000000004,0,0,0,converged; residual=1.2844781833333233e-10
inf,75,diagnostic,13,40,9,445.659564262905,2.13477686989734e-16,2.13477686989734e-16,2.13477686989734e-16,2.12561526817023e-08,0.999997767245405,0.999999977615202,1,0,1,0,0,cond_kinetic: measured=2.1256152681702327e-08 threshold=>=0.5; cond_strain: measured=0.99999776724540523 threshold=<=0.5; cond_mac: measured=2.134776869897335e-16 threshold=>=0.80000000000000004,0,0,0,converged; residual=1.2179915679396206e-10
inf,75,diagnostic,13,40,10,445.666837237812,8.93937665292913e-18,8.93937665292913e-18,8.93937665292913e-18,4.6551064682994e-06,0.999990098560126,0.999995179551067,1,0,1,0,0,cond_kinetic: measured=4.6551064682993981e-06 threshold=>=0.5; cond_strain: measured=0.99999009856012644 threshold=<=0.5; cond_mac: measured=8.9393766529291254e-18 threshold=>=0.80000000000000004,0,0,0,converged; residual=2.220811287170022e-10
inf,75,diagnostic,13,40,11,445.690476310073,1.03764999436935e-19,1.03764999436935e-19,1.03764999436935e-19,3.18943648678792e-06,0.999996431221937,0.99999673458479,1,0,1,0,0,cond_kinetic: measured=3.1894364867879231e-06 threshold=>=0.5; cond_strain: measured=0.99999643122193727 threshold=<=0.5; cond_mac: measured=1.0376499943693502e-19 threshold=>=0.80000000000000004,0,0,0,converged; residual=1.3565399502483375e-10
inf,75,diagnostic,13,40,12,481.678094994637,8.37337879085175e-09,8.37337879085175e-09,8.37337879085175e-09,8.59652827253698e-07,0.99999677548695,0.999999109434046,1,0,1,0,0,cond_kinetic: measured=8.5965282725369768e-07 threshold=>=0.5; cond_strain: measured=0.99999677548695032 threshold=<=0.5; cond_mac: measured=8.3733787908517463e-09 threshold=>=0.80000000000000004,0,0,0,converged; residual=1.3422965298278755e-10
inf,75,diagnostic,13,40,13,481.678101803534,1.2587694545384e-12,1.2587694545384e-12,1.2587694545384e-12,1.18686520333886e-07,0.999997574990715,0.999999877070755,1,0,1,0,0,cond_kinetic: measured=1.1868652033388633e-07 threshold=>=0.5; cond_strain: measured=0.99999757499071462 threshold=<=0.5; cond_mac: measured=1.2587694545384005e-12 threshold=>=0.80000000000000004,0,0,0,converged; residual=1.1388539437162711e-10
inf,75,diagnostic,13,40,14,481.773180619907,1.33018173624532e-19,1.33018173624532e-19,1.33018173624532e-19,1.00245484927331e-05,0.999983099425828,0.999989620370209,1,0,1,0,0,cond_kinetic: measured=1.0024548492733077e-05 threshold=>=0.5; cond_strain: measured=0.99998309942582764 threshold=<=0.5; cond_mac: measured=1.3301817362453185e-19 threshold=>=0.80000000000000004,0,0,0,converged; residual=2.0899859097374849e-10
inf,75,diagnostic,13,40,15,481.776278855019,1.41162473955929e-20,1.41162473955929e-20,1.41162473955929e-20,2.22735431503657e-06,0.999996905538311,0.99999771896137,1,0,1,0,0,cond_kinetic: measured=2.2273543150365719e-06 threshold=>=0.5; cond_strain: measured=0.99999690553831067 threshold=<=0.5; cond_mac: measured=1.411624739559286e-20 threshold=>=0.80000000000000004,0,0,0,converged; residual=1.0617780466451129e-10
inf,75,diagnostic,13,40,16,517.978191526803,7.87408446815993e-13,7.87408446815993e-13,7.87408446815993e-13,6.27042372204558e-07,0.999997466690011,0.999999353917588,1,0,1,0,0,cond_kinetic: measured=6.2704237220455831e-07 threshold=>=0.5; cond_strain: measured=0.99999746669001111 threshold=<=0.5; cond_mac: measured=7.8740844681599258e-13 threshold=>=0.80000000000000004,0,0,0,converged; residual=1.1987494168561449e-10
inf,75,diagnostic,13,40,17,517.978268043675,3.92775643999015e-11,3.92775643999015e-11,3.92775643999015e-11,1.61559788202999e-07,0.999998244487512,0.999999834082176,1,0,1,0,0,cond_kinetic: measured=1.615597882029987e-07 threshold=>=0.5; cond_strain: measured=0.99999824448751162 threshold=<=0.5; cond_mac: measured=3.9277564399901451e-11 threshold=>=0.80000000000000004,0,0,0,converged; residual=9.129715463771202e-11
inf,75,diagnostic,13,40,18,517.978279002731,6.77354449021084e-09,6.77354449021084e-09,6.77354449021084e-09,3.08378282240811e-06,0.999995287609268,0.99999683985249,1,0,1,0,0,cond_kinetic: measured=3.0837828224081095e-06 threshold=>=0.5; cond_strain: measured=0.99999528760926804 threshold=<=0.5; cond_mac: measured=6.7735444902108389e-09 threshold=>=0.80000000000000004,0,0,0,converged; residual=9.2295971171115714e-11
inf,75,diagnostic,13,40,19,517.978811560106,8.57792098962843e-15,8.57792098962843e-15,8.57792098962843e-15,2.48447269400128e-06,0.99999793658684,0.999997437520908,1,0,1,0,0,cond_kinetic: measured=2.4844726940012785e-06 threshold=>=0.5; cond_strain: measured=0.99999793658684044 threshold=<=0.5; cond_mac: measured=8.5779209896284262e-15 threshold=>=0.80000000000000004,0,0,0,converged; residual=1.1315771407083124e-10
inf,75,diagnostic,13,40,20,567.079722166602,5.80226034588661e-25,5.80226034588661e-25,5.80226034588661e-25,0.960709335247848,0.00113003889698604,0.00500405274793907,1,1,1,1,0,cond_mac: measured=5.8022603458866118e-25 threshold=>=0.80000000000000004,0,0,0,converged; residual=6.21431784960053e-11
inf,75,diagnostic,13,40,21,578.058220343417,6.29936516057766e-12,6.29936516057766e-12,6.29936516057766e-12,3.68802255706534e-07,0.999997070411636,0.999999617714025,1,0,1,0,0,cond_kinetic: measured=3.6880225570653363e-07 threshold=>=0.5; cond_strain: measured=0.99999707041163588 threshold=<=0.5; cond_mac: measured=6.299365160577659e-12 threshold=>=0.80000000000000004,0,0,0,converged; residual=6.7058693463346423e-11
inf,75,diagnostic,13,40,22,578.058226533757,5.21590430499719e-09,5.21590430499719e-09,5.21590430499719e-09,1.19570232884875e-06,0.999996228653707,0.999998758913627,1,0,1,0,0,cond_kinetic: measured=1.195702328848755e-06 threshold=>=0.5; cond_strain: measured=0.9999962286537073 threshold=<=0.5; cond_mac: measured=5.2159043049971928e-09 threshold=>=0.80000000000000004,0,0,0,converged; residual=8.7802255986824027e-11
inf,75,diagnostic,13,40,23,578.278854798736,5.36026974270128e-21,5.36026974270128e-21,5.36026974270128e-21,1.3357538522113e-06,0.999996817677877,0.999998631159705,1,0,1,0,0,cond_kinetic: measured=1.3357538522113018e-06 threshold=>=0.5; cond_strain: measured=0.99999681767787674 threshold=<=0.5; cond_mac: measured=5.3602697427012792e-21 threshold=>=0.80000000000000004,0,0,0,converged; residual=7.176060528777744e-11
inf,75,diagnostic,13,40,24,578.28719194529,5.44235373814749e-20,5.44235373814749e-20,5.44235373814749e-20,0.000790826948236228,0.99920532630555,0.999180994633819,1,0,1,0,0,cond_kinetic: measured=0.0007908269482362275 threshold=>=0.5; cond_strain: measured=0.99920532630555003 threshold=<=0.5; cond_mac: measured=5.4423537381474863e-20 threshold=>=0.80000000000000004,0,0,0,converged; residual=1.0251713264515096e-10
inf,75,diagnostic,13,40,25,588.783453714245,2.12038813892737e-11,2.12038813892737e-11,2.12038813892737e-11,2.15541919778591e-08,0.999998098555625,0.999999976458698,1,0,1,0,0,cond_kinetic: measured=2.1554191977859115e-08 threshold=>=0.5; cond_strain: measured=0.9999980985556246 threshold=<=0.5; cond_mac: measured=2.1203881389273658e-11 threshold=>=0.80000000000000004,0,0,0,converged; residual=1.4029657505910608e-10
inf,75,diagnostic,13,40,26,588.783456412239,6.03499132868241e-11,6.03499132868241e-11,6.03499132868241e-11,2.15450719292248e-08,0.999998099019894,0.999999976457631,1,0,1,0,0,cond_kinetic: measured=2.1545071929224781e-08 threshold=>=0.5; cond_strain: measured=0.99999809901989378 threshold=<=0.5; cond_mac: measured=6.03499132868241e-11 threshold=>=0.80000000000000004,0,0,0,converged; residual=1.5414395335384682e-10
inf,75,diagnostic,13,40,27,588.783467282292,7.54323498362938e-13,7.54323498362938e-13,7.54323498362938e-13,6.40551461993966e-09,0.999998152787175,0.999999992786789,1,0,1,0,0,cond_kinetic: measured=6.405514619939663e-09 threshold=>=0.5; cond_strain: measured=0.99999815278717519 threshold=<=0.5; cond_mac: measured=7.5432349836293753e-13 threshold=>=0.80000000000000004,0,0,0,converged; residual=1.4393561638093063e-10
inf,75,diagnostic,13,40,28,588.783665394876,7.07057468462616e-15,7.07057468462616e-15,7.07057468462616e-15,8.82730449292964e-06,0.999989656635377,0.999990856420647,1,0,1,0,0,cond_kinetic: measured=8.8273044929296449e-06 threshold=>=0.5; cond_strain: measured=0.99998965663537709 threshold=<=0.5; cond_mac: measured=7.0705746846261556e-15 threshold=>=0.80000000000000004,0,0,0,converged; residual=1.9888358068083105e-10
inf,75,diagnostic,13,40,29,614.002318133637,6.79549980225334e-11,6.79549980225334e-11,6.79549980225334e-11,9.12678943715085e-06,0.999986029518475,0.999990571250905,1,0,1,0,0,cond_kinetic: measured=9.1267894371508533e-06 threshold=>=0.5; cond_strain: measured=0.99998602951847482 threshold=<=0.5; cond_mac: measured=6.7954998022533381e-11 threshold=>=0.80000000000000004,0,0,0,converged; residual=1.2820857777776111e-10
inf,75,diagnostic,13,40,30,614.002702939957,7.76442043825822e-18,7.76442043825822e-18,7.76442043825822e-18,5.87388647985766e-07,0.999996131388995,0.999999394298255,1,0,1,0,0,cond_kinetic: measured=5.8738864798576645e-07 threshold=>=0.5; cond_strain: measured=0.99999613138899512 threshold=<=0.5; cond_mac: measured=7.7644204382582236e-18 threshold=>=0.80000000000000004,0,0,0,converged; residual=1.082585307892397e-10
inf,75,diagnostic,13,40,31,616.766419810989,3.63326266905238e-25,3.63326266905238e-25,3.63326266905238e-25,1.20770482947697e-07,0.99999663595006,0.999999871746853,1,0,1,0,0,cond_kinetic: measured=1.2077048294769719e-07 threshold=>=0.5; cond_strain: measured=0.99999663595005983 threshold=<=0.5; cond_mac: measured=3.6332626690523827e-25 threshold=>=0.80000000000000004,0,0,0,converged; residual=1.083414458278848e-10
inf,75,diagnostic,13,40,32,616.768047775374,3.4417664805071e-26,3.4417664805071e-26,3.4417664805071e-26,3.16956554336089e-05,0.999969110523205,0.999967192442741,1,0,1,0,0,cond_kinetic: measured=3.1695655433608891e-05 threshold=>=0.5; cond_strain: measured=0.9999691105232047 threshold=<=0.5; cond_mac: measured=3.4417664805071009e-26 threshold=>=0.80000000000000004,0,0,0,converged; residual=1.511415080582042e-10
inf,75,diagnostic,13,40,33,624.606196182158,1.13603983427507e-13,1.13603983427507e-13,1.13603983427507e-13,1.41023519950899e-08,0.999999082867471,0.999999985013545,1,0,1,0,0,cond_kinetic: measured=1.4102351995089943e-08 threshold=>=0.5; cond_strain: measured=0.99999908286747075 threshold=<=0.5; cond_mac: measured=1.1360398342750675e-13 threshold=>=0.80000000000000004,0,0,0,converged; residual=1.1944845033409071e-10
inf,75,diagnostic,13,40,34,624.606196243179,5.8321446727949e-13,5.8321446727949e-13,5.8321446727949e-13,3.27930492733355e-08,0.999999063526558,0.999999965648065,1,0,1,0,0,cond_kinetic: measured=3.2793049273335527e-08 threshold=>=0.5; cond_strain: measured=0.99999906352655776 threshold=<=0.5; cond_mac: measured=5.8321446727949022e-13 threshold=>=0.80000000000000004,0,0,0,converged; residual=1.0160259068038802e-10
inf,75,diagnostic,13,40,35,624.606205205907,4.29348206537568e-18,4.29348206537568e-18,4.29348206537568e-18,7.28009608867819e-09,0.999999118514433,0.999999992109719,1,0,1,0,0,cond_kinetic: measured=7.2800960886781884e-09 threshold=>=0.5; cond_strain: measured=0.99999911851443291 threshold=<=0.5; cond_mac: measured=4.2934820653756803e-18 threshold=>=0.80000000000000004,0,0,0,converged; residual=1.0724178002988433e-10
inf,75,diagnostic,13,40,36,624.606271918394,3.5172831125171e-19,3.5172831125171e-19,3.5172831125171e-19,1.13773813405178e-06,0.999998157331623,0.999998822160645,1,0,1,0,0,cond_kinetic: measured=1.1377381340517833e-06 threshold=>=0.5; cond_strain: measured=0.99999815733162312 threshold=<=0.5; cond_mac: measured=3.5172831125170968e-19 threshold=>=0.80000000000000004,0,0,0,converged; residual=1.1593237449043402e-10
inf,75,diagnostic,13,40,37,625.610522727743,2.45254117998446e-08,2.45254117998446e-08,2.45254117998446e-08,4.44560642721508e-05,0.999947785277654,0.999954009609568,1,0,1,0,0,cond_kinetic: measured=4.445606427215083e-05 threshold=>=0.5; cond_strain: measured=0.99994778527765371 threshold=<=0.5; cond_mac: measured=2.4525411799844628e-08 threshold=>=0.80000000000000004,0,0,0,converged; residual=8.2203567397585378e-11
inf,75,diagnostic,13,40,38,625.611617983774,1.16416468218004e-16,1.16416468218004e-16,1.16416468218004e-16,1.86794964509927e-06,0.999995791749396,0.999998052260985,1,0,1,0,0,cond_kinetic: measured=1.8679496450992669e-06 threshold=>=0.5; cond_strain: measured=0.99999579174939612 threshold=<=0.5; cond_mac: measured=1.1641646821800354e-16 threshold=>=0.80000000000000004,0,0,0,converged; residual=6.8579807253659454e-11
inf,75,diagnostic,13,40,39,626.249329367683,8.59642383255496e-21,8.59642383255496e-21,8.59642383255496e-21,1.94780763719376e-05,0.999974057324566,0.999979965724451,1,0,1,0,0,cond_kinetic: measured=1.9478076371937588e-05 threshold=>=0.5; cond_strain: measured=0.99997405732456579 threshold=<=0.5; cond_mac: measured=8.596423832554964e-21 threshold=>=0.80000000000000004,0,0,0,converged; residual=8.4401985487227762e-11
inf,75,diagnostic,13,40,40,626.260091849804,2.22420745989539e-21,2.22420745989539e-21,2.22420745989539e-21,2.96478682485172e-06,0.999997176872356,0.999996961384498,1,0,1,0,0,cond_kinetic: measured=2.9647868248517209e-06 threshold=>=0.5; cond_strain: measured=0.99999717687235556 threshold=<=0.5; cond_mac: measured=2.2242074598953863e-21 threshold=>=0.80000000000000004,0,0,0,converged; residual=7.1695526263001931e-11
inf,100,diagnostic,14,40,1,159.639737826367,0.999619441884312,0.999619441884312,0.999619441884312,0.968706454563792,1.72615316299479e-05,0.00280382503341757,1,1,1,1,1,,1,1,0,converged; residual=2.7028877622754329e-10
inf,100,diagnostic,14,40,2,225.310358629028,2.42409452397525e-24,2.42409452397525e-24,2.42409452397525e-24,0.966241235505852,9.26688478397442e-05,0.00341056132419988,1,1,1,1,0,cond_mac: measured=2.424094523975252e-24 threshold=>=0.80000000000000004,0,0,0,converged; residual=1.317905299466673e-10
inf,100,diagnostic,14,40,3,303.016951143515,4.02889272795747e-22,4.02889272795747e-22,4.02889272795747e-22,0.974008788939133,0.000368728405345143,0.00163033242781486,1,1,1,1,0,cond_mac: measured=4.0288927279574657e-22 threshold=>=0.80000000000000004,0,0,0,converged; residual=8.3236574070212294e-11
inf,100,diagnostic,14,40,4,490.933157518569,9.99715402700511e-09,9.99715402700511e-09,9.99715402700511e-09,1.87153390565424e-06,0.999994708745778,0.999998061368002,1,0,1,0,0,cond_kinetic: measured=1.8715339056542375e-06 threshold=>=0.5; cond_strain: measured=0.999994708745778 threshold=<=0.5; cond_mac: measured=9.997154027005109e-09 threshold=>=0.80000000000000004,0,0,0,converged; residual=1.152853787699781e-10
inf,100,diagnostic,14,40,5,490.933507709388,3.56771786640642e-19,3.56771786640642e-19,3.56771786640642e-19,3.3331967849749e-08,0.999997305101531,0.999999965073685,1,0,1,0,0,cond_kinetic: measured=3.3331967849748981e-08 threshold=>=0.5; cond_strain: measured=0.99999730510153129 threshold=<=0.5; cond_mac: measured=3.5677178664064162e-19 threshold=>=0.80000000000000004,0,0,0,converged; residual=1.019202339796339e-10
inf,100,diagnostic,14,40,6,490.959975992066,1.49831643636086e-18,1.49831643636086e-18,1.49831643636086e-18,1.50369910808531e-05,0.999976310914293,0.999984414185609,1,0,1,0,0,cond_kinetic: measured=1.5036991080853139e-05 threshold=>=0.5; cond_strain: measured=0.99997631091429273 threshold=<=0.5; cond_mac: measured=1.4983164363608615e-18 threshold=>=0.80000000000000004,0,0,0,converged; residual=1.7830698071419339e-10
inf,100,diagnostic,14,40,7,490.979130779276,5.64659352116444e-19,5.64659352116444e-19,5.64659352116444e-19,2.85133722291944e-06,0.999996423588652,0.99999707862223,1,0,1,0,0,cond_kinetic: measured=2.8513372229194418e-06 threshold=>=0.5; cond_strain: measured=0.99999642358865237 threshold=<=0.5; cond_mac: measured=5.6465935211644434e-19 threshold=>=0.80000000000000004,0,0,0,converged; residual=1.185827034169216e-10
inf,100,diagnostic,14,40,8,524.282567253184,7.97556819098506e-09,7.97556819098506e-09,7.97556819098506e-09,1.60197384601962e-06,0.999995409793147,0.999998338754774,1,0,1,0,0,cond_kinetic: measured=1.6019738460196178e-06 threshold=>=0.5; cond_strain: measured=0.99999540979314694 threshold=<=0.5; cond_mac: measured=7.9755681909850559e-09 threshold=>=0.80000000000000004,0,0,0,converged; residual=1.1058899324541966e-10
inf,100,diagnostic,14,40,9,524.282625082231,7.12621705067059e-15,7.12621705067059e-15,7.12621705067059e-15,1.53539379525909e-07,0.999997138089377,0.99999984065233,1,0,1,0,0,cond_kinetic: measured=1.5353937952590926e-07 threshold=>=0.5; cond_strain: measured=0.99999713808937662 threshold=<=0.5; cond_mac: measured=7.1262170506705884e-15 threshold=>=0.80000000000000004,0,0,0,converged; residual=8.3830456252496573e-11
inf,100,diagnostic,14,40,10,524.386776785135,3.95191549726832e-19,3.95191549726832e-19,3.95191549726832e-19,4.3679230185857e-05,0.99994297761801,0.999954724073852,1,0,1,0,0,cond_kinetic: measured=4.3679230185856981e-05 threshold=>=0.5; cond_strain: measured=0.99994297761800999 threshold=<=0.5; cond_mac: measured=3.9519154972683226e-19 threshold=>=0.80000000000000004,0,0,0,converged; residual=1.6434120456299329e-10
inf,100,diagnostic,14,40,11,524.390850008807,1.22391674944245e-19,1.22391674944245e-19,1.22391674944245e-19,2.08585434060706e-06,0.999996725797997,0.999997862311646,1,0,1,0,0,cond_kinetic: measured=2.085854340607059e-06 threshold=>=0.5; cond_strain: measured=0.9999967257979967 threshold=<=0.5; cond_mac: measured=1.2239167494424525e-19 threshold=>=0.80000000000000004,0,0,0,converged; residual=8.4696730363991796e-11
inf,100,diagnostic,14,40,12,571.58874850926,2.01861767103926e-24,2.01861767103926e-24,2.01861767103926e-24,0.960728161884454,0.00050868362488462,0.00409042454527366,1,1,1,1,0,cond_mac: measured=2.0186176710392645e-24 threshold=>=0.80000000000000004,0,0,0,converged; residual=5.8684453933071599e-11
inf,100,diagnostic,14,40,13,591.515470031309,1.15603005242125e-10,1.15603005242125e-10,1.15603005242125e-10,4.04572166548878e-07,0.999998338090222,0.999999583629801,1,0,1,0,0,cond_kinetic: measured=4.0457216654887814e-07 threshold=>=0.5; cond_strain: measured=0.99999833809022221 threshold=<=0.5; cond_mac: measured=1.1560300524212485e-10 threshold=>=0.80000000000000004,0,0,0,converged; residual=1.0374268676385499e-10
inf,100,diagnostic,14,40,14,591.515485660487,1.63625304942656e-11,1.63625304942656e-11,1.63625304942656e-11,9.78901448393416e-08,0.999998687807203,0.999999898967215,1,0,1,0,0,cond_kinetic: measured=9.7890144839341588e-08 threshold=>=0.5; cond_strain: measured=0.99999868780720336 threshold=<=0.5; cond_mac: measured=1.6362530494265615e-11 threshold=>=0.80000000000000004,0,0,0,converged; residual=1.2396931533032691e-10
inf,100,diagnostic,14,40,15,591.515510550834,4.61926986621149e-13,4.61926986621149e-13,4.61926986621149e-13,9.47224238038776e-08,0.999998769609056,0.999999900679048,1,0,1,0,0,cond_kinetic: measured=9.4722423803877616e-08 threshold=>=0.5; cond_strain: measured=0.99999876960905576 threshold=<=0.5; cond_mac: measured=4.6192698662114929e-13 threshold=>=0.80000000000000004,0,0,0,converged; residual=1.0347061060101644e-10
inf,100,diagnostic,14,40,16,591.517634387319,9.36717821009241e-16,9.36717821009241e-16,9.36717821009241e-16,0.000105079645161905,0.999896740412664,0.999891075808959,1,0,1,0,0,cond_kinetic: measured=0.00010507964516190544 threshold=>=0.5; cond_strain: measured=0.99989674041266363 threshold=<=0.5; cond_mac: measured=9.3671782100924099e-16 threshold=>=0.80000000000000004,0,0,0,converged; residual=1.6469118391591656e-10
inf,100,diagnostic,14,40,17,611.397421035762,5.81949951462027e-11,5.81949951462027e-11,5.81949951462027e-11,1.22716463388937e-05,0.999981651111152,0.999987318311587,1,0,1,0,0,cond_kinetic: measured=1.2271646338893705e-05 threshold=>=0.5; cond_strain: measured=0.99998165111115223 threshold=<=0.5; cond_mac: measured=5.8194995146202728e-11 threshold=>=0.80000000000000004,0,0,0,converged; residual=1.1260192195336492e-10
inf,100,diagnostic,14,40,18,611.397995693523,5.18557256965332e-18,5.18557256965332e-18,5.18557256965332e-18,9.34932000800271e-07,0.99999527875509,0.999999034916697,1,0,1,0,0,cond_kinetic: measured=9.3493200080027077e-07 threshold=>=0.5; cond_strain: measured=0.99999527875508953 threshold=<=0.5; cond_mac: measured=5.185572569653324e-18 threshold=>=0.80000000000000004,0,0,0,converged; residual=1.0101993894932953e-10
inf,100,diagnostic,14,40,19,612.67443503425,1.46763099769215e-24,1.46763099769215e-24,1.46763099769215e-24,1.81237958966455e-07,0.999996023379991,0.999999807871774,1,0,1,0,0,cond_kinetic: measured=1.8123795896645507e-07 threshold=>=0.5; cond_strain: measured=0.99999602337999072 threshold=<=0.5; cond_mac: measured=1.4676309976921546e-24 threshold=>=0.80000000000000004,0,0,0,converged; residual=9.8476918732207505e-11
inf,100,diagnostic,14,40,20,612.677219084316,4.74571665055148e-25,4.74571665055148e-25,4.74571665055148e-25,6.56626332871687e-05,0.99993702677862,0.999931963545707,1,0,1,0,0,cond_kinetic: measured=6.5662633287168686e-05 threshold=>=0.5; cond_strain: measured=0.99993702677862006 threshold=<=0.5; cond_mac: measured=4.7457166505514803e-25 threshold=>=0.80000000000000004,0,0,0,converged; residual=1.5463756111403238e-10
inf,100,diagnostic,14,40,21,622.211530061913,6.7995698079668e-12,6.7995698079668e-12,6.7995698079668e-12,3.51726766654601e-07,0.99999626389006,0.999999632062058,1,0,1,0,0,cond_kinetic: measured=3.5172676665460089e-07 threshold=>=0.5; cond_strain: measured=0.99999626389006036 threshold=<=0.5; cond_mac: measured=6.7995698079667992e-12 threshold=>=0.80000000000000004,0,0,0,converged; residual=1.2516562596513513e-10
inf,100,diagnostic,14,40,22,622.211537031125,8.12957315114804e-17,8.12957315114804e-17,8.12957315114804e-17,7.4424382247955e-08,0.999996574437971,0.999999919368059,1,0,1,0,0,cond_kinetic: measured=7.4424382247955013e-08 threshold=>=0.5; cond_strain: measured=0.99999657443797074 threshold=<=0.5; cond_mac: measured=8.1295731511480361e-17 threshold=>=0.80000000000000004,0,0,0,converged; residual=1.3977643593424035e-10
inf,100,diagnostic,14,40,23,622.211620334733,7.32272968994225e-21,7.32272968994225e-21,7.32272968994225e-21,6.04169160960419e-09,0.999996915199189,0.999999992417395,1,0,1,0,0,cond_kinetic: measured=6.0416916096041945e-09 threshold=>=0.5; cond_strain: measured=0.99999691519918876 threshold=<=0.5; cond_mac: measured=7.3227296899422505e-21 threshold=>=0.80000000000000004,0,0,0,converged; residual=9.653089836065654e-11
inf,100,diagnostic,14,40,24,622.211718291138,1.32683099629651e-19,1.32683099629651e-19,1.32683099629651e-19,1.88735984907658e-06,0.999995272901091,0.99999804245008,1,0,1,0,0,cond_kinetic: measured=1.887359849076585e-06 threshold=>=0.5; cond_strain: measured=0.99999527290109114 threshold=<=0.5; cond_mac: measured=1.3268309962965067e-19 threshold=>=0.80000000000000004,0,0,0,converged; residual=1.0390270121867376e-10
inf,100,diagnostic,14,40,25,622.434121024502,6.52122468215046e-13,6.52122468215046e-13,6.52122468215046e-13,9.5622749978348e-07,0.999996212118699,0.999999010615931,1,0,1,0,0,cond_kinetic: measured=9.5622749978348045e-07 threshold=>=0.5; cond_strain: measured=0.99999621211869894 threshold=<=0.5; cond_mac: measured=6.5212246821504635e-13 threshold=>=0.80000000000000004,0,0,0,converged; residual=9.8063114222898805e-11
inf,100,diagnostic,14,40,26,622.434154184507,4.10048923771673e-21,4.10048923771673e-21,4.10048923771673e-21,6.3070361101381e-08,0.99999724444484,0.999999933872658,1,0,1,0,0,cond_kinetic: measured=6.3070361101380971e-08 threshold=>=0.5; cond_strain: measured=0.99999724444483995 threshold=<=0.5; cond_mac: measured=4.1004892377167334e-21 threshold=>=0.80000000000000004,0,0,0,converged; residual=1.037648627157124e-10
inf,100,diagnostic,14,40,27,623.791955186812,5.68580914723492e-25,5.68580914723492e-25,5.68580914723492e-25,2.61518852290551e-08,0.999997278540526,0.999999971783882,1,0,1,0,0,cond_kinetic: measured=2.6151885229055147e-08 threshold=>=0.5; cond_strain: measured=0.99999727854052556 threshold=<=0.5; cond_mac: measured=5.6858091472349245e-25 threshold=>=0.80000000000000004,0,0,0,converged; residual=1.0214108686607863e-10
inf,100,diagnostic,14,40,28,623.79225940218,3.02447032037228e-27,3.02447032037228e-27,3.02447032037228e-27,5.59352243603765e-06,0.999992463774508,0.999994203116045,1,0,1,0,0,cond_kinetic: measured=5.5935224360376535e-06 threshold=>=0.5; cond_strain: measured=0.99999246377450846 threshold=<=0.5; cond_mac: measured=3.0244703203722759e-27 threshold=>=0.80000000000000004,0,0,0,converged; residual=1.2052728076952476e-10
inf,100,diagnostic,14,40,29,628.35232023433,5.51496158605711e-11,5.51496158605711e-11,5.51496158605711e-11,8.25997141270756e-06,0.999989014158901,0.999991482766504,1,0,1,0,0,cond_kinetic: measured=8.2599714127075569e-06 threshold=>=0.5; cond_strain: measured=0.99998901415890062 threshold=<=0.5; cond_mac: measured=5.5149615860571072e-11 threshold=>=0.80000000000000004,0,0,0,converged; residual=1.0747235176337544e-10
inf,100,diagnostic,14,40,30,628.352568046156,5.07483695864192e-16,5.07483695864192e-16,5.07483695864192e-16,3.74331117787581e-08,0.999998301937655,0.999999961006268,1,0,1,0,0,cond_kinetic: measured=3.7433111778758089e-08 threshold=>=0.5; cond_strain: measured=0.99999830193765471 threshold=<=0.5; cond_mac: measured=5.0748369586419193e-16 threshold=>=0.80000000000000004,0,0,0,converged; residual=9.122721308325647e-11
inf,100,diagnostic,14,40,31,628.352641799093,7.96730730555028e-20,7.96730730555028e-20,7.96730730555028e-20,3.78981803025557e-07,0.999998186206643,0.999999611174884,1,0,1,0,0,cond_kinetic: measured=3.7898180302555736e-07 threshold=>=0.5; cond_strain: measured=0.99999818620664294 threshold=<=0.5; cond_mac: measured=7.9673073055502786e-20 threshold=>=0.80000000000000004,0,0,0,converged; residual=1.8050342020583227e-10
inf,100,diagnostic,14,40,32,628.353035869717,3.09834100348071e-17,3.09834100348071e-17,3.09834100348071e-17,8.27798599256736e-06,0.999991221392246,0.999991422088275,1,0,1,0,0,cond_kinetic: measured=8.2779859925673581e-06 threshold=>=0.5; cond_strain: measured=0.99999122139224628 threshold=<=0.5; cond_mac: measured=3.0983410034807066e-17 threshold=>=0.80000000000000004,0,0,0,converged; residual=1.2605557053548247e-10
inf,100,diagnostic,14,40,33,634.201130107458,4.8826853092992e-12,4.8826853092992e-12,4.8826853092992e-12,1.41251224787635e-07,0.999997551915275,0.999999853411114,1,0,1,0,0,cond_kinetic: measured=1.4125122478763533e-07 threshold=>=0.5; cond_strain: measured=0.99999755191527484 threshold=<=0.5; cond_mac: measured=4.882685309299201e-12 threshold=>=0.80000000000000004,0,0,0,converged; residual=1.0329227419658411e-10
inf,100,diagnostic,14,40,34,634.201134066178,3.5172857116001e-15,3.5172857116001e-15,3.5172857116001e-15,3.87725074617368e-09,0.999997706700373,0.999999995360564,1,0,1,0,0,cond_kinetic: measured=3.877250746173682e-09 threshold=>=0.5; cond_strain: measured=0.99999770670037325 threshold=<=0.5; cond_mac: measured=3.5172857116000998e-15 threshold=>=0.80000000000000004,0,0,0,converged; residual=1.4796661853806603e-10
inf,100,diagnostic,14,40,35,634.391445304948,7.27689630619452e-24,7.27689630619452e-24,7.27689630619452e-24,7.67732227642359e-10,0.999997725516619,0.999999998594195,1,0,1,0,0,cond_kinetic: measured=7.6773222764235948e-10 threshold=>=0.5; cond_strain: measured=0.99999772551661881 threshold=<=0.5; cond_mac: measured=7.2768963061945173e-24 threshold=>=0.80000000000000004,0,0,0,converged; residual=1.0128785722323838e-10
inf,100,diagnostic,14,40,36,634.391452019243,4.10014729283601e-25,4.10014729283601e-25,4.10014729283601e-25,1.05939216354442e-07,0.999997637243563,0.99999988962118,1,0,1,0,0,cond_kinetic: measured=1.0593921635444178e-07 threshold=>=0.5; cond_strain: measured=0.99999763724356339 threshold=<=0.5; cond_mac: measured=4.1001472928360098e-25 threshold=>=0.80000000000000004,0,0,0,converged; residual=9.142938857958874e-11
inf,100,diagnostic,14,40,37,639.05164898389,6.70509706778303e-14,6.70509706778303e-14,6.70509706778303e-14,6.19269711930233e-08,0.999998886825031,0.999999935437567,1,0,1,0,0,cond_kinetic: measured=6.1926971193023281e-08 threshold=>=0.5; cond_strain: measured=0.99999888682503146 threshold=<=0.5; cond_mac: measured=6.7050970677830327e-14 threshold=>=0.80000000000000004,0,0,0,converged; residual=1.2215989483093063e-10
inf,100,diagnostic,14,40,38,639.051649682957,7.24628944937696e-16,7.24628944937696e-16,7.24628944937696e-16,8.28672109255685e-09,0.999998944631627,0.999999990985988,1,0,1,0,0,cond_kinetic: measured=8.286721092556849e-09 threshold=>=0.5; cond_strain: measured=0.9999989446316272 threshold=<=0.5; cond_mac: measured=7.2462894493769606e-16 threshold=>=0.80000000000000004,0,0,0,converged; residual=1.4903585138873291e-10
inf,100,diagnostic,14,40,39,639.05165996833,1.6682303148782e-19,1.6682303148782e-19,1.6682303148782e-19,3.69925017905661e-09,0.999998981556087,0.99999999585348,1,0,1,0,0,cond_kinetic: measured=3.69925017905661e-09 threshold=>=0.5; cond_strain: measured=0.99999898155608724 threshold=<=0.5; cond_mac: measured=1.6682303148782018e-19 threshold=>=0.80000000000000004,0,0,0,converged; residual=1.0291679333390025e-10
inf,100,diagnostic,14,40,40,639.05168782329,4.78451346793253e-19,4.78451346793253e-19,4.78451346793253e-19,4.12175564724285e-07,0.999998643985197,0.999999572739301,1,0,1,0,0,cond_kinetic: measured=4.1217556472428483e-07 threshold=>=0.5; cond_strain: measured=0.99999864398519744 threshold=<=0.5; cond_mac: measured=4.7845134679325301e-19 threshold=>=0.80000000000000004,0,0,0,converged; residual=1.0468054420628598e-10
inf,150,diagnostic,15,40,1,159.554502523941,0.99962396160553,0.99962396160553,0.99962396160553,0.968053726626318,1.71729090876915e-05,0.00277717255846287,1,1,1,1,1,,1,1,0,converged; residual=2.7924347343823821e-10
inf,150,diagnostic,15,40,2,225.70638696993,1.17858333489627e-23,1.17858333489627e-23,1.17858333489627e-23,0.965708172039505,8.21607250086324e-05,0.00329133103303405,1,1,1,1,0,cond_mac: measured=1.178583334896273e-23 threshold=>=0.80000000000000004,0,0,0,converged; residual=1.359082691916465e-10
inf,150,diagnostic,15,40,3,302.97437050428,1.70766870069543e-22,1.70766870069543e-22,1.70766870069543e-22,0.973138299867799,0.000362931038942022,0.00177471585339925,1,1,1,1,0,cond_mac: measured=1.7076687006954319e-22 threshold=>=0.80000000000000004,0,0,0,converged; residual=8.4685076261663059e-11
inf,150,diagnostic,15,40,4,448.481496685507,1.00099498342828e-08,1.00099498342828e-08,1.00099498342828e-08,9.52623153443973e-07,0.999996393507265,0.9999990120742,1,0,1,0,0,cond_kinetic: measured=9.5262315344397287e-07 threshold=>=0.5; cond_strain: measured=0.99999639350726488 threshold=<=0.5; cond_mac: measured=1.0009949834282807e-08 threshold=>=0.80000000000000004,0,0,0,converged; residual=1.5096570462965771e-10
inf,150,diagnostic,15,40,5,448.48186713912,2.87314756315015e-19,2.87314756315015e-19,2.87314756315015e-19,2.45996583812104e-08,0.999997688191301,0.999999974069758,1,0,1,0,0,cond_kinetic: measured=2.459965838121038e-08 threshold=>=0.5; cond_strain: measured=0.99999768819130075 threshold=<=0.5; cond_mac: measured=2.8731475631501516e-19 threshold=>=0.80000000000000004,0,0,0,converged; residual=1.2982804148066778e-10
inf,150,diagnostic,15,40,6,448.489510096607,7.68219396590705e-18,7.68219396590705e-18,7.68219396590705e-18,4.07712585641232e-06,0.999990810946731,0.99999577134514,1,0,1,0,0,cond_kinetic: measured=4.0771258564123222e-06 threshold=>=0.5; cond_strain: measured=0.99999081094673148 threshold=<=0.5; cond_mac: measured=7.6821939659070468e-18 threshold=>=0.80000000000000004,0,0,0,converged; residual=2.1349465526716366e-10
inf,150,diagnostic,15,40,7,448.515744449092,2.6800611717574e-19,2.6800611717574e-19,2.6800611717574e-19,3.09696676416606e-06,0.99999640386286,0.999996824569233,1,0,1,0,0,cond_kinetic: measured=3.0969667641660552e-06 threshold=>=0.5; cond_strain: measured=0.99999640386286026 threshold=<=0.5; cond_mac: measured=2.6800611717574001e-19 threshold=>=0.80000000000000004,0,0,0,converged; residual=1.6014840944598564e-10
inf,150,diagnostic,15,40,8,518.493278460597,1.12675929882776e-14,1.12675929882776e-14,1.12675929882776e-14,2.88927293220585e-07,0.999997357400412,0.999999700183401,1,0,1,0,0,cond_kinetic: measured=2.8892729322058491e-07 threshold=>=0.5; cond_strain: measured=0.99999735740041207 threshold=<=0.5; cond_mac: measured=1.1267592988277633e-14 threshold=>=0.80000000000000004,0,0,0,converged; residual=9.4136592439092809e-11
inf,150,diagnostic,15,40,9,518.493302373919,5.88506453288857e-09,5.88506453288857e-09,5.88506453288857e-09,6.13861511679366e-07,0.999997110017965,0.99999936209309,1,0,1,0,0,cond_kinetic: measured=6.1386151167936605e-07 threshold=>=0.5; cond_strain: measured=0.99999711001796543 threshold=<=0.5; cond_mac: measured=5.8850645328885656e-09 threshold=>=0.80000000000000004,0,0,0,converged; residual=1.1255527551389948e-10
inf,150,diagnostic,15,40,10,518.711048991654,1.6307577375091e-20,1.6307577375091e-20,1.6307577375091e-20,2.19262552495931e-05,0.999968662374824,0.999977259515738,1,0,1,0,0,cond_kinetic: measured=2.1926255249593109e-05 threshold=>=0.5; cond_strain: measured=0.99996866237482429 threshold=<=0.5; cond_mac: measured=1.6307577375090966e-20 threshold=>=0.80000000000000004,0,0,0,converged; residual=1.9449762039776771e-10
inf,150,diagnostic,15,40,11,518.713152883604,5.19110710014642e-21,5.19110710014642e-21,5.19110710014642e-21,1.53495324485488e-06,0.999996948790333,0.999998425248262,1,0,1,0,0,cond_kinetic: measured=1.53495324485488e-06 threshold=>=0.5; cond_strain: measured=0.99999694879033252 threshold=<=0.5; cond_mac: measured=5.1911071001464219e-21 threshold=>=0.80000000000000004,0,0,0,converged; residual=1.0669490790242962e-10
inf,150,diagnostic,15,40,12,570.575141532183,8.42980921807717e-09,8.42980921807717e-09,8.42980921807717e-09,4.20806295445645e-06,0.999991679087639,0.99999563711534,1,0,1,0,0,cond_kinetic: measured=4.2080629544564522e-06 threshold=>=0.5; cond_strain: measured=0.99999167908763886 threshold=<=0.5; cond_mac: measured=8.4298092180771691e-09 threshold=>=0.80000000000000004,0,0,0,converged; residual=8.7734314525717417e-11
inf,150,diagnostic,15,40,13,570.575356732066,1.93552219336421e-16,1.93552219336421e-16,1.93552219336421e-16,1.85934552026231e-07,0.99999661742969,0.999999806863706,1,0,1,0,0,cond_kinetic: measured=1.8593455202623128e-07 threshold=>=0.5; cond_strain: measured=0.99999661742969026 threshold=<=0.5; cond_mac: measured=1.9355221933642116e-16 threshold=>=0.80000000000000004,0,0,0,converged; residual=7.0989171690433128e-11
inf,150,diagnostic,15,40,14,570.660961063048,2.68554517684294e-19,2.68554517684294e-19,2.68554517684294e-19,0.00204417285911632,0.997808024064771,0.997879570702811,1,0,1,0,0,cond_kinetic: measured=0.0020441728591163162 threshold=>=0.5; cond_strain: measured=0.99780802406477065 threshold=<=0.5; cond_mac: measured=2.685545176842938e-19 threshold=>=0.80000000000000004,0,0,0,converged; residual=8.3947036361948865e-11
inf,150,diagnostic,15,40,15,570.679939653364,5.59123040270555e-20,5.59123040270555e-20,5.59123040270555e-20,1.9850740654187e-06,0.999996441002844,0.999997964046038,1,0,1,0,0,cond_kinetic: measured=1.9850740654187042e-06 threshold=>=0.5; cond_strain: measured=0.99999644100284368 threshold=<=0.5; cond_mac: measured=5.5912304027055519e-20 threshold=>=0.80000000000000004,0,0,0,converged; residual=7.2277261569276771e-11
inf,150,diagnostic,15,40,16,578.714511541368,2.06996353540299e-24,2.06996353540299e-24,2.06996353540299e-24,0.958229367051286,0.00260886712508843,0.00601846442449577,1,1,1,1,0,cond_mac: measured=2.0699635354029871e-24 threshold=>=0.80000000000000004,0,0,0,converged; residual=5.9138212516841527e-11
inf,150,diagnostic,15,40,17,612.149362122763,1.21991337324778e-11,1.21991337324778e-11,1.21991337324778e-11,1.11878443703704e-05,0.999983322473826,0.999988429059567,1,0,1,0,0,cond_kinetic: measured=1.1187844370370376e-05 threshold=>=0.5; cond_strain: measured=0.9999833224738256 threshold=<=0.5; cond_mac: measured=1.2199133732477791e-11 threshold=>=0.80000000000000004,0,0,0,converged; residual=1.2226333326316092e-10
inf,150,diagnostic,15,40,18,612.149883403914,1.40470907845661e-20,1.40470907845661e-20,1.40470907845661e-20,8.52881925645181e-07,0.999995745910739,0.999999119829161,1,0,1,0,0,cond_kinetic: measured=8.5288192564518118e-07 threshold=>=0.5; cond_strain: measured=0.99999574591073925 threshold=<=0.5; cond_mac: measured=1.4047090784566068e-20 threshold=>=0.80000000000000004,0,0,0,converged; residual=1.1104280822796027e-10
inf,150,diagnostic,15,40,19,614.485618500292,4.16770244189326e-26,4.16770244189326e-26,4.16770244189326e-26,1.67083806423734e-07,0.999996386960518,0.999999822901428,1,0,1,0,0,cond_kinetic: measured=1.6708380642373398e-07 threshold=>=0.5; cond_strain: measured=0.99999638696051818 threshold=<=0.5; cond_mac: measured=4.1677024418932559e-26 threshold=>=0.80000000000000004,0,0,0,converged; residual=1.0157202562731843e-10
inf,150,diagnostic,15,40,20,614.488680842998,1.60671517949425e-26,1.60671517949425e-26,1.60671517949425e-26,8.27188111478136e-05,0.999920464510301,0.999914230264441,1,0,1,0,0,cond_kinetic: measured=8.2718811147813634e-05 threshold=>=0.5; cond_strain: measured=0.99992046451030114 threshold=<=0.5; cond_mac: measured=1.6067151794942535e-26 threshold=>=0.80000000000000004,0,0,0,converged; residual=1.353927514258878e-10
inf,150,diagnostic,15,40,21,624.037730002023,1.94237021524984e-12,1.94237021524984e-12,1.94237021524984e-12,7.50432267873665e-08,0.99999899505356,0.999999921590189,1,0,1,0,0,cond_kinetic: measured=7.5043226787366535e-08 threshold=>=0.5; cond_strain: measured=0.99999899505355994 threshold=<=0.5; cond_mac: measured=1.9423702152498441e-12 threshold=>=0.80000000000000004,0,0,0,converged; residual=1.0651112909729107e-10
inf,150,diagnostic,15,40,22,624.037730755879,9.27516215889642e-16,9.27516215889642e-16,9.27516215889642e-16,1.70929621779863e-08,0.999999057747226,0.999999981697493,1,0,1,0,0,cond_kinetic: measured=1.7092962177986349e-08 threshold=>=0.5; cond_strain: measured=0.99999905774722597 threshold=<=0.5; cond_mac: measured=9.2751621588964225e-16 threshold=>=0.80000000000000004,0,0,0,converged; residual=1.1623508680068935e-10
inf,150,diagnostic,15,40,23,624.037752314535,4.93824084244736e-18,4.93824084244736e-18,4.93824084244736e-18,6.64863382288177e-09,0.99999913752557,0.999999992808658,1,0,1,0,0,cond_kinetic: measured=6.6486338228817658e-09 threshold=>=0.5; cond_strain: measured=0.99999913752556957 threshold=<=0.5; cond_mac: measured=4.9382408424473631e-18 threshold=>=0.80000000000000004,0,0,0,converged; residual=1.3832928323638631e-10
inf,150,diagnostic,15,40,24,624.037839022296,1.75851561666514e-20,1.75851561666514e-20,1.75851561666514e-20,1.87204675329843e-06,0.999997474113089,0.999998058764772,1,0,1,0,0,cond_kinetic: measured=1.872046753298427e-06 threshold=>=0.5; cond_strain: measured=0.99999747411308926 threshold=<=0.5; cond_mac: measured=1.7585156166651389e-20 threshold=>=0.80000000000000004,0,0,0,converged; residual=1.1544896398346424e-10
inf,150,diagnostic,15,40,25,625.050592828603,3.37357982518422e-11,3.37357982518422e-11,3.37357982518422e-11,3.46375721924111e-07,0.999997098772058,0.999999640663909,1,0,1,0,0,cond_kinetic: measured=3.4637572192411141e-07 threshold=>=0.5; cond_strain: measured=0.99999709877205778 threshold=<=0.5; cond_mac: measured=3.3735798251842184e-11 threshold=>=0.80000000000000004,0,0,0,converged; residual=9.3105677516233334e-11
inf,150,diagnostic,15,40,26,625.05060643278,1.4522255837335e-18,1.4522255837335e-18,1.4522255837335e-18,2.30579625291992e-08,0.999997477638707,0.999999975040592,1,0,1,0,0,cond_kinetic: measured=2.3057962529199175e-08 threshold=>=0.5; cond_strain: measured=0.9999974776387065 threshold=<=0.5; cond_mac: measured=1.4522255837335021e-18 threshold=>=0.80000000000000004,0,0,0,converged; residual=9.7528387319448096e-11
inf,150,diagnostic,15,40,27,625.494890097585,8.18908680604289e-13,8.18908680604289e-13,8.18908680604289e-13,8.52820293235082e-06,0.999988701736328,0.999991181064437,1,0,1,0,0,cond_kinetic: measured=8.5282029323508199e-06 threshold=>=0.5; cond_strain: measured=0.9999887017363277 threshold=<=0.5; cond_mac: measured=8.1890868060428904e-13 threshold=>=0.80000000000000004,0,0,0,converged; residual=1.0397790083173728e-10
inf,150,diagnostic,15,40,28,625.495187585097,3.07292010741031e-21,3.07292010741031e-21,3.07292010741031e-21,3.67210482452932e-07,0.999998115924821,0.999999621087754,1,0,1,0,0,cond_kinetic: measured=3.6721048245293199e-07 threshold=>=0.5; cond_strain: measured=0.99999811592482069 threshold=<=0.5; cond_mac: measured=3.0729201074103087e-21 threshold=>=0.80000000000000004,0,0,0,converged; residual=9.9680456970591995e-11
inf,150,diagnostic,15,40,29,625.495247087644,8.37386429834708e-20,8.37386429834708e-20,8.37386429834708e-20,3.5566483967096e-08,0.999998647210047,0.99999996235239,1,0,1,0,0,cond_kinetic: measured=3.5566483967096024e-08 threshold=>=0.5; cond_strain: measured=0.99999864721004694 threshold=<=0.5; cond_mac: measured=8.3738642983470755e-20 threshold=>=0.80000000000000004,0,0,0,converged; residual=1.3113862748972265e-10
inf,150,diagnostic,15,40,30,625.495942431051,2.38120751062324e-21,2.38120751062324e-21,2.38120751062324e-21,1.43614979824763e-05,0.999985966531156,0.999985108309952,1,0,1,0,0,cond_kinetic: measured=1.4361497982476253e-05 threshold=>=0.5; cond_strain: measured=0.9999859665311559 threshold=<=0.5; cond_mac: measured=2.381207510623243e-21 threshold=>=0.80000000000000004,0,0,0,converged; residual=1.1883720029170856e-10
inf,150,diagnostic,15,40,31,625.911363270627,1.55121300440447e-25,1.55121300440447e-25,1.55121300440447e-25,5.86437863611892e-09,0.999997581322598,0.999999993063519,1,0,1,0,0,cond_kinetic: measured=5.8643786361189204e-09 threshold=>=0.5; cond_strain: measured=0.99999758132259808 threshold=<=0.5; cond_mac: measured=1.5512130044044657e-25 threshold=>=0.80000000000000004,0,0,0,converged; residual=9.3043069228590707e-11
inf,150,diagnostic,15,40,32,625.911368917335,8.43210027150953e-26,8.43210027150953e-26,8.43210027150953e-26,1.45553589163924e-07,0.999997454489986,0.999999848459989,1,0,1,0,0,cond_kinetic: measured=1.4555358916392425e-07 threshold=>=0.5; cond_strain: measured=0.99999745448998634 threshold=<=0.5; cond_mac: measured=8.4321002715095256e-26 threshold=>=0.80000000000000004,0,0,0,converged; residual=8.4824553172785618e-11
inf,150,diagnostic,15,40,33,629.461751482019,1.35278979928052e-11,1.35278979928052e-11,1.35278979928052e-11,6.70960330528214e-06,0.999989986205555,0.999993063046589,1,0,1,0,0,cond_kinetic: measured=6.7096033052821404e-06 threshold=>=0.5; cond_strain: measured=0.99998998620555535 threshold=<=0.5; cond_mac: measured=1.3527897992805169e-11 threshold=>=0.80000000000000004,0,0,0,converged; residual=1.0372473424457211e-10
inf,150,diagnostic,15,40,34,629.461968120243,9.01885712356658e-19,9.01885712356658e-19,9.01885712356658e-19,2.2104028049647e-07,0.999997401038556,0.99999977118404,1,0,1,0,0,cond_kinetic: measured=2.2104028049646966e-07 threshold=>=0.5; cond_strain: measured=0.9999974010385565 threshold=<=0.5; cond_mac: measured=9.0188571235665771e-19 threshold=>=0.80000000000000004,0,0,0,converged; residual=1.0643235960826292e-10
inf,150,diagnostic,15,40,35,629.462010807748,3.30944070384666e-16,3.30944070384666e-16,3.30944070384666e-16,3.27377834377012e-08,0.999997730601098,0.999999964790425,1,0,1,0,0,cond_kinetic: measured=3.2737783437701177e-08 threshold=>=0.5; cond_strain: measured=0.99999773060109765 threshold=<=0.5; cond_mac: measured=3.3094407038466649e-16 threshold=>=0.80000000000000004,0,0,0,converged; residual=9.1423788371618395e-11
inf,150,diagnostic,15,40,36,629.462495787151,1.38421147894629e-17,1.38421147894629e-17,1.38421147894629e-17,9.26143770580678e-06,0.999989671653408,0.999990398092466,1,0,1,0,0,cond_kinetic: measured=9.2614377058067784e-06 threshold=>=0.5; cond_strain: measured=0.9999896716534078 threshold=<=0.5; cond_mac: measured=1.3842114789462944e-17 threshold=>=0.80000000000000004,0,0,0,converged; residual=1.0695131019742041e-10
inf,150,diagnostic,15,40,37,631.873538384905,2.64630351516005e-08,2.64630351516005e-08,2.64630351516005e-08,5.93251317910017e-05,0.999931040459798,0.999938553291129,1,0,1,0,0,cond_kinetic: measured=5.9325131791001742e-05 threshold=>=0.5; cond_strain: measured=0.99993104045979753 threshold=<=0.5; cond_mac: measured=2.6463035151600459e-08 threshold=>=0.80000000000000004,0,0,0,converged; residual=7.0287507395964663e-11
inf,150,diagnostic,15,40,38,631.87496201815,1.74658090124207e-18,1.74658090124207e-18,1.74658090124207e-18,1.87375377014188e-06,0.999995598303586,0.999998043480239,1,0,1,0,0,cond_kinetic: measured=1.8737537701418786e-06 threshold=>=0.5; cond_strain: measured=0.99999559830358642 threshold=<=0.5; cond_mac: measured=1.7465809012420738e-18 threshold=>=0.80000000000000004,0,0,0,converged; residual=6.8446069850109897e-11
inf,150,diagnostic,15,40,39,632.478383497802,1.03589614817069e-20,1.03589614817069e-20,1.03589614817069e-20,2.23443833136953e-05,0.99997062045117,0.999976982148119,1,0,1,0,0,cond_kinetic: measured=2.2344383313695344e-05 threshold=>=0.5; cond_strain: measured=0.99997062045117047 threshold=<=0.5; cond_mac: measured=1.0358961481706935e-20 threshold=>=0.80000000000000004,0,0,0,converged; residual=6.9651613103148899e-11
inf,150,diagnostic,15,40,40,632.489977877748,6.24373748126428e-21,6.24373748126428e-21,6.24373748126428e-21,3.04180804578924e-06,0.999997088823919,0.999996877891237,1,0,1,0,0,cond_kinetic: measured=3.0418080457892375e-06 threshold=>=0.5; cond_strain: measured=0.9999970888239188 threshold=<=0.5; cond_mac: measured=6.2437374812642773e-21 threshold=>=0.80000000000000004,0,0,0,converged; residual=6.6607152470002758e-11
inf,200,diagnostic,16,40,1,159.511748267387,0.999626783081136,0.999626783081136,0.999626783081136,0.968343966322083,1.62672754435282e-05,0.00266700944837576,1,1,1,1,1,,1,1,0,converged; residual=2.7292950170415952e-10
inf,200,diagnostic,16,40,2,225.896256276252,3.30461890218886e-24,3.30461890218886e-24,3.30461890218886e-24,0.965817317101095,8.59575641150992e-05,0.00308559860773927,1,1,1,1,0,cond_mac: measured=3.3046189021888618e-24 threshold=>=0.80000000000000004,0,0,0,converged; residual=1.3259232560367455e-10
inf,200,diagnostic,16,40,3,303.070050244313,1.52267754910425e-22,1.52267754910425e-22,1.52267754910425e-22,0.973880089132745,0.000304112327607128,0.00184018588897205,1,1,1,1,0,cond_mac: measured=1.5226775491042504e-22 threshold=>=0.80000000000000004,0,0,0,converged; residual=8.2790583844111539e-11
inf,200,diagnostic,16,40,4,462.570062839935,9.91651495336648e-09,9.91651495336648e-09,9.91651495336648e-09,1.18732447335662e-06,0.999995920811726,0.999998768127517,1,0,1,0,0,cond_kinetic: measured=1.1873244733566191e-06 threshold=>=0.5; cond_strain: measured=0.99999592081172595 threshold=<=0.5; cond_mac: measured=9.9165149533664783e-09 threshold=>=0.80000000000000004,0,0,0,converged; residual=1.15440281309779e-10
inf,200,diagnostic,16,40,5,462.570437304643,1.32465207416771e-16,1.32465207416771e-16,1.32465207416771e-16,2.70386453402999e-08,0.999997560653629,0.999999971557304,1,0,1,0,0,cond_kinetic: measured=2.7038645340299895e-08 threshold=>=0.5; cond_strain: measured=0.99999756065362866 threshold=<=0.5; cond_mac: measured=1.3246520741677127e-16 threshold=>=0.80000000000000004,0,0,0,converged; residual=1.1605834401839885e-10
inf,200,diagnostic,16,40,6,462.579100975421,7.67428913023417e-18,7.67428913023417e-18,7.67428913023417e-18,5.3765054707393e-06,0.999988847986903,0.999994422467492,1,0,1,0,0,cond_kinetic: measured=5.3765054707392961e-06 threshold=>=0.5; cond_strain: measured=0.99998884798690335 threshold=<=0.5; cond_mac: measured=7.6742891302341701e-18 threshold=>=0.80000000000000004,0,0,0,converged; residual=1.9992059983181454e-10
inf,200,diagnostic,16,40,7,462.603592666741,1.4337700447157e-18,1.4337700447157e-18,1.4337700447157e-18,3.03533628271583e-06,0.999996408588153,0.999996890451959,1,0,1,0,0,cond_kinetic: measured=3.0353362827158293e-06 threshold=>=0.5; cond_strain: measured=0.99999640858815297 threshold=<=0.5; cond_mac: measured=1.4337700447157028e-18 threshold=>=0.80000000000000004,0,0,0,converged; residual=1.1644177935354768e-10
inf,200,diagnostic,16,40,8,485.974217435605,6.77210979712579e-17,6.77210979712579e-17,6.77210979712579e-17,4.86660485423788e-06,0.999990916756944,0.999994949430502,1,0,1,0,0,cond_kinetic: measured=4.8666048542378792e-06 threshold=>=0.5; cond_strain: measured=0.99999091675694374 threshold=<=0.5; cond_mac: measured=6.7721097971257856e-17 threshold=>=0.80000000000000004,0,0,0,converged; residual=1.9612888233813529e-10
inf,200,diagnostic,16,40,9,485.974757084513,5.473443222027e-13,5.473443222027e-13,5.473443222027e-13,7.87272741933592e-08,0.999998125476805,0.999999918976945,1,0,1,0,0,cond_kinetic: measured=7.8727274193359227e-08 threshold=>=0.5; cond_strain: measured=0.99999812547680456 threshold=<=0.5; cond_mac: measured=5.4734432220269978e-13 threshold=>=0.80000000000000004,0,0,0,converged; residual=1.1784088529084132e-10
inf,200,diagnostic,16,40,10,485.974766457985,3.29942636140303e-11,3.29942636140303e-11,3.29942636140303e-11,1.81480489799205e-07,0.999998055845562,0.9999998134725,1,0,1,0,0,cond_kinetic: measured=1.8148048979920495e-07 threshold=>=0.5; cond_strain: measured=0.99999805584556156 threshold=<=0.5; cond_mac: measured=3.2994263614030275e-11 threshold=>=0.80000000000000004,0,0,0,converged; residual=1.1084932308278418e-10
inf,200,diagnostic,16,40,11,485.974808102508,1.1349316064218e-16,1.1349316064218e-16,1.1349316064218e-16,2.49911750714177e-07,0.999998154676932,0.999999740390538,1,0,1,0,0,cond_kinetic: measured=2.4991175071417688e-07 threshold=>=0.5; cond_strain: measured=0.9999981546769322 threshold=<=0.5; cond_mac: measured=1.1349316064217951e-16 threshold=>=0.80000000000000004,0,0,0,converged; residual=1.0630904188583955e-10
inf,200,diagnostic,16,40,12,495.359770482212,8.24001453258006e-09,8.24001453258006e-09,8.24001453258006e-09,1.04720271019584e-06,0.999996606776778,0.999998912270447,1,0,1,0,0,cond_kinetic: measured=1.0472027101958433e-06 threshold=>=0.5; cond_strain: measured=0.99999660677677826 threshold=<=0.5; cond_mac: measured=8.2400145325800562e-09 threshold=>=0.80000000000000004,0,0,0,converged; residual=1.2647623046367916e-10
inf,200,diagnostic,16,40,13,495.35978926136,4.15401545945368e-11,4.15401545945368e-11,4.15401545945368e-11,1.41212748288023e-07,0.999997625833771,0.999999853419055,1,0,1,0,0,cond_kinetic: measured=1.4121274828802315e-07 threshold=>=0.5; cond_strain: measured=0.99999762583377105 threshold=<=0.5; cond_mac: measured=4.1540154594536755e-11 threshold=>=0.80000000000000004,0,0,0,converged; residual=9.6709367566210142e-11
inf,200,diagnostic,16,40,14,495.454529181633,2.1659683855373e-16,2.1659683855373e-16,2.1659683855373e-16,1.04685513695197e-05,0.999982486551031,0.999989142580196,1,0,1,0,0,cond_kinetic: measured=1.046855136951971e-05 threshold=>=0.5; cond_strain: measured=0.99998248655103128 threshold=<=0.5; cond_mac: measured=2.1659683855373021e-16 threshold=>=0.80000000000000004,0,0,0,converged; residual=1.8622861100454269e-10
inf,200,diagnostic,16,40,15,495.458520958528,6.60153380494753e-17,6.60153380494753e-17,6.60153380494753e-17,2.25147938858584e-06,0.999997024045262,0.999997692812826,1,0,1,0,0,cond_kinetic: measured=2.2514793885858437e-06 threshold=>=0.5; cond_strain: measured=0.99999702404526214 threshold=<=0.5; cond_mac: measured=6.6015338049475282e-17 threshold=>=0.80000000000000004,0,0,0,converged; residual=1.1102797472809657e-10
inf,200,diagnostic,16,40,16,529.464452379361,7.73610687710163e-15,7.73610687710163e-15,7.73610687710163e-15,2.90455985704689e-07,0.999997327056822,0.999999698393627,1,0,1,0,0,cond_kinetic: measured=2.9045598570468929e-07 threshold=>=0.5; cond_strain: measured=0.99999732705682165 threshold=<=0.5; cond_mac: measured=7.7361068771016311e-15 threshold=>=0.80000000000000004,0,0,0,converged; residual=9.0414640026526123e-11
inf,200,diagnostic,16,40,17,529.464473845429,5.35765656638096e-09,5.35765656638096e-09,5.35765656638096e-09,6.32576519879912e-07,0.999997050212129,0.999999341990343,1,0,1,0,0,cond_kinetic: measured=6.3257651987991248e-07 threshold=>=0.5; cond_strain: measured=0.99999705021212915 threshold=<=0.5; cond_mac: measured=5.3576565663809559e-09 threshold=>=0.80000000000000004,0,0,0,converged; residual=1.012651271504228e-10
inf,200,diagnostic,16,40,18,529.695841574743,1.98077138054753e-20,1.98077138054753e-20,1.98077138054753e-20,2.67739495920994e-05,0.999963153226541,0.999972227117448,1,0,1,0,0,cond_kinetic: measured=2.6773949592099353e-05 threshold=>=0.5; cond_strain: measured=0.99996315322654106 threshold=<=0.5; cond_mac: measured=1.9807713805475268e-20 threshold=>=0.80000000000000004,0,0,0,converged; residual=1.6995076560294739e-10
inf,200,diagnostic,16,40,19,529.698004293589,1.03631082002938e-20,1.03631082002938e-20,1.03631082002938e-20,1.39270698802876e-06,0.999996983872997,0.999998572173676,1,0,1,0,0,cond_kinetic: measured=1.3927069880287616e-06 threshold=>=0.5; cond_strain: measured=0.99999698387299651 threshold=<=0.5; cond_mac: measured=1.0363108200293801e-20 threshold=>=0.80000000000000004,0,0,0,converged; residual=1.1208446793613496e-10
inf,200,diagnostic,16,40,20,583.924253400356,1.09260999333255e-24,1.09260999333255e-24,1.09260999333255e-24,0.942006794040258,0.0190697602529859,0.0225100778911267,1,1,1,1,0,cond_mac: measured=1.0926099933325473e-24 threshold=>=0.80000000000000004,0,0,0,converged; residual=6.5520680065415758e-11
inf,200,diagnostic,16,40,21,585.54201913194,4.23988927328812e-11,4.23988927328812e-11,4.23988927328812e-11,3.31942242139835e-06,0.99999199251309,0.999996566574008,1,0,1,0,0,cond_kinetic: measured=3.3194224213983493e-06 threshold=>=0.5; cond_strain: measured=0.99999199251308957 threshold=<=0.5; cond_mac: measured=4.2398892732881238e-11 threshold=>=0.80000000000000004,0,0,0,converged; residual=1.2306644755175836e-10
inf,200,diagnostic,16,40,22,585.542247439079,3.9216301340868e-17,3.9216301340868e-17,3.9216301340868e-17,5.45314167222279e-07,0.999995650026457,0.999999436721043,1,0,1,0,0,cond_kinetic: measured=5.4531416722227905e-07 threshold=>=0.5; cond_strain: measured=0.99999565002645674 threshold=<=0.5; cond_mac: measured=3.9216301340867994e-17 threshold=>=0.80000000000000004,0,0,0,converged; residual=1.3355560685373493e-10
inf,200,diagnostic,16,40,23,585.686315686324,2.85521505902523e-21,2.85521505902523e-21,2.85521505902523e-21,9.92232614766317e-08,0.999996112238331,0.999999894239955,1,0,1,0,0,cond_kinetic: measured=9.9223261476631655e-08 threshold=>=0.5; cond_strain: measured=0.99999611223833085 threshold=<=0.5; cond_mac: measured=2.8552150590252328e-21 threshold=>=0.80000000000000004,0,0,0,converged; residual=1.047882758045237e-10
inf,200,diagnostic,16,40,24,585.72017967288,2.67679141683609e-22,2.67679141683609e-22,2.67679141683609e-22,0.0181121249405758,0.981251977830012,0.98120615634952,1,0,1,0,0,cond_kinetic: measured=0.018112124940575847 threshold=>=0.5; cond_strain: measured=0.98125197783001161 threshold=<=0.5; cond_mac: measured=2.6767914168360924e-22 threshold=>=0.80000000000000004,0,0,0,converged; residual=6.887929408475832e-11
inf,200,diagnostic,16,40,25,621.797575449087,3.32388381536836e-11,3.32388381536836e-11,3.32388381536836e-11,5.41224887762323e-06,0.99999281737981,0.999994425224998,1,0,1,0,0,cond_kinetic: measured=5.4122488776232263e-06 threshold=>=0.5; cond_strain: measured=0.99999281737980972 threshold=<=0.5; cond_mac: measured=3.3238838153683561e-11 threshold=>=0.80000000000000004,0,0,0,converged; residual=1.1819814570311872e-10
inf,200,diagnostic,16,40,26,621.797860687262,2.35110470939213e-22,2.35110470939213e-22,2.35110470939213e-22,4.4596268161431e-07,0.999998855553408,0.999999538482581,1,0,1,0,0,cond_kinetic: measured=4.4596268161430984e-07 threshold=>=0.5; cond_strain: measured=0.99999885555340762 threshold=<=0.5; cond_mac: measured=2.3511047093921268e-22 threshold=>=0.80000000000000004,0,0,0,converged; residual=1.0494531765242616e-10
inf,200,diagnostic,16,40,27,624.576066884636,1.09499254161094e-11,1.09499254161094e-11,1.09499254161094e-11,6.01626362244816e-07,0.999998021630146,0.999999372947014,1,0,1,0,0,cond_kinetic: measured=6.0162636224481646e-07 threshold=>=0.5; cond_strain: measured=0.99999802163014584 threshold=<=0.5; cond_mac: measured=1.094992541610939e-11 threshold=>=0.80000000000000004,0,0,0,converged; residual=1.6966558458869633e-10
inf,200,diagnostic,16,40,28,624.576080953485,9.48923142222289e-17,9.48923142222289e-17,9.48923142222289e-17,9.95276740986985e-08,0.999998588892674,0.999999893658231,1,0,1,0,0,cond_kinetic: measured=9.9527674098698474e-08 threshold=>=0.5; cond_strain: measured=0.99999858889267412 threshold=<=0.5; cond_mac: measured=9.4892314222228916e-17 threshold=>=0.80000000000000004,0,0,0,converged; residual=1.8089616182481986e-10
inf,200,diagnostic,16,40,29,624.576164221007,1.8706241963386e-17,1.8706241963386e-17,1.8706241963386e-17,6.83945300635972e-09,0.999998954641554,0.999999992496119,1,0,1,0,0,cond_kinetic: measured=6.8394530063597249e-09 threshold=>=0.5; cond_strain: measured=0.99999895464155442 threshold=<=0.5; cond_mac: measured=1.8706241963386027e-17 threshold=>=0.80000000000000004,0,0,0,converged; residual=1.1373698135281018e-10
inf,200,diagnostic,16,40,30,624.57625011038,8.21755963257534e-19,8.21755963257534e-19,8.21755963257534e-19,2.06487163608505e-06,0.99999708609723,0.999997856428325,1,0,1,0,0,cond_kinetic: measured=2.0648716360850501e-06 threshold=>=0.5; cond_strain: measured=0.9999970860972297 threshold=<=0.5; cond_mac: measured=8.2175596325753371e-19 threshold=>=0.80000000000000004,0,0,0,converged; residual=1.2204505960501681e-10
inf,200,diagnostic,16,40,31,630.530888204383,5.55225057257443e-28,5.55225057257443e-28,5.55225057257443e-28,2.48029722169119e-07,0.999998620174857,0.999999745083145,1,0,1,0,0,cond_kinetic: measured=2.4802972216911926e-07 threshold=>=0.5; cond_strain: measured=0.99999862017485719 threshold=<=0.5; cond_mac: measured=5.5522505725744344e-28 threshold=>=0.80000000000000004,0,0,0,converged; residual=1.0057677579036113e-10
inf,200,diagnostic,16,40,32,630.531466092475,8.02457134059002e-28,8.02457134059002e-28,8.02457134059002e-28,1.77902590868178e-05,0.999982206992793,0.999981558566451,1,0,1,0,0,cond_kinetic: measured=1.7790259086817841e-05 threshold=>=0.5; cond_strain: measured=0.99998220699279272 threshold=<=0.5; cond_mac: measured=8.0245713405900247e-28 threshold=>=0.80000000000000004,0,0,0,converged; residual=1.32297214576931e-10
inf,200,diagnostic,16,40,33,633.667385696996,4.0325312631719e-16,4.0325312631719e-16,4.0325312631719e-16,1.16204036547252e-07,0.999996071998046,0.999999877480155,1,0,1,0,0,cond_kinetic: measured=1.1620403654725197e-07 threshold=>=0.5; cond_strain: measured=0.99999607199804563 threshold=<=0.5; cond_mac: measured=4.0325312631718967e-16 threshold=>=0.80000000000000004,0,0,0,converged; residual=1.1010449589419607e-10
inf,200,diagnostic,16,40,34,633.667387306493,1.68571274871429e-19,1.68571274871429e-19,1.68571274871429e-19,1.84748484866607e-08,0.999996178680172,0.999999978813941,1,0,1,0,0,cond_kinetic: measured=1.8474848486660738e-08 threshold=>=0.5; cond_strain: measured=0.99999617868017165 threshold=<=0.5; cond_mac: measured=1.6857127487142869e-19 threshold=>=0.80000000000000004,0,0,0,converged; residual=1.154701065239437e-10
inf,200,diagnostic,16,40,35,633.667414002875,1.25405888902118e-20,1.25405888902118e-20,1.25405888902118e-20,6.6294394207995e-09,0.999996275062331,0.999999991404535,1,0,1,0,0,cond_kinetic: measured=6.6294394207995e-09 threshold=>=0.5; cond_strain: measured=0.99999627506233069 threshold=<=0.5; cond_mac: measured=1.2540588890211849e-20 threshold=>=0.80000000000000004,0,0,0,converged; residual=9.7630650669529892e-11
inf,200,diagnostic,16,40,36,633.667480688052,7.61073913793217e-23,7.61073913793217e-23,7.61073913793217e-23,1.33241717955455e-06,0.999995106039613,0.999998616905102,1,0,1,0,0,cond_kinetic: measured=1.3324171795545483e-06 threshold=>=0.5; cond_strain: measured=0.99999510603961306 threshold=<=0.5; cond_mac: measured=7.6107391379321713e-23 threshold=>=0.80000000000000004,0,0,0,converged; residual=9.1365653275346384e-11
inf,200,diagnostic,16,40,37,635.811875169997,1.67760288247756e-10,1.67760288247756e-10,1.67760288247756e-10,1.8051239184765e-05,0.99997807989895,0.999981331886129,1,0,1,0,0,cond_kinetic: measured=1.8051239184765043e-05 threshold=>=0.5; cond_strain: measured=0.99997807989894971 threshold=<=0.5; cond_mac: measured=1.6776028824775622e-10 threshold=>=0.80000000000000004,0,0,0,converged; residual=9.5003351810314591e-11
inf,200,diagnostic,16,40,38,635.812357119952,4.27944408686448e-18,4.27944408686448e-18,4.27944408686448e-18,4.39394921656251e-07,0.99999785998456,0.999999546560861,1,0,1,0,0,cond_kinetic: measured=4.393949216562514e-07 threshold=>=0.5; cond_strain: measured=0.99999785998455981 threshold=<=0.5; cond_mac: measured=4.2794440868644832e-18 threshold=>=0.80000000000000004,0,0,0,converged; residual=9.1511769132147579e-11
inf,200,diagnostic,16,40,39,635.812430542384,3.32375694838692e-16,3.32375694838692e-16,3.32375694838692e-16,4.28627433980402e-08,0.999998498930624,0.999999954623325,1,0,1,0,0,cond_kinetic: measured=4.2862743398040163e-08 threshold=>=0.5; cond_strain: measured=0.9999984989306242 threshold=<=0.5; cond_mac: measured=3.3237569483869232e-16 threshold=>=0.80000000000000004,0,0,0,converged; residual=8.6569852028803188e-11
inf,200,diagnostic,16,40,40,635.813172053009,1.26230887705178e-17,1.26230887705178e-17,1.26230887705178e-17,1.39890881804945e-05,0.999986321682303,0.999985491577832,1,0,1,0,0,cond_kinetic: measured=1.3989088180494537e-05 threshold=>=0.5; cond_strain: measured=0.9999863216823025 threshold=<=0.5; cond_mac: measured=1.2623088770517764e-17 threshold=>=0.80000000000000004,0,0,0,converged; residual=1.1032172528834743e-10
inf,300,diagnostic,17,40,1,159.509997639669,0.999623284568659,0.999623284568659,0.999623284568659,0.967869890504982,1.79309523366517e-05,0.00251737154489212,1,1,1,1,1,,1,1,0,converged; residual=2.6922050208163329e-10
inf,300,diagnostic,17,40,2,225.494369121021,5.75759734773509e-25,5.75759734773509e-25,5.75759734773509e-25,0.965228337238955,7.41149942316278e-05,0.00287628005128606,1,1,1,1,0,cond_mac: measured=5.7575973477350938e-25 threshold=>=0.80000000000000004,0,0,0,converged; residual=1.4136120698798434e-10
inf,300,diagnostic,17,40,3,302.954831032296,6.49379190083393e-22,6.49379190083393e-22,6.49379190083393e-22,0.97318711401033,0.00072314206112029,0.00180349138493473,1,1,1,1,0,cond_mac: measured=6.4937919008339336e-22 threshold=>=0.80000000000000004,0,0,0,converged; residual=8.4876570228476299e-11
inf,300,diagnostic,17,40,4,449.10334748064,6.78240477250316e-19,6.78240477250316e-19,6.78240477250316e-19,4.53187797639927e-06,0.999989813120302,0.999995301140411,1,0,1,0,0,cond_kinetic: measured=4.5318779763992679e-06 threshold=>=0.5; cond_strain: measured=0.999989813120302 threshold=<=0.5; cond_mac: measured=6.7824047725031591e-19 threshold=>=0.80000000000000004,0,0,0,converged; residual=2.1744958698575792e-10
inf,300,diagnostic,17,40,5,449.131210992984,8.43861941038403e-17,8.43861941038403e-17,8.43861941038403e-17,3.71820767435545e-06,0.999996074880867,0.999996187992891,1,0,1,0,0,cond_kinetic: measured=3.7182076743554526e-06 threshold=>=0.5; cond_strain: measured=0.99999607488086739 threshold=<=0.5; cond_mac: measured=8.4386194103840326e-17 threshold=>=0.80000000000000004,0,0,0,converged; residual=1.245224770803835e-10
inf,300,diagnostic,17,40,6,449.14586867346,1.10637474692189e-08,1.10637474692189e-08,1.10637474692189e-08,1.06541041668579e-06,0.999996198334089,0.999998894121887,1,0,1,0,0,cond_kinetic: measured=1.0654104166857868e-06 threshold=>=0.5; cond_strain: measured=0.99999619833408893 threshold=<=0.5; cond_mac: measured=1.1063747469218888e-08 threshold=>=0.80000000000000004,0,0,0,converged; residual=1.3529137860566923e-10
inf,300,diagnostic,17,40,7,449.146243643618,1.14531014513119e-17,1.14531014513119e-17,1.14531014513119e-17,2.47001459855631e-08,0.999997631861762,0.999999974003866,1,0,1,0,0,cond_kinetic: measured=2.4700145985563078e-08 threshold=>=0.5; cond_strain: measured=0.99999763186176249 threshold=<=0.5; cond_mac: measured=1.1453101451311856e-17 threshold=>=0.80000000000000004,0,0,0,converged; residual=1.2469769646932706e-10
inf,300,diagnostic,17,40,8,453.656248275479,2.45596980453872e-15,2.45596980453872e-15,2.45596980453872e-15,8.58073866447079e-08,0.999997731623152,0.999999910645027,1,0,1,0,0,cond_kinetic: measured=8.5807386644707884e-08 threshold=>=0.5; cond_strain: measured=0.99999773162315198 threshold=<=0.5; cond_mac: measured=2.4559698045387203e-15 threshold=>=0.80000000000000004,0,0,0,converged; residual=1.24226128360439e-10
inf,300,diagnostic,17,40,9,453.656255777097,7.75657983478689e-09,7.75657983478689e-09,7.75657983478689e-09,5.51668434829446e-07,0.999997274805018,0.999999426799621,1,0,1,0,0,cond_kinetic: measured=5.5166843482944643e-07 threshold=>=0.5; cond_strain: measured=0.99999727480501832 threshold=<=0.5; cond_mac: measured=7.7565798347868934e-09 threshold=>=0.80000000000000004,0,0,0,converged; residual=1.4857421251139253e-10
inf,300,diagnostic,17,40,10,453.770075022184,7.15751527236228e-20,7.15751527236228e-20,7.15751527236228e-20,2.80983559329793e-06,0.999992947282989,0.999997087163859,1,0,1,0,0,cond_kinetic: measured=2.8098355932979286e-06 threshold=>=0.5; cond_strain: measured=0.99999294728298882 threshold=<=0.5; cond_mac: measured=7.1575152723622766e-20 threshold=>=0.80000000000000004,0,0,0,converged; residual=2.1897975416372678e-10
inf,300,diagnostic,17,40,11,453.771828162334,5.47292438878988e-19,5.47292438878988e-19,5.47292438878988e-19,1.90627876315633e-06,0.999997043182061,0.999998044966244,1,0,1,0,0,cond_kinetic: measured=1.9062787631563265e-06 threshold=>=0.5; cond_strain: measured=0.99999704318206095 threshold=<=0.5; cond_mac: measured=5.4729243887898751e-19 threshold=>=0.80000000000000004,0,0,0,converged; residual=1.2787841570579281e-10
inf,300,diagnostic,17,40,12,510.067502468269,3.39776517775161e-15,3.39776517775161e-15,3.39776517775161e-15,2.70004038732253e-07,0.999997420297918,0.99999971946387,1,0,1,0,0,cond_kinetic: measured=2.7000403873225309e-07 threshold=>=0.5; cond_strain: measured=0.99999742029791827 threshold=<=0.5; cond_mac: measured=3.397765177751614e-15 threshold=>=0.80000000000000004,0,0,0,converged; residual=1.1227939648692704e-10
inf,300,diagnostic,17,40,13,510.067526102895,5.76431537774294e-09,5.76431537774294e-09,5.76431537774294e-09,5.52122183166483e-07,0.999997218242098,0.999999425868901,1,0,1,0,0,cond_kinetic: measured=5.5212218316648324e-07 threshold=>=0.5; cond_strain: measured=0.99999721824209808 threshold=<=0.5; cond_mac: measured=5.7643153777429404e-09 threshold=>=0.80000000000000004,0,0,0,converged; residual=1.1896759852675358e-10
inf,300,diagnostic,17,40,14,510.285967740982,2.37899608627239e-20,2.37899608627239e-20,2.37899608627239e-20,1.33873822240815e-05,0.99997892486187,0.999986121820116,1,0,1,0,0,cond_kinetic: measured=1.3387382224081481e-05 threshold=>=0.5; cond_strain: measured=0.99997892486187034 threshold=<=0.5; cond_mac: measured=2.3789960862723938e-20 threshold=>=0.80000000000000004,0,0,0,converged; residual=2.0744178005809463e-10
inf,300,diagnostic,17,40,15,510.287666201517,8.45245233218127e-20,8.45245233218127e-20,8.45245233218127e-20,1.48009662870349e-06,0.999997007826608,0.999998481616323,1,0,1,0,0,cond_kinetic: measured=1.4800966287034902e-06 threshold=>=0.5; cond_strain: measured=0.99999700782660839 threshold=<=0.5; cond_mac: measured=8.4524523321812704e-20 threshold=>=0.80000000000000004,0,0,0,converged; residual=9.95320344841008e-11
inf,300,diagnostic,17,40,16,528.817630683462,5.66631304467469e-11,5.66631304467469e-11,5.66631304467469e-11,2.23760530606583e-07,0.999997209522486,0.999999767205281,1,0,1,0,0,cond_kinetic: measured=2.237605306065829e-07 threshold=>=0.5; cond_strain: measured=0.99999720952248572 threshold=<=0.5; cond_mac: measured=5.6663130446746903e-11 threshold=>=0.80000000000000004,0,0,0,converged; residual=1.5010613473641604e-10
inf,300,diagnostic,17,40,17,528.817630980256,8.96182538559356e-11,8.96182538559356e-11,8.96182538559356e-11,9.98216266375192e-08,0.999997338742509,0.999999895399819,1,0,1,0,0,cond_kinetic: measured=9.9821626637519174e-08 threshold=>=0.5; cond_strain: measured=0.99999733874250851 threshold=<=0.5; cond_mac: measured=8.9618253855935636e-11 threshold=>=0.80000000000000004,0,0,0,converged; residual=1.5083435252309482e-10
inf,300,diagnostic,17,40,18,528.817631713873,2.22066136318237e-11,2.22066136318237e-11,2.22066136318237e-11,6.99432930585771e-08,0.999997370790286,0.999999926344279,1,0,1,0,0,cond_kinetic: measured=6.994329305857705e-08 threshold=>=0.5; cond_strain: measured=0.99999737079028606 threshold=<=0.5; cond_mac: measured=2.2206613631823732e-11 threshold=>=0.80000000000000004,0,0,0,converged; residual=1.6395230665113958e-10
inf,300,diagnostic,17,40,19,528.81765025518,3.16516681406321e-14,3.16516681406321e-14,3.16516681406321e-14,4.84133718425103e-09,0.999997510348691,0.999999994266958,1,0,1,0,0,cond_kinetic: measured=4.8413371842510272e-09 threshold=>=0.5; cond_strain: measured=0.99999751034869089 threshold=<=0.5; cond_mac: measured=3.1651668140632138e-14 threshold=>=0.80000000000000004,0,0,0,converged; residual=1.4936822535907543e-10
inf,300,diagnostic,17,40,20,585.550959709592,1.89982014527903e-23,1.89982014527903e-23,1.89982014527903e-23,0.960776841293517,0.00047926859467311,0.00369748039538853,1,1,1,1,0,cond_mac: measured=1.8998201452790259e-23 threshold=>=0.80000000000000004,0,0,0,converged; residual=5.8462299677876063e-11
inf,300,diagnostic,17,40,21,615.99850948897,9.81902463986677e-16,9.81902463986677e-16,9.81902463986677e-16,1.97897154298567e-06,0.999996429608357,0.999997937431836,1,0,1,0,0,cond_kinetic: measured=1.9789715429856718e-06 threshold=>=0.5; cond_strain: measured=0.99999642960835655 threshold=<=0.5; cond_mac: measured=9.819024639866772e-16 threshold=>=0.80000000000000004,0,0,0,converged; residual=8.2215004808401738e-11
inf,300,diagnostic,17,40,22,615.998530271496,6.64087594110615e-09,6.64087594110615e-09,6.64087594110615e-09,2.99082053835289e-06,0.999995437747267,0.999996885178514,1,0,1,0,0,cond_kinetic: measured=2.990820538352893e-06 threshold=>=0.5; cond_strain: measured=0.9999954377472674 threshold=<=0.5; cond_mac: measured=6.6408759411061481e-09 threshold=>=0.80000000000000004,0,0,0,converged; residual=8.3706103994925054e-11
inf,300,diagnostic,17,40,23,616.865107559485,2.56090156880203e-21,2.56090156880203e-21,2.56090156880203e-21,1.61631099317932e-05,0.999977403593678,0.999983353325252,1,0,1,0,0,cond_kinetic: measured=1.6163109931793155e-05 threshold=>=0.5; cond_strain: measured=0.99997740359367759 threshold=<=0.5; cond_mac: measured=2.5609015688020329e-21 threshold=>=0.80000000000000004,0,0,0,converged; residual=9.6203005295162545e-11
inf,300,diagnostic,17,40,24,616.868086347353,2.01591153998246e-20,2.01591153998246e-20,2.01591153998246e-20,1.72810107532047e-06,0.999997093043159,0.999998225201219,1,0,1,0,0,cond_kinetic: measured=1.7281010753204654e-06 threshold=>=0.5; cond_strain: measured=0.9999970930431592 threshold=<=0.5; cond_mac: measured=2.0159115399824562e-20 threshold=>=0.80000000000000004,0,0,0,converged; residual=8.0621214026079316e-11
inf,300,diagnostic,17,40,25,617.605188085898,3.21262730097197e-11,3.21262730097197e-11,3.21262730097197e-11,9.53457402456554e-06,0.999986084938144,0.999990146167099,1,0,1,0,0,cond_kinetic: measured=9.5345740245655418e-06 threshold=>=0.5; cond_strain: measured=0.999986084938144 threshold=<=0.5; cond_mac: measured=3.2126273009719738e-11 threshold=>=0.80000000000000004,0,0,0,converged; residual=1.1896623831201358e-10
inf,300,diagnostic,17,40,26,617.605572452971,1.05646973347971e-17,1.05646973347971e-17,1.05646973347971e-17,5.08040455476e-07,0.999996683901033,0.999999476094718,1,0,1,0,0,cond_kinetic: measured=5.0804045547600027e-07 threshold=>=0.5; cond_strain: measured=0.99999668390103302 threshold=<=0.5; cond_mac: measured=1.0564697334797069e-17 threshold=>=0.80000000000000004,0,0,0,converged; residual=1.0947129573390859e-10
inf,300,diagnostic,17,40,27,622.067432274893,8.44816157923578e-12,8.44816157923578e-12,8.44816157923578e-12,5.01110758917427e-07,0.999998180767841,0.999999477622678,1,0,1,0,0,cond_kinetic: measured=5.0111075891742701e-07 threshold=>=0.5; cond_strain: measured=0.99999818076784086 threshold=<=0.5; cond_mac: measured=8.4481615792357818e-12 threshold=>=0.80000000000000004,0,0,0,converged; residual=1.021892962235013e-10
inf,300,diagnostic,17,40,28,622.067443181965,7.50992556920186e-17,7.50992556920186e-17,7.50992556920186e-17,9.44127398357359e-08,0.999998638619587,0.999999899254217,1,0,1,0,0,cond_kinetic: measured=9.4412739835735863e-08 threshold=>=0.5; cond_strain: measured=0.99999863861958738 threshold=<=0.5; cond_mac: measured=7.5099255692018628e-17 threshold=>=0.80000000000000004,0,0,0,converged; residual=1.0574117892583958e-10
inf,300,diagnostic,17,40,29,622.067533815,6.70050621500926e-20,6.70050621500926e-20,6.70050621500926e-20,5.91627143618723e-09,0.999999024253143,0.999999993562979,1,0,1,0,0,cond_kinetic: measured=5.9162714361872314e-09 threshold=>=0.5; cond_strain: measured=0.9999990242531428 threshold=<=0.5; cond_mac: measured=6.7005062150092612e-20 threshold=>=0.80000000000000004,0,0,0,converged; residual=1.1201015893221257e-10
inf,300,diagnostic,17,40,30,622.067651230632,1.59766828935573e-19,1.59766828935573e-19,1.59766828935573e-19,3.1442499265472e-06,0.999996135657981,0.99999673900885,1,0,1,0,0,cond_kinetic: measured=3.1442499265471976e-06 threshold=>=0.5; cond_strain: measured=0.99999613565798107 threshold=<=0.5; cond_mac: measured=1.5976682893557331e-19 threshold=>=0.80000000000000004,0,0,0,converged; residual=1.0466701580122728e-10
inf,300,diagnostic,17,40,31,623.3375047105,1.27830024255968e-24,1.27830024255968e-24,1.27830024255968e-24,1.01036910291327e-07,0.999997125208719,0.99999989302383,1,0,1,0,0,cond_kinetic: measured=1.0103691029132667e-07 threshold=>=0.5; cond_strain: measured=0.99999712520871875 threshold=<=0.5; cond_mac: measured=1.2783002425596817e-24 threshold=>=0.80000000000000004,0,0,0,converged; residual=1.0472741864867166e-10
inf,300,diagnostic,17,40,32,623.339335846201,2.8086372962667e-26,2.8086372962667e-26,2.8086372962667e-26,4.6993360638796e-05,0.999954234852554,0.999951287814114,1,0,1,0,0,cond_kinetic: measured=4.699336063879601e-05 threshold=>=0.5; cond_strain: measured=0.99995423485255419 threshold=<=0.5; cond_mac: measured=2.8086372962666973e-26 threshold=>=0.80000000000000004,0,0,0,converged; residual=1.4412557347658923e-10
inf,300,diagnostic,17,40,33,628.403107026863,2.83512796434658e-11,2.83512796434658e-11,2.83512796434658e-11,9.77502172520263e-06,0.999986690402705,0.999989898070207,1,0,1,0,0,cond_kinetic: measured=9.7750217252026293e-06 threshold=>=0.5; cond_strain: measured=0.99998669040270527 threshold=<=0.5; cond_mac: measured=2.8351279643465759e-11 threshold=>=0.80000000000000004,0,0,0,converged; residual=1.0132350587263234e-10
inf,300,diagnostic,17,40,34,628.403410830053,2.52752361990935e-21,2.52752361990935e-21,2.52752361990935e-21,2.78712479121795e-07,0.99999749953261,0.999999712262437,1,0,1,0,0,cond_kinetic: measured=2.7871247912179479e-07 threshold=>=0.5; cond_strain: measured=0.99999749953261008 threshold=<=0.5; cond_mac: measured=2.5275236199093475e-21 threshold=>=0.80000000000000004,0,0,0,converged; residual=8.9854813464866765e-11
inf,300,diagnostic,17,40,35,628.403455246646,1.16241515752263e-15,1.16241515752263e-15,1.16241515752263e-15,3.59416083069045e-08,0.999997890269153,0.999999961542699,1,0,1,0,0,cond_kinetic: measured=3.5941608306904461e-08 threshold=>=0.5; cond_strain: measured=0.99999789026915276 threshold=<=0.5; cond_mac: measured=1.1624151575226339e-15 threshold=>=0.80000000000000004,0,0,0,converged; residual=9.2400910944750618e-11
inf,300,diagnostic,17,40,36,628.404123018316,2.55959944123648e-17,2.55959944123648e-17,2.55959944123648e-17,1.49810018723946e-05,0.999984452524936,0.999984472460797,1,0,1,0,0,cond_kinetic: measured=1.4981001872394569e-05 threshold=>=0.5; cond_strain: measured=0.99998445252493628 threshold=<=0.5; cond_mac: measured=2.55959944123648e-17 threshold=>=0.80000000000000004,0,0,0,converged; residual=1.1209272504840315e-10
inf,300,diagnostic,17,40,37,628.468433641382,2.05798794335131e-11,2.05798794335131e-11,2.05798794335131e-11,6.81708032714612e-06,0.999990170673625,0.999992966229538,1,0,1,0,0,cond_kinetic: measured=6.8170803271461198e-06 threshold=>=0.5; cond_strain: measured=0.99999017067362517 threshold=<=0.5; cond_mac: measured=2.0579879433513096e-11 threshold=>=0.80000000000000004,0,0,0,converged; residual=1.0120000565326512e-10
inf,300,diagnostic,17,40,38,628.468637092555,2.81468637055366e-16,2.81468637055366e-16,2.81468637055366e-16,7.78676663187028e-08,0.999997786928661,0.99999991926929,1,0,1,0,0,cond_kinetic: measured=7.7867666318702776e-08 threshold=>=0.5; cond_strain: measured=0.99999778692866137 threshold=<=0.5; cond_mac: measured=2.8146863705536601e-16 threshold=>=0.80000000000000004,0,0,0,converged; residual=1.0255756725472121e-10
inf,300,diagnostic,17,40,39,628.46867232953,1.71010698290722e-22,1.71010698290722e-22,1.71010698290722e-22,3.08402831428283e-07,0.999997661538722,0.999999682347116,1,0,1,0,0,cond_kinetic: measured=3.0840283142828287e-07 threshold=>=0.5; cond_strain: measured=0.99999766153872205 threshold=<=0.5; cond_mac: measured=1.71010698290722e-22 threshold=>=0.80000000000000004,0,0,0,converged; residual=1.3959677909775057e-10
inf,300,diagnostic,17,40,40,628.469288099056,7.31101314010072e-18,7.31101314010072e-18,7.31101314010072e-18,1.60084320926675e-05,0.999983314202402,0.99998340425328,1,0,1,0,0,cond_kinetic: measured=1.600843209266751e-05 threshold=>=0.5; cond_strain: measured=0.99998331420240183 threshold=<=0.5; cond_mac: measured=7.3110131401007173e-18 threshold=>=0.80000000000000004,0,0,0,converged; residual=1.2315690854468299e-10
inf,400,diagnostic,18,40,1,159.631463884742,0.999615095017968,0.999615095017968,0.999615095017968,0.966428674053105,1.83968977201189e-05,0.00266080121411236,1,1,1,1,1,,1,1,0,converged; residual=2.6221635503233531e-10
inf,400,diagnostic,18,40,2,224.421508559779,1.05923619337056e-24,1.05923619337056e-24,1.05923619337056e-24,0.962553990616129,7.84880770454766e-05,0.00311989183500138,1,1,1,1,0,cond_mac: measured=1.0592361933705647e-24 threshold=>=0.80000000000000004,0,0,0,converged; residual=1.413439678473694e-10
inf,400,diagnostic,18,40,3,304.379824666219,2.20184985442709e-21,2.20184985442709e-21,2.20184985442709e-21,0.974019114392206,0.00053484226180705,0.00180996711897725,1,1,1,1,0,cond_mac: measured=2.2018498544270937e-21 threshold=>=0.80000000000000004,0,0,0,converged; residual=8.4608924864707876e-11
inf,400,diagnostic,18,40,4,396.725098962789,7.83383307405214e-19,7.83383307405214e-19,7.83383307405214e-19,1.19871658465152e-06,0.999995564574467,0.999998754256185,1,0,1,0,0,cond_kinetic: measured=1.1987165846515154e-06 threshold=>=0.5; cond_strain: measured=0.99999556457446714 threshold=<=0.5; cond_mac: measured=7.8338330740521394e-19 threshold=>=0.80000000000000004,0,0,0,converged; residual=3.1061733392649082e-10
inf,400,diagnostic,18,40,5,396.761021175746,7.30063423097002e-16,7.30063423097002e-16,7.30063423097002e-16,4.14698430096361e-06,0.999995754431951,0.999995751466803,1,0,1,0,0,cond_kinetic: measured=4.146984300963608e-06 threshold=>=0.5; cond_strain: measured=0.99999575443195121 threshold=<=0.5; cond_mac: measured=7.3006342309700219e-16 threshold=>=0.80000000000000004,0,0,0,converged; residual=1.6603108841601028e-10
inf,400,diagnostic,18,40,6,396.763428471545,1.07498772711394e-08,1.07498772711394e-08,1.07498772711394e-08,4.74762098132087e-07,0.999997563165588,0.999999505508033,1,0,1,0,0,cond_kinetic: measured=4.7476209813208667e-07 threshold=>=0.5; cond_strain: measured=0.99999756316558752 threshold=<=0.5; cond_mac: measured=1.0749877271139372e-08 threshold=>=0.80000000000000004,0,0,0,converged; residual=1.9953295573935423e-10
inf,400,diagnostic,18,40,7,396.763838790928,7.22948968082838e-19,7.22948968082838e-19,7.22948968082838e-19,2.29169250884188e-08,0.999998143731632,0.999999975861687,1,0,1,0,0,cond_kinetic: measured=2.2916925088418817e-08 threshold=>=0.5; cond_strain: measured=0.99999814373163243 threshold=<=0.5; cond_mac: measured=7.2294896808283788e-19 threshold=>=0.80000000000000004,0,0,0,converged; residual=1.7748300777426489e-10
inf,400,diagnostic,18,40,8,489.844474163308,8.40660876624782e-09,8.40660876624782e-09,8.40660876624782e-09,1.01740949581846e-06,0.999996447346348,0.999998939224241,1,0,1,0,0,cond_kinetic: measured=1.0174094958184594e-06 threshold=>=0.5; cond_strain: measured=0.99999644734634796 threshold=<=0.5; cond_mac: measured=8.4066087662478247e-09 threshold=>=0.80000000000000004,0,0,0,converged; residual=1.1383690449656059e-10
inf,400,diagnostic,18,40,9,489.844491505012,8.30755049661001e-17,8.30755049661001e-17,8.30755049661001e-17,1.27807860100937e-07,0.999997448965269,0.999999866616487,1,0,1,0,0,cond_kinetic: measured=1.2780786010093676e-07 threshold=>=0.5; cond_strain: measured=0.99999744896526876 threshold=<=0.5; cond_mac: measured=8.3075504966100102e-17 threshold=>=0.80000000000000004,0,0,0,converged; residual=1.089631454307951e-10
inf,400,diagnostic,18,40,10,489.931644700846,4.08773075974114e-19,4.08773075974114e-19,4.08773075974114e-19,9.3955594131422e-06,0.999983516645565,0.999990239466636,1,0,1,0,0,cond_kinetic: measured=9.3955594131422036e-06 threshold=>=0.5; cond_strain: measured=0.99998351664556495 threshold=<=0.5; cond_mac: measured=4.0877307597411409e-19 threshold=>=0.80000000000000004,0,0,0,converged; residual=2.0928812433356693e-10
inf,400,diagnostic,18,40,11,489.934807788891,6.15364841739747e-19,6.15364841739747e-19,6.15364841739747e-19,2.3339979713755e-06,0.999996776993535,0.999997608604752,1,0,1,0,0,cond_kinetic: measured=2.3339979713754973e-06 threshold=>=0.5; cond_strain: measured=0.99999677699353506 threshold=<=0.5; cond_mac: measured=6.1536484173974734e-19 threshold=>=0.80000000000000004,0,0,0,converged; residual=1.171920057704201e-10
inf,400,diagnostic,18,40,12,525.618651960282,1.36270925408734e-15,1.36270925408734e-15,1.36270925408734e-15,3.17056447878772e-07,0.999997472898758,0.999999669514265,1,0,1,0,0,cond_kinetic: measured=3.1705644787877152e-07 threshold=>=0.5; cond_strain: measured=0.99999747289875807 threshold=<=0.5; cond_mac: measured=1.3627092540873429e-15 threshold=>=0.80000000000000004,0,0,0,converged; residual=9.6654107022329789e-11
inf,400,diagnostic,18,40,13,525.618675264442,5.63311046572638e-09,5.63311046572638e-09,5.63311046572638e-09,6.26966311492509e-07,0.999997236218734,0.999999345518516,1,0,1,0,0,cond_kinetic: measured=6.2696631149250939e-07 threshold=>=0.5; cond_strain: measured=0.99999723621873438 threshold=<=0.5; cond_mac: measured=5.6331104657263838e-09 threshold=>=0.80000000000000004,0,0,0,converged; residual=1.1269089645503328e-10
inf,400,diagnostic,18,40,14,525.848792411082,8.27383203182678e-19,8.27383203182678e-19,8.27383203182678e-19,2.34588548216912e-05,0.999966938450695,0.999975627217732,1,0,1,0,0,cond_kinetic: measured=2.3458854821691176e-05 threshold=>=0.5; cond_strain: measured=0.99996693845069518 threshold=<=0.5; cond_mac: measured=8.273832031826781e-19 threshold=>=0.80000000000000004,0,0,0,converged; residual=1.7627727270848101e-10
inf,400,diagnostic,18,40,15,525.850922150988,3.43025460280767e-18,3.43025460280767e-18,3.43025460280767e-18,1.45356271346569e-06,0.999997092583835,0.999998510191663,1,0,1,0,0,cond_kinetic: measured=1.4535627134656944e-06 threshold=>=0.5; cond_strain: measured=0.99999709258383462 threshold=<=0.5; cond_mac: measured=3.4302546028076696e-18 threshold=>=0.80000000000000004,0,0,0,converged; residual=9.4468382234808071e-11
inf,400,diagnostic,18,40,16,545.898258913057,1.88871507943314e-08,1.88871507943314e-08,1.88871507943314e-08,5.77268288125151e-06,0.999991610791063,0.999993981717401,1,0,1,0,0,cond_kinetic: measured=5.7726828812515093e-06 threshold=>=0.5; cond_strain: measured=0.99999161079106347 threshold=<=0.5; cond_mac: measured=1.8887150794331388e-08 threshold=>=0.80000000000000004,0,0,0,converged; residual=1.0689395207723741e-10
inf,400,diagnostic,18,40,17,545.89830728551,2.617534805565e-17,2.617534805565e-17,2.617534805565e-17,1.43123668485463e-06,0.999996908354479,0.999998504671286,1,0,1,0,0,cond_kinetic: measured=1.4312366848546328e-06 threshold=>=0.5; cond_strain: measured=0.99999690835447874 threshold=<=0.5; cond_mac: measured=2.6175348055649969e-17 threshold=>=0.80000000000000004,0,0,0,converged; residual=1.0080339467230351e-10
inf,400,diagnostic,18,40,18,546.779426069139,6.75467450283172e-21,6.75467450283172e-21,6.75467450283172e-21,5.20772954330349e-06,0.999989676716149,0.999994634786263,1,0,1,0,0,cond_kinetic: measured=5.2077295433034896e-06 threshold=>=0.5; cond_strain: measured=0.9999896767161488 threshold=<=0.5; cond_mac: measured=6.7546745028317153e-21 threshold=>=0.80000000000000004,0,0,0,converged; residual=1.2218000214321006e-10
inf,400,diagnostic,18,40,19,546.794649128792,2.55721117331439e-20,2.55721117331439e-20,2.55721117331439e-20,4.34122074528637e-06,0.999996844905711,0.999995550127296,1,0,1,0,0,cond_kinetic: measured=4.3412207452863685e-06 threshold=>=0.5; cond_strain: measured=0.99999684490571084 threshold=<=0.5; cond_mac: measured=2.5572111733143899e-20 threshold=>=0.80000000000000004,0,0,0,converged; residual=9.1706590835302565e-11
inf,400,diagnostic,18,40,20,549.365561703338,5.58088795497082e-27,5.58088795497082e-27,5.58088795497082e-27,1.51016153160925e-05,0.999981368396345,0.999984301081304,1,0,1,0,0,cond_kinetic: measured=1.5101615316092549e-05 threshold=>=0.5; cond_strain: measured=0.99998136839634477 threshold=<=0.5; cond_mac: measured=5.5808879549708204e-27 threshold=>=0.80000000000000004,0,0,0,converged; residual=1.9510442220041905e-10
inf,400,diagnostic,18,40,21,549.366131145121,1.27270897056011e-25,1.27270897056011e-25,1.27270897056011e-25,2.29999387489079e-08,0.999999166300353,0.999999975689241,1,0,1,0,0,cond_kinetic: measured=2.2999938748907857e-08 threshold=>=0.5; cond_strain: measured=0.99999916630035346 threshold=<=0.5; cond_mac: measured=1.2727089705601133e-25 threshold=>=0.80000000000000004,0,0,0,converged; residual=1.3251671531268213e-10
inf,400,diagnostic,18,40,22,576.388596639782,2.78403333681384e-10,2.78403333681384e-10,2.78403333681384e-10,2.21187744357028e-06,0.999995748751439,0.999997715378262,1,0,1,0,0,cond_kinetic: measured=2.211877443570281e-06 threshold=>=0.5; cond_strain: measured=0.99999574875143915 threshold=<=0.5; cond_mac: measured=2.784033336813839e-10 threshold=>=0.80000000000000004,0,0,0,converged; residual=1.2948245773881057e-10
inf,400,diagnostic,18,40,23,576.388745344791,1.71349010534733e-14,1.71349010534733e-14,1.71349010534733e-14,3.53877293994487e-07,0.999998189027424,0.999999635065116,1,0,1,0,0,cond_kinetic: measured=3.5387729399448658e-07 threshold=>=0.5; cond_strain: measured=0.9999981890274241 threshold=<=0.5; cond_mac: measured=1.7134901053473343e-14 threshold=>=0.80000000000000004,0,0,0,converged; residual=1.1629556300606651e-10
inf,400,diagnostic,18,40,24,583.348429557909,3.36892100527936e-11,3.36892100527936e-11,3.36892100527936e-11,3.3987719025833e-06,0.999993044546329,0.999996486172713,1,0,1,0,0,cond_kinetic: measured=3.398771902583299e-06 threshold=>=0.5; cond_strain: measured=0.99999304454632865 threshold=<=0.5; cond_mac: measured=3.3689210052793573e-11 threshold=>=0.80000000000000004,0,0,0,converged; residual=1.2242099665105104e-10
inf,400,diagnostic,18,40,25,583.348653407354,1.89639028558609e-16,1.89639028558609e-16,1.89639028558609e-16,4.74120863646681e-07,0.999996843125597,0.999999509868365,1,0,1,0,0,cond_kinetic: measured=4.7412086364668056e-07 threshold=>=0.5; cond_strain: measured=0.99999684312559689 threshold=<=0.5; cond_mac: measured=1.8963902855860937e-16 threshold=>=0.80000000000000004,0,0,0,converged; residual=1.2615261613490422e-10
inf,400,diagnostic,18,40,26,583.731857940167,4.89956061907513e-22,4.89956061907513e-22,4.89956061907513e-22,0.0208352206090793,0.978154769760824,0.978346033055893,1,0,1,0,0,cond_kinetic: measured=0.020835220609079264 threshold=>=0.5; cond_strain: measured=0.97815476976082405 threshold=<=0.5; cond_mac: measured=4.8995606190751334e-22 threshold=>=0.80000000000000004,0,0,0,converged; residual=7.9952779073250101e-11
inf,400,diagnostic,18,40,27,583.766157270804,1.76300704517777e-20,1.76300704517777e-20,1.76300704517777e-20,7.94785982164023e-08,0.999997217657581,0.999999915454383,1,0,1,0,0,cond_kinetic: measured=7.9478598216402337e-08 threshold=>=0.5; cond_strain: measured=0.99999721765758143 threshold=<=0.5; cond_mac: measured=1.7630070451777662e-20 threshold=>=0.80000000000000004,0,0,0,converged; residual=1.0882596685555876e-10
inf,400,diagnostic,18,40,28,585.306261913153,5.04273868775035e-23,5.04273868775035e-23,5.04273868775035e-23,0.935475746169684,0.0245801630874505,0.0277805357776292,1,1,1,1,0,cond_mac: measured=5.0427386877503531e-23 threshold=>=0.80000000000000004,0,0,0,converged; residual=7.6734854655713646e-11
inf,400,diagnostic,18,40,29,589.802478341408,9.34896166071965e-15,9.34896166071965e-15,9.34896166071965e-15,3.62841285389186e-07,0.999997432568059,0.999999621411971,1,0,1,0,0,cond_kinetic: measured=3.6284128538918648e-07 threshold=>=0.5; cond_strain: measured=0.99999743256805917 threshold=<=0.5; cond_mac: measured=9.3489616607196479e-15 threshold=>=0.80000000000000004,0,0,0,converged; residual=9.7355195046698855e-11
inf,400,diagnostic,18,40,30,589.802480144554,1.9249186381459e-09,1.9249186381459e-09,1.9249186381459e-09,3.10348454663517e-07,0.999997497644402,0.999999678497051,1,0,1,0,0,cond_kinetic: measured=3.1034845466351714e-07 threshold=>=0.5; cond_strain: measured=0.99999749764440193 threshold=<=0.5; cond_mac: measured=1.9249186381458992e-09 threshold=>=0.80000000000000004,0,0,0,converged; residual=9.1668210860150629e-11
inf,400,diagnostic,18,40,31,590.401099826461,9.20407494602531e-22,9.20407494602531e-22,9.20407494602531e-22,6.31010431871693e-07,0.999997206445352,0.999999352263494,1,0,1,0,0,cond_kinetic: measured=6.3101043187169326e-07 threshold=>=0.5; cond_strain: measured=0.99999720644535228 threshold=<=0.5; cond_mac: measured=9.2040749460253133e-22 threshold=>=0.80000000000000004,0,0,0,converged; residual=8.2856562828968219e-11
inf,400,diagnostic,18,40,32,590.411992285842,6.40150208262343e-22,6.40150208262343e-22,6.40150208262343e-22,0.00211177609534032,0.997832769980512,0.997805327986998,1,0,1,0,0,cond_kinetic: measured=0.0021117760953403243 threshold=>=0.5; cond_strain: measured=0.99783276998051207 threshold=<=0.5; cond_mac: measured=6.4015020826234268e-22 threshold=>=0.80000000000000004,0,0,0,converged; residual=8.7430684685110542e-11
inf,400,diagnostic,18,40,33,611.849516765462,1.0984103159537e-11,1.0984103159537e-11,1.0984103159537e-11,8.85583461591183e-06,0.999988191935045,0.999990861671447,1,0,1,0,0,cond_kinetic: measured=8.8558346159118258e-06 threshold=>=0.5; cond_strain: measured=0.99998819193504473 threshold=<=0.5; cond_mac: measured=1.0984103159537012e-11 threshold=>=0.80000000000000004,0,0,0,converged; residual=1.0465483483160295e-10
inf,400,diagnostic,18,40,34,611.84995978793,2.6117461943009e-20,2.6117461943009e-20,2.6117461943009e-20,5.11489324335418e-07,0.999998272333703,0.999999473656166,1,0,1,0,0,cond_kinetic: measured=5.1148932433541829e-07 threshold=>=0.5; cond_strain: measured=0.99999827233370253 threshold=<=0.5; cond_mac: measured=2.6117461943009042e-20 threshold=>=0.80000000000000004,0,0,0,converged; residual=1.1307988778699989e-10
inf,400,diagnostic,18,40,35,612.950275311318,2.65405901973986e-22,2.65405901973986e-22,2.65405901973986e-22,1.57755754438324e-07,0.999998232712923,0.999999837800148,1,0,1,0,0,cond_kinetic: measured=1.5775575443832376e-07 threshold=>=0.5; cond_strain: measured=0.99999823271292254 threshold=<=0.5; cond_mac: measured=2.6540590197398628e-22 threshold=>=0.80000000000000004,0,0,0,converged; residual=9.9630534944808469e-11
inf,400,diagnostic,18,40,36,612.951455210477,6.90336011305746e-23,6.90336011305746e-23,6.90336011305746e-23,4.42608821592921e-05,0.999956096294054,0.999954012746433,1,0,1,0,0,cond_kinetic: measured=4.4260882159292107e-05 threshold=>=0.5; cond_strain: measured=0.99995609629405435 threshold=<=0.5; cond_mac: measured=6.9033601130574593e-23 threshold=>=0.80000000000000004,0,0,0,converged; residual=1.2822519732235672e-10
inf,400,diagnostic,18,40,37,615.493383361943,2.37606876199065e-17,2.37606876199065e-17,2.37606876199065e-17,0.000117021531461454,0.999886494170643,0.999878383413692,1,0,1,0,0,cond_kinetic: measured=0.00011702153146145388 threshold=>=0.5; cond_strain: measured=0.99988649417064335 threshold=<=0.5; cond_mac: measured=2.376068761990653e-17 threshold=>=0.80000000000000004,0,0,0,converged; residual=9.3851677203890285e-11
inf,400,diagnostic,18,40,38,615.499209081238,1.75426617831879e-16,1.75426617831879e-16,1.75426617831879e-16,2.02102867417279e-06,0.999996942006157,0.999997929892374,1,0,1,0,0,cond_kinetic: measured=2.0210286741727891e-06 threshold=>=0.5; cond_strain: measured=0.99999694200615685 threshold=<=0.5; cond_mac: measured=1.754266178318787e-16 threshold=>=0.80000000000000004,0,0,0,converged; residual=6.8887955424509953e-11
inf,400,diagnostic,18,40,39,615.51246709943,1.91445211968542e-08,1.91445211968542e-08,1.91445211968542e-08,4.48498961013407e-05,0.99994484130028,0.999953512924898,1,0,1,0,0,cond_kinetic: measured=4.4849896101340663e-05 threshold=>=0.5; cond_strain: measured=0.99994484130027983 threshold=<=0.5; cond_mac: measured=1.9144521196854232e-08 threshold=>=0.80000000000000004,0,0,0,converged; residual=6.3080450345682557e-11
inf,400,diagnostic,18,40,40,615.514344191849,4.08097753159647e-21,4.08097753159647e-21,4.08097753159647e-21,1.04432474137648e-07,0.999997079426201,0.999999891195557,1,0,1,0,0,cond_kinetic: measured=1.0443247413764843e-07 threshold=>=0.5; cond_strain: measured=0.99999707942620086 threshold=<=0.5; cond_mac: measured=4.0809775315964707e-21 threshold=>=0.80000000000000004,0,0,0,converged; residual=6.1560262797311135e-11
inf,500,diagnostic,19,40,1,159.612128838999,0.999619613096086,0.999619613096086,0.999619613096086,0.967344504960579,2.05986414159367e-05,0.00289521809208217,1,1,1,1,1,,1,1,0,converged; residual=2.741984382017619e-10
inf,500,diagnostic,19,40,2,225.114288801399,1.26489541827029e-24,1.26489541827029e-24,1.26489541827029e-24,0.963637991106836,0.000152022301096798,0.00342952411146341,1,1,1,1,0,cond_mac: measured=1.2648954182702854e-24 threshold=>=0.80000000000000004,0,0,0,converged; residual=1.3955948315432484e-10
inf,500,diagnostic,19,40,3,306.35140317859,8.80556864994617e-22,8.80556864994617e-22,8.80556864994617e-22,0.974584142280321,0.000549022230299393,0.00190710434829689,1,1,1,1,0,cond_mac: measured=8.80556864994617e-22 threshold=>=0.80000000000000004,0,0,0,converged; residual=8.1524005100901919e-11
inf,500,diagnostic,19,40,4,405.219536829286,1.78452980826411e-18,1.78452980826411e-18,1.78452980826411e-18,1.43335035870256e-06,0.999995124587,0.999998512544789,1,0,1,0,0,cond_kinetic: measured=1.433350358702563e-06 threshold=>=0.5; cond_strain: measured=0.9999951245869998 threshold=<=0.5; cond_mac: measured=1.7845298082641149e-18 threshold=>=0.80000000000000004,0,0,0,converged; residual=2.898334552061513e-10
inf,500,diagnostic,19,40,5,405.247815472418,1.0578588134273e-08,1.0578588134273e-08,1.0578588134273e-08,5.27125970022486e-07,0.999997429932766,0.999999451815847,1,0,1,0,0,cond_kinetic: measured=5.2712597002248648e-07 threshold=>=0.5; cond_strain: measured=0.99999742993276575 threshold=<=0.5; cond_mac: measured=1.0578588134272956e-08 threshold=>=0.80000000000000004,0,0,0,converged; residual=1.8409070331175717e-10
inf,500,diagnostic,19,40,6,405.248214340033,4.61652463559141e-18,4.61652463559141e-18,4.61652463559141e-18,2.19023626673749e-08,0.999998086840098,0.999999976945837,1,0,1,0,0,cond_kinetic: measured=2.190236266737488e-08 threshold=>=0.5; cond_strain: measured=0.9999980868400985 threshold=<=0.5; cond_mac: measured=4.6165246355914058e-18 threshold=>=0.80000000000000004,0,0,0,converged; residual=1.7344595611318299e-10
inf,500,diagnostic,19,40,7,405.25351857169,7.89182436524543e-17,7.89182436524543e-17,7.89182436524543e-17,4.03648913114313e-06,0.999995843677512,0.999995867458296,1,0,1,0,0,cond_kinetic: measured=4.0364891311431264e-06 threshold=>=0.5; cond_strain: measured=0.99999584367751171 threshold=<=0.5; cond_mac: measured=7.8918243652454272e-17 threshold=>=0.80000000000000004,0,0,0,converged; residual=1.6503712803168231e-10
inf,500,diagnostic,19,40,8,502.238986966153,8.04267128288661e-09,8.04267128288661e-09,8.04267128288661e-09,1.17239772943879e-06,0.999996158116579,0.999998779675749,1,0,1,0,0,cond_kinetic: measured=1.1723977294387924e-06 threshold=>=0.5; cond_strain: measured=0.99999615811657916 threshold=<=0.5; cond_mac: measured=8.0426712828866116e-09 threshold=>=0.80000000000000004,0,0,0,converged; residual=1.1624201222072017e-10
inf,500,diagnostic,19,40,9,502.239016154859,2.49060569482554e-16,2.49060569482554e-16,2.49060569482554e-16,1.34941013672121e-07,0.999997358151883,0.999999859378125,1,0,1,0,0,cond_kinetic: measured=1.3494101367212081e-07 threshold=>=0.5; cond_strain: measured=0.99999735815188318 threshold=<=0.5; cond_mac: measured=2.4906056948255359e-16 threshold=>=0.80000000000000004,0,0,0,converged; residual=9.6230867193743642e-11
inf,500,diagnostic,19,40,10,502.337999736124,4.59846351744801e-19,4.59846351744801e-19,4.59846351744801e-19,1.32395713155952e-05,0.999978688664907,0.999986265259747,1,0,1,0,0,cond_kinetic: measured=1.3239571315595191e-05 threshold=>=0.5; cond_strain: measured=0.99997868866490658 threshold=<=0.5; cond_mac: measured=4.5984635174480108e-19 threshold=>=0.80000000000000004,0,0,0,converged; residual=1.9792493954324059e-10
inf,500,diagnostic,19,40,11,502.341230780513,3.59896542324789e-19,3.59896542324789e-19,3.59896542324789e-19,2.26201284656337e-06,0.9999967636197,0.999997683823276,1,0,1,0,0,cond_kinetic: measured=2.26201284656337e-06 threshold=>=0.5; cond_strain: measured=0.99999676361969991 threshold=<=0.5; cond_mac: measured=3.5989654232478851e-19 threshold=>=0.80000000000000004,0,0,0,converged; residual=1.069009094700831e-10
inf,500,diagnostic,19,40,12,559.898672676877,1.79368764178501e-08,1.79368764178501e-08,1.79368764178501e-08,7.0727573016807e-06,0.999989930139592,0.999992639694839,1,0,1,0,0,cond_kinetic: measured=7.0727573016807039e-06 threshold=>=0.5; cond_strain: measured=0.99998993013959225 threshold=<=0.5; cond_mac: measured=1.7936876417850062e-08 threshold=>=0.80000000000000004,0,0,0,converged; residual=1.0936680349766287e-10
inf,500,diagnostic,19,40,13,559.898793048706,3.40784756535687e-16,3.40784756535687e-16,3.40784756535687e-16,1.48751621142814e-06,0.999996730413843,0.999998447679515,1,0,1,0,0,cond_kinetic: measured=1.4875162114281381e-06 threshold=>=0.5; cond_strain: measured=0.99999673041384329 threshold=<=0.5; cond_mac: measured=3.4078475653568678e-16 threshold=>=0.80000000000000004,0,0,0,converged; residual=9.245291456673701e-11
inf,500,diagnostic,19,40,14,560.728357202268,9.36861070941992e-21,9.36861070941992e-21,9.36861070941992e-21,1.1618100381676e-05,0.999982235608476,0.999987993939301,1,0,1,0,0,cond_kinetic: measured=1.1618100381676026e-05 threshold=>=0.5; cond_strain: measured=0.99998223560847566 threshold=<=0.5; cond_mac: measured=9.3686107094199207e-21 threshold=>=0.80000000000000004,0,0,0,converged; residual=1.1832597657262201e-10
inf,500,diagnostic,19,40,15,560.743243265843,1.67750687645161e-20,1.67750687645161e-20,1.67750687645161e-20,4.20479845487065e-06,0.999996872878283,0.999995692691358,1,0,1,0,0,cond_kinetic: measured=4.204798454870647e-06 threshold=>=0.5; cond_strain: measured=0.99999687287828287 threshold=<=0.5; cond_mac: measured=1.6775068764516054e-20 threshold=>=0.80000000000000004,0,0,0,converged; residual=8.5631386975283441e-11
inf,500,diagnostic,19,40,16,574.197721450687,3.46019866126529e-10,3.46019866126529e-10,3.46019866126529e-10,1.07331484755394e-06,0.999997368241291,0.999998891620868,1,0,1,0,0,cond_kinetic: measured=1.0733148475539353e-06 threshold=>=0.5; cond_strain: measured=0.99999736824129115 threshold=<=0.5; cond_mac: measured=3.4601986612652934e-10 threshold=>=0.80000000000000004,0,0,0,converged; residual=1.0174758640721572e-10
inf,500,diagnostic,19,40,17,574.197783004264,3.47383146441704e-22,3.47383146441704e-22,3.47383146441704e-22,2.10083592482507e-07,0.999998476788452,0.999999783401666,1,0,1,0,0,cond_kinetic: measured=2.1008359248250749e-07 threshold=>=0.5; cond_strain: measured=0.99999847678845211 threshold=<=0.5; cond_mac: measured=3.4738314644170432e-22 threshold=>=0.80000000000000004,0,0,0,converged; residual=9.8592652617814218e-11
inf,500,diagnostic,19,40,18,574.277566646683,1.26550412147488e-22,1.26550412147488e-22,1.26550412147488e-22,6.75235014454007e-08,0.999998813002025,0.999999929765777,1,0,1,0,0,cond_kinetic: measured=6.7523501445400688e-08 threshold=>=0.5; cond_strain: measured=0.99999881300202476 threshold=<=0.5; cond_mac: measured=1.2655041214748818e-22 threshold=>=0.80000000000000004,0,0,0,converged; residual=9.8707070699911924e-11
inf,500,diagnostic,19,40,19,574.277567556835,2.05000856888622e-20,2.05000856888622e-20,2.05000856888622e-20,1.11177460405071e-08,0.999998875173444,0.99999998823755,1,0,1,0,0,cond_kinetic: measured=1.1117746040507141e-08 threshold=>=0.5; cond_strain: measured=0.99999887517344399 threshold=<=0.5; cond_mac: measured=2.0500085688862162e-20 threshold=>=0.80000000000000004,0,0,0,converged; residual=9.0170198659449692e-11
inf,500,diagnostic,19,40,20,584.911507106895,3.9937340120584e-25,3.9937340120584e-25,3.9937340120584e-25,0.952166945987051,0.00810528166301229,0.0117775436428797,1,1,1,1,0,cond_mac: measured=3.9937340120584045e-25 threshold=>=0.80000000000000004,0,0,0,converged; residual=7.0223529851989639e-11
inf,500,diagnostic,19,40,21,588.813544785512,5.56530917771646e-09,5.56530917771646e-09,5.56530917771646e-09,1.64943644244562e-06,0.999995557480572,0.999998281044003,1,0,1,0,0,cond_kinetic: measured=1.6494364424456246e-06 threshold=>=0.5; cond_strain: measured=0.99999555748057167 threshold=<=0.5; cond_mac: measured=5.5653091777164647e-09 threshold=>=0.80000000000000004,0,0,0,converged; residual=7.1228860421462013e-11
inf,500,diagnostic,19,40,22,588.81354938476,1.36673679541752e-13,1.36673679541752e-13,1.36673679541752e-13,4.20533190049292e-07,0.999996859514659,0.999999561700239,1,0,1,0,0,cond_kinetic: measured=4.2053319004929245e-07 threshold=>=0.5; cond_strain: measured=0.99999685951465889 threshold=<=0.5; cond_mac: measured=1.3667367954175207e-13 threshold=>=0.80000000000000004,0,0,0,converged; residual=6.4713953433560388e-11
inf,500,diagnostic,19,40,23,589.034018246468,1.49761501499165e-18,1.49761501499165e-18,1.49761501499165e-18,1.45415146229022e-06,0.999996593168924,0.999998510156689,1,0,1,0,0,cond_kinetic: measured=1.4541514622902243e-06 threshold=>=0.5; cond_strain: measured=0.99999659316892442 threshold=<=0.5; cond_mac: measured=1.4976150149916473e-18 threshold=>=0.80000000000000004,0,0,0,converged; residual=6.7008568477004619e-11
inf,500,diagnostic,19,40,24,589.065019570518,6.95363380605285e-19,6.95363380605285e-19,6.95363380605285e-19,0.007371810007366,0.992424405192303,0.992349002603582,1,0,1,0,0,cond_kinetic: measured=0.0073718100073659988 threshold=>=0.5; cond_strain: measured=0.99242440519230291 threshold=<=0.5; cond_mac: measured=6.9536338060528452e-19 threshold=>=0.80000000000000004,0,0,0,converged; residual=7.137143952336536e-11
inf,500,diagnostic,19,40,25,611.539700324528,8.61360659387044e-11,8.61360659387044e-11,8.61360659387044e-11,7.4160165314621e-06,0.999988802902133,0.999992334507617,1,0,1,0,0,cond_kinetic: measured=7.4160165314621003e-06 threshold=>=0.5; cond_strain: measured=0.99998880290213332 threshold=<=0.5; cond_mac: measured=8.6136065938704395e-11 threshold=>=0.80000000000000004,0,0,0,converged; residual=9.6315171405801271e-11
inf,500,diagnostic,19,40,26,611.540039136848,1.31827669910323e-20,1.31827669910323e-20,1.31827669910323e-20,4.59600657278166e-07,0.999997119911389,0.999999524731155,1,0,1,0,0,cond_kinetic: measured=4.5960065727816553e-07 threshold=>=0.5; cond_strain: measured=0.99999711991138918 threshold=<=0.5; cond_mac: measured=1.3182766991032252e-20 threshold=>=0.80000000000000004,0,0,0,converged; residual=9.1157329782284791e-11
inf,500,diagnostic,19,40,27,611.789349709015,4.45436147409974e-24,4.45436147409974e-24,4.45436147409974e-24,9.18604020370937e-08,0.999997475681659,0.999999902493031,1,0,1,0,0,cond_kinetic: measured=9.1860402037093736e-08 threshold=>=0.5; cond_strain: measured=0.99999747568165887 threshold=<=0.5; cond_mac: measured=4.4543614740997384e-24 threshold=>=0.80000000000000004,0,0,0,converged; residual=1.1036829896335224e-10
inf,500,diagnostic,19,40,28,611.791467954944,1.21387337778111e-25,1.21387337778111e-25,1.21387337778111e-25,7.66670670702584e-05,0.999924672917784,0.999920459777208,1,0,1,0,0,cond_kinetic: measured=7.6667067070258408e-05 threshold=>=0.5; cond_strain: measured=0.9999246729177842 threshold=<=0.5; cond_mac: measured=1.2138733777811109e-25 threshold=>=0.80000000000000004,0,0,0,converged; residual=1.2627514947072474e-10
inf,500,diagnostic,19,40,29,613.647485177196,1.07155677514452e-11,1.07155677514452e-11,1.07155677514452e-11,6.46735318124434e-06,0.999990765855551,0.999993332463667,1,0,1,0,0,cond_kinetic: measured=6.4673531812443381e-06 threshold=>=0.5; cond_strain: measured=0.99999076585555124 threshold=<=0.5; cond_mac: measured=1.0715567751445211e-11 threshold=>=0.80000000000000004,0,0,0,converged; residual=1.041966911933249e-10
inf,500,diagnostic,19,40,30,613.647813906273,2.58628125269245e-20,2.58628125269245e-20,2.58628125269245e-20,4.00197731061095e-07,0.999998106701583,0.999999588434348,1,0,1,0,0,cond_kinetic: measured=4.0019773106109535e-07 threshold=>=0.5; cond_strain: measured=0.99999810670158329 threshold=<=0.5; cond_mac: measured=2.5862812526924475e-20 threshold=>=0.80000000000000004,0,0,0,converged; residual=1.0211134866758007e-10
inf,500,diagnostic,19,40,31,615.192089214817,1.53897047724908e-09,1.53897047724908e-09,1.53897047724908e-09,4.37302017082281e-07,0.999997438987306,0.999999550246996,1,0,1,0,0,cond_kinetic: measured=4.3730201708228119e-07 threshold=>=0.5; cond_strain: measured=0.99999743898730575 threshold=<=0.5; cond_mac: measured=1.5389704772490754e-09 threshold=>=0.80000000000000004,0,0,0,converged; residual=9.8237537983213586e-11
inf,500,diagnostic,19,40,32,615.192098526702,6.7011738119173e-20,6.7011738119173e-20,6.7011738119173e-20,4.34840028901537e-07,0.999997462580146,0.999999546912985,1,0,1,0,0,cond_kinetic: measured=4.3484002890153707e-07 threshold=>=0.5; cond_strain: measured=0.99999746258014632 threshold=<=0.5; cond_mac: measured=6.7011738119172995e-20 threshold=>=0.80000000000000004,0,0,0,converged; residual=8.4298465421330812e-11
inf,500,diagnostic,19,40,33,615.737414005435,9.90170240944288e-21,9.90170240944288e-21,9.90170240944288e-21,6.30239359502077e-07,0.999997220506498,0.999999353361674,1,0,1,0,0,cond_kinetic: measured=6.3023935950207705e-07 threshold=>=0.5; cond_strain: measured=0.99999722050649809 threshold=<=0.5; cond_mac: measured=9.9017024094428816e-21 threshold=>=0.80000000000000004,0,0,0,converged; residual=8.6770817501090558e-11
inf,500,diagnostic,19,40,34,615.738867766957,1.03299715723646e-20,1.03299715723646e-20,1.03299715723646e-20,6.24700990006197e-05,0.999937638552538,0.999935191347764,1,0,1,0,0,cond_kinetic: measured=6.2470099000619731e-05 threshold=>=0.5; cond_strain: measured=0.99993763855253792 threshold=<=0.5; cond_mac: measured=1.0329971572364643e-20 threshold=>=0.80000000000000004,0,0,0,converged; residual=1.120791069657508e-10
inf,500,diagnostic,19,40,35,622.798383461751,5.9503406923425e-12,5.9503406923425e-12,5.9503406923425e-12,7.35956992823413e-07,0.999997754477832,0.999999233849879,1,0,1,0,0,cond_kinetic: measured=7.3595699282341309e-07 threshold=>=0.5; cond_strain: measured=0.99999775447783157 threshold=<=0.5; cond_mac: measured=5.9503406923425014e-12 threshold=>=0.80000000000000004,0,0,0,converged; residual=1.028501203791546e-10
inf,500,diagnostic,19,40,36,622.798400566305,1.70010111381014e-22,1.70010111381014e-22,1.70010111381014e-22,1.08472161545334e-07,0.999998461635054,0.999999884254266,1,0,1,0,0,cond_kinetic: measured=1.0847216154533429e-07 threshold=>=0.5; cond_strain: measured=0.99999846163505424 threshold=<=0.5; cond_mac: measured=1.7001011138101403e-22 threshold=>=0.80000000000000004,0,0,0,converged; residual=9.9496675237371864e-11
inf,500,diagnostic,19,40,37,622.798492524057,2.54756283056821e-18,2.54756283056821e-18,2.54756283056821e-18,6.52202707369118e-09,0.999998865675852,0.99999999280354,1,0,1,0,0,cond_kinetic: measured=6.5220270736911806e-09 threshold=>=0.5; cond_strain: measured=0.99999886567585161 threshold=<=0.5; cond_mac: measured=2.5475628305682084e-18 threshold=>=0.80000000000000004,0,0,0,converged; residual=1.0672284771645245e-10
inf,500,diagnostic,19,40,38,622.798583600201,3.15893940026246e-19,3.15893940026246e-19,3.15893940026246e-19,2.3638285370007e-06,0.999996702189115,0.999997545825377,1,0,1,0,0,cond_kinetic: measured=2.3638285370007024e-06 threshold=>=0.5; cond_strain: measured=0.99999670218911452 threshold=<=0.5; cond_mac: measured=3.1589394002624588e-19 threshold=>=0.80000000000000004,0,0,0,converged; residual=1.1521847721491561e-10
inf,500,diagnostic,19,40,39,632.170076312086,4.59587529609781e-17,4.59587529609781e-17,4.59587529609781e-17,5.39538526230201e-05,0.999948348471499,0.999944008809491,1,0,1,0,0,cond_kinetic: measured=5.3953852623020062e-05 threshold=>=0.5; cond_strain: measured=0.99994834847149938 threshold=<=0.5; cond_mac: measured=4.5958752960978051e-17 threshold=>=0.80000000000000004,0,0,0,converged; residual=8.0472517801908674e-11
inf,500,diagnostic,19,40,40,632.176754855022,1.88336196903026e-16,1.88336196903026e-16,1.88336196903026e-16,2.11911859975942e-06,0.999996815850537,0.999997830808286,1,0,1,0,0,cond_kinetic: measured=2.119118599759418e-06 threshold=>=0.5; cond_strain: measured=0.99999681585053657 threshold=<=0.5; cond_mac: measured=1.883361969030256e-16 threshold=>=0.80000000000000004,0,0,0,converged; residual=6.3143638501222642e-11
inf,600,diagnostic,20,40,1,159.60038519572,0.99962045362735,0.99962045362735,0.99962045362735,0.966448814086776,1.8996399419432e-05,0.00270885801953019,1,1,1,1,1,,1,1,0,converged; residual=2.6717263066345122e-10
inf,600,diagnostic,20,40,2,225.331345527555,6.82074446290203e-24,6.82074446290203e-24,6.82074446290203e-24,0.962399555687472,0.000155852019209894,0.00322249737523311,1,1,1,1,0,cond_mac: measured=6.8207444629020302e-24 threshold=>=0.80000000000000004,0,0,0,converged; residual=1.3714053965691839e-10
inf,600,diagnostic,20,40,3,306.516211772951,7.75912126604875e-23,7.75912126604875e-23,7.75912126604875e-23,0.97429875746822,0.000836532805262791,0.00173890121607628,1,1,1,1,0,cond_mac: measured=7.7591212660487531e-23 threshold=>=0.80000000000000004,0,0,0,converged; residual=8.0589421835824506e-11
inf,600,diagnostic,20,40,4,408.362833075948,6.19257670986364e-19,6.19257670986364e-19,6.19257670986364e-19,1.53870920083785e-06,0.999994866823284,0.999998401150933,1,0,1,0,0,cond_kinetic: measured=1.5387092008378476e-06 threshold=>=0.5; cond_strain: measured=0.9999948668232842 threshold=<=0.5; cond_mac: measured=6.1925767098636435e-19 threshold=>=0.80000000000000004,0,0,0,converged; residual=2.8427720385959735e-10
inf,600,diagnostic,20,40,5,408.387851762168,1.05164922302744e-08,1.05164922302744e-08,1.05164922302744e-08,5.47322087552415e-07,0.999997313713774,0.999999429870197,1,0,1,0,0,cond_kinetic: measured=5.4732208755241499e-07 threshold=>=0.5; cond_strain: measured=0.99999731371377421 threshold=<=0.5; cond_mac: measured=1.051649223027439e-08 threshold=>=0.80000000000000004,0,0,0,converged; residual=1.6499440945240048e-10
inf,600,diagnostic,20,40,6,408.38824676787,1.26933013225614e-18,1.26933013225614e-18,1.26933013225614e-18,2.17026107630447e-08,0.999998002000202,0.999999977098512,1,0,1,0,0,cond_kinetic: measured=2.1702610763044704e-08 threshold=>=0.5; cond_strain: measured=0.99999800200020228 threshold=<=0.5; cond_mac: measured=1.2693301322561421e-18 threshold=>=0.80000000000000004,0,0,0,converged; residual=1.6221468516909669e-10
inf,600,diagnostic,20,40,7,408.3961409431,5.60244729849114e-18,5.60244729849114e-18,5.60244729849114e-18,3.96022523279149e-06,0.999995840458008,0.999995943659861,1,0,1,0,0,cond_kinetic: measured=3.9602252327914937e-06 threshold=>=0.5; cond_strain: measured=0.99999584045800793 threshold=<=0.5; cond_mac: measured=5.6024472984911358e-18 threshold=>=0.80000000000000004,0,0,0,converged; residual=1.6212917437605028e-10
inf,600,diagnostic,20,40,8,506.482857826231,8.02844692387491e-09,8.02844692387491e-09,8.02844692387491e-09,1.24343516967181e-06,0.999996026415674,0.999998703916521,1,0,1,0,0,cond_kinetic: measured=1.2434351696718123e-06 threshold=>=0.5; cond_strain: measured=0.99999602641567409 threshold=<=0.5; cond_mac: measured=8.0284469238749051e-09 threshold=>=0.80000000000000004,0,0,0,converged; residual=1.0894442452531246e-10
inf,600,diagnostic,20,40,9,506.482891486275,3.20042540306253e-16,3.20042540306253e-16,3.20042540306253e-16,1.39700510033051e-07,0.999997313746508,0.999999854175747,1,0,1,0,0,cond_kinetic: measured=1.397005100330511e-07 threshold=>=0.5; cond_strain: measured=0.9999973137465078 threshold=<=0.5; cond_mac: measured=3.2004254030625307e-16 threshold=>=0.80000000000000004,0,0,0,converged; residual=9.1916797021778486e-11
inf,600,diagnostic,20,40,10,506.581107146724,1.13079225916947e-19,1.13079225916947e-19,1.13079225916947e-19,1.54020384443633e-05,0.999975952148601,0.999984000314628,1,0,1,0,0,cond_kinetic: measured=1.5402038444363316e-05 threshold=>=0.5; cond_strain: measured=0.99997595214860102 threshold=<=0.5; cond_mac: measured=1.1307922591694676e-19 threshold=>=0.80000000000000004,0,0,0,converged; residual=1.9009382489568127e-10
inf,600,diagnostic,20,40,11,506.584429878886,4.88220732863831e-20,4.88220732863831e-20,4.88220732863831e-20,2.26135445816393e-06,0.999996740341679,0.999997683487685,1,0,1,0,0,cond_kinetic: measured=2.2613544581639312e-06 threshold=>=0.5; cond_strain: measured=0.99999674034167862 threshold=<=0.5; cond_mac: measured=4.8822073286383123e-20 threshold=>=0.80000000000000004,0,0,0,converged; residual=1.0323343084106306e-10
inf,600,diagnostic,20,40,12,565.143788974636,1.76323460321601e-08,1.76323460321601e-08,1.76323460321601e-08,7.68752297752628e-06,0.999989129208133,0.999991991186406,1,0,1,0,0,cond_kinetic: measured=7.6875229775262848e-06 threshold=>=0.5; cond_strain: measured=0.99998912920813343 threshold=<=0.5; cond_mac: measured=1.7632346032160137e-08 threshold=>=0.80000000000000004,0,0,0,converged; residual=1.1629726002937524e-10
inf,600,diagnostic,20,40,13,565.143940798579,9.31576190051712e-17,9.31576190051712e-17,9.31576190051712e-17,1.50594423234072e-06,0.999996651333709,0.99999842601303,1,0,1,0,0,cond_kinetic: measured=1.5059442323407154e-06 threshold=>=0.5; cond_strain: measured=0.99999665133370941 threshold=<=0.5; cond_mac: measured=9.3157619005171165e-17 threshold=>=0.80000000000000004,0,0,0,converged; residual=9.0144061484349905e-11
inf,600,diagnostic,20,40,14,565.95523030675,2.69789677540427e-21,2.69789677540427e-21,2.69789677540427e-21,1.89090202654401e-05,0.999974146853402,0.999980415387065,1,0,1,0,0,cond_kinetic: measured=1.8909020265440125e-05 threshold=>=0.5; cond_strain: measured=0.99997414685340191 threshold=<=0.5; cond_mac: measured=2.6978967754042661e-21 threshold=>=0.80000000000000004,0,0,0,converged; residual=1.1513670602480048e-10
inf,600,diagnostic,20,40,15,565.969994377664,2.79860483690036e-21,2.79860483690036e-21,2.79860483690036e-21,4.14906952155433e-06,0.999996878078621,0.99999574776104,1,0,1,0,0,cond_kinetic: measured=4.1490695215543277e-06 threshold=>=0.5; cond_strain: measured=0.9999968780786207 threshold=<=0.5; cond_mac: measured=2.7986048369003559e-21 threshold=>=0.80000000000000004,0,0,0,converged; residual=8.7354147343152798e-11
inf,600,diagnostic,20,40,16,571.495283751014,3.67740413378625e-10,3.67740413378625e-10,3.67740413378625e-10,1.00506428889541e-06,0.999997457296228,0.99999896184208,1,0,1,0,0,cond_kinetic: measured=1.0050642888954106e-06 threshold=>=0.5; cond_strain: measured=0.99999745729622846 threshold=<=0.5; cond_mac: measured=3.6774041337862483e-10 threshold=>=0.80000000000000004,0,0,0,converged; residual=9.1822263539494259e-11
inf,600,diagnostic,20,40,17,571.495342980586,1.00632585884029e-18,1.00632585884029e-18,1.00632585884029e-18,2.09712934398079e-07,0.999998488652288,0.999999783609945,1,0,1,0,0,cond_kinetic: measured=2.0971293439807872e-07 threshold=>=0.5; cond_strain: measured=0.99999848865228824 threshold=<=0.5; cond_mac: measured=1.0063258588402861e-18 threshold=>=0.80000000000000004,0,0,0,converged; residual=9.2843875828393072e-11
inf,600,diagnostic,20,40,18,571.572008596184,1.09875360656766e-21,1.09875360656766e-21,1.09875360656766e-21,1.26796002008309e-08,0.999998882121558,0.999999986645737,1,0,1,0,0,cond_kinetic: measured=1.2679600200830862e-08 threshold=>=0.5; cond_strain: measured=0.99999888212155841 threshold=<=0.5; cond_mac: measured=1.0987536065676604e-21 threshold=>=0.80000000000000004,0,0,0,converged; residual=8.8899889663843078e-11
inf,600,diagnostic,20,40,19,571.572008782978,3.20708020488724e-21,3.20708020488724e-21,3.20708020488724e-21,1.08568778719096e-08,0.999998884703075,0.999999988511193,1,0,1,0,0,cond_kinetic: measured=1.0856877871909554e-08 threshold=>=0.5; cond_strain: measured=0.99999888470307519 threshold=<=0.5; cond_mac: measured=3.2070802048872442e-21 threshold=>=0.80000000000000004,0,0,0,converged; residual=8.4496401211646634e-11
inf,600,diagnostic,20,40,20,571.674589851099,1.14780256852126e-14,1.14780256852126e-14,1.14780256852126e-14,3.8859136817049e-07,0.999997067662398,0.99999959452422,1,0,1,0,0,cond_kinetic: measured=3.8859136817049026e-07 threshold=>=0.5; cond_strain: measured=0.99999706766239849 threshold=<=0.5; cond_mac: measured=1.1478025685212562e-14 threshold=>=0.80000000000000004,0,0,0,converged; residual=7.975902881015642e-11
inf,600,diagnostic,20,40,21,571.674599553912,5.38609797636341e-09,5.38609797636341e-09,5.38609797636341e-09,1.14123705335682e-06,0.999996312110724,0.999998808356037,1,0,1,0,0,cond_kinetic: measured=1.1412370533568167e-06 threshold=>=0.5; cond_strain: measured=0.99999631211072393 threshold=<=0.5; cond_mac: measured=5.3860979763634058e-09 threshold=>=0.80000000000000004,0,0,0,converged; residual=8.0894223011579733e-11
inf,600,diagnostic,20,40,22,571.895203928443,6.18595517969734e-17,6.18595517969734e-17,6.18595517969734e-17,0.000697305939631959,0.999237017784907,0.999275410787411,1,0,1,0,0,cond_kinetic: measured=0.00069730593963195911 threshold=>=0.5; cond_strain: measured=0.99923701778490659 threshold=<=0.5; cond_mac: measured=6.1859551796973388e-17 threshold=>=0.80000000000000004,0,0,0,converged; residual=1.0532351199816604e-10
inf,600,diagnostic,20,40,23,571.905223227293,5.58781767229493e-17,5.58781767229493e-17,5.58781767229493e-17,1.41520237523679e-06,0.999996783861789,0.999998549686048,1,0,1,0,0,cond_kinetic: measured=1.4152023752367943e-06 threshold=>=0.5; cond_strain: measured=0.99999678386178925 threshold=<=0.5; cond_mac: measured=5.5878176722949258e-17 threshold=>=0.80000000000000004,0,0,0,converged; residual=1.0914074541708471e-10
inf,600,diagnostic,20,40,24,584.524033666483,6.15258114367277e-24,6.15258114367277e-24,6.15258114367277e-24,0.957808842184458,0.00144178266547115,0.00470488453492736,1,1,1,1,0,cond_mac: measured=6.152581143672773e-24 threshold=>=0.80000000000000004,0,0,0,converged; residual=6.5581430499080592e-11
inf,600,diagnostic,20,40,25,611.225350868337,7.92008588567375e-11,7.92008588567375e-11,7.92008588567375e-11,7.3458419656316e-06,0.999988856994521,0.999992403365233,1,0,1,0,0,cond_kinetic: measured=7.3458419656316e-06 threshold=>=0.5; cond_strain: measured=0.99998885699452089 threshold=<=0.5; cond_mac: measured=7.9200858856737507e-11 threshold=>=0.80000000000000004,0,0,0,converged; residual=1.0615163223653735e-10
inf,600,diagnostic,20,40,26,611.225693521853,1.58654740049649e-21,1.58654740049649e-21,1.58654740049649e-21,4.77215522515523e-07,0.999997098290635,0.999999505921184,1,0,1,0,0,cond_kinetic: measured=4.7721552251552293e-07 threshold=>=0.5; cond_strain: measured=0.99999709829063488 threshold=<=0.5; cond_mac: measured=1.5865474004964893e-21 threshold=>=0.80000000000000004,0,0,0,converged; residual=9.9457542747657602e-11
inf,600,diagnostic,20,40,27,611.463109483361,1.65945372994696e-24,1.65945372994696e-24,1.65945372994696e-24,9.57091917926754e-08,0.999997471501425,0.99999989840425,1,0,1,0,0,cond_kinetic: measured=9.570919179267538e-08 threshold=>=0.5; cond_strain: measured=0.99999747150142526 threshold=<=0.5; cond_mac: measured=1.6594537299469607e-24 threshold=>=0.80000000000000004,0,0,0,converged; residual=9.0646460634467295e-11
inf,600,diagnostic,20,40,28,611.465305842228,2.97166532665425e-25,2.97166532665425e-25,2.97166532665425e-25,7.91127949168986e-05,0.999922307525153,0.9999178164773,1,0,1,0,0,cond_kinetic: measured=7.911279491689862e-05 threshold=>=0.5; cond_strain: measured=0.9999223075251531 threshold=<=0.5; cond_mac: measured=2.9716653266542475e-25 threshold=>=0.80000000000000004,0,0,0,converged; residual=1.2955452133126115e-10
inf,600,diagnostic,20,40,29,622.533586817984,7.21310874727193e-12,7.21310874727193e-12,7.21310874727193e-12,6.97777042688602e-07,0.9999978137602,0.999999273117072,1,0,1,0,0,cond_kinetic: measured=6.9777704268860185e-07 threshold=>=0.5; cond_strain: measured=0.99999781376020025 threshold=<=0.5; cond_mac: measured=7.2131087472719259e-12 threshold=>=0.80000000000000004,0,0,0,converged; residual=1.1995871533283117e-10
inf,600,diagnostic,20,40,30,622.533603193997,2.3586192276814e-21,2.3586192276814e-21,2.3586192276814e-21,1.07460932931831e-07,0.9999984803983,0.999999885332487,1,0,1,0,0,cond_kinetic: measured=1.0746093293183111e-07 threshold=>=0.5; cond_strain: measured=0.99999848039829997 threshold=<=0.5; cond_mac: measured=2.3586192276814034e-21 threshold=>=0.80000000000000004,0,0,0,converged; residual=1.1646166593703951e-10
inf,600,diagnostic,20,40,31,622.533694252675,4.77072213166921e-19,4.77072213166921e-19,4.77072213166921e-19,6.45095907952975e-09,0.999998880679354,0.999999992884986,1,0,1,0,0,cond_kinetic: measured=6.450959079529751e-09 threshold=>=0.5; cond_strain: measured=0.99999888067935383 threshold=<=0.5; cond_mac: measured=4.770722131669207e-19 threshold=>=0.80000000000000004,0,0,0,converged; residual=1.1205209166413607e-10
inf,600,diagnostic,20,40,32,622.533783218226,7.8687303808895e-20,7.8687303808895e-20,7.8687303808895e-20,2.29445263325405e-06,0.999996780151836,0.999997614838038,1,0,1,0,0,cond_kinetic: measured=2.2944526332540496e-06 threshold=>=0.5; cond_strain: measured=0.9999967801518358 threshold=<=0.5; cond_mac: measured=7.8687303808894972e-20 threshold=>=0.80000000000000004,0,0,0,converged; residual=1.1030626198131042e-10
inf,600,diagnostic,20,40,33,622.704923190034,7.71538310732062e-11,7.71538310732062e-11,7.71538310732062e-11,1.06663943215129e-05,0.999986311849056,0.999988990687386,1,0,1,0,0,cond_kinetic: measured=1.0666394321512904e-05 threshold=>=0.5; cond_strain: measured=0.9999863118490564 threshold=<=0.5; cond_mac: measured=7.7153831073206164e-11 threshold=>=0.80000000000000004,0,0,0,converged; residual=9.8058010051936897e-11
inf,600,diagnostic,20,40,34,622.705369724117,9.06242832790054e-20,9.06242832790054e-20,9.06242832790054e-20,4.04910886138292e-07,0.999998362146807,0.99999958321338,1,0,1,0,0,cond_kinetic: measured=4.0491088613829219e-07 threshold=>=0.5; cond_strain: measured=0.99999836214680726 threshold=<=0.5; cond_mac: measured=9.0624283279005427e-20 threshold=>=0.80000000000000004,0,0,0,converged; residual=9.0127532667198415e-11
inf,600,diagnostic,20,40,35,625.018989990536,8.29306812870253e-23,8.29306812870253e-23,8.29306812870253e-23,1.41359942503905e-07,0.999998309093563,0.999999854697614,1,0,1,0,0,cond_kinetic: measured=1.4135994250390503e-07 threshold=>=0.5; cond_strain: measured=0.9999983090935628 threshold=<=0.5; cond_mac: measured=8.2930681287025287e-23 threshold=>=0.80000000000000004,0,0,0,converged; residual=9.0656374125462969e-11
inf,600,diagnostic,20,40,36,625.019601657155,4.729331783317e-23,4.729331783317e-23,4.729331783317e-23,1.68577118802913e-05,0.999982841191306,0.999982490250197,1,0,1,0,0,cond_kinetic: measured=1.6857711880291282e-05 threshold=>=0.5; cond_strain: measured=0.99998284119130643 threshold=<=0.5; cond_mac: measured=4.7293317833170005e-23 threshold=>=0.80000000000000004,0,0,0,converged; residual=1.2088430287044579e-10
inf,600,diagnostic,20,40,37,626.301429878395,2.05462239256728e-09,2.05462239256728e-09,2.05462239256728e-09,1.61869360443259e-06,0.99999269638104,0.999998338079165,1,0,1,0,0,cond_kinetic: measured=1.6186936044325943e-06 threshold=>=0.5; cond_strain: measured=0.99999269638104038 threshold=<=0.5; cond_mac: measured=2.0546223925672768e-09 threshold=>=0.80000000000000004,0,0,0,converged; residual=8.5830870601350574e-11
inf,600,diagnostic,20,40,38,626.301489228138,1.66178791589888e-16,1.66178791589888e-16,1.66178791589888e-16,8.7454623736407e-07,0.999993626615062,0.999999086159135,1,0,1,0,0,cond_kinetic: measured=8.7454623736406976e-07 threshold=>=0.5; cond_strain: measured=0.99999362661506175 threshold=<=0.5; cond_mac: measured=1.6617879158988801e-16 threshold=>=0.80000000000000004,0,0,0,converged; residual=8.4201490374612029e-11
inf,600,diagnostic,20,40,39,627.303901746248,2.13368844416458e-21,2.13368844416458e-21,2.13368844416458e-21,1.13419535612643e-06,0.999993304753888,0.999998834404545,1,0,1,0,0,cond_kinetic: measured=1.1341953561264268e-06 threshold=>=0.5; cond_strain: measured=0.99999330475388815 threshold=<=0.5; cond_mac: measured=2.1336884441645754e-21 threshold=>=0.80000000000000004,0,0,0,converged; residual=7.8701883718809604e-11
inf,600,diagnostic,20,40,40,627.305580866295,2.95255365013257e-21,2.95255365013257e-21,2.95255365013257e-21,6.39078181316172e-05,0.999933394021561,0.999933677407456,1,0,1,0,0,cond_kinetic: measured=6.3907818131617164e-05 threshold=>=0.5; cond_strain: measured=0.9999333940215609 threshold=<=0.5; cond_mac: measured=2.9525536501325687e-21 threshold=>=0.80000000000000004,0,0,0,converged; residual=1.0587143855084463e-10
inf,800,diagnostic,21,40,1,159.595938556109,0.999621734627491,0.999621734627491,0.999621734627491,0.966762710832135,1.97279618289222e-05,0.00270965193486207,1,1,1,1,1,,1,1,0,converged; residual=2.7750753101288604e-10
inf,800,diagnostic,21,40,2,225.622520490328,4.64946745981357e-24,4.64946745981357e-24,4.64946745981357e-24,0.962933621964942,0.000110853177942161,0.00324432391869874,1,1,1,1,0,cond_mac: measured=4.6494674598135702e-24 threshold=>=0.80000000000000004,0,0,0,converged; residual=1.3848177722541934e-10
inf,800,diagnostic,21,40,3,306.971145254589,1.95087605740567e-22,1.95087605740567e-22,1.95087605740567e-22,0.974261067996685,0.000880443057355904,0.00167539931956007,1,1,1,1,0,cond_mac: measured=1.9508760574056733e-22 threshold=>=0.80000000000000004,0,0,0,converged; residual=8.1860474672009521e-11
inf,800,diagnostic,21,40,4,411.366508862643,1.02715466599935e-18,1.02715466599935e-18,1.02715466599935e-18,1.64782330185158e-06,0.999994671573789,0.999998288652458,1,0,1,0,0,cond_kinetic: measured=1.6478233018515805e-06 threshold=>=0.5; cond_strain: measured=0.99999467157378896 threshold=<=0.5; cond_mac: measured=1.0271546659993521e-18 threshold=>=0.80000000000000004,0,0,0,converged; residual=2.7725235226025456e-10
inf,800,diagnostic,21,40,5,411.388834096009,1.04544382456909e-08,1.04544382456909e-08,1.04544382456909e-08,5.67566319286379e-07,0.999997266404864,0.99999940918522,1,0,1,0,0,cond_kinetic: measured=5.6756631928637928e-07 threshold=>=0.5; cond_strain: measured=0.99999726640486442 threshold=<=0.5; cond_mac: measured=1.045443824569094e-08 threshold=>=0.80000000000000004,0,0,0,converged; residual=1.4895687747143954e-10
inf,800,diagnostic,21,40,6,411.389225511346,4.57350445027876e-18,4.57350445027876e-18,4.57350445027876e-18,2.14570136691718e-08,0.999997984021441,0.999999977355602,1,0,1,0,0,cond_kinetic: measured=2.1457013669171754e-08 threshold=>=0.5; cond_strain: measured=0.99999798402144124 threshold=<=0.5; cond_mac: measured=4.5735044502787578e-18 threshold=>=0.80000000000000004,0,0,0,converged; residual=1.5096347257498299e-10
inf,800,diagnostic,21,40,7,411.399216716186,6.68430863887232e-18,6.68430863887232e-18,6.68430863887232e-18,3.9266357820725e-06,0.999995871241139,0.999995977666806,1,0,1,0,0,cond_kinetic: measured=3.9266357820724995e-06 threshold=>=0.5; cond_strain: measured=0.9999958712411392 threshold=<=0.5; cond_mac: measured=6.6843086388723175e-18 threshold=>=0.80000000000000004,0,0,0,converged; residual=1.4494692478846102e-10
inf,800,diagnostic,21,40,8,474.921980741094,5.50927487345083e-20,5.50927487345083e-20,5.50927487345083e-20,2.37615063728105e-07,0.999997944254046,0.999999752712689,1,0,1,0,0,cond_kinetic: measured=2.3761506372810475e-07 threshold=>=0.5; cond_strain: measured=0.9999979442540462 threshold=<=0.5; cond_mac: measured=5.5092748734508255e-20 threshold=>=0.80000000000000004,0,0,0,converged; residual=1.2061243502545499e-10
inf,800,diagnostic,21,40,9,474.9220063286,6.69687548029267e-09,6.69687548029267e-09,6.69687548029267e-09,4.38603103222023e-07,0.999997841699594,0.99999954310997,1,0,1,0,0,cond_kinetic: measured=4.3860310322202285e-07 threshold=>=0.5; cond_strain: measured=0.99999784169959427 threshold=<=0.5; cond_mac: measured=6.6968754802926729e-09 threshold=>=0.80000000000000004,0,0,0,converged; residual=1.3706460903411668e-10
inf,800,diagnostic,21,40,10,475.092402341216,2.84839518329169e-20,2.84839518329169e-20,2.84839518329169e-20,5.51525860382788e-06,0.999989206935968,0.999994274819911,1,0,1,0,0,cond_kinetic: measured=5.5152586038278758e-06 threshold=>=0.5; cond_strain: measured=0.99998920693596804 threshold=<=0.5; cond_mac: measured=2.8483951832916927e-20 threshold=>=0.80000000000000004,0,0,0,converged; residual=2.2888336664241941e-10
inf,800,diagnostic,21,40,11,475.093777549663,1.6036392779947e-20,1.6036392779947e-20,1.6036392779947e-20,1.79697467983534e-06,0.999997289717008,0.999998158707603,1,0,1,0,0,cond_kinetic: measured=1.7969746798353365e-06 threshold=>=0.5; cond_strain: measured=0.99999728971700796 threshold=<=0.5; cond_mac: measured=1.6036392779947022e-20 threshold=>=0.80000000000000004,0,0,0,converged; residual=1.5469707121855961e-10
inf,800,diagnostic,21,40,12,510.677413187654,7.64061573837892e-09,7.64061573837892e-09,7.64061573837892e-09,1.27347434216884e-06,0.999995894781461,0.99999867345486,1,0,1,0,0,cond_kinetic: measured=1.2734743421688377e-06 threshold=>=0.5; cond_strain: measured=0.99999589478146089 threshold=<=0.5; cond_mac: measured=7.6406157383789209e-09 threshold=>=0.80000000000000004,0,0,0,converged; residual=1.0863956392545797e-10
inf,800,diagnostic,21,40,13,510.677452162414,3.11360963071735e-16,3.11360963071735e-16,3.11360963071735e-16,1.34979718359518e-07,0.999997237264867,0.999999859108678,1,0,1,0,0,cond_kinetic: measured=1.3497971835951836e-07 threshold=>=0.5; cond_strain: measured=0.99999723726486678 threshold=<=0.5; cond_mac: measured=3.1136096307173549e-16 threshold=>=0.80000000000000004,0,0,0,converged; residual=9.1921563836522527e-11
inf,800,diagnostic,21,40,14,510.791730906315,1.08215278676355e-19,1.08215278676355e-19,1.08215278676355e-19,1.65495534295978e-05,0.999974674980384,0.999982817202172,1,0,1,0,0,cond_kinetic: measured=1.6549553429597797e-05 threshold=>=0.5; cond_strain: measured=0.99997467498038362 threshold=<=0.5; cond_mac: measured=1.0821527867635521e-19 threshold=>=0.80000000000000004,0,0,0,converged; residual=1.7451068811684871e-10
inf,800,diagnostic,21,40,15,510.794959897995,6.30942834553434e-20,6.30942834553434e-20,6.30942834553434e-20,2.11233399280578e-06,0.999996729768597,0.999997835856533,1,0,1,0,0,cond_kinetic: measured=2.1123339928057758e-06 threshold=>=0.5; cond_strain: measured=0.99999672976859744 threshold=<=0.5; cond_mac: measured=6.3094283455343415e-20 threshold=>=0.80000000000000004,0,0,0,converged; residual=1.0157172071650274e-10
inf,800,diagnostic,21,40,16,565.780635394126,4.10529970641625e-10,4.10529970641625e-10,4.10529970641625e-10,8.703823429431e-07,0.99999764879693,0.999999101010161,1,0,1,0,0,cond_kinetic: measured=8.7038234294309979e-07 threshold=>=0.5; cond_strain: measured=0.99999764879693032 threshold=<=0.5; cond_mac: measured=4.1052997064162539e-10 threshold=>=0.80000000000000004,0,0,0,converged; residual=1.0511774707592677e-10
inf,800,diagnostic,21,40,17,565.780689164791,2.2556635309555e-19,2.2556635309555e-19,2.2556635309555e-19,2.04650376710118e-07,0.999998528665971,0.999999788915096,1,0,1,0,0,cond_kinetic: measured=2.0465037671011813e-07 threshold=>=0.5; cond_strain: measured=0.99999852866597094 threshold=<=0.5; cond_mac: measured=2.2556635309554986e-19 threshold=>=0.80000000000000004,0,0,0,converged; residual=9.8872544815481408e-11
inf,800,diagnostic,21,40,18,565.861475450417,5.21814472320102e-23,5.21814472320102e-23,5.21814472320102e-23,2.88772269056782e-08,0.999998891411689,0.999999969790609,1,0,1,0,0,cond_kinetic: measured=2.8877226905678197e-08 threshold=>=0.5; cond_strain: measured=0.99999889141168918 threshold=<=0.5; cond_mac: measured=5.2181447232010166e-23 threshold=>=0.80000000000000004,0,0,0,converged; residual=8.7511921098147365e-11
inf,800,diagnostic,21,40,19,565.86147582491,5.68489417123998e-21,5.68489417123998e-21,5.68489417123998e-21,1.01292724064163e-08,0.999998912150364,0.999999989275104,1,0,1,0,0,cond_kinetic: measured=1.0129272406416301e-08 threshold=>=0.5; cond_strain: measured=0.99999891215036385 threshold=<=0.5; cond_mac: measured=5.6848941712399823e-21 threshold=>=0.80000000000000004,0,0,0,converged; residual=9.3787653532440343e-11
inf,800,diagnostic,21,40,20,570.095958888973,1.74348602186764e-08,1.74348602186764e-08,1.74348602186764e-08,8.34553302161981e-06,0.999988315877227,0.999991311352855,1,0,1,0,0,cond_kinetic: measured=8.3455330216198115e-06 threshold=>=0.5; cond_strain: measured=0.99998831587722703 threshold=<=0.5; cond_mac: measured=1.7434860218676374e-08 threshold=>=0.80000000000000004,0,0,0,converged; residual=9.5445278944507567e-11
inf,800,diagnostic,21,40,21,570.096141669026,8.54070787290014e-17,8.54070787290014e-17,8.54070787290014e-17,1.53320940581769e-06,0.999996584649023,0.999998398225263,1,0,1,0,0,cond_kinetic: measured=1.5332094058176899e-06 threshold=>=0.5; cond_strain: measured=0.99999658464902264 threshold=<=0.5; cond_mac: measured=8.5407078729001373e-17 threshold=>=0.80000000000000004,0,0,0,converged; residual=8.6331418642518853e-11
inf,800,diagnostic,21,40,22,570.890848738404,3.75312686702102e-21,3.75312686702102e-21,3.75312686702102e-21,3.81450658377402e-05,0.999953336124765,0.999960441212157,1,0,1,0,0,cond_kinetic: measured=3.8145065837740236e-05 threshold=>=0.5; cond_strain: measured=0.99995333612476522 threshold=<=0.5; cond_mac: measured=3.7531268670210201e-21 threshold=>=0.80000000000000004,0,0,0,converged; residual=1.3665940339188118e-10
inf,800,diagnostic,21,40,23,570.905619792837,5.12786697210846e-21,5.12786697210846e-21,5.12786697210846e-21,4.05476557223143e-06,0.999996905081367,0.999995843960693,1,0,1,0,0,cond_kinetic: measured=4.0547655722314269e-06 threshold=>=0.5; cond_strain: measured=0.99999690508136663 threshold=<=0.5; cond_mac: measured=5.1278669721084605e-21 threshold=>=0.80000000000000004,0,0,0,converged; residual=8.2582769420430124e-11
inf,800,diagnostic,21,40,24,584.460279686357,9.66779973384017e-24,9.66779973384017e-24,9.66779973384017e-24,0.958805384744119,0.000752511449629263,0.00416091996044827,1,1,1,1,0,cond_mac: measured=9.6677997338401702e-24 threshold=>=0.80000000000000004,0,0,0,converged; residual=6.6037860281384192e-11
inf,800,diagnostic,21,40,25,609.845879555857,6.60631602726083e-11,6.60631602726083e-11,6.60631602726083e-11,7.29326343610438e-06,0.999988859899161,0.99999245733569,1,0,1,0,0,cond_kinetic: measured=7.2932634361043757e-06 threshold=>=0.5; cond_strain: measured=0.99998885989916053 threshold=<=0.5; cond_mac: measured=6.6063160272608322e-11 threshold=>=0.80000000000000004,0,0,0,converged; residual=9.9765288434514217e-11
inf,800,diagnostic,21,40,26,609.846234633189,2.63170659555389e-25,2.63170659555389e-25,2.63170659555389e-25,5.22475994725784e-07,0.999997044091711,0.999999459065767,1,0,1,0,0,cond_kinetic: measured=5.2247599472578434e-07 threshold=>=0.5; cond_strain: measured=0.99999704409171075 threshold=<=0.5; cond_mac: measured=2.6317065955538883e-25 threshold=>=0.80000000000000004,0,0,0,converged; residual=9.9664490752307857e-11
inf,800,diagnostic,21,40,27,610.081504779207,1.85165811347535e-23,1.85165811347535e-23,1.85165811347535e-23,1.0463697661326e-07,0.99999746135977,0.999999888925107,1,0,1,0,0,cond_kinetic: measured=1.0463697661325955e-07 threshold=>=0.5; cond_strain: measured=0.99999746135976997 threshold=<=0.5; cond_mac: measured=1.851658113475351e-23 threshold=>=0.80000000000000004,0,0,0,converged; residual=8.7492610397781561e-11
inf,800,diagnostic,21,40,28,610.084036044554,3.24073591106083e-25,3.24073591106083e-25,3.24073591106083e-25,9.57675529274546e-05,0.999906102572781,0.999900567295229,1,0,1,0,0,cond_kinetic: measured=9.5767552927454643e-05 threshold=>=0.5; cond_strain: measured=0.99990610257278123 threshold=<=0.5; cond_mac: measured=3.2407359110608308e-25 threshold=>=0.80000000000000004,0,0,0,converged; residual=1.3898318933660724e-10
inf,800,diagnostic,21,40,29,614.995735141129,4.78626392072869e-10,4.78626392072869e-10,4.78626392072869e-10,2.00546419306604e-06,0.999991014656946,0.999997923075975,1,0,1,0,0,cond_kinetic: measured=2.0054641930660437e-06 threshold=>=0.5; cond_strain: measured=0.99999101465694573 threshold=<=0.5; cond_mac: measured=4.7862639207286858e-10 threshold=>=0.80000000000000004,0,0,0,converged; residual=5.0853896016618444e-11
inf,800,diagnostic,21,40,30,614.995742663816,7.31947790292917e-12,7.31947790292917e-12,7.31947790292917e-12,3.32750695147472e-07,0.999992771549771,0.99999965166793,1,0,1,0,0,cond_kinetic: measured=3.3275069514747235e-07 threshold=>=0.5; cond_strain: measured=0.99999277154977062 threshold=<=0.5; cond_mac: measured=7.3194779029291671e-12 threshold=>=0.80000000000000004,0,0,0,converged; residual=5.4838311022441445e-11
inf,800,diagnostic,21,40,31,614.99576681024,7.52546553783005e-18,7.52546553783005e-18,7.52546553783005e-18,4.41899729620899e-07,0.999992738742771,0.99999954015809,1,0,1,0,0,cond_kinetic: measured=4.4189972962089921e-07 threshold=>=0.5; cond_strain: measured=0.99999273874277128 threshold=<=0.5; cond_mac: measured=7.5254655378300462e-18 threshold=>=0.80000000000000004,0,0,0,converged; residual=5.46634359822394e-11
inf,800,diagnostic,21,40,32,614.997947993294,2.28592386601333e-18,2.28592386601333e-18,2.28592386601333e-18,7.52889758244907e-05,0.999921876238082,0.999921836175306,1,0,1,0,0,cond_kinetic: measured=7.5288975824490685e-05 threshold=>=0.5; cond_strain: measured=0.99992187623808171 threshold=<=0.5; cond_mac: measured=2.2859238660133251e-18 threshold=>=0.80000000000000004,0,0,0,converged; residual=8.1300712085034856e-11
inf,800,diagnostic,21,40,33,621.889315319727,9.01426516926667e-12,9.01426516926667e-12,9.01426516926667e-12,6.31759191599577e-07,0.999997942092145,0.99999934166053,1,0,1,0,0,cond_kinetic: measured=6.3175919159957663e-07 threshold=>=0.5; cond_strain: measured=0.99999794209214499 threshold=<=0.5; cond_mac: measured=9.0142651692666744e-12 threshold=>=0.80000000000000004,0,0,0,converged; residual=1.2206454127254238e-10
inf,800,diagnostic,21,40,34,621.889330382183,2.01021494955739e-20,2.01021494955739e-20,2.01021494955739e-20,1.04288856916832e-07,0.999998539244431,0.999999888732933,1,0,1,0,0,cond_kinetic: measured=1.0428885691683231e-07 threshold=>=0.5; cond_strain: measured=0.99999853924443116 threshold=<=0.5; cond_mac: measured=2.0102149495573881e-20 threshold=>=0.80000000000000004,0,0,0,converged; residual=1.4016598691120488e-10
inf,800,diagnostic,21,40,35,621.889418948663,2.08089007305097e-18,2.08089007305097e-18,2.08089007305097e-18,6.24670430569713e-09,0.999998928656775,0.999999993122498,1,0,1,0,0,cond_kinetic: measured=6.2467043056971267e-09 threshold=>=0.5; cond_strain: measured=0.99999892865677531 threshold=<=0.5; cond_mac: measured=2.0808900730509651e-18 threshold=>=0.80000000000000004,0,0,0,converged; residual=1.1519943278772252e-10
inf,800,diagnostic,21,40,36,621.889505775574,3.20854900672609e-19,3.20854900672609e-19,3.20854900672609e-19,2.27471890385482e-06,0.999996843116038,0.999997636594182,1,0,1,0,0,cond_kinetic: measured=2.2747189038548245e-06 threshold=>=0.5; cond_strain: measured=0.99999684311603776 threshold=<=0.5; cond_mac: measured=3.2085490067260917e-19 threshold=>=0.80000000000000004,0,0,0,converged; residual=1.1983189054390988e-10
inf,800,diagnostic,21,40,37,622.157271727172,4.66193150334612e-11,4.66193150334612e-11,4.66193150334612e-11,1.09184281186213e-05,0.999985968096527,0.999988731797987,1,0,1,0,0,cond_kinetic: measured=1.0918428118621274e-05 threshold=>=0.5; cond_strain: measured=0.99998596809652673 threshold=<=0.5; cond_mac: measured=4.6619315033461248e-11 threshold=>=0.80000000000000004,0,0,0,converged; residual=9.9841825926377043e-11
inf,800,diagnostic,21,40,38,622.157747772048,1.61922358889917e-20,1.61922358889917e-20,1.61922358889917e-20,4.5094376510555e-07,0.999998327190177,0.999999536023889,1,0,1,0,0,cond_kinetic: measured=4.5094376510555024e-07 threshold=>=0.5; cond_strain: measured=0.99999832719017678 threshold=<=0.5; cond_mac: measured=1.6192235888991707e-20 threshold=>=0.80000000000000004,0,0,0,converged; residual=1.3773122108812989e-10
inf,800,diagnostic,21,40,39,624.205765408244,1.00100596874876e-09,1.00100596874876e-09,1.00100596874876e-09,4.04736364726631e-06,0.999994087037604,0.999995845733843,1,0,1,0,0,cond_kinetic: measured=4.0473636472663135e-06 threshold=>=0.5; cond_strain: measured=0.99999408703760373 threshold=<=0.5; cond_mac: measured=1.0010059687487645e-09 threshold=>=0.80000000000000004,0,0,0,converged; residual=8.6255287311160914e-11
inf,800,diagnostic,21,40,40,624.205972718865,2.70186540420407e-19,2.70186540420407e-19,2.70186540420407e-19,1.77178839160763e-06,0.999997053124277,0.999998150351555,1,0,1,0,0,cond_kinetic: measured=1.7717883916076327e-06 threshold=>=0.5; cond_strain: measured=0.99999705312427734 threshold=<=0.5; cond_mac: measured=2.7018654042040705e-19 threshold=>=0.80000000000000004,0,0,0,converged; residual=8.7236575665071211e-11
inf,1000,diagnostic,22,40,1,159.593652841756,0.999624651638157,0.999624651638157,0.999624651638157,0.966236767484595,1.63723494762742e-05,0.0025903584415859,1,1,1,1,1,,1,1,0,converged; residual=2.7062295219188697e-10
inf,1000,diagnostic,22,40,2,226.158440587104,2.99627357910666e-27,2.99627357910666e-27,2.99627357910666e-27,0.962400915282788,7.30914960446841e-05,0.00305345237574885,1,1,1,1,0,cond_mac: measured=2.9962735791066626e-27 threshold=>=0.80000000000000004,0,0,0,converged; residual=1.3328292902906571e-10
inf,1000,diagnostic,22,40,3,309.125507651869,2.76634830824574e-20,2.76634830824574e-20,2.76634830824574e-20,0.973859230359025,0.000557226198012725,0.00170444076392267,1,1,1,1,0,cond_mac: measured=2.7663483082457436e-20 threshold=>=0.80000000000000004,0,0,0,converged; residual=8.7211412104594859e-11
inf,1000,diagnostic,22,40,4,419.394477662362,4.55069861728511e-16,4.55069861728511e-16,4.55069861728511e-16,1.94704372068353e-06,0.99999414281847,0.999997976262165,1,0,1,0,0,cond_kinetic: measured=1.9470437206835293e-06 threshold=>=0.5; cond_strain: measured=0.99999414281846988 threshold=<=0.5; cond_mac: measured=4.5506986172851143e-16 threshold=>=0.80000000000000004,0,0,0,converged; residual=2.6046455740453796e-10
inf,1000,diagnostic,22,40,5,419.408966086704,1.02901410476403e-08,1.02901410476403e-08,1.02901410476403e-08,6.26202211133893e-07,0.999997120240325,0.999999347620826,1,0,1,0,0,cond_kinetic: measured=6.2620221113389326e-07 threshold=>=0.5; cond_strain: measured=0.99999712024032472 threshold=<=0.5; cond_mac: measured=1.0290141047640273e-08 threshold=>=0.80000000000000004,0,0,0,converged; residual=1.6563984342085497e-10
inf,1000,diagnostic,22,40,6,419.409349245822,4.1730832939913e-17,4.1730832939913e-17,4.1730832939913e-17,2.12016908996234e-08,0.999997926286633,0.999999977607677,1,0,1,0,0,cond_kinetic: measured=2.120169089962343e-08 threshold=>=0.5; cond_strain: measured=0.99999792628663298 threshold=<=0.5; cond_mac: measured=4.1730832939912986e-17 threshold=>=0.80000000000000004,0,0,0,converged; residual=1.5069200500049461e-10
inf,1000,diagnostic,22,40,7,419.425625348023,2.15890406995265e-16,2.15890406995265e-16,2.15890406995265e-16,3.86958247716785e-06,0.999995906610122,0.999996034673952,1,0,1,0,0,cond_kinetic: measured=3.8695824771678456e-06 threshold=>=0.5; cond_strain: measured=0.99999590661012183 threshold=<=0.5; cond_mac: measured=2.1589040699526477e-16 threshold=>=0.80000000000000004,0,0,0,converged; residual=1.7893666796983316e-10
inf,1000,diagnostic,22,40,8,482.622033191596,1.25967042151377e-15,1.25967042151377e-15,1.25967042151377e-15,2.46227520444607e-07,0.999997943880002,0.999999743564155,1,0,1,0,0,cond_kinetic: measured=2.4622752044460718e-07 threshold=>=0.5; cond_strain: measured=0.99999794388000229 threshold=<=0.5; cond_mac: measured=1.2596704215137716e-15 threshold=>=0.80000000000000004,0,0,0,converged; residual=1.1099952701290668e-10
inf,1000,diagnostic,22,40,9,482.622058747112,6.46450838960235e-09,6.46450838960235e-09,6.46450838960235e-09,4.56495966941884e-07,0.999997829502892,0.999999523987294,1,0,1,0,0,cond_kinetic: measured=4.5649596694188446e-07 threshold=>=0.5; cond_strain: measured=0.99999782950289173 threshold=<=0.5; cond_mac: measured=6.4645083896023529e-09 threshold=>=0.80000000000000004,0,0,0,converged; residual=1.1493204290019859e-10
inf,1000,diagnostic,22,40,10,482.804586369593,4.12766095992534e-18,4.12766095992534e-18,4.12766095992534e-18,6.57275058899276e-06,0.99998783207546,0.999993170390073,1,0,1,0,0,cond_kinetic: measured=6.5727505889927632e-06 threshold=>=0.5; cond_strain: measured=0.99998783207545994 threshold=<=0.5; cond_mac: measured=4.1276609599253427e-18 threshold=>=0.80000000000000004,0,0,0,converged; residual=2.1478571278390715e-10
inf,1000,diagnostic,22,40,11,482.806021682992,9.64233468391436e-19,9.64233468391436e-19,9.64233468391436e-19,1.76970075724634e-06,0.999997315776758,0.999998186014486,1,0,1,0,0,cond_kinetic: measured=1.7697007572463408e-06 threshold=>=0.5; cond_strain: measured=0.99999731577675843 threshold=<=0.5; cond_mac: measured=9.6423346839143636e-19 threshold=>=0.80000000000000004,0,0,0,converged; residual=1.2863363405450072e-10
inf,1000,diagnostic,22,40,12,509.888288390216,2.17071081870004e-15,2.17071081870004e-15,2.17071081870004e-15,7.10427878012852e-06,0.999985656939593,0.999992611887911,1,0,1,0,0,cond_kinetic: measured=7.1042787801285165e-06 threshold=>=0.5; cond_strain: measured=0.99998565693959296 threshold=<=0.5; cond_mac: measured=2.1707108187000369e-15 threshold=>=0.80000000000000004,0,0,0,converged; residual=1.394596064278671e-10
inf,1000,diagnostic,22,40,13,509.888877561131,3.24681566899524e-12,3.24681566899524e-12,3.24681566899524e-12,1.40889438748501e-07,0.999995234842538,0.999999852570215,1,0,1,0,0,cond_kinetic: measured=1.4088943874850148e-07 threshold=>=0.5; cond_strain: measured=0.99999523484253772 threshold=<=0.5; cond_mac: measured=3.2468156689952443e-12 threshold=>=0.80000000000000004,0,0,0,converged; residual=9.1900008039108148e-11
inf,1000,diagnostic,22,40,14,509.888900241703,1.08956191121326e-13,1.08956191121326e-13,1.08956191121326e-13,1.24452731349271e-07,0.999995339576966,0.999999869802727,1,0,1,0,0,cond_kinetic: measured=1.2445273134927087e-07 threshold=>=0.5; cond_strain: measured=0.99999533957696563 threshold=<=0.5; cond_mac: measured=1.0895619112132557e-13 threshold=>=0.80000000000000004,0,0,0,converged; residual=7.8551297689622346e-11
inf,1000,diagnostic,22,40,15,509.888907971101,9.36186429617635e-10,9.36186429617635e-10,9.36186429617635e-10,1.42641856929869e-07,0.999995350563402,0.999999851031063,1,0,1,0,0,cond_kinetic: measured=1.4264185692986853e-07 threshold=>=0.5; cond_strain: measured=0.99999535056340227 threshold=<=0.5; cond_mac: measured=9.3618642961763459e-10 threshold=>=0.80000000000000004,0,0,0,converged; residual=8.0174456751993959e-11
inf,1000,diagnostic,22,40,16,521.925811514849,7.56643496059069e-09,7.56643496059069e-09,7.56643496059069e-09,1.50154662842887e-06,0.999995513460142,0.999998435012359,1,0,1,0,0,cond_kinetic: measured=1.501546628428869e-06 threshold=>=0.5; cond_strain: measured=0.99999551346014226 threshold=<=0.5; cond_mac: measured=7.5664349605906914e-09 threshold=>=0.80000000000000004,0,0,0,converged; residual=1.0079655609446859e-10
inf,1000,diagnostic,22,40,17,521.925865845734,3.84412926383772e-16,3.84412926383772e-16,3.84412926383772e-16,1.45162876939806e-07,0.999997139717886,0.999999848414043,1,0,1,0,0,cond_kinetic: measured=1.4516287693980639e-07 threshold=>=0.5; cond_strain: measured=0.99999713971788617 threshold=<=0.5; cond_mac: measured=3.8441292638377157e-16 threshold=>=0.80000000000000004,0,0,0,converged; residual=8.6602311319888411e-11
inf,1000,diagnostic,22,40,18,522.038688021587,2.18345639573156e-17,2.18345639573156e-17,2.18345639573156e-17,2.4760539128362e-05,0.999964742234847,0.999974267240094,1,0,1,0,0,cond_kinetic: measured=2.476053912836198e-05 threshold=>=0.5; cond_strain: measured=0.99996474223484721 threshold=<=0.5; cond_mac: measured=2.1834563957315632e-17 threshold=>=0.80000000000000004,0,0,0,converged; residual=1.6006778392102822e-10
inf,1000,diagnostic,22,40,19,522.042208909588,6.28134157041907e-18,6.28134157041907e-18,6.28134157041907e-18,2.12179321737729e-06,0.999996670283276,0.99999782540544,1,0,1,0,0,cond_kinetic: measured=2.1217932173772901e-06 threshold=>=0.5; cond_strain: measured=0.99999667028327588 threshold=<=0.5; cond_mac: measured=6.2813415704190681e-18 threshold=>=0.80000000000000004,0,0,0,converged; residual=9.8488729446051662e-11
inf,1000,diagnostic,22,40,20,563.978142551426,4.36977571611875e-10,4.36977571611875e-10,4.36977571611875e-10,8.3783771873084e-07,0.999997687910577,0.999999134385575,1,0,1,0,0,cond_kinetic: measured=8.3783771873084022e-07 threshold=>=0.5; cond_strain: measured=0.99999768791057708 threshold=<=0.5; cond_mac: measured=4.3697757161187517e-10 threshold=>=0.80000000000000004,0,0,0,converged; residual=1.0857258648407416e-10
inf,1000,diagnostic,22,40,21,563.978195780256,7.06940410344735e-19,7.06940410344735e-19,7.06940410344735e-19,2.09342851788484e-07,0.999998528084376,0.999999784067309,1,0,1,0,0,cond_kinetic: measured=2.0934285178848398e-07 threshold=>=0.5; cond_strain: measured=0.99999852808437617 threshold=<=0.5; cond_mac: measured=7.0694041034473471e-19 threshold=>=0.80000000000000004,0,0,0,converged; residual=9.76550466359352e-11
inf,1000,diagnostic,22,40,22,564.061945544052,1.2037730355375e-20,1.2037730355375e-20,1.2037730355375e-20,8.42805697369958e-08,0.999998835106808,0.999999912139157,1,0,1,0,0,cond_kinetic: measured=8.4280569736995847e-08 threshold=>=0.5; cond_strain: measured=0.99999883510680754 threshold=<=0.5; cond_mac: measured=1.2037730355374992e-20 threshold=>=0.80000000000000004,0,0,0,converged; residual=8.569031860730721e-11
inf,1000,diagnostic,22,40,23,564.061947007742,3.87094303697085e-20,3.87094303697085e-20,3.87094303697085e-20,9.96611041567881e-09,0.999998917567016,0.999999989444444,1,0,1,0,0,cond_kinetic: measured=9.9661104156788083e-09 threshold=>=0.5; cond_strain: measured=0.9999989175670162 threshold=<=0.5; cond_mac: measured=3.8709430369708488e-20 threshold=>=0.80000000000000004,0,0,0,converged; residual=9.9502015485033546e-11
inf,1000,diagnostic,22,40,24,583.323950211518,1.70018126596355e-08,1.70018126596355e-08,1.70018126596355e-08,1.06605965221741e-05,0.999985477881307,0.999988898575487,1,0,1,0,0,cond_kinetic: measured=1.0660596522174089e-05 threshold=>=0.5; cond_strain: measured=0.99998547788130676 threshold=<=0.5; cond_mac: measured=1.7001812659635535e-08 threshold=>=0.80000000000000004,0,0,0,converged; residual=8.9328658834705556e-11
inf,1000,diagnostic,22,40,25,583.324233650413,2.04817396965198e-16,2.04817396965198e-16,2.04817396965198e-16,1.59053404249143e-06,0.999996402403773,0.999998336125045,1,0,1,0,0,cond_kinetic: measured=1.5905340424914283e-06 threshold=>=0.5; cond_strain: measured=0.99999640240377252 threshold=<=0.5; cond_mac: measured=2.0481739696519796e-16 threshold=>=0.80000000000000004,0,0,0,converged; residual=7.2733439468553245e-11
inf,1000,diagnostic,22,40,26,584.058758980604,7.60814620456067e-19,7.60814620456067e-19,7.60814620456067e-19,0.0320117396975969,0.966550319828187,0.966724031023105,1,0,1,0,0,cond_kinetic: measured=0.03201173969759695 threshold=>=0.5; cond_strain: measured=0.96655031982818673 threshold=<=0.5; cond_mac: measured=7.6081462045606692e-19 threshold=>=0.80000000000000004,0,0,0,converged; residual=6.5669345211855748e-11
inf,1000,diagnostic,22,40,27,584.090327483091,4.58604770149141e-19,4.58604770149141e-19,4.58604770149141e-19,3.88264787555798e-06,0.999996931653488,0.999996018575569,1,0,1,0,0,cond_kinetic: measured=3.8826478755579779e-06 threshold=>=0.5; cond_strain: measured=0.99999693165348758 threshold=<=0.5; cond_mac: measured=4.5860477014914129e-19 threshold=>=0.80000000000000004,0,0,0,converged; residual=9.3062386147288278e-11
inf,1000,diagnostic,22,40,28,584.591842162232,4.31883057013951e-21,4.31883057013951e-21,4.31883057013951e-21,0.926262122098123,0.0340483388938058,0.0371490831569629,1,1,1,1,0,cond_mac: measured=4.3188305701395059e-21 threshold=>=0.80000000000000004,0,0,0,converged; residual=7.0484652667111763e-11
inf,1000,diagnostic,22,40,29,608.081311360994,4.12241474333304e-11,4.12241474333304e-11,4.12241474333304e-11,6.61022670231297e-06,0.999989661220384,0.999993160564162,1,0,1,0,0,cond_kinetic: measured=6.6102267023129731e-06 threshold=>=0.5; cond_strain: measured=0.9999896612203838 threshold=<=0.5; cond_mac: measured=4.1224147433330394e-11 threshold=>=0.80000000000000004,0,0,0,converged; residual=1.0060046834746887e-10
inf,1000,diagnostic,22,40,30,608.081654182404,3.67514302049803e-22,3.67514302049803e-22,3.67514302049803e-22,5.45602306646209e-07,0.999997078887153,0.999999434804568,1,0,1,0,0,cond_kinetic: measured=5.4560230664620929e-07 threshold=>=0.5; cond_strain: measured=0.99999707888715339 threshold=<=0.5; cond_mac: measured=3.675143020498035e-22 threshold=>=0.80000000000000004,0,0,0,converged; residual=9.3359568377390476e-11
inf,1000,diagnostic,22,40,31,608.30122835594,1.06694844518576e-21,1.06694844518576e-21,1.06694844518576e-21,1.10653180805279e-07,0.999997519276133,0.999999882537715,1,0,1,0,0,cond_kinetic: measured=1.1065318080527863e-07 threshold=>=0.5; cond_strain: measured=0.99999751927613312 threshold=<=0.5; cond_mac: measured=1.066948445185758e-21 threshold=>=0.80000000000000004,0,0,0,converged; residual=9.3352087766290196e-11
inf,1000,diagnostic,22,40,32,608.304117234046,4.36230357179277e-22,4.36230357179277e-22,4.36230357179277e-22,0.000117764011711591,0.999884359461065,0.999877616886547,1,0,1,0,0,cond_kinetic: measured=0.00011776401171159061 threshold=>=0.5; cond_strain: measured=0.9998843594610648 threshold=<=0.5; cond_mac: measured=4.3623035717927692e-22 threshold=>=0.80000000000000004,0,0,0,converged; residual=1.3698017835533209e-10
inf,1000,diagnostic,22,40,33,617.737243092628,5.24885773925414e-12,5.24885773925414e-12,5.24885773925414e-12,8.3410038322862e-06,0.999988839798647,0.999991391859451,1,0,1,0,0,cond_kinetic: measured=8.3410038322862037e-06 threshold=>=0.5; cond_strain: measured=0.99998883979864683 threshold=<=0.5; cond_mac: measured=5.2488577392541421e-12 threshold=>=0.80000000000000004,0,0,0,converged; residual=1.0065012617770917e-10
inf,1000,diagnostic,22,40,34,617.737666763043,1.20941123611815e-22,1.20941123611815e-22,1.20941123611815e-22,4.92186156472357e-07,0.999998331226538,0.999999493329656,1,0,1,0,0,cond_kinetic: measured=4.9218615647235745e-07 threshold=>=0.5; cond_strain: measured=0.99999833122653803 threshold=<=0.5; cond_mac: measured=1.209411236118147e-22 threshold=>=0.80000000000000004,0,0,0,converged; residual=9.8491793126885391e-11
inf,1000,diagnostic,22,40,35,618.719688445316,1.33979054334022e-22,1.33979054334022e-22,1.33979054334022e-22,1.56652512995847e-07,0.999998283426852,0.999999838919997,1,0,1,0,0,cond_kinetic: measured=1.5665251299584734e-07 threshold=>=0.5; cond_strain: measured=0.99999828342685204 threshold=<=0.5; cond_mac: measured=1.3397905433402186e-22 threshold=>=0.80000000000000004,0,0,0,converged; residual=9.3668791377944578e-11
inf,1000,diagnostic,22,40,36,618.720590241581,3.7835378162969e-23,3.7835378162969e-23,3.7835378162969e-23,2.8212689712508e-05,0.999971945751754,0.999970683792085,1,0,1,0,0,cond_kinetic: measured=2.8212689712508017e-05 threshold=>=0.5; cond_strain: measured=0.99997194575175441 threshold=<=0.5; cond_mac: measured=3.7835378162969024e-23 threshold=>=0.80000000000000004,0,0,0,converged; residual=1.4211584968413448e-10
inf,1000,diagnostic,22,40,37,621.403000378714,1.20059212126744e-11,1.20059212126744e-11,1.20059212126744e-11,5.59979932594105e-07,0.999998066354362,0.999999415895065,1,0,1,0,0,cond_kinetic: measured=5.5997993259410497e-07 threshold=>=0.5; cond_strain: measured=0.99999806635436161 threshold=<=0.5; cond_mac: measured=1.2005921212674435e-11 threshold=>=0.80000000000000004,0,0,0,converged; residual=1.0864783636217993e-10
inf,1000,diagnostic,22,40,38,621.403014001883,3.88002290955883e-22,3.88002290955883e-22,3.88002290955883e-22,1.01888450356129e-07,0.999998586926905,0.999999891301944,1,0,1,0,0,cond_kinetic: measured=1.0188845035612907e-07 threshold=>=0.5; cond_strain: measured=0.99999858692690458 threshold=<=0.5; cond_mac: measured=3.8800229095588345e-22 threshold=>=0.80000000000000004,0,0,0,converged; residual=1.091204702868375e-10
inf,1000,diagnostic,22,40,39,621.40310082124,3.26393269613895e-17,3.26393269613895e-17,3.26393269613895e-17,6.08606891514577e-09,0.999998968546558,0.999999993310033,1,0,1,0,0,cond_kinetic: measured=6.0860689151457708e-09 threshold=>=0.5; cond_strain: measured=0.99999896854655768 threshold=<=0.5; cond_mac: measured=3.2639326961389535e-17 threshold=>=0.80000000000000004,0,0,0,converged; residual=1.0713526443481533e-10
inf,1000,diagnostic,22,40,40,621.40318654909,5.40773021332922e-18,5.40773021332922e-18,5.40773021332922e-18,2.27783301774984e-06,0.999996874621918,0.999997631297937,1,0,1,0,0,cond_kinetic: measured=2.2778330177498421e-06 threshold=>=0.5; cond_strain: measured=0.99999687462191778 threshold=<=0.5; cond_mac: measured=5.4077302133292211e-18 threshold=>=0.80000000000000004,0,0,0,converged; residual=1.0916756761894772e-10
inf,1200,diagnostic,23,40,1,159.569940338889,0.999627832511296,0.999627832511296,0.999627832511296,0.966190276553397,2.11552573981379e-05,0.00286495404085839,1,1,1,1,1,,1,1,0,converged; residual=2.7095906604024697e-10
inf,1200,diagnostic,23,40,2,226.812357588189,3.91111054215157e-24,3.91111054215157e-24,3.91111054215157e-24,0.962456765664992,0.000152518754260513,0.00343422396587486,1,1,1,1,0,cond_mac: measured=3.9111105421515712e-24 threshold=>=0.80000000000000004,0,0,0,converged; residual=1.3486148153858824e-10
inf,1200,diagnostic,23,40,3,311.304315230538,8.02901405540432e-21,8.02901405540432e-21,8.02901405540432e-21,0.973389713169382,0.000986637133996964,0.00177994694689166,1,1,1,1,0,cond_mac: measured=8.0290140554043172e-21 threshold=>=0.80000000000000004,0,0,0,converged; residual=7.9978633721749966e-11
inf,1200,diagnostic,23,40,4,432.771778330758,1.45635908210501e-14,1.45635908210501e-14,1.45635908210501e-14,2.61112903072826e-06,0.999993025648462,0.999997287665497,1,0,1,0,0,cond_kinetic: measured=2.6111290307282602e-06 threshold=>=0.5; cond_strain: measured=0.99999302564846215 threshold=<=0.5; cond_mac: measured=1.4563590821050107e-14 threshold=>=0.80000000000000004,0,0,0,converged; residual=2.3747574168899894e-10
inf,1200,diagnostic,23,40,5,432.774909673622,1.00221110740924e-08,1.00221110740924e-08,1.00221110740924e-08,7.42610538530741e-07,0.999996831361796,0.999999226916959,1,0,1,0,0,cond_kinetic: measured=7.4261053853074068e-07 threshold=>=0.5; cond_strain: measured=0.99999683136179551 threshold=<=0.5; cond_mac: measured=1.0022111074092438e-08 threshold=>=0.80000000000000004,0,0,0,converged; residual=1.4194470202407162e-10
inf,1200,diagnostic,23,40,6,432.775282148136,3.48530458338856e-18,3.48530458338856e-18,3.48530458338856e-18,2.17415543552167e-08,0.999997812786725,0.999999977051628,1,0,1,0,0,cond_kinetic: measured=2.1741554355216657e-08 threshold=>=0.5; cond_strain: measured=0.9999978127867245 threshold=<=0.5; cond_mac: measured=3.4853045833885584e-18 threshold=>=0.80000000000000004,0,0,0,converged; residual=1.3773340829603463e-10
inf,1200,diagnostic,23,40,7,432.800522775811,2.82792190597455e-17,2.82792190597455e-17,2.82792190597455e-17,3.7094101119924e-06,0.999995995183084,0.999996197272245,1,0,1,0,0,cond_kinetic: measured=3.7094101119923969e-06 threshold=>=0.5; cond_strain: measured=0.99999599518308435 threshold=<=0.5; cond_mac: measured=2.8279219059745482e-17 threshold=>=0.80000000000000004,0,0,0,converged; residual=1.748303227696245e-10
inf,1200,diagnostic,23,40,8,496.073186176641,1.37923330666538e-14,1.37923330666538e-14,1.37923330666538e-14,2.62767131262352e-07,0.999997481490006,0.999999726184524,1,0,1,0,0,cond_kinetic: measured=2.6276713126235214e-07 threshold=>=0.5; cond_strain: measured=0.99999748149000633 threshold=<=0.5; cond_mac: measured=1.3792333066653821e-14 threshold=>=0.80000000000000004,0,0,0,converged; residual=1.0989295586419972e-10
inf,1200,diagnostic,23,40,9,496.073211439466,6.11537600607237e-09,6.11537600607237e-09,6.11537600607237e-09,4.94906572839532e-07,0.999997340028679,0.999999483948053,1,0,1,0,0,cond_kinetic: measured=4.9490657283953229e-07 threshold=>=0.5; cond_strain: measured=0.99999734002867946 threshold=<=0.5; cond_mac: measured=6.1153760060723697e-09 threshold=>=0.80000000000000004,0,0,0,converged; residual=1.2881016373564539e-10
inf,1200,diagnostic,23,40,10,496.274041507328,5.25268803876453e-18,5.25268803876453e-18,5.25268803876453e-18,9.32341411161729e-06,0.999983902459753,0.999990316978659,1,0,1,0,0,cond_kinetic: measured=9.3234141116172918e-06 threshold=>=0.5; cond_strain: measured=0.99998390245975277 threshold=<=0.5; cond_mac: measured=5.2526880387645327e-18 threshold=>=0.80000000000000004,0,0,0,converged; residual=1.9759162643943953e-10
inf,1200,diagnostic,23,40,11,496.275622648706,3.23684658424784e-19,3.23684658424784e-19,3.23684658424784e-19,1.70944522620665e-06,0.999996911403407,0.999998246868562,1,0,1,0,0,cond_kinetic: measured=1.7094452262066492e-06 threshold=>=0.5; cond_strain: measured=0.99999691140340685 threshold=<=0.5; cond_mac: measured=3.2368465842478396e-19 threshold=>=0.80000000000000004,0,0,0,converged; residual=1.1220602491035101e-10
inf,1200,diagnostic,23,40,12,505.739065981933,6.43571908582398e-15,6.43571908582398e-15,6.43571908582398e-15,6.34032634151396e-06,0.999986651920824,0.999993409004982,1,0,1,0,0,cond_kinetic: measured=6.3403263415139625e-06 threshold=>=0.5; cond_strain: measured=0.99998665192082448 threshold=<=0.5; cond_mac: measured=6.4357190858239792e-15 threshold=>=0.80000000000000004,0,0,0,converged; residual=1.4710761682914187e-10
inf,1200,diagnostic,23,40,13,505.739618984823,3.04266015185726e-13,3.04266015185726e-13,3.04266015185726e-13,1.39323321471132e-07,0.99999530886774,0.999999854258138,1,0,1,0,0,cond_kinetic: measured=1.3932332147113186e-07 threshold=>=0.5; cond_strain: measured=0.99999530886773969 threshold=<=0.5; cond_mac: measured=3.0426601518572574e-13 threshold=>=0.80000000000000004,0,0,0,converged; residual=1.0043468072217152e-10
inf,1200,diagnostic,23,40,14,505.739641389292,1.32763477660962e-14,1.32763477660962e-14,1.32763477660962e-14,1.19257269858399e-07,0.999995416724665,0.99999987519748,1,0,1,0,0,cond_kinetic: measured=1.1925726985839893e-07 threshold=>=0.5; cond_strain: measured=0.99999541672466463 threshold=<=0.5; cond_mac: measured=1.3276347766096208e-14 threshold=>=0.80000000000000004,0,0,0,converged; residual=7.6133590237568086e-11
inf,1200,diagnostic,23,40,15,505.739648866826,9.34031055876806e-10,9.34031055876806e-10,9.34031055876806e-10,1.33108858393038e-07,0.999995432695613,0.999999860931648,1,0,1,0,0,cond_kinetic: measured=1.3310885839303847e-07 threshold=>=0.5; cond_strain: measured=0.99999543269561286 threshold=<=0.5; cond_mac: measured=9.3403105587680584e-10 threshold=>=0.80000000000000004,0,0,0,converged; residual=8.1905702175704502e-11
inf,1200,diagnostic,23,40,16,540.316704594652,7.53492566046062e-09,7.53492566046062e-09,7.53492566046062e-09,2.03745029418103e-06,0.999994655801328,0.999997878951125,1,0,1,0,0,cond_kinetic: measured=2.0374502941810328e-06 threshold=>=0.5; cond_strain: measured=0.99999465580132774 threshold=<=0.5; cond_mac: measured=7.5349256604606249e-09 threshold=>=0.80000000000000004,0,0,0,converged; residual=9.4292048994180531e-11
inf,1200,diagnostic,23,40,17,540.3167943194,2.43359257590714e-15,2.43359257590714e-15,2.43359257590714e-15,1.60850760127272e-07,0.999996948076054,0.999999832069276,1,0,1,0,0,cond_kinetic: measured=1.6085076012727183e-07 threshold=>=0.5; cond_strain: measured=0.99999694807605377 threshold=<=0.5; cond_mac: measured=2.4335925759071424e-15 threshold=>=0.80000000000000004,0,0,0,converged; residual=6.7183189495724113e-11
inf,1200,diagnostic,23,40,18,540.424941058247,3.6610377213807e-17,3.6610377213807e-17,3.6610377213807e-17,5.71754948408601e-05,0.999927193616972,0.999940610543719,1,0,1,0,0,cond_kinetic: measured=5.7175494840860129e-05 threshold=>=0.5; cond_strain: measured=0.99992719361697169 threshold=<=0.5; cond_mac: measured=3.6610377213806969e-17 threshold=>=0.80000000000000004,0,0,0,converged; residual=1.5343705116342375e-10
inf,1200,diagnostic,23,40,19,540.429394974361,2.23985088018895e-18,2.23985088018895e-18,2.23985088018895e-18,2.11635105658779e-06,0.999996555230095,0.999997829992581,1,0,1,0,0,cond_kinetic: measured=2.1163510565877867e-06 threshold=>=0.5; cond_strain: measured=0.99999655523009456 threshold=<=0.5; cond_mac: measured=2.2398508801889462e-18 threshold=>=0.80000000000000004,0,0,0,converged; residual=9.4037648592981009e-11
inf,1200,diagnostic,23,40,20,561.495030674579,4.70367331940119e-10,4.70367331940119e-10,4.70367331940119e-10,8.07031634721077e-07,0.99999772242162,0.999999166140987,1,0,1,0,0,cond_kinetic: measured=8.070316347210775e-07 threshold=>=0.5; cond_strain: measured=0.99999772242161955 threshold=<=0.5; cond_mac: measured=4.7036733194011852e-10 threshold=>=0.80000000000000004,0,0,0,converged; residual=1.0139506942203546e-10
inf,1200,diagnostic,23,40,21,561.49508388929,8.4155841860543e-19,8.4155841860543e-19,8.4155841860543e-19,2.17510095760406e-07,0.999998522976627,0.999999775517247,1,0,1,0,0,cond_kinetic: measured=2.1751009576040614e-07 threshold=>=0.5; cond_strain: measured=0.99999852297662706 threshold=<=0.5; cond_mac: measured=8.4155841860542978e-19 threshold=>=0.80000000000000004,0,0,0,converged; residual=9.3418670607861809e-11
inf,1200,diagnostic,23,40,22,561.583930279837,1.22382637181466e-20,1.22382637181466e-20,1.22382637181466e-20,2.4346690479213e-07,0.999998661347634,0.999999746713564,1,0,1,0,0,cond_kinetic: measured=2.434669047921298e-07 threshold=>=0.5; cond_strain: measured=0.99999866134763449 threshold=<=0.5; cond_mac: measured=1.2238263718146564e-20 threshold=>=0.80000000000000004,0,0,0,converged; residual=7.9735742060197447e-11
inf,1200,diagnostic,23,40,23,561.583935470379,1.24933320462242e-21,1.24933320462242e-21,1.24933320462242e-21,9.84154412272102e-09,0.999998923031461,0.99999998957261,1,0,1,0,0,cond_kinetic: measured=9.8415441227210185e-09 threshold=>=0.5; cond_strain: measured=0.99999892303146076 threshold=<=0.5; cond_mac: measured=1.2493332046224211e-21 threshold=>=0.80000000000000004,0,0,0,converged; residual=1.1624355853725585e-10
inf,1200,diagnostic,23,40,24,584.257248605699,8.55250316960383e-22,8.55250316960383e-22,8.55250316960383e-22,0.958440577300289,0.000733064664259576,0.00428298356098985,1,1,1,1,0,cond_mac: measured=8.5525031696038305e-22 threshold=>=0.80000000000000004,0,0,0,converged; residual=6.3897055978089136e-11
inf,1200,diagnostic,23,40,25,604.062952697235,1.61788540455977e-11,1.61788540455977e-11,1.61788540455977e-11,5.24790049783559e-06,0.999991363711481,0.999994569292142,1,0,1,0,0,cond_kinetic: measured=5.2479004978355876e-06 threshold=>=0.5; cond_strain: measured=0.99999136371148056 threshold=<=0.5; cond_mac: measured=1.6178854045597659e-11 threshold=>=0.80000000000000004,0,0,0,converged; residual=9.0481050186082711e-11
inf,1200,diagnostic,23,40,26,604.06325332381,1.19552262195049e-21,1.19552262195049e-21,1.19552262195049e-21,5.42497454463378e-07,0.999997240942314,0.999999437417755,1,0,1,0,0,cond_kinetic: measured=5.4249745446337792e-07 threshold=>=0.5; cond_strain: measured=0.99999724094231446 threshold=<=0.5; cond_mac: measured=1.1955226219504909e-21 threshold=>=0.80000000000000004,0,0,0,converged; residual=9.5099290680879223e-11
inf,1200,diagnostic,23,40,27,604.245154204149,3.67129245222505e-22,3.67129245222505e-22,3.67129245222505e-22,1.13874921298593e-07,0.999997681453363,0.999999879199402,1,0,1,0,0,cond_kinetic: measured=1.1387492129859331e-07 threshold=>=0.5; cond_strain: measured=0.99999768145336287 threshold=<=0.5; cond_mac: measured=3.6712924522250464e-22 threshold=>=0.80000000000000004,0,0,0,converged; residual=9.1256457185557e-11
inf,1200,diagnostic,23,40,28,604.248639337799,1.08325068487326e-21,1.08325068487326e-21,1.08325068487326e-21,0.000168246806907666,0.999833977182768,0.999825253210814,1,0,1,0,0,cond_kinetic: measured=0.00016824680690766554 threshold=>=0.5; cond_strain: measured=0.99983397718276845 threshold=<=0.5; cond_mac: measured=1.0832506848732592e-21 threshold=>=0.80000000000000004,0,0,0,converged; residual=1.2914141240268682e-10
inf,1200,diagnostic,23,40,29,605.591968873924,1.7321654126083e-08,1.7321654126083e-08,1.7321654126083e-08,1.81026967647946e-05,0.999976747824916,0.999981182007942,1,0,1,0,0,cond_kinetic: measured=1.8102696764794597e-05 threshold=>=0.5; cond_strain: measured=0.99997674782491619 threshold=<=0.5; cond_mac: measured=1.7321654126083002e-08 threshold=>=0.80000000000000004,0,0,0,converged; residual=7.8484745025105929e-11
inf,1200,diagnostic,23,40,30,605.592507699494,5.00332091483436e-18,5.00332091483436e-18,5.00332091483436e-18,1.70743654066624e-06,0.999996050955121,0.999998214987319,1,0,1,0,0,cond_kinetic: measured=1.7074365406662377e-06 threshold=>=0.5; cond_strain: measured=0.99999605095512123 threshold=<=0.5; cond_mac: measured=5.003320914834364e-18 threshold=>=0.80000000000000004,0,0,0,converged; residual=7.6739900282146284e-11
inf,1200,diagnostic,23,40,31,606.2750108188,1.42708902300672e-18,1.42708902300672e-18,1.42708902300672e-18,3.62252394467035e-05,0.999958194026857,0.999962461765755,1,0,1,0,0,cond_kinetic: measured=3.6225239446703472e-05 threshold=>=0.5; cond_strain: measured=0.99995819402685748 threshold=<=0.5; cond_mac: measured=1.4270890230067235e-18 threshold=>=0.80000000000000004,0,0,0,converged; residual=1.0142427473295902e-10
inf,1200,diagnostic,23,40,32,606.287182800249,1.86728364801118e-19,1.86728364801118e-19,1.86728364801118e-19,3.54463282001307e-06,0.9999969731668,0.999996363382478,1,0,1,0,0,cond_kinetic: measured=3.5446328200130659e-06 threshold=>=0.5; cond_strain: measured=0.9999969731667997 threshold=<=0.5; cond_mac: measured=1.8672836480111826e-19 threshold=>=0.80000000000000004,0,0,0,converged; residual=7.3219213199185206e-11
inf,1200,diagnostic,23,40,33,617.204521786459,3.10517890804113e-11,3.10517890804113e-11,3.10517890804113e-11,5.87004143273554e-06,0.999991394326831,0.999993943288406,1,0,1,0,0,cond_kinetic: measured=5.8700414327355364e-06 threshold=>=0.5; cond_strain: measured=0.99999139432683071 threshold=<=0.5; cond_mac: measured=3.1051789080411265e-11 threshold=>=0.80000000000000004,0,0,0,converged; residual=1.1300086038477158e-10
inf,1200,diagnostic,23,40,34,617.204838763022,4.29113942780016e-19,4.29113942780016e-19,4.29113942780016e-19,4.08628108019964e-07,0.999998069197321,0.9999995790241,1,0,1,0,0,cond_kinetic: measured=4.0862810801996419e-07 threshold=>=0.5; cond_strain: measured=0.99999806919732082 threshold=<=0.5; cond_mac: measured=4.2911394278001632e-19 threshold=>=0.80000000000000004,0,0,0,converged; residual=1.0484752084693471e-10
inf,1200,diagnostic,23,40,35,621.214512685151,1.53054536670445e-11,1.53054536670445e-11,1.53054536670445e-11,5.0487578871324e-07,0.999998151671537,0.999999473112195,1,0,1,0,0,cond_kinetic: measured=5.0487578871324015e-07 threshold=>=0.5; cond_strain: measured=0.99999815167153727 threshold=<=0.5; cond_mac: measured=1.5305453667044474e-11 threshold=>=0.80000000000000004,0,0,0,converged; residual=1.1893869333636544e-10
inf,1200,diagnostic,23,40,36,621.21452516028,5.4135956768972e-22,5.4135956768972e-22,5.4135956768972e-22,1.01064966320061e-07,0.99999861215017,0.999999892197004,1,0,1,0,0,cond_kinetic: measured=1.01064966320061e-07 threshold=>=0.5; cond_strain: measured=0.99999861215016983 threshold=<=0.5; cond_mac: measured=5.4135956768971952e-22 threshold=>=0.80000000000000004,0,0,0,converged; residual=1.25927362813769e-10
inf,1200,diagnostic,23,40,37,621.214611334855,3.0045921385882e-18,3.0045921385882e-18,3.0045921385882e-18,6.0122621663968e-09,0.999998990999598,0.999999993400806,1,0,1,0,0,cond_kinetic: measured=6.0122621663967996e-09 threshold=>=0.5; cond_strain: measured=0.99999899099959766 threshold=<=0.5; cond_mac: measured=3.0045921385882023e-18 threshold=>=0.80000000000000004,0,0,0,converged; residual=1.2120439074189074e-10
inf,1200,diagnostic,23,40,38,621.214695295202,1.57000366446201e-18,1.57000366446201e-18,1.57000366446201e-18,2.22113447336258e-06,0.999996951142743,0.99999769163173,1,0,1,0,0,cond_kinetic: measured=2.2211344733625752e-06 threshold=>=0.5; cond_strain: measured=0.99999695114274267 threshold=<=0.5; cond_mac: measured=1.5700036644620134e-18 threshold=>=0.80000000000000004,0,0,0,converged; residual=1.2689794595067663e-10
inf,1200,diagnostic,23,40,39,627.810334878311,1.47958478040422e-11,1.47958478040422e-11,1.47958478040422e-11,2.65828347094125e-08,0.999998612135565,0.999999972027706,1,0,1,0,0,cond_kinetic: measured=2.6582834709412527e-08 threshold=>=0.5; cond_strain: measured=0.9999986121355654 threshold=<=0.5; cond_mac: measured=1.4795847804042151e-11 threshold=>=0.80000000000000004,0,0,0,converged; residual=9.9428723664281497e-11
inf,1200,diagnostic,23,40,40,627.810335102988,2.72696320635454e-15,2.72696320635454e-15,2.72696320635454e-15,1.12399667868721e-08,0.999998628734346,0.999999987862166,1,0,1,0,0,cond_kinetic: measured=1.1239966786872091e-08 threshold=>=0.5; cond_strain: measured=0.9999986287343462 threshold=<=0.5; cond_mac: measured=2.726963206354536e-15 threshold=>=0.80000000000000004,0,0,0,converged; residual=2.3199258958241216e-10
inf,1600,diagnostic,24,40,1,159.570492299769,0.999629059193319,0.999629059193319,0.999629059193319,0.965325240392094,1.94646729721658e-05,0.00276227551324015,1,1,1,1,1,,1,1,0,converged; residual=2.7394324081943675e-10
inf,1600,diagnostic,24,40,2,226.96725876131,1.89366676021542e-25,1.89366676021542e-25,1.89366676021542e-25,0.961256161317976,0.000151906943437459,0.00328824793585774,1,1,1,1,0,cond_mac: measured=1.8936667602154228e-25 threshold=>=0.80000000000000004,0,0,0,converged; residual=1.3445051111070239e-10
inf,1600,diagnostic,24,40,3,311.727155975463,1.51618926460928e-22,1.51618926460928e-22,1.51618926460928e-22,0.973186275612812,0.000693758084221325,0.00175122941213638,1,1,1,1,0,cond_mac: measured=1.5161892646092821e-22 threshold=>=0.80000000000000004,0,0,0,converged; residual=7.768333331464242e-11
inf,1600,diagnostic,24,40,4,431.778925240859,4.81703440318148e-16,4.81703440318148e-16,4.81703440318148e-16,1.09338667640678e-06,0.999994654400626,0.999998861342167,1,0,1,0,0,cond_kinetic: measured=1.0933866764067822e-06 threshold=>=0.5; cond_strain: measured=0.99999465440062596 threshold=<=0.5; cond_mac: measured=4.8170344031814838e-16 threshold=>=0.80000000000000004,0,0,0,converged; residual=2.0423006869951055e-10
inf,1600,diagnostic,24,40,5,431.779119150124,1.56323719328673e-13,1.56323719328673e-13,1.56323719328673e-13,1.06618279033868e-07,0.999996584559363,0.999999889144551,1,0,1,0,0,cond_kinetic: measured=1.0661827903386797e-07 threshold=>=0.5; cond_strain: measured=0.99999658455936269 threshold=<=0.5; cond_mac: measured=1.5632371932867308e-13 threshold=>=0.80000000000000004,0,0,0,converged; residual=1.5240327199436123e-10
inf,1600,diagnostic,24,40,6,431.779133879359,1.27295398772672e-14,1.27295398772672e-14,1.27295398772672e-14,4.42363896112861e-08,0.999996717040895,0.999999953319332,1,0,1,0,0,cond_kinetic: measured=4.4236389611286137e-08 threshold=>=0.5; cond_strain: measured=0.99999671704089466 threshold=<=0.5; cond_mac: measured=1.2729539877267246e-14 threshold=>=0.80000000000000004,0,0,0,converged; residual=1.2090782560636418e-10
inf,1600,diagnostic,24,40,7,431.779138110942,7.90453159056097e-10,7.90453159056097e-10,7.90453159056097e-10,3.87817623344324e-08,0.999996742347913,0.999999959014034,1,0,1,0,0,cond_kinetic: measured=3.8781762334432364e-08 threshold=>=0.5; cond_strain: measured=0.9999967423479128 threshold=<=0.5; cond_mac: measured=7.9045315905609687e-10 threshold=>=0.80000000000000004,0,0,0,converged; residual=1.2681157008601323e-10
inf,1600,diagnostic,24,40,8,435.35593008838,4.73705061587922e-15,4.73705061587922e-15,4.73705061587922e-15,2.75722708716914e-06,0.999992783522158,0.999997132509687,1,0,1,0,0,cond_kinetic: measured=2.7572270871691433e-06 threshold=>=0.5; cond_strain: measured=0.99999278352215848 threshold=<=0.5; cond_mac: measured=4.7370506158792176e-15 threshold=>=0.80000000000000004,0,0,0,converged; residual=2.2569569767646657e-10
inf,1600,diagnostic,24,40,9,435.357028164468,9.96427636576929e-09,9.96427636576929e-09,9.96427636576929e-09,7.66017653962843e-07,0.999996772552504,0.999999201333173,1,0,1,0,0,cond_kinetic: measured=7.660176539628425e-07 threshold=>=0.5; cond_strain: measured=0.99999677255250408 threshold=<=0.5; cond_mac: measured=9.9642763657692888e-09 threshold=>=0.80000000000000004,0,0,0,converged; residual=1.2517944808115714e-10
inf,1600,diagnostic,24,40,10,435.357399033941,2.20573954253811e-17,2.20573954253811e-17,2.20573954253811e-17,2.18648217267643e-08,0.999997790766061,0.999999976910553,1,0,1,0,0,cond_kinetic: measured=2.1864821726764294e-08 threshold=>=0.5; cond_strain: measured=0.99999779076606055 threshold=<=0.5; cond_mac: measured=2.2057395425381113e-17 threshold=>=0.80000000000000004,0,0,0,converged; residual=1.2408105977068461e-10
inf,1600,diagnostic,24,40,11,435.384245001871,6.60859502942656e-19,6.60859502942656e-19,6.60859502942656e-19,3.6835489316565e-06,0.999996006380736,0.999996222858399,1,0,1,0,0,cond_kinetic: measured=3.6835489316564951e-06 threshold=>=0.5; cond_strain: measured=0.99999600638073571 threshold=<=0.5; cond_mac: measured=6.6085950294265611e-19 threshold=>=0.80000000000000004,0,0,0,converged; residual=1.5492720407784632e-10
inf,1600,diagnostic,24,40,12,498.565410315507,3.75009663408163e-16,3.75009663408163e-16,3.75009663408163e-16,2.65943608795031e-07,0.999997411917432,0.999999722403566,1,0,1,0,0,cond_kinetic: measured=2.6594360879503134e-07 threshold=>=0.5; cond_strain: measured=0.99999741191743186 threshold=<=0.5; cond_mac: measured=3.7500966340816252e-16 threshold=>=0.80000000000000004,0,0,0,converged; residual=1.1622842645174603e-10
inf,1600,diagnostic,24,40,13,498.565435497001,6.05248873125885e-09,6.05248873125885e-09,6.05248873125885e-09,5.01602719041359e-07,0.999997265521764,0.999999476056999,1,0,1,0,0,cond_kinetic: measured=5.0160271904135862e-07 threshold=>=0.5; cond_strain: measured=0.99999726552176393 threshold=<=0.5; cond_mac: measured=6.0524887312588506e-09 threshold=>=0.80000000000000004,0,0,0,converged; residual=1.2262509892383369e-10
inf,1600,diagnostic,24,40,14,498.770796407901,2.14550823232066e-19,2.14550823232066e-19,2.14550823232066e-19,9.9499875330182e-06,0.999983039544168,0.999989652850488,1,0,1,0,0,cond_kinetic: measured=9.9499875330181951e-06 threshold=>=0.5; cond_strain: measured=0.99998303954416756 threshold=<=0.5; cond_mac: measured=2.1455082323206575e-19 threshold=>=0.80000000000000004,0,0,0,converged; residual=2.0347260667107513e-10
inf,1600,diagnostic,24,40,15,498.772408964565,5.52406184763851e-21,5.52406184763851e-21,5.52406184763851e-21,1.70060226208233e-06,0.999996850001309,0.999998255616546,1,0,1,0,0,cond_kinetic: measured=1.7006022620823331e-06 threshold=>=0.5; cond_strain: measured=0.99999685000130922 threshold=<=0.5; cond_mac: measured=5.5240618476385123e-21 threshold=>=0.80000000000000004,0,0,0,converged; residual=1.2214257926990017e-10
inf,1600,diagnostic,24,40,16,543.950871298839,7.53265020359454e-09,7.53265020359454e-09,7.53265020359454e-09,2.16754869514342e-06,0.999994452712642,0.999997740670211,1,0,1,0,0,cond_kinetic: measured=2.167548695143421e-06 threshold=>=0.5; cond_strain: measured=0.9999944527126422 threshold=<=0.5; cond_mac: measured=7.5326502035945445e-09 threshold=>=0.80000000000000004,0,0,0,converged; residual=1.0214783920324549e-10
inf,1600,diagnostic,24,40,17,543.950969523061,6.52410874849096e-18,6.52410874849096e-18,6.52410874849096e-18,1.63850523701495e-07,0.999996909205454,0.999999828670943,1,0,1,0,0,cond_kinetic: measured=1.6385052370149513e-07 threshold=>=0.5; cond_strain: measured=0.99999690920545403 threshold=<=0.5; cond_mac: measured=6.5241087484909559e-18 threshold=>=0.80000000000000004,0,0,0,converged; residual=7.16420794829185e-11
inf,1600,diagnostic,24,40,18,544.058095276741,1.49586246508159e-18,1.49586246508159e-18,1.49586246508159e-18,6.93229577303968e-05,0.999913343203206,0.999927902656109,1,0,1,0,0,cond_kinetic: measured=6.9322957730396818e-05 threshold=>=0.5; cond_strain: measured=0.99991334320320624 threshold=<=0.5; cond_mac: measured=1.4958624650815929e-18 threshold=>=0.80000000000000004,0,0,0,converged; residual=1.4517790923254403e-10
inf,1600,diagnostic,24,40,19,544.06284115343,4.29601971352911e-20,4.29601971352911e-20,4.29601971352911e-20,2.11627690146797e-06,0.999996530388375,0.999997829608964,1,0,1,0,0,cond_kinetic: measured=2.1162769014679742e-06 threshold=>=0.5; cond_strain: measured=0.99999653038837499 threshold=<=0.5; cond_mac: measured=4.2960197135291111e-20 threshold=>=0.80000000000000004,0,0,0,converged; residual=8.5523699568860743e-11
inf,1600,diagnostic,24,40,20,560.255510516128,4.84060525904111e-10,4.84060525904111e-10,4.84060525904111e-10,7.96480147962745e-07,0.999997737643178,0.999999176886873,1,0,1,0,0,cond_kinetic: measured=7.9648014796274548e-07 threshold=>=0.5; cond_strain: measured=0.99999773764317779 threshold=<=0.5; cond_mac: measured=4.8406052590411145e-10 threshold=>=0.80000000000000004,0,0,0,converged; residual=1.1350191549675772e-10
inf,1600,diagnostic,24,40,21,560.255563847785,7.77568686625429e-18,7.77568686625429e-18,7.77568686625429e-18,2.2034268870596e-07,0.999998525254951,0.999999772464246,1,0,1,0,0,cond_kinetic: measured=2.2034268870595973e-07 threshold=>=0.5; cond_strain: measured=0.9999985252549507 threshold=<=0.5; cond_mac: measured=7.7756868662542861e-18 threshold=>=0.80000000000000004,0,0,0,converged; residual=1.0483942346317015e-10
inf,1600,diagnostic,24,40,22,560.347047316354,7.92753286671405e-22,7.92753286671405e-22,7.92753286671405e-22,3.15279008135948e-07,0.999998584268216,0.999999671700133,1,0,1,0,0,cond_kinetic: measured=3.152790081359481e-07 threshold=>=0.5; cond_strain: measured=0.99999858426821564 threshold=<=0.5; cond_mac: measured=7.9275328667140526e-22 threshold=>=0.80000000000000004,0,0,0,converged; residual=8.6943724894500917e-11
inf,1600,diagnostic,24,40,23,560.347054553532,1.27538224666456e-21,1.27538224666456e-21,1.27538224666456e-21,9.72722515504201e-09,0.99999892861852,0.999999989691159,1,0,1,0,0,cond_kinetic: measured=9.7272251550420065e-09 threshold=>=0.5; cond_strain: measured=0.99999892861851969 threshold=<=0.5; cond_mac: measured=1.2753822466645617e-21 threshold=>=0.80000000000000004,0,0,0,converged; residual=1.2244198560664772e-10
inf,1600,diagnostic,24,40,24,584.321527331407,3.58568341772362e-23,3.58568341772362e-23,3.58568341772362e-23,0.957303257998225,0.000788555028700172,0.00427311888158685,1,1,1,1,0,cond_mac: measured=3.5856834177236232e-23 threshold=>=0.80000000000000004,0,0,0,converged; residual=6.4798005386895718e-11
inf,1600,diagnostic,24,40,25,601.884016695642,9.22930193752198e-12,9.22930193752198e-12,9.22930193752198e-12,4.6126893907921e-06,0.999992200936628,0.999995224596469,1,0,1,0,0,cond_kinetic: measured=4.6126893907921009e-06 threshold=>=0.5; cond_strain: measured=0.99999220093662766 threshold=<=0.5; cond_mac: measured=9.2293019375219766e-12 threshold=>=0.80000000000000004,0,0,0,converged; residual=9.993856486525123e-11
inf,1600,diagnostic,24,40,26,601.884291857394,6.11717950760678e-21,6.11717950760678e-21,6.11717950760678e-21,5.22318661953122e-07,0.999997359809157,0.999999457815659,1,0,1,0,0,cond_kinetic: measured=5.223186619531217e-07 threshold=>=0.5; cond_strain: measured=0.99999735980915727 threshold=<=0.5; cond_mac: measured=6.1171795076067817e-21 threshold=>=0.80000000000000004,0,0,0,converged; residual=9.4824795153721705e-11
inf,1600,diagnostic,24,40,27,602.046914638417,4.9060996453258e-24,4.9060996453258e-24,4.9060996453258e-24,1.10958013886997e-07,0.999997783226785,0.99999988223337,1,0,1,0,0,cond_kinetic: measured=1.1095801388699718e-07 threshold=>=0.5; cond_strain: measured=0.99999778322678479 threshold=<=0.5; cond_mac: measured=4.9060996453257958e-24 threshold=>=0.80000000000000004,0,0,0,converged; residual=8.0638088601298189e-11
inf,1600,diagnostic,24,40,28,602.050744465668,4.03369340192189e-24,4.03369340192189e-24,4.03369340192189e-24,0.00020805831699365,0.999793510865635,0.999783633314482,1,0,1,0,0,cond_kinetic: measured=0.00020805831699364957 threshold=>=0.5; cond_strain: measured=0.99979351086563495 threshold=<=0.5; cond_mac: measured=4.0336934019218868e-24 threshold=>=0.80000000000000004,0,0,0,converged; residual=1.0864800050209677e-10
inf,1600,diagnostic,24,40,29,609.85615208559,1.75660510618408e-08,1.75660510618408e-08,1.75660510618408e-08,2.03899909277055e-05,0.999974099252787,0.999978785692502,1,0,1,0,0,cond_kinetic: measured=2.0389990927705452e-05 threshold=>=0.5; cond_strain: measured=0.99997409925278669 threshold=<=0.5; cond_mac: measured=1.7566051061840763e-08 threshold=>=0.80000000000000004,0,0,0,converged; residual=7.8347919060189306e-11
inf,1600,diagnostic,24,40,30,609.856758001494,3.09639815076523e-17,3.09639815076523e-17,3.09639815076523e-17,1.72981370173578e-06,0.999995978159148,0.999998188710694,1,0,1,0,0,cond_kinetic: measured=1.7298137017357758e-06 threshold=>=0.5; cond_strain: measured=0.9999959781591482 threshold=<=0.5; cond_mac: measured=3.0963981507652264e-17 threshold=>=0.80000000000000004,0,0,0,converged; residual=7.1346242691147407e-11
inf,1600,diagnostic,24,40,31,610.526159651028,6.10573411476462e-20,6.10573411476462e-20,6.10573411476462e-20,2.98169840163854e-05,0.999964495909991,0.999969087432492,1,0,1,0,0,cond_kinetic: measured=2.9816984016385377e-05 threshold=>=0.5; cond_strain: measured=0.99996449590999148 threshold=<=0.5; cond_mac: measured=6.1057341147646151e-20 threshold=>=0.80000000000000004,0,0,0,converged; residual=9.4254605170050201e-11
inf,1600,diagnostic,24,40,32,610.538232600734,5.12652313770816e-21,5.12652313770816e-21,5.12652313770816e-21,3.47976016841731e-06,0.999996977977777,0.999996428968335,1,0,1,0,0,cond_kinetic: measured=3.4797601684173061e-06 threshold=>=0.5; cond_strain: measured=0.99999697797777654 threshold=<=0.5; cond_mac: measured=5.1265231377081564e-21 threshold=>=0.80000000000000004,0,0,0,converged; residual=7.0515370306202962e-11
inf,1600,diagnostic,24,40,33,621.186140877037,1.604046255261e-11,1.604046255261e-11,1.604046255261e-11,4.93183397787782e-07,0.999998175927871,0.999999485024639,1,0,1,0,0,cond_kinetic: measured=4.9318339778778195e-07 threshold=>=0.5; cond_strain: measured=0.9999981759278711 threshold=<=0.5; cond_mac: measured=1.6040462552610001e-11 threshold=>=0.80000000000000004,0,0,0,converged; residual=1.1283647678895719e-10
inf,1600,diagnostic,24,40,34,621.186153104385,1.37357822245572e-22,1.37357822245572e-22,1.37357822245572e-22,1.00672823098766e-07,0.999998624094328,0.999999892609119,1,0,1,0,0,cond_kinetic: measured=1.0067282309876581e-07 threshold=>=0.5; cond_strain: measured=0.99999862409432794 threshold=<=0.5; cond_mac: measured=1.3735782224557219e-22 threshold=>=0.80000000000000004,0,0,0,converged; residual=1.1518532948805289e-10
inf,1600,diagnostic,24,40,35,621.186239065096,2.3583127804852e-21,2.3583127804852e-21,2.3583127804852e-21,5.97736146054277e-09,0.999999001895024,0.999999993441806,1,0,1,0,0,cond_kinetic: measured=5.9773614605427699e-09 threshold=>=0.5; cond_strain: measured=0.99999900189502355 threshold=<=0.5; cond_mac: measured=2.3583127804851954e-21 threshold=>=0.80000000000000004,0,0,0,converged; residual=1.1029624631442037e-10
inf,1600,diagnostic,24,40,36,621.186322807807,3.74320583576669e-21,3.74320583576669e-21,3.74320583576669e-21,2.2165555088651e-06,0.999996963290132,0.999997693595347,1,0,1,0,0,cond_kinetic: measured=2.2165555088651023e-06 threshold=>=0.5; cond_strain: measured=0.99999696329013243 threshold=<=0.5; cond_mac: measured=3.7432058357666913e-21 threshold=>=0.80000000000000004,0,0,0,converged; residual=1.1523385429236253e-10
inf,1600,diagnostic,24,40,37,625.704721447676,4.21307422929079e-12,4.21307422929079e-12,4.21307422929079e-12,2.35547589228635e-07,0.999998304554892,0.99999975600139,1,0,1,0,0,cond_kinetic: measured=2.3554758922863487e-07 threshold=>=0.5; cond_strain: measured=0.99999830455489191 threshold=<=0.5; cond_mac: measured=4.2130742292907861e-12 threshold=>=0.80000000000000004,0,0,0,converged; residual=8.222202968896366e-11
inf,1600,diagnostic,24,40,38,625.704729322146,2.23293210323207e-18,2.23293210323207e-18,2.23293210323207e-18,1.68278234751289e-08,0.999998556719634,0.999999982268443,1,0,1,0,0,cond_kinetic: measured=1.6827823475128865e-08 threshold=>=0.5; cond_strain: measured=0.99999855671963434 threshold=<=0.5; cond_mac: measured=2.2329321032320664e-18 threshold=>=0.80000000000000004,0,0,0,converged; residual=8.2829570845642583e-11
inf,1600,diagnostic,24,40,39,625.7681752094,9.70437500943938e-24,9.70437500943938e-24,9.70437500943938e-24,2.96714420100863e-09,0.99999858076055,0.999999996626894,1,0,1,0,0,cond_kinetic: measured=2.9671442010086258e-09 threshold=>=0.5; cond_strain: measured=0.99999858076055037 threshold=<=0.5; cond_mac: measured=9.7043750094393821e-24 threshold=>=0.80000000000000004,0,0,0,converged; residual=8.5638176225637805e-11
inf,1600,diagnostic,24,40,40,625.768198183421,8.00732940903666e-24,8.00732940903666e-24,8.00732940903666e-24,5.26498363970638e-07,0.999998107659216,0.999999452307366,1,0,1,0,0,cond_kinetic: measured=5.2649836397063808e-07 threshold=>=0.5; cond_strain: measured=0.99999810765921615 threshold=<=0.5; cond_mac: measured=8.0073294090366597e-24 threshold=>=0.80000000000000004,0,0,0,converged; residual=8.9178869240498869e-11
inf,2000,diagnostic,25,40,1,159.565626993283,0.99962842513639,0.99962842513639,0.99962842513639,0.965234984602617,1.94555538323817e-05,0.00276241139897439,1,1,1,1,1,,1,1,0,converged; residual=2.6593677334801487e-10
inf,2000,diagnostic,25,40,2,226.938302019018,2.80190632033295e-26,2.80190632033295e-26,2.80190632033295e-26,0.961126815852779,0.000151885768009217,0.0032888056227439,1,1,1,1,0,cond_mac: measured=2.8019063203329528e-26 threshold=>=0.80000000000000004,0,0,0,converged; residual=1.3881293097591762e-10
inf,2000,diagnostic,25,40,3,311.579785022969,2.74267201113589e-24,2.74267201113589e-24,2.74267201113589e-24,0.973197210024777,0.000693928897111507,0.00175067242234016,1,1,1,1,0,cond_mac: measured=2.7426720111358863e-24 threshold=>=0.80000000000000004,0,0,0,converged; residual=8.2249972537017477e-11
inf,2000,diagnostic,25,40,4,431.40468002089,2.29331838817431e-15,2.29331838817431e-15,2.29331838817431e-15,1.08695815152631e-06,0.999994666962726,0.999998867810371,1,0,1,0,0,cond_kinetic: measured=1.086958151526305e-06 threshold=>=0.5; cond_strain: measured=0.99999466696272576 threshold=<=0.5; cond_mac: measured=2.2933183881743111e-15 threshold=>=0.80000000000000004,0,0,0,converged; residual=2.0020658225912695e-10
inf,2000,diagnostic,25,40,5,431.40487321723,1.92217503902434e-16,1.92217503902434e-16,1.92217503902434e-16,1.06600057122732e-07,0.999996588152718,0.999999889164724,1,0,1,0,0,cond_kinetic: measured=1.066000571227316e-07 threshold=>=0.5; cond_strain: measured=0.99999658815271752 threshold=<=0.5; cond_mac: measured=1.9221750390243421e-16 threshold=>=0.80000000000000004,0,0,0,converged; residual=1.4891091031327574e-10
inf,2000,diagnostic,25,40,6,431.404887898482,2.97489906850846e-14,2.97489906850846e-14,2.97489906850846e-14,4.412030448686e-08,0.999996720468687,0.999999953428901,1,0,1,0,0,cond_kinetic: measured=4.4120304486859998e-08 threshold=>=0.5; cond_strain: measured=0.99999672046868748 threshold=<=0.5; cond_mac: measured=2.9748990685084598e-14 threshold=>=0.80000000000000004,0,0,0,converged; residual=1.2297609025203625e-10
inf,2000,diagnostic,25,40,7,431.404892106572,7.90432699422776e-10,7.90432699422776e-10,7.90432699422776e-10,3.85972928897586e-08,0.999996745848539,0.999999959197428,1,0,1,0,0,cond_kinetic: measured=3.8597292889758552e-08 threshold=>=0.5; cond_strain: measured=0.99999674584853948 threshold=<=0.5; cond_mac: measured=7.9043269942277627e-10 threshold=>=0.80000000000000004,0,0,0,converged; residual=1.2501333232775334e-10
inf,2000,diagnostic,25,40,8,435.015738012453,8.14710871875933e-18,8.14710871875933e-18,8.14710871875933e-18,2.74234262199799e-06,0.999992806789647,0.99999714740647,1,0,1,0,0,cond_kinetic: measured=2.7423426219979945e-06 threshold=>=0.5; cond_strain: measured=0.99999280678964741 threshold=<=0.5; cond_mac: measured=8.1471087187593335e-18 threshold=>=0.80000000000000004,0,0,0,converged; residual=2.1858791213178918e-10
inf,2000,diagnostic,25,40,9,435.017133658056,9.97605349996269e-09,9.97605349996269e-09,9.97605349996269e-09,7.62886064171941e-07,0.999996779346052,0.999999204440157,1,0,1,0,0,cond_kinetic: measured=7.6288606417194122e-07 threshold=>=0.5; cond_strain: measured=0.99999677934605169 threshold=<=0.5; cond_mac: measured=9.9760534999626941e-09 threshold=>=0.80000000000000004,0,0,0,converged; residual=1.2292452560148342e-10
inf,2000,diagnostic,25,40,10,435.017504717903,2.05856157845086e-20,2.05856157845086e-20,2.05856157845086e-20,2.18783344767866e-08,0.999997793114565,0.999999976892667,1,0,1,0,0,cond_kinetic: measured=2.1878334476786607e-08 threshold=>=0.5; cond_strain: measured=0.99999779311456538 threshold=<=0.5; cond_mac: measured=2.0585615784508565e-20 threshold=>=0.80000000000000004,0,0,0,converged; residual=1.2208118510781062e-10
inf,2000,diagnostic,25,40,11,435.044105251491,5.72501164956372e-22,5.72501164956372e-22,5.72501164956372e-22,3.68218849221534e-06,0.99999600792568,0.999996224283765,1,0,1,0,0,cond_kinetic: measured=3.6821884922153402e-06 threshold=>=0.5; cond_strain: measured=0.99999600792568033 threshold=<=0.5; cond_mac: measured=5.7250116495637163e-22 threshold=>=0.80000000000000004,0,0,0,converged; residual=1.5886990758461121e-10
inf,2000,diagnostic,25,40,12,498.265048275465,8.32233353778526e-15,8.32233353778526e-15,8.32233353778526e-15,2.65491151933417e-07,0.999997412656465,0.999999722826221,1,0,1,0,0,cond_kinetic: measured=2.6549115193341736e-07 threshold=>=0.5; cond_strain: measured=0.9999974126564648 threshold=<=0.5; cond_mac: measured=8.3223335377852594e-15 threshold=>=0.80000000000000004,0,0,0,converged; residual=1.1684710972660379e-10
inf,2000,diagnostic,25,40,13,498.265073475705,6.06381869796698e-09,6.06381869796698e-09,6.06381869796698e-09,5.00795327392615e-07,0.999997266695735,0.999999476777823,1,0,1,0,0,cond_kinetic: measured=5.0079532739261536e-07 threshold=>=0.5; cond_strain: measured=0.9999972666957353 threshold=<=0.5; cond_mac: measured=6.0638186979669802e-09 threshold=>=0.80000000000000004,0,0,0,converged; residual=1.2060744929116003e-10
inf,2000,diagnostic,25,40,14,498.470062214415,3.46626061847575e-22,3.46626061847575e-22,3.46626061847575e-22,9.89932572966444e-06,0.999983100093471,0.999989703457452,1,0,1,0,0,cond_kinetic: measured=9.8993257296644422e-06 threshold=>=0.5; cond_strain: measured=0.99998310009347058 threshold=<=0.5; cond_mac: measured=3.4662606184757507e-22 threshold=>=0.80000000000000004,0,0,0,converged; residual=2.0634064151251463e-10
inf,2000,diagnostic,25,40,15,498.471672504307,1.53288169702307e-23,1.53288169702307e-23,1.53288169702307e-23,1.70072372828739e-06,0.999996850553135,0.999998255516043,1,0,1,0,0,cond_kinetic: measured=1.7007237282873858e-06 threshold=>=0.5; cond_strain: measured=0.99999685055313481 threshold=<=0.5; cond_mac: measured=1.5328816970230705e-23 threshold=>=0.80000000000000004,0,0,0,converged; residual=1.1578865231051691e-10
inf,2000,diagnostic,25,40,16,543.35453223525,7.5382635874335e-09,7.5382635874335e-09,7.5382635874335e-09,2.14573059082701e-06,0.999994484534457,0.99999776289367,1,0,1,0,0,cond_kinetic: measured=2.1457305908270085e-06 threshold=>=0.5; cond_strain: measured=0.99999448453445716 threshold=<=0.5; cond_mac: measured=7.5382635874334977e-09 threshold=>=0.80000000000000004,0,0,0,converged; residual=9.9980077854283314e-11
inf,2000,diagnostic,25,40,17,543.354629082657,1.27930483253619e-15,1.27930483253619e-15,1.27930483253619e-15,1.63283792154661e-07,0.999996914631149,0.999999829239135,1,0,1,0,0,cond_kinetic: measured=1.6328379215466097e-07 threshold=>=0.5; cond_strain: measured=0.99999691463114926 threshold=<=0.5; cond_mac: measured=1.2793048325361896e-15 threshold=>=0.80000000000000004,0,0,0,converged; residual=7.139583610254012e-11
inf,2000,diagnostic,25,40,18,543.461907494117,3.32150041072884e-19,3.32150041072884e-19,3.32150041072884e-19,6.74783023675243e-05,0.999915412238292,0.999929806432358,1,0,1,0,0,cond_kinetic: measured=6.7478302367524309e-05 threshold=>=0.5; cond_strain: measured=0.99991541223829161 threshold=<=0.5; cond_mac: measured=3.3215004107288413e-19 threshold=>=0.80000000000000004,0,0,0,converged; residual=1.4558213012761978e-10
inf,2000,diagnostic,25,40,19,543.466611435652,5.39759530013892e-20,5.39759530013892e-20,5.39759530013892e-20,2.11538598765632e-06,0.999996534212332,0.999997830545227,1,0,1,0,0,cond_kinetic: measured=2.1153859876563165e-06 threshold=>=0.5; cond_strain: measured=0.9999965342123317 threshold=<=0.5; cond_mac: measured=5.3975953001389196e-20 threshold=>=0.80000000000000004,0,0,0,converged; residual=8.6472190655543244e-11
inf,2000,diagnostic,25,40,20,560.055206683296,4.83591786408731e-10,4.83591786408731e-10,4.83591786408731e-10,7.94108536206361e-07,0.999997740354973,0.999999179261569,1,0,1,0,0,cond_kinetic: measured=7.9410853620636062e-07 threshold=>=0.5; cond_strain: measured=0.99999774035497291 threshold=<=0.5; cond_mac: measured=4.8359178640873053e-10 threshold=>=0.80000000000000004,0,0,0,converged; residual=1.1513888125708535e-10
inf,2000,diagnostic,25,40,21,560.05525989386,3.47374696952938e-17,3.47374696952938e-17,3.47374696952938e-17,2.20005501252454e-07,0.999998525571305,0.999999772813143,1,0,1,0,0,cond_kinetic: measured=2.2000550125245415e-07 threshold=>=0.5; cond_strain: measured=0.9999985255713052 threshold=<=0.5; cond_mac: measured=3.473746969529379e-17 threshold=>=0.80000000000000004,0,0,0,converged; residual=1.0433724351207486e-10
inf,2000,diagnostic,25,40,22,560.14688584408,1.44213002917229e-21,1.44213002917229e-21,1.44213002917229e-21,3.16369852482785e-07,0.999998582423317,0.999999670487413,1,0,1,0,0,cond_kinetic: measured=3.163698524827846e-07 threshold=>=0.5; cond_strain: measured=0.99999858242331729 threshold=<=0.5; cond_mac: measured=1.4421300291722886e-21 threshold=>=0.80000000000000004,0,0,0,converged; residual=8.4288305642506723e-11
inf,2000,diagnostic,25,40,23,560.146893131361,3.50056384912469e-24,3.50056384912469e-24,3.50056384912469e-24,9.72224905035227e-09,0.999998928182836,0.999999989695703,1,0,1,0,0,cond_kinetic: measured=9.7222490503522715e-09 threshold=>=0.5; cond_strain: measured=0.99999892818283587 threshold=<=0.5; cond_mac: measured=3.5005638491246895e-24 threshold=>=0.80000000000000004,0,0,0,converged; residual=1.1893092776840387e-10
inf,2000,diagnostic,25,40,24,584.19337643228,6.24814817252728e-25,6.24814817252728e-25,6.24814817252728e-25,0.957093416210239,0.000787875746087965,0.00427370823287259,1,1,1,1,0,cond_mac: measured=6.2481481725272847e-25 threshold=>=0.80000000000000004,0,0,0,converged; residual=6.5829906008806505e-11
inf,2000,diagnostic,25,40,25,601.770581792165,9.60449679454793e-12,9.60449679454793e-12,9.60449679454793e-12,4.60558193890424e-06,0.999992209303733,0.999995231450863,1,0,1,0,0,cond_kinetic: measured=4.6055819389042355e-06 threshold=>=0.5; cond_strain: measured=0.99999220930373289 threshold=<=0.5; cond_mac: measured=9.6044967945479256e-12 threshold=>=0.80000000000000004,0,0,0,converged; residual=9.9355905274824827e-11
inf,2000,diagnostic,25,40,26,601.770856561387,2.37170278185685e-20,2.37170278185685e-20,2.37170278185685e-20,5.21765023913302e-07,0.9999973607543,0.999999458385299,1,0,1,0,0,cond_kinetic: measured=5.2176502391330247e-07 threshold=>=0.5; cond_strain: measured=0.99999736075430046 threshold=<=0.5; cond_mac: measured=2.3717027818568453e-20 threshold=>=0.80000000000000004,0,0,0,converged; residual=1.0307657202002584e-10
inf,2000,diagnostic,25,40,27,601.932846258419,5.68863244238386e-27,5.68863244238386e-27,5.68863244238386e-27,1.10885548768929e-07,0.999997784119774,0.999999882284247,1,0,1,0,0,cond_kinetic: measured=1.1088554876892897e-07 threshold=>=0.5; cond_strain: measured=0.99999778411977414 threshold=<=0.5; cond_mac: measured=5.6886324423838605e-27 threshold=>=0.80000000000000004,0,0,0,converged; residual=7.8874949660629465e-11
inf,2000,diagnostic,25,40,28,601.936667217306,1.00240358110407e-23,1.00240358110407e-23,1.00240358110407e-23,0.000207374989918947,0.999794150382617,0.999784297037778,1,0,1,0,0,cond_kinetic: measured=0.00020737498991894686 threshold=>=0.5; cond_strain: measured=0.99979415038261732 threshold=<=0.5; cond_mac: measured=1.0024035811040716e-23 threshold=>=0.80000000000000004,0,0,0,converged; residual=1.0717789814943398e-10
inf,2000,diagnostic,25,40,29,609.327722087875,1.75552072363328e-08,1.75552072363328e-08,1.75552072363328e-08,2.01090073223511e-05,0.99997441596311,0.999979072945875,1,0,1,0,0,cond_kinetic: measured=2.0109007322351144e-05 threshold=>=0.5; cond_strain: measured=0.99997441596310987 threshold=<=0.5; cond_mac: measured=1.755520723633283e-08 threshold=>=0.80000000000000004,0,0,0,converged; residual=7.8732143538141617e-11
inf,2000,diagnostic,25,40,30,609.32831998841,6.34471679360643e-20,6.34471679360643e-20,6.34471679360643e-20,1.72697328700942e-06,0.999995985695826,0.999998191028413,1,0,1,0,0,cond_kinetic: measured=1.7269732870094234e-06 threshold=>=0.5; cond_strain: measured=0.99999598569582615 threshold=<=0.5; cond_mac: measured=6.3447167936064253e-20 threshold=>=0.80000000000000004,0,0,0,converged; residual=8.1759829716307322e-11
inf,2000,diagnostic,25,40,31,609.999227127235,1.51368420308714e-22,1.51368420308714e-22,1.51368420308714e-22,3.02450262740378e-05,0.999964068053746,0.999968636462329,1,0,1,0,0,cond_kinetic: measured=3.0245026274037836e-05 threshold=>=0.5; cond_strain: measured=0.99996406805374571 threshold=<=0.5; cond_mac: measured=1.5136842030871423e-22 threshold=>=0.80000000000000004,0,0,0,converged; residual=9.3935694863493347e-11
inf,2000,diagnostic,25,40,32,610.011308896249,9.95407535982446e-24,9.95407535982446e-24,9.95407535982446e-24,3.48635547609615e-06,0.999996977890263,0.999996422238233,1,0,1,0,0,cond_kinetic: measured=3.4863554760961497e-06 threshold=>=0.5; cond_strain: measured=0.99999697789026254 threshold=<=0.5; cond_mac: measured=9.9540753598244601e-24 threshold=>=0.80000000000000004,0,0,0,converged; residual=6.8501671457986341e-11
inf,2000,diagnostic,25,40,33,621.186062573542,1.58464561573623e-11,1.58464561573623e-11,1.58464561573623e-11,4.95798076176063e-07,0.999998170024711,0.999999482244193,1,0,1,0,0,cond_kinetic: measured=4.9579807617606341e-07 threshold=>=0.5; cond_strain: measured=0.99999817002471125 threshold=<=0.5; cond_mac: measured=1.5846456157362257e-11 threshold=>=0.80000000000000004,0,0,0,converged; residual=1.0800508078860028e-10
inf,2000,diagnostic,25,40,34,621.186074857486,3.60702729645481e-23,3.60702729645481e-23,3.60702729645481e-23,1.0088572466565e-07,0.999998620933795,0.999999892379409,1,0,1,0,0,cond_kinetic: measured=1.0088572466564965e-07 threshold=>=0.5; cond_strain: measured=0.99999862093379466 threshold=<=0.5; cond_mac: measured=3.607027296454809e-23 threshold=>=0.80000000000000004,0,0,0,converged; residual=1.2574736328928167e-10
inf,2000,diagnostic,25,40,35,621.186160936893,4.0415389238399e-24,4.0415389238399e-24,4.0415389238399e-24,5.9870768026611e-09,0.999998999335676,0.999999993430215,1,0,1,0,0,cond_kinetic: measured=5.9870768026611035e-09 threshold=>=0.5; cond_strain: measured=0.99999899933567582 threshold=<=0.5; cond_mac: measured=4.0415389238399033e-24 threshold=>=0.80000000000000004,0,0,0,converged; residual=1.066727176903538e-10
inf,2000,diagnostic,25,40,36,621.186244380504,8.19787792709553e-23,8.19787792709553e-23,8.19787792709553e-23,2.20074285321462e-06,0.99999697576805,0.999997709544473,1,0,1,0,0,cond_kinetic: measured=2.2007428532146151e-06 threshold=>=0.5; cond_strain: measured=0.99999697576805036 threshold=<=0.5; cond_mac: measured=8.1978779270955278e-23 threshold=>=0.80000000000000004,0,0,0,converged; residual=1.1186734590606439e-10
inf,2000,diagnostic,25,40,37,625.622429939918,3.72450826893716e-12,3.72450826893716e-12,3.72450826893716e-12,2.5530103090121e-07,0.999998274282957,0.999999735521741,1,0,1,0,0,cond_kinetic: measured=2.5530103090120996e-07 threshold=>=0.5; cond_strain: measured=0.99999827428295673 threshold=<=0.5; cond_mac: measured=3.7245082689371596e-12 threshold=>=0.80000000000000004,0,0,0,converged; residual=8.9186895119323209e-11
inf,2000,diagnostic,25,40,38,625.622438510595,5.62915878489647e-18,5.62915878489647e-18,5.62915878489647e-18,1.74558140559716e-08,0.999998548776182,0.999999981623014,1,0,1,0,0,cond_kinetic: measured=1.7455814055971624e-08 threshold=>=0.5; cond_strain: measured=0.99999854877618244 threshold=<=0.5; cond_mac: measured=5.6291587848964745e-18 threshold=>=0.80000000000000004,0,0,0,converged; residual=9.3250938441600684e-11
inf,2000,diagnostic,25,40,39,625.686798599886,4.8473560293683e-27,4.8473560293683e-27,4.8473560293683e-27,3.06263634953837e-09,0.999998572925184,0.999999996523606,1,0,1,0,0,cond_kinetic: measured=3.0626363495383701e-09 threshold=>=0.5; cond_strain: measured=0.99999857292518368 threshold=<=0.5; cond_mac: measured=4.8473560293682979e-27 threshold=>=0.80000000000000004,0,0,0,converged; residual=1.0680495898868027e-10
inf,2000,diagnostic,25,40,40,625.686823260136,1.31618500628391e-23,1.31618500628391e-23,1.31618500628391e-23,5.56360643670094e-07,0.999998073130791,0.999999421144374,1,0,1,0,0,cond_kinetic: measured=5.5636064367009427e-07 threshold=>=0.5; cond_strain: measured=0.99999807313079092 threshold=<=0.5; cond_mac: measured=1.3161850062839095e-23 threshold=>=0.80000000000000004,0,0,0,converged; residual=8.4929744625216936e-11
