arm_N,iteration,max_design_change,surrogate_objective,feasibility_relative,reference_mac_phi0,reference_mode_index,reference_omega,reference_identity,reference_event_id
inf,1,0.2,37255.2649314536,8.22972091453211e-05,1,1,136.483085251141,solid_phi0,0
inf,2,0.2,24879.200861259,6.92852770391994e-05,1,1,136.483085251141,solid_phi0,0
inf,3,0.2,15335.5885403522,0.00025490785459481,1,1,136.483085251141,solid_phi0,0
inf,4,0.2,11189.5249938933,0.000379810646922607,1,1,136.483085251141,solid_phi0,0
inf,5,0.2,8956.51726791493,0.000136879464564643,1,1,136.483085251141,solid_phi0,0
inf,6,0.2,8258.97640416818,8.39182315928166e-05,1,1,136.483085251141,solid_phi0,0
inf,7,0.2,7681.92712963812,0.000176641861541649,1,1,136.483085251141,solid_phi0,0
inf,8,0.2,7765.69523576324,2.04542903796678e-05,1,1,136.483085251141,solid_phi0,0
inf,9,0.197971805270532,7533.2827912274,0.000256777514698214,1,1,136.483085251141,solid_phi0,0
inf,10,0.2,7647.79597674348,1.94416402675701e-05,1,1,136.483085251141,solid_phi0,0
inf,11,0.177545031607437,7500.99645688156,0.00017618278894993,1,1,136.483085251141,solid_phi0,0
inf,12,0.2,7612.50102610491,9.8131841325344e-05,1,1,136.483085251141,solid_phi0,0
inf,13,0.2,7496.02858939131,0.000325709707525323,1,1,136.483085251141,solid_phi0,0
inf,14,0.2,7571.02363663537,0.000169634377813921,1,1,136.483085251141,solid_phi0,0
inf,15,0.2,7419.80128184854,6.62936196520469e-05,1,1,136.483085251141,solid_phi0,0
inf,16,0.2,7417.58711551405,8.85367164652484e-05,1,1,136.483085251141,solid_phi0,0
inf,17,0.2,7282.22566469359,1.40203699228181e-06,1,1,136.483085251141,solid_phi0,0
inf,18,0.2,7291.34923523736,1.4331594316519e-05,1,1,136.483085251141,solid_phi0,0
inf,19,0.2,7234.4308099086,6.55642727880323e-05,1,1,136.483085251141,solid_phi0,0
inf,20,0.2,7228.59420878458,3.79145264232106e-05,1,1,136.483085251141,solid_phi0,0
inf,21,0.16878938224476,7199.20190110794,9.81338591845571e-05,1,1,136.483085251141,solid_phi0,0
inf,22,0.183469757143822,7175.21789919013,8.48400213100398e-05,1,1,136.483085251141,solid_phi0,0
inf,23,0.180340843260869,7138.17591353315,7.10111690014337e-05,1,1,136.483085251141,solid_phi0,0
inf,24,0.173763519597597,7098.16984141369,5.35096830882598e-05,1,1,136.483085251141,solid_phi0,0
inf,25,0.150037724760595,7062.57067483505,4.38481982893979e-05,1,1,136.483085251141,solid_phi0,0
inf,26,0.14604345590002,7043.23258945826,1.60131668193175e-05,1,1,136.483085251141,solid_phi0,0
inf,27,0.108244134954018,7040.72498707535,6.36316445898899e-05,1,1,136.483085251141,solid_phi0,0
inf,28,0.0818236636407398,7059.12227365021,3.22698484385153e-05,1,1,136.483085251141,solid_phi0,0
inf,29,0.0625306045597994,7083.49164431951,6.69867376156263e-05,1,1,136.483085251141,solid_phi0,0
inf,30,0.0485636338378288,7107.11121621045,6.58892721369098e-05,1,1,136.483085251141,solid_phi0,0
inf,31,0.042668270968644,7128.70531322455,0.000101909004937006,1,1,136.483085251141,solid_phi0,0
inf,32,0.0382933257438938,7148.0455893715,1.08545812338434e-06,1,1,136.483085251141,solid_phi0,0
inf,33,0.0338545649386842,7164.19586614543,9.90354516153813e-05,1,1,136.483085251141,solid_phi0,0
inf,34,0.0307738606292191,7177.49203908418,6.75681703189435e-05,1,1,136.483085251141,solid_phi0,0
inf,35,0.0280597659361831,7189.03650440209,8.27448762530381e-06,1,1,136.483085251141,solid_phi0,0
inf,36,0.025686215812774,7199.07940296885,7.76746618520452e-05,1,1,136.483085251141,solid_phi0,0
inf,37,0.0234282078955649,7207.77827981205,8.51372783616799e-05,1,1,136.483085251141,solid_phi0,0
inf,38,0.0214209163906173,7215.13585337484,1.28222302289149e-05,1,1,136.483085251141,solid_phi0,0
inf,39,0.0212937518706872,7221.13346931251,0.000123258223672762,1,1,136.483085251141,solid_phi0,0
inf,40,0.0205365356783687,7226.65575733939,4.03275623834798e-05,1,1,136.483085251141,solid_phi0,0
inf,41,0.0196529314310866,7231.24435225806,0.000107395590069892,1,1,136.483085251141,solid_phi0,0
inf,42,0.0203555397974855,7235.43269090932,4.80359585620649e-05,1,1,136.483085251141,solid_phi0,0
inf,43,0.0190163478035088,7238.75303367061,7.38749036994779e-05,1,1,136.483085251141,solid_phi0,0
inf,44,0.0193803743741715,7241.57304027485,7.22429587367568e-05,1,1,136.483085251141,solid_phi0,0
inf,45,0.0196014783639166,7244.44745810601,1.16915992195432e-05,1,1,136.483085251141,solid_phi0,0
inf,46,0.0200251868366452,7247.2708366762,6.82591623302198e-05,1,1,136.483085251141,solid_phi0,0
inf,47,0.0207490025258534,7250.17171719638,9.75609316791193e-05,1,1,136.483085251141,solid_phi0,0
inf,48,0.0212734233679719,7252.17840585172,0.000111073185283361,1,1,136.483085251141,solid_phi0,0
inf,49,0.0212038273581552,7254.68875528097,1.17283728743311e-05,1,1,136.483085251141,solid_phi0,0
inf,50,0.0208959123919625,7256.71486183392,4.06954632051759e-05,1,1,136.483085251141,solid_phi0,0
inf,51,0.0206560362213766,7258.35059457777,7.22335186171819e-05,1,1,136.483085251141,solid_phi0,0
inf,52,0.020444015519947,7259.98854623111,5.69888530369544e-05,1,1,136.483085251141,solid_phi0,0
inf,53,0.0207198888965431,7261.49667519371,3.14359194866221e-05,1,1,136.483085251141,solid_phi0,0
inf,54,0.0201484634676149,7263.12799862557,2.38206185934065e-05,1,1,136.483085251141,solid_phi0,0
inf,55,0.0196165280065252,7264.90178430457,8.88599935326972e-05,1,1,136.483085251141,solid_phi0,0
inf,56,0.0181520569091759,7266.84553885703,0.000109065796439212,1,1,136.483085251141,solid_phi0,0
inf,57,0.0196612091152687,7267.87459831735,5.18302353744726e-05,1,1,136.483085251141,solid_phi0,0
inf,58,0.0184074744181898,7269.44398011444,0.000122108461714343,1,1,136.483085251141,solid_phi0,0
inf,59,0.019825408627663,7270.40275460419,8.31330725163948e-05,1,1,136.483085251141,solid_phi0,0
inf,60,0.0191466487518706,7271.91361190113,7.19906762256528e-05,1,1,136.483085251141,solid_phi0,0
inf,61,0.0187371261805995,7272.90568685802,0.000121053675840033,1,1,136.483085251141,solid_phi0,0
inf,62,0.0209562403615876,7273.44891798128,7.88869504124712e-05,1,1,136.483085251141,solid_phi0,0
inf,63,0.020196024878652,7275.09398380021,3.3007211507563e-05,1,1,136.483085251141,solid_phi0,0
inf,64,0.0196129111881854,7276.13959881129,8.44397077880421e-05,1,1,136.483085251141,solid_phi0,0
inf,65,0.0190112901524304,7276.94489908957,0.000127274015855661,1,1,136.483085251141,solid_phi0,0
inf,66,0.0195322727753444,7277.68352800239,0.000121538361425255,1,1,136.483085251141,solid_phi0,0
inf,67,0.017379754650962,7279.39722339816,1.85097215605889e-05,1,1,136.483085251141,solid_phi0,0
inf,68,0.0167347316669211,7280.61578523694,1.14247249819455e-05,1,1,136.483085251141,solid_phi0,0
inf,69,0.0173180782080832,7281.50007966396,6.37151799788294e-05,1,1,136.483085251141,solid_phi0,0
inf,70,0.0174373013648417,7282.36207397871,8.98792431466289e-05,1,1,136.483085251141,solid_phi0,0
inf,71,0.0178210192439459,7283.07054165011,0.000127349574458258,1,1,136.483085251141,solid_phi0,0
inf,72,0.0193844098152716,7283.77124546391,0.000118567976037598,1,1,136.483085251141,solid_phi0,0
inf,73,0.0186861776788305,7285.37119541834,9.4961368777291e-06,1,1,136.483085251141,solid_phi0,0
inf,74,0.0185147645366734,7286.43988129373,3.69504449295732e-05,1,1,136.483085251141,solid_phi0,0
inf,75,0.0191943120949036,7287.20337192213,0.000110586825909365,1,1,136.483085251141,solid_phi0,0
inf,76,0.0204341108450231,7287.97255296614,0.000115516251825598,1,1,136.483085251141,solid_phi0,0
inf,77,0.0187254123562941,7289.58233611944,3.32083491161317e-06,1,1,136.483085251141,solid_phi0,0
inf,78,0.017959955209241,7290.57901577534,4.41891055099619e-05,1,1,136.483085251141,solid_phi0,0
inf,79,0.0174639408815225,7291.22598762197,0.000109285850557028,1,1,136.483085251141,solid_phi0,0
inf,80,0.0180015926484738,7291.86141750417,0.000122394528058178,1,1,136.483085251141,solid_phi0,0
inf,81,0.0162960805602392,7293.39363256933,5.81967627688584e-06,1,1,136.483085251141,solid_phi0,0
inf,82,0.016222765541981,7294.34335055203,3.54544289969949e-05,1,1,136.483085251141,solid_phi0,0
inf,83,0.0168986930659566,7294.93331272774,9.50712131845277e-05,1,1,136.483085251141,solid_phi0,0
inf,84,0.0168465217246757,7295.45670156378,0.000131581172120754,1,1,136.483085251141,solid_phi0,0
inf,85,0.0185241337872664,7295.86004417194,9.45898484596697e-05,1,1,136.483085251141,solid_phi0,0
inf,86,0.0176171630514643,7297.26388134995,4.49458969054017e-06,1,1,136.483085251141,solid_phi0,0
inf,87,0.0175654021884554,7297.98550357224,5.9662755314327e-05,1,1,136.483085251141,solid_phi0,0
inf,88,0.0178701243742351,7298.50802668527,0.000123593147393519,1,1,136.483085251141,solid_phi0,0
inf,89,0.018859391912779,7298.95580371381,0.000102758651172374,1,1,136.483085251141,solid_phi0,0
inf,90,0.0169223118587852,7300.37032815734,3.81044284902821e-06,1,1,136.483085251141,solid_phi0,0
inf,91,0.0162772674622,7301.06211789916,2.82347093283342e-05,1,1,136.483085251141,solid_phi0,0
inf,92,0.0158202503309579,7301.45826419811,7.64200260177095e-05,1,1,136.483085251141,solid_phi0,0
inf,93,0.0153764851310948,7301.80741801167,0.000107117672703105,1,1,136.483085251141,solid_phi0,0
inf,94,0.0165855578160735,7302.0989750104,0.000123611850901595,1,1,136.483085251141,solid_phi0,0
inf,95,0.0142633596885546,7303.44574998418,3.02228630015833e-05,1,1,136.483085251141,solid_phi0,0
inf,96,0.0146228779747841,7304.10237999871,1.03205092228942e-05,1,1,136.483085251141,solid_phi0,0
inf,97,0.014908513336903,7304.48919987242,5.85677615799751e-05,1,1,136.483085251141,solid_phi0,0
inf,98,0.0151163937061098,7304.77003033747,9.50379568639415e-05,1,1,136.483085251141,solid_phi0,0
inf,99,0.0166868191003182,7304.98379698894,0.000130814169954752,1,1,136.483085251141,solid_phi0,0
inf,100,0.0160240676805654,7306.21599999039,2.74504564514721e-05,1,1,136.483085251141,solid_phi0,0
inf,101,0.0159996261221043,7306.74277971507,2.97009581621266e-05,1,1,136.483085251141,solid_phi0,0
inf,102,0.0162614849525526,7307.04767660974,0.00010378948987344,1,1,136.483085251141,solid_phi0,0
inf,103,0.0177596663418552,7307.30641960765,0.000106548134163109,1,1,136.483085251141,solid_phi0,0
inf,104,0.0158533574273059,7308.50869249132,1.44412729656818e-05,1,1,136.483085251141,solid_phi0,0
inf,105,0.0149194562557728,7309.01969223751,6.72334104947492e-05,1,1,136.483085251141,solid_phi0,0
inf,106,0.0143215550983492,7309.24658768404,0.00012983613163009,1,1,136.483085251141,solid_phi0,0
inf,107,0.0149682631430792,7309.38799196939,9.87407702546239e-05,1,1,136.483085251141,solid_phi0,0
inf,108,0.0136758294237465,7310.47270913253,1.42711558155373e-05,1,1,136.483085251141,solid_phi0,0
inf,109,0.0129025089268049,7310.94004516594,6.06040353241522e-05,1,1,136.483085251141,solid_phi0,0
inf,110,0.0133617392390031,7311.11617039857,0.000124438055091769,1,1,136.483085251141,solid_phi0,0
inf,111,0.0149513954035105,7311.22900626192,0.000101757141707903,1,1,136.483085251141,solid_phi0,0
inf,112,0.0137937104214932,7312.25580252453,1.43183841820882e-05,1,1,136.483085251141,solid_phi0,0
inf,113,0.0135962678576836,7312.61960805806,6.91553455830496e-05,1,1,136.483085251141,solid_phi0,0
inf,114,0.0156639644625091,7312.69103135567,0.000129790962081211,1,1,136.483085251141,solid_phi0,0
inf,115,0.0151945989640482,7313.69840416173,9.68397911194074e-06,1,1,136.483085251141,solid_phi0,0
inf,116,0.0151020364262076,7313.96795946209,6.92862766434876e-05,1,1,136.483085251141,solid_phi0,0
inf,117,0.0159507985324941,7314.0041754449,0.000103734159813129,1,1,136.483085251141,solid_phi0,0
inf,118,0.0159585468598852,7315.05321126623,4.01410577908212e-05,1,1,136.483085251141,solid_phi0,0
inf,119,0.0149468763062419,7315.33353431041,0.000128998859693086,1,1,136.483085251141,solid_phi0,0
inf,120,0.016182553661687,7315.34500521212,5.1968510268452e-05,1,1,136.483085251141,solid_phi0,0
inf,121,0.0233077551866415,7316.31274290678,7.57373284016039e-05,1,1,136.483085251141,solid_phi0,0
inf,122,0.0234795930804871,7316.5414146398,0.000120219995666693,1,1,136.483085251141,solid_phi0,0
inf,123,0.0234751993533586,7317.58386040248,1.29222646095828e-05,1,1,136.483085251141,solid_phi0,0
inf,124,0.0264411930496641,7317.86568806878,7.74936850462815e-05,1,1,136.483085251141,solid_phi0,0
inf,125,0.0215707001228585,7317.84662785373,0.00011277340416127,1,1,136.483085251141,solid_phi0,0
inf,126,0.0151548652239457,7318.76554844013,1.6947394427147e-05,1,1,136.483085251141,solid_phi0,0
inf,127,0.0126083738970334,7318.94683322683,9.85095280430226e-05,1,1,136.483085251141,solid_phi0,0
inf,128,0.014390547008726,7318.86363280005,8.87294125824223e-05,1,1,136.483085251141,solid_phi0,0
inf,129,0.0134458260656639,7319.6794897986,5.32948219211793e-05,1,1,136.483085251141,solid_phi0,0
inf,130,0.0142283219409801,7319.80663334541,0.000134038387099356,1,1,136.483085251141,solid_phi0,0
inf,131,0.0142971455468499,7320.6357552637,2.39010505698189e-05,1,1,136.483085251141,solid_phi0,0
inf,132,0.0139899244472975,7320.74462807549,0.000109354790129523,1,1,136.483085251141,solid_phi0,0
inf,133,0.014859285854711,7320.50626327195,5.11195825672051e-05,1,1,136.483085251141,solid_phi0,0
inf,134,0.0146628493267507,7321.28541799504,0.000102420049857388,1,1,136.483085251141,solid_phi0,0
inf,135,0.0148567564351736,7321.33885433132,7.00279411942617e-05,1,1,136.483085251141,solid_phi0,0
inf,136,0.0140672559386464,7322.13791044373,9.08990175061408e-05,1,1,136.483085251141,solid_phi0,0
inf,137,0.0143288309346308,7322.18220367962,8.94415663370562e-05,1,1,136.483085251141,solid_phi0,0
inf,138,0.0132509493738008,7322.93772342336,7.17960296511277e-05,1,1,136.483085251141,solid_phi0,0
inf,139,0.0133483816418448,7322.95231210392,0.000114601649552126,1,1,136.483085251141,solid_phi0,0
inf,140,0.0125568875706098,7323.66221540013,4.66020722323934e-05,1,1,136.483085251141,solid_phi0,0
inf,141,0.0119443173362432,7323.66742288478,0.000129834468953094,1,1,136.483085251141,solid_phi0,0
inf,142,0.0130659839811004,7323.36902851558,3.67511291410327e-05,1,1,136.483085251141,solid_phi0,0
inf,143,0.0115310974099702,7324.05474519729,0.000104971864092307,1,1,136.483085251141,solid_phi0,0
inf,144,0.0128833702498253,7324.00369548233,6.7176351674858e-05,1,1,136.483085251141,solid_phi0,0
inf,145,0.0138046466662613,7324.7500459042,8.52917020541799e-05,1,1,136.483085251141,solid_phi0,0
inf,146,0.0339973676828693,7324.74025158732,9.9731551628901e-05,1,1,136.483085251141,solid_phi0,0
inf,147,0.0405046406561908,7325.48997151008,5.3315820968014e-05,1,1,136.483085251141,solid_phi0,0
inf,148,0.033963042281644,7325.49199845743,0.000129096422279762,1,1,136.483085251141,solid_phi0,0
inf,149,0.024053369353976,7326.19139828377,3.76800418431245e-05,1,1,136.483085251141,solid_phi0,0
inf,150,0.0168065641501982,7326.14325325134,0.000133327754612167,1,1,136.483085251141,solid_phi0,0
inf,151,0.0139000014065229,7325.75975302979,1.30698249232175e-05,1,1,136.483085251141,solid_phi0,0
inf,152,0.0140160489167661,7326.38655133901,0.000118480204528426,1,1,136.483085251141,solid_phi0,0
inf,153,0.0134899597178074,7327.29170028737,5.79082265912412e-05,1,1,136.483085251141,solid_phi0,0
inf,154,0.0136114087033707,7327.25750439638,8.30140369436627e-05,1,1,136.483085251141,solid_phi0,0
inf,155,0.0124974992093407,7327.93060196313,9.71577951930369e-05,1,1,136.483085251141,solid_phi0,0
inf,156,0.0124923685800982,7327.79223475866,5.26280552632929e-05,1,1,136.483085251141,solid_phi0,0
inf,157,0.0116293243034894,7328.40723858492,0.000124025433917652,1,1,136.483085251141,solid_phi0,0
inf,158,0.0113343217921059,7328.22706780852,3.70162814582464e-05,1,1,136.483085251141,solid_phi0,0
inf,159,0.0298075527950978,7328.81534693522,0.000126538964223433,1,1,136.483085251141,solid_phi0,0
inf,160,0.050465812931998,7328.74880745527,6.98627646693595e-05,1,1,136.483085251141,solid_phi0,0
inf,161,0.0530935126151488,7329.4709559064,7.04526111879877e-05,1,1,136.483085251141,solid_phi0,0
inf,162,0.0442704101810631,7329.48571234049,0.000120259763514374,1,1,136.483085251141,solid_phi0,0
inf,163,0.0310167999403941,7330.18937029679,3.83200921514337e-05,1,1,136.483085251141,solid_phi0,0
inf,164,0.021154660810968,7330.1197039027,0.000131530633084909,1,1,136.483085251141,solid_phi0,0
inf,165,0.0147598652031198,7330.74326366107,4.1373252497201e-05,1,1,136.483085251141,solid_phi0,0
inf,166,0.011803330874833,7330.60689105625,0.000118503486215449,1,1,136.483085251141,solid_phi0,0
inf,167,0.0123086992811835,7331.18029486661,5.76467713701012e-05,1,1,136.483085251141,solid_phi0,0
inf,168,0.0169449879198448,7330.99852615951,0.000102244033964194,1,1,136.483085251141,solid_phi0,0
inf,169,0.0195027709005041,7331.54427748362,7.40702100400226e-05,1,1,136.483085251141,solid_phi0,0
inf,170,0.0159628198697087,7331.32767659153,8.02965172934655e-05,1,1,136.483085251141,solid_phi0,0
inf,171,0.0133341114112857,7331.83066863511,0.000107940245128724,1,1,136.483085251141,solid_phi0,0
inf,172,0.0130297136026399,7331.59999958624,3.60607091300924e-05,1,1,136.483085251141,solid_phi0,0
inf,173,0.012968975347552,7332.11924836276,0.000114849944029105,1,1,136.483085251141,solid_phi0,0
inf,174,0.0120405361876998,7332.88589933099,6.05048582228429e-05,1,1,136.483085251141,solid_phi0,0
inf,175,0.0121064591565143,7332.67673845962,6.77998077600606e-05,1,1,136.483085251141,solid_phi0,0
inf,176,0.0117970896497125,7333.19195403989,0.000118573677743039,1,1,136.483085251141,solid_phi0,0
inf,177,0.0113503549411422,7332.91381174179,1.96736488919935e-05,1,1,136.483085251141,solid_phi0,0
inf,178,0.0107841008137478,7333.38591540312,9.69165490511958e-05,1,1,136.483085251141,solid_phi0,0
inf,179,0.0103598177613925,7334.12466302092,8.62352902040175e-05,1,1,136.483085251141,solid_phi0,0
inf,180,0.0103034056555259,7333.93181666372,4.16395360502975e-05,1,1,136.483085251141,solid_phi0,0
inf,181,0.0101673685809686,7334.43779193533,0.00012015822103395,1,1,136.483085251141,solid_phi0,0
inf,182,0.00992218563476288,7335.18426280186,6.84635996333061e-05,1,1,136.483085251141,solid_phi0,0
inf,183,0.0103925925611212,7334.98401677313,6.09306030794343e-05,1,1,136.483085251141,solid_phi0,0
inf,184,0.0100116892349876,7335.44375124169,0.000133340324976916,1,1,136.483085251141,solid_phi0,0
inf,185,0.0105170972232997,7335.15405881745,1.187073708242e-05,1,1,136.483085251141,solid_phi0,0
inf,186,0.0138743412743096,7335.53899669709,9.48770804098942e-05,1,1,136.483085251141,solid_phi0,0
inf,187,0.0386662079576788,7336.23488655692,7.2368193081096e-05,1,1,136.483085251141,solid_phi0,0
inf,188,0.0629141246928537,7336.0456195437,8.63173069991507e-05,1,1,136.483085251141,solid_phi0,0
inf,189,0.0598509041588308,7336.56291051107,6.54893785871913e-05,1,1,136.483085251141,solid_phi0,0
inf,190,0.0665771232579774,7336.35486687649,0.000122499743177018,1,1,136.483085251141,solid_phi0,0
inf,191,0.060951471883039,7336.87519201629,1.83055476778993e-05,1,1,136.483085251141,solid_phi0,0
inf,192,0.0691813848811245,7336.67991516351,0.000100076014270978,1,1,136.483085251141,solid_phi0,0
inf,193,0.0582553214387906,7336.19480813465,5.82988581008248e-05,1,1,136.483085251141,solid_phi0,0
inf,194,0.0398212465538385,7336.67853279103,9.66593075940603e-05,1,1,136.483085251141,solid_phi0,0
inf,195,0.0261155243234075,7336.37490106293,5.73173558913176e-05,1,1,136.483085251141,solid_phi0,0
inf,196,0.0165994078231138,7336.85016889573,0.000118139675461482,1,1,136.483085251141,solid_phi0,0
inf,197,0.0118975208546891,7336.56763614108,3.89055068328314e-05,1,1,136.483085251141,solid_phi0,0
inf,198,0.0103014655252545,7337.01370395443,0.00012897655451316,1,1,136.483085251141,solid_phi0,0
inf,199,0.00990894439883394,7337.74990277771,3.7312422696445e-05,1,1,136.483085251141,solid_phi0,0
inf,200,0.00966408625732074,7337.52060401778,0.000105209428790554,1,1,136.483085251141,solid_phi0,0
inf,201,0.00944935740591346,7338.01746547823,6.56683563849958e-05,1,1,136.483085251141,solid_phi0,0
inf,202,0.00932946421486736,7337.72666585946,9.26040804174466e-05,1,1,136.483085251141,solid_phi0,0
inf,203,0.00902216897105679,7338.17678149339,8.09768563254654e-05,1,1,136.483085251141,solid_phi0,0
inf,204,0.00918446075451762,7337.90614607633,8.42448797251372e-05,1,1,136.483085251141,solid_phi0,0
inf,205,0.00863323733180454,7338.35860019483,9.15589968931707e-05,1,1,136.483085251141,solid_phi0,0
inf,206,0.00969685509122586,7338.11841137049,7.61296672955325e-05,1,1,136.483085251141,solid_phi0,0
inf,207,0.00923403039235182,7338.56982848186,0.00010080070098395,1,1,136.483085251141,solid_phi0,0
inf,208,0.0100986150847959,7338.32808235788,6.12120026828311e-05,1,1,136.483085251141,solid_phi0,0
inf,209,0.00960479047383289,7338.82108261993,0.000116743657830543,1,1,136.483085251141,solid_phi0,0
inf,210,0.0102289647798117,7338.57966840723,4.35958237512413e-05,1,1,136.483085251141,solid_phi0,0
inf,211,0.00979749601678226,7339.0697656948,0.000133790111490839,1,1,136.483085251141,solid_phi0,0
inf,212,0.0101487104550491,7339.83402086206,3.71419510200033e-05,1,1,136.483085251141,solid_phi0,0
inf,213,0.0103325834284848,7339.65125851097,9.70412560017397e-05,1,1,136.483085251141,solid_phi0,0
inf,214,0.0105313801540043,7340.18791743481,8.34700419752865e-05,1,1,136.483085251141,solid_phi0,0
inf,215,0.0105309028866604,7339.9085067439,6.02294647171764e-05,1,1,136.483085251141,solid_phi0,0
inf,216,0.0109538453220257,7340.36839563888,0.000128088748730049,1,1,136.483085251141,solid_phi0,0
inf,217,0.0107253172636361,7340.07766793661,1.14245696873905e-05,1,1,136.483085251141,solid_phi0,0
inf,218,0.0110146208596478,7340.56465944449,8.92655267532572e-05,1,1,136.483085251141,solid_phi0,0
inf,219,0.0101777101101318,7341.30946126313,8.99322150009763e-05,1,1,136.483085251141,solid_phi0,0
inf,220,0.0102646068767979,7341.09600911472,4.07193890985535e-05,1,1,136.483085251141,solid_phi0,0
inf,221,0.00980851416548856,7341.62452871742,0.000132742048127188,1,1,136.483085251141,solid_phi0,0
inf,222,0.00907470707057756,7342.35665178762,4.44928570229042e-05,1,1,136.483085251141,solid_phi0,0
inf,223,0.0089634119945714,7342.16594655723,9.50853665491191e-05,1,1,136.483085251141,solid_phi0,0
inf,224,0.00852856687713555,7342.70153887594,7.83828712046519e-05,1,1,136.483085251141,solid_phi0,0
inf,225,0.00831477907195954,7342.42776598243,7.8041274900631e-05,1,1,136.483085251141,solid_phi0,0
inf,226,0.00816052700470704,7342.91973364581,9.17102558514182e-05,1,1,136.483085251141,solid_phi0,0
inf,227,0.00770003464252556,7342.66408709953,7.40512931005632e-05,1,1,136.483085251141,solid_phi0,0
inf,228,0.00789009364003845,7343.16878091254,9.43715992843819e-05,1,1,136.483085251141,solid_phi0,0
inf,229,0.00765120743091008,7342.96079855847,7.66986053619689e-05,1,1,136.483085251141,solid_phi0,0
inf,230,0.00779348489603449,7343.49067460022,8.89416610115878e-05,1,1,136.483085251141,solid_phi0,0
inf,231,0.00785746724024228,7343.30922455906,8.53357672763178e-05,1,1,136.483085251141,solid_phi0,0
inf,232,0.00788023147401662,7343.85677595112,7.85327904799793e-05,1,1,136.483085251141,solid_phi0,0
inf,233,0.00803494376483904,7343.69412477808,9.79773791438543e-05,1,1,136.483085251141,solid_phi0,0
inf,234,0.00799752070627635,7344.25631100175,6.29846582705929e-05,1,1,136.483085251141,solid_phi0,0
inf,235,0.0121282730621042,7344.12184504928,0.00012042969333903,1,1,136.483085251141,solid_phi0,0
inf,236,0.0160263105875769,7344.71105523142,3.47113805564403e-05,1,1,136.483085251141,solid_phi0,0
inf,237,0.013420691505671,7344.59940888,0.000123714264485542,1,1,136.483085251141,solid_phi0,0
inf,238,0.0090629268213159,7344.2046724436,4.8232036812923e-05,1,1,136.483085251141,solid_phi0,0
inf,239,0.00822262211331437,7344.73979580182,9.14795484284747e-05,1,1,136.483085251141,solid_phi0,0
inf,240,0.00868638175298353,7344.58403040532,8.49759535763717e-05,1,1,136.483085251141,solid_phi0,0
inf,241,0.00845146024786869,7345.22036094272,6.60053985195308e-05,1,1,136.483085251141,solid_phi0,0
inf,242,0.00866470693842813,7345.12644442855,0.000114052433462408,1,1,136.483085251141,solid_phi0,0
inf,243,0.0111070244736822,7345.79466696455,3.67497289200935e-05,1,1,136.483085251141,solid_phi0,0
inf,244,0.0194817654111798,7345.73947860423,0.000119833291563398,1,1,136.483085251141,solid_phi0,0
inf,245,0.0193460670496833,7345.4450433896,5.66158616595036e-05,1,1,136.483085251141,solid_phi0,0
inf,246,0.0142290889817934,7346.12153664041,7.63575540265737e-05,1,1,136.483085251141,solid_phi0,0
inf,247,0.00934247969728658,7346.0769401159,0.000107317779050042,1,1,136.483085251141,solid_phi0,0
inf,248,0.00764303988558057,7346.85880385897,3.11833064624567e-05,1,1,136.483085251141,solid_phi0,0
inf,249,0.00675128154389759,7346.85841587236,0.000107199599456376,1,1,136.483085251141,solid_phi0,0
inf,250,0.00753024046524609,7346.62332507675,8.37263573680858e-05,1,1,136.483085251141,solid_phi0,0
inf,251,0.00655413776019409,7347.35288062373,3.09097872468467e-05,1,1,136.483085251141,solid_phi0,0
inf,252,0.0105625944343292,7347.36575074972,8.94018099881766e-05,1,1,136.483085251141,solid_phi0,0
inf,253,0.0147844327535728,7347.19204765073,0.000128125596245088,1,1,136.483085251141,solid_phi0,0
inf,254,0.0128194488671756,7348.01269245232,3.48367014317841e-05,1,1,136.483085251141,solid_phi0,0
inf,255,0.00894412747632511,7348.12218448048,6.23128523891125e-06,1,1,136.483085251141,solid_phi0,0
inf,256,0.00561122581385901,7348.02235631026,4.76478284666682e-05,1,1,136.483085251141,solid_phi0,0
inf,257,0.00473550963210745,7347.8590170239,7.23481784919988e-05,1,1,136.483085251141,solid_phi0,0
inf,258,0.00453421274379795,7347.6695449674,9.29264970738197e-05,1,1,136.483085251141,solid_phi0,0
inf,259,0.00429103138451348,7347.4995225822,0.000102777111915198,1,1,136.483085251141,solid_phi0,0
inf,260,0.00410596287129328,7347.35285243474,0.000107524692190553,1,1,136.483085251141,solid_phi0,0
inf,261,0.0039287819214654,7347.245074426,0.000104894808026668,1,1,136.483085251141,solid_phi0,0
inf,262,0.00379807333373039,7347.17446497336,9.69356734138449e-05,1,1,136.483085251141,solid_phi0,0
inf,263,0.00366405119514479,7347.14146304106,8.28605621029377e-05,1,1,136.483085251141,solid_phi0,0
inf,264,0.00354066255183494,7347.14460505022,6.39571879255119e-05,1,1,136.483085251141,solid_phi0,0
inf,265,0.00341505807102316,7347.19015660266,3.99993481010608e-05,1,1,136.483085251141,solid_phi0,0
inf,266,0.00329571644002025,7347.27833568283,1.10331231171212e-05,1,1,136.483085251141,solid_phi0,0
inf,267,0.00317553782617153,7347.4075624587,2.28004796438697e-05,1,1,136.483085251141,solid_phi0,0
inf,268,0.00306203871748589,7347.57839077795,6.09420899002622e-05,1,1,136.483085251141,solid_phi0,0
inf,269,0.00296920401576706,7347.79562505137,0.000104191673588883,1,1,136.483085251141,solid_phi0,0
inf,270,0.00397875508411571,7348.05551072409,0.000120526086909045,1,1,136.483085251141,solid_phi0,0
inf,271,0.00345332668616416,7347.34002467874,1.11361223847917e-05,1,1,136.483085251141,solid_phi0,0
inf,272,0.00309249435897108,7347.32491960497,5.39805634394153e-05,1,1,136.483085251141,solid_phi0,0
inf,273,0.00274858562256985,7347.56893594203,0.000133250328873791,1,1,136.483085251141,solid_phi0,0
inf,274,0.00384451178631595,7347.94036269245,6.53623397183223e-05,1,1,136.483085251141,solid_phi0,0
inf,275,0.00363125291857913,7347.39262259376,7.36921542718871e-05,1,1,136.483085251141,solid_phi0,0
inf,276,0.00366807565282457,7347.56204504481,0.000107943778482888,1,1,136.483085251141,solid_phi0,0
inf,277,0.00443092392513389,7346.98666002782,5.4157284020695e-05,1,1,136.483085251141,solid_phi0,0
inf,278,0.0041806169719758,7347.20079350837,0.000111935080580716,1,1,136.483085251141,solid_phi0,0
inf,279,0.00475965109871712,7346.72019977181,6.70884924010018e-05,1,1,136.483085251141,solid_phi0,0
inf,280,0.00436081550237699,7347.03622039728,8.37561634089434e-05,1,1,136.483085251141,solid_phi0,0
inf,281,0.00489702494901956,7346.677127163,0.000111600406140111,1,1,136.483085251141,solid_phi0,0
inf,282,0.00440007829944333,7347.11679294599,2.31866915298973e-05,1,1,136.483085251141,solid_phi0,0
inf,283,0.00338891999441415,7346.88934111925,8.40468877342238e-05,1,1,136.483085251141,solid_phi0,0
inf,284,0.00556655183729089,7346.44269212954,0.000122952631936846,1,1,136.483085251141,solid_phi0,0
inf,285,0.00981689836426064,7346.98177737295,3.16047909825201e-05,1,1,136.483085251141,solid_phi0,0
inf,286,0.00945866646992889,7346.88648890988,8.92844174082974e-06,1,1,136.483085251141,solid_phi0,0
inf,287,0.0066282301490924,7346.62499374665,4.40628386931818e-05,1,1,136.483085251141,solid_phi0,0
inf,288,0.00499328904932131,7346.32885865313,6.14291375925502e-05,1,1,136.483085251141,solid_phi0,0
inf,289,0.0454597786280131,7346.05991553199,5.37974006988851e-05,1,1,136.483085251141,solid_phi0,0
inf,290,0.107337889963733,7345.90370133828,5.09778851887077e-06,1,1,136.483085251141,solid_phi0,0
inf,291,0.121590644316351,7345.89411746029,6.02658662274269e-05,1,1,136.483085251141,solid_phi0,0
inf,292,0.0939537927864161,7345.92427262756,0.000120959324864556,1,1,136.483085251141,solid_phi0,0
inf,293,0.0595722094607937,7345.9691043477,0.000102029558601169,1,1,136.483085251141,solid_phi0,0
inf,294,0.0361076294494758,7345.07188244934,2.67252804786455e-06,1,1,136.483085251141,solid_phi0,0
inf,295,0.0210358191212228,7344.88033420253,4.96176249478175e-05,1,1,136.483085251141,solid_phi0,0
inf,296,0.0125733758235634,7344.98444827205,0.000114252627547051,1,1,136.483085251141,solid_phi0,0
inf,297,0.00714116325555458,7345.24695469729,9.8997890006336e-05,1,1,136.483085251141,solid_phi0,0
inf,298,0.00613667808879836,7344.62610774113,2.53785324726419e-05,1,1,136.483085251141,solid_phi0,0
inf,299,0.00470604319122958,7344.71218343928,0.000104537258120541,1,1,136.483085251141,solid_phi0,0
inf,300,0.00450157191742107,7345.10598995742,7.31760306287299e-05,1,1,136.483085251141,solid_phi0,0
inf,301,0.00443893273479889,7344.66700970215,7.53053540627491e-05,1,1,136.483085251141,solid_phi0,0
inf,302,0.00425661463459015,7344.98031009339,8.57579248817464e-05,1,1,136.483085251141,solid_phi0,0
inf,303,0.0040721297796471,7344.60098474564,9.51092635084194e-05,1,1,136.483085251141,solid_phi0,0
inf,304,0.00389642964032288,7345.01841778835,4.61766855801571e-05,1,1,136.483085251141,solid_phi0,0
inf,305,0.00325952912767724,7344.78062810603,0.000114139064364638,1,1,136.483085251141,solid_phi0,0
inf,306,0.00413825175591209,7344.34061591696,9.16359943134992e-05,1,1,136.483085251141,solid_phi0,0
inf,307,0.00333283627989778,7344.85875161912,3.81138592131514e-06,1,1,136.483085251141,solid_phi0,0
inf,308,0.00548527914698525,7344.77853537489,4.10148414609068e-05,1,1,136.483085251141,solid_phi0,0
inf,309,0.0104005371869912,7344.53239380199,6.59227708589283e-05,1,1,136.483085251141,solid_phi0,0
inf,310,0.0683545000691937,7344.27741341851,4.85587532677023e-05,1,1,136.483085251141,solid_phi0,0
inf,311,0.135237908811912,7344.1315766083,5.78071340906483e-06,1,1,136.483085251141,solid_phi0,0
inf,312,0.139757080060015,7344.08984969731,7.63071446325814e-05,1,1,136.483085251141,solid_phi0,0
inf,313,0.102810273140389,7343.99180220057,0.000132849129692136,1,1,136.483085251141,solid_phi0,0
inf,314,0.0646815365009005,7342.93161411235,2.33862227303483e-05,1,1,136.483085251141,solid_phi0,0
inf,315,0.0379002866334399,7342.56637744699,2.16495391065497e-05,1,1,136.483085251141,solid_phi0,0
inf,316,0.0223599790034925,7342.55126526673,7.16780834693065e-05,1,1,136.483085251141,solid_phi0,0
inf,317,0.0144562408240118,7342.67940943429,0.000111886040340625,1,1,136.483085251141,solid_phi0,0
inf,318,0.00936087194502915,7342.92029279113,0.000110755614251667,1,1,136.483085251141,solid_phi0,0
inf,319,0.0146544772561698,7342.24364292605,2.35858843822268e-06,1,1,136.483085251141,solid_phi0,0
inf,320,0.0133856317510229,7342.2752459843,6.55986516979734e-05,1,1,136.483085251141,solid_phi0,0
inf,321,0.00918993517956428,7342.57547554044,0.000120753509993632,1,1,136.483085251141,solid_phi0,0
inf,322,0.00600106828769986,7342.00507030169,1.46482145775284e-05,1,1,136.483085251141,solid_phi0,0
inf,323,0.0055052672291247,7342.17233035339,0.000114061308895463,1,1,136.483085251141,solid_phi0,0
inf,324,0.00519861426608048,7342.62028563378,4.08573622320274e-05,1,1,136.483085251141,solid_phi0,0
inf,325,0.00494260679149305,7342.22708020315,0.000128284566995873,1,1,136.483085251141,solid_phi0,0
inf,326,0.00468875042661121,7342.57341162389,9.79358301700373e-06,1,1,136.483085251141,solid_phi0,0
inf,327,0.00392661166888753,7342.22863244676,7.93932492870741e-05,1,1,136.483085251141,solid_phi0,0
inf,328,0.0051073690170842,7341.66039409954,0.00012572926758847,1,1,136.483085251141,solid_phi0,0
inf,329,0.00479276532522965,7342.0526139459,3.16789002912099e-05,1,1,136.483085251141,solid_phi0,0
inf,330,0.0273619719647871,7341.83872515148,4.55634130913651e-06,1,1,136.483085251141,solid_phi0,0
inf,331,0.0847418561497945,7341.48717925745,6.72265388468318e-06,1,1,136.483085251141,solid_phi0,0
inf,332,0.111709406404009,7341.17967346655,3.94326534980394e-05,1,1,136.483085251141,solid_phi0,0
inf,333,0.0946006872584505,7340.84597241976,7.16322654679136e-05,1,1,136.483085251141,solid_phi0,0
inf,334,0.0647889890630463,7340.55076563385,0.000105834989224007,1,1,136.483085251141,solid_phi0,0
inf,335,0.0397432386783696,7340.3300218529,0.000130482312192703,1,1,136.483085251141,solid_phi0,0
inf,336,0.0252384826727365,7339.22921385019,3.60359108518837e-05,1,1,136.483085251141,solid_phi0,0
inf,337,0.0149718887158022,7338.75447017993,1.16016843851874e-05,1,1,136.483085251141,solid_phi0,0
inf,338,0.00955801266052941,7338.5824214851,7.4216145642847e-05,1,1,136.483085251141,solid_phi0,0
inf,339,0.00629429253516256,7338.52341347801,0.000129431502601918,1,1,136.483085251141,solid_phi0,0
inf,340,0.00509386572826709,7338.57822829748,7.78537069876517e-05,1,1,136.483085251141,solid_phi0,0
inf,341,0.00466671617512138,7337.73778525424,3.95969931015205e-05,1,1,136.483085251141,solid_phi0,0
inf,342,0.00463509547270335,7337.50019772466,0.000107625158686453,1,1,136.483085251141,solid_phi0,0
inf,343,0.00482231709133141,7337.54721262111,8.35586462115678e-05,1,1,136.483085251141,solid_phi0,0
inf,344,0.00450304525935463,7336.74170494805,4.35469035129366e-05,1,1,136.483085251141,solid_phi0,0
inf,345,0.00449568529702604,7336.56987413117,0.000121996304768723,1,1,136.483085251141,solid_phi0,0
inf,346,0.00461858615803468,7336.69172919398,6.18432545774761e-05,1,1,136.483085251141,solid_phi0,0
inf,347,0.00435109923544241,7335.96817080051,7.12487787417615e-05,1,1,136.483085251141,solid_phi0,0
inf,348,0.00437272070972772,7335.86359302307,0.000114729778988076,1,1,136.483085251141,solid_phi0,0
inf,349,0.00506955213560023,7335.11288230264,3.21097606061915e-05,1,1,136.483085251141,solid_phi0,0
inf,350,0.00422340596027349,7334.99150841878,0.000113514286993688,1,1,136.483085251141,solid_phi0,0
inf,351,0.00421697876515492,7335.20628766321,6.05177552149838e-05,1,1,136.483085251141,solid_phi0,0
inf,352,0.00407861873432536,7334.55759115367,7.43873721400501e-05,1,1,136.483085251141,solid_phi0,0
inf,353,0.00398472392098814,7334.5362406099,0.00010711725733259,1,1,136.483085251141,solid_phi0,0
inf,354,0.00545125636218817,7333.85961005554,4.17064043063409e-05,1,1,136.483085251141,solid_phi0,0
inf,355,0.00782371854537413,7333.82006053944,0.000126580264926623,1,1,136.483085251141,solid_phi0,0
inf,356,0.00686450215880086,7334.10464553212,4.59617450431216e-05,1,1,136.483085251141,solid_phi0,0
inf,357,0.00473191861114928,7333.52564419154,9.19077880106034e-05,1,1,136.483085251141,solid_phi0,0
inf,358,0.00558243490137243,7333.55438626401,8.63544941678285e-05,1,1,136.483085251141,solid_phi0,0
inf,359,0.00955896703484997,7332.92439414302,6.60334262541085e-05,1,1,136.483085251141,solid_phi0,0
inf,360,0.00908325203754092,7332.91459954543,0.000113219412342547,1,1,136.483085251141,solid_phi0,0
inf,361,0.00637701218269626,7332.2917063023,4.24213069536439e-05,1,1,136.483085251141,solid_phi0,0
inf,362,0.003883832689056,7332.28470610632,0.000125567859678766,1,1,136.483085251141,solid_phi0,0
inf,363,0.00388490969183364,7332.60068899987,4.70005405844853e-05,1,1,136.483085251141,solid_phi0,0
inf,364,0.00352814678908953,7332.04652542625,8.59678508469131e-05,1,1,136.483085251141,solid_phi0,0
inf,365,0.00381836364425026,7332.12875534995,9.51780221642995e-05,1,1,136.483085251141,solid_phi0,0
inf,366,0.00430253908538281,7331.53447342364,4.79600362552901e-05,1,1,136.483085251141,solid_phi0,0
inf,367,0.00329089136243776,7331.57819751886,0.000127293919220728,1,1,136.483085251141,solid_phi0,0
inf,368,0.00381062078576688,7331.90515999978,5.34807671418447e-05,1,1,136.483085251141,solid_phi0,0
inf,369,0.00334797460436753,7331.3652307251,7.49855409576394e-05,1,1,136.483085251141,solid_phi0,0
inf,370,0.00375885950013743,7331.44483195386,0.000112941709072722,1,1,136.483085251141,solid_phi0,0
inf,371,0.00407214424166957,7330.84250742044,2.60058564851562e-05,1,1,136.483085251141,solid_phi0,0
inf,372,0.00499990750290278,7330.87323124036,0.000101543159211293,1,1,136.483085251141,solid_phi0,0
inf,373,0.00697053858005992,7331.19582038302,8.10419432933918e-05,1,1,136.483085251141,solid_phi0,0
inf,374,0.00601052975636598,7330.66271568058,4.53694938333804e-05,1,1,136.483085251141,solid_phi0,0
inf,375,0.00408740079429235,7330.75062609298,0.000117714736088681,1,1,136.483085251141,solid_phi0,0
inf,376,0.00357951335351514,7331.07326539371,7.42301515077592e-05,1,1,136.483085251141,solid_phi0,0
inf,377,0.0031955416425562,7330.52903470967,4.7624826328585e-05,1,1,136.483085251141,solid_phi0,0
inf,378,0.00269046931811912,7330.60240846141,0.000114091350106316,1,1,136.483085251141,solid_phi0,0
inf,379,0.0034417094420427,7330.91133050171,7.87748101848118e-05,1,1,136.483085251141,solid_phi0,0
inf,380,0.00678217567232047,7330.35468406196,4.24683144037985e-05,1,1,136.483085251141,solid_phi0,0
inf,381,0.00775198349529376,7330.44155721044,0.000109998437958447,1,1,136.483085251141,solid_phi0,0
inf,382,0.00597741677067947,7330.76181513173,8.35052458924013e-05,1,1,136.483085251141,solid_phi0,0
inf,383,0.00381061471098907,7330.20162769773,3.60031780690662e-05,1,1,136.483085251141,solid_phi0,0
inf,384,0.00373935565168075,7330.27487505845,0.000101451737652303,1,1,136.483085251141,solid_phi0,0
inf,385,0.003703917496927,7330.5825822326,9.38831163220799e-05,1,1,136.483085251141,solid_phi0,0
inf,386,0.00343577414692753,7330.00885718531,2.35200579088435e-05,1,1,136.483085251141,solid_phi0,0
inf,387,0.00315177369007036,7330.06545765503,8.63371503387889e-05,1,1,136.483085251141,solid_phi0,0
inf,388,0.00379694628032701,7330.34851596968,0.000110170027710743,1,1,136.483085251141,solid_phi0,0
inf,389,0.00354452683582174,7329.76002175065,4.74209708456463e-06,1,1,136.483085251141,solid_phi0,0
inf,390,0.00309311559244108,7329.81219456149,6.81429171771608e-05,1,1,136.483085251141,solid_phi0,0
inf,391,0.00380989762361827,7330.10039290579,0.000129535715546414,1,1,136.483085251141,solid_phi0,0
inf,392,0.00359035975603206,7329.50414466963,1.50295235300524e-05,1,1,136.483085251141,solid_phi0,0
inf,393,0.00307025744173184,7329.5413062708,4.68862198612641e-05,1,1,136.483085251141,solid_phi0,0
inf,394,0.0028694942085391,7329.81532163408,0.000109814914909245,1,1,136.483085251141,solid_phi0,0
inf,395,0.00399069299173338,7330.14323054216,0.000103041680098226,1,1,136.483085251141,solid_phi0,0
inf,396,0.00553556678950982,7329.57942970801,1.14747532271586e-05,1,1,136.483085251141,solid_phi0,0
inf,397,0.00608365551710844,7329.62161086971,6.77748733410866e-05,1,1,136.483085251141,solid_phi0,0
inf,398,0.00460712863546951,7329.90942255899,0.000129325144508474,1,1,136.483085251141,solid_phi0,0
inf,399,0.00419837325088779,7330.22431948832,8.88743523148605e-05,1,1,136.483085251141,solid_phi0,0
inf,400,0.00379295972678606,7329.64042305604,2.14784148981906e-05,1,1,136.483085251141,solid_phi0,0
inf,401,0.00335888819080765,7329.63623503787,7.12927373929251e-05,1,1,136.483085251141,solid_phi0,0
inf,402,0.00305395657304386,7329.87956265589,0.000128162902426565,1,1,136.483085251141,solid_phi0,0
inf,403,0.00426390443555935,7330.15594631124,9.3248068217866e-05,1,1,136.483085251141,solid_phi0,0
inf,404,0.00562817761283093,7329.55037665327,1.54098235152222e-05,1,1,136.483085251141,solid_phi0,0
inf,405,0.00528831536548252,7329.52641822086,6.51825348765289e-05,1,1,136.483085251141,solid_phi0,0
inf,406,0.00367234286724087,7329.76420741013,0.000122077069538262,1,1,136.483085251141,solid_phi0,0
inf,407,0.00417991721217759,7330.0396454048,0.000101850035407192,1,1,136.483085251141,solid_phi0,0
inf,408,0.00360859365061716,7329.42813674485,5.58240122416898e-06,1,1,136.483085251141,solid_phi0,0
inf,409,0.00338847733686587,7329.40843274675,5.33191733285143e-05,1,1,136.483085251141,solid_phi0,0
inf,410,0.00311565060112473,7329.65222356269,0.000109124529298565,1,1,136.483085251141,solid_phi0,0
inf,411,0.00411263246889859,7329.93503143255,0.000115988734817996,1,1,136.483085251141,solid_phi0,0
inf,412,0.00360909438432222,7329.33299338355,7.64129510322231e-06,1,1,136.483085251141,solid_phi0,0
inf,413,0.00329515202735486,7329.33991562442,4.1771119693168e-05,1,1,136.483085251141,solid_phi0,0
inf,414,0.00301892319411734,7329.61676651683,9.96209212467125e-05,1,1,136.483085251141,solid_phi0,0
inf,415,0.00405278837870338,7329.92962255434,0.000123881157109262,1,1,136.483085251141,solid_phi0,0
inf,416,0.00363502793291726,7329.35234437909,1.43545766523312e-05,1,1,136.483085251141,solid_phi0,0
inf,417,0.00320649975379272,7329.36917381917,3.58106336173503e-05,1,1,136.483085251141,solid_phi0,0
inf,418,0.00617661596771206,7329.65295549309,9.65860712140998e-05,1,1,136.483085251141,solid_phi0,0
inf,419,0.00861151283405186,7329.98888624637,0.000122285780238429,1,1,136.483085251141,solid_phi0,0
inf,420,0.00733085883057271,7329.45199658789,8.563671802575e-06,1,1,136.483085251141,solid_phi0,0
inf,421,0.00487089751850129,7329.50357447792,4.46887721559097e-05,1,1,136.483085251141,solid_phi0,0
inf,422,0.0028661506110553,7329.8153290551,0.000106617556758559,1,1,136.483085251141,solid_phi0,0
inf,423,0.00384779432271132,7330.16042314234,0.000113319066391893,1,1,136.483085251141,solid_phi0,0
inf,424,0.00368111729829601,7329.62767392827,1.64287422843579e-06,1,1,136.483085251141,solid_phi0,0
inf,425,0.00341543867058551,7329.69811221084,5.50632509246363e-05,1,1,136.483085251141,solid_phi0,0
inf,426,0.00280926484480504,7330.03479203484,0.000118057575176911,1,1,136.483085251141,solid_phi0,0
inf,427,0.00387263957986528,7330.40340335325,0.000101788721071028,1,1,136.483085251141,solid_phi0,0
inf,428,0.00370933430558096,7329.87952995329,1.30350934837153e-05,1,1,136.483085251141,solid_phi0,0
inf,429,0.00327904936134893,7329.94899211836,6.53622729933634e-05,1,1,136.483085251141,solid_phi0,0
inf,430,0.00299480625654136,7330.27667370126,0.000127444870670512,1,1,136.483085251141,solid_phi0,0
inf,431,0.00404156668259703,7330.63636820037,9.24507589381562e-05,1,1,136.483085251141,solid_phi0,0
inf,432,0.0219628337571253,7330.11067204609,3.16154236679189e-05,1,1,136.483085251141,solid_phi0,0
inf,433,0.0725269700025778,7330.22646970723,0.000115324887695722,1,1,136.483085251141,solid_phi0,0
inf,434,0.0980275138800461,7330.70708722992,4.41430732153192e-05,1,1,136.483085251141,solid_phi0,0
inf,435,0.0824080509165516,7330.31220755834,0.000103736694380574,1,1,136.483085251141,solid_phi0,0
inf,436,0.0533991268577764,7330.55010048445,7.48954148970249e-05,1,1,136.483085251141,solid_phi0,0
inf,437,0.0312086318640533,7330.02922062577,6.65704257076793e-05,1,1,136.483085251141,solid_phi0,0
inf,438,0.0165680837084565,7330.15660815278,0.000126783635583161,1,1,136.483085251141,solid_phi0,0
inf,439,0.00923538922402434,7329.60363568558,1.33501750307907e-05,1,1,136.483085251141,solid_phi0,0
inf,440,0.00518787331680504,7329.71051154043,8.11792896147079e-05,1,1,136.483085251141,solid_phi0,0
inf,441,0.0039649316525705,7330.12513018023,0.000103384047108523,1,1,136.483085251141,solid_phi0,0
inf,442,0.00354101992689582,7329.61073671745,1.78197462423757e-05,1,1,136.483085251141,solid_phi0,0
inf,443,0.00321674319440712,7329.79799684412,9.0740759223662e-05,1,1,136.483085251141,solid_phi0,0
inf,444,0.00394607852059137,7330.2120092711,0.000100909299280305,1,1,136.483085251141,solid_phi0,0
inf,445,0.00346235474241263,7329.72812627578,2.28329221441115e-05,1,1,136.483085251141,solid_phi0,0
inf,446,0.00313701754468176,7329.91389074311,9.35005645787967e-05,1,1,136.483085251141,solid_phi0,0
inf,447,0.00388674077651607,7330.34722526062,9.59959728675797e-05,1,1,136.483085251141,solid_phi0,0
inf,448,0.0034015198862547,7329.86832446759,2.7491950133518e-05,1,1,136.483085251141,solid_phi0,0
inf,449,0.00305299971440176,7330.07305860945,0.000100890380762886,1,1,136.483085251141,solid_phi0,0
inf,450,0.00382072233228081,7330.53103751812,8.53230080725131e-05,1,1,136.483085251141,solid_phi0,0
inf,451,0.00334013981353953,7330.10212251743,4.22441054805933e-05,1,1,136.483085251141,solid_phi0,0
inf,452,0.002967364964649,7330.35362309061,0.000118482232660533,1,1,136.483085251141,solid_phi0,0
inf,453,0.00374290927379428,7330.84288504001,6.64140298344273e-05,1,1,136.483085251141,solid_phi0,0
inf,454,0.00320250628625596,7330.41494335067,6.02744659889964e-05,1,1,136.483085251141,solid_phi0,0
inf,455,0.00366737212758705,7330.65345188714,0.000125246042916527,1,1,136.483085251141,solid_phi0,0
inf,456,0.00405257383576318,7330.18664062407,1.3785590479598e-05,1,1,136.483085251141,solid_phi0,0
inf,457,0.00282867435616629,7330.37769104333,9.02855796025559e-05,1,1,136.483085251141,solid_phi0,0
inf,458,0.00329038094560163,7330.87523551036,8.47769427971823e-05,1,1,136.483085251141,solid_phi0,0
inf,459,0.00289326264387402,7330.46172548285,4.36071989129427e-05,1,1,136.483085251141,solid_phi0,0
inf,460,0.00256896767039283,7330.72706519322,0.000125331694229791,1,1,136.483085251141,solid_phi0,0
inf,461,0.00301856743493922,7331.23570071044,5.3495260813885e-05,1,1,136.483085251141,solid_phi0,0
inf,462,0.00297235758110169,7330.86415145558,7.94802316401721e-05,1,1,136.483085251141,solid_phi0,0
inf,463,0.00338548777020964,7331.15468524414,0.00010019297517283,1,1,136.483085251141,solid_phi0,0
inf,464,0.00413894881818144,7330.75691604054,4.77608818201247e-05,1,1,136.483085251141,solid_phi0,0
inf,465,0.00456251141126574,7331.02479016519,0.00012998264889974,1,1,136.483085251141,solid_phi0,0
inf,466,0.0065782446436155,7330.65072850107,2.7507761169554e-05,1,1,136.483085251141,solid_phi0,0
inf,467,0.00679348346406785,7330.94044494883,0.000115758532900134,1,1,136.483085251141,solid_phi0,0
inf,468,0.00492985506626466,7331.5542555676,4.76928127846055e-05,1,1,136.483085251141,solid_phi0,0
inf,469,0.00301294291236902,7331.2251097347,9.08061191839948e-05,1,1,136.483085251141,solid_phi0,0
inf,470,0.00277712875199976,7331.57515143351,8.06058254955166e-05,1,1,136.483085251141,solid_phi0,0
inf,471,0.00369930717701072,7331.19507217544,6.9923657280091e-05,1,1,136.483085251141,solid_phi0,0
inf,472,0.00425780026886635,7331.4798394292,0.000104016211975644,1,1,136.483085251141,solid_phi0,0
inf,473,0.00474015442791931,7331.10626221776,5.29121210464112e-05,1,1,136.483085251141,solid_phi0,0
inf,474,0.0049537255978146,7331.37998392713,0.000120986178165916,1,1,136.483085251141,solid_phi0,0
inf,475,0.00521042600219912,7331.02319291424,3.976502298908e-05,1,1,136.483085251141,solid_phi0,0
inf,476,0.00357770720489281,7331.30132574327,0.000128754673208276,1,1,136.483085251141,solid_phi0,0
inf,477,0.00261291982496226,7331.90649526042,3.31503540519362e-05,1,1,136.483085251141,solid_phi0,0
inf,478,0.00266162078899701,7331.57305791597,0.000107435476029316,1,1,136.483085251141,solid_phi0,0
inf,479,0.00265367694488894,7331.932565036,6.16590046814691e-05,1,1,136.483085251141,solid_phi0,0
inf,480,0.00366386428948207,7331.56707986641,9.17823641173321e-05,1,1,136.483085251141,solid_phi0,0
inf,481,0.00423405498412277,7331.87173070551,7.95930477112128e-05,1,1,136.483085251141,solid_phi0,0
inf,482,0.00472507848656278,7331.51876219179,8.03002904632422e-05,1,1,136.483085251141,solid_phi0,0
inf,483,0.00494525534050583,7331.81386131149,9.13812582273854e-05,1,1,136.483085251141,solid_phi0,0
inf,484,0.00520345820291257,7331.47730787968,7.25010515367774e-05,1,1,136.483085251141,solid_phi0,0
inf,485,0.00526461319398797,7331.77666271314,9.91398889105266e-05,1,1,136.483085251141,solid_phi0,0
inf,486,0.00541811392989366,7331.45255548299,6.75654187900498e-05,1,1,136.483085251141,solid_phi0,0
inf,487,0.00540695488409193,7331.76036457352,0.000103766321580823,1,1,136.483085251141,solid_phi0,0
inf,488,0.00551357330418878,7331.44552176866,6.48479258682499e-05,1,1,136.483085251141,solid_phi0,0
inf,489,0.00546992750532393,7331.76327866073,0.000104254424362571,1,1,136.483085251141,solid_phi0,0
inf,490,0.00706282194839882,7331.4678193662,6.80813956959181e-05,1,1,136.483085251141,solid_phi0,0
inf,491,0.00672935917557366,7331.81103968373,9.91052876987419e-05,1,1,136.483085251141,solid_phi0,0
inf,492,0.00557454187858153,7331.5298118821,7.3379716517108e-05,1,1,136.483085251141,solid_phi0,0
inf,493,0.00550925645735567,7331.87158852039,9.47443449736962e-05,1,1,136.483085251141,solid_phi0,0
inf,494,0.00558193518656813,7331.58356678201,7.70302877022289e-05,1,1,136.483085251141,solid_phi0,0
inf,495,0.00551582819408014,7331.92066962068,9.14918955753352e-05,1,1,136.483085251141,solid_phi0,0
inf,496,0.00558705788308633,7331.63034540294,8.01151134584011e-05,1,1,136.483085251141,solid_phi0,0
inf,497,0.00552146143673726,7331.96756803283,8.83558041250287e-05,1,1,136.483085251141,solid_phi0,0
inf,498,0.00559205954720965,7331.67788100135,8.33356881029257e-05,1,1,136.483085251141,solid_phi0,0
inf,499,0.00552676189578616,7332.01670153374,8.49596578403888e-05,1,1,136.483085251141,solid_phi0,0
inf,500,0.00559679348749909,7331.72832756253,8.68799189661651e-05,1,1,136.483085251141,solid_phi0,0
inf,501,0.00553170724994856,7332.06896353772,8.12079185896764e-05,1,1,136.483085251141,solid_phi0,0
inf,502,0.00560130201953468,7331.78194979615,9.06520546928302e-05,1,1,136.483085251141,solid_phi0,0
inf,503,0.00553935775042269,7332.12457098514,7.70775590075434e-05,1,1,136.483085251141,solid_phi0,0
inf,504,0.00560858184164426,7331.83883909163,9.50631549516689e-05,1,1,136.483085251141,solid_phi0,0
inf,505,0.00555176803818402,7332.18387858705,7.12772156697961e-05,1,1,136.483085251141,solid_phi0,0
inf,506,0.00561858976188334,7331.90055656815,0.000101809111849205,1,1,136.483085251141,solid_phi0,0
inf,507,0.00556444619568208,7332.24834139864,6.46894623490546e-05,1,1,136.483085251141,solid_phi0,0
inf,508,0.00562616529101212,7331.96553020531,0.000107624347862378,1,1,136.483085251141,solid_phi0,0
inf,509,0.00557309212063395,7332.31258938126,5.95964523015802e-05,1,1,136.483085251141,solid_phi0,0
inf,510,0.00563112339507188,7332.0287021528,0.000112228467918252,1,1,136.483085251141,solid_phi0,0
inf,511,0.00557947968349626,7332.37555145808,5.52459919844761e-05,1,1,136.483085251141,solid_phi0,0
inf,512,0.00563488895435671,7332.09146419194,0.000116430632085107,1,1,136.483085251141,solid_phi0,0
inf,513,0.00558471677324268,7332.43865216323,5.11974504392443e-05,1,1,136.483085251141,solid_phi0,0
inf,514,0.00563851284459982,7332.15463279421,0.000120329585603374,1,1,136.483085251141,solid_phi0,0
inf,515,0.00558990060722497,7332.50225493919,4.65359733483606e-05,1,1,136.483085251141,solid_phi0,0
inf,516,0.0056431949175616,7332.22002551311,0.00012544637958456,1,1,136.483085251141,solid_phi0,0
inf,517,0.00559551422556681,7332.5683757699,4.16373332325914e-05,1,1,136.483085251141,solid_phi0,0
inf,518,0.00564784341973246,7332.28701571089,0.000130594151262375,1,1,136.483085251141,solid_phi0,0
inf,519,0.00560017748430075,7332.63730566206,3.70047929456607e-05,1,1,136.483085251141,solid_phi0,0
inf,520,0.00395268688865191,7332.35634651575,0.000127393417351906,1,1,136.483085251141,solid_phi0,0
inf,521,0.00258923048237181,7331.75273803982,3.14757586905579e-05,1,1,136.483085251141,solid_phi0,0
inf,522,0.00263784284558588,7332.10894915261,0.000110598990530675,1,1,136.483085251141,solid_phi0,0
inf,523,0.00266632880762319,7331.7569447641,5.88237783063494e-05,1,1,136.483085251141,solid_phi0,0
inf,524,0.00359152632307047,7332.15805530663,9.49725435419602e-05,1,1,136.483085251141,solid_phi0,0
inf,525,0.00431572480118447,7331.87574121053,7.93381035302243e-05,1,1,136.483085251141,solid_phi0,0
inf,526,0.00470104887892597,7332.27727103245,7.84147171428717e-05,1,1,136.483085251141,solid_phi0,0
inf,527,0.0050584218573384,7332.01949181938,9.78707357746078e-05,1,1,136.483085251141,solid_phi0,0
inf,528,0.00520289692660214,7332.41551566947,6.29926870766573e-05,1,1,136.483085251141,solid_phi0,0
inf,529,0.00539383022681994,7332.16341528019,0.000112846025353885,1,1,136.483085251141,solid_phi0,0
inf,530,0.00543107331479142,7332.55192556538,4.993093909611e-05,1,1,136.483085251141,solid_phi0,0
inf,531,0.00554566050688332,7332.29994095844,0.000125592747405312,1,1,136.483085251141,solid_phi0,0
inf,532,0.00553588599700894,7332.68361904974,3.78619924247259e-05,1,1,136.483085251141,solid_phi0,0
inf,533,0.00391532355491997,7332.43104602037,0.00012423759800817,1,1,136.483085251141,solid_phi0,0
inf,534,0.00259885565497579,7331.85794802797,3.8868407866266e-05,1,1,136.483085251141,solid_phi0,0
inf,535,0.00253645582128936,7332.24461831223,9.90775114565468e-05,1,1,136.483085251141,solid_phi0,0
inf,536,0.00268291873706317,7331.92023816804,7.37561783765717e-05,1,1,136.483085251141,solid_phi0,0
inf,537,0.00360960493777396,7332.34909793318,7.69214129959783e-05,1,1,136.483085251141,solid_phi0,0
inf,538,0.00432974975854106,7332.09160077699,9.92142759228543e-05,1,1,136.483085251141,solid_phi0,0
inf,539,0.00471872816983798,7332.51568774724,5.73096793264893e-05,1,1,136.483085251141,solid_phi0,0
inf,540,0.00506966259339736,7332.27780451466,0.000119909666557394,1,1,136.483085251141,solid_phi0,0
inf,541,0.00521784504972644,7332.69238157279,3.94335722777583e-05,1,1,136.483085251141,solid_phi0,0
inf,542,0.00370148556036143,7332.46031518902,0.000124170131011514,1,1,136.483085251141,solid_phi0,0
inf,543,0.00230945172362784,7331.91377299763,4.0977766113226e-05,1,1,136.483085251141,solid_phi0,0
inf,544,0.00248519214905274,7332.32119913816,9.55994665884363e-05,1,1,136.483085251141,solid_phi0,0
inf,545,0.00275159858887308,7332.01805397242,7.89364579851792e-05,1,1,136.483085251141,solid_phi0,0
inf,546,0.0036605811044077,7332.46412280298,7.01602403880841e-05,1,1,136.483085251141,solid_phi0,0
inf,547,0.00436121646947851,7332.22407382572,0.000107702719987612,1,1,136.483085251141,solid_phi0,0
inf,548,0.00474232284844023,7332.66233476142,4.72231344259555e-05,1,1,136.483085251141,solid_phi0,0
inf,549,0.00338254483170053,7332.43892937584,0.000130516108932333,1,1,136.483085251141,solid_phi0,0
inf,550,0.002243747704051,7331.9117669735,3.74806581353582e-05,1,1,136.483085251141,solid_phi0,0
inf,551,0.00244842463750505,7332.33202956046,9.74405071046958e-05,1,1,136.483085251141,solid_phi0,0
inf,552,0.00284871331455427,7332.04656344176,7.95079445574665e-05,1,1,136.483085251141,solid_phi0,0
inf,553,0.00372618116425449,7332.50663164346,6.78044379451848e-05,1,1,136.483085251141,solid_phi0,0
inf,554,0.00440337786358125,7332.28260180753,0.000111907913714182,1,1,136.483085251141,solid_phi0,0
inf,555,0.00477147437651126,7332.73361122572,4.15507350691735e-05,1,1,136.483085251141,solid_phi0,0
inf,556,0.00340002067050971,7332.52332186013,0.000123329309178355,1,1,136.483085251141,solid_phi0,0
inf,557,0.00218463607064134,7332.00786492486,4.57220916005863e-05,1,1,136.483085251141,solid_phi0,0
inf,558,0.00241238279664058,7332.43869986292,8.81447975199512e-05,1,1,136.483085251141,solid_phi0,0
inf,559,0.0028425104180223,7332.16259045971,8.94980149437341e-05,1,1,136.483085251141,solid_phi0,0
inf,560,0.00372344012343895,7332.63008805,5.70899768170818e-05,1,1,136.483085251141,solid_phi0,0
inf,561,0.00439907359741865,7332.41349556628,0.000123307174884735,1,1,136.483085251141,solid_phi0,0
inf,562,0.00477021548807333,7332.87148906578,2.9220354127224e-05,1,1,136.483085251141,solid_phi0,0
inf,563,0.00339673427436726,7332.66984609896,0.00010944253256584,1,1,136.483085251141,solid_phi0,0
inf,564,0.0048219063206394,7332.16894811414,6.24017545796107e-05,1,1,136.483085251141,solid_phi0,0
inf,565,0.00543114736929214,7332.62457258124,6.780682230767e-05,1,1,136.483085251141,solid_phi0,0
inf,566,0.00428085491711746,7332.38054890049,0.000114227065074024,1,1,136.483085251141,solid_phi0,0
inf,567,0.00523358161748109,7332.88718368662,2.79294303021649e-05,1,1,136.483085251141,solid_phi0,0
inf,568,0.00412987953874003,7332.70949359937,0.000105719435541718,1,1,136.483085251141,solid_phi0,0
inf,569,0.00262871351878598,7332.24657510002,7.0146998970122e-05,1,1,136.483085251141,solid_phi0,0
inf,570,0.00235645763854886,7332.70656693302,6.0269285954595e-05,1,1,136.483085251141,solid_phi0,0
inf,571,0.0030514400007694,7332.46584802211,0.000122730297112961,1,1,136.483085251141,solid_phi0,0
inf,572,0.00707643164932418,7332.95828171796,1.83157129584055e-05,1,1,136.483085251141,solid_phi0,0
inf,573,0.00804849197951787,7332.77235776862,9.33914724701168e-05,1,1,136.483085251141,solid_phi0,0
inf,574,0.0061514327546858,7332.30472343287,8.44017488057514e-05,1,1,136.483085251141,solid_phi0,0
inf,575,0.00380629490832752,7332.76696628714,4.43625689499072e-05,1,1,136.483085251141,solid_phi0,0
inf,576,0.00208668286937461,7332.52983216949,0.000123150260595839,1,1,136.483085251141,solid_phi0,0
inf,577,0.00204329564748185,7332.07466555464,5.95189522609729e-05,1,1,136.483085251141,solid_phi0,0
inf,578,0.00236223995483531,7332.52941221334,6.99031283772911e-05,1,1,136.483085251141,solid_phi0,0
inf,579,0.00346604560348163,7332.31150557902,0.00011628237330874,1,1,136.483085251141,solid_phi0,0
inf,580,0.00413808660103532,7332.81418375751,2.57315789420343e-05,1,1,136.483085251141,solid_phi0,0
inf,581,0.00297729277453607,7332.64692917687,0.000100964643339085,1,1,136.483085251141,solid_phi0,0
inf,582,0.00202460472944621,7332.19057916312,7.57922829075497e-05,1,1,136.483085251141,solid_phi0,0
inf,583,0.00235327471472457,7332.66692389494,5.21703951530395e-05,1,1,136.483085251141,solid_phi0,0
inf,584,0.00126711147050718,7332.4432128888,0.000130250638530338,1,1,136.483085251141,solid_phi0,0
inf,585,0.00200187719508049,7332.00353441014,5.34169498420667e-05,1,1,136.483085251141,solid_phi0,0
inf,586,0.00236526491523603,7332.46975044501,7.47445947607561e-05,1,1,136.483085251141,solid_phi0,0
inf,587,0.00348228294185748,7332.26548829235,0.000112541652548037,1,1,136.483085251141,solid_phi0,0
inf,588,0.0041488602298444,7332.77912862756,2.81101478367685e-05,1,1,136.483085251141,solid_phi0,0
inf,589,0.00298355233389247,7332.6243112338,0.000101564841823332,1,1,136.483085251141,solid_phi0,0
inf,590,0.00495593774964616,7332.18343667108,7.80250922471915e-05,1,1,136.483085251141,solid_phi0,0
inf,591,0.00624454864533211,7332.68286758909,4.61698824978374e-05,1,1,136.483085251141,solid_phi0,0
inf,592,0.00500304324418128,7332.48737124577,0.000120971865860131,1,1,136.483085251141,solid_phi0,0
inf,593,0.00320347712274382,7332.07262919439,6.50701185891389e-05,1,1,136.483085251141,solid_phi0,0
inf,594,0.00236744675160983,7332.55637660147,6.12804259164657e-05,1,1,136.483085251141,solid_phi0,0
inf,595,0.00348257627203841,7332.36700570938,0.000127704883794211,1,1,136.483085251141,solid_phi0,0
inf,596,0.0041493048750425,7332.89249746782,1.21301745944491e-05,1,1,136.483085251141,solid_phi0,0
inf,597,0.0029837126352612,7332.74642835071,8.49323402984936e-05,1,1,136.483085251141,solid_phi0,0
inf,598,0.00203691058596812,7332.31233001602,9.47763908367705e-05,1,1,136.483085251141,solid_phi0,0
inf,599,0.0113972424916528,7332.81094552309,2.72678450735642e-05,1,1,136.483085251141,solid_phi0,0
inf,600,0.0198226857188057,7332.63327244157,9.52578159876261e-05,1,1,136.483085251141,solid_phi0,0
inf,601,0.0189991648487076,7332.26491522177,9.86121712616139e-05,1,1,136.483085251141,solid_phi0,0
inf,602,0.0132247760463727,7332.79617277477,2.25777553185535e-05,1,1,136.483085251141,solid_phi0,0
inf,603,0.00813571055004859,7332.64224440338,9.0831014531445e-05,1,1,136.483085251141,solid_phi0,0
inf,604,0.0046408445096968,7332.24888414384,9.81725213082818e-05,1,1,136.483085251141,solid_phi0,0
inf,605,0.00241878953488686,7332.76095916473,2.49670951781855e-05,1,1,136.483085251141,solid_phi0,0
inf,606,0.0015939223811936,7332.58793387167,9.53227763035303e-05,1,1,136.483085251141,solid_phi0,0
inf,607,0.00200376191483431,7332.18950875538,9.33356557835108e-05,1,1,136.483085251141,solid_phi0,0
inf,608,0.00237408519565463,7332.69841284383,3.03106203350945e-05,1,1,136.483085251141,solid_phi0,0
inf,609,0.00166066309169988,7332.52776310577,0.000100507186297727,1,1,136.483085251141,solid_phi0,0
inf,610,0.00200993742343925,7332.13138591691,8.82239703912102e-05,1,1,136.483085251141,solid_phi0,0
inf,611,0.00237341898485732,7332.64406885857,3.51311230144535e-05,1,1,136.483085251141,solid_phi0,0
inf,612,0.00165581797729375,7332.47682435184,0.000105126942352207,1,1,136.483085251141,solid_phi0,0
inf,613,0.00201584046704184,7332.08419697122,8.39400527610223e-05,1,1,136.483085251141,solid_phi0,0
inf,614,0.00237304720902665,7332.60013396898,3.9166857508488e-05,1,1,136.483085251141,solid_phi0,0
inf,615,0.00166441599518541,7332.43639142652,0.000108887199463226,1,1,136.483085251141,solid_phi0,0
inf,616,0.00202151379975268,7332.04680844366,8.04606706763522e-05,1,1,136.483085251141,solid_phi0,0
inf,617,0.00237265473548853,7332.56563102469,4.23941162466246e-05,1,1,136.483085251141,solid_phi0,0
inf,618,0.001664870102558,7332.40473050163,0.000111888558480877,1,1,136.483085251141,solid_phi0,0
inf,619,0.00202708561939802,7332.01775064087,7.77176354334053e-05,1,1,136.483085251141,solid_phi0,0
inf,620,0.00237232419680622,7332.53888065173,4.4929659627102e-05,1,1,136.483085251141,solid_phi0,0
inf,621,0.00166588479015117,7332.38036901146,0.000114228040218767,1,1,136.483085251141,solid_phi0,0
inf,622,0.00203259675386347,7331.99551947936,7.55940868650828e-05,1,1,136.483085251141,solid_phi0,0
inf,623,0.00237202238955547,7332.51852388883,4.68780930030777e-05,1,1,136.483085251141,solid_phi0,0
inf,624,0.00166593842626672,7332.36197328736,0.000116014715516588,1,1,136.483085251141,solid_phi0,0
inf,625,0.00203808231896307,7331.97888674158,7.39703819014892e-05,1,1,136.483085251141,solid_phi0,0
inf,626,0.00237192520820406,7332.50334212648,4.83615145249194e-05,1,1,136.483085251141,solid_phi0,0
inf,627,0.00166603256225517,7332.34832771049,0.000117363670382509,1,1,136.483085251141,solid_phi0,0
inf,628,0.0020435649159809,7331.96666543323,7.27575376804346e-05,1,1,136.483085251141,solid_phi0,0
inf,629,0.00237180511057455,7332.49227436202,4.94571352160911e-05,1,1,136.483085251141,solid_phi0,0
inf,630,0.00166599369645881,7332.33853330182,0.000118346367094291,1,1,136.483085251141,solid_phi0,0
inf,631,0.00204905672790934,7331.95806546459,7.18903317691311e-05,1,1,136.483085251141,solid_phi0,0
inf,632,0.00237167595741938,7332.4846012143,5.0390215286078e-05,1,1,136.483085251141,solid_phi0,0
inf,633,0.00166573796744318,7332.33171049053,0.000118948933241159,1,1,136.483085251141,solid_phi0,0
inf,634,0.00204494294933555,7331.95277761252,7.12792757833203e-05,1,1,136.483085251141,solid_phi0,0
inf,635,0.00237146684979983,7332.47933512894,5.11338972594144e-05,1,1,136.483085251141,solid_phi0,0
inf,636,0.00166567664111794,7332.3269380136,0.000119550111273514,1,1,136.483085251141,solid_phi0,0
inf,637,0.00206359765122188,7331.94908066332,7.09295536867049e-05,1,1,136.483085251141,solid_phi0,0
inf,638,0.00237085903232481,7332.47599637806,5.18021355108145e-05,1,1,136.483085251141,solid_phi0,0
inf,639,0.00166509346972354,7332.32290939501,0.000120112653154814,1,1,136.483085251141,solid_phi0,0
inf,640,0.00208551493140996,7331.94582282291,7.06232917973004e-05,1,1,136.483085251141,solid_phi0,0
inf,641,0.00237008045645104,7332.47280698325,5.24887894076675e-05,1,1,136.483085251141,solid_phi0,0
inf,642,0.00166464333384797,7332.31864714745,0.000120709444673794,1,1,136.483085251141,solid_phi0,0
inf,643,0.00210780849010817,7331.94217362036,7.0125707826163e-05,1,1,136.483085251141,solid_phi0,0
inf,644,0.00240681366721174,7332.46888865338,5.32066007683518e-05,1,1,136.483085251141,solid_phi0,0
inf,645,0.00166452175374965,7332.31396561871,0.000121422415353289,1,1,136.483085251141,solid_phi0,0
inf,646,0.00213059270872606,7331.93747330645,6.93555831809967e-05,1,1,136.483085251141,solid_phi0,0
inf,647,0.00243251457651028,7332.46350705947,5.40492832309392e-05,1,1,136.483085251141,solid_phi0,0
inf,648,0.00166463334647315,7332.30802468866,0.000122346927246109,1,1,136.483085251141,solid_phi0,0
inf,649,0.00215395079400627,7331.93087041258,6.83528762619456e-05,1,1,136.483085251141,solid_phi0,0
inf,650,0.00245196074386311,7332.45601679198,5.51467803922012e-05,1,1,136.483085251141,solid_phi0,0
inf,651,0.00166473205988704,7332.29982989213,0.000123535198711,1,1,136.483085251141,solid_phi0,0
inf,652,0.00217801540148466,7331.922017635,6.70859929194911e-05,1,1,136.483085251141,solid_phi0,0
inf,653,0.00247100803402356,7332.44639206624,5.6496391701133e-05,1,1,136.483085251141,solid_phi0,0
inf,654,0.00166494889762603,7332.28979509987,0.00012494682172981,1,1,136.483085251141,solid_phi0,0
inf,655,0.00220296831195832,7331.91185536277,6.56476429383712e-05,1,1,136.483085251141,solid_phi0,0
inf,656,0.00249063303232822,7332.43631896377,5.79342012042572e-05,1,1,136.483085251141,solid_phi0,0
inf,657,0.00166528636828556,7332.2806363199,0.000126323575450282,1,1,136.483085251141,solid_phi0,0
inf,658,0.00222904601621032,7331.90439584852,6.42705233462326e-05,1,1,136.483085251141,solid_phi0,0
inf,659,0.00251111901711321,7332.42886260166,5.9428067785805e-05,1,1,136.483085251141,solid_phi0,0
inf,660,0.00166556287218389,7332.27166730019,0.000128043659094357,1,1,136.483085251141,solid_phi0,0
inf,661,0.00225565148691953,7331.89222596732,6.21688003150656e-05,1,1,136.483085251141,solid_phi0,0
inf,662,0.00253212736363873,7332.41316438427,6.15237100255461e-05,1,1,136.483085251141,solid_phi0,0
inf,663,0.00166609763068049,7332.2547352065,0.000130307555115672,1,1,136.483085251141,solid_phi0,0
inf,664,0.00228201519059779,7331.87384780011,5.94018394568518e-05,1,1,136.483085251141,solid_phi0,0
inf,665,0.00253957673491711,7332.39180888616,6.4033378574857e-05,1,1,136.483085251141,solid_phi0,0
inf,666,0.00336609847751179,7332.23400745574,0.000129415932922816,1,1,136.483085251141,solid_phi0,0
inf,667,0.00405018600891638,7332.79506743083,8.0999638113477e-06,1,1,136.483085251141,solid_phi0,0
inf,668,0.0029269597029622,7332.67848467967,7.75617857597943e-05,1,1,136.483085251141,solid_phi0,0
inf,669,0.00233020817488172,7332.27962292547,0.000103696730184177,1,1,136.483085251141,solid_phi0,0
inf,670,0.0025357644003321,7332.79043181284,2.09998664700839e-05,1,1,136.483085251141,solid_phi0,0
inf,671,0.0012867864257019,7332.60900546375,9.47701278800617e-05,1,1,136.483085251141,solid_phi0,0
inf,672,0.00234927914588334,7332.21270721066,9.18994917469274e-05,1,1,136.483085251141,solid_phi0,0
inf,673,0.00255403148363931,7332.70232924597,3.37878730388708e-05,1,1,136.483085251141,solid_phi0,0
inf,674,0.0017797481409102,7332.53116433363,0.000105019087995761,1,1,136.483085251141,solid_phi0,0
inf,675,0.00237856897513666,7332.12847154697,8.12022504059762e-05,1,1,136.483085251141,solid_phi0,0
inf,676,0.00255759669921929,7332.62367991709,4.28300242180102e-05,1,1,136.483085251141,solid_phi0,0
inf,677,0.00163057564834534,7332.45309500349,0.000114209672782417,1,1,136.483085251141,solid_phi0,0
inf,678,0.00239705510638666,7332.05412188171,7.27725720599537e-05,1,1,136.483085251141,solid_phi0,0
inf,679,0.00257233292946413,7332.54980558471,5.10863035256826e-05,1,1,136.483085251141,solid_phi0,0
inf,680,0.00167678723932063,7332.38258865526,0.000122025715439511,1,1,136.483085251141,solid_phi0,0
inf,681,0.0024165317104301,7331.98477528317,6.51455420961344e-05,1,1,136.483085251141,solid_phi0,0
inf,682,0.00259024949602449,7332.48255324951,5.83871761405952e-05,1,1,136.483085251141,solid_phi0,0
inf,683,0.00166378958959845,7332.31716640882,0.000129107084512192,1,1,136.483085251141,solid_phi0,0
inf,684,0.00243726433623703,7331.921970828,5.82745139221519e-05,1,1,136.483085251141,solid_phi0,0
inf,685,0.00260785259646035,7332.42368250082,6.46133533742654e-05,1,1,136.483085251141,solid_phi0,0
inf,686,0.00337275547559635,7332.26580239389,0.000127024439772416,1,1,136.483085251141,solid_phi0,0
inf,687,0.0040555808137358,7332.82214927214,9.52725103542384e-06,1,1,136.483085251141,solid_phi0,0
inf,688,0.00293926121987731,7332.70949227313,7.97786836301828e-05,1,1,136.483085251141,solid_phi0,0
inf,689,0.00247668065835027,7332.30622117892,0.000100447897825928,1,1,136.483085251141,solid_phi0,0
inf,690,0.00262527002360713,7332.81277651346,2.39891711507623e-05,1,1,136.483085251141,solid_phi0,0
inf,691,0.00152253575116679,7332.6278380924,9.84650532201981e-05,1,1,136.483085251141,solid_phi0,0
inf,692,0.00248533192448441,7332.22426069267,8.75203733137209e-05,1,1,136.483085251141,solid_phi0,0
inf,693,0.0026560148032676,7332.71139364717,3.83535248409395e-05,1,1,136.483085251141,solid_phi0,0
inf,694,0.00179067484379325,7332.53478756515,0.000110118666829639,1,1,136.483085251141,solid_phi0,0
inf,695,0.00250638009425186,7332.12558654198,7.54803092701817e-05,1,1,136.483085251141,solid_phi0,0
inf,696,0.00267155176105072,7332.61966132627,4.91471358072815e-05,1,1,136.483085251141,solid_phi0,0
inf,697,0.00164021928114988,7332.44209536016,0.00012098441365449,1,1,136.483085251141,solid_phi0,0
inf,698,0.00252612221352821,7332.03767781724,6.53335427032165e-05,1,1,136.483085251141,solid_phi0,0
inf,699,0.00268767193442898,7332.5343613189,5.90448208244165e-05,1,1,136.483085251141,solid_phi0,0
inf,700,0.0016892437605851,7332.36117740057,0.000129879202586558,1,1,136.483085251141,solid_phi0,0
inf,701,0.00339103205837233,7331.96292320951,5.7744808744209e-05,1,1,136.483085251141,solid_phi0,0
inf,702,0.00371878880831111,7332.47398245412,6.48254817570137e-05,1,1,136.483085251141,solid_phi0,0
inf,703,0.00337788761283098,7332.3147982021,0.00012627522905051,1,1,136.483085251141,solid_phi0,0
inf,704,0.00407151960064411,7332.86788229524,1.11363018310273e-05,1,1,136.483085251141,solid_phi0,0
inf,705,0.00294811459261501,7332.74481868494,8.16902665610186e-05,1,1,136.483085251141,solid_phi0,0
inf,706,0.00465070377938171,7332.33478534486,9.86072902771085e-05,1,1,136.483085251141,solid_phi0,0
inf,707,0.00695573763940367,7332.84914441426,2.30813819427356e-05,1,1,136.483085251141,solid_phi0,0
inf,708,0.00611599374230967,7332.68090246927,9.57945835514673e-05,1,1,136.483085251141,solid_phi0,0
inf,709,0.00411231020771995,7332.28967909684,8.99600002097767e-05,1,1,136.483085251141,solid_phi0,0
inf,710,0.0025950450031994,7332.78499067049,3.41547138292819e-05,1,1,136.483085251141,solid_phi0,0
inf,711,0.00179283691052867,7332.61935164359,0.000105481636530347,1,1,136.483085251141,solid_phi0,0
inf,712,0.00255198154041814,7332.21517003097,7.80815456518091e-05,1,1,136.483085251141,solid_phi0,0
inf,713,0.00249908644659913,7332.71151166357,4.43805097060102e-05,1,1,136.483085251141,solid_phi0,0
inf,714,0.00165647083102805,7332.54733267097,0.000116130886408272,1,1,136.483085251141,solid_phi0,0
inf,715,0.00246544101161106,7332.14879943917,6.84343267072229e-05,1,1,136.483085251141,solid_phi0,0
inf,716,0.00245302181804485,7332.64941814399,5.38318313334507e-05,1,1,136.483085251141,solid_phi0,0
inf,717,0.00168882816952254,7332.4901870482,0.000125058433673941,1,1,136.483085251141,solid_phi0,0
inf,718,0.00242277270325786,7332.09455715224,6.0387155881747e-05,1,1,136.483085251141,solid_phi0,0
inf,719,0.00242115850844937,7332.60259381306,6.16896118932342e-05,1,1,136.483085251141,solid_phi0,0
inf,720,0.00337280531126016,7332.44468037641,0.000127976500179816,1,1,136.483085251141,solid_phi0,0
inf,721,0.00406713664850356,7332.99766813349,8.51762553355506e-06,1,1,136.483085251141,solid_phi0,0
inf,722,0.00294112454864726,7332.88079180516,7.95824651439458e-05,1,1,136.483085251141,solid_phi0,0
inf,723,0.00238794670025499,7332.47258355556,9.87455566505702e-05,1,1,136.483085251141,solid_phi0,0
inf,724,0.0023588822466083,7332.98120348938,2.452681727938e-05,1,1,136.483085251141,solid_phi0,0
inf,725,0.00139917247314214,7332.80244305557,9.96008113921532e-05,1,1,136.483085251141,solid_phi0,0
inf,726,0.00234166313812922,7332.39949945381,8.48532688031423e-05,1,1,136.483085251141,solid_phi0,0
inf,727,0.00235486385286654,7332.89135753952,3.95376505486489e-05,1,1,136.483085251141,solid_phi0,0
inf,728,0.00178469745320631,7332.72350037091,0.000111480048785917,1,1,136.483085251141,solid_phi0,0
inf,729,0.00231642119557141,7332.31757041486,7.28501792433001e-05,1,1,136.483085251141,solid_phi0,0
inf,730,0.0023429228799523,7332.81783783014,4.97433562580696e-05,1,1,136.483085251141,solid_phi0,0
inf,731,0.00163336060738295,7332.65198018091,0.000121383085551097,1,1,136.483085251141,solid_phi0,0
inf,732,0.00229005688459727,7332.25288043343,6.38875091265589e-05,1,1,136.483085251141,solid_phi0,0
inf,733,0.00234603690341573,7332.75522281324,5.82239721432787e-05,1,1,136.483085251141,solid_phi0,0
inf,734,0.00167833331913181,7332.59511527328,0.000129114396011154,1,1,136.483085251141,solid_phi0,0
inf,735,0.00226404084782672,7332.19958427464,5.6440320438389e-05,1,1,136.483085251141,solid_phi0,0
inf,736,0.0023479324012986,7332.70523260552,6.50413513328951e-05,1,1,136.483085251141,solid_phi0,0
inf,737,0.00336506126237923,7332.54903427788,0.00012467649227732,1,1,136.483085251141,solid_phi0,0
inf,738,0.0040691273163963,7333.09945955852,1.10980944254546e-05,1,1,136.483085251141,solid_phi0,0
inf,739,0.00293295051383269,7332.98507245814,8.16812318118476e-05,1,1,136.483085251141,solid_phi0,0
inf,740,0.00223450580057982,7332.57837703655,9.65199395353e-05,1,1,136.483085251141,solid_phi0,0
inf,741,0.00233823683732381,7333.08377408806,2.60042024022855e-05,1,1,136.483085251141,solid_phi0,0
inf,742,0.00129780604638152,7332.90829283705,0.000100518371628056,1,1,136.483085251141,solid_phi0,0
inf,743,0.00219317387085982,7332.50783708207,8.39928703983972e-05,1,1,136.483085251141,solid_phi0,0
inf,744,0.00235779991821983,7332.99873591979,3.87795181079342e-05,1,1,136.483085251141,solid_phi0,0
inf,745,0.00342549051272025,7332.84291557912,0.000108744005507089,1,1,136.483085251141,solid_phi0,0
inf,746,0.00300097519165363,7332.45291290314,7.68761141844987e-05,1,1,136.483085251141,solid_phi0,0
inf,747,0.00234898664440786,7332.96302138573,4.39433019171487e-05,1,1,136.483085251141,solid_phi0,0
inf,748,0.00162767637376982,7332.80916687103,0.00011429774719296,1,1,136.483085251141,solid_phi0,0
inf,749,0.00215279374531452,7332.41796711408,7.1641704260772e-05,1,1,136.483085251141,solid_phi0,0
inf,750,0.00235219926811614,7332.9229235155,4.91815448642186e-05,1,1,136.483085251141,solid_phi0,0
inf,751,0.00188588869238158,7332.76875488688,0.000118541809678185,1,1,136.483085251141,solid_phi0,0
inf,752,0.00213238000025506,7332.37833246702,6.8220722236445e-05,1,1,136.483085251141,solid_phi0,0
inf,753,0.00235316812161657,7332.88641646543,5.19455231937638e-05,1,1,136.483085251141,solid_phi0,0
inf,754,0.00165891438633303,7332.73472496666,0.000121463917439724,1,1,136.483085251141,solid_phi0,0
inf,755,0.002112499455724,7332.3465298604,6.50353336932863e-05,1,1,136.483085251141,solid_phi0,0
inf,756,0.00235432344798181,7332.85634035666,5.53453374217971e-05,1,1,136.483085251141,solid_phi0,0
inf,757,0.00166264543209538,7332.70666665708,0.000124884620111843,1,1,136.483085251141,solid_phi0,0
inf,758,0.00209328570283418,7332.3204384221,6.16958559742642e-05,1,1,136.483085251141,solid_phi0,0
inf,759,0.00235513241869789,7332.83239382902,5.8525220275274e-05,1,1,136.483085251141,solid_phi0,0
inf,760,0.00166080248694978,7332.6847576326,0.000127889420770355,1,1,136.483085251141,solid_phi0,0
inf,761,0.00207484014178316,7332.30053439052,5.88930348990324e-05,1,1,136.483085251141,solid_phi0,0
inf,762,0.00235580498997379,7332.8144150481,6.11455577813613e-05,1,1,136.483085251141,solid_phi0,0
inf,763,0.00336196649873488,7332.66860845869,0.000129806242650687,1,1,136.483085251141,solid_phi0,0
inf,764,0.00406977884709314,7333.2274506139,4.87680948046965e-06,1,1,136.483085251141,solid_phi0,0
inf,765,0.00292612131520686,7333.12145296189,7.41250272058291e-05,1,1,136.483085251141,solid_phi0,0
inf,766,0.00204548716380004,7332.72297866441,0.000105077990422142,1,1,136.483085251141,solid_phi0,0
inf,767,0.00234394738301302,7333.23515420173,1.66998638116977e-05,1,1,136.483085251141,solid_phi0,0
inf,768,0.00127089882832521,7333.06623420649,9.01219435319733e-05,1,1,136.483085251141,solid_phi0,0
inf,769,0.00201919552933727,7332.67203162186,9.52265712510503e-05,1,1,136.483085251141,solid_phi0,0
inf,770,0.00235934781702074,7333.16654436292,2.81005673081758e-05,1,1,136.483085251141,solid_phi0,0
inf,771,0.00177221275147155,7333.00685078056,9.84578381503232e-05,1,1,136.483085251141,solid_phi0,0
inf,772,0.00201502923227326,7332.60898345022,8.68556928137476e-05,1,1,136.483085251141,solid_phi0,0
inf,773,0.00235207069088383,7333.11141147977,3.51198366581595e-05,1,1,136.483085251141,solid_phi0,0
inf,774,0.00162010933251844,7332.95186490288,0.000105218665065299,1,1,136.483085251141,solid_phi0,0
inf,775,0.00200911187305119,7332.56063031159,8.14187011077827e-05,1,1,136.483085251141,solid_phi0,0
inf,776,0.0023528899188533,7333.06748901745,3.98255171984996e-05,1,1,136.483085251141,solid_phi0,0
inf,777,0.00292953424104501,7332.91962725063,0.000108076402730473,1,1,136.483085251141,solid_phi0,0
inf,778,0.00253377185872658,7332.54358466825,7.98031945830058e-05,1,1,136.483085251141,solid_phi0,0
inf,779,0.00235321945859501,7333.06284853854,4.08900346637875e-05,1,1,136.483085251141,solid_phi0,0
inf,780,0.00165249492028408,7332.91728692232,0.000109499364711496,1,1,136.483085251141,solid_phi0,0
inf,781,0.00199743374227512,7332.53609681025,7.79534224002454e-05,1,1,136.483085251141,solid_phi0,0
inf,782,0.00235469754045725,7333.04941842336,4.30962676840618e-05,1,1,136.483085251141,solid_phi0,0
inf,783,0.00165639785085248,7332.90032120224,0.000111880055166713,1,1,136.483085251141,solid_phi0,0
inf,784,0.00199089984827638,7332.51766139806,7.55272234738147e-05,1,1,136.483085251141,solid_phi0,0
inf,785,0.00235473209291837,7333.03055251095,4.5758254425543e-05,1,1,136.483085251141,solid_phi0,0
inf,786,0.00165631231769059,7332.88158407864,0.000114482267766669,1,1,136.483085251141,solid_phi0,0
inf,787,0.00199932013640902,7332.50004577943,7.32271574661603e-05,1,1,136.483085251141,solid_phi0,0
inf,788,0.00235521676381922,7333.01379507764,4.83348244364468e-05,1,1,136.483085251141,solid_phi0,0
inf,789,0.00165765894914638,7332.86475073312,0.00011701590935409,1,1,136.483085251141,solid_phi0,0
inf,790,0.00201263189705703,7332.48410070902,7.10456296710849e-05,1,1,136.483085251141,solid_phi0,0
inf,791,0.00235577415998778,7332.99872476129,5.07972094253573e-05,1,1,136.483085251141,solid_phi0,0
inf,792,0.00165852840926162,7332.84955429687,0.000119383607146251,1,1,136.483085251141,solid_phi0,0
inf,793,0.00202602863969481,7332.47045673723,6.90740103552745e-05,1,1,136.483085251141,solid_phi0,0
inf,794,0.00235530057187439,7332.98838297439,5.22362255819253e-05,1,1,136.483085251141,solid_phi0,0
inf,795,0.00261411287507591,7332.84836433766,0.000119615944383256,1,1,136.483085251141,solid_phi0,0
inf,796,0.00228164896919993,7332.48504946154,7.01562567826386e-05,1,1,136.483085251141,solid_phi0,0
inf,797,0.00235386523079772,7333.01790811768,5.00453548760715e-05,1,1,136.483085251141,solid_phi0,0
inf,798,0.00230597225966121,7332.88899792417,0.000116968833055786,1,1,136.483085251141,solid_phi0,0
inf,799,0.00204945828718495,7332.52726007334,7.27431358824582e-05,1,1,136.483085251141,solid_phi0,0
inf,800,0.00235422636423643,7333.05561388849,4.82722166816885e-05,1,1,136.483085251141,solid_phi0,0
inf,801,0.00166164284015036,7332.91576433154,0.000116140817539412,1,1,136.483085251141,solid_phi0,0
inf,802,0.00206095721157107,7332.54296717552,7.28493972450561e-05,1,1,136.483085251141,solid_phi0,0
inf,803,0.00235389236391048,7333.0632280782,4.8733577593385e-05,1,1,136.483085251141,solid_phi0,0
inf,804,0.00166230374807697,7332.91846743786,0.00011699416000488,1,1,136.483085251141,solid_phi0,0
inf,805,0.00207277044493226,7332.54255793825,7.17563419598832e-05,1,1,136.483085251141,solid_phi0,0
inf,806,0.0023528130688717,7333.06065391323,5.00699224994516e-05,1,1,136.483085251141,solid_phi0,0
inf,807,0.00166298053698577,7332.91449941491,0.000118523916150526,1,1,136.483085251141,solid_phi0,0
inf,808,0.00208489122658351,7332.53733106976,7.01082505354389e-05,1,1,136.483085251141,solid_phi0,0
inf,809,0.00235168544311126,7333.05419255624,5.1887720339594e-05,1,1,136.483085251141,solid_phi0,0
inf,810,0.00166370537254146,7332.90711210102,0.000120487906552391,1,1,136.483085251141,solid_phi0,0
inf,811,0.00209731586379269,7332.52891963576,6.80587182000369e-05,1,1,136.483085251141,solid_phi0,0
inf,812,0.00235059728227582,7333.04467471083,5.40847309029591e-05,1,1,136.483085251141,solid_phi0,0
inf,813,0.00166444456836989,7332.8967481546,0.000122814648004343,1,1,136.483085251141,solid_phi0,0
inf,814,0.00211003589951109,7332.51758402759,6.56604864932575e-05,1,1,136.483085251141,solid_phi0,0
inf,815,0.00234954998726489,7333.03227347128,5.66193751803112e-05,1,1,136.483085251141,solid_phi0,0
inf,816,0.00166519934165488,7332.88353873739,0.000125467401535184,1,1,136.483085251141,solid_phi0,0
inf,817,0.0021230426525719,7332.50343633689,6.29531243454551e-05,1,1,136.483085251141,solid_phi0,0
inf,818,0.00234853576490679,7333.017094705,5.94348828597546e-05,1,1,136.483085251141,solid_phi0,0
inf,819,0.00166596273060693,7332.86759826618,0.000128340207105393,1,1,136.483085251141,solid_phi0,0
inf,820,0.00213632820454979,7332.48662474531,6.01679013279011e-05,1,1,136.483085251141,solid_phi0,0
inf,821,0.00234753240398511,7332.99937766566,6.19907356887994e-05,1,1,136.483085251141,solid_phi0,0
inf,822,0.00166671923008954,7332.84939289607,0.000130478032058456,1,1,136.483085251141,solid_phi0,0
inf,823,0.00214988676411909,7332.46791493289,5.82854398940569e-05,1,1,136.483085251141,solid_phi0,0
inf,824,0.00234675420182007,7332.97995745339,6.4066337247648e-05,1,1,136.483085251141,solid_phi0,0
inf,825,0.00336894770288454,7332.8291505263,0.000129199982629613,1,1,136.483085251141,solid_phi0,0
inf,826,0.00407658831082458,7333.38860784024,8.31725522476567e-06,1,1,136.483085251141,solid_phi0,0
inf,827,0.00293629892496272,7333.27571916435,7.77150583624042e-05,1,1,136.483085251141,solid_phi0,0
inf,828,0.00218359289443437,7332.87615094518,0.000102566147125449,1,1,136.483085251141,solid_phi0,0
inf,829,0.00233376682025588,7333.38283971381,2.19193200468037e-05,1,1,136.483085251141,solid_phi0,0
inf,830,0.00127664625981838,7333.20559853643,9.60049572844568e-05,1,1,136.483085251141,solid_phi0,0
inf,831,0.00218008064323161,7332.80726087137,9.00955985354557e-05,1,1,136.483085251141,solid_phi0,0
inf,832,0.00236332697561414,7333.29429428156,3.59700066908664e-05,1,1,136.483085251141,solid_phi0,0
inf,833,0.00178167110776473,7333.12481786913,0.000107227494277162,1,1,136.483085251141,solid_phi0,0
inf,834,0.00219769984603313,7332.72071282123,7.84312685644384e-05,1,1,136.483085251141,solid_phi0,0
inf,835,0.00234194716489977,7333.21394567575,4.61941192159143e-05,1,1,136.483085251141,solid_phi0,0
inf,836,0.00162892579738316,7333.04346624957,0.000117500544904003,1,1,136.483085251141,solid_phi0,0
inf,837,0.00221355248489585,7332.6434995541,6.89249549590265e-05,1,1,136.483085251141,solid_phi0,0
inf,838,0.00234315063582713,7333.13731625589,5.5617850133638e-05,1,1,136.483085251141,solid_phi0,0
inf,839,0.0016759352121184,7332.96959272046,0.000126499018370696,1,1,136.483085251141,solid_phi0,0
inf,840,0.0022292366559955,7332.57058940721,6.00389343359264e-05,1,1,136.483085251141,solid_phi0,0
inf,841,0.00234330144809802,7333.06633591766,6.42465619528076e-05,1,1,136.483085251141,solid_phi0,0
inf,842,0.00336381322931889,7332.89962009284,0.000127324116863115,1,1,136.483085251141,solid_phi0,0
inf,843,0.00407346730176761,7333.44419286553,1.1793676657712e-05,1,1,136.483085251141,solid_phi0,0
inf,844,0.00293345903797293,7333.31702145274,8.26938560282153e-05,1,1,136.483085251141,solid_phi0,0
inf,845,0.00226669937864366,7332.90373793476,9.61435426565238e-05,1,1,136.483085251141,solid_phi0,0
inf,846,0.00233113972362675,7333.39723310675,2.96060889604099e-05,1,1,136.483085251141,solid_phi0,0
inf,847,0.00127515306315917,7333.20739349433,0.00010498983213425,1,1,136.483085251141,solid_phi0,0
inf,848,0.00226353644140687,7332.79672577057,7.95670480122634e-05,1,1,136.483085251141,solid_phi0,0
inf,849,0.00236254447354645,7333.27123194808,4.72147569867687e-05,1,1,136.483085251141,solid_phi0,0
inf,850,0.00178056577831975,7333.0915517693,0.000119673518175989,1,1,136.483085251141,solid_phi0,0
inf,851,0.00227999416003988,7332.67619822547,6.43062363814284e-05,1,1,136.483085251141,solid_phi0,0
inf,852,0.00234022549800017,7333.15736174477,6.05512618135906e-05,1,1,136.483085251141,solid_phi0,0
inf,853,0.0033299779901188,7332.97877442128,0.000128653317173377,1,1,136.483085251141,solid_phi0,0
inf,854,0.00405250514167266,7333.50899157461,1.0865445262076e-05,1,1,136.483085251141,solid_phi0,0
inf,855,0.00291847023972247,7333.37214627865,8.31518754079719e-05,1,1,136.483085251141,solid_phi0,0
inf,856,0.00231377014478473,7332.94715356933,9.37854212346156e-05,1,1,136.483085251141,solid_phi0,0
inf,857,0.00232987933019158,7333.42749270575,3.23042192381662e-05,1,1,136.483085251141,solid_phi0,0
inf,858,0.00127946223924458,7333.23065244445,0.000109073981373164,1,1,136.483085251141,solid_phi0,0
inf,859,0.00231724682396928,7332.80968691404,7.46465592851298e-05,1,1,136.483085251141,solid_phi0,0
inf,860,0.0023598277263267,7333.27464838418,5.31563767713905e-05,1,1,136.483085251141,solid_phi0,0
inf,861,0.00178008082219605,7333.08779681957,0.000126660389457744,1,1,136.483085251141,solid_phi0,0
inf,862,0.00234508314964688,7332.66469094616,5.70775172381577e-05,1,1,136.483085251141,solid_phi0,0
inf,863,0.0023654856627332,7333.1390249717,6.93141701656463e-05,1,1,136.483085251141,solid_phi0,0
inf,864,0.00333198163894821,7332.95353174001,0.000120052572742058,1,1,136.483085251141,solid_phi0,0
inf,865,0.00405194424520583,7333.4784650305,2.108588096561e-05,1,1,136.483085251141,solid_phi0,0
inf,866,0.00292139924188939,7333.33532372165,9.40305392402863e-05,1,1,136.483085251141,solid_phi0,0
inf,867,0.00240722456308362,7332.90603652292,8.36450429582136e-05,1,1,136.483085251141,solid_phi0,0
inf,868,0.0023798738365477,7333.38418793261,4.43162678600562e-05,1,1,136.483085251141,solid_phi0,0
inf,869,0.00134502703317996,7333.18019237688,0.000121285856104048,1,1,136.483085251141,solid_phi0,0
inf,870,0.00242102437860436,7332.75641140942,6.29296638678944e-05,1,1,136.483085251141,solid_phi0,0
inf,871,0.00243098753556459,7333.21962668718,6.64803690700877e-05,1,1,136.483085251141,solid_phi0,0
inf,872,0.00348425870496571,7333.02623890166,0.000122864257691147,1,1,136.483085251141,solid_phi0,0
inf,873,0.00415234941983245,7333.5419673827,2.03073814191157e-05,1,1,136.483085251141,solid_phi0,0
inf,874,0.00298974483333814,7333.39061458457,9.39098422042539e-05,1,1,136.483085251141,solid_phi0,0
inf,875,0.00249351234164363,7332.9529981006,8.30895818408894e-05,1,1,136.483085251141,solid_phi0,0
inf,876,0.00245204218071593,7333.42540907711,4.5864093422332e-05,1,1,136.483085251141,solid_phi0,0
inf,877,0.00151570042875293,7333.21325377512,0.000123621892249459,1,1,136.483085251141,solid_phi0,0
inf,878,0.00251055993472016,7332.78319044257,5.99681926611861e-05,1,1,136.483085251141,solid_phi0,0
inf,879,0.00250504942733032,7333.23987595508,7.01170702893661e-05,1,1,136.483085251141,solid_phi0,0
inf,880,0.00349094288159446,7333.04039327499,0.000118650781467666,1,1,136.483085251141,solid_phi0,0
inf,881,0.00415391250377739,7333.55007245711,2.51777319782986e-05,1,1,136.483085251141,solid_phi0,0
inf,882,0.00299298733426023,7333.39291215426,9.94675096015474e-05,1,1,136.483085251141,solid_phi0,0
inf,883,0.0025879530358861,7332.94933722404,7.70692944584983e-05,1,1,136.483085251141,solid_phi0,0
inf,884,0.00254352333766239,7333.41557461712,5.25802269608633e-05,1,1,136.483085251141,solid_phi0,0
inf,885,0.00169275073885489,7333.19792532674,0.000131083745675276,1,1,136.483085251141,solid_phi0,0
inf,886,0.00260660612706509,7332.76198602421,5.21776683435338e-05,1,1,136.483085251141,solid_phi0,0
inf,887,0.00259272799583432,7333.21195615026,7.86939840771161e-05,1,1,136.483085251141,solid_phi0,0
inf,888,0.00349848021946297,7333.00718028052,0.000109831474834676,1,1,136.483085251141,solid_phi0,0
inf,889,0.00416041471110673,7333.51045734702,3.48877178428797e-05,1,1,136.483085251141,solid_phi0,0
inf,890,0.00300333519265561,7333.34820379829,0.000110100730354001,1,1,136.483085251141,solid_phi0,0
inf,891,0.00269885497356537,7332.8974355397,6.64985839748944e-05,1,1,136.483085251141,solid_phi0,0
inf,892,0.00267320229781143,7333.35727969107,6.42562488630816e-05,1,1,136.483085251141,solid_phi0,0
inf,893,0.00307576102711804,7333.13300764008,0.000120723164910741,1,1,136.483085251141,solid_phi0,0
inf,894,0.00380773078744723,7333.63212189058,2.4961237967025e-05,1,1,136.483085251141,solid_phi0,0
inf,895,0.00276662029928931,7333.45298498096,0.000102962854976796,1,1,136.483085251141,solid_phi0,0
inf,896,0.00279487881557816,7332.99188938968,7.29943124300192e-05,1,1,136.483085251141,solid_phi0,0
inf,897,0.00276579313851022,7333.43811992844,5.97692989245946e-05,1,1,136.483085251141,solid_phi0,0
inf,898,0.00313345496633621,7333.20208744157,0.000124121164503332,1,1,136.483085251141,solid_phi0,0
inf,899,0.00385429798860693,7333.68784651892,2.30304633968004e-05,1,1,136.483085251141,solid_phi0,0
inf,900,0.00279730915007415,7333.49698484213,0.000102267060473227,1,1,136.483085251141,solid_phi0,0
inf,901,0.00289413753965206,7333.0226076817,7.27378041276427e-05,1,1,136.483085251141,solid_phi0,0
inf,902,0.00286665093261362,7333.45851727581,6.13088826456609e-05,1,1,136.483085251141,solid_phi0,0
inf,903,0.00319047062241251,7333.20926360018,0.000121785006635733,1,1,136.483085251141,solid_phi0,0
inf,904,0.00384548471548307,7333.6853033902,2.6620247207898e-05,1,1,136.483085251141,solid_phi0,0
inf,905,0.0027902125781597,7333.48176613749,0.000106913341148318,1,1,136.483085251141,solid_phi0,0
inf,906,0.00303080962515512,7332.99635950489,6.66943000500186e-05,1,1,136.483085251141,solid_phi0,0
inf,907,0.00288269169387134,7333.4231583123,6.79218631967071e-05,1,1,136.483085251141,solid_phi0,0
inf,908,0.00316598916512245,7333.16463194636,0.000112536355292736,1,1,136.483085251141,solid_phi0,0
inf,909,0.00385672221349487,7333.63083385705,3.52976744532052e-05,1,1,136.483085251141,solid_phi0,0
inf,910,0.00280095197635799,7333.42304018232,0.000116722456906082,1,1,136.483085251141,solid_phi0,0
inf,911,0.0029385003884852,7332.93019110464,5.49163641578865e-05,1,1,136.483085251141,solid_phi0,0
inf,912,0.00269584101740994,7333.35289101622,7.81094538772065e-05,1,1,136.483085251141,solid_phi0,0
inf,913,0.00303643004348508,7333.09733690638,0.00010124355489638,1,1,136.483085251141,solid_phi0,0
inf,914,0.00386516348223997,7333.56191519426,4.54142340858832e-05,1,1,136.483085251141,solid_phi0,0
inf,915,0.00280590431208538,7333.35629834065,0.000126758554553796,1,1,136.483085251141,solid_phi0,0
inf,916,0.00281989324942522,7332.86347820774,4.61524969446181e-05,1,1,136.483085251141,solid_phi0,0
inf,917,0.00277612390606257,7333.2921182905,8.54912587699985e-05,1,1,136.483085251141,solid_phi0,0
inf,918,0.00302975475831124,7333.04257870507,9.49870376176776e-05,1,1,136.483085251141,solid_phi0,0
inf,919,0.00386470643891812,7333.51183788466,5.07194863795801e-05,1,1,136.483085251141,solid_phi0,0
inf,920,0.00450118094167506,7333.30959246825,0.000131540029105093,1,1,136.483085251141,solid_phi0,0
inf,921,0.0048623759791715,7333.7644533276,2.12620145304543e-05,1,1,136.483085251141,solid_phi0,0
inf,922,0.00346169504340466,7333.56751616676,0.000102087339354351,1,1,136.483085251141,solid_phi0,0
inf,923,0.00269042504493522,7333.05887684452,6.68647740640349e-05,1,1,136.483085251141,solid_phi0,0
inf,924,0.00253078621141578,7333.47961993101,6.58306216871907e-05,1,1,136.483085251141,solid_phi0,0
inf,925,0.00281809158519986,7333.2107272704,0.000112021302966614,1,1,136.483085251141,solid_phi0,0
inf,926,0.00372965655052726,7333.66953136561,3.45109783996822e-05,1,1,136.483085251141,solid_phi0,0
inf,927,0.00270755490738106,7333.45539341822,0.000116526467111577,1,1,136.483085251141,solid_phi0,0
inf,928,0.00260171188348202,7332.95877321905,5.56635273085693e-05,1,1,136.483085251141,solid_phi0,0
inf,929,0.00248494818652456,7333.37762698266,7.70391195401565e-05,1,1,136.483085251141,solid_phi0,0
inf,930,0.00304877675486304,7333.11932455568,0.000102692745995503,1,1,136.483085251141,solid_phi0,0
inf,931,0.00388672813373825,7333.58188600679,4.3274990834119e-05,1,1,136.483085251141,solid_phi0,0
inf,932,0.0028030094599123,7333.37723920918,0.000123854870517248,1,1,136.483085251141,solid_phi0,0
inf,933,0.00252609215048116,7332.88703455969,4.87464663792014e-05,1,1,136.483085251141,solid_phi0,0
inf,934,0.00243133568766762,7333.31451916149,8.27467743796939e-05,1,1,136.483085251141,solid_phi0,0
inf,935,0.00301551575658143,7333.06324486947,9.73040423870586e-05,1,1,136.483085251141,solid_phi0,0
inf,936,0.00386873228570173,7333.53351488008,4.75555111030257e-05,1,1,136.483085251141,solid_phi0,0
inf,937,0.00278565997490809,7333.33611280358,0.000127372264769443,1,1,136.483085251141,solid_phi0,0
inf,938,0.00245535465041047,7332.85270770929,4.57119671681827e-05,1,1,136.483085251141,solid_phi0,0
inf,939,0.0023765503630323,7333.2877907944,8.57552448866317e-05,1,1,136.483085251141,solid_phi0,0
inf,940,0.00301851180460289,7333.0412143007,9.56230216442311e-05,1,1,136.483085251141,solid_phi0,0
inf,941,0.00387336916955205,7333.52114662718,5.01575039913993e-05,1,1,136.483085251141,solid_phi0,0
inf,942,0.0027854372722661,7333.32461878219,0.000129600721154421,1,1,136.483085251141,solid_phi0,0
inf,943,0.00248006954045954,7332.84668810918,4.46112498218021e-05,1,1,136.483085251141,solid_phi0,0
inf,944,0.00245008826226356,7333.28934613567,8.73201696129922e-05,1,1,136.483085251141,solid_phi0,0
inf,945,0.00301601148096298,7333.04352526564,9.45640282925542e-05,1,1,136.483085251141,solid_phi0,0
inf,946,0.00387124110865456,7333.52861577489,5.12505908942806e-05,1,1,136.483085251141,solid_phi0,0
inf,947,0.00278324588079348,7333.33386849574,0.000130504148033617,1,1,136.483085251141,solid_phi0,0
inf,948,0.00249443905361257,7332.85864117602,4.38044437112151e-05,1,1,136.483085251141,solid_phi0,0
inf,949,0.00247386679009121,7333.303421433,8.79562099463937e-05,1,1,136.483085251141,solid_phi0,0
inf,950,0.00301565621687228,7333.05988286546,9.37173991779616e-05,1,1,136.483085251141,solid_phi0,0
inf,951,0.00386922618039687,7333.54497294407,5.19018792071169e-05,1,1,136.483085251141,solid_phi0,0
inf,952,0.00278209177520738,7333.35363503337,0.000130920949358182,1,1,136.483085251141,solid_phi0,0
inf,953,0.00251018831853544,7332.8808409963,4.35221745471726e-05,1,1,136.483085251141,solid_phi0,0
inf,954,0.00247570523781071,7333.32667726751,8.87202206287796e-05,1,1,136.483085251141,solid_phi0,0
inf,955,0.00301384645434977,7333.08447021371,9.3655212060284e-05,1,1,136.483085251141,solid_phi0,0
inf,956,0.00386489338049756,7333.57218166102,5.25599482753547e-05,1,1,136.483085251141,solid_phi0,0
inf,957,0.00277794691720779,7333.38115112066,0.000131342886540153,1,1,136.483085251141,solid_phi0,0
inf,958,0.00256468366399831,7332.91061803733,4.30514328781939e-05,1,1,136.483085251141,solid_phi0,0
inf,959,0.00253950214772047,7333.35585851538,8.91842546175692e-05,1,1,136.483085251141,solid_phi0,0
inf,960,0.00301373777276104,7333.11464177571,9.27843349629587e-05,1,1,136.483085251141,solid_phi0,0
inf,961,0.00386369406691767,7333.59981246536,5.3197293373386e-05,1,1,136.483085251141,solid_phi0,0
inf,962,0.00448154362011699,7333.40997582418,0.000130749623238779,1,1,136.483085251141,solid_phi0,0
inf,963,0.00485824938075807,7333.88280878467,2.21348762668994e-05,1,1,136.483085251141,solid_phi0,0
inf,964,0.00344201100919883,7333.7003662703,0.000101767150853638,1,1,136.483085251141,solid_phi0,0
inf,965,0.00262651183485285,7333.20717681543,6.84429164923284e-05,1,1,136.483085251141,solid_phi0,0
inf,966,0.00262500915725683,7333.64614895843,6.49019324518996e-05,1,1,136.483085251141,solid_phi0,0
inf,967,0.00280666301849253,7333.38684484629,0.000113987048500963,1,1,136.483085251141,solid_phi0,0
inf,968,0.00372801464447658,7333.8613113042,3.31047536860085e-05,1,1,136.483085251141,solid_phi0,0
inf,969,0.00268350625898928,7333.65671184451,0.000114388046107528,1,1,136.483085251141,solid_phi0,0
inf,970,0.00267504675465535,7333.17097021172,5.8178577583945e-05,1,1,136.483085251141,solid_phi0,0
inf,971,0.00268397918006713,7333.6032140318,7.56291466074144e-05,1,1,136.483085251141,solid_phi0,0
inf,972,0.0030422055948488,7333.34937316679,0.000104297178407542,1,1,136.483085251141,solid_phi0,0
inf,973,0.00388687252687969,7333.8219823235,4.29950708785709e-05,1,1,136.483085251141,solid_phi0,0
inf,974,0.00279127337880225,7333.62086266978,0.000123910652296444,1,1,136.483085251141,solid_phi0,0
inf,975,0.00274083407914971,7333.13415636542,4.86014480687302e-05,1,1,136.483085251141,solid_phi0,0
inf,976,0.00272419834071835,7333.56879962273,8.54020439136072e-05,1,1,136.483085251141,solid_phi0,0
inf,977,0.00300780122924982,7333.31406871612,9.45848405875527e-05,1,1,136.483085251141,solid_phi0,0
inf,978,0.00386237161745639,7333.78751147252,5.32305585478898e-05,1,1,136.483085251141,solid_phi0,0
inf,979,0.00447819355579837,7333.58491577105,0.000128569260912537,1,1,136.483085251141,solid_phi0,0
inf,980,0.00485968410843396,7334.04541388103,2.62142756524142e-05,1,1,136.483085251141,solid_phi0,0
inf,981,0.00344026403122433,7333.84992183198,0.00010799457738575,1,1,136.483085251141,solid_phi0,0
inf,982,0.00287360848730589,7333.34182887736,6.05735893133286e-05,1,1,136.483085251141,solid_phi0,0
inf,983,0.00282107216824468,7333.76905095782,7.49975861797925e-05,1,1,136.483085251141,solid_phi0,0
inf,984,0.0028032817175242,7333.49446972547,0.000101980387226419,1,1,136.483085251141,solid_phi0,0
inf,985,0.00372579471995627,7333.95491999251,4.73823406761387e-05,1,1,136.483085251141,solid_phi0,0
inf,986,0.00267893694228305,7333.73496202618,0.000131084970195317,1,1,136.483085251141,solid_phi0,0
inf,987,0.00297125619432315,7333.2321219004,3.99270790907291e-05,1,1,136.483085251141,solid_phi0,0
inf,988,0.00291512349451328,7333.64992977351,9.6774802128663e-05,1,1,136.483085251141,solid_phi0,0
inf,989,0.00303868054077339,7333.37885588087,8.1384925023853e-05,1,1,136.483085251141,solid_phi0,0
inf,990,0.00388241973507308,7333.83450911185,6.8560941055007e-05,1,1,136.483085251141,solid_phi0,0
inf,991,0.00449350199746745,7333.62296439675,0.00011301617436632,1,1,136.483085251141,solid_phi0,0
inf,992,0.00489589585601016,7334.08659254608,4.24761447802569e-05,1,1,136.483085251141,solid_phi0,0
inf,993,0.0039571368173212,7333.90287197611,0.000123990011713593,1,1,136.483085251141,solid_phi0,0
inf,994,0.00313982178592664,7333.40478321517,4.33596324322938e-05,1,1,136.483085251141,solid_phi0,0
inf,995,0.00303353594200895,7333.82879666452,9.28927619004982e-05,1,1,136.483085251141,solid_phi0,0
inf,996,0.00305003596316311,7333.55073284899,8.15760364749618e-05,1,1,136.483085251141,solid_phi0,0
inf,997,0.00372445981356195,7333.99804431647,6.85413026391135e-05,1,1,136.483085251141,solid_phi0,0
inf,998,0.00439205713760948,7333.76948018393,0.000108182225905695,1,1,136.483085251141,solid_phi0,0
inf,999,0.00479887764331222,7334.19861904259,4.90743502592483e-05,1,1,136.483085251141,solid_phi0,0
inf,1000,0.00511231552570157,7333.97577217703,0.00012758508341304,1,1,136.483085251141,solid_phi0,0
inf,1001,0.00528927778605193,7334.38372979796,3.37426716711109e-05,1,1,136.483085251141,solid_phi0,0
inf,1002,0.00373432270941143,7334.1541668653,0.000120071293034041,1,1,136.483085251141,solid_phi0,0
inf,1003,0.00323892756795463,7333.60107441398,4.18714111483087e-05,1,1,136.483085251141,solid_phi0,0
inf,1004,0.00314318633670652,7333.98587580503,9.73885648900552e-05,1,1,136.483085251141,solid_phi0,0
inf,1005,0.00311700666273207,7333.66939764256,7.33007987463452e-05,1,1,136.483085251141,solid_phi0,0
inf,1006,0.00366509321504627,7334.08525373355,7.94987311357742e-05,1,1,136.483085251141,solid_phi0,0
inf,1007,0.00434937179595307,7333.82552438847,9.4225049235952e-05,1,1,136.483085251141,solid_phi0,0
inf,1008,0.00477202218498729,7334.22797509698,6.52159319357581e-05,1,1,136.483085251141,solid_phi0,0
inf,1009,0.00509161711978279,7333.98016655044,0.00010943964449539,1,1,136.483085251141,solid_phi0,0
inf,1010,0.00527678995410763,7334.36982546887,5.27230654333577e-05,1,1,136.483085251141,solid_phi0,0
inf,1011,0.00542931110350087,7334.12851304859,0.000120934444916898,1,1,136.483085251141,solid_phi0,0
inf,1012,0.00550620843894223,7334.50552553252,4.33299942736998e-05,1,1,136.483085251141,solid_phi0,0
inf,1013,0.0055826800425004,7334.25798255205,0.000129385060163356,1,1,136.483085251141,solid_phi0,0
inf,1014,0.0056098922142056,7334.62153307004,3.6765461923105e-05,1,1,136.483085251141,solid_phi0,0
inf,1015,0.00394645576815567,7334.36262491807,0.000126502690269037,1,1,136.483085251141,solid_phi0,0
inf,1016,0.00321242355286433,7333.77062656716,3.04909303490142e-05,1,1,136.483085251141,solid_phi0,0
inf,1017,0.00295376971825645,7334.12599903154,0.000110582307672691,1,1,136.483085251141,solid_phi0,0
inf,1018,0.00293442380741227,7333.7840032362,5.61938084160385e-05,1,1,136.483085251141,solid_phi0,0
inf,1019,0.00361493139836011,7334.1751313482,9.76540017684213e-05,1,1,136.483085251141,solid_phi0,0
inf,1020,0.00431625433697447,7333.89901885569,7.30605447516464e-05,1,1,136.483085251141,solid_phi0,0
inf,1021,0.00474518308413874,7334.28303281407,8.67515919444894e-05,1,1,136.483085251141,solid_phi0,0
inf,1022,0.00507465181723221,7334.02612168705,8.52274306211154e-05,1,1,136.483085251141,solid_phi0,0
inf,1023,0.00526116889868422,7334.39942372117,7.74942951904389e-05,1,1,136.483085251141,solid_phi0,0
inf,1024,0.00541925126159126,7334.14812880315,9.47911424118431e-05,1,1,136.483085251141,solid_phi0,0
inf,1025,0.00549685710624359,7334.51393470943,6.93321038270911e-05,1,1,136.483085251141,solid_phi0,0
inf,1026,0.00557535491084293,7334.26427790963,0.000102962488422342,1,1,136.483085251141,solid_phi0,0
inf,1027,0.00560463518700194,7334.62564800018,6.17964303797347e-05,1,1,136.483085251141,solid_phi0,0
inf,1028,0.0056456231352543,7334.37667544982,0.000110419630111158,1,1,136.483085251141,solid_phi0,0
inf,1029,0.00565407928967865,7334.73557541271,5.4580723550357e-05,1,1,136.483085251141,solid_phi0,0
inf,1030,0.00567691485634447,7334.48715868579,0.000117572239630714,1,1,136.483085251141,solid_phi0,0
inf,1031,0.00567686993112071,7334.84486182746,4.74523381970293e-05,1,1,136.483085251141,solid_phi0,0
inf,1032,0.00569052387703461,7334.59726842133,0.000124684673949327,1,1,136.483085251141,solid_phi0,0
inf,1033,0.00568742002230771,7334.95466542863,4.02379160409083e-05,1,1,136.483085251141,solid_phi0,0
inf,1034,0.00399029054240851,7334.70826377503,0.000129119027914348,1,1,136.483085251141,solid_phi0,0
inf,1035,0.002808871832502,7334.12337965258,2.91955584006409e-05,1,1,136.483085251141,solid_phi0,0
inf,1036,0.00270736398591986,7334.49384498898,0.000109928810831494,1,1,136.483085251141,solid_phi0,0
inf,1037,0.00269225357217373,7334.16981688041,5.90763372310121e-05,1,1,136.483085251141,solid_phi0,0
inf,1038,0.0036019922279299,7334.58165068763,9.31648306339294e-05,1,1,136.483085251141,solid_phi0,0
inf,1039,0.00429664803238861,7334.32495635402,8.03601004371046e-05,1,1,136.483085251141,solid_phi0,0
inf,1040,0.00473750386229632,7334.73421317282,7.7941903851575e-05,1,1,136.483085251141,solid_phi0,0
inf,1041,0.00505942211474053,7334.49725415399,9.69432977806495e-05,1,1,136.483085251141,solid_phi0,0
inf,1042,0.0052560523726618,7334.89678447965,6.42699401690594e-05,1,1,136.483085251141,solid_phi0,0
inf,1043,0.00540699665328181,7334.66566811718,0.000110616723681511,1,1,136.483085251141,solid_phi0,0
inf,1044,0.00549321818254289,7335.05518714545,5.19946284448514e-05,1,1,136.483085251141,solid_phi0,0
inf,1045,0.00556566177194329,7334.82512428074,0.000122529675373961,1,1,136.483085251141,solid_phi0,0
inf,1046,0.00560195951901199,7335.20666980659,4.08502996200877e-05,1,1,136.483085251141,solid_phi0,0
inf,1047,0.00393225217351356,7334.97534069407,0.000128364277447668,1,1,136.483085251141,solid_phi0,0
inf,1048,0.00286864013529664,7334.40764055324,3.22190078532181e-05,1,1,136.483085251141,solid_phi0,0
inf,1049,0.00282604730066272,7334.79458554195,0.000106067338172422,1,1,136.483085251141,solid_phi0,0
inf,1050,0.00279946713321211,7334.48211884549,6.37519224409022e-05,1,1,136.483085251141,solid_phi0,0
inf,1051,0.00360979540172279,7334.90112714682,8.71622024658514e-05,1,1,136.483085251141,solid_phi0,0
inf,1052,0.00430220616521237,7334.65449871196,8.62169496977927e-05,1,1,136.483085251141,solid_phi0,0
inf,1053,0.0047397151986327,7335.06306431937,7.08026759095315e-05,1,1,136.483085251141,solid_phi0,0
inf,1054,0.00506121453695318,7334.83348315191,0.000103588521814801,1,1,136.483085251141,solid_phi0,0
inf,1055,0.00525625198112478,7335.22848295546,5.6655191345234e-05,1,1,136.483085251141,solid_phi0,0
inf,1056,0.00540706773130728,7335.00113977227,0.000117786792559027,1,1,136.483085251141,solid_phi0,0
inf,1057,0.00549232626539975,7335.38566278766,4.42549886003896e-05,1,1,136.483085251141,solid_phi0,0
inf,1058,0.00556441970592048,7335.15597291832,0.000129914323843794,1,1,136.483085251141,solid_phi0,0
inf,1059,0.00560017544151215,7335.53286721065,3.35028294273787e-05,1,1,136.483085251141,solid_phi0,0
inf,1060,0.00392966734110611,7335.29777219465,0.000121494705379699,1,1,136.483085251141,solid_phi0,0
inf,1061,0.00293395976165756,7334.72355900546,3.92306599450443e-05,1,1,136.483085251141,solid_phi0,0
inf,1062,0.00291116203407293,7335.10822451559,9.99029673904861e-05,1,1,136.483085251141,solid_phi0,0
inf,1063,0.00279711384238568,7334.78646977415,6.97095269932557e-05,1,1,136.483085251141,solid_phi0,0
inf,1064,0.00360496227123275,7335.20138125054,8.21088806923775e-05,1,1,136.483085251141,solid_phi0,0
inf,1065,0.00429658026851665,7334.94440459444,8.99196998154217e-05,1,1,136.483085251141,solid_phi0,0
inf,1066,0.00473609867740721,7335.3448089182,6.73365830256012e-05,1,1,136.483085251141,solid_phi0,0
inf,1067,0.00505726793075301,7335.10591943013,0.00010480432602189,1,1,136.483085251141,solid_phi0,0
inf,1068,0.00525560778664558,7335.48766424686,5.56626924878012e-05,1,1,136.483085251141,solid_phi0,0
inf,1069,0.00540473793739982,7335.24932062484,0.000116258937658431,1,1,136.483085251141,solid_phi0,0
inf,1070,0.0054939646147798,7335.61623862031,4.62516901649224e-05,1,1,136.483085251141,solid_phi0,0
inf,1071,0.00556250276242287,7335.37185027329,0.000125163448500887,1,1,136.483085251141,solid_phi0,0
inf,1072,0.00560323408292207,7335.72695691669,3.86538355795496e-05,1,1,136.483085251141,solid_phi0,0
inf,1073,0.00392769254995728,7335.47554997103,0.000128052566184311,1,1,136.483085251141,solid_phi0,0
inf,1074,0.00285681216209732,7334.8841022971,2.97820794536996e-05,1,1,136.483085251141,solid_phi0,0
inf,1075,0.00274124551439148,7335.24676668398,0.000109235941424202,1,1,136.483085251141,solid_phi0,0
inf,1076,0.00267630009180908,7334.91093129045,5.75405843825649e-05,1,1,136.483085251141,solid_phi0,0
inf,1077,0.00360760772664492,7335.30323623591,9.43877211529998e-05,1,1,136.483085251141,solid_phi0,0
inf,1078,0.00429194504389407,7335.03019460747,7.59257774942679e-05,1,1,136.483085251141,solid_phi0,0
inf,1079,0.00473846743972817,7335.41093629154,8.23498252104926e-05,1,1,136.483085251141,solid_phi0,0
inf,1080,0.00505080434103633,7335.15235522327,8.8938697323071e-05,1,1,136.483085251141,solid_phi0,0
inf,1081,0.00525703886952777,7335.51945093002,7.27205330803837e-05,1,1,136.483085251141,solid_phi0,0
inf,1082,0.00539776715850682,7335.26111874879,9.84048795704684e-05,1,1,136.483085251141,solid_phi0,0
inf,1083,0.00549700921469798,7335.61670569179,6.51203456721872e-05,1,1,136.483085251141,solid_phi0,0
inf,1084,0.0055584423452274,7335.35476225701,0.00010551131703096,1,1,136.483085251141,solid_phi0,0
inf,1085,0.00560967625379161,7335.70167210039,5.9139642858308e-05,1,1,136.483085251141,solid_phi0,0
inf,1086,0.00563410507129514,7335.43498210541,0.000110997619819253,1,1,136.483085251141,solid_phi0,0
inf,1087,0.00566396834876337,7335.77608827016,5.44202062854326e-05,1,1,136.483085251141,solid_phi0,0
inf,1088,0.00567097815092266,7335.5043024958,0.000115374787093891,1,1,136.483085251141,solid_phi0,0
inf,1089,0.00569121984219467,7335.84223647377,5.06123393478886e-05,1,1,136.483085251141,solid_phi0,0
inf,1090,0.00568873432179362,7335.56638415002,0.000118968566340083,1,1,136.483085251141,solid_phi0,0
inf,1091,0.00570409512479997,7335.90233666575,4.74398548211408e-05,1,1,136.483085251141,solid_phi0,0
inf,1092,0.00569677178912864,7335.62308934735,0.00012201817222568,1,1,136.483085251141,solid_phi0,0
inf,1093,0.0057096767465078,7335.95797573613,4.47162447755334e-05,1,1,136.483085251141,solid_phi0,0
inf,1094,0.0057001907851244,7335.67562464239,0.000124671364026607,1,1,136.483085251141,solid_phi0,0
inf,1095,0.00571185413183184,7336.0100585476,4.23256036734543e-05,1,1,136.483085251141,solid_phi0,0
inf,1096,0.00570147015314904,7335.72512450863,0.000126939825589645,1,1,136.483085251141,solid_phi0,0
inf,1097,0.0057124458121961,7336.05862820437,4.02167623975158e-05,1,1,136.483085251141,solid_phi0,0
inf,1098,0.00570179973991725,7335.77241654292,0.000129017008371646,1,1,136.483085251141,solid_phi0,0
inf,1099,0.00571216037593381,7336.1056289507,3.82500086069104e-05,1,1,136.483085251141,solid_phi0,0
inf,1100,0.00399574819519799,7335.81881419252,0.000129103088984395,1,1,136.483085251141,solid_phi0,0
inf,1101,0.0025285504139072,7335.20465576811,2.73732499931345e-05,1,1,136.483085251141,solid_phi0,0
inf,1102,0.00246989876735249,7335.56535338191,0.000113391869119406,1,1,136.483085251141,solid_phi0,0
inf,1103,0.00260898753230443,7335.20785282285,5.26897278083638e-05,1,1,136.483085251141,solid_phi0,0
inf,1104,0.00360372520121111,7335.60143731847,0.000100700308110602,1,1,136.483085251141,solid_phi0,0
inf,1105,0.00428972389531834,7335.3127379317,6.93243034703972e-05,1,1,136.483085251141,solid_phi0,0
inf,1106,0.00474309093539305,7335.69867763473,8.97733761332509e-05,1,1,136.483085251141,solid_phi0,0
inf,1107,0.00505694676037538,7335.43222473541,8.1723138194878e-05,1,1,136.483085251141,solid_phi0,0
inf,1108,0.0052636239106989,7335.80901875699,8.02940710342703e-05,1,1,136.483085251141,solid_phi0,0
inf,1109,0.00540755214620525,7335.5499340138,9.19478795866624e-05,1,1,136.483085251141,solid_phi0,0
inf,1110,0.00550079292906824,7335.92237001146,7.13742174873744e-05,1,1,136.483085251141,solid_phi0,0
inf,1111,0.00556756718633356,7335.66650682317,0.000101226014656453,1,1,136.483085251141,solid_phi0,0
inf,1112,0.00560854483192386,7336.03700388179,6.2673624595444e-05,1,1,136.483085251141,solid_phi0,0
inf,1113,0.00564035919798211,7335.78283182709,0.000110104610599571,1,1,136.483085251141,solid_phi0,0
inf,1114,0.0056574317520417,7336.15275469552,5.39965527237563e-05,1,1,136.483085251141,solid_phi0,0
inf,1115,0.00567335477548658,7335.89983918931,0.0001189335758498,1,1,136.483085251141,solid_phi0,0
inf,1116,0.0056795453851981,7336.27002755427,4.51917079741238e-05,1,1,136.483085251141,solid_phi0,0
inf,1117,0.00568809111099333,7336.01817510364,0.000127884077146367,1,1,136.483085251141,solid_phi0,0
inf,1118,0.00568946371373358,7336.38899645125,3.63382463736128e-05,1,1,136.483085251141,solid_phi0,0
inf,1119,0.00398858858415685,7336.13726011927,0.000123693829870208,1,1,136.483085251141,solid_phi0,0
inf,1120,0.00218189067262586,7335.56071596989,3.67335963706861e-05,1,1,136.483085251141,solid_phi0,0
inf,1121,0.00232297418659122,7335.95898435508,0.000100884718098326,1,1,136.483085251141,solid_phi0,0
inf,1122,0.00261242814062246,7335.63613557696,6.93495993406845e-05,1,1,136.483085251141,solid_phi0,0
inf,1123,0.00359378490451978,7336.06747680644,8.08825601772423e-05,1,1,136.483085251141,solid_phi0,0
inf,1124,0.00428800788553818,7335.81166474759,9.3428263320039e-05,1,1,136.483085251141,solid_phi0,0
inf,1125,0.00473192663234878,7336.23480679299,6.27538602362421e-05,1,1,136.483085251141,solid_phi0,0
inf,1126,0.0050525513373455,7335.99801918681,0.000112913708050222,1,1,136.483085251141,solid_phi0,0
inf,1127,0.0052534190308603,7336.40946765775,4.63172701249404e-05,1,1,136.483085251141,solid_phi0,0
inf,1128,0.00539828615547133,7336.17690323468,0.000129696378827093,1,1,136.483085251141,solid_phi0,0
inf,1129,0.00549054229529222,7336.57941212402,3.12067067247401e-05,1,1,136.483085251141,solid_phi0,0
inf,1130,0.0038467143060481,7336.34628984179,0.000116309156802719,1,1,136.483085251141,solid_phi0,0
inf,1131,0.00211767084245684,7335.7913759023,4.70710084703452e-05,1,1,136.483085251141,solid_phi0,0
inf,1132,0.00233024994004116,7336.20786472965,8.86845687227966e-05,1,1,136.483085251141,solid_phi0,0
inf,1133,0.00264663386962816,7335.90154371276,8.37127507460345e-05,1,1,136.483085251141,solid_phi0,0
inf,1134,0.00361689500703322,7336.34765599637,6.48557506114367e-05,1,1,136.483085251141,solid_phi0,0
inf,1135,0.00429834785977812,7336.10541627144,0.000111184913912821,1,1,136.483085251141,solid_phi0,0
inf,1136,0.0047396969419744,7336.54062387833,4.36300645179077e-05,1,1,136.483085251141,solid_phi0,0
inf,1137,0.00335419295163664,7336.31528737353,0.000127509191325537,1,1,136.483085251141,solid_phi0,0
inf,1138,0.00208353343948475,7335.78547985739,3.96424439814691e-05,1,1,136.483085251141,solid_phi0,0
inf,1139,0.0023385858459074,7336.21431388586,9.4646513229435e-05,1,1,136.483085251141,solid_phi0,0
inf,1140,0.00280101990246784,7335.92717053102,8.02973395852558e-05,1,1,136.483085251141,solid_phi0,0
inf,1141,0.00371934354285897,7336.38595249604,6.69112082621881e-05,1,1,136.483085251141,solid_phi0,0
inf,1142,0.00435547665749469,7336.15911408757,0.000111085574779457,1,1,136.483085251141,solid_phi0,0
inf,1143,0.00477826644208545,7336.60574339886,4.25271807534822e-05,1,1,136.483085251141,solid_phi0,0
inf,1144,0.0033938802843303,7336.39316530458,0.000124833891904208,1,1,136.483085251141,solid_phi0,0
inf,1145,0.00205113270086377,7335.87326987731,4.34312451051966e-05,1,1,136.483085251141,solid_phi0,0
inf,1146,0.0023420496363511,7336.31264453479,8.96782497531445e-05,1,1,136.483085251141,solid_phi0,0
inf,1147,0.00277896639423492,7336.0344514317,8.62945126722803e-05,1,1,136.483085251141,solid_phi0,0
inf,1148,0.00370363394402684,7336.50192912054,6.00004658765085e-05,1,1,136.483085251141,solid_phi0,0
inf,1149,0.00433666160314461,7336.28309846801,0.000118967805070591,1,1,136.483085251141,solid_phi0,0
inf,1150,0.00476568017886547,7336.73687525045,3.39117496676034e-05,1,1,136.483085251141,solid_phi0,0
inf,1151,0.00339773246808839,7336.53137020578,0.000115349016681421,1,1,136.483085251141,solid_phi0,0
inf,1152,0.00202115600293951,7336.0172661969,5.35974684803264e-05,1,1,136.483085251141,solid_phi0,0
inf,1153,0.00234413106426512,7336.46255338916,7.89045846395497e-05,1,1,136.483085251141,solid_phi0,0
inf,1154,0.00276129671511738,7336.18969597049,9.77555657803997e-05,1,1,136.483085251141,solid_phi0,0
inf,1155,0.00369119088024017,7336.66182776018,4.80697696387811e-05,1,1,136.483085251141,solid_phi0,0
inf,1156,0.00267597676597731,7336.44772976766,0.000129552697980206,1,1,136.483085251141,solid_phi0,0
inf,1157,0.00200217719362994,7335.95402411325,4.33846933654003e-05,1,1,136.483085251141,solid_phi0,0
inf,1158,0.00235150105702631,7336.40375371294,8.84537497175542e-05,1,1,136.483085251141,solid_phi0,0
inf,1159,0.00298061694441076,7336.14725478503,9.07244190548884e-05,1,1,136.483085251141,solid_phi0,0
inf,1160,0.003837377034279,7336.62691498889,5.4281974743553e-05,1,1,136.483085251141,solid_phi0,0
inf,1161,0.00442432224880684,7336.42554713799,0.000127015666866015,1,1,136.483085251141,solid_phi0,0
inf,1162,0.00482375268411983,7336.89066525984,2.48140923660989e-05,1,1,136.483085251141,solid_phi0,0
inf,1163,0.00345771112367244,7336.69921633387,0.000104326866034565,1,1,136.483085251141,solid_phi0,0
inf,1164,0.00197423402474695,7336.19570377457,6.56443645181692e-05,1,1,136.483085251141,solid_phi0,0
inf,1165,0.00234718588738758,7336.6506932165,6.59747197933047e-05,1,1,136.483085251141,solid_phi0,0
inf,1166,0.00271952307967371,7336.38663847508,0.000112007017016413,1,1,136.483085251141,solid_phi0,0
inf,1167,0.00366069274521352,7336.86641583067,3.34705597361262e-05,1,1,136.483085251141,solid_phi0,0
inf,1168,0.00267241520869421,7336.65882433289,0.000113823661431534,1,1,136.483085251141,solid_phi0,0
inf,1169,0.00198141714479549,7336.17272460246,5.99479128240432e-05,1,1,136.483085251141,solid_phi0,0
inf,1170,0.0023533334853596,7336.62508542145,7.20767094662955e-05,1,1,136.483085251141,solid_phi0,0
inf,1171,0.00296209064887598,7336.37196728195,0.000108312476161609,1,1,136.483085251141,solid_phi0,0
inf,1172,0.00382258012594539,7336.85427398441,3.72402883953571e-05,1,1,136.483085251141,solid_phi0,0
inf,1173,0.00279099414656492,7336.65425048008,0.000116189905486119,1,1,136.483085251141,solid_phi0,0
inf,1174,0.00198684763564505,7336.17287643153,5.79181127828843e-05,1,1,136.483085251141,solid_phi0,0
inf,1175,0.00235405970291003,7336.62981012587,7.34502608383814e-05,1,1,136.483085251141,solid_phi0,0
inf,1176,0.00291999228855389,7336.37998822591,0.000107243141229896,1,1,136.483085251141,solid_phi0,0
inf,1177,0.00379241826597188,7336.86541831795,3.78851090568899e-05,1,1,136.483085251141,solid_phi0,0
inf,1178,0.00277758674803319,7336.66784808499,0.000116523499638421,1,1,136.483085251141,solid_phi0,0
inf,1179,0.00199133602720336,7336.18902862433,5.78443896199765e-05,1,1,136.483085251141,solid_phi0,0
inf,1180,0.00235472510976675,7336.64686530291,7.34018331804975e-05,1,1,136.483085251141,solid_phi0,0
inf,1181,0.00291908475709923,7336.39843239109,0.000107526813357905,1,1,136.483085251141,solid_phi0,0
inf,1182,0.0037904647635103,7336.88448577751,3.75407765833558e-05,1,1,136.483085251141,solid_phi0,0
inf,1183,0.00278313907751104,7336.68777572793,0.000116055350378508,1,1,136.483085251141,solid_phi0,0
inf,1184,0.00199385190313917,7336.20928699382,5.84272021832977e-05,1,1,136.483085251141,solid_phi0,0
inf,1185,0.0023547762700864,7336.6673062804,7.27936296703868e-05,1,1,136.483085251141,solid_phi0,0
inf,1186,0.00291218650701008,7336.41912197303,0.000108233749697595,1,1,136.483085251141,solid_phi0,0
inf,1187,0.00378451833844773,7336.9050522709,3.6850618106099e-05,1,1,136.483085251141,solid_phi0,0
inf,1188,0.00278585304806189,7336.70845864535,0.000115329029626299,1,1,136.483085251141,solid_phi0,0
inf,1189,0.00199530549041871,7336.22978102315,5.92144063165101e-05,1,1,136.483085251141,solid_phi0,0
inf,1190,0.00235457207927947,7336.68750490876,7.2024274203053e-05,1,1,136.483085251141,solid_phi0,0
inf,1191,0.00291160855823358,7336.43929684363,0.000109008190110282,1,1,136.483085251141,solid_phi0,0
inf,1192,0.00378091724320218,7336.92541817739,3.58467363128501e-05,1,1,136.483085251141,solid_phi0,0
inf,1193,0.00321810722309463,7336.73202854946,0.000112928715745197,1,1,136.483085251141,solid_phi0,0
inf,1194,0.00743497733862211,7336.27213659472,6.47806366487202e-05,1,1,136.483085251141,solid_phi0,0
inf,1195,0.00801478362919533,7336.77430897681,6.25157790833386e-05,1,1,136.483085251141,solid_phi0,0
inf,1196,0.0059422285463336,7336.57525605816,0.000121887764370054,1,1,136.483085251141,solid_phi0,0
inf,1197,0.00377821725610894,7337.09933291416,2.05146425013014e-05,1,1,136.483085251141,solid_phi0,0
inf,1198,0.00279943891816159,7336.92942832294,9.69236430226061e-05,1,1,136.483085251141,solid_phi0,0
inf,1199,0.00199614564641526,7336.4678880705,7.89318514200499e-05,1,1,136.483085251141,solid_phi0,0
inf,1200,0.00235529579548455,7336.93866597837,5.10195753021803e-05,1,1,136.483085251141,solid_phi0,0
inf,1201,0.00129708165713638,7336.70067124422,0.000130245514239458,1,1,136.483085251141,solid_phi0,0
inf,1202,0.00199364194811802,7336.24756517194,5.20279142297575e-05,1,1,136.483085251141,solid_phi0,0
inf,1203,0.00236720159909698,7336.70577414178,7.81795056367107e-05,1,1,136.483085251141,solid_phi0,0
inf,1204,0.00339364630681638,7336.48506023404,0.000107384169309555,1,1,136.483085251141,solid_phi0,0
inf,1205,0.00409435033125893,7336.98168215265,3.6222830764765e-05,1,1,136.483085251141,solid_phi0,0
inf,1206,0.00302915719536112,7336.80784520984,0.00011141891758748,1,1,136.483085251141,solid_phi0,0
inf,1207,0.00199495293108276,7336.34167592889,6.4206517181864e-05,1,1,136.483085251141,solid_phi0,0
inf,1208,0.00235545531319725,7336.81764294864,6.47610091760731e-05,1,1,136.483085251141,solid_phi0,0
inf,1209,0.00285224758239777,7336.58291631827,0.000117330608039756,1,1,136.483085251141,solid_phi0,0
inf,1210,0.00372780266970718,7337.08272464296,2.61956952243292e-05,1,1,136.483085251141,solid_phi0,0
inf,1211,0.00278147857460254,7336.89866661932,0.000103216219803692,1,1,136.483085251141,solid_phi0,0
inf,1212,0.00199236446541151,7336.43091252992,7.21660348033115e-05,1,1,136.483085251141,solid_phi0,0
inf,1213,0.00235474215274678,7336.89944278814,5.80006184607296e-05,1,1,136.483085251141,solid_phi0,0
inf,1214,0.00293153684865477,7336.66201491684,0.000123819834810357,1,1,136.483085251141,solid_phi0,0
inf,1215,0.0037779727806081,7337.15619155759,2.05059570689281e-05,1,1,136.483085251141,solid_phi0,0
inf,1216,0.00282020475613454,7336.96914096842,9.78603775448894e-05,1,1,136.483085251141,solid_phi0,0
inf,1217,0.00198965553215713,7336.49703520105,7.69997669343159e-05,1,1,136.483085251141,solid_phi0,0
inf,1218,0.00235316048311907,7336.9625453813,5.34897107475896e-05,1,1,136.483085251141,solid_phi0,0
inf,1219,0.00291808010101458,7336.72162040028,0.000127997307920902,1,1,136.483085251141,solid_phi0,0
inf,1220,0.00376082417968571,7337.21284671323,1.66639791426837e-05,1,1,136.483085251141,solid_phi0,0
inf,1221,0.00281457934229934,7337.02303137142,9.43235213699545e-05,1,1,136.483085251141,solid_phi0,0
inf,1222,0.0019868909524331,7336.54831425093,8.02696334540887e-05,1,1,136.483085251141,solid_phi0,0
inf,1223,0.00235212580099775,7337.01137338111,5.04713040266891e-05,1,1,136.483085251141,solid_phi0,0
inf,1224,0.00129675620780412,7336.76812205697,0.000130179514670314,1,1,136.483085251141,solid_phi0,0
inf,1225,0.00198433002086507,7336.31070938768,5.15368384192971e-05,1,1,136.483085251141,solid_phi0,0
inf,1226,0.00236411248811552,7336.76556911444,7.91383834981563e-05,1,1,136.483085251141,solid_phi0,0
inf,1227,0.00339866816558165,7336.54297719605,0.000106408795905955,1,1,136.483085251141,solid_phi0,0
inf,1228,0.00407184552129969,7337.03835192203,3.71621880224104e-05,1,1,136.483085251141,solid_phi0,0
inf,1229,0.00304035939128222,7336.8696615747,0.000111510716403029,1,1,136.483085251141,solid_phi0,0
inf,1230,0.00198431709279867,7336.41083882614,6.46468220861784e-05,1,1,136.483085251141,solid_phi0,0
inf,1231,0.00235290164285717,7336.89351837238,6.39150780871178e-05,1,1,136.483085251141,solid_phi0,0
inf,1232,0.00284818694328448,7336.66274406912,0.000118628543879229,1,1,136.483085251141,solid_phi0,0
inf,1233,0.00369102807324462,7337.16408841871,2.49457186429769e-05,1,1,136.483085251141,solid_phi0,0
inf,1234,0.00278374391716718,7336.98160171217,0.000101867822353441,1,1,136.483085251141,solid_phi0,0
inf,1235,0.00198110771221749,7336.51396898838,7.34907249213546e-05,1,1,136.483085251141,solid_phi0,0
inf,1236,0.00235340420855923,7336.98283800046,5.66453517462095e-05,1,1,136.483085251141,solid_phi0,0
inf,1237,0.00292796865869749,7336.74516224698,0.000125330508556454,1,1,136.483085251141,solid_phi0,0
inf,1238,0.00374637114078857,7337.23888252188,1.91283693591338e-05,1,1,136.483085251141,solid_phi0,0
inf,1239,0.00282042085722689,7337.05213203527,9.64688505433742e-05,1,1,136.483085251141,solid_phi0,0
inf,1240,0.00197734246700898,7336.57970677381,7.83365868621821e-05,1,1,136.483085251141,solid_phi0,0
inf,1241,0.00235204268484535,7337.04531193919,5.21369737483957e-05,1,1,136.483085251141,solid_phi0,0
inf,1242,0.00291527860540963,7336.80405287061,0.000129447418717232,1,1,136.483085251141,solid_phi0,0
inf,1243,0.00373847912044534,7337.29498309499,1.52957387650199e-05,1,1,136.483085251141,solid_phi0,0
inf,1244,0.0028139465841216,7337.10530590781,9.29430071482384e-05,1,1,136.483085251141,solid_phi0,0
inf,1245,0.00197380007524628,7336.63035396093,8.16199278765861e-05,1,1,136.483085251141,solid_phi0,0
inf,1246,0.00235123443493235,7337.09349008573,4.91028758721201e-05,1,1,136.483085251141,solid_phi0,0
inf,1247,0.00129355178095591,7336.84995574412,0.000128824111098269,1,1,136.483085251141,solid_phi0,0
inf,1248,0.00197071116449421,7336.39235658881,5.28838780851082e-05,1,1,136.483085251141,solid_phi0,0
inf,1249,0.00236339803989161,7336.84695423149,7.78470583583379e-05,1,1,136.483085251141,solid_phi0,0
inf,1250,0.00339889963809847,7336.62344968544,0.000107565395898845,1,1,136.483085251141,solid_phi0,0
inf,1251,0.00406042843105592,7337.11642305836,3.66985278771326e-05,1,1,136.483085251141,solid_phi0,0
inf,1252,0.00303961886558257,7336.94087947347,0.000112044515246601,1,1,136.483085251141,solid_phi0,0
inf,1253,0.00197019899828521,7336.47169241702,6.31709361882393e-05,1,1,136.483085251141,solid_phi0,0
inf,1254,0.00235243382599637,7336.94573587296,6.60705819335305e-05,1,1,136.483085251141,solid_phi0,0
inf,1255,0.00284498318352877,7336.70861629461,0.000115968173777903,1,1,136.483085251141,solid_phi0,0
inf,1256,0.00368816263492333,7337.20598549672,2.79469192820958e-05,1,1,136.483085251141,solid_phi0,0
inf,1257,0.00278096098794134,7337.0204673954,0.00010513746783325,1,1,136.483085251141,solid_phi0,0
inf,1258,0.00196652736261727,7336.55066800247,7.00100631867429e-05,1,1,136.483085251141,solid_phi0,0
inf,1259,0.00235250891921412,7337.01784237559,6.0293314780191e-05,1,1,136.483085251141,solid_phi0,0
inf,1260,0.00292626162332332,7336.77853298255,0.00012153768747214,1,1,136.483085251141,solid_phi0,0
inf,1261,0.00374417246745151,7337.27110287563,2.30245657759642e-05,1,1,136.483085251141,solid_phi0,0
inf,1262,0.00281818729247796,7337.08319789221,0.000100445581132425,1,1,136.483085251141,solid_phi0,0
inf,1263,0.00196255845529159,7336.61006521453,7.43093855530841e-05,1,1,136.483085251141,solid_phi0,0
inf,1264,0.00235142534153754,7337.07554778971,5.61496614749357e-05,1,1,136.483085251141,solid_phi0,0
inf,1265,0.00291319507870047,7336.83479915312,0.000125531055946038,1,1,136.483085251141,solid_phi0,0
inf,1266,0.00373555953535276,7337.32805038234,1.89351512152047e-05,1,1,136.483085251141,solid_phi0,0
inf,1267,0.00281184463739614,7337.14319773677,9.62360210229329e-05,1,1,136.483085251141,solid_phi0,0
inf,1268,0.00195919709125858,7336.67388251828,7.86187403150063e-05,1,1,136.483085251141,solid_phi0,0
inf,1269,0.00235093566013345,7337.14118428531,5.1868894380469e-05,1,1,136.483085251141,solid_phi0,0
inf,1270,0.00291435677633323,7336.90013877268,0.000129683065164921,1,1,136.483085251141,solid_phi0,0
inf,1271,0.00373627323034464,7337.39081478081,1.51076704869579e-05,1,1,136.483085251141,solid_phi0,0
inf,1272,0.00281180035079465,7337.20020994385,9.2810820771283e-05,1,1,136.483085251141,solid_phi0,0
inf,1273,0.00195521595184123,7336.72427556306,8.16894115711619e-05,1,1,136.483085251141,solid_phi0,0
inf,1274,0.00235081073828158,7337.18653889585,4.90883693213817e-05,1,1,136.483085251141,solid_phi0,0
inf,1275,0.00128969830542236,7336.94182803997,0.000128867962696844,1,1,136.483085251141,solid_phi0,0
inf,1276,0.00195790778815197,7336.48322041575,5.27870254052321e-05,1,1,136.483085251141,solid_phi0,0
inf,1277,0.00236314805981497,7336.93700104108,7.799155178001e-05,1,1,136.483085251141,solid_phi0,0
inf,1278,0.00339695209021174,7336.71243622488,0.000107376201775145,1,1,136.483085251141,solid_phi0,0
inf,1279,0.00406141319572217,7337.20477170696,3.69174719240251e-05,1,1,136.483085251141,solid_phi0,0
inf,1280,0.00303714207242356,7337.02832353058,0.00011229493567011,1,1,136.483085251141,solid_phi0,0
inf,1281,0.00195121144572674,7336.55841788864,6.28915408797948e-05,1,1,136.483085251141,solid_phi0,0
inf,1282,0.00235236809157691,7337.03192140513,6.63706157949528e-05,1,1,136.483085251141,solid_phi0,0
inf,1283,0.00284240584675688,7336.79401143912,0.000115646466787522,1,1,136.483085251141,solid_phi0,0
inf,1284,0.00368467531736227,7337.29099606126,2.82739093107054e-05,1,1,136.483085251141,solid_phi0,0
inf,1285,0.00277814231408424,7337.10481114249,0.000105474736592837,1,1,136.483085251141,solid_phi0,0
inf,1286,0.0019502159507977,7336.63451532218,6.96646631541675e-05,1,1,136.483085251141,solid_phi0,0
inf,1287,0.00235258053296439,7337.10133426946,6.06427972857926e-05,1,1,136.483085251141,solid_phi0,0
inf,1288,0.00292389524449543,7336.8613839491,0.000121179651801695,1,1,136.483085251141,solid_phi0,0
inf,1289,0.00374080742468452,7337.35363566413,2.34187941084985e-05,1,1,136.483085251141,solid_phi0,0
inf,1290,0.0028155857423926,7337.16501204055,0.000100795880553006,1,1,136.483085251141,solid_phi0,0
inf,1291,0.00195058269008852,7336.69124606075,7.39020189637341e-05,1,1,136.483085251141,solid_phi0,0
inf,1292,0.00235166497476968,7337.15564409178,5.67491412826193e-05,1,1,136.483085251141,solid_phi0,0
inf,1293,0.0029110261245503,7336.91278962075,0.00012495983045091,1,1,136.483085251141,solid_phi0,0
inf,1294,0.00373247342153282,7337.40328735502,2.00575344955212e-05,1,1,136.483085251141,solid_phi0,0
inf,1295,0.00280947637761009,7337.21214766495,9.74065270842317e-05,1,1,136.483085251141,solid_phi0,0
inf,1296,0.00195040629787857,7336.73693458369,7.70308718913704e-05,1,1,136.483085251141,solid_phi0,0
inf,1297,0.00235134899399081,7337.19912732901,5.39746804814056e-05,1,1,136.483085251141,solid_phi0,0
inf,1298,0.00291241559921596,7336.95433259641,0.000127821545269358,1,1,136.483085251141,solid_phi0,0
inf,1299,0.0037338662891242,7337.44361991875,1.75956193890769e-05,1,1,136.483085251141,solid_phi0,0
inf,1300,0.00281007896484975,7337.2506166175,9.49757760401182e-05,1,1,136.483085251141,solid_phi0,0
inf,1301,0.00195108663393284,7336.77436030095,7.95080318367614e-05,1,1,136.483085251141,solid_phi0,0
inf,1302,0.00235197974481816,7337.23547966212,5.18770249904321e-05,1,1,136.483085251141,solid_phi0,0
inf,1303,0.00291203757136671,7336.98895802047,0.000130065467828455,1,1,136.483085251141,solid_phi0,0
inf,1304,0.00373449326535102,7337.47745460318,1.57196437774454e-05,1,1,136.483085251141,solid_phi0,0
inf,1305,0.00280987450100323,7337.28286938734,9.31312224351499e-05,1,1,136.483085251141,solid_phi0,0
inf,1306,0.00195183163251444,7336.80587757086,8.14863898448426e-05,1,1,136.483085251141,solid_phi0,0
inf,1307,0.0023529428361988,7337.26631615026,5.02702406769417e-05,1,1,136.483085251141,solid_phi0,0
inf,1308,0.00128734179168666,7337.01829691349,0.000129674341999619,1,1,136.483085251141,solid_phi0,0
inf,1309,0.00195823962121688,7336.55936185266,5.22614968563317e-05,1,1,136.483085251141,solid_phi0,0
inf,1310,0.00236599791303593,7337.01190759618,7.96002444476418e-05,1,1,136.483085251141,solid_phi0,0
inf,1311,0.00339656291383794,7336.7841771321,0.000106755260202318,1,1,136.483085251141,solid_phi0,0
inf,1312,0.00406570614349289,7337.27694720157,3.87938280739242e-05,1,1,136.483085251141,solid_phi0,0
inf,1313,0.00303682922107407,7337.09736629021,0.000113638387944204,1,1,136.483085251141,solid_phi0,0
inf,1314,0.00194796345831449,7336.62814765531,6.21321969545008e-05,1,1,136.483085251141,solid_phi0,0
inf,1315,0.00235666164834569,7337.10136700912,6.84507224403275e-05,1,1,136.483085251141,solid_phi0,0
inf,1316,0.00284201330965272,7336.8602756514,0.000114869507022108,1,1,136.483085251141,solid_phi0,0
inf,1317,0.0036853934996891,7337.35853109064,3.05315488763336e-05,1,1,136.483085251141,solid_phi0,0
inf,1318,0.00277811189536714,7337.16917813542,0.000107090369014129,1,1,136.483085251141,solid_phi0,0
inf,1319,0.00195125758884818,7336.70030024265,6.8761228731784e-05,1,1,136.483085251141,solid_phi0,0
inf,1320,0.00235720687940733,7337.16750307317,6.29104364004984e-05,1,1,136.483085251141,solid_phi0,0
inf,1321,0.00292427736257639,7336.92475164809,0.000120294160604661,1,1,136.483085251141,solid_phi0,0
inf,1322,0.00374228684959355,7337.41890114938,2.56995790938186e-05,1,1,136.483085251141,solid_phi0,0
inf,1323,0.00281622389590153,7337.22768935976,0.00010244176032792,1,1,136.483085251141,solid_phi0,0
inf,1324,0.00195195626112421,7336.75575005651,7.30343759536289e-05,1,1,136.483085251141,solid_phi0,0
inf,1325,0.00235614482944457,7337.22107176395,5.88220380759452e-05,1,1,136.483085251141,solid_phi0,0
inf,1326,0.0029118211513619,7336.97591444215,0.000124117882240427,1,1,136.483085251141,solid_phi0,0
inf,1327,0.00373418461560182,7337.46830120882,2.20471689544866e-05,1,1,136.483085251141,solid_phi0,0
inf,1328,0.00281032592267005,7337.27510854347,9.89968552040921e-05,1,1,136.483085251141,solid_phi0,0
inf,1329,0.00195264250519522,7336.80151091322,7.61849020611827e-05,1,1,136.483085251141,solid_phi0,0
inf,1330,0.00235569879715813,7337.26493056937,5.56659324538744e-05,1,1,136.483085251141,solid_phi0,0
inf,1331,0.00291377664348824,7337.01866913677,0.000126869807443031,1,1,136.483085251141,solid_phi0,0
inf,1332,0.00373602799154638,7337.50907485913,1.91175847321645e-05,1,1,136.483085251141,solid_phi0,0
inf,1333,0.0028115375997132,7337.31522491738,9.62052402232461e-05,1,1,136.483085251141,solid_phi0,0
inf,1334,0.00195292144911519,7336.84005075501,7.85613955434084e-05,1,1,136.483085251141,solid_phi0,0
inf,1335,0.00235564008997102,7337.30170384137,5.30419276079108e-05,1,1,136.483085251141,solid_phi0,0
inf,1336,0.00291358703692834,7337.05507326411,0.000129103536052888,1,1,136.483085251141,solid_phi0,0
inf,1337,0.00373663964364856,7337.54373568695,1.66542057910002e-05,1,1,136.483085251141,solid_phi0,0
inf,1338,0.00281167903636392,7337.34952089723,9.38500556639799e-05,1,1,136.483085251141,solid_phi0,0
inf,1339,0.0019529708518814,7336.87309764766,8.0552469007289e-05,1,1,136.483085251141,solid_phi0,0
inf,1340,0.00235577403617859,7337.33332464819,5.07981599373597e-05,1,1,136.483085251141,solid_phi0,0
inf,1341,0.00128775519909774,7337.08658963578,0.00013009166142397,1,1,136.483085251141,solid_phi0,0
inf,1342,0.00195895011598013,7336.6278851513,5.1429282748483e-05,1,1,136.483085251141,solid_phi0,0
inf,1343,0.00236841354466566,7337.07995498447,7.97226858235689e-05,1,1,136.483085251141,solid_phi0,0
inf,1344,0.00339855555011803,7336.85414226929,0.000106047144738941,1,1,136.483085251141,solid_phi0,0
inf,1345,0.00406860036952639,7337.3457576973,3.86736770313645e-05,1,1,136.483085251141,solid_phi0,0
inf,1346,0.00303900361560394,7337.16827912022,0.000113566708785928,1,1,136.483085251141,solid_phi0,0
inf,1347,0.00194784407423432,7336.69881666198,6.16228076601999e-05,1,1,136.483085251141,solid_phi0,0
inf,1348,0.00235812033188942,7337.17162657693,6.78728365368642e-05,1,1,136.483085251141,solid_phi0,0
inf,1349,0.00284220768799248,7336.93346638039,0.000114714072649402,1,1,136.483085251141,solid_phi0,0
inf,1350,0.00368750695446352,7337.43109940273,2.93314010300083e-05,1,1,136.483085251141,solid_phi0,0
inf,1351,0.0027789729278398,7337.24643573664,0.000105384256641416,1,1,136.483085251141,solid_phi0,0
inf,1352,0.00198423065301872,7336.78248731569,7.06993737598083e-05,1,1,136.483085251141,solid_phi0,0
inf,1353,0.00235853660788587,7337.25663581734,5.90293605183811e-05,1,1,136.483085251141,solid_phi0,0
inf,1354,0.00292399956395439,7337.02305575807,0.000123933055288017,1,1,136.483085251141,solid_phi0,0
inf,1355,0.00374532138728345,7337.52021618229,2.04931418984478e-05,1,1,136.483085251141,solid_phi0,0
inf,1356,0.00281627195882805,7337.33471097626,9.70125162348401e-05,1,1,136.483085251141,solid_phi0,0
inf,1357,0.0019499483301646,7336.86444335525,7.80706942147269e-05,1,1,136.483085251141,solid_phi0,0
inf,1358,0.00235878175677828,7337.33081958632,5.2412217310116e-05,1,1,136.483085251141,solid_phi0,0
inf,1359,0.00291036568028991,7337.08995069799,0.000129891631920565,1,1,136.483085251141,solid_phi0,0
inf,1360,0.00373832284868181,7337.58224059357,1.49564098527177e-05,1,1,136.483085251141,solid_phi0,0
inf,1361,0.0028091902223063,7337.39299964664,9.18379972765226e-05,1,1,136.483085251141,solid_phi0,0
inf,1362,0.00195028266214436,7336.9201020048,8.29995210100964e-05,1,1,136.483085251141,solid_phi0,0
inf,1363,0.00235850073872179,7337.3842485956,4.77127895013307e-05,1,1,136.483085251141,solid_phi0,0
inf,1364,0.00128451766228255,7337.14155032007,0.000126681692450781,1,1,136.483085251141,solid_phi0,0
inf,1365,0.00195646642877312,7336.68609578742,5.53145167614399e-05,1,1,136.483085251141,solid_phi0,0
inf,1366,0.00237090157185438,7337.14178029717,7.53981411962812e-05,1,1,136.483085251141,solid_phi0,0
inf,1367,0.00339557876389252,7336.91925505146,0.000110788878114443,1,1,136.483085251141,solid_phi0,0
inf,1368,0.00407234385126665,7337.41414669627,3.35298203965051e-05,1,1,136.483085251141,solid_phi0,0
inf,1369,0.00303549900791822,7337.23970868964,0.000108049300053814,1,1,136.483085251141,solid_phi0,0
inf,1370,0.00194574275965231,7336.77317833193,6.75016203317558e-05,1,1,136.483085251141,solid_phi0,0
inf,1371,0.00236022485920317,7337.24881097891,6.16684243225363e-05,1,1,136.483085251141,solid_phi0,0
inf,1372,0.00283844161883084,7337.01312754964,0.000121186792819916,1,1,136.483085251141,solid_phi0,0
inf,1373,0.00369154293636176,7337.51283821023,2.27373832585309e-05,1,1,136.483085251141,solid_phi0,0
inf,1374,0.00277480700546473,7337.32881934376,9.90681688528561e-05,1,1,136.483085251141,solid_phi0,0
inf,1375,0.00194859514455192,7336.86203097695,7.6455689261179e-05,1,1,136.483085251141,solid_phi0,0
inf,1376,0.00236053168982508,7337.33107065492,5.37478646310818e-05,1,1,136.483085251141,solid_phi0,0
inf,1377,0.002919899203214,7337.09347625659,0.000128930731387422,1,1,136.483085251141,solid_phi0,0
inf,1378,0.00374971525340584,7337.58853207033,1.5624274752879e-05,1,1,136.483085251141,solid_phi0,0
inf,1379,0.00281194539715868,7337.40219024708,9.21795771134937e-05,1,1,136.483085251141,solid_phi0,0
inf,1380,0.00194905846796745,7336.93187077,8.29368305415024e-05,1,1,136.483085251141,solid_phi0,0
inf,1381,0.00235963307383691,7337.39860523314,4.74807300900881e-05,1,1,136.483085251141,solid_phi0,0
inf,1382,0.00127946349632568,7337.15824245691,0.000126184623511327,1,1,136.483085251141,solid_phi0,0
inf,1383,0.00195548725337202,7336.7050980444,5.60834981033764e-05,1,1,136.483085251141,solid_phi0,0
inf,1384,0.00237188144887401,7337.16296040726,7.43673355113605e-05,1,1,136.483085251141,solid_phi0,0
inf,1385,0.0033934772524602,7336.94254209525,0.000112085887596036,1,1,136.483085251141,solid_phi0,0
inf,1386,0.00407583422755142,7337.43951942339,3.19615979537113e-05,1,1,136.483085251141,solid_phi0,0
inf,1387,0.00303291356586222,7337.26712194033,0.000106200996487837,1,1,136.483085251141,solid_phi0,0
inf,1388,0.00194499375750201,7336.80264876066,6.96409791443031e-05,1,1,136.483085251141,solid_phi0,0
inf,1389,0.00236095792560242,7337.2803480849,5.92891762345449e-05,1,1,136.483085251141,solid_phi0,0
inf,1390,0.00283555655389522,7337.04637695469,0.000123766757003541,1,1,136.483085251141,solid_phi0,0
inf,1391,0.00369431787964014,7337.5476206039,1.99828741813679e-05,1,1,136.483085251141,solid_phi0,0
inf,1392,0.00277189848089809,7337.36491416849,9.61643506465215e-05,1,1,136.483085251141,solid_phi0,0
inf,1393,0.0019480731118181,7336.89932290748,7.94984622658479e-05,1,1,136.483085251141,solid_phi0,0
inf,1394,0.00236102617372747,7337.36945279052,5.05826938533849e-05,1,1,136.483085251141,solid_phi0,0
inf,1395,0.0012903455791502,7337.13282304241,0.000128884820266517,1,1,136.483085251141,solid_phi0,0
inf,1396,0.00195440088335097,7336.68269724841,5.36639712984677e-05,1,1,136.483085251141,solid_phi0,0
inf,1397,0.00237276884448101,7337.14360898104,7.64879374092198e-05,1,1,136.483085251141,solid_phi0,0
inf,1398,0.00338833577319142,7336.92574394631,0.000110186087853847,1,1,136.483085251141,solid_phi0,0
inf,1399,0.00407456248759042,7337.42517896111,3.36495421950911e-05,1,1,136.483085251141,solid_phi0,0
inf,1400,0.00302974116703736,7337.25484884734,0.000107736843681372,1,1,136.483085251141,solid_phi0,0
inf,1401,0.0019443805421403,7336.79225603434,6.82309381563329e-05,1,1,136.483085251141,solid_phi0,0
inf,1402,0.00236154344881534,7337.27153089728,6.05493921251865e-05,1,1,136.483085251141,solid_phi0,0
inf,1403,0.0028348101533836,7337.03923731521,0.000122679882047727,1,1,136.483085251141,solid_phi0,0
inf,1404,0.00369607519038473,7337.54217530314,2.08771675639374e-05,1,1,136.483085251141,solid_phi0,0
inf,1405,0.00277077923127556,7337.36113331067,9.68419739348914e-05,1,1,136.483085251141,solid_phi0,0
inf,1406,0.00194768893902086,7336.89716947687,7.90780782633504e-05,1,1,136.483085251141,solid_phi0,0
inf,1407,0.00236138142960196,7337.36888968392,5.06614581329279e-05,1,1,136.483085251141,solid_phi0,0
inf,1408,0.0012888073514149,7337.13382973573,0.000128484511000559,1,1,136.483085251141,solid_phi0,0
inf,1409,0.00195414956311779,7336.68533184213,5.44624791383175e-05,1,1,136.483085251141,solid_phi0,0
inf,1410,0.00237302643192949,7337.14772060175,7.53963785981027e-05,1,1,136.483085251141,solid_phi0,0
inf,1411,0.00338716844676412,7336.93116513642,0.000111492258129564,1,1,136.483085251141,solid_phi0,0
inf,1412,0.00407592344305285,7337.43179792946,3.21790725289484e-05,1,1,136.483085251141,solid_phi0,0
inf,1413,0.00302849705100805,7337.26254629571,0.000106136191414752,1,1,136.483085251141,solid_phi0,0
inf,1414,0.00194418279268271,7336.80095639982,6.99426392134495e-05,1,1,136.483085251141,solid_phi0,0
inf,1415,0.00236173213653834,7337.28115960667,5.87446282995785e-05,1,1,136.483085251141,solid_phi0,0
inf,1416,0.00283359574763598,7337.04971528487,0.000124562162490571,1,1,136.483085251141,solid_phi0,0
inf,1417,0.0036972904607252,7337.55345534555,1.8939086104397e-05,1,1,136.483085251141,solid_phi0,0
inf,1418,0.00276954085809045,7337.37313083768,9.48828732006968e-05,1,1,136.483085251141,solid_phi0,0
inf,1419,0.00194756176715261,7336.90981556277,8.10077362558559e-05,1,1,136.483085251141,solid_phi0,0
inf,1420,0.00236150622801967,7337.38209152253,4.88567084278024e-05,1,1,136.483085251141,solid_phi0,0
inf,1421,0.00128756268368846,7337.14745093461,0.000126958810012012,1,1,136.483085251141,solid_phi0,0
inf,1422,0.00195402134811551,7336.69919983008,5.57819295226025e-05,1,1,136.483085251141,solid_phi0,0
inf,1423,0.00237312533014622,7337.16186210378,7.41913987045706e-05,1,1,136.483085251141,solid_phi0,0
inf,1424,0.00338612934350202,7336.94561104977,0.000112651297109911,1,1,136.483085251141,solid_phi0,0
inf,1425,0.00407708874362323,7337.44658374401,3.10264908068847e-05,1,1,136.483085251141,solid_phi0,0
inf,1426,0.0030274093762479,7337.27765767398,0.000104970725374409,1,1,136.483085251141,solid_phi0,0
inf,1427,0.00194416369179307,7336.81638921984,7.11359714815618e-05,1,1,136.483085251141,solid_phi0,0
inf,1428,0.00236173826460728,7337.29693974607,5.750374221003e-05,1,1,136.483085251141,solid_phi0,0
inf,1429,0.00283257685417104,7337.06604883203,0.000125939263349473,1,1,136.483085251141,solid_phi0,0
inf,1430,0.00369822808869325,7337.57155636677,1.69820769436724e-05,1,1,136.483085251141,solid_phi0,0
inf,1431,0.00491195398140375,7337.39926257264,9.08491032031167e-05,1,1,136.483085251141,solid_phi0,0
inf,1432,0.00650566247313492,7336.96438646771,8.8000045046277e-05,1,1,136.483085251141,solid_phi0,0
inf,1433,0.00536377607774671,7337.47491953056,3.90944056746223e-05,1,1,136.483085251141,solid_phi0,0
inf,1434,0.00343562573710098,7337.27325149894,0.000115023940118975,1,1,136.483085251141,solid_phi0,0
inf,1435,0.0019842220321275,7336.84828123169,6.93782292571221e-05,1,1,136.483085251141,solid_phi0,0
inf,1436,0.00237438260413159,7337.32696344408,5.93166354050378e-05,1,1,136.483085251141,solid_phi0,0
inf,1437,0.00338681761156556,7337.12207247289,0.000128575762754268,1,1,136.483085251141,solid_phi0,0
inf,1438,0.00407652766112154,7337.63190752439,1.4230481987787e-05,1,1,136.483085251141,solid_phi0,0
inf,1439,0.00302805901153991,7337.47025874202,8.74298368810367e-05,1,1,136.483085251141,solid_phi0,0
inf,1440,0.00194254694550933,7337.01518303192,8.93655758082978e-05,1,1,136.483085251141,solid_phi0,0
inf,1441,0.00236327287066296,7337.50155345616,3.86833439953715e-05,1,1,136.483085251141,solid_phi0,0
inf,1442,0.00120575507130516,7337.27574696926,0.000115883720397725,1,1,136.483085251141,solid_phi0,0
inf,1443,0.00195199743177388,7336.83850638569,6.81692754433971e-05,1,1,136.483085251141,solid_phi0,0
inf,1444,0.00237599823245971,7337.30969577469,6.09503286675972e-05,1,1,136.483085251141,solid_phi0,0
inf,1445,0.00341305479873855,7337.10272858014,0.000126913503550208,1,1,136.483085251141,solid_phi0,0
inf,1446,0.00409466134980829,7337.61157872632,1.59902839681481e-05,1,1,136.483085251141,solid_phi0,0
inf,1447,0.00304010565725876,7337.45059644036,8.91251044127239e-05,1,1,136.483085251141,solid_phi0,0
inf,1448,0.00194222584918846,7336.99618625238,8.76853644582454e-05,1,1,136.483085251141,solid_phi0,0
inf,1449,0.00236341683873287,7337.48369971512,4.02776348400469e-05,1,1,136.483085251141,solid_phi0,0
inf,1450,0.00120150318562418,7337.25887680698,0.000117418993789919,1,1,136.483085251141,solid_phi0,0
inf,1451,0.00195186657327406,7336.82276947387,6.67196676840121e-05,1,1,136.483085251141,solid_phi0,0
inf,1452,0.00237617022231895,7337.29495512585,6.23267462135368e-05,1,1,136.483085251141,solid_phi0,0
inf,1453,0.00341399733846626,7337.08900982859,0.000125618967457441,1,1,136.483085251141,solid_phi0,0
inf,1454,0.00409585498133269,7337.59878964016,1.72092636404608e-05,1,1,136.483085251141,solid_phi0,0
inf,1455,0.0030403650479417,7337.43872170274,9.02655025716292e-05,1,1,136.483085251141,solid_phi0,0
inf,1456,0.00194210766808611,7336.98516884984,8.66161174668534e-05,1,1,136.483085251141,solid_phi0,0
inf,1457,0.00236352600728718,7337.47350561081,4.1274068303232e-05,1,1,136.483085251141,solid_phi0,0
inf,1458,0.00120098208070096,7337.24945301398,0.000118347402494723,1,1,136.483085251141,solid_phi0,0
inf,1459,0.00195177311485539,7336.81408926235,6.58563656266153e-05,1,1,136.483085251141,solid_phi0,0
inf,1460,0.00237626422699155,7337.28697107705,6.31271718087856e-05,1,1,136.483085251141,solid_phi0,0
inf,1461,0.0034137921113333,7337.08168668715,0.000124877475955021,1,1,136.483085251141,solid_phi0,0
inf,1462,0.00409619035645981,7337.59209084197,1.7893396788482e-05,1,1,136.483085251141,solid_phi0,0
inf,1463,0.00304011768994839,7337.43261287712,9.08951480960152e-05,1,1,136.483085251141,solid_phi0,0
inf,1464,0.00194203874748811,7336.97962316584,8.60373465785269e-05,1,1,136.483085251141,solid_phi0,0
inf,1465,0.00236359298046318,7337.46849029858,4.18033620138702e-05,1,1,136.483085251141,solid_phi0,0
inf,1466,0.00120068376127513,7337.24493710872,0.000118830093596034,1,1,136.483085251141,solid_phi0,0
inf,1467,0.00195171758811896,7336.81004964408,6.54173935779045e-05,1,1,136.483085251141,solid_phi0,0
inf,1468,0.00237631846770503,7337.28337927047,6.3523954115241e-05,1,1,136.483085251141,solid_phi0,0
inf,1469,0.00341356496825751,7337.07851616417,0.000124519819361346,1,1,136.483085251141,solid_phi0,0
inf,1470,0.00409645132661385,7337.58931984664,1.82130743944242e-05,1,1,136.483085251141,solid_phi0,0
inf,1471,0.00303987746290546,7337.43021650214,9.11791798893224e-05,1,1,136.483085251141,solid_phi0,0
inf,1472,0.00194200089593133,7336.97758385554,8.57867547332525e-05,1,1,136.483085251141,solid_phi0,0
inf,1473,0.00236362944279678,7337.4667863692,4.20217792342914e-05,1,1,136.483085251141,solid_phi0,0
inf,1474,0.00120042589365921,7337.24354758455,0.000119018377027214,1,1,136.483085251141,solid_phi0,0
inf,1475,0.00195168855967842,7336.8089588926,6.52574571482489e-05,1,1,136.483085251141,solid_phi0,0
inf,1476,0.00237634631428729,7337.28256896659,6.3656764166975e-05,1,1,136.483085251141,solid_phi0,0
inf,1477,0.00341335889012895,7337.07796819052,0.000124412199956847,1,1,136.483085251141,solid_phi0,0
inf,1478,0.00409668412783715,7337.58902117417,1.82964045463141e-05,1,1,136.483085251141,solid_phi0,0
inf,1479,0.00303966070557604,7337.4301497855,9.12399036371303e-05,1,1,136.483085251141,solid_phi0,0
inf,1480,0.00194198353424424,7336.97773737017,8.5747361726618e-05,1,1,136.483085251141,solid_phi0,0
inf,1481,0.00236364567317848,7337.46714631307,4.20408629161484e-05,1,1,136.483085251141,solid_phi0,0
inf,1482,0.00120019446313868,7337.24409972688,0.000119018606639987,1,1,136.483085251141,solid_phi0,0
inf,1483,0.00195167688922815,7336.80969251549,6.52750908385347e-05,1,1,136.483085251141,solid_phi0,0
inf,1484,0.00237635702018701,7337.28347249885,6.36222538418219e-05,1,1,136.483085251141,solid_phi0,0
inf,1485,0.00341317276009601,7337.07902925756,0.000124462444281548,1,1,136.483085251141,solid_phi0,0
inf,1486,0.00409689378502509,7337.59023233648,1.82311462498808e-05,1,1,136.483085251141,solid_phi0,0
inf,1487,0.00303946551188261,7337.43149886605,9.11608403055819e-05,1,1,136.483085251141,solid_phi0,0
inf,1488,0.00194197920782047,7336.9792166326,8.583957083097e-05,1,1,136.483085251141,solid_phi0,0
inf,1489,0.0023636490556419,7337.46874683776,4.19363409338569e-05,1,1,136.483085251141,solid_phi0,0
inf,1490,0.00119998672994015,7337.24581187618,0.000118902818659783,1,1,136.483085251141,solid_phi0,0
inf,1491,0.00195167607426872,7336.81150888929,6.54016800978319e-05,1,1,136.483085251141,solid_phi0,0
inf,1492,0.00237635694598859,7337.28538605989,6.34856737183886e-05,1,1,136.483085251141,solid_phi0,0
inf,1493,0.00341300536800926,7337.08103164849,0.00012460840202011,1,1,136.483085251141,solid_phi0,0
inf,1494,0.00409708187228142,7337.592319361,1.80763989037214e-05,1,1,136.483085251141,solid_phi0,0
inf,1495,0.00303929060595476,7337.43366224945,9.09981786684222e-05,1,1,136.483085251141,solid_phi0,0
inf,1496,0.00194198288908676,7336.98145091727,8.60098863670888e-05,1,1,136.483085251141,solid_phi0,0
inf,1497,0.00236364455943483,7337.47104660926,4.17590611290208e-05,1,1,136.483085251141,solid_phi0,0
inf,1498,0.00119980124290264,7337.24817041259,0.000118719333458306,1,1,136.483085251141,solid_phi0,0
inf,1499,0.00195168187879879,7336.81392128143,6.55912436957617e-05,1,1,136.483085251141,solid_phi0,0
inf,1500,0.00237635043271578,7337.28784783838,6.32907102408042e-05,1,1,136.483085251141,solid_phi0,0
inf,1501,0.0034128557426838,7337.08353715442,0.000124808496816842,1,1,136.483085251141,solid_phi0,0
inf,1502,0.00409724954573176,7337.59486688187,1.78716607026619e-05,1,1,136.483085251141,solid_phi0,0
inf,1503,0.00303913469860562,7337.43624564513,9.07894398886055e-05,1,1,136.483085251141,solid_phi0,0
inf,1504,0.0019419912524381,7336.98406668442,8.62226199025429e-05,1,1,136.483085251141,solid_phi0,0
inf,1505,0.00236363546885199,7337.47369145579,4.15429126225941e-05,1,1,136.483085251141,solid_phi0,0
inf,1506,0.00119963652023702,7337.25083971884,0.000118500327226823,1,1,136.483085251141,solid_phi0,0
inf,1507,0.00195169141784757,7336.81661156157,6.58131912179005e-05,1,1,136.483085251141,solid_phi0,0
inf,1508,0.00237634021731914,7337.29055674062,6.30663933374187e-05,1,1,136.483085251141,solid_phi0,0
inf,1509,0.00341272278077309,7337.0862606582,0.000125035136270268,1,1,136.483085251141,solid_phi0,0
inf,1510,0.00409739820612587,7337.59760457301,1.7643112039889e-05,1,1,136.483085251141,solid_phi0,0
inf,1511,0.00303899646518357,7337.43899338849,9.05594571417589e-05,1,1,136.483085251141,solid_phi0,0
inf,1512,0.0019420021304013,7336.98682186741,8.64541864669111e-05,1,1,136.483085251141,solid_phi0,0
inf,1513,0.00236362393971012,7337.47645225686,4.13102562968337e-05,1,1,136.483085251141,solid_phi0,0
inf,1514,0.00119949101045769,7337.25360316437,0.000118266991989691,1,1,136.483085251141,solid_phi0,0
inf,1515,0.00195170286279922,7336.81937497327,6.60474142653023e-05,1,1,136.483085251141,solid_phi0,0
inf,1516,0.00237632814108668,7337.29331901263,6.28317717351612e-05,1,1,136.483085251141,solid_phi0,0
inf,1517,0.00341260520600206,7337.0890190732,0.000125270247893328,1,1,136.483085251141,solid_phi0,0
inf,1518,0.00409752933204666,7337.60035971706,1.74078608864425e-05,1,1,136.483085251141,solid_phi0,0
inf,1519,0.00303887455413154,7337.44174212613,9.03244218171118e-05,1,1,136.483085251141,solid_phi0,0
inf,1520,0.00194201415888318,7336.98956256347,8.66892461282021e-05,1,1,136.483085251141,solid_phi0,0
inf,1521,0.00236361133873508,7337.47918398143,4.10755937767515e-05,1,1,136.483085251141,solid_phi0,0
inf,1522,0.00119936296819234,7337.25632363979,0.000118033037156962,1,1,136.483085251141,solid_phi0,0
inf,1523,0.00195171506261183,7336.82208264731,6.62809426981159e-05,1,1,136.483085251141,solid_phi0,0
inf,1524,0.0023763153833587,7337.29601343282,6.25990896944151e-05,1,1,136.483085251141,solid_phi0,0
inf,1525,0.00341250175434837,7337.09169835711,0.000125502258095711,1,1,136.483085251141,solid_phi0,0
inf,1526,0.00409764461705364,7337.60302481727,1.71768248484749e-05,1,1,136.483085251141,solid_phi0,0
inf,1527,0.00303876742381404,7337.44439098763,9.00946274569048e-05,1,1,136.483085251141,solid_phi0,0
inf,1528,0.00194202638544316,7336.99219374288,8.69180849631945e-05,1,1,136.483085251141,solid_phi0,0
inf,1529,0.00236359855866364,7337.48179752808,4.08480727873695e-05,1,1,136.483085251141,solid_phi0,0
inf,1530,0.00119925068212501,7337.25891798302,0.000117807065743714,1,1,136.483085251141,solid_phi0,0
inf,1531,0.0019517272279852,7336.82465650148,6.65056786031126e-05,1,1,136.483085251141,solid_phi0,0
inf,1532,0.00237630267529154,7337.29856697774,6.237595051517e-05,1,1,136.483085251141,solid_phi0,0
inf,1533,0.00341241099449008,7337.09423026764,0.000125724021271312,1,1,136.483085251141,solid_phi0,0
inf,1534,0.00409774555786402,7337.60553648871,1.69566962058276e-05,1,1,136.483085251141,solid_phi0,0
inf,1535,0.0030386735736434,7337.44688061954,8.98763359171717e-05,1,1,136.483085251141,solid_phi0,0
inf,1536,0.00194203833771511,7336.99466078853,8.7134850734305e-05,1,1,136.483085251141,solid_phi0,0
inf,1537,0.00236358617909571,7337.48424188374,4.06331429728679e-05,1,1,136.483085251141,solid_phi0,0
inf,1538,0.00119915252497893,7337.26133876788,0.000117594139041444,1,1,136.483085251141,solid_phi0,0
inf,1539,0.0019517389632463,7336.82705290921,6.67169373509413e-05,1,1,136.483085251141,solid_phi0,0
inf,1540,0.00237629049579346,7337.30093928535,6.21666545425059e-05,1,1,136.483085251141,solid_phi0,0
inf,1541,0.00341233165681354,7337.0965777852,0.000125931623841558,1,1,136.483085251141,solid_phi0,0
inf,1542,0.00409783379187401,7337.60786052315,1.67509707431623e-05,1,1,136.483085251141,solid_phi0,0
inf,1543,0.00303859160097253,7337.44918001582,8.96725803577469e-05,1,1,136.483085251141,solid_phi0,0
inf,1544,0.0019420496201038,7336.99693502865,8.73370406047069e-05,1,1,136.483085251141,solid_phi0,0
inf,1545,0.00236357444378132,7337.486491379,4.04326460166082e-05,1,1,136.483085251141,solid_phi0,0
inf,1546,0.00119906685794335,7337.2635629434,0.000117395250104901,1,1,136.483085251141,solid_phi0,0
inf,1547,0.00195174999053893,7336.82925120395,6.69148703902334e-05,1,1,136.483085251141,solid_phi0,0
inf,1548,0.00237627905147741,7337.30311230695,6.19694513117608e-05,1,1,136.483085251141,solid_phi0,0
inf,1549,0.0034122623564965,7337.09872513766,0.00012612910829235,1,1,136.483085251141,solid_phi0,0
inf,1550,0.00409791069901377,7337.60998381013,1.65522592964207e-05,1,1,136.483085251141,solid_phi0,0
inf,1551,0.00303852008239014,7337.45127875329,8.94710307142166e-05,1,1,136.483085251141,solid_phi0,0
inf,1552,0.00194206033031574,7336.99900934751,8.75443595655945e-05,1,1,136.483085251141,solid_phi0,0
inf,1553,0.00236356326792908,7337.48854245099,4.0215862181503e-05,1,1,136.483085251141,solid_phi0,0
inf,1554,0.00119899217027108,7337.26559128166,0.000117163150379573,1,1,136.483085251141,solid_phi0,0
inf,1555,0.0019517608880022,7336.83125797863,6.7171648587383e-05,1,1,136.483085251141,solid_phi0,0
inf,1556,0.00237626737819907,7337.30510077217,6.1674716440363e-05,1,1,136.483085251141,solid_phi0,0
inf,1557,0.00341220152573152,7337.10069861085,0.000126482832840669,1,1,136.483085251141,solid_phi0,0
inf,1558,0.00409797824842628,7337.611949351,1.61087113039748e-05,1,1,136.483085251141,solid_phi0,0
inf,1559,0.00303845681055503,7337.45324428955,8.88907359436475e-05,1,1,136.483085251141,solid_phi0,0
inf,1560,0.00194207596045382,7337.00098721639,8.83138073666245e-05,1,1,136.483085251141,solid_phi0,0
inf,1561,0.00236354535654504,7337.49054663244,3.9328796700433e-05,1,1,136.483085251141,solid_phi0,0
inf,1562,0.00119892896350549,7337.2676036095,0.000116220146738288,1,1,136.483085251141,solid_phi0,0
inf,1563,0.00195176978371825,7336.83326354848,6.81272896227991e-05,1,1,136.483085251141,solid_phi0,0
inf,1564,0.0023762606151978,7337.3070899587,6.07416048135079e-05,1,1,136.483085251141,solid_phi0,0
inf,1565,0.00341215116269311,7337.10266286478,0.000127363523160895,1,1,136.483085251141,solid_phi0,0
inf,1566,0.00409803377425888,7337.61388233158,1.53195551747531e-05,1,1,136.483085251141,solid_phi0,0
inf,1567,0.00303840535139466,7337.45513512429,8.82446650628532e-05,1,1,136.483085251141,solid_phi0,0
inf,1568,0.00194207484427944,7337.00282195565,8.87615846709711e-05,1,1,136.483085251141,solid_phi0,0
inf,1569,0.00236354832215113,7337.49231139081,3.90144267201631e-05,1,1,136.483085251141,solid_phi0,0
inf,1570,0.00119887243374461,7337.2693144198,0.000115984016222148,1,1,136.483085251141,solid_phi0,0
inf,1571,0.00195177442741956,7336.83493289368,6.83203837206214e-05,1,1,136.483085251141,solid_phi0,0
inf,1572,0.00237625357143723,7337.30872604903,6.0572250340174e-05,1,1,136.483085251141,solid_phi0,0
inf,1573,0.00341210505381806,7337.10426971685,0.000127519786257579,1,1,136.483085251141,solid_phi0,0
inf,1574,0.00409808521970245,7337.61546293735,1.51711735003612e-05,1,1,136.483085251141,solid_phi0,0
inf,1575,0.00303835786085394,7337.45669036585,8.81014608439257e-05,1,1,136.483085251141,solid_phi0,0
inf,1576,0.00194208363274806,7337.00435221321,8.89012669580413e-05,1,1,136.483085251141,solid_phi0,0
inf,1577,0.00236353914765408,7337.49381744228,3.88777009738828e-05,1,1,136.483085251141,solid_phi0,0
inf,1578,0.00119882308432717,7337.27079641074,0.000115849917469713,1,1,136.483085251141,solid_phi0,0
inf,1579,0.00195178297039633,7336.83639089566,6.84522971687862e-05,1,1,136.483085251141,solid_phi0,0
inf,1580,0.0023762447744986,7337.31016087145,6.04425701645761e-05,1,1,136.483085251141,solid_phi0,0
inf,1581,0.00341206522174275,7337.1056812996,0.000127647492975225,1,1,136.483085251141,solid_phi0,0
inf,1582,0.00409812928958453,7337.61685261478,1.50455186196385e-05,1,1,136.483085251141,solid_phi0,0
inf,1583,0.00303831689207346,7337.45805792203,8.79778804282472e-05,1,1,136.483085251141,solid_phi0,0
inf,1584,0.00194209138737067,7337.00569764211,8.90230059222841e-05,1,1,136.483085251141,solid_phi0,0
inf,1585,0.00236353115249399,7337.49514139883,3.87579287948192e-05,1,1,136.483085251141,solid_phi0,0
inf,1586,0.00119878053501798,7337.27209912904,0.000115732139760127,1,1,136.483085251141,solid_phi0,0
inf,1587,0.00195179030584403,7336.83767207449,6.85683020689165e-05,1,1,136.483085251141,solid_phi0,0
inf,1588,0.00237623722762825,7337.31142128012,6.03284670991355e-05,1,1,136.483085251141,solid_phi0,0
inf,1589,0.00341203075355268,7337.10692110305,0.000127759879400502,1,1,136.483085251141,solid_phi0,0
inf,1590,0.00409816737621771,7337.6180728567,1.49349422976508e-05,1,1,136.483085251141,solid_phi0,0
inf,1591,0.00303828143973217,7337.45925838473,8.78691459514913e-05,1,1,136.483085251141,solid_phi0,0
inf,1592,0.00194209810523815,7337.00687846542,8.91300977310383e-05,1,1,136.483085251141,solid_phi0,0
inf,1593,0.00236352432251075,7337.49630320733,3.86525921861613e-05,1,1,136.483085251141,solid_phi0,0
inf,1594,0.00119874372091322,7337.27324182183,0.000115628585845462,1,1,136.483085251141,solid_phi0,0
inf,1595,0.00195179659475619,7336.83879572508,6.86702690264607e-05,1,1,136.483085251141,solid_phi0,0
inf,1596,0.00237623075435611,7337.31252651112,6.02282003588916e-05,1,1,136.483085251141,solid_phi0,0
inf,1597,0.00341200096389227,7337.10800790959,0.00012785860957587,1,1,136.483085251141,solid_phi0,0
inf,1598,0.00409820040399844,7337.61914223273,1.48378312325725e-05,1,1,136.483085251141,solid_phi0,0
inf,1599,0.00303825082426812,7337.46031022558,8.77736798052808e-05,1,1,136.483085251141,solid_phi0,0
inf,1600,0.00194210382544735,7337.00791280405,8.92240939600608e-05,1,1,136.483085251141,solid_phi0,0
inf,1601,0.00236351839204452,7337.49732055652,3.85601650757517e-05,1,1,136.483085251141,solid_phi0,0
inf,1602,0.00119871188022436,7337.27424221597,0.000115537748919814,1,1,136.483085251141,solid_phi0,0
inf,1603,0.00195180202208611,7336.83977920728,6.87596879740404e-05,1,1,136.483085251141,solid_phi0,0
inf,1604,0.00237622514755798,7337.31349356535,6.01402983240185e-05,1,1,136.483085251141,solid_phi0,0
inf,1605,0.00341197515169611,7337.1089586962,0.000127945140218522,1,1,136.483085251141,solid_phi0,0
inf,1606,0.00409822891734768,7337.62007746128,1.47527436110684e-05,1,1,136.483085251141,solid_phi0,0
inf,1607,0.00303822427099298,7337.4612299778,8.76900557006399e-05,1,1,136.483085251141,solid_phi0,0
inf,1608,0.00194210878381462,7337.00881701967,8.93064082079231e-05,1,1,136.483085251141,solid_phi0,0
inf,1609,0.00236351330169293,7337.49820963717,3.84792467510442e-05,1,1,136.483085251141,solid_phi0,0
inf,1610,0.00119868430821413,7337.27511636553,0.000115458243487021,1,1,136.483085251141,solid_phi0,0
inf,1611,0.001951806724103,7336.84063830107,6.88379315525456e-05,1,1,136.483085251141,solid_phi0,0
inf,1612,0.00237622028844509,7337.31433818112,6.00634015885948e-05,1,1,136.483085251141,solid_phi0,0
inf,1613,0.0034119528776394,7337.10978891227,0.000128020818888963,1,1,136.483085251141,solid_phi0,0
inf,1614,0.00409825357906923,7337.62089397173,1.46783456175248e-05,1,1,136.483085251141,solid_phi0,0
inf,1615,0.00303820134124366,7337.46203275696,8.7616955233405e-05,1,1,136.483085251141,solid_phi0,0
inf,1616,0.00194211307427361,7337.0096060763,8.93783462159181e-05,1,1,136.483085251141,solid_phi0,0
inf,1617,0.00236350885835079,7337.49898542853,3.84085442990401e-05,1,1,136.483085251141,solid_phi0,0
inf,1618,0.00119866052621165,7337.27587885823,0.000115388791667614,1,1,136.483085251141,solid_phi0,0
inf,1619,0.00195181080626472,7336.84138768237,6.89062670102825e-05,1,1,136.483085251141,solid_phi0,0
inf,1620,0.00237621607778815,7337.31507475232,5.99962557100708e-05,1,1,136.483085251141,solid_phi0,0
inf,1621,0.00341193360000591,7337.11051273749,0.000128086886714396,1,1,136.483085251141,solid_phi0,0
inf,1622,0.00409827488810832,7337.6216057305,1.46134095994066e-05,1,1,136.483085251141,solid_phi0,0
inf,1623,0.00303818154851199,7337.46273239269,8.75531652738681e-05,1,1,136.483085251141,solid_phi0,0
inf,1624,0.00194211681211987,7337.01029363394,8.94411093463887e-05,1,1,136.483085251141,solid_phi0,0
inf,1625,0.0023635050065296,7337.49966133654,3.83468721308899e-05,1,1,136.483085251141,solid_phi0,0
inf,1626,0.00119863995774849,7337.27654313253,0.000115328221637179,1,1,136.483085251141,solid_phi0,0
inf,1627,0.00195181432142699,7336.84204032735,6.89658515724556e-05,1,1,136.483085251141,solid_phi0,0
inf,1628,0.00237621243852149,7337.31571606342,5.99377213522656e-05,1,1,136.483085251141,solid_phi0,0
inf,1629,0.00341191691879117,7337.11114285732,0.000128144469945468,1,1,136.483085251141,solid_phi0,0
inf,1630,0.00409829325891731,7337.62222526232,1.45568235447868e-05,1,1,136.483085251141,solid_phi0,0
inf,1631,0.00303816440696236,7337.46334135329,8.74975870208683e-05,1,1,136.483085251141,solid_phi0,0
inf,1632,0.00194212003084382,7337.01089195338,8.94957829782328e-05,1,1,136.483085251141,solid_phi0,0
inf,1633,0.00236350167463728,7337.50024935015,3.82931587405988e-05,1,1,136.483085251141,solid_phi0,0
inf,1634,0.00119862221549127,7337.27712091411,0.000115275477797661,1,1,136.483085251141,solid_phi0,0
inf,1635,0.00195181739397499,7336.8426079579,6.90177282467452e-05,1,1,136.483085251141,solid_phi0,0
inf,1636,0.0023762092705516,7337.316273861,5.98867667879199e-05,1,1,136.483085251141,solid_phi0,0
inf,1637,0.0034119025478061,7337.11169078092,0.000128194588438157,1,1,136.483085251141,solid_phi0,0
inf,1638,0.00409830917799214,7337.62276391259,1.45075806676775e-05,1,1,136.483085251141,solid_phi0,0
inf,1639,0.00303814965588178,7337.46387064449,8.74492300421137e-05,1,1,136.483085251141,solid_phi0,0
inf,1640,0.00194212283322881,7337.01141201715,8.954334582012e-05,1,1,136.483085251141,solid_phi0,0
inf,1641,0.00236349876348796,7337.50076040982,3.82464377757241e-05,1,1,136.483085251141,solid_phi0,0
inf,1642,0.00119860688488149,7337.27762304255,0.000115229606494016,1,1,136.483085251141,solid_phi0,0
inf,1643,0.00195182004699179,7336.84310104029,6.90628373498647e-05,1,1,136.483085251141,solid_phi0,0
inf,1644,0.00237620651873205,7337.31675829535,5.98424672320075e-05,1,1,136.483085251141,solid_phi0,0
inf,1645,0.00341189016689447,7337.11216677965,0.00012823815590246,1,1,136.483085251141,solid_phi0,0
inf,1646,0.00409832292843038,7337.62323168901,1.44647815831789e-05,1,1,136.483085251141,solid_phi0,0
inf,1647,0.00303813691779165,7337.46433023016,8.74072063179465e-05,1,1,136.483085251141,solid_phi0,0
inf,1648,0.00194212528538795,7337.01186343422,8.95846722619442e-05,1,1,136.483085251141,solid_phi0,0
inf,1649,0.00236349626970267,7337.50120399516,3.82058494953208e-05,1,1,136.483085251141,solid_phi0,0
inf,1650,0.00119859365182573,7337.27805881587,0.000115189761809797,1,1,136.483085251141,solid_phi0,0
inf,1651,0.00195182234869651,7336.84352903941,6.91020159886424e-05,1,1,136.483085251141,solid_phi0,0
inf,1652,0.00237620413544348,7337.31717877129,5.98039953523255e-05,1,1,136.483085251141,solid_phi0,0
inf,1653,0.00341187942371768,7337.11257970115,0.000128275986174708,1,1,136.483085251141,solid_phi0,0
inf,1654,0.00409833474526511,7337.62363750967,1.4427622514579e-05,1,1,136.483085251141,solid_phi0,0
inf,1655,0.00303812589667674,7337.46472899411,8.73707249764433e-05,1,1,136.483085251141,solid_phi0,0
inf,1656,0.00194212738366661,7337.01225515016,8.96205456903942e-05,1,1,136.483085251141,solid_phi0,0
inf,1657,0.00236349409239511,7337.50158876577,3.81706207274179e-05,1,1,136.483085251141,solid_phi0,0
inf,1658,0.00119858225029867,7337.27843675936,0.000115155182566773,1,1,136.483085251141,solid_phi0,0
inf,1659,0.00195182435789609,7336.84390018822,6.91360133284746e-05,1,1,136.483085251141,solid_phi0,0
inf,1660,0.00237620208716383,7337.31754334689,5.97706156512112e-05,1,1,136.483085251141,solid_phi0,0
inf,1661,0.00341187015688094,7337.1129377398,0.000128308805699362,1,1,136.483085251141,solid_phi0,0
inf,1662,0.00409834492563899,7337.62398940789,1.43953884081949e-05,1,1,136.483085251141,solid_phi0,0
inf,1663,0.00303811634914941,7337.46507463245,8.7339082463167e-05,1,1,136.483085251141,solid_phi0,0
inf,1664,0.00194212920732106,7337.01259455767,8.96516566348815e-05,1,1,136.483085251141,solid_phi0,0
inf,1665,0.00236349220306165,7337.50192220538,3.81400720732561e-05,1,1,136.483085251141,solid_phi0,0
inf,1666,0.00119857240633225,7337.27876430886,0.000115125199660726,1,1,136.483085251141,solid_phi0,0
inf,1667,0.00195182607423627,7336.84422180725,6.91654887765569e-05,1,1,136.483085251141,solid_phi0,0
inf,1668,0.00237620028677743,7337.3178591495,5.97416793474137e-05,1,1,136.483085251141,solid_phi0,0
inf,1669,0.00341186220475886,7337.11324793563,0.000128337254075461,1,1,136.483085251141,solid_phi0,0
inf,1670,0.00409835378772994,7337.62429411042,1.43674511816627e-05,1,1,136.483085251141,solid_phi0,0
inf,1671,0.00303810816856487,7337.46537398167,8.73116601802781e-05,1,1,136.483085251141,solid_phi0,0
inf,1672,0.00194213078867733,7337.01288856847,8.96786159807483e-05,1,1,136.483085251141,solid_phi0,0
inf,1673,0.00236349056462326,7337.50221100675,3.81136014028227e-05,1,1,136.483085251141,solid_phi0,0
inf,1674,0.00119856387892026,7337.27904785054,0.0001150992237402,1,1,136.483085251141,solid_phi0,0
inf,1675,0.00195182757423595,7336.8445002184,6.91910226515713e-05,1,1,136.483085251141,solid_phi0,0
inf,1676,0.00237619874167672,7337.31813263802,5.97166138606164e-05,1,1,136.483085251141,solid_phi0,0
inf,1677,0.00341185533340227,7337.11351647846,0.000128361895296081,1,1,136.483085251141,solid_phi0,0
inf,1678,0.00409836139320152,7337.62455798898,1.4343254233995e-05,1,1,136.483085251141,solid_phi0,0
inf,1679,0.00303810109921565,7337.46563310879,8.72879113696934e-05,1,1,136.483085251141,solid_phi0,0
inf,1680,0.00194213215793937,7337.01314308511,8.970196262581e-05,1,1,136.483085251141,solid_phi0,0
inf,1681,0.00236348917888296,7337.5024609236,3.80906816189741e-05,1,1,136.483085251141,solid_phi0,0
inf,1682,0.00119855657946211,7337.27929334682,0.000115076731419195,1,1,136.483085251141,solid_phi0,0
inf,1683,0.00195182885894551,7336.84474120947,6.9213129493928e-05,1,1,136.483085251141,solid_phi0,0
inf,1684,0.00237619739556538,7337.31836927492,5.96949144128223e-05,1,1,136.483085251141,solid_phi0,0
inf,1685,0.00341184937341232,7337.11374880674,0.00012838322474229,1,1,136.483085251141,solid_phi0,0
inf,1686,0.00409836794039198,7337.62478629665,1.43223101704004e-05,1,1,136.483085251141,solid_phi0,0
inf,1687,0.00303809498376062,7337.46585732199,8.72673568522719e-05,1,1,136.483085251141,solid_phi0,0
inf,1688,0.00194213334655358,7337.01336323467,8.97221671245507e-05,1,1,136.483085251141,solid_phi0,0
inf,1689,0.00236348793842545,7337.50267715041,3.80708467688784e-05,1,1,136.483085251141,solid_phi0,0
inf,1690,0.00119855020964987,7337.27950572533,0.000115057268523344,1,1,136.483085251141,solid_phi0,0
inf,1691,0.00195182998088017,7336.84494964988,6.92322588009553e-05,1,1,136.483085251141,solid_phi0,0
inf,1692,0.00237619624250418,7337.3185739145,5.96761390412315e-05,1,1,136.483085251141,solid_phi0,0
inf,1693,0.00341184426420671,7337.11394976116,0.000128401678987311,1,1,136.483085251141,solid_phi0,0
inf,1694,0.00409837361424759,7337.62498362399,1.4304192114456e-05,1,1,136.483085251141,solid_phi0,0
inf,1695,0.00303808975111919,7337.46605118796,8.72495760024794e-05,1,1,136.483085251141,solid_phi0,0
inf,1696,0.00194213436589563,7337.01355359915,8.97396441181808e-05,1,1,136.483085251141,solid_phi0,0
inf,1697,0.00236348688618926,7337.50286408823,3.80536908022311e-05,1,1,136.483085251141,solid_phi0,0
inf,1698,0.00119854477365799,7337.27968925629,0.000115040435220037,1,1,136.483085251141,solid_phi0,0
inf,1699,0.00195183094441742,7336.84512991279,6.92488025926252e-05,1,1,136.483085251141,solid_phi0,0
inf,1700,0.00237619524690369,7337.31875086555,5.96599019420108e-05,1,1,136.483085251141,solid_phi0,0
inf,1701,0.00341183980519844,7337.1141235391,0.000128417638676215,1,1,136.483085251141,solid_phi0,0
inf,1702,0.00409837848068162,7337.62515434765,1.42885230850487e-05,1,1,136.483085251141,solid_phi0,0
inf,1703,0.00303808519090809,7337.4662188227,8.72342002201654e-05,1,1,136.483085251141,solid_phi0,0
inf,1704,0.00194213524135689,7337.01371814775,8.97547561780065e-05,1,1,136.483085251141,solid_phi0,0
inf,1705,0.0023634859684748,7337.50302574606,3.80388566176837e-05,1,1,136.483085251141,solid_phi0,0
inf,1706,0.00119854005155695,7337.27984789101,0.000115025881909814,1,1,136.483085251141,solid_phi0,0
inf,1707,0.00195183180242198,7336.84528558413,6.92631041956382e-05,1,1,136.483085251141,solid_phi0,0
inf,1708,0.00237619437431891,7337.31890381762,5.96458664620103e-05,1,1,136.483085251141,solid_phi0,0
inf,1709,0.00341183604010831,7337.11427363998,0.000128431432663278,1,1,136.483085251141,solid_phi0,0
inf,1710,0.00409838270217966,7337.62530183185,1.42749811571363e-05,1,1,136.483085251141,solid_phi0,0
inf,1711,0.00303808128349659,7337.46636363776,8.72209119917589e-05,1,1,136.483085251141,solid_phi0,0
inf,1712,0.00194213602162674,7337.01386028673,8.97678156750459e-05,1,1,136.483085251141,solid_phi0,0
inf,1713,0.00236348517108176,7337.50316533696,3.80260384418296e-05,1,1,136.483085251141,solid_phi0,0
inf,1714,0.0011985360170218,7337.27998503609,0.000115013305581724,1,1,136.483085251141,solid_phi0,0
inf,1715,0.00195183248747621,7336.8454201634,6.92754625548631e-05,1,1,136.483085251141,solid_phi0,0
inf,1716,0.00237619361963026,7337.31903590376,5.96337385728729e-05,1,1,136.483085251141,solid_phi0,0
inf,1717,0.00341183272846557,7337.11440330335,0.000128443351173013,1,1,136.483085251141,solid_phi0,0
inf,1718,0.00409838631573278,7337.62542916595,1.42632812463184e-05,1,1,136.483085251141,solid_phi0,0
inf,1719,0.00303807789839949,7337.46648872169,8.72094314056104e-05,1,1,136.483085251141,solid_phi0,0
inf,1720,0.0019421366675183,7337.01398307745,8.97790983662716e-05,1,1,136.483085251141,solid_phi0,0
inf,1721,0.00236348449580337,7337.50328592459,3.8014964479971e-05,1,1,136.483085251141,solid_phi0,0
inf,1722,0.00119853251978552,7337.28010338435,0.000115002441761991,1,1,136.483085251141,solid_phi0,0
inf,1723,0.00195183314629122,7336.845536375,6.92861380895415e-05,1,1,136.483085251141,solid_phi0,0
inf,1724,0.00237619299005332,7337.31914997814,5.96232623162329e-05,1,1,136.483085251141,solid_phi0,0
inf,1725,0.00341182988292132,7337.11451530617,0.000128453646400795,1,1,136.483085251141,solid_phi0,0
inf,1726,0.00409838944971175,7337.62553918181,1.42531747538976e-05,1,1,136.483085251141,solid_phi0,0
inf,1727,0.00303807501909448,7337.46659670013,8.71995160341976e-05,1,1,136.483085251141,solid_phi0,0
inf,1728,0.00194213725168602,7337.01408914456,8.97888430806404e-05,1,1,136.483085251141,solid_phi0,0
inf,1729,0.00236348391151819,7337.50338999267,3.80054007277364e-05,1,1,136.483085251141,solid_phi0,0
inf,1730,0.00119852949681154,7337.28020565017,0.000114993059447399,1,1,136.483085251141,solid_phi0,0
inf,1731,0.00195183366793361,7336.84563674499,6.92953578322886e-05,1,1,136.483085251141,solid_phi0,0
inf,1732,0.0023761924289929,7337.31924850083,5.96142149975609e-05,1,1,136.483085251141,solid_phi0,0
inf,1733,0.00341182744280377,7337.11461194431,0.000128462536809426,1,1,136.483085251141,solid_phi0,0
inf,1734,0.0040983921550849,7337.62563414045,1.4244447479328e-05,1,1,136.483085251141,solid_phi0,0
inf,1735,0.00303807246992238,7337.46668996615,8.71909528444847e-05,1,1,136.483085251141,solid_phi0,0
inf,1736,0.00194213772364382,7337.01418060088,8.97972574478434e-05,1,1,136.483085251141,solid_phi0,0
inf,1737,0.00236348340127324,7337.50347993473,3.79971420554348e-05,1,1,136.483085251141,solid_phi0,0
inf,1738,0.00119852687605226,7337.28029385213,0.000114984958188846,1,1,136.483085251141,solid_phi0,0
inf,1739,0.00195183413654776,7336.84572329936,6.93033178278402e-05,1,1,136.483085251141,solid_phi0,0
inf,1740,0.00237619195346128,7337.31933359309,5.96064038989041e-05,1,1,136.483085251141,solid_phi0,0
inf,1741,0.00341182533121254,7337.11469541704,0.00012847021239093,1,1,136.483085251141,solid_phi0,0
inf,1742,0.00409839448017413,7337.62571612951,1.42369130722297e-05,1,1,136.483085251141,solid_phi0,0
inf,1743,0.00303807034649106,7337.46677048277,8.71835607791915e-05,1,1,136.483085251141,solid_phi0,0
inf,1744,0.00194213817047295,7337.01425981495,8.98045231596534e-05,1,1,136.483085251141,solid_phi0,0
inf,1745,0.00236348297843014,7337.5035575292,3.79900116029841e-05,1,1,136.483085251141,solid_phi0,0
inf,1746,0.00119852465647852,7337.28036998832,0.000114977963913798,1,1,136.483085251141,solid_phi0,0
inf,1747,0.0019518345458589,7336.84579809093,6.93101903548321e-05,1,1,136.483085251141,solid_phi0,0
inf,1748,0.00237619152813795,7337.31940702092,5.9599660042986e-05,1,1,136.483085251141,solid_phi0,0
inf,1749,0.00341182353333269,7337.11476754496,0.000128476839870828,1,1,136.483085251141,solid_phi0,0
inf,1750,0.00409839649171506,7337.6257868217,1.42304087239475e-05,1,1,136.483085251141,solid_phi0,0
inf,1751,0.00303806847876764,7337.46683997753,8.71771787555042e-05,1,1,136.483085251141,solid_phi0,0
inf,1752,0.00194213852399583,7337.01432792726,8.98107932976178e-05,1,1,136.483085251141,solid_phi0,0
inf,1753,0.00236348258426933,7337.50362449163,3.79838581923142e-05,1,1,136.483085251141,solid_phi0,0
inf,1754,0.00119852270870169,7337.28043577792,0.000114971927337892,1,1,136.483085251141,solid_phi0,0
inf,1755,0.00195183487553219,7336.84586254191,6.93161206326565e-05,1,1,136.483085251141,solid_phi0,0
inf,1756,0.0023761911613035,7337.31947028277,5.95938411617203e-05,1,1,136.483085251141,solid_phi0,0
inf,1757,0.00341182195967926,7337.11482966064,0.000128482557137932,1,1,136.483085251141,solid_phi0,0
inf,1758,0.00409839820350699,7337.62584794187,1.42247962340303e-05,1,1,136.483085251141,solid_phi0,0
inf,1759,0.00303806684534569,7337.46689987108,8.71716726603688e-05,1,1,136.483085251141,solid_phi0,0
inf,1760,0.00194213884128769,7337.01438675748,8.9816204117632e-05,1,1,136.483085251141,solid_phi0,0
inf,1761,0.00236348226509642,7337.50368226005,3.79785484380113e-05,1,1,136.483085251141,solid_phi0,0
inf,1762,0.0011985210345975,7337.2804924833,0.000114966718505638,1,1,136.483085251141,solid_phi0,0
inf,1763,0.00195183517736552,7336.84591822161,6.93212388749309e-05,1,1,136.483085251141,solid_phi0,0
inf,1764,0.00237619084353546,7337.31952490626,5.95888197325589e-05,1,1,136.483085251141,solid_phi0,0
inf,1765,0.00341182059841083,7337.11488330166,0.000128487491425355,1,1,136.483085251141,solid_phi0,0
inf,1766,0.00409839966956138,7337.62590069294,1.42199521200315e-05,1,1,136.483085251141,solid_phi0,0
inf,1767,0.00303806542669494,7337.46695162699,8.71669205860792e-05,1,1,136.483085251141,solid_phi0,0
inf,1768,0.00194213912259789,7337.01443749391,8.98208728499217e-05,1,1,136.483085251141,solid_phi0,0
inf,1769,0.00236348197412395,7337.50373212831,3.7973966559357e-05,1,1,136.483085251141,solid_phi0,0
inf,1770,0.00119851961383022,7337.28054142294,0.000114962224623594,1,1,136.483085251141,solid_phi0,0
inf,1771,0.00195183544308797,7336.84596624893,6.9325654486585e-05,1,1,136.483085251141,solid_phi0,0
inf,1772,0.00237619058858318,7337.31957207782,5.95844867536943e-05,1,1,136.483085251141,solid_phi0,0
inf,1773,0.00341181944746793,7337.11492963447,0.000128491749717519,1,1,136.483085251141,solid_phi0,0
inf,1774,0.00409840098211167,7337.62594605842,1.42157732622161e-05,1,1,136.483085251141,solid_phi0,0
inf,1775,0.00303806427425457,7337.46699626432,8.71628200941332e-05,1,1,136.483085251141,solid_phi0,0
inf,1776,0.00194213935527898,7337.0144812913,8.98249020924169e-05,1,1,136.483085251141,solid_phi0,0
inf,1777,0.00236348173609602,7337.50377508647,3.79700128101401e-05,1,1,136.483085251141,solid_phi0,0
inf,1778,0.00119851837013385,7337.28058365408,0.000114958345796334,1,1,136.483085251141,solid_phi0,0
inf,1779,0.00195183567420454,7336.84600771538,6.93294656433086e-05,1,1,136.483085251141,solid_phi0,0
inf,1780,0.00237619035974701,7337.31961273378,5.95807473722232e-05,1,1,136.483085251141,solid_phi0,0
inf,1781,0.00341181846409211,7337.11496949072,0.00012849542365112,1,1,136.483085251141,solid_phi0,0
inf,1782,0.00409840210727952,7337.62598531154,1.42121671445894e-05,1,1,136.483085251141,solid_phi0,0
inf,1783,0.00303806326084588,7337.46703472839,8.71592827140777e-05,1,1,136.483085251141,solid_phi0,0
inf,1784,0.00194213955677169,7337.01451909866,8.98283788071108e-05,1,1,136.483085251141,solid_phi0,0
inf,1785,0.00236348154141985,7337.50381215892,3.79666012746416e-05,1,1,136.483085251141,solid_phi0,0
inf,1786,0.00119851729687726,7337.28062009324,0.00011495499918035,1,1,136.483085251141,solid_phi0,0
inf,1787,0.00195183585145076,7336.84604342787,6.93327530845167e-05,1,1,136.483085251141,solid_phi0,0
inf,1788,0.00237619015894441,7337.31964779888,5.95775217315797e-05,1,1,136.483085251141,solid_phi0,0
inf,1789,0.00341181757783815,7337.11500392456,0.000128498593331416,1,1,136.483085251141,solid_phi0,0
inf,1790,0.00409840303759623,7337.62601906519,1.42090566278563e-05,1,1,136.483085251141,solid_phi0,0
inf,1791,0.00303806235460424,7337.46706790081,8.71562311173246e-05,1,1,136.483085251141,solid_phi0,0
inf,1792,0.00194213975018198,7337.01455168668,8.98313771879877e-05,1,1,136.483085251141,solid_phi0,0
inf,1793,0.00236348135346898,7337.503844237,3.79636571149478e-05,1,1,136.483085251141,solid_phi0,0
inf,1794,0.00119851637179469,7337.2806514695,0.000114952111807898,1,1,136.483085251141,solid_phi0,0
inf,1795,0.00195183601729254,7336.84607424385,6.93355899399339e-05,1,1,136.483085251141,solid_phi0,0
inf,1796,0.00237618998684297,7337.31967809519,5.95747378240308e-05,1,1,136.483085251141,solid_phi0,0
inf,1797,0.00341181681263059,7337.11503365675,0.000128501328825692,1,1,136.483085251141,solid_phi0,0
inf,1798,0.00409840385321592,7337.62604828428,1.4206370790304e-05,1,1,136.483085251141,solid_phi0,0
inf,1799,0.00303806159553632,7337.46709659881,8.71535959924286e-05,1,1,136.483085251141,solid_phi0,0
inf,1800,0.00194213988171099,7337.01457981429,8.98339668602421e-05,1,1,136.483085251141,solid_phi0,0
inf,1801,0.00236348118569174,7337.50387189177,3.79611157345083e-05,1,1,136.483085251141,solid_phi0,0
inf,1802,0.00119851560828077,7337.28067860597,0.000114949618378657,1,1,136.483085251141,solid_phi0,0
inf,1803,0.00195183617388217,7336.84610092005,6.93380409964028e-05,1,1,136.483085251141,solid_phi0,0
inf,1804,0.00237618985682353,7337.31970428666,5.95723321367148e-05,1,1,136.483085251141,solid_phi0,0
inf,1805,0.00341181618779807,7337.11505933134,0.000128503693281434,1,1,136.483085251141,solid_phi0,0
inf,1806,0.00409840457236876,7337.62607347792,1.42040497576046e-05,1,1,136.483085251141,solid_phi0,0
inf,1807,0.00303806092357717,7337.46712137317,8.71513182546524e-05,1,1,136.483085251141,solid_phi0,0
inf,1808,0.00194214002512993,7337.01460418403,8.98362059524871e-05,1,1,136.483085251141,solid_phi0,0
inf,1809,0.00236348106059392,7337.50389571504,3.79589185393048e-05,1,1,136.483085251141,solid_phi0,0
inf,1810,0.00119851493190248,7337.2807020759,0.000114947462647286,1,1,136.483085251141,solid_phi0,0
inf,1811,0.00195183629551887,7336.84612401291,6.93401602462895e-05,1,1,136.483085251141,solid_phi0,0
inf,1812,0.00237618974404441,7337.31972681873,5.95702532231179e-05,1,1,136.483085251141,solid_phi0,0
inf,1813,0.00341181565819282,7337.11508151473,0.000128505736415097,1,1,136.483085251141,solid_phi0,0
inf,1814,0.00409840520623928,7337.62609528517,1.42020437924328e-05,1,1,136.483085251141,solid_phi0,0
inf,1815,0.00303806038466892,7337.46714280776,8.71493492179409e-05,1,1,136.483085251141,solid_phi0,0
inf,1816,0.00194214013043248,7337.01462516117,8.98381411966742e-05,1,1,136.483085251141,solid_phi0,0
inf,1817,0.00236348094150074,7337.5039164052,3.79570179235289e-05,1,1,136.483085251141,solid_phi0,0
inf,1818,0.00119851433145401,7337.28072229614,0.000114945598359562,1,1,136.483085251141,solid_phi0,0
inf,1819,0.00195183639525565,7336.84614389699,6.93419925832384e-05,1,1,136.483085251141,solid_phi0,0
inf,1820,0.00237618961523867,7337.31974644946,5.95684535342755e-05,1,1,136.483085251141,solid_phi0,0
inf,1821,0.00341181514630307,7337.11510072612,0.000128507505727793,1,1,136.483085251141,solid_phi0,0
inf,1822,0.00409840569877296,7337.62611417139,1.42003059255824e-05,1,1,136.483085251141,solid_phi0,0
inf,1823,0.00303805988199679,7337.46716132764,8.71476437083185e-05,1,1,136.483085251141,solid_phi0,0
inf,1824,0.00194214022393546,7337.01464340574,8.98398181208293e-05,1,1,136.483085251141,solid_phi0,0
inf,1825,0.00236348084334348,7337.50393424471,3.79553715882386e-05,1,1,136.483085251141,solid_phi0,0
inf,1826,0.00119851380099123,7337.28073988142,0.00011494398148737,1,1,136.483085251141,solid_phi0,0
inf,1827,0.00195183648611208,7336.84616106611,6.93435809275833e-05,1,1,136.483085251141,solid_phi0,0
inf,1828,0.00237618950392693,7337.31976335693,5.95668944979311e-05,1,1,136.483085251141,solid_phi0,0
inf,1829,0.00341181476292085,7337.11511734369,0.000128509038988645,1,1,136.483085251141,solid_phi0,0
inf,1830,0.00409840618481072,7337.62613049928,1.41988003753424e-05,1,1,136.483085251141,solid_phi0,0
inf,1831,0.00303805948444147,7337.467177361,8.7146164947427e-05,1,1,136.483085251141,solid_phi0,0
inf,1832,0.00194214031571072,7337.01465917237,8.9841272251201e-05,1,1,136.483085251141,solid_phi0,0
inf,1833,0.0023634807661953,7337.50394973685,3.79539435367837e-05,1,1,136.483085251141,solid_phi0,0
inf,1834,0.00119851337701948,7337.28075513108,0.000114942579032107,1,1,136.483085251141,solid_phi0,0
inf,1835,0.00195183657116915,7336.84617606467,6.93449615238872e-05,1,1,136.483085251141,solid_phi0,0
inf,1836,0.00237618944067586,7337.31977802561,5.95655380278837e-05,1,1,136.483085251141,solid_phi0,0
inf,1837,0.00341181440097638,7337.11513177893,0.000128510373401891,1,1,136.483085251141,solid_phi0,0
inf,1838,0.0040984065408427,7337.62614470314,1.41974879613871e-05,1,1,136.483085251141,solid_phi0,0
inf,1839,0.00303805908344146,7337.46719139209,8.71448753456683e-05,1,1,136.483085251141,solid_phi0,0
inf,1840,0.00194214036658558,7337.01467290384,8.9842541817875e-05,1,1,136.483085251141,solid_phi0,0
inf,1841,0.00236348067267589,7337.50396325544,3.79526948527387e-05,1,1,136.483085251141,solid_phi0,0
inf,1842,0.0011985130219071,7337.28076846134,0.000114941351726849,1,1,136.483085251141,solid_phi0,0
inf,1843,0.00195183662257659,7336.846189136,6.93461696161801e-05,1,1,136.483085251141,solid_phi0,0
inf,1844,0.00237618936394091,7337.3197909375,5.95643500120868e-05,1,1,136.483085251141,solid_phi0,0
inf,1845,0.00341181408453706,7337.11514448028,0.000128511543947551,1,1,136.483085251141,solid_phi0,0
inf,1846,0.00409840690146934,7337.6261571945,1.4196336527994e-05,1,1,136.483085251141,solid_phi0,0
inf,1847,0.00303805879024333,7337.46720364639,8.71437428499044e-05,1,1,136.483085251141,solid_phi0,0
inf,1848,0.00194214044209673,7337.01468495656,8.98436573111283e-05,1,1,136.483085251141,solid_phi0,0
inf,1849,0.00236348062627845,7337.50397513023,3.79515973958355e-05,1,1,136.483085251141,solid_phi0,0
inf,1850,0.00119851268419535,7337.28078011006,0.000114940272081587,1,1,136.483085251141,solid_phi0,0
inf,1851,0.00195183667869525,7336.84620061297,6.93472335253631e-05,1,1,136.483085251141,solid_phi0,0
inf,1852,0.00237618931528083,7337.31980221324,5.9563302620913e-05,1,1,136.483085251141,solid_phi0,0
inf,1853,0.00341181384909339,7337.11515557741,0.000128512576423656,1,1,136.483085251141,solid_phi0,0
inf,1854,0.0040984071865352,7337.62616820664,1.41953190115895e-05,1,1,136.483085251141,solid_phi0,0
inf,1855,0.00303805851183336,7337.46721445956,8.71427403009717e-05,1,1,136.483085251141,solid_phi0,0
inf,1856,0.0019421404742006,7337.01469561687,8.98446467809677e-05,1,1,136.483085251141,solid_phi0,0
inf,1857,0.00236348054386504,7337.50398569414,3.79506214103209e-05,1,1,136.483085251141,solid_phi0,0
inf,1858,0.00119851241556013,7337.28079049596,0.000114939310131401,1,1,136.483085251141,solid_phi0,0
inf,1859,0.00195183673582688,7336.84621085094,6.93481834277421e-05,1,1,136.483085251141,solid_phi0,0
inf,1860,0.00237618926619454,7337.31981232675,5.95623659715994e-05,1,1,136.483085251141,solid_phi0,0
inf,1861,0.00341181363511622,7337.11516556229,0.000128513501989946,1,1,136.483085251141,solid_phi0,0
inf,1862,0.00409840744188694,7337.62617796605,1.41944055219723e-05,1,1,136.483085251141,solid_phi0,0
inf,1863,0.00303805830600201,7337.46722412076,8.71418379625455e-05,1,1,136.483085251141,solid_phi0,0
inf,1864,0.00194214052424968,7337.01470520802,8.98455402873477e-05,1,1,136.483085251141,solid_phi0,0
inf,1865,0.00236348051902935,7337.50399513851,3.79497353529823e-05,1,1,136.483085251141,solid_phi0,0
inf,1866,0.00119851217622835,7337.28079991636,0.000114938426922118,1,1,136.483085251141,solid_phi0,0
inf,1867,0.00195183678019994,7336.84622021209,6.93490750989234e-05,1,1,136.483085251141,solid_phi0,0
inf,1868,0.00237618920755067,7337.31982179799,5.95614445050296e-05,1,1,136.483085251141,solid_phi0,0
inf,1869,0.00341181344515651,7337.1151753776,0.00012851450394491,1,1,136.483085251141,solid_phi0,0
inf,1870,0.0040984075487609,7337.62618870524,1.41932132508016e-05,1,1,136.483085251141,solid_phi0,0
inf,1871,0.00303805819842562,7337.46723682451,8.7140210672132e-05,1,1,136.483085251141,solid_phi0,0
inf,1872,0.00194214084495581,7337.01472263256,8.9848162679429e-05,1,1,136.483085251141,solid_phi0,0
inf,1873,0.00236347988762675,7337.50402317886,3.7944870343698e-05,1,1,136.483085251141,solid_phi0,0
inf,1874,0.00119851354448863,7337.28085219516,0.000114928507849221,1,1,136.483085251141,solid_phi0,0
inf,1875,0.00195183986551117,7336.84632687404,6.93703905811915e-05,1,1,136.483085251141,solid_phi0,0
inf,1876,0.00237618234535686,7337.32005118715,5.9514496795976e-05,1,1,136.483085251141,solid_phi0,0
inf,1877,0.00341183097573694,7337.11568147687,0.000128619268089158,1,1,136.483085251141,solid_phi0,0
inf,1878,0.00409836832941457,7337.62732103986,1.39582965823504e-05,1,1,136.483085251141,solid_phi0,0
inf,1879,0.00303814791945534,7337.46979043499,8.66124080192154e-05,1,1,136.483085251141,solid_phi0,0
inf,1880,0.00194231762211405,7337.02048813613,9.09300560825166e-05,1,1,136.483085251141,solid_phi0,0
inf,1881,0.00236317910841388,7337.51569798333,3.6344688685519e-05,1,1,136.483085251141,solid_phi0,0
inf,1882,0.00119871931756776,7337.29763411439,0.000112935893939348,1,1,136.483085251141,solid_phi0,0
inf,1883,0.00195172023053847,7336.86666549847,7.16431649960825e-05,1,1,136.483085251141,solid_phi0,0
inf,1884,0.00237643318798442,7337.34270539244,5.70528010399585e-05,1,1,136.483085251141,solid_phi0,0
inf,1885,0.00178403479455935,7337.13975545494,0.000129897953235703,1,1,136.483085251141,solid_phi0,0
inf,1886,0.00194474187245319,7336.70572814456,5.45166554288823e-05,1,1,136.483085251141,solid_phi0,0
inf,1887,0.00237604242835021,7337.19448725183,7.19782260892865e-05,1,1,136.483085251141,solid_phi0,0
inf,1888,0.00322615633508028,7336.99475614229,0.000116592844549457,1,1,136.483085251141,solid_phi0,0
inf,1889,0.00396931672427725,7337.51702492948,2.45901625108846e-05,1,1,136.483085251141,solid_phi0,0
inf,1890,0.00295227542306753,7337.36411723833,9.69287121264095e-05,1,1,136.483085251141,solid_phi0,0
inf,1891,0.00194072609531737,7336.92038232213,8.10950032037461e-05,1,1,136.483085251141,solid_phi0,0
inf,1892,0.00236586115306747,7337.41575469242,4.61004989043001e-05,1,1,136.483085251141,solid_phi0,0
inf,1893,0.00122758255762756,7337.19967141276,0.000122303566059023,1,1,136.483085251141,solid_phi0,0
inf,1894,0.0019499781472172,7336.77080437305,6.25292985085846e-05,1,1,136.483085251141,solid_phi0,0
inf,1895,0.00237764940782492,7337.25043524385,6.57546784029739e-05,1,1,136.483085251141,solid_phi0,0
inf,1896,0.00340403662682509,7337.05098431275,0.000122815873141224,1,1,136.483085251141,solid_phi0,0
inf,1897,0.00409127433460854,7337.56720980323,1.93688345673237e-05,1,1,136.483085251141,solid_phi0,0
inf,1898,0.00303491045694393,7337.4129517634,9.18628546691114e-05,1,1,136.483085251141,solid_phi0,0
inf,1899,0.00194099756490795,7336.9650397165,8.55674965691833e-05,1,1,136.483085251141,solid_phi0,0
inf,1900,0.0023646257178257,7337.45858715235,4.18208058348135e-05,1,1,136.483085251141,solid_phi0,0
inf,1901,0.00120068476214619,7337.23947875002,0.000118413843700149,1,1,136.483085251141,solid_phi0,0
inf,1902,0.00195087346066403,7336.80874678953,6.62340191193156e-05,1,1,136.483085251141,solid_phi0,0
inf,1903,0.00237710139560854,7337.28603483578,6.2324436100214e-05,1,1,136.483085251141,solid_phi0,0
inf,1904,0.00341209408028254,7337.08485445631,0.000126077000350389,1,1,136.483085251141,solid_phi0,0
inf,1905,0.00409743040556054,7337.59918864044,1.63147763938554e-05,1,1,136.483085251141,solid_phi0,0
inf,1906,0.00303850873486444,7337.44337373194,8.89642165075033e-05,1,1,136.483085251141,solid_phi0,0
inf,1907,0.00194145157683523,7336.99385510717,8.83044781916364e-05,1,1,136.483085251141,solid_phi0,0
inf,1908,0.00236414920788286,7337.4860056759,3.92209272281896e-05,1,1,136.483085251141,solid_phi0,0
inf,1909,0.00119914452069136,7337.26552260395,0.000115952325113411,1,1,136.483085251141,solid_phi0,0
inf,1910,0.00195126096385922,7336.83353284363,6.85779049247603e-05,1,1,136.483085251141,solid_phi0,0
inf,1911,0.0023767474462546,7337.3096158248,6.0098815401588e-05,1,1,136.483085251141,solid_phi0,0
inf,1912,0.00341227606944272,7337.10732094669,0.000128198963771808,1,1,136.483085251141,solid_phi0,0
inf,1913,0.0040979244715752,7337.62059701676,1.42955030998371e-05,1,1,136.483085251141,solid_phi0,0
inf,1914,0.00303850038429376,7337.4637908247,8.70401475423499e-05,1,1,136.483085251141,solid_phi0,0
inf,1915,0.00194170606613708,7337.01331865959,9.014054784795e-05,1,1,136.483085251141,solid_phi0,0
inf,1916,0.00236390340326309,7337.50457758622,3.74697353592301e-05,1,1,136.483085251141,solid_phi0,0
inf,1917,0.0011989135594408,7337.28324644799,0.000114282121514098,1,1,136.483085251141,solid_phi0,0
inf,1918,0.00195146599601059,7336.85044690486,7.01743415649769e-05,1,1,136.483085251141,solid_phi0,0
inf,1919,0.00237655069534981,7337.32576618923,5.85747673865766e-05,1,1,136.483085251141,solid_phi0,0
inf,1920,0.00341215932442562,7337.12274739085,0.000129657010623507,1,1,136.483085251141,solid_phi0,0
inf,1921,0.00409807620196001,7337.63534040268,1.29022628397868e-05,1,1,136.483085251141,solid_phi0,0
inf,1922,0.00303838391069966,7337.47788460407,8.57085519739842e-05,1,1,136.483085251141,solid_phi0,0
inf,1923,0.0019418508132677,7337.02678785835,9.14154742244211e-05,1,1,136.483085251141,solid_phi0,0
inf,1924,0.00236376259298288,7337.51745759062,3.62504539749287e-05,1,1,136.483085251141,solid_phi0,0
inf,1925,0.00119879668322542,7337.29556541831,0.000113115985120427,1,1,136.483085251141,solid_phi0,0
inf,1926,0.00195158546412488,7336.86222646841,7.12916613432313e-05,1,1,136.483085251141,solid_phi0,0
inf,1927,0.00237643391198139,7337.33703627968,5.75055347028508e-05,1,1,136.483085251141,solid_phi0,0
inf,1928,0.00341206786928794,7337.13353239728,0.000130682164782403,1,1,136.483085251141,solid_phi0,0
inf,1929,0.00409817170723847,7337.64566667864,1.19205713151604e-05,1,1,136.483085251141,solid_phi0,0
inf,1930,0.00303829759432772,7337.48777325566,8.47684311650054e-05,1,1,136.483085251141,solid_phi0,0
inf,1931,0.00194193963512146,7337.03625478781,9.23173322677773e-05,1,1,136.483085251141,solid_phi0,0
inf,1932,0.00236367518030844,7337.52652537689,3.53863728218551e-05,1,1,136.483085251141,solid_phi0,0
inf,1933,0.00119871658522508,7337.30425246484,0.000112288090726165,1,1,136.483085251141,solid_phi0,0
inf,1934,0.00195166059428864,7336.87054654316,7.20862564038693e-05,1,1,136.483085251141,solid_phi0,0
inf,1935,0.00237635954980375,7337.34500903662,5.67438646985607e-05,1,1,136.483085251141,solid_phi0,0
inf,1936,0.00178399040532473,7337.14117375464,0.000129679087753853,1,1,136.483085251141,solid_phi0,0
inf,1937,0.00194489241008389,7336.70663320398,5.46729583899008e-05,1,1,136.483085251141,solid_phi0,0
inf,1938,0.00237589026891161,7337.19507214557,7.18677389118794e-05,1,1,136.483085251141,solid_phi0,0
inf,1939,0.00322612090299623,7336.99512341952,0.000116668990996605,1,1,136.483085251141,solid_phi0,0
inf,1940,0.00396936089630195,7337.51723017791,2.45407846803936e-05,1,1,136.483085251141,solid_phi0,0
inf,1941,0.00295224117064474,7337.36419470884,9.69004549817853e-05,1,1,136.483085251141,solid_phi0,0
inf,1942,0.00194082743763779,7336.92035400888,8.11063412806678e-05,1,1,136.483085251141,solid_phi0,0
inf,1943,0.0023657708506597,7337.41563734852,4.61029083232978e-05,1,1,136.483085251141,solid_phi0,0
inf,1944,0.00122755452303824,7337.19947823672,0.000122317183529064,1,1,136.483085251141,solid_phi0,0
inf,1945,0.0019500469457131,7336.77054629041,6.25064714585566e-05,1,1,136.483085251141,solid_phi0,0
inf,1946,0.00237758897755158,7337.25012148268,6.57850682251881e-05,1,1,136.483085251141,solid_phi0,0
inf,1947,0.00340401901295606,7337.05062301024,0.00012277922906323,1,1,136.483085251141,solid_phi0,0
inf,1948,0.00409129042871248,7337.56680815141,1.94105826689661e-05,1,1,136.483085251141,solid_phi0,0
inf,1949,0.00303489804359325,7337.4125158632,9.1908732918089e-05,1,1,136.483085251141,solid_phi0,0
inf,1950,0.00194103170818816,7336.96457542743,8.5518219149705e-05,1,1,136.483085251141,solid_phi0,0
inf,1951,0.00236459622572593,7337.4580994913,4.18727352533566e-05,1,1,136.483085251141,solid_phi0,0
inf,1952,0.00120067765745591,7337.23897208496,0.000118467810799272,1,1,136.483085251141,solid_phi0,0
inf,1953,0.00195089520730307,7336.8082253718,6.61784438951152e-05,1,1,136.483085251141,solid_phi0,0
inf,1954,0.00237708301309403,7337.28550232929,6.23811002992136e-05,1,1,136.483085251141,solid_phi0,0
inf,1955,0.0034120903907584,7337.08431402537,0.00012601955498126,1,1,136.483085251141,solid_phi0,0
inf,1956,0.00409743325103762,7337.59864331662,1.63725838494555e-05,1,1,136.483085251141,solid_phi0,0
inf,1957,0.003038506950376,7337.44282600238,8.9022057692123e-05,1,1,136.483085251141,solid_phi0,0
inf,1958,0.00194146088462266,7336.99330781368,8.82467877869608e-05,1,1,136.483085251141,solid_phi0,0
inf,1959,0.00236414177535693,7337.48546096119,3.92781462514868e-05,1,1,136.483085251141,solid_phi0,0
inf,1960,0.0011991446617915,7337.26498224125,0.000116008840662984,1,1,136.483085251141,solid_phi0,0
inf,1961,0.00195126599472761,7336.83299919188,6.85221997054342e-05,1,1,136.483085251141,solid_phi0,0
inf,1962,0.00237674381073183,7337.30909047331,6.01534599119491e-05,1,1,136.483085251141,solid_phi0,0
inf,1963,0.00341227701213864,7337.10680531146,0.000128145453425876,1,1,136.483085251141,solid_phi0,0
inf,1964,0.00409792311999146,7337.62009250549,1.43476622228578e-05,1,1,136.483085251141,solid_phi0,0
inf,1965,0.00303850211329315,7337.4632987459,8.70908092063249e-05,1,1,136.483085251141,solid_phi0,0
inf,1966,0.00194170686267259,7337.01284037918,9.00914209760462e-05,1,1,136.483085251141,solid_phi0,0
inf,1967,0.00236390339487624,7337.50411440565,3.75171488864456e-05,1,1,136.483085251141,solid_phi0,0
inf,1968,0.0011989160610052,7337.28279909644,0.000114327712371187,1,1,136.483085251141,solid_phi0,0
inf,1969,0.00195146541014035,7336.85001667811,7.01305891546156e-05,1,1,136.483085251141,solid_phi0,0
inf,1970,0.00237655192758535,7337.32535397303,5.86165350808798e-05,1,1,136.483085251141,solid_phi0,0
inf,1971,0.00341216197770011,7337.12235382878,0.000129617240155255,1,1,136.483085251141,solid_phi0,0
inf,1972,0.00409807331713818,7337.63496632689,1.29399024259014e-05,1,1,136.483085251141,solid_phi0,0
inf,1973,0.00303838698407688,7337.47753066518,8.57439808722438e-05,1,1,136.483085251141,solid_phi0,0
inf,1974,0.00194184889114424,7337.0264550543,9.13822629413641e-05,1,1,136.483085251141,solid_phi0,0
inf,1975,0.00236376495376522,7337.51714671651,3.62813360806902e-05,1,1,136.483085251141,solid_phi0,0
inf,1976,0.00119880015504814,7337.29527676827,0.000113144473493643,1,1,136.483085251141,solid_phi0,0
inf,1977,0.00195158308070076,7336.86196095782,7.1265572861634e-05,1,1,136.483085251141,solid_phi0,0
inf,1978,0.00237643665099396,7337.33679448705,5.75291295535907e-05,1,1,136.483085251141,solid_phi0,0
inf,1979,0.00341207137576849,7337.13331467803,0.000130661082069494,1,1,136.483085251141,solid_phi0,0
inf,1980,0.00409816802993967,7337.64547377759,1.19390492487881e-05,1,1,136.483085251141,solid_phi0,0
inf,1981,0.00303830141380679,7337.48760571419,8.47842435443003e-05,1,1,136.483085251141,solid_phi0,0
inf,1982,0.00194193683985555,7337.03611332945,9.23042075662295e-05,1,1,136.483085251141,solid_phi0,0
inf,1983,0.00236367819974481,7337.52641064792,3.53967319534076e-05,1,1,136.483085251141,solid_phi0,0
inf,1984,0.00119872072752192,7337.30416489723,0.000112295628404757,1,1,136.483085251141,solid_phi0,0
inf,1985,0.00195165766092664,7336.8704867031,7.20815719421619e-05,1,1,136.483085251141,solid_phi0,0
inf,1986,0.00237636271134301,7337.34497766343,5.67456283635526e-05,1,1,136.483085251141,solid_phi0,0
inf,1987,0.00178399464951728,7337.14117114823,0.000129677875426726,1,1,136.483085251141,solid_phi0,0
inf,1988,0.00194488936077397,7336.70666009854,5.46771944733848e-05,1,1,136.483085251141,solid_phi0,0
inf,1989,0.00237589353070078,7337.19512924434,7.18604187673888e-05,1,1,136.483085251141,solid_phi0,0
inf,1990,0.00322612536340183,7336.99521107821,0.000116679473659786,1,1,136.483085251141,solid_phi0,0
inf,1991,0.00396935644413321,7337.51734945741,2.45270695869992e-05,1,1,136.483085251141,solid_phi0,0
inf,1992,0.00295224588733645,7337.36434617816,9.68834346098957e-05,1,1,136.483085251141,solid_phi0,0
inf,1993,0.00194082424019471,7336.9205384745,8.11267535685278e-05,1,1,136.483085251141,solid_phi0,0
inf,1994,0.00236577419697903,7337.41585576385,4.60790480013573e-05,1,1,136.483085251141,solid_phi0,0
inf,1995,0.00122755947339193,7337.19973117775,0.00012228980022333,1,1,136.483085251141,solid_phi0,0
inf,1996,0.00195004365043805,7336.77083442266,6.25374838441051e-05,1,1,136.483085251141,solid_phi0,0
inf,1997,0.00237759244911417,7337.25044600206,6.57503749447175e-05,1,1,136.483085251141,solid_phi0,0
inf,1998,0.00340402425999198,7337.05098455049,0.000122817756746274,1,1,136.483085251141,solid_phi0,0
inf,1999,0.00409128529557867,7337.56720814855,1.93681511462263e-05,1,1,136.483085251141,solid_phi0,0
inf,2000,0.00303490363933012,7337.41295519765,9.18622952245096e-05,1,1,136.483085251141,solid_phi0,0
