{
  "study": "S1 scaling study mode diagnostic: scaling_480x60_s1",
  "scope": "Postprocessing-only mode diagnosis; no optimisation rerun",
  "created_utc": "2026-06-29T10:36:13Z",
  "mesh": {
    "nelx": 480,
    "nely": 60,
    "L": 8,
    "H": 1,
    "hx": 0.016666666666666666,
    "hy": 0.016666666666666666
  },
  "material": {
    "E0": 1.0E+7,
    "Emin": 10,
    "nu": 0.3,
    "rho0": 1,
    "rho_min": 1E-6,
    "penal": 3,
    "mass_interpolation_mode": "power",
    "pmass": 1
  },
  "thresholds": {
    "low_density": 0.05,
    "solid_component": 0.5
  },
  "components": {
    "count": 327,
    "largest_support_id": 2,
    "support_connected_count": 1
  },
  "reference": {
    "saved_final_tracked_mac": 0.93237533460179567,
    "saved_final_tracked_omega": 89.121335366674927,
    "saved_final_omega_1": 89.121335366674927
  },
  "modes": [
    {
      "mode": 1,
      "omega_rad_s": 89.121335366674913,
      "frequency_hz": 14.184101058556866,
      "mac_to_solid_reference_mode_1": 0.93237533460179589,
      "modal_mass": 1.0000000000000002,
      "modal_mass_residual": 2.2204460492503131E-16,
      "stiffness_rayleigh": 7942.6124174563456,
      "eigen_residual_relative": 3.0609350474353444E-9,
      "kinetic_energy_total": 3971.3062087696644,
      "strain_energy_total": 3971.3062096638387,
      "low_density_kinetic_fraction": 8.3197925998850108E-7,
      "low_density_strain_fraction": 0.0395861293248957,
      "low_density_displacement_fraction": 0.44273211130053514,
      "kinetic_localization_index": 0.00014984450649341654,
      "strain_localization_index": 0.0010566285002925981,
      "kinetic_effective_element_fraction": 0.23172168960193246,
      "strain_effective_element_fraction": 0.032861334151603007,
      "kinetic_top_1pct_fraction": 0.097384212495155692,
      "strain_top_1pct_fraction": 0.38252112074530525,
      "kinetic_top_5pct_fraction": 0.26739496092173481,
      "strain_top_5pct_fraction": 0.639924926206843,
      "dominant_solid_component_id": 2,
      "dominant_solid_component_kinetic_fraction": 0.88205010780854665,
      "dominant_solid_component_strain_fraction": 0.93538268724105522,
      "dominant_component_touches_left_support": true,
      "dominant_component_touches_right_support": true,
      "dominant_component_touches_both_supports": true,
      "largest_support_component_kinetic_fraction": 0.88205010780854665,
      "largest_support_component_strain_fraction": 0.93538268724105522,
      "classification": "physical global mode",
      "classification_reason": "energy on support-spanning component: K 0.882, S 0.935"
    },
    {
      "mode": 2,
      "omega_rad_s": 92.305880440769727,
      "frequency_hz": 14.690937148598001,
      "mac_to_solid_reference_mode_1": 2.3722409873114816E-9,
      "modal_mass": 1.0000000000000004,
      "modal_mass_residual": 4.4408920985006262E-16,
      "stiffness_rayleigh": 8520.3755637639442,
      "eigen_residual_relative": 3.0495493449763314E-9,
      "kinetic_energy_total": 4260.1877819728315,
      "strain_energy_total": 4260.18778537368,
      "low_density_kinetic_fraction": 3.2416897290394816E-6,
      "low_density_strain_fraction": 0.99418145570081706,
      "low_density_displacement_fraction": 0.76041003323531065,
      "kinetic_localization_index": 0.0070803278634505185,
      "strain_localization_index": 0.0076022294590962587,
      "kinetic_effective_element_fraction": 0.0049040415771510245,
      "strain_effective_element_fraction": 0.0045673736117865012,
      "kinetic_top_1pct_fraction": 0.99889128637629765,
      "strain_top_1pct_fraction": 0.96355532000766186,
      "kinetic_top_5pct_fraction": 0.9990751667541673,
      "strain_top_5pct_fraction": 0.99796394644677011,
      "dominant_solid_component_id": 169,
      "dominant_solid_component_kinetic_fraction": 0.19472231793996303,
      "dominant_solid_component_strain_fraction": 6.3659764093578092E-7,
      "dominant_component_touches_left_support": false,
      "dominant_component_touches_right_support": false,
      "dominant_component_touches_both_supports": false,
      "largest_support_component_kinetic_fraction": 0.001058798369021766,
      "largest_support_component_strain_fraction": 0.0051805869334416,
      "classification": "localized low-density mode",
      "classification_reason": "low-density energy fractions: kinetic 0.000, strain 0.994"
    },
    {
      "mode": 3,
      "omega_rad_s": 98.9574247817679,
      "frequency_hz": 15.749563309662785,
      "mac_to_solid_reference_mode_1": 4.8123619051317213E-14,
      "modal_mass": 1,
      "modal_mass_residual": 0,
      "stiffness_rayleigh": 9792.57192044151,
      "eigen_residual_relative": 3.3455196116292298E-9,
      "kinetic_energy_total": 4896.2859597196357,
      "strain_energy_total": 4896.2859623195882,
      "low_density_kinetic_fraction": 1.653947532263787E-6,
      "low_density_strain_fraction": 0.99808391875183589,
      "low_density_displacement_fraction": 0.62560964620967185,
      "kinetic_localization_index": 0.019102838146075829,
      "strain_localization_index": 0.0083870702626567765,
      "kinetic_effective_element_fraction": 0.0018176473022860733,
      "strain_effective_element_fraction": 0.0041399703513659665,
      "kinetic_top_1pct_fraction": 0.99959779292141615,
      "strain_top_1pct_fraction": 0.9708362972939143,
      "kinetic_top_5pct_fraction": 0.99966150802584108,
      "strain_top_5pct_fraction": 0.99948101551722479,
      "dominant_solid_component_id": 110,
      "dominant_solid_component_kinetic_fraction": 0.24902035763789543,
      "dominant_solid_component_strain_fraction": 3.5505814911154382E-7,
      "dominant_component_touches_left_support": false,
      "dominant_component_touches_right_support": false,
      "dominant_component_touches_both_supports": false,
      "largest_support_component_kinetic_fraction": 0.00038576342474490435,
      "largest_support_component_strain_fraction": 0.001700441238943732,
      "classification": "localized low-density mode",
      "classification_reason": "low-density energy fractions: kinetic 0.000, strain 0.998"
    },
    {
      "mode": 4,
      "omega_rad_s": 99.004454029863922,
      "frequency_hz": 15.757048246967161,
      "mac_to_solid_reference_mode_1": 9.132961255334572E-8,
      "modal_mass": 1,
      "modal_mass_residual": 0,
      "stiffness_rayleigh": 9801.88191852194,
      "eigen_residual_relative": 3.0248604744473614E-9,
      "kinetic_energy_total": 4900.9409588757035,
      "strain_energy_total": 4900.94096183724,
      "low_density_kinetic_fraction": 1.6511101272913657E-6,
      "low_density_strain_fraction": 0.99933439965362247,
      "low_density_displacement_fraction": 0.62525836974018045,
      "kinetic_localization_index": 0.019134311148676291,
      "strain_localization_index": 0.0084117998289716719,
      "kinetic_effective_element_fraction": 0.0018146575516842843,
      "strain_effective_element_fraction": 0.0041277993923051967,
      "kinetic_top_1pct_fraction": 0.99995139541299727,
      "strain_top_1pct_fraction": 0.97246598442603949,
      "kinetic_top_5pct_fraction": 0.99996032406009516,
      "strain_top_5pct_fraction": 0.999766702604219,
      "dominant_solid_component_id": 111,
      "dominant_solid_component_kinetic_fraction": 0.25116955507792926,
      "dominant_solid_component_strain_fraction": 3.5854148291104154E-7,
      "dominant_component_touches_left_support": false,
      "dominant_component_touches_right_support": false,
      "dominant_component_touches_both_supports": false,
      "largest_support_component_kinetic_fraction": 4.5206097482726495E-5,
      "largest_support_component_strain_fraction": 0.000649796499047324,
      "classification": "localized low-density mode",
      "classification_reason": "low-density energy fractions: kinetic 0.000, strain 0.999"
    },
    {
      "mode": 5,
      "omega_rad_s": 99.02672788570419,
      "frequency_hz": 15.760593241225855,