iteration,Mnd_percent,gray_fraction,mid_fraction,broad_core_fraction,omega1_preupdate,omega2_preupdate,omega3_preupdate,move,stage,exA,exB,exE,gap12_preupdate,gap23_preupdate,warning
1.000000000000000000e+00,9.974719156651696039e+01,1.000000000000000000e+00,1.000000000000000000e+00,1.000000000000000000e+00,6.821560761702113496e+01,2.513577241429392757e+02,3.853906171064376736e+02,4.000000000000000083e-02,1.000000000000000000e+00,0.000000000000000000e+00,0.000000000000000000e+00,0.000000000000000000e+00,2.684753869732014131e+00,5.332356243298816967e-01,0.000000000000000000e+00
2.000000000000000000e+00,9.901769251766464208e+01,1.000000000000000000e+00,1.000000000000000000e+00,1.000000000000000000e+00,7.344161107177028214e+01,2.640506470614841987e+02,3.982620524641729958e+02,4.000000000000000083e-02,1.000000000000000000e+00,0.000000000000000000e+00,0.000000000000000000e+00,0.000000000000000000e+00,2.595382007666506841e+00,5.082790248623691998e-01,0.000000000000000000e+00
3.000000000000000000e+00,9.782663237823754798e+01,1.000000000000000000e+00,7.411111111111111649e-01,1.000000000000000000e+00,7.870106850470813242e+01,2.759650241723749104e+02,4.090000678111119328e+02,4.000000000000000083e-02,1.000000000000000000e+00,0.000000000000000000e+00,0.000000000000000000e+00,0.000000000000000000e+00,2.506496537030699301e+00,4.820721177899699450e-01,0.000000000000000000e+00
4.000000000000000000e+00,9.624094613569366174e+01,1.000000000000000000e+00,6.277777777777777679e-01,1.000000000000000000e+00,8.403977032637332911e+01,2.869122419702305820e+02,4.188344618144450919e+02,4.000000000000000083e-02,1.000000000000000000e+00,0.000000000000000000e+00,0.000000000000000000e+00,0.000000000000000000e+00,2.414005545897974336e+00,4.597998988760559347e-01,0.000000000000000000e+00
5.000000000000000000e+00,9.426730854849118657e+01,1.000000000000000000e+00,5.534722222222222543e-01,1.000000000000000000e+00,8.933657821614086458e+01,2.959582230710217345e+02,4.284068892552216425e+02,4.000000000000000083e-02,1.000000000000000000e+00,0.000000000000000000e+00,0.000000000000000000e+00,0.000000000000000000e+00,2.312844850123771057e+00,4.475248729697093863e-01,0.000000000000000000e+00
6.000000000000000000e+00,9.201688291973769651e+01,1.000000000000000000e+00,4.934722222222222010e-01,1.000000000000000000e+00,9.464431667486961430e+01,3.024004189413392396e+02,4.385187483510330821e+02,4.000000000000000083e-02,1.000000000000000000e+00,0.000000000000000000e+00,0.000000000000000000e+00,0.000000000000000000e+00,2.195124964345946061e+00,4.501261270940851156e-01,0.000000000000000000e+00
7.000000000000000000e+00,8.957738458216070399e+01,1.000000000000000000e+00,4.488888888888888928e-01,1.000000000000000000e+00,9.980174593434199437e+01,3.047852411188285373e+02,4.489305850262597346e+02,4.000000000000000083e-02,1.000000000000000000e+00,0.000000000000000000e+00,0.000000000000000000e+00,0.000000000000000000e+00,2.053906905790425341e+00,4.729406954821422926e-01,0.000000000000000000e+00
8.000000000000000000e+00,8.694417943076453525e+01,1.000000000000000000e+00,4.209722222222222476e-01,1.000000000000000000e+00,1.047457550011140626e+02,3.018977054265603783e+02,4.595376806855865084e+02,4.000000000000000083e-02,1.000000000000000000e+00,0.000000000000000000e+00,0.000000000000000000e+00,0.000000000000000000e+00,1.882195134526926106e+00,5.221635422378976266e-01,0.000000000000000000e+00
9.000000000000000000e+00,8.428621362344564716e+01,1.000000000000000000e+00,3.948611111111111072e-01,1.000000000000000000e+00,1.095605597656376347e+02,2.921741215074040383e+02,4.706767571691596004e+02,4.000000000000000083e-02,1.000000000000000000e+00,0.000000000000000000e+00,0.000000000000000000e+00,0.000000000000000000e+00,1.666781934415060951e+00,6.109460849606151989e-01,0.000000000000000000e+00
1.000000000000000000e+01,8.167057696829547808e+01,1.000000000000000000e+00,3.765277777777777946e-01,1.000000000000000000e+00,1.140883652921576470e+02,2.756767322505378388e+02,4.815676757312176051e+02,4.000000000000000083e-02,1.000000000000000000e+00,0.000000000000000000e+00,0.000000000000000000e+00,0.000000000000000000e+00,1.416343958865432739e+00,7.468564423259484997e-01,0.000000000000000000e+00
1.100000000000000000e+01,7.900644837583882918e+01,8.969444444444444331e-01,3.709722222222222032e-01,8.245833333333333348e-01,1.183386439682584097e+02,2.542256848008225916e+02,4.921648102359848167e+02,4.000000000000000083e-02,1.000000000000000000e+00,0.000000000000000000e+00,0.000000000000000000e+00,0.000000000000000000e+00,1.148289656496425115e+00,9.359366093224594785e-01,0.000000000000000000e+00
1.200000000000000000e+01,7.628207269318345141e+01,8.504166666666667096e-01,3.576388888888888951e-01,7.644444444444444819e-01,1.225111081707139675e+02,2.297471732363116814e+02,5.030191472253250140e+02,4.000000000000000083e-02,1.000000000000000000e+00,0.000000000000000000e+00,0.000000000000000000e+00,0.000000000000000000e+00,8.753170766863757057e-01,1.189446512614687146e+00,1.000000000000000000e+00
1.300000000000000000e+01,7.373789395689483683e+01,8.216666666666666563e-01,3.490277777777777701e-01,7.291666666666666297e-01,1.268668748026177724e+02,2.060597287404493159e+02,5.004006199944528817e+02,4.000000000000000083e-02,1.000000000000000000e+00,0.000000000000000000e+00,0.000000000000000000e+00,0.000000000000000000e+00,6.242201052169172870e-01,1.428425112724244439e+00,1.000000000000000000e+00
1.400000000000000000e+01,7.184421714095999789e+01,7.990277777777777812e-01,3.497222222222222121e-01,7.016666666666666607e-01,1.307503303643012202e+02,1.866898921156135316e+02,4.943253362883853583e+02,4.000000000000000083e-02,1.000000000000000000e+00,0.000000000000000000e+00,0.000000000000000000e+00,0.000000000000000000e+00,4.278349553339675371e-01,1.647841994478517424e+00,0.000000000000000000e+00
1.500000000000000000e+01,7.025914231399683274e+01,7.808333333333333792e-01,3.452777777777777946e-01,6.797222222222222276e-01,1.334327909189850345e+02,1.746163284504741853e+02,4.886992296652238110e+02,4.000000000000000083e-02,1.000000000000000000e+00,0.000000000000000000e+00,0.000000000000000000e+00,0.000000000000000000e+00,3.086463023657664562e-01,1.798702927738123236e+00,1.000000000000000000e+00
1.600000000000000000e+01,6.885172287032212068e+01,7.600000000000000089e-01,3.443055555555555314e-01,6.552777777777777368e-01,1.356488700830901735e+02,1.664300889436614739e+02,4.728736930051528589e+02,4.000000000000000083e-02,1.000000000000000000e+00,0.000000000000000000e+00,0.000000000000000000e+00,0.000000000000000000e+00,2.269183579761233083e-01,1.841275252609076762e+00,1.000000000000000000e+00
1.700000000000000000e+01,6.757448485856318143e+01,7.438888888888889328e-01,3.455555555555555602e-01,6.365277777777778034e-01,1.375653628093930649e+02,1.603967730415971005e+02,4.496001836149550854e+02,4.000000000000000083e-02,1.000000000000000000e+00,0.000000000000000000e+00,0.000000000000000000e+00,0.000000000000000000e+00,1.659677244760996706e-01,1.803050055741185931e+00,0.000000000000000000e+00
1.800000000000000000e+01,6.646570731446134062e+01,7.320833333333333082e-01,3.466666666666666785e-01,6.227777777777777635e-01,1.392570893589185346e+02,1.557246318431151053e+02,4.320792089824743698e+02,4.000000000000000083e-02,1.000000000000000000e+00,0.000000000000000000e+00,0.000000000000000000e+00,0.000000000000000000e+00,1.182528125498404220e-01,1.774636252906816258e+00,0.000000000000000000e+00
1.900000000000000000e+01,6.539060937700709530e+01,7.191666666666666208e-01,3.470833333333333548e-01,6.077777777777777501e-01,1.407103867915948854e+02,1.521674199835081538e+02,4.189917171717649467e+02,4.000000000000000083e-02,1.000000000000000000e+00,0.000000000000000000e+00,0.000000000000000000e+00,0.000000000000000000e+00,8.142279651950780350e-02,1.753491629267126095e+00,0.000000000000000000e+00
2.000000000000000000e+01,6.438826807640799643e+01,7.098611111111111649e-01,3.456944444444444708e-01,5.970833333333332993e-01,1.420744440133900923e+02,1.490733245769647795e+02,4.074480217669481590e+02,4.000000000000000083e-02,1.000000000000000000e+00,0.000000000000000000e+00,0.000000000000000000e+00,0.000000000000000000e+00,4.926206547685003240e-02,1.733205440498428285e+00,0.000000000000000000e+00
2.100000000000000000e+01,6.355898161343617403e+01,6.958333333333333037e-01,3.412499999999999978e-01,5.806944444444444020e-01,1.433365160158240315e+02,1.465280144076144779e+02,3.980112828413842863e+02,4.000000000000000083e-02,1.000000000000000000e+00,0.000000000000000000e+00,0.000000000000000000e+00,0.000000000000000000e+00,2.226577344351046012e-02,1.716281145625769389e+00,0.000000000000000000e+00
2.200000000000000000e+01,6.292244444533642422e+01,6.903472222222222232e-01,3.315972222222222099e-01,5.759722222222222188e-01,1.443409306315013509e+02,1.452118778966519415e+02,3.928777732966647136e+02,4.000000000000000083e-02,1.000000000000000000e+00,0.000000000000000000e+00,0.000000000000000000e+00,0.000000000000000000e+00,6.033959053333917341e-03,1.705548464680540111e+00,0.000000000000000000e+00
2.300000000000000000e+01,6.229368285430283692e+01,6.820138888888889195e-01,3.238888888888888928e-01,5.709722222222222143e-01,1.450765234387785370e+02,1.456988353967661567e+02,3.945464260185259491e+02,4.000000000000000083e-02,1.000000000000000000e+00,0.000000000000000000e+00,0.000000000000000000e+00,0.000000000000000000e+00,4.289542809800179525e-03,1.707958680274276775e+00,0.000000000000000000e+00
2.400000000000000000e+01,6.185627617322167993e+01,6.780555555555555225e-01,3.186805555555555780e-01,5.677083333333333703e-01,1.457515283893008871e+02,1.465943333223012530e+02,3.976020923130022311e+02,4.000000000000000083e-02,1.000000000000000000e+00,0.000000000000000000e+00,0.000000000000000000e+00,0.000000000000000000e+00,5.782477496560052034e-03,1.712260994692319516e+00,0.000000000000000000e+00
2.500000000000000000e+01,6.140518523242381832e+01,6.743055555555556024e-01,3.145833333333333259e-01,5.648611111111111471e-01,1.462450764025021215e+02,1.468662888067551364e+02,3.990397975981390459e+02,4.000000000000000083e-02,1.000000000000000000e+00,0.000000000000000000e+00,0.000000000000000000e+00,0.000000000000000000e+00,4.247749186053189664e-03,1.717027854657583896e+00,0.000000000000000000e+00
2.600000000000000000e+01,6.098096635100326068e+01,6.689583333333333215e-01,3.111111111111111160e-01,5.622916666666666341e-01,1.466664324174576848e+02,1.473457338377788233e+02,4.006292708782953582e+02,4.000000000000000083e-02,1.000000000000000000e+00,0.000000000000000000e+00,0.000000000000000000e+00,0.000000000000000000e+00,4.631607990488499638e-03,1.718974349941957414e+00,0.000000000000000000e+00
2.700000000000000000e+01,6.054292288542944078e+01,6.654166666666666563e-01,3.084722222222222032e-01,5.591666666666667007e-01,1.470806135491763484e+02,1.477230922645863416e+02,4.024185541060554669e+02,4.000000000000000083e-02,1.000000000000000000e+00,0.000000000000000000e+00,0.000000000000000000e+00,0.000000000000000000e+00,4.368208018082414199e-03,1.724141147717683342e+00,0.000000000000000000e+00
2.800000000000000000e+01,6.016086200113394256e+01,6.623611111111110672e-01,3.059027777777778012e-01,5.570138888888889195e-01,1.474649444957492790e+02,1.481465566523959296e+02,4.041135871035511968e+02,4.000000000000000083e-02,1.000000000000000000e+00,0.000000000000000000e+00,0.000000000000000000e+00,0.000000000000000000e+00,4.622197899150861169e-03,1.727796016560440240e+00,0.000000000000000000e+00
2.900000000000000000e+01,5.971193145336491881e+01,6.570833333333333526e-01,3.013888888888888729e-01,5.542361111111111516e-01,1.477683024640493841e+02,1.484598985263542090e+02,4.052067852543962658e+02,4.000000000000000083e-02,1.000000000000000000e+00,0.000000000000000000e+00,0.000000000000000000e+00,0.000000000000000000e+00,4.680273446824522246e-03,1.729402278167831541e+00,0.000000000000000000e+00
3.000000000000000000e+01,5.933252262499693330e+01,6.502777777777777324e-01,2.976388888888888973e-01,5.429166666666667140e-01,1.481470982839165629e+02,1.489503606844716899e+02,4.071823458554566741e+02,4.000000000000000083e-02,1.000000000000000000e+00,0.000000000000000000e+00,0.000000000000000000e+00,0.000000000000000000e+00,5.422059627625742950e-03,1.733678146090626537e+00,0.000000000000000000e+00
3.100000000000000000e+01,5.889867150398688977e+01,6.437500000000000444e-01,2.938888888888888662e-01,5.354861111111111072e-01,1.484357846151990827e+02,1.491973779968387817e+02,4.079091103236199274e+02,4.000000000000000083e-02,1.000000000000000000e+00,0.000000000000000000e+00,0.000000000000000000e+00,0.000000000000000000e+00,5.130793653390474350e-03,1.734023317301613520e+00,0.000000000000000000e+00
3.200000000000000000e+01,5.854697036747834460e+01,6.395138888888889372e-01,2.935416666666666452e-01,5.309027777777777235e-01,1.487394205285486066e+02,1.497364946617045973e+02,4.093298134925544787e+02,4.000000000000000083e-02,1.000000000000000000e+00,0.000000000000000000e+00,0.000000000000000000e+00,0.000000000000000000e+00,6.703496151947259223e-03,1.733667663433297701e+00,0.000000000000000000e+00
3.300000000000000000e+01,5.824745938615399865e+01,6.361805555555555269e-01,2.923611111111111271e-01,5.280555555555555003e-01,1.489884762241266856e+02,1.497093082761628580e+02,4.089684387039186504e+02,4.000000000000000083e-02,1.000000000000000000e+00,0.000000000000000000e+00,0.000000000000000000e+00,0.000000000000000000e+00,4.838173195031598810e-03,1.731750239267091596e+00,0.000000000000000000e+00
3.400000000000000000e+01,5.789049241727746420e+01,6.318055555555555092e-01,2.911111111111110983e-01,5.236805555555555935e-01,1.491797474279812548e+02,1.496804372804062098e+02,4.085948391443350829e+02,4.000000000000000083e-02,1.000000000000000000e+00,0.000000000000000000e+00,0.000000000000000000e+00,0.000000000000000000e+00,3.356285695996840974e-03,1.729781169591905421e+00,0.000000000000000000e+00
3.500000000000000000e+01,5.758679575269378859e+01,6.286805555555555758e-01,2.911805555555555536e-01,5.211111111111110805e-01,1.494016252934164299e+02,1.502593400304332079e+02,4.101917576911786227e+02,4.000000000000000083e-02,1.000000000000000000e+00,0.000000000000000000e+00,0.000000000000000000e+00,0.000000000000000000e+00,5.741000041547567913e-03,1.729891916256914408e+00,0.000000000000000000e+00
3.600000000000000000e+01,5.722513851799908480e+01,6.249305555555555447e-01,2.893749999999999933e-01,5.170833333333333393e-01,1.495864984774416939e+02,1.500954284346660756e+02,4.093262019249034438e+02,4.000000000000000083e-02,1.000000000000000000e+00,0.000000000000000000e+00,0.000000000000000000e+00,0.000000000000000000e+00,3.402245272163587596e-03,1.727106389539878606e+00,0.000000000000000000e+00
3.700000000000000000e+01,5.689804612396820716e+01,6.206249999999999822e-01,2.883333333333333304e-01,5.124305555555555003e-01,1.498124306876277103e+02,1.505182215021089291e+02,4.106848708403063029e+02,4.000000000000000083e-02,1.000000000000000000e+00,0.000000000000000000e+00,0.000000000000000000e+00,0.000000000000000000e+00,4.711163227521858107e-03,1.728472783838680638e+00,0.000000000000000000e+00
3.800000000000000000e+01,5.661572603175456209e+01,6.168055555555556069e-01,2.879166666666666541e-01,5.093055555555555669e-01,1.499993053132069178e+02,1.509433708323649341e+02,4.118632860756009677e+02,4.000000000000000083e-02,1.000000000000000000e+00,0.000000000000000000e+00,0.000000000000000000e+00,0.000000000000000000e+00,6.293799275848343394e-03,1.728594729297579402e+00,0.000000000000000000e+00
3.900000000000000000e+01,5.633662721027865672e+01,6.118749999999999467e-01,2.875694444444444331e-01,5.051388888888889150e-01,1.501687243459093111e+02,1.509627106272285744e+02,4.116753130551255140e+02,4.000000000000000083e-02,1.000000000000000000e+00,0.000000000000000000e+00,0.000000000000000000e+00,0.000000000000000000e+00,5.287294573338313132e-03,1.727000007781214430e+00,0.000000000000000000e+00
4.000000000000000000e+01,5.602672904324732883e+01,6.085416666666666474e-01,2.861111111111110938e-01,5.024999999999999467e-01,1.503271268106755372e+02,1.510656964746683286e+02,4.117744259007259870e+02,4.000000000000000083e-02,1.000000000000000000e+00,0.000000000000000000e+00,0.000000000000000000e+00,0.000000000000000000e+00,4.913083085283458627e-03,1.725797024142903036e+00,0.000000000000000000e+00
4.100000000000000000e+01,5.578264029966108239e+01,6.065277777777777768e-01,2.861111111111110938e-01,5.002777777777778212e-01,1.504756246482255335e+02,1.517252229549035292e+02,4.134903229594158915e+02,4.000000000000000083e-02,1.000000000000000000e+00,0.000000000000000000e+00,0.000000000000000000e+00,0.000000000000000000e+00,8.304323770705352575e-03,1.725257639478410265e+00,0.000000000000000000e+00
4.200000000000000000e+01,5.547696176777968446e+01,6.040972222222221744e-01,2.855555555555555625e-01,4.971527777777777768e-01,1.506278108862842942e+02,1.515342214185727983e+02,4.124926341419040341e+02,4.000000000000000083e-02,1.000000000000000000e+00,0.000000000000000000e+00,0.000000000000000000e+00,0.000000000000000000e+00,6.017550988461182679e-03,1.722108777016798875e+00,0.000000000000000000e+00
4.300000000000000000e+01,5.527222640506466433e+01,6.010416666666666963e-01,2.852777777777777968e-01,4.938888888888888773e-01,1.507946776746445892e+02,1.515536160441165521e+02,4.122476013911471000e+02,4.000000000000000083e-02,1.000000000000000000e+00,0.000000000000000000e+00,0.000000000000000000e+00,0.000000000000000000e+00,5.032925439911429925e-03,1.720143617498006483e+00,0.000000000000000000e+00
4.400000000000000000e+01,5.503959188392715163e+01,5.993055555555555358e-01,2.841666666666666785e-01,4.924305555555555380e-01,1.508707436075316934e+02,1.514914867470245667e+02,4.116841214082588181e+02,4.000000000000000083e-02,1.000000000000000000e+00,0.000000000000000000e+00,0.000000000000000000e+00,0.000000000000000000e+00,4.114403658721576401e-03,1.717539646935603681e+00,0.000000000000000000e+00
4.500000000000000000e+01,5.473221720831062953e+01,5.960416666666666918e-01,2.825694444444444287e-01,4.885416666666666519e-01,1.510072165257461165e+02,1.516996784269045975e+02,4.122080430572837599e+02,4.000000000000000083e-02,1.000000000000000000e+00,0.000000000000000000e+00,0.000000000000000000e+00,0.000000000000000000e+00,4.585621251024244588e-03,1.717263789427894149e+00,0.000000000000000000e+00
4.600000000000000000e+01,5.445071277722306746e+01,5.934027777777777235e-01,2.820833333333333526e-01,4.854166666666666630e-01,1.511559831786519794e+02,1.520752938241865309e+02,4.132333870484460476e+02,4.000000000000000083e-02,1.000000000000000000e+00,0.000000000000000000e+00,0.000000000000000000e+00,0.000000000000000000e+00,6.081867394213656859e-03,1.717294681187222061e+00,0.000000000000000000e+00
4.700000000000000000e+01,5.427202457550210823e+01,5.918750000000000400e-01,2.817361111111111316e-01,4.836111111111111027e-01,1.513121534703327598e+02,1.521825456498836786e+02,4.132080498316514081e+02,4.000000000000000083e-02,1.000000000000000000e+00,0.000000000000000000e+00,0.000000000000000000e+00,0.000000000000000000e+00,5.752295235964463398e-03,1.715213154485480951e+00,0.000000000000000000e+00
4.800000000000000000e+01,5.406101419821142429e+01,5.893749999999999822e-01,2.817361111111111316e-01,4.812500000000000111e-01,1.513907614861576576e+02,1.522066851679092849e+02,4.128882518090100575e+02,4.000000000000000083e-02,1.000000000000000000e+00,0.000000000000000000e+00,0.000000000000000000e+00,0.000000000000000000e+00,5.389520957170368214e-03,1.712681452549378092e+00,0.000000000000000000e+00
4.900000000000000000e+01,5.385864747947714193e+01,5.877777777777777324e-01,2.818055555555555314e-01,4.793055555555555403e-01,1.515084535698745754e+02,1.523545650240454563e+02,4.130686615816620701e+02,4.000000000000000083e-02,1.000000000000000000e+00,0.000000000000000000e+00,0.000000000000000000e+00,0.000000000000000000e+00,5.584582472031243347e-03,1.711232587723703791e+00,0.000000000000000000e+00
5.000000000000000000e+01,5.363837968507196763e+01,5.858333333333333171e-01,2.809027777777777790e-01,4.765277777777777724e-01,1.516149713919016051e+02,1.522201948211022682e+02,4.122428398247929522e+02,4.000000000000000083e-02,1.000000000000000000e+00,0.000000000000000000e+00,0.000000000000000000e+00,0.000000000000000000e+00,3.991844760741027065e-03,1.708200710879945516e+00,0.000000000000000000e+00
5.100000000000000000e+01,5.342476733374729037e+01,5.838194444444444464e-01,2.811805555555555447e-01,4.743055555555555358e-01,1.517048393114809244e+02,1.526686251310645730e+02,4.133819614205942798e+02,4.000000000000000083e-02,1.000000000000000000e+00,0.000000000000000000e+00,0.000000000000000000e+00,0.000000000000000000e+00,6.353032796829903052e-03,1.707707369904652994e+00,0.000000000000000000e+00
5.200000000000000000e+01,5.323879801709300352e+01,5.818750000000000311e-01,2.815277777777777657e-01,4.724999999999999756e-01,1.518212353563915258e+02,1.527129391523031927e+02,4.131633766947756499e+02,4.000000000000000083e-02,1.000000000000000000e+00,0.000000000000000000e+00,0.000000000000000000e+00,0.000000000000000000e+00,5.873379924873118815e-03,1.705490307423923158e+00,0.000000000000000000e+00
5.300000000000000000e+01,5.303448554785541091e+01,5.797222222222222499e-01,2.818055555555555314e-01,4.689583333333333104e-01,1.519078999393163656e+02,1.527741298602067559e+02,4.129467737370133023e+02,4.000000000000000083e-02,1.000000000000000000e+00,0.000000000000000000e+00,0.000000000000000000e+00,0.000000000000000000e+00,5.702336226334698936e-03,1.702988877206323304e+00,0.000000000000000000e+00
5.400000000000000000e+01,5.283751019800420323e+01,5.779861111111110894e-01,2.815972222222222210e-01,4.670833333333333504e-01,1.520056621260416989e+02,1.528845080621225634e+02,4.129052285624100591e+02,4.000000000000000083e-02,1.000000000000000000e+00,0.000000000000000000e+00,0.000000000000000000e+00,0.000000000000000000e+00,5.781665786581907315e-03,1.700765655043554592e+00,0.000000000000000000e+00
5.500000000000000000e+01,5.264459006293748189e+01,5.765277777777777501e-01,2.818749999999999867e-01,4.651388888888888795e-01,1.521093939594897790e+02,1.529546820878048834e+02,4.126559548811696345e+02,4.000000000000000083e-02,1.000000000000000000e+00,0.000000000000000000e+00,0.000000000000000000e+00,0.000000000000000000e+00,5.557106673768116845e-03,1.697896849239836303e+00,0.000000000000000000e+00
5.600000000000000000e+01,5.237639507747985590e+01,5.736111111111110716e-01,2.815972222222222210e-01,4.616666666666666696e-01,1.521997256316568610e+02,1.531654520015862602e+02,4.129150500257064209e+02,4.000000000000000083e-02,1.000000000000000000e+00,0.000000000000000000e+00,0.000000000000000000e+00,0.000000000000000000e+00,6.345125563935526819e-03,1.695875895181832682e+00,0.000000000000000000e+00
5.700000000000000000e+01,5.212622564461495500e+01,5.710416666666666696e-01,2.820833333333333526e-01,4.579166666666666941e-01,1.523331586122156409e+02,1.533103114458492939e+02,4.128958080234380645e+02,4.000000000000000083e-02,1.000000000000000000e+00,0.000000000000000000e+00,0.000000000000000000e+00,0.000000000000000000e+00,6.414577381153933368e-03,1.693203112885703687e+00,0.000000000000000000e+00
5.800000000000000000e+01,5.188707233036501520e+01,5.688194444444444331e-01,2.823611111111111183e-01,4.545138888888888840e-01,1.524464521400827266e+02,1.535911321458189889e+02,4.132900723080960574e+02,4.000000000000000083e-02,1.000000000000000000e+00,0.000000000000000000e+00,0.000000000000000000e+00,0.000000000000000000e+00,7.508734966717481654e-03,1.690845926675764055e+00,0.000000000000000000e+00
5.900000000000000000e+01,5.171684201269920322e+01,5.670833333333333837e-01,2.828472222222222499e-01,4.521527777777777923e-01,1.525587464391905712e+02,1.535764321283515130e+02,4.127363609620844613e+02,4.000000000000000083e-02,1.000000000000000000e+00,0.000000000000000000e+00,0.000000000000000000e+00,0.000000000000000000e+00,6.670779046854505463e-03,1.687498044082310633e+00,0.000000000000000000e+00
6.000000000000000000e+01,5.155130619325923647e+01,5.651388888888888573e-01,2.834027777777777812e-01,4.489583333333333481e-01,1.526406391805926432e+02,1.536467280470990886e+02,4.124406590147647194e+02,4.000000000000000083e-02,1.000000000000000000e+00,0.000000000000000000e+00,0.000000000000000000e+00,0.000000000000000000e+00,6.591225455470731479e-03,1.684343911888150025e+00,0.000000000000000000e+00
6.100000000000000000e+01,5.129903507069754198e+01,5.624305555555555447e-01,2.843055555555555336e-01,4.450000000000000067e-01,1.527141998285318323e+02,1.537577030673490412e+02,4.123147304803428597e+02,4.000000000000000083e-02,1.000000000000000000e+00,0.000000000000000000e+00,0.000000000000000000e+00,0.000000000000000000e+00,6.833046566651031391e-03,1.681587473375174779e+00,0.000000000000000000e+00
6.200000000000000000e+01,5.106495261194297086e+01,5.593749999999999556e-01,2.849305555555555758e-01,4.396527777777777812e-01,1.528377794187017287e+02,1.538193001915932996e+02,4.118550831641462651e+02,4.000000000000000083e-02,1.000000000000000000e+00,0.000000000000000000e+00,0.000000000000000000e+00,0.000000000000000000e+00,6.421977449716001138e-03,1.677525399290923369e+00,0.000000000000000000e+00
6.300000000000000000e+01,5.091054781193891898e+01,5.572222222222221744e-01,2.849999999999999756e-01,4.359722222222222054e-01,1.529410240117623516e+02,1.542975191510147965e+02,4.128526075365394945e+02,4.000000000000000083e-02,1.000000000000000000e+00,0.000000000000000000e+00,0.000000000000000000e+00,0.000000000000000000e+00,8.869400136539688784e-03,1.675691805079966512e+00,0.000000000000000000e+00
6.400000000000000000e+01,5.068296704696285815e+01,5.545833333333333171e-01,2.861805555555555491e-01,4.313888888888888773e-01,1.530208006962661500e+02,1.540967291795465712e+02,4.117163996904191094e+02,4.000000000000000083e-02,1.000000000000000000e+00,0.000000000000000000e+00,0.000000000000000000e+00,0.000000000000000000e+00,7.031256393802642890e-03,1.671804923326475567e+00,0.000000000000000000e+00
6.500000000000000000e+01,5.048083810741785982e+01,5.519444444444444597e-01,2.856944444444444176e-01,4.224305555555555314e-01,1.531225382477296648e+02,1.543291726125691241e+02,4.115508574655339089e+02,4.000000000000000083e-02,1.000000000000000000e+00,0.000000000000000000e+00,0.000000000000000000e+00,0.000000000000000000e+00,7.880187845941417912e-03,1.666708118099609059e+00,0.000000000000000000e+00
6.600000000000000000e+01,5.033156909030245174e+01,5.486805555555555047e-01,2.848611111111111205e-01,4.147916666666666696e-01,1.532138660180453655e+02,1.541862029427915104e+02,4.102256113360327845e+02,4.000000000000000083e-02,1.000000000000000000e+00,0.000000000000000000e+00,0.000000000000000000e+00,0.000000000000000000e+00,6.346272370880740206e-03,1.660585730152787320e+00,0.000000000000000000e+00
6.700000000000000000e+01,5.012976438974665427e+01,5.452083333333332948e-01,2.849999999999999756e-01,4.045833333333333504e-01,1.532889674060281777e+02,1.544619020079928760e+02,4.103668582422246232e+02,4.000000000000000083e-02,1.000000000000000000e+00,0.000000000000000000e+00,0.000000000000000000e+00,0.000000000000000000e+00,7.651787482251458557e-03,1.656751295351714282e+00,0.000000000000000000e+00
6.800000000000000000e+01,4.997848804324229377e+01,5.410416666666666430e-01,2.849305555555555758e-01,4.000000000000000222e-01,1.533788941705807076e+02,1.550665301761597163e+02,4.113637118123629079e+02,4.000000000000000083e-02,1.000000000000000000e+00,0.000000000000000000e+00,0.000000000000000000e+00,0.000000000000000000e+00,1.100305237369947516e-02,1.652820768898631609e+00,0.000000000000000000e+00
6.900000000000000000e+01,4.977650888877782620e+01,5.381944444444444198e-01,2.840972222222222232e-01,3.964583333333333570e-01,1.534639773187612377e+02,1.550486635557700765e+02,4.104296199706210473e+02,4.000000000000000083e-02,1.000000000000000000e+00,0.000000000000000000e+00,0.000000000000000000e+00,0.000000000000000000e+00,1.032611212543562904e-02,1.647101952110615608e+00,0.000000000000000000e+00
7.000000000000000000e+01,4.952838032716412897e+01,5.339583333333333126e-01,2.820138888888888973e-01,3.918055555555555736e-01,1.535820985047236320e+02,1.548505376852420738e+02,4.086896381202050179e+02,4.000000000000000083e-02,1.000000000000000000e+00,0.000000000000000000e+00,0.000000000000000000e+00,0.000000000000000000e+00,8.259030140022662406e-03,1.639252302442311127e+00,0.000000000000000000e+00
7.100000000000000000e+01,4.933507433019171629e+01,5.306250000000000133e-01,2.794444444444444398e-01,3.889583333333333504e-01,1.537236995778451387e+02,1.548938503545661547e+02,4.076440273690510026e+02,4.000000000000000083e-02,1.000000000000000000e+00,0.000000000000000000e+00,0.000000000000000000e+00,0.000000000000000000e+00,7.612038871914189077e-03,1.631763794598149797e+00,0.000000000000000000e+00
7.200000000000000000e+01,4.912514109471860024e+01,5.274305555555555136e-01,2.780555555555555558e-01,3.859027777777777612e-01,1.538331424433262384e+02,1.549950003836745225e+02,4.070319717640455224e+02,4.000000000000000083e-02,1.000000000000000000e+00,0.000000000000000000e+00,0.000000000000000000e+00,0.000000000000000000e+00,7.552715376508185516e-03,1.626097427378166094e+00,0.000000000000000000e+00
7.300000000000000000e+01,4.890736878627019735e+01,5.242361111111111249e-01,2.766666666666666718e-01,3.826388888888888618e-01,1.539366252985263657e+02,1.554480813760975195e+02,4.074707858931577675e+02,4.000000000000000083e-02,1.000000000000000000e+00,0.000000000000000000e+00,0.000000000000000000e+00,0.000000000000000000e+00,9.818690481488832889e-03,1.621266099176265074e+00,0.000000000000000000e+00
7.400000000000000000e+01,4.868883827194261471e+01,5.220138888888888884e-01,2.752777777777777879e-01,3.812499999999999778e-01,1.540518466409463088e+02,1.556638400021003292e+02,4.071781756803862322e+02,4.000000000000000083e-02,1.000000000000000000e+00,0.000000000000000000e+00,0.000000000000000000e+00,0.000000000000000000e+00,1.046396649117193808e-02,1.615753123364374710e+00,0.000000000000000000e+00
7.500000000000000000e+01,4.843903769228840872e+01,5.198611111111111072e-01,2.736111111111111382e-01,3.789583333333333415e-01,1.541621398499374038e+02,1.556217752042228710e+02,4.060205021345345813e+02,4.000000000000000083e-02,1.000000000000000000e+00,0.000000000000000000e+00,0.000000000000000000e+00,0.000000000000000000e+00,9.468183016311835370e-03,1.609021145027505151e+00,0.000000000000000000e+00
7.600000000000000000e+01,4.828894298854410749e+01,5.184027777777777679e-01,2.734027777777777724e-01,3.773611111111110916e-01,1.542916672936102600e+02,1.557582997716197610e+02,4.052704327438314067e+02,4.000000000000000083e-02,1.000000000000000000e+00,0.000000000000000000e+00,0.000000000000000000e+00,0.000000000000000000e+00,9.505584479935418746e-03,1.601918699279962777e+00,0.000000000000000000e+00
7.700000000000000000e+01,4.813573129276777252e+01,5.166666666666667185e-01,2.727083333333333304e-01,3.756944444444444420e-01,1.543623034356084247e+02,1.561539993211850970e+02,4.055765927070245311e+02,4.000000000000000083e-02,1.000000000000000000e+00,0.000000000000000000e+00,0.000000000000000000e+00,0.000000000000000000e+00,1.160708181790038283e-02,1.597285977112984368e+00,0.000000000000000000e+00
7.800000000000000000e+01,4.792605106637495282e+01,5.142361111111111160e-01,2.729166666666666408e-01,3.740277777777777923e-01,1.544393723675668753e+02,1.561973017265854935e+02,4.047203460940322657e+02,4.000000000000000083e-02,1.000000000000000000e+00,0.000000000000000000e+00,0.000000000000000000e+00,0.000000000000000000e+00,1.138265024047581050e-02,1.591084107217628274e+00,0.000000000000000000e+00
7.900000000000000000e+01,4.773730064925925376e+01,5.123611111111111560e-01,2.727777777777777857e-01,3.725694444444444531e-01,1.545422328046233531e+02,1.563699606165571936e+02,4.039814262677120382e+02,4.000000000000000083e-02,1.000000000000000000e+00,0.000000000000000000e+00,0.000000000000000000e+00,0.000000000000000000e+00,1.182672062364017659e-02,1.583497653096783919e+00,0.000000000000000000e+00
8.000000000000000000e+01,4.752323297318998385e+01,5.097222222222221877e-01,2.722222222222221988e-01,3.698611111111110850e-01,1.546454475943890827e+02,1.562582449191140199e+02,4.026452383659428165e+02,4.000000000000000083e-02,1.000000000000000000e+00,0.000000000000000000e+00,0.000000000000000000e+00,0.000000000000000000e+00,1.042899968808039778e-02,1.576793554633672434e+00,0.000000000000000000e+00
8.100000000000000000e+01,4.732085474599182362e+01,5.077777777777777724e-01,2.715972222222222121e-01,3.679861111111111249e-01,1.547592188050055881e+02,1.562750770824904123e+02,4.014279883586953588e+02,4.000000000000000083e-02,1.000000000000000000e+00,0.000000000000000000e+00,0.000000000000000000e+00,0.000000000000000000e+00,9.794946557560387304e-03,1.568726861973006814e+00,0.000000000000000000e+00
8.200000000000000000e+01,4.712552600178295847e+01,5.056249999999999911e-01,2.708333333333333148e-01,3.663194444444444198e-01,1.548698703981955305e+02,1.562640085740161453e+02,4.002281424564288272e+02,4.000000000000000083e-02,1.000000000000000000e+00,0.000000000000000000e+00,0.000000000000000000e+00,0.000000000000000000e+00,9.001997433303583415e-03,1.561230484925493434e+00,0.000000000000000000e+00
8.300000000000000000e+01,4.698642072034623141e+01,5.042361111111111072e-01,2.704861111111110938e-01,3.653472222222222121e-01,1.549740062972512931e+02,1.563710088515375105e+02,3.995434660655499215e+02,4.000000000000000083e-02,1.000000000000000000e+00,0.000000000000000000e+00,0.000000000000000000e+00,0.000000000000000000e+00,9.014431437015741136e-03,1.555099369122100672e+00,0.000000000000000000e+00
8.400000000000000000e+01,4.694320034694572996e+01,5.036805555555555758e-01,2.704166666666666941e-01,3.650694444444444464e-01,1.550364558889057491e+02,1.564300310361682591e+02,3.989331167748475764e+02,4.000000000000000083e-02,1.000000000000000000e+00,0.000000000000000000e+00,0.000000000000000000e+00,0.000000000000000000e+00,8.988693267479631183e-03,1.550233571727733350e+00,0.000000000000000000e+00
8.500000000000000000e+01,4.682276537810191286e+01,5.022222222222222365e-01,2.705555555555555491e-01,3.635416666666666519e-01,1.550580815565039074e+02,1.567630903147841934e+02,3.993920566824286880e+02,4.000000000000000083e-02,1.000000000000000000e+00,0.000000000000000000e+00,0.000000000000000000e+00,0.000000000000000000e+00,1.099593611094029123e-02,1.547742940512587984e+00,0.000000000000000000e+00
8.600000000000000000e+01,4.663320854533508708e+01,5.003472222222222765e-01,2.699305555555555625e-01,3.616666666666666918e-01,1.551114294474475344e+02,1.573236101342543805e+02,4.004575841678937422e+02,4.000000000000000083e-02,1.000000000000000000e+00,0.000000000000000000e+00,0.000000000000000000e+00,0.000000000000000000e+00,1.426188060214056072e-02,1.545438563392725673e+00,0.000000000000000000e+00
8.700000000000000000e+01,4.656051497023572239e+01,4.996527777777777790e-01,2.699305555555555625e-01,3.610416666666666496e-01,1.552113677319518956e+02,1.573627526463076549e+02,3.995833068594463384e+02,4.000000000000000083e-02,1.000000000000000000e+00,0.000000000000000000e+00,0.000000000000000000e+00,0.000000000000000000e+00,1.386100094209062258e-02,1.539249600936757112e+00,0.000000000000000000e+00
8.800000000000000000e+01,4.644027867874333282e+01,4.986805555555555713e-01,2.699305555555555625e-01,3.603472222222222077e-01,1.552487896722102789e+02,1.573752853566759882e+02,3.991206414794743296e+02,4.000000000000000083e-02,1.000000000000000000e+00,0.000000000000000000e+00,0.000000000000000000e+00,0.000000000000000000e+00,1.369734146691614814e-02,1.536107499820608346e+00,0.000000000000000000e+00
8.900000000000000000e+01,4.625389014299710766e+01,4.977083333333333082e-01,2.693055555555555758e-01,3.595138888888889106e-01,1.553102493226834042e+02,1.575059085637421674e+02,3.988451706886278885e+02,4.000000000000000083e-02,1.000000000000000000e+00,0.000000000000000000e+00,0.000000000000000000e+00,0.000000000000000000e+00,1.413724625795241899e-02,1.532255293313116828e+00,0.000000000000000000e+00
9.000000000000000000e+01,4.613149023005846061e+01,4.962500000000000244e-01,2.686111111111111338e-01,3.584722222222222476e-01,1.554054789538877515e+02,1.575132049056266226e+02,3.980264807420488751e+02,4.000000000000000083e-02,1.000000000000000000e+00,0.000000000000000000e+00,0.000000000000000000e+00,0.000000000000000000e+00,1.356275187932260741e-02,1.526940398302001345e+00,0.000000000000000000e+00
9.100000000000000000e+01,4.602771187992937030e+01,4.946527777777777746e-01,2.676388888888888706e-01,3.575694444444444398e-01,1.554678836130715354e+02,1.575885322642969015e+02,3.976574634714445438e+02,4.000000000000000083e-02,1.000000000000000000e+00,0.000000000000000000e+00,0.000000000000000000e+00,0.000000000000000000e+00,1.364042914807560118e-02,1.523390869613025833e+00,0.000000000000000000e+00
9.200000000000000000e+01,4.589904114253169354e+01,4.936805555555555669e-01,2.670138888888888840e-01,3.566666666666666874e-01,1.555212699022833363e+02,1.575897710908848524e+02,3.971171746699487244e+02,4.000000000000000083e-02,1.000000000000000000e+00,0.000000000000000000e+00,0.000000000000000000e+00,0.000000000000000000e+00,1.330043916115905382e-02,1.519942582065964887e+00,0.000000000000000000e+00
9.300000000000000000e+01,4.573901632845116438e+01,4.918750000000000067e-01,2.663194444444444420e-01,3.547222222222222165e-01,1.555797637538173035e+02,1.577770513870530920e+02,3.970828520312084038e+02,4.000000000000000083e-02,1.000000000000000000e+00,0.000000000000000000e+00,0.000000000000000000e+00,0.000000000000000000e+00,1.412322258512155489e-02,1.516733888359332871e+00,0.000000000000000000e+00
9.400000000000000000e+01,4.562626104197967436e+01,4.908333333333333437e-01,2.659027777777777657e-01,3.538888888888888640e-01,1.556567019818534163e+02,1.577837869054982320e+02,3.964762413741751743e+02,4.000000000000000083e-02,1.000000000000000000e+00,0.000000000000000000e+00,0.000000000000000000e+00,0.000000000000000000e+00,1.366523186321134432e-02,1.512781884311329872e+00,0.000000000000000000e+00
9.500000000000000000e+01,4.543877725698344960e+01,4.897222222222222254e-01,2.665277777777777524e-01,3.526388888888888906e-01,1.557127872072975379e+02,1.578698024199466090e+02,3.960976718981608542e+02,4.000000000000000083e-02,1.000000000000000000e+00,0.000000000000000000e+00,0.000000000000000000e+00,0.000000000000000000e+00,1.385252458282361203e-02,1.509014807306267469e+00,0.000000000000000000e+00
9.600000000000000000e+01,4.529087784815960305e+01,4.874999999999999889e-01,2.654166666666666896e-01,3.502083333333333437e-01,1.558113338794858009e+02,1.580992437377417161e+02,3.958696617349958160e+02,4.000000000000000083e-02,1.000000000000000000e+00,0.000000000000000000e+00,0.000000000000000000e+00,0.000000000000000000e+00,1.468384745377718931e-02,1.503931406475748744e+00,0.000000000000000000e+00
9.700000000000000000e+01,4.512548228577586684e+01,4.854166666666666630e-01,2.645833333333333370e-01,3.487500000000000044e-01,1.558854308053170428e+02,1.581149955064027779e+02,3.953134517874140670e+02,4.000000000000000083e-02,1.000000000000000000e+00,0.000000000000000000e+00,0.000000000000000000e+00,0.000000000000000000e+00,1.430258549222733142e-02,1.500164203409828145e+00,0.000000000000000000e+00
9.800000000000000000e+01,4.499031181278220259e+01,4.843055555555555447e-01,2.636805555555555292e-01,3.477777777777777968e-01,1.559668774593751834e+02,1.582815922998019289e+02,3.949198474630242686e+02,4.000000000000000083e-02,1.000000000000000000e+00,0.000000000000000000e+00,0.000000000000000000e+00,0.000000000000000000e+00,1.484106675809843644e-02,1.495045960335075863e+00,0.000000000000000000e+00
9.900000000000000000e+01,4.481391523253220299e+01,4.820138888888889084e-01,2.637499999999999845e-01,3.458333333333333259e-01,1.560363102122801990e+02,1.583013360224591679e+02,3.943750505505854562e+02,4.000000000000000083e-02,1.000000000000000000e+00,0.000000000000000000e+00,0.000000000000000000e+00,0.000000000000000000e+00,1.451601750321771835e-02,1.491293254117786349e+00,0.000000000000000000e+00
1.000000000000000000e+02,4.471686496852938575e+01,4.810416666666666452e-01,2.639583333333333504e-01,3.450694444444444287e-01,1.561183974081708641e+02,1.583552459502198815e+02,3.939055718385866385e+02,4.000000000000000083e-02,1.000000000000000000e+00,0.000000000000000000e+00,0.000000000000000000e+00,0.000000000000000000e+00,1.432789843595938702e-02,1.487480408210876126e+00,0.000000000000000000e+00
1.010000000000000000e+02,4.455352740689176727e+01,4.798611111111111271e-01,2.636111111111111294e-01,3.434722222222222343e-01,1.561624568000944180e+02,1.584863700784929392e+02,3.936699513815931368e+02,4.000000000000000083e-02,1.000000000000000000e+00,0.000000000000000000e+00,0.000000000000000000e+00,0.000000000000000000e+00,1.488138267044167122e-02,1.483935692303519405e+00,0.000000000000000000e+00
1.020000000000000000e+02,4.445758376596879202e+01,4.793055555555555403e-01,2.632638888888889084e-01,3.428472222222222476e-01,1.562356153797080935e+02,1.587830942640241005e+02,3.938345443879152299e+02,4.000000000000000083e-02,1.000000000000000000e+00,0.000000000000000000e+00,0.000000000000000000e+00,0.000000000000000000e+00,1.630536595720974077e-02,1.480330454658152828e+00,0.000000000000000000e+00
1.030000000000000000e+02,4.431792471055833715e+01,4.782638888888888773e-01,2.631249999999999978e-01,3.418749999999999845e-01,1.562841998541787802e+02,1.588775840318455153e+02,3.936036044870314186e+02,4.000000000000000083e-02,1.000000000000000000e+00,0.000000000000000000e+00,0.000000000000000000e+00,0.000000000000000000e+00,1.659402665199998655e-02,1.477401748557161332e+00,0.000000000000000000e+00
1.040000000000000000e+02,4.423983671710687560e+01,4.776388888888888906e-01,2.635416666666666741e-01,3.412499999999999978e-01,1.563513667495365382e+02,1.589857172225807176e+02,3.932640653846148098e+02,4.000000000000000083e-02,1.000000000000000000e+00,0.000000000000000000e+00,0.000000000000000000e+00,0.000000000000000000e+00,1.684891234282727066e-02,1.473581100584295589e+00,0.000000000000000000e+00
1.050000000000000000e+02,4.407595557277866760e+01,4.765277777777777724e-01,2.639583333333333504e-01,3.405555555555555558e-01,1.563891080539266056e+02,1.590933985950457838e+02,3.931705934511856526e+02,4.000000000000000083e-02,1.000000000000000000e+00,0.000000000000000000e+00,0.000000000000000000e+00,0.000000000000000000e+00,1.729206448435447255e-02,1.471319344003435559e+00,0.000000000000000000e+00
1.060000000000000000e+02,4.394784829847101548e+01,4.749999999999999778e-01,2.640277777777777501e-01,3.393749999999999822e-01,1.564614546836706097e+02,1.592981653562859776e+02,3.929612371746823101e+02,4.000000000000000083e-02,1.000000000000000000e+00,0.000000000000000000e+00,0.000000000000000000e+00,0.000000000000000000e+00,1.813041223699824595e-02,1.466828392503993550e+00,0.000000000000000000e+00
1.070000000000000000e+02,4.378871385202129574e+01,4.736111111111110938e-01,2.636111111111111294e-01,3.382638888888888640e-01,1.565169928877011500e+02,1.595185378210513534e+02,3.929524782215721643e+02,4.000000000000000083e-02,1.000000000000000000e+00,0.000000000000000000e+00,0.000000000000000000e+00,0.000000000000000000e+00,1.917711858611909070e-02,1.463365597435378307e+00,0.000000000000000000e+00
1.080000000000000000e+02,4.364841680210491148e+01,4.725694444444444309e-01,2.640277777777777501e-01,3.372916666666666563e-01,1.565916677043094580e+02,1.598356634782668664e+02,3.929621944585656479e+02,4.000000000000000083e-02,1.000000000000000000e+00,0.000000000000000000e+00,0.000000000000000000e+00,0.000000000000000000e+00,2.071627323161928658e-02,1.458538888675476430e+00,0.000000000000000000e+00
1.090000000000000000e+02,4.348714241197842512e+01,4.718749999999999889e-01,2.640972222222222054e-01,3.368055555555555802e-01,1.566584251943203014e+02,1.599526225515405997e+02,3.924780241737454389e+02,4.000000000000000083e-02,1.000000000000000000e+00,0.000000000000000000e+00,0.000000000000000000e+00,0.000000000000000000e+00,2.102789781739571734e-02,1.453714218079040998e+00,0.000000000000000000e+00
1.100000000000000000e+02,4.329491499324610260e+01,4.697916666666666630e-01,2.647222222222222476e-01,3.352777777777777857e-01,1.567395536368872229e+02,1.601143753473283766e+02,3.919368470631416699e+02,4.000000000000000083e-02,1.000000000000000000e+00,0.000000000000000000e+00,0.000000000000000000e+00,0.000000000000000000e+00,2.153139799198024520e-02,1.447855454658159235e+00,0.000000000000000000e+00
1.110000000000000000e+02,4.322572620374991459e+01,4.691666666666666763e-01,2.657638888888889106e-01,3.348611111111111094e-01,1.568402011060113637e+02,1.603465360977175180e+02,3.913980325238888440e+02,4.000000000000000083e-02,1.000000000000000000e+00,0.000000000000000000e+00,0.000000000000000000e+00,0.000000000000000000e+00,2.235609854476119929e-02,1.440950968129209642e+00,0.000000000000000000e+00
1.120000000000000000e+02,4.300414755830383484e+01,4.684027777777777790e-01,2.663888888888888973e-01,3.340972222222222121e-01,1.568778933400886331e+02,1.605954447176914925e+02,3.914316564429989853e+02,4.000000000000000083e-02,1.000000000000000000e+00,0.000000000000000000e+00,0.000000000000000000e+00,0.000000000000000000e+00,2.369710160209599972e-02,1.437377082090287583e+00,0.000000000000000000e+00
1.130000000000000000e+02,4.280553602043841721e+01,4.669444444444444398e-01,2.669444444444444287e-01,3.282638888888889106e-01,1.569912976452002624e+02,1.608527231489241842e+02,3.907478393283436162e+02,4.000000000000000083e-02,1.000000000000000000e+00,0.000000000000000000e+00,0.000000000000000000e+00,0.000000000000000000e+00,2.459643025851489251e-02,1.429227380667798197e+00,0.000000000000000000e+00
1.140000000000000000e+02,4.265744468389549127e+01,4.650694444444444242e-01,2.675694444444444708e-01,3.227083333333333193e-01,1.571011002724124239e+02,1.610967724795723655e+02,3.900068348356896877e+02,4.000000000000000083e-02,1.000000000000000000e+00,0.000000000000000000e+00,0.000000000000000000e+00,0.000000000000000000e+00,2.543376335513544001e-02,1.420947538754346651e+00,0.000000000000000000e+00
1.150000000000000000e+02,4.250559138692335637e+01,4.627083333333333326e-01,2.682638888888889128e-01,3.188194444444444331e-01,1.571914397335846445e+02,1.614140484210408033e+02,3.897529234940492984e+02,4.000000000000000083e-02,1.000000000000000000e+00,0.000000000000000000e+00,0.000000000000000000e+00,0.000000000000000000e+00,2.686284122476918779e-02,1.414615873318519901e+00,0.000000000000000000e+00
1.160000000000000000e+02,4.233217568951707932e+01,4.602777777777777857e-01,2.683333333333333126e-01,3.128472222222222210e-01,1.572957305221295883e+02,1.617668078153424744e+02,3.894634021736030149e+02,4.000000000000000083e-02,1.000000000000000000e+00,0.000000000000000000e+00,0.000000000000000000e+00,0.000000000000000000e+00,2.842465767107302602e-02,1.407560657425948714e+00,0.000000000000000000e+00
1.170000000000000000e+02,4.214281087830793382e+01,4.579166666666666941e-01,2.685416666666666785e-01,3.085416666666666585e-01,1.574168076025783023e+02,1.621449559013596229e+02,3.892862709432291126e+02,4.000000000000000083e-02,1.000000000000000000e+00,0.000000000000000000e+00,0.000000000000000000e+00,0.000000000000000000e+00,3.003585430799880426e-02,1.400853414028187194e+00,0.000000000000000000e+00
1.180000000000000000e+02,4.195080269094049896e+01,4.550694444444444708e-01,2.684722222222222232e-01,3.040972222222222410e-01,1.575403967986833891e+02,1.624923841303277925e+02,3.890980845863605282e+02,4.000000000000000083e-02,1.000000000000000000e+00,0.000000000000000000e+00,0.000000000000000000e+00,0.000000000000000000e+00,3.143312719957417484e-02,1.394561976974148854e+00,0.000000000000000000e+00
1.190000000000000000e+02,4.176063814676744101e+01,4.529166666666666896e-01,2.679861111111110916e-01,3.010416666666666519e-01,1.576636748709894960e+02,1.627547531498759099e+02,3.888006237759025225e+02,4.000000000000000083e-02,1.000000000000000000e+00,0.000000000000000000e+00,0.000000000000000000e+00,0.000000000000000000e+00,3.229074980684206592e-02,1.388874157290311828e+00,0.000000000000000000e+00
1.200000000000000000e+02,4.154899986448807425e+01,4.509027777777777635e-01,2.683333333333333126e-01,2.980555555555555736e-01,1.577872150639394420e+02,1.630271978189352922e+02,3.886028025837516111e+02,4.000000000000000083e-02,1.000000000000000000e+00,0.000000000000000000e+00,0.000000000000000000e+00,0.000000000000000000e+00,3.320917194002362405e-02,1.383668539867500158e+00,0.000000000000000000e+00
1.210000000000000000e+02,4.136420501951446482e+01,4.482638888888889062e-01,2.683333333333333126e-01,2.941666666666666874e-01,1.579225261540282190e+02,1.633365668045282177e+02,3.886037498873142795e+02,4.000000000000000083e-02,1.000000000000000000e+00,0.000000000000000000e+00,0.000000000000000000e+00,0.000000000000000000e+00,3.428289036625127573e-02,1.379159532307133951e+00,0.000000000000000000e+00
1.220000000000000000e+02,4.116201454866453702e+01,4.461111111111111249e-01,2.672916666666666496e-01,2.909027777777777879e-01,1.580400123647318935e+02,1.635900584512105240e+02,3.885396311612961995e+02,4.000000000000000083e-02,1.000000000000000000e+00,0.000000000000000000e+00,0.000000000000000000e+00,0.000000000000000000e+00,3.511798058880166717e-02,1.375080948315543061e+00,0.000000000000000000e+00
1.230000000000000000e+02,4.095437696771628566e+01,4.435416666666666674e-01,2.666666666666666630e-01,2.874305555555555780e-01,1.581696286806993612e+02,1.638678403984484362e+02,3.885787667589128773e+02,4.000000000000000083e-02,1.000000000000000000e+00,0.000000000000000000e+00,0.000000000000000000e+00,0.000000000000000000e+00,3.602595368831638944e-02,1.371293634028950548e+00,0.000000000000000000e+00
1.240000000000000000e+02,4.071987987216380844e+01,4.409027777777777546e-01,2.656250000000000000e-01,2.844444444444444442e-01,1.583022264719587326e+02,1.641652541538268792e+02,3.887529888709401007e+02,4.000000000000000083e-02,1.000000000000000000e+00,0.000000000000000000e+00,0.000000000000000000e+00,0.000000000000000000e+00,3.703692495384269812e-02,1.368058885997087915e+00,0.000000000000000000e+00
1.250000000000000000e+02,4.049757829130554398e+01,4.384027777777777524e-01,2.646527777777777923e-01,2.810416666666666896e-01,1.584519141658697663e+02,1.644866797204930720e+02,3.889980564507462759e+02,4.000000000000000083e-02,1.000000000000000000e+00,0.000000000000000000e+00,0.000000000000000000e+00,0.000000000000000000e+00,3.808578511904896213e-02,1.364921324399994917e+00,0.000000000000000000e+00
1.260000000000000000e+02,4.026258639212766610e+01,4.360416666666666607e-01,2.638888888888888951e-01,2.783333333333333215e-01,1.585944766375253892e+02,1.648095983852730910e+02,3.893336775722695506e+02,4.000000000000000083e-02,1.000000000000000000e+00,0.000000000000000000e+00,0.000000000000000000e+00,0.000000000000000000e+00,3.918876545715166415e-02,1.362324047790770321e+00,0.000000000000000000e+00
1.270000000000000000e+02,4.003934516382346231e+01,4.339583333333333348e-01,2.625694444444444664e-01,2.753472222222222432e-01,1.587501522872273654e+02,1.651819260228091935e+02,3.898519854348546119e+02,4.000000000000000083e-02,1.000000000000000000e+00,0.000000000000000000e+00,0.000000000000000000e+00,0.000000000000000000e+00,4.051507127970996325e-02,1.360137061127509650e+00,0.000000000000000000e+00
1.280000000000000000e+02,3.977892710846420954e+01,4.314583333333333326e-01,2.615972222222222032e-01,2.731944444444444620e-01,1.588980774331486714e+02,1.654867237705877585e+02,3.902145799606268497e+02,4.000000000000000083e-02,1.000000000000000000e+00,0.000000000000000000e+00,0.000000000000000000e+00,0.000000000000000000e+00,4.146460702276937027e-02,1.357981178608482109e+00,0.000000000000000000e+00
1.290000000000000000e+02,3.951204386858957207e+01,4.284027777777777990e-01,2.598611111111110983e-01,2.691666666666666652e-01,1.590687908318563473e+02,1.658547769750715588e+02,3.907846433848729930e+02,4.000000000000000083e-02,1.000000000000000000e+00,0.000000000000000000e+00,0.000000000000000000e+00,0.000000000000000000e+00,4.266070112011059040e-02,1.356185637291647206e+00,0.000000000000000000e+00
1.300000000000000000e+02,3.926618688867822016e+01,4.256249999999999756e-01,2.589583333333333459e-01,2.675694444444444708e-01,1.592471170244819518e+02,1.662743778102179704e+02,3.916215192419897448e+02,4.000000000000000083e-02,1.000000000000000000e+00,0.000000000000000000e+00,0.000000000000000000e+00,0.000000000000000000e+00,4.412802515385994689e-02,1.355272799089816349e+00,0.000000000000000000e+00
1.310000000000000000e+02,3.899277487611965398e+01,4.223611111111111316e-01,2.578472222222222276e-01,2.645833333333333370e-01,1.594169626953755312e+02,1.666160095193527866e+02,3.922546591927107329e+02,4.000000000000000083e-02,1.000000000000000000e+00,0.000000000000000000e+00,0.000000000000000000e+00,0.000000000000000000e+00,4.515859982688084223e-02,1.354243510718275534e+00,0.000000000000000000e+00
1.320000000000000000e+02,3.874167636723615971e+01,4.184027777777777901e-01,2.565972222222221988e-01,2.613888888888888928e-01,1.596049371952726688e+02,1.670000595737433002e+02,3.930038565755056084e+02,4.000000000000000083e-02,1.000000000000000000e+00,0.000000000000000000e+00,0.000000000000000000e+00,0.000000000000000000e+00,4.633391991767073920e-02,1.353315666944204576e+00,0.000000000000000000e+00
1.330000000000000000e+02,3.845667995712729947e+01,4.120138888888889017e-01,2.550000000000000044e-01,2.587499999999999800e-01,1.597858106882177367e+02,1.673280996932696780e+02,3.936196226691525908e+02,4.000000000000000083e-02,1.000000000000000000e+00,0.000000000000000000e+00,0.000000000000000000e+00,0.000000000000000000e+00,4.720249546919308425e-02,1.352382076834073299e+00,0.000000000000000000e+00
1.340000000000000000e+02,3.816899371561664367e+01,4.076388888888888840e-01,2.532638888888888995e-01,2.554861111111111360e-01,1.600030871487576007e+02,1.677152771813277923e+02,3.943951487852910418e+02,4.000000000000000083e-02,1.000000000000000000e+00,0.000000000000000000e+00,0.000000000000000000e+00,0.000000000000000000e+00,4.820025769502832985e-02,1.351575571490038152e+00,0.000000000000000000e+00
1.350000000000000000e+02,3.788995980563859689e+01,4.022222222222222032e-01,2.521527777777777812e-01,2.528472222222222232e-01,1.602140155126826073e+02,1.680769536866340559e+02,3.950887952488414498e+02,4.000000000000000083e-02,1.000000000000000000e+00,0.000000000000000000e+00,0.000000000000000000e+00,0.000000000000000000e+00,4.907771738190417482e-02,1.350642289635095805e+00,0.000000000000000000e+00
1.360000000000000000e+02,3.764279036001676104e+01,3.995138888888888906e-01,2.501388888888889106e-01,2.508333333333333526e-01,1.604039642657838272e+02,1.684242619210853604e+02,3.958575303360330508e+02,4.000000000000000083e-02,1.000000000000000000e+00,0.000000000000000000e+00,0.000000000000000000e+00,0.000000000000000000e+00,5.000061994734854298e-02,1.350359299906036092e+00,0.000000000000000000e+00
1.370000000000000000e+02,3.743646288580663395e+01,3.979166666666666408e-01,2.470833333333333215e-01,2.495138888888888962e-01,1.605622000201974231e+02,1.687226458499920341e+02,3.965667817703286460e+02,4.000000000000000083e-02,1.000000000000000000e+00,0.000000000000000000e+00,0.000000000000000000e+00,0.000000000000000000e+00,5.082420288690671362e-02,1.350406371192805599e+00,0.000000000000000000e+00
1.380000000000000000e+02,3.725154817952927289e+01,3.963194444444444464e-01,2.450694444444444509e-01,2.482638888888888951e-01,1.606734118160375715e+02,1.689575888197484801e+02,3.971462663146435261e+02,4.000000000000000083e-02,1.000000000000000000e+00,0.000000000000000000e+00,0.000000000000000000e+00,0.000000000000000000e+00,5.155910309040954986e-02,1.350567790940346180e+00,0.000000000000000000e+00
1.390000000000000000e+02,3.708456162986929883e+01,3.948611111111111072e-01,2.413888888888888751e-01,2.472222222222222321e-01,1.607640428227274185e+02,1.691691030474151205e+02,3.977114469805772501e+02,4.000000000000000083e-02,1.000000000000000000e+00,0.000000000000000000e+00,0.000000000000000000e+00,0.000000000000000000e+00,5.228196602368267998e-02,1.350969768215332545e+00,0.000000000000000000e+00
1.400000000000000000e+02,3.694111300889960603e+01,3.937499999999999889e-01,2.397222222222222254e-01,2.460416666666666585e-01,1.608463864870761313e+02,1.693921998519091687e+02,3.982663725694339973e+02,4.000000000000000083e-02,1.000000000000000000e+00,0.000000000000000000e+00,0.000000000000000000e+00,0.000000000000000000e+00,5.313027884228960218e-02,1.351149420797520095e+00,0.000000000000000000e+00
1.410000000000000000e+02,3.679617574489319054e+01,3.922222222222222499e-01,2.375694444444444442e-01,2.452083333333333337e-01,1.609172486826558668e+02,1.696021826135186927e+02,3.987595509511789373e+02,4.000000000000000083e-02,1.000000000000000000e+00,0.000000000000000000e+00,0.000000000000000000e+00,0.000000000000000000e+00,5.397142942699910406e-02,1.351146340255850564e+00,0.000000000000000000e+00
1.420000000000000000e+02,3.666132466948503321e+01,3.913194444444444420e-01,2.364583333333333259e-01,2.442361111111110983e-01,1.609865681692070609e+02,1.699408855190266081e+02,3.994551331667946101e+02,4.000000000000000083e-02,1.000000000000000000e+00,0.000000000000000000e+00,0.000000000000000000e+00,0.000000000000000000e+00,5.562151831454655027e-02,1.350553440667293437e+00,0.000000000000000000e+00
1.430000000000000000e+02,3.651086271564502539e+01,3.897916666666666474e-01,2.343750000000000000e-01,2.429861111111111249e-01,1.610501069266158822e+02,1.702660753672899148e+02,4.000670747024324214e+02,4.000000000000000083e-02,1.000000000000000000e+00,0.000000000000000000e+00,0.000000000000000000e+00,0.000000000000000000e+00,5.722423049910412007e-02,1.349658167896491845e+00,0.000000000000000000e+00
1.440000000000000000e+02,3.640897092465629470e+01,3.887499999999999845e-01,2.334722222222222199e-01,2.423611111111111105e-01,1.611260608916577155e+02,1.704983447391201139e+02,4.004976625405662958e+02,4.000000000000000083e-02,1.000000000000000000e+00,0.000000000000000000e+00,0.000000000000000000e+00,0.000000000000000000e+00,5.816739884036752767e-02,1.348982702168567194e+00,0.000000000000000000e+00
1.450000000000000000e+02,3.630517197922743833e+01,3.877777777777777768e-01,2.330555555555555436e-01,2.415972222222222132e-01,1.611763292953679070e+02,1.706322750188894304e+02,4.007032020705352124e+02,4.000000000000000083e-02,1.000000000000000000e+00,0.000000000000000000e+00,0.000000000000000000e+00,0.000000000000000000e+00,5.866832781749720810e-02,1.348343547703248602e+00,0.000000000000000000e+00
1.460000000000000000e+02,3.619696262962016675e+01,3.871527777777777901e-01,2.320138888888888806e-01,2.410416666666666541e-01,1.612263198748636057e+02,1.707790799573778884e+02,4.009504793021697537e+02,4.000000000000000083e-02,1.000000000000000000e+00,0.000000000000000000e+00,0.000000000000000000e+00,0.000000000000000000e+00,5.925062415323188031e-02,1.347772803333035840e+00,0.000000000000000000e+00
1.470000000000000000e+02,3.610382528230913834e+01,3.865972222222222032e-01,2.308333333333333348e-01,2.406250000000000056e-01,1.612753049352167238e+02,1.709222091075920105e+02,4.012044810805887209e+02,4.000000000000000083e-02,1.000000000000000000e+00,0.000000000000000000e+00,0.000000000000000000e+00,0.000000000000000000e+00,5.981637533564352488e-02,1.347292860157446093e+00,0.000000000000000000e+00
1.480000000000000000e+02,3.600724480913950742e+01,3.852777777777777746e-01,2.302083333333333204e-01,2.394444444444444320e-01,1.613167856059146175e+02,1.710497280744730233e+02,4.014048999554630086e+02,4.000000000000000083e-02,1.000000000000000000e+00,0.000000000000000000e+00,0.000000000000000000e+00,0.000000000000000000e+00,6.033434420355541367e-02,1.346714633657272397e+00,0.000000000000000000e+00
1.490000000000000000e+02,3.591796358113814591e+01,3.838194444444444353e-01,2.294444444444444509e-01,2.381944444444444309e-01,1.613596286398131383e+02,1.711829483117302004e+02,4.016011720487477987e+02,4.000000000000000083e-02,1.000000000000000000e+00,0.000000000000000000e+00,0.000000000000000000e+00,0.000000000000000000e+00,6.087842265579744561e-02,1.346034905985015850e+00,0.000000000000000000e+00
1.500000000000000000e+02,3.582242519462700869e+01,3.825694444444444620e-01,2.286805555555555536e-01,2.349305555555555591e-01,1.614008893519595915e+02,1.713086575060087000e+02,4.017775709253144214e+02,4.000000000000000083e-02,1.000000000000000000e+00,0.000000000000000000e+00,0.000000000000000000e+00,0.000000000000000000e+00,6.138608153790087174e-02,1.345343059566163291e+00,0.000000000000000000e+00
1.510000000000000000e+02,3.572979440464718692e+01,3.816666666666666541e-01,2.278472222222222288e-01,2.338888888888888962e-01,1.614451734442486952e+02,1.714456249785285991e+02,4.019727253435107741e+02,4.000000000000000083e-02,1.000000000000000000e+00,0.000000000000000000e+00,0.000000000000000000e+00,0.000000000000000000e+00,6.194332924875778357e-02,1.344607658514778592e+00,0.000000000000000000e+00
1.520000000000000000e+02,3.564109920968995482e+01,3.798611111111110938e-01,2.269444444444444486e-01,2.327777777777777779e-01,1.614875928058391708e+02,1.715739589640471081e+02,4.021420455059979417e+02,4.000000000000000083e-02,1.000000000000000000e+00,0.000000000000000000e+00,0.000000000000000000e+00,0.000000000000000000e+00,6.245907801929429654e-02,1.343840801565147736e+00,0.000000000000000000e+00
1.530000000000000000e+02,3.554738109160987847e+01,3.789583333333333415e-01,2.254166666666666541e-01,2.315972222222222321e-01,1.615268781268005398e+02,1.717009407628059421e+02,4.023165227697583077e+02,4.000000000000000083e-02,1.000000000000000000e+00,0.000000000000000000e+00,0.000000000000000000e+00,0.000000000000000000e+00,6.298680909327450395e-02,1.343123578603644841e+00,0.000000000000000000e+00
1.540000000000000000e+02,3.546112180445472006e+01,3.782638888888888995e-01,2.247222222222222121e-01,2.310416666666666730e-01,1.615671245151100663e+02,1.718379433537932357e+02,4.024972457564967385e+02,4.000000000000000083e-02,1.000000000000000000e+00,0.000000000000000000e+00,0.000000000000000000e+00,0.000000000000000000e+00,6.356997978089672097e-02,1.342307163952749960e+00,0.000000000000000000e+00
1.550000000000000000e+02,3.537771620772323899e+01,3.775694444444444575e-01,2.244444444444444464e-01,2.300694444444444375e-01,1.616031598891282499e+02,1.719675384691158513e+02,4.026590664751384452e+02,4.000000000000000083e-02,1.000000000000000000e+00,0.000000000000000000e+00,0.000000000000000000e+00,0.000000000000000000e+00,6.413475198813151090e-02,1.341482991846470796e+00,0.000000000000000000e+00
1.560000000000000000e+02,3.528795326968898394e+01,3.766666666666666496e-01,2.230555555555555625e-01,2.290277777777777746e-01,1.616370975532849172e+02,1.720897921335974843e+02,4.027984406069689953e+02,4.000000000000000083e-02,1.000000000000000000e+00,0.000000000000000000e+00,0.000000000000000000e+00,0.000000000000000000e+00,6.466767059379270599e-02,1.340629479604849461e+00,0.000000000000000000e+00
1.570000000000000000e+02,3.519990870125835869e+01,3.752777777777777657e-01,2.218749999999999889e-01,2.273611111111111249e-01,1.616730901379062288e+02,1.722185348894909964e+02,4.029488118763158013e+02,4.000000000000000083e-02,1.000000000000000000e+00,0.000000000000000000e+00,0.000000000000000000e+00,0.000000000000000000e+00,6.522696351377686719e-02,1.339752873492272789e+00,0.000000000000000000e+00
1.580000000000000000e+02,3.511206402878813293e+01,3.747222222222222343e-01,2.205555555555555602e-01,2.268749999999999933e-01,1.617073487307632718e+02,1.723512268926010904e+02,4.031006507539236168e+02,4.000000000000000083e-02,1.000000000000000000e+00,0.000000000000000000e+00,0.000000000000000000e+00,0.000000000000000000e+00,6.582185809971741186e-02,1.338832499319031033e+00,0.000000000000000000e+00
1.590000000000000000e+02,3.502222753080438622e+01,3.739583333333333370e-01,2.193055555555555591e-01,2.257638888888888751e-01,1.617429873155573432e+02,1.724858268930703673e+02,4.032485587071352029e+02,4.000000000000000083e-02,1.000000000000000000e+00,0.000000000000000000e+00,0.000000000000000000e+00,0.000000000000000000e+00,6.641919848156357942e-02,1.337864889949028857e+00,0.000000000000000000e+00
1.600000000000000000e+02,3.492919044673637785e+01,3.731944444444444398e-01,2.184027777777777790e-01,2.252083333333333437e-01,1.617801229485671115e+02,1.726249360085512876e+02,4.033955062885968346e+02,4.000000000000000083e-02,1.000000000000000000e+00,0.000000000000000000e+00,0.000000000000000000e+00,0.000000000000000000e+00,6.703427381763051029e-02,1.336832184364221243e+00,0.000000000000000000e+00
1.610000000000000000e+02,3.484269335215400076e+01,3.722222222222222321e-01,2.174999999999999989e-01,2.240277777777777701e-01,1.618172081107418023e+02,1.727700553163730604e+02,4.035472678936968691e+02,4.000000000000000083e-02,1.000000000000000000e+00,0.000000000000000000e+00,0.000000000000000000e+00,0.000000000000000000e+00,6.768654170658740254e-02,1.335747749543340746e+00,0.000000000000000000e+00
1.620000000000000000e+02,3.474868661861042085e+01,3.717361111111111005e-01,2.167361111111111016e-01,2.230555555555555625e-01,1.618505352236652755e+02,1.729032806183570870e+02,4.036921017377341627e+02,4.000000000000000083e-02,1.000000000000000000e+00,0.000000000000000000e+00,0.000000000000000000e+00,0.000000000000000000e+00,6.828982912795282523e-02,1.334785669155627907e+00,0.000000000000000000e+00
1.630000000000000000e+02,3.466383320265573786e+01,3.704861111111111271e-01,2.159027777777777768e-01,2.214583333333333404e-01,1.618858550056026502e+02,1.730466762889300867e+02,4.038481148288227587e+02,4.000000000000000083e-02,1.000000000000000000e+00,0.000000000000000000e+00,0.000000000000000000e+00,0.000000000000000000e+00,6.894253536197572640e-02,1.333752508222298516e+00,0.000000000000000000e+00
1.640000000000000000e+02,3.456962213876116863e+01,3.694444444444444642e-01,2.145138888888888928e-01,2.200694444444444564e-01,1.619171927264509918e+02,1.731806950231749624e+02,4.039742711815448502e+02,4.000000000000000083e-02,1.000000000000000000e+00,0.000000000000000000e+00,0.000000000000000000e+00,0.000000000000000000e+00,6.956334967932006896e-02,1.332674961995534257e+00,0.000000000000000000e+00
1.650000000000000000e+02,3.447758757938687779e+01,3.689583333333333326e-01,2.137499999999999956e-01,2.189583333333333381e-01,1.619525420128518363e+02,1.733238066636220935e+02,4.041130502496949362e+02,4.000000000000000083e-02,1.000000000000000000e+00,0.000000000000000000e+00,0.000000000000000000e+00,0.000000000000000000e+00,7.021356077182094868e-02,1.331549589341622930e+00,0.000000000000000000e+00
1.660000000000000000e+02,3.438238029701388143e+01,3.685416666666666563e-01,2.128472222222222154e-01,2.181944444444444409e-01,1.619859551728893905e+02,1.734714132223386116e+02,4.042375565778437476e+02,4.000000000000000083e-02,1.000000000000000000e+00,0.000000000000000000e+00,0.000000000000000000e+00,0.000000000000000000e+00,7.090403632333844297e-02,1.330283411363760271e+00,0.000000000000000000e+00
1.670000000000000000e+02,3.428871168945583037e+01,3.675694444444444486e-01,2.116666666666666696e-01,2.159722222222222321e-01,1.620190639943089081e+02,1.736306713289166055e+02,4.043588903397651393e+02,4.000000000000000083e-02,1.000000000000000000e+00,0.000000000000000000e+00,0.000000000000000000e+00,0.000000000000000000e+00,7.166815465009455932e-02,1.328844824735886609e+00,0.000000000000000000e+00
1.680000000000000000e+02,3.419367643930567624e+01,3.661805555555555647e-01,2.104166666666666685e-01,2.148611111111111138e-01,1.620526845829807598e+02,1.737883837196024217e+02,4.044559690554457916e+02,4.000000000000000083e-02,1.000000000000000000e+00,0.000000000000000000e+00,0.000000000000000000e+00,0.000000000000000000e+00,7.241903561685382462e-02,1.327290008680973132e+00,0.000000000000000000e+00
1.690000000000000000e+02,3.409814145812333663e+01,3.649999999999999911e-01,2.096527777777777712e-01,2.138888888888888784e-01,1.620817053865752371e+02,1.740262565277747626e+02,4.045892598487046712e+02,4.000000000000000083e-02,1.000000000000000000e+00,0.000000000000000000e+00,0.000000000000000000e+00,0.000000000000000000e+00,7.369462896945097596e-02,1.324874808670792881e+00,0.000000000000000000e+00
1.700000000000000000e+02,3.400978834410794605e+01,3.640972222222222388e-01,2.090277777777777846e-01,2.126388888888888773e-01,1.621194315815266407e+02,1.741973523360466913e+02,4.046702844661498943e+02,4.000000000000000083e-02,1.000000000000000000e+00,0.000000000000000000e+00,0.000000000000000000e+00,0.000000000000000000e+00,7.450014249800958333e-02,1.323056458892064358e+00,0.000000000000000000e+00
1.710000000000000000e+02,3.390965454082196828e+01,3.632638888888888862e-01,2.086805555555555636e-01,2.102777777777777857e-01,1.621567233635980756e+02,1.743394372239123982e+02,4.047116842278658169e+02,4.000000000000000083e-02,1.000000000000000000e+00,0.000000000000000000e+00,0.000000000000000000e+00,0.000000000000000000e+00,7.512925525139940719e-02,1.321400657661154554e+00,0.000000000000000000e+00
1.720000000000000000e+02,3.381936405992777850e+01,3.624999999999999889e-01,2.081250000000000044e-01,2.090972222222222121e-01,1.621939713688001348e+02,1.744962565524118645e+02,4.047550069866661033e+02,4.000000000000000083e-02,1.000000000000000000e+00,0.000000000000000000e+00,0.000000000000000000e+00,0.000000000000000000e+00,7.584921362852957427e-02,1.319562694258105795e+00,0.000000000000000000e+00
1.730000000000000000e+02,3.371696670970371201e+01,3.611805555555555602e-01,2.074999999999999900e-01,2.078472222222222110e-01,1.622306621303845588e+02,1.746426278802601075e+02,4.047752786356003298e+02,4.000000000000000083e-02,1.000000000000000000e+00,0.000000000000000000e+00,0.000000000000000000e+00,0.000000000000000000e+00,7.650813716028644074e-02,1.317734699417862920e+00,0.000000000000000000e+00
1.740000000000000000e+02,3.361848649963425117e+01,3.599305555555555314e-01,2.070833333333333415e-01,2.064583333333333270e-01,1.622671201612830600e+02,1.748249686511546770e+02,4.048157790085667216e+02,4.000000000000000083e-02,1.000000000000000000e+00,0.000000000000000000e+00,0.000000000000000000e+00,0.000000000000000000e+00,7.738997572268445369e-02,1.315548986691570166e+00,0.000000000000000000e+00
1.750000000000000000e+02,3.352832850015589372e+01,3.593055555555555447e-01,2.069444444444444309e-01,2.049999999999999878e-01,1.623035039073552070e+02,1.749882826705170942e+02,4.048380969500526021e+02,4.000000000000000083e-02,1.000000000000000000e+00,0.000000000000000000e+00,0.000000000000000000e+00,0.000000000000000000e+00,7.815468217126422812e-02,1.313515458131081726e+00,0.000000000000000000e+00
1.760000000000000000e+02,3.343417257480625437e+01,3.585416666666666474e-01,2.060416666666666785e-01,2.044444444444444564e-01,1.623366028943239314e+02,1.751386748697040900e+02,4.048469961620983781e+02,4.000000000000000083e-02,1.000000000000000000e+00,0.000000000000000000e+00,0.000000000000000000e+00,0.000000000000000000e+00,7.886127803052468688e-02,1.311579646604542182e+00,0.000000000000000000e+00
1.770000000000000000e+02,3.334323511911858162e+01,3.578472222222222054e-01,2.050694444444444431e-01,2.017361111111111160e-01,1.623718947247870119e+02,1.752868252903780899e+02,4.048411562961417758e+02,4.000000000000000083e-02,1.000000000000000000e+00,0.000000000000000000e+00,0.000000000000000000e+00,0.000000000000000000e+00,7.953919973331159687e-02,1.309592609858080792e+00,0.000000000000000000e+00
1.780000000000000000e+02,3.324929899999219174e+01,3.568055555555555425e-01,2.042361111111111183e-01,2.005555555555555425e-01,1.624058577655441695e+02,1.754237055795871356e+02,4.048251190848911278e+02,4.000000000000000083e-02,1.000000000000000000e+00,0.000000000000000000e+00,0.000000000000000000e+00,0.000000000000000000e+00,8.015627018106742663e-02,1.307699052117149430e+00,0.000000000000000000e+00
1.790000000000000000e+02,3.316468747856692545e+01,3.560416666666666452e-01,2.036805555555555591e-01,1.993749999999999967e-01,1.624367713607236965e+02,1.756033917751756235e+02,4.048114541577146497e+02,4.000000000000000083e-02,1.000000000000000000e+00,0.000000000000000000e+00,0.000000000000000000e+00,0.000000000000000000e+00,8.105689557946693657e-02,1.305259881745298278e+00,0.000000000000000000e+00
1.800000000000000000e+02,3.307004777805466489e+01,3.552777777777778034e-01,2.029861111111111172e-01,1.986111111111110994e-01,1.624649556133544479e+02,1.758006053230607506e+02,4.047991853481896101e+02,4.000000000000000083e-02,1.000000000000000000e+00,0.000000000000000000e+00,0.000000000000000000e+00,0.000000000000000000e+00,8.208323856280379249e-02,1.302604047376905383e+00,0.000000000000000000e+00
1.810000000000000000e+02,3.297794941782573375e+01,3.538194444444444642e-01,2.026388888888888962e-01,1.968749999999999944e-01,1.625026599011012536e+02,1.759408354134361616e+02,4.047859991074940922e+02,4.000000000000000083e-02,1.000000000000000000e+00,0.000000000000000000e+00,0.000000000000000000e+00,0.000000000000000000e+00,8.269511108626376172e-02,1.300693856297226558e+00,0.000000000000000000e+00
1.820000000000000000e+02,3.290305247743055617e+01,3.528472222222222010e-01,2.023611111111111027e-01,1.953472222222222276e-01,1.625373119599908875e+02,1.760758172130340995e+02,4.047768625629861958e+02,4.000000000000000083e-02,1.000000000000000000e+00,0.000000000000000000e+00,0.000000000000000000e+00,0.000000000000000000e+00,8.329475300031885521e-02,1.298878227401589980e+00,0.000000000000000000e+00
1.830000000000000000e+02,3.280402328510073318e+01,3.515277777777777724e-01,2.020833333333333370e-01,1.945833333333333304e-01,1.625674544181307795e+02,1.761895878876811139e+02,4.047573930935869271e+02,4.000000000000000083e-02,1.000000000000000000e+00,0.000000000000000000e+00,0.000000000000000000e+00,0.000000000000000000e+00,8.379373053670137461e-02,1.297283272786898367e+00,0.000000000000000000e+00
1.840000000000000000e+02,3.273576336662242170e+01,3.509027777777777857e-01,2.020833333333333370e-01,1.940277777777777712e-01,1.626044999474851238e+02,1.763552901291465957e+02,4.047527828542437760e+02,4.000000000000000083e-02,1.000000000000000000e+00,0.000000000000000000e+00,0.000000000000000000e+00,0.000000000000000000e+00,8.456586494286712219e-02,1.295098619144566587e+00,0.000000000000000000e+00
1.850000000000000000e+02,3.263549742770614159e+01,3.502083333333333437e-01,2.013194444444444398e-01,1.928472222222222254e-01,1.626344247199557742e+02,1.764550294920329634e+02,4.047052192960595676e+02,4.000000000000000083e-02,1.000000000000000000e+00,0.000000000000000000e+00,0.000000000000000000e+00,0.000000000000000000e+00,8.497957794529190090e-02,1.293531788020427120e+00,0.000000000000000000e+00
1.860000000000000000e+02,3.255325215017688123e+01,3.497222222222222121e-01,2.010416666666666741e-01,1.920138888888889006e-01,1.626683650322457595e+02,1.766031911301763557e+02,4.047065335996023236e+02,4.000000000000000083e-02,1.000000000000000000e+00,0.000000000000000000e+00,0.000000000000000000e+00,0.000000000000000000e+00,8.566402013795550163e-02,1.291615066577637361e+00,0.000000000000000000e+00
1.870000000000000000e+02,3.246991578301735615e+01,3.490277777777777701e-01,2.010416666666666741e-01,1.913888888888888862e-01,1.626998755464300359e+02,1.767089387974392594e+02,4.046582798713826037e+02,4.000000000000000083e-02,1.000000000000000000e+00,0.000000000000000000e+00,0.000000000000000000e+00,0.000000000000000000e+00,8.610371215072887274e-02,1.289970629812002612e+00,0.000000000000000000e+00
1.880000000000000000e+02,3.239135783251548162e+01,3.486111111111110938e-01,2.006944444444444531e-01,1.905555555555555614e-01,1.627306590474684640e+02,1.768176107174602691e+02,4.046189048665123096e+02,4.000000000000000083e-02,1.000000000000000000e+00,0.000000000000000000e+00,0.000000000000000000e+00,0.000000000000000000e+00,8.656605800313663113e-02,1.288340529117653510e+00,0.000000000000000000e+00
1.890000000000000000e+02,3.231378432099705122e+01,3.481944444444444176e-01,1.996527777777777901e-01,1.895833333333333259e-01,1.627614637299406297e+02,1.769211274334730035e+02,4.045611939072913401e+02,4.000000000000000083e-02,1.000000000000000000e+00,0.000000000000000000e+00,0.000000000000000000e+00,0.000000000000000000e+00,8.699641413293364434e-02,1.286675422975794625e+00,0.000000000000000000e+00
1.900000000000000000e+02,3.223848057375027309e+01,3.471527777777777546e-01,1.993055555555555691e-01,1.879166666666666763e-01,1.627910397896035875e+02,1.770205266843260006e+02,4.044987105948983981e+02,4.000000000000000083e-02,1.000000000000000000e+00,0.000000000000000000e+00,0.000000000000000000e+00,0.000000000000000000e+00,8.740952151367215039e-02,1.285038453852448637e+00,0.000000000000000000e+00
1.910000000000000000e+02,3.214897956905483767e+01,3.461805555555555469e-01,1.989583333333333204e-01,1.870833333333333237e-01,1.628197466854590800e+02,1.771150254801913206e+02,4.044487037127078679e+02,4.000000000000000083e-02,1.000000000000000000e+00,0.000000000000000000e+00,0.000000000000000000e+00,0.000000000000000000e+00,8.779818840001246683e-02,1.283536942256441771e+00,0.000000000000000000e+00
1.920000000000000000e+02,3.206427523000440516e+01,3.453472222222222499e-01,1.986805555555555547e-01,1.863888888888888817e-01,1.628537377786254581e+02,1.772367223546135335e+02,4.044136201602264009e+02,4.000000000000000083e-02,1.000000000000000000e+00,0.000000000000000000e+00,0.000000000000000000e+00,0.000000000000000000e+00,8.831841855260040564e-02,1.281771039249301358e+00,0.000000000000000000e+00
1.930000000000000000e+02,3.198356336837346348e+01,3.448611111111111183e-01,1.987500000000000100e-01,1.854861111111111016e-01,1.628859416197648500e+02,1.773494027363929888e+02,4.043710953589947508e+02,4.000000000000000083e-02,1.000000000000000000e+00,0.000000000000000000e+00,0.000000000000000000e+00,0.000000000000000000e+00,8.879502413038890818e-02,1.280081517726001206e+00,0.000000000000000000e+00
1.940000000000000000e+02,3.190147107832239115e+01,3.440277777777777657e-01,1.988888888888888928e-01,1.849305555555555425e-01,1.629139187336741088e+02,1.774564794760644020e+02,4.043344947456126306e+02,4.000000000000000083e-02,1.000000000000000000e+00,0.000000000000000000e+00,0.000000000000000000e+00,0.000000000000000000e+00,8.926530560083055510e-02,1.278499471754424688e+00,0.000000000000000000e+00
1.950000000000000000e+02,3.181999334508121535e+01,3.431944444444444686e-01,1.986111111111110994e-01,1.842361111111111005e-01,1.629418848294387487e+02,1.775703472018209368e+02,4.043076496430284692e+02,4.000000000000000083e-02,1.000000000000000000e+00,0.000000000000000000e+00,0.000000000000000000e+00,0.000000000000000000e+00,8.977717661542147787e-02,1.276887194366438605e+00,0.000000000000000000e+00
1.960000000000000000e+02,3.173706725433277498e+01,3.420833333333333504e-01,1.980555555555555680e-01,1.835416666666666585e-01,1.629678851088706324e+02,1.776948588335584418e+02,4.042915136481594800e+02,4.000000000000000083e-02,1.000000000000000000e+00,0.000000000000000000e+00,0.000000000000000000e+00,0.000000000000000000e+00,9.036733657585026280e-02,1.275200961367416230e+00,0.000000000000000000e+00
1.970000000000000000e+02,3.166049178760609450e+01,3.412499999999999978e-01,1.979861111111111127e-01,1.829166666666666718e-01,1.629957106398041446e+02,1.778288534287731579e+02,4.042654231281647981e+02,4.000000000000000083e-02,1.000000000000000000e+00,0.000000000000000000e+00,0.000000000000000000e+00,0.000000000000000000e+00,9.100327076549893923e-02,1.273339873329879079e+00,0.000000000000000000e+00
1.980000000000000000e+02,3.157937037284821358e+01,3.402083333333333348e-01,1.980555555555555680e-01,1.818055555555555536e-01,1.630232194720368568e+02,1.779417995113990685e+02,4.042285571743539663e+02,4.000000000000000083e-02,1.000000000000000000e+00,0.000000000000000000e+00,0.000000000000000000e+00,0.000000000000000000e+00,9.151199496413561785e-02,1.271689722618877028e+00,0.000000000000000000e+00
1.990000000000000000e+02,3.150197418944561889e+01,3.392361111111111271e-01,1.975694444444444364e-01,1.810416666666666563e-01,1.630463870828286872e+02,1.780767635429033930e+02,4.041938115498190314e+02,4.000000000000000083e-02,1.000000000000000000e+00,0.000000000000000000e+00,0.000000000000000000e+00,0.000000000000000000e+00,9.218466430929972422e-02,1.269772897419253033e+00,0.000000000000000000e+00
2.000000000000000000e+02,3.143520148598138420e+01,3.382638888888888640e-01,1.972916666666666707e-01,1.800694444444444486e-01,1.630692548069609416e+02,1.782027182863793939e+02,4.041543028542404272e+02,4.000000000000000083e-02,1.000000000000000000e+00,0.000000000000000000e+00,0.000000000000000000e+00,0.000000000000000000e+00,9.280390406722119345e-02,1.267946901936406912e+00,0.000000000000000000e+00
2.010000000000000000e+02,3.136254822105371076e+01,3.374305555555555669e-01,1.967361111111111116e-01,1.790972222222222132e-01,1.630886706719331301e+02,1.783338112356769614e+02,4.040879464994729346e+02,4.000000000000000083e-02,1.000000000000000000e+00,0.000000000000000000e+00,0.000000000000000000e+00,0.000000000000000000e+00,9.347761865329530517e-02,1.265907646449896840e+00,0.000000000000000000e+00
2.020000000000000000e+02,3.129069608601167118e+01,3.365972222222222143e-01,1.956249999999999933e-01,1.781250000000000056e-01,1.631098689586257535e+02,1.784639408904930065e+02,4.040445827224238542e+02,4.000000000000000083e-02,1.000000000000000000e+00,0.000000000000000000e+00,0.000000000000000000e+00,0.000000000000000000e+00,9.413331044832086436e-02,1.264012442549103277e+00,0.000000000000000000e+00
2.030000000000000000e+02,3.121893652404313357e+01,3.357638888888888618e-01,1.952777777777777724e-01,1.775694444444444464e-01,1.631291365520528700e+02,1.785947453952142041e+02,4.039926391079744690e+02,4.000000000000000083e-02,1.000000000000000000e+00,0.000000000000000000e+00,0.000000000000000000e+00,0.000000000000000000e+00,9.480592596789975957e-02,1.262063411854446704e+00,0.000000000000000000e+00
2.040000000000000000e+02,3.114901087522061829e+01,3.348611111111111094e-01,1.947222222222222132e-01,1.765972222222222110e-01,1.631478522641352527e+02,1.787229529831825232e+02,4.039427458087592981e+02,4.000000000000000083e-02,1.000000000000000000e+00,0.000000000000000000e+00,0.000000000000000000e+00,0.000000000000000000e+00,9.546617073347241078e-02,1.260161546495762730e+00,0.000000000000000000e+00
2.050000000000000000e+02,3.108037388484546781e+01,3.338888888888889017e-01,1.945833333333333304e-01,1.763194444444444453e-01,1.631652019817780115e+02,1.788486755153527952e+02,4.038887428147608034e+02,4.000000000000000083e-02,1.000000000000000000e+00,0.000000000000000000e+00,0.000000000000000000e+00,0.000000000000000000e+00,9.612021033336681786e-02,1.258270807155572379e+00,0.000000000000000000e+00
2.060000000000000000e+02,3.101191311537987616e+01,3.334027777777777701e-01,1.943055555555555647e-01,1.759722222222222243e-01,1.631819857399358966e+02,1.789775026116898573e+02,4.038380258974906383e+02,4.000000000000000083e-02,1.000000000000000000e+00,0.000000000000000000e+00,0.000000000000000000e+00,0.000000000000000000e+00,9.679693993261835605e-02,1.256361944962763655e+00,0.000000000000000000e+00
2.070000000000000000e+02,3.094352796575783771e+01,3.327083333333333282e-01,1.938888888888888884e-01,1.751388888888888995e-01,1.631991769481400354e+02,1.791058801336269255e+02,4.037914914043967656e+02,4.000000000000000083e-02,1.000000000000000000e+00,0.000000000000000000e+00,0.000000000000000000e+00,0.000000000000000000e+00,9.746803558048322547e-02,1.254484839376222016e+00,0.000000000000000000e+00
2.080000000000000000e+02,3.087620772698705451e+01,3.318055555555555758e-01,1.935416666666666674e-01,1.745138888888888851e-01,1.632165781303414462e+02,1.792326816407230297e+02,4.037540809874706724e+02,4.000000000000000083e-02,1.000000000000000000e+00,0.000000000000000000e+00,0.000000000000000000e+00,0.000000000000000000e+00,9.812792115756432954e-02,1.252681136561953235e+00,0.000000000000000000e+00
2.090000000000000000e+02,3.080920368779131024e+01,3.311805555555555336e-01,1.934027777777777846e-01,1.737499999999999878e-01,1.632340255599336558e+02,1.793545780406631707e+02,4.037094713307208167e+02,4.000000000000000083e-02,1.000000000000000000e+00,0.000000000000000000e+00,0.000000000000000000e+00,0.000000000000000000e+00,9.875730519682998643e-02,1.250901402913685567e+00,0.000000000000000000e+00
2.100000000000000000e+02,3.073556577662912659e+01,3.302083333333333259e-01,1.934722222222222121e-01,1.726388888888888973e-01,1.632523554411364159e+02,1.794713428958956740e+02,4.036854476105049798e+02,4.000000000000000083e-02,1.000000000000000000e+00,0.000000000000000000e+00,0.000000000000000000e+00,0.000000000000000000e+00,9.934917882766663988e-02,1.249303098181346883e+00,0.000000000000000000e+00
2.110000000000000000e+02,3.066981975402399030e+01,3.293749999999999734e-01,1.937500000000000056e-01,1.721527777777777657e-01,1.632743618716446861e+02,1.795655166929970221e+02,4.036781410230771598e+02,4.000000000000000083e-02,1.000000000000000000e+00,0.000000000000000000e+00,0.000000000000000000e+00,0.000000000000000000e+00,9.977778895966131489e-02,1.248082752510022653e+00,0.000000000000000000e+00
2.120000000000000000e+02,3.060513472411791014e+01,3.286111111111111316e-01,1.931944444444444464e-01,1.710416666666666752e-01,1.632932995306300370e+02,1.796566862559263882e+02,4.036596201968525861e+02,4.000000000000000083e-02,1.000000000000000000e+00,0.000000000000000000e+00,0.000000000000000000e+00,0.000000000000000000e+00,1.002085619699720764e-01,1.246838838059315169e+00,0.000000000000000000e+00
2.130000000000000000e+02,3.053969628745166887e+01,3.278472222222222343e-01,1.925000000000000044e-01,1.705555555555555436e-01,1.633122372684405832e+02,1.797400879673454313e+02,4.036330664898988516e+02,4.000000000000000083e-02,1.000000000000000000e+00,0.000000000000000000e+00,0.000000000000000000e+00,0.000000000000000000e+00,1.005916701263602220e-01,1.245648542039378137e+00,0.000000000000000000e+00
2.140000000000000000e+02,3.047887922643916525e+01,3.268750000000000266e-01,1.925000000000000044e-01,1.699305555555555569e-01,1.633303063487057614e+02,1.798276594965913660e+02,4.036011600332604985e+02,4.000000000000000083e-02,1.000000000000000000e+00,0.000000000000000000e+00,0.000000000000000000e+00,0.000000000000000000e+00,1.010060748472742381e-01,1.244377539935177523e+00,0.000000000000000000e+00
2.150000000000000000e+02,3.041858844157158259e+01,3.267361111111111160e-01,1.922222222222222110e-01,1.698611111111111016e-01,1.633459217409227620e+02,1.799125388883389292e+02,4.035631801513741266e+02,4.000000000000000083e-02,1.000000000000000000e+00,0.000000000000000000e+00,0.000000000000000000e+00,0.000000000000000000e+00,1.014204515842880849e-01,1.243107582411706824e+00,0.000000000000000000e+00
2.160000000000000000e+02,3.035788049752034468e+01,3.262499999999999845e-01,1.917361111111111072e-01,1.692361111111111149e-01,1.633606532247556515e+02,1.800048142031271254e+02,4.035164190589625264e+02,4.000000000000000083e-02,1.000000000000000000e+00,0.000000000000000000e+00,0.000000000000000000e+00,0.000000000000000000e+00,1.018859844755396760e-01,1.241697928165481635e+00,0.000000000000000000e+00
2.170000000000000000e+02,3.030042227218407547e+01,3.253472222222222321e-01,1.912500000000000033e-01,1.688194444444444386e-01,1.633772498043579731e+02,1.800827726028412883e+02,4.034780634428884696e+02,4.000000000000000083e-02,1.000000000000000000e+00,0.000000000000000000e+00,0.000000000000000000e+00,0.000000000000000000e+00,1.022512180764944406e-01,1.240514501255088442e+00,0.000000000000000000e+00
2.180000000000000000e+02,3.024374925764755062e+01,3.246527777777777901e-01,1.908333333333333270e-01,1.675000000000000100e-01,1.633895952395765221e+02,1.801713150324212620e+02,4.034341523932178006e+02,4.000000000000000083e-02,1.000000000000000000e+00,0.000000000000000000e+00,0.000000000000000000e+00,0.000000000000000000e+00,1.027098437219204352e-01,1.239169716448043301e+00,0.000000000000000000e+00
2.190000000000000000e+02,3.019648805056473506e+01,3.240972222222222032e-01,1.905555555555555614e-01,1.666666666666666574e-01,1.634022148621785391e+02,1.802586635322640234e+02,4.033907505496477484e+02,4.000000000000000083e-02,1.000000000000000000e+00,0.000000000000000000e+00,0.000000000000000000e+00,0.000000000000000000e+00,1.031592422679401405e-01,1.237843899677231851e+00,0.000000000000000000e+00
2.200000000000000000e+02,3.013988850866662261e+01,3.232638888888889062e-01,1.900694444444444575e-01,1.656944444444444497e-01,1.634103894262829897e+02,1.803441305618980550e+02,4.032968125506720298e+02,4.000000000000000083e-02,1.000000000000000000e+00,0.000000000000000000e+00,0.000000000000000000e+00,0.000000000000000000e+00,1.036270777829223916e-01,1.236262479372744139e+00,0.000000000000000000e+00
2.210000000000000000e+02,3.008228088842519909e+01,3.224305555555555536e-01,1.902083333333333404e-01,1.649305555555555525e-01,1.634214422012814225e+02,1.804405988778916310e+02,4.032229238627130599e+02,4.000000000000000083e-02,1.000000000000000000e+00,0.000000000000000000e+00,0.000000000000000000e+00,0.000000000000000000e+00,1.041427394555006353e-01,1.234657423940293208e+00,0.000000000000000000e+00
2.220000000000000000e+02,3.002564123424778941e+01,3.218750000000000222e-01,1.896527777777777812e-01,1.644444444444444486e-01,1.634335936195408010e+02,1.805387798718901990e+02,4.031649937101155388e+02,4.000000000000000083e-02,1.000000000000000000e+00,0.000000000000000000e+00,0.000000000000000000e+00,0.000000000000000000e+00,1.046613849302535926e-01,1.233121293919235972e+00,0.000000000000000000e+00
2.230000000000000000e+02,2.997236290663796865e+01,3.211805555555555802e-01,1.888888888888888840e-01,1.637500000000000067e-01,1.634450428961041553e+02,1.806351227858918094e+02,4.031143331986158387e+02,4.000000000000000083e-02,1.000000000000000000e+00,0.000000000000000000e+00,0.000000000000000000e+00,0.000000000000000000e+00,1.051734551577360455e-01,1.231649786494901866e+00,0.000000000000000000e+00
2.240000000000000000e+02,2.991811555202531636e+01,3.210416666666666696e-01,1.882638888888888973e-01,1.636805555555555514e-01,1.634563049920741946e+02,1.807249307982040420e+02,4.030835865763634160e+02,4.000000000000000083e-02,1.000000000000000000e+00,0.000000000000000000e+00,0.000000000000000000e+00,0.000000000000000000e+00,1.056467403136708838e-01,1.230370678777258586e+00,0.000000000000000000e+00
2.250000000000000000e+02,2.986202274272606161e+01,3.204166666666666829e-01,1.872916666666666619e-01,1.629166666666666541e-01,1.634686558811738166e+02,1.808109375836695278e+02,4.030608848436297080e+02,4.000000000000000083e-02,1.000000000000000000e+00,0.000000000000000000e+00,0.000000000000000000e+00,0.000000000000000000e+00,1.060893393232639204e-01,1.229184197759689789e+00,0.000000000000000000e+00
2.260000000000000000e+02,2.980727891844164290e+01,3.197916666666666408e-01,1.861805555555555436e-01,1.623611111111111227e-01,1.634802512389930769e+02,1.809002518819234524e+02,4.030305889818108653e+02,4.000000000000000083e-02,1.000000000000000000e+00,0.000000000000000000e+00,0.000000000000000000e+00,0.000000000000000000e+00,1.065572172229166531e-01,1.227916129408573198e+00,0.000000000000000000e+00
2.270000000000000000e+02,2.975339497476376494e+01,3.190972222222221988e-01,1.855555555555555569e-01,1.620833333333333293e-01,1.634913090352674203e+02,1.809867522232109991e+02,4.030018000110466119e+02,4.000000000000000083e-02,1.000000000000000000e+00,0.000000000000000000e+00,0.000000000000000000e+00,0.000000000000000000e+00,1.070114570075988564e-01,1.226692258193706975e+00,0.000000000000000000e+00
2.280000000000000000e+02,2.970409510342038573e+01,3.182638888888889017e-01,1.848611111111111149e-01,1.600000000000000033e-01,1.635017476231003002e+02,1.810732765500492576e+02,4.029666482940253331e+02,4.000000000000000083e-02,1.000000000000000000e+00,0.000000000000000000e+00,0.000000000000000000e+00,0.000000000000000000e+00,1.074699762075593118e-01,1.225434122426364736e+00,0.000000000000000000e+00
2.290000000000000000e+02,2.965537506986575167e+01,3.179166666666666807e-01,1.840277777777777901e-01,1.591666666666666785e-01,1.635101334807453384e+02,1.811540124769644535e+02,4.029224940377156940e+02,4.000000000000000083e-02,1.000000000000000000e+00,0.000000000000000000e+00,0.000000000000000000e+00,0.000000000000000000e+00,1.079069450964446064e-01,1.224198561922283268e+00,0.000000000000000000e+00
2.300000000000000000e+02,2.960376757374847401e+01,3.171527777777777835e-01,1.836805555555555691e-01,1.582638888888888984e-01,1.635183864320349869e+02,1.812333164340940073e+02,4.028795173255143141e+02,4.000000000000000083e-02,1.000000000000000000e+00,0.000000000000000000e+00,0.000000000000000000e+00,0.000000000000000000e+00,1.083360127787346971e-01,1.222988163834780151e+00,0.000000000000000000e+00
2.310000000000000000e+02,2.955357589783242389e+01,3.163194444444444309e-01,1.828472222222222165e-01,1.575694444444444564e-01,1.635275369557640488e+02,1.813156472176668217e+02,4.028423859935269888e+02,4.000000000000000083e-02,1.000000000000000000e+00,0.000000000000000000e+00,0.000000000000000000e+00,0.000000000000000000e+00,1.087774609282756294e-01,1.221773973593798690e+00,0.000000000000000000e+00
2.320000000000000000e+02,2.950353738002892712e+01,3.154861111111111338e-01,1.820138888888888917e-01,1.571527777777777801e-01,1.635353576163354319e+02,1.813950513521739367e+02,4.028033049297436605e+02,4.000000000000000083e-02,1.000000000000000000e+00,0.000000000000000000e+00,0.000000000000000000e+00,0.000000000000000000e+00,1.092099836766707438e-01,1.220585963768720195e+00,0.000000000000000000e+00
2.330000000000000000e+02,2.945686620789773613e+01,3.149305555555555469e-01,1.814583333333333326e-01,1.565972222222222210e-01,1.635435147735554722e+02,1.814733392042093101e+02,4.027701251326971033e+02,4.000000000000000083e-02,1.000000000000000000e+00,0.000000000000000000e+00,0.000000000000000000e+00,0.000000000000000000e+00,1.096333563301468139e-01,1.219445164225835709e+00,0.000000000000000000e+00
2.340000000000000000e+02,2.941024940286175848e+01,3.147222222222222365e-01,1.807638888888888906e-01,1.564583333333333381e-01,1.635514039029245623e+02,1.815459947923326922e+02,4.027451035235836798e+02,4.000000000000000083e-02,1.000000000000000000e+00,0.000000000000000000e+00,0.000000000000000000e+00,0.000000000000000000e+00,1.100240686413720137e-01,1.218419106322212286e+00,0.000000000000000000e+00
2.350000000000000000e+02,2.936467856942865495e+01,3.140972222222222499e-01,1.800694444444444486e-01,1.556944444444444409e-01,1.635598801448368249e+02,1.816167351480631567e+02,4.027214493800805712e+02,4.000000000000000083e-02,1.000000000000000000e+00,0.000000000000000000e+00,0.000000000000000000e+00,0.000000000000000000e+00,1.103990476590988173e-01,1.217424782202816580e+00,0.000000000000000000e+00
2.360000000000000000e+02,2.931969085174256406e+01,3.135416666666666630e-01,1.799305555555555658e-01,1.553472222222222199e-01,1.635681926481905180e+02,1.816831681020462099e+02,4.027004765244418536e+02,4.000000000000000083e-02,1.000000000000000000e+00,0.000000000000000000e+00,0.000000000000000000e+00,0.000000000000000000e+00,1.107487657629020739e-01,1.216498538258957263e+00,0.000000000000000000e+00
2.370000000000000000e+02,2.927214831598467626e+01,3.129166666666666763e-01,1.790972222222222132e-01,1.534722222222222321e-01,1.635755111124606174e+02,1.817497426848778446e+02,4.026737874457172097e+02,4.000000000000000083e-02,1.000000000000000000e+00,0.000000000000000000e+00,0.000000000000000000e+00,0.000000000000000000e+00,1.111060662370308566e-01,1.215539793879559349e+00,0.000000000000000000e+00
2.380000000000000000e+02,2.922557865630572849e+01,3.123611111111110894e-01,1.786111111111111094e-01,1.529166666666666730e-01,1.635839007742995932e+02,1.818188523521613433e+02,4.026455916522882035e+02,4.000000000000000083e-02,1.000000000000000000e+00,0.000000000000000000e+00,0.000000000000000000e+00,0.000000000000000000e+00,1.114715536892650904e-01,1.214542586994289852e+00,0.000000000000000000e+00
2.390000000000000000e+02,2.917963922842823976e+01,3.113888888888888817e-01,1.775694444444444464e-01,1.524999999999999967e-01,1.635919873450927469e+02,1.818871086464889402e+02,4.026166621977195064e+02,4.000000000000000083e-02,1.000000000000000000e+00,0.000000000000000000e+00,0.000000000000000000e+00,0.000000000000000000e+00,1.118338471113694832e-01,1.213552489749203600e+00,0.000000000000000000e+00
2.400000000000000000e+02,2.913369912813322671e+01,3.106249999999999845e-01,1.772916666666666530e-01,1.518750000000000100e-01,1.636000636557591292e+02,1.819545817701598480e+02,4.025867185944659354e+02,4.000000000000000083e-02,1.000000000000000000e+00,0.000000000000000000e+00,0.000000000000000000e+00,0.000000000000000000e+00,1.121913873641368492e-01,1.212567085026760694e+00,0.000000000000000000e+00
2.410000000000000000e+02,2.908823884719723907e+01,3.098611111111110872e-01,1.768055555555555491e-01,1.510416666666666574e-01,1.636087943810356649e+02,1.820210522768617523e+02,4.025627893612687558e+02,4.000000000000000083e-02,1.000000000000000000e+00,0.000000000000000000e+00,0.000000000000000000e+00,0.000000000000000000e+00,1.125383141259813646e-01,1.211627634966935929e+00,0.000000000000000000e+00
2.420000000000000000e+02,2.904271344979273906e+01,3.090972222222222454e-01,1.759027777777777690e-01,1.504166666666666707e-01,1.636165972937808704e+02,1.820874726647637942e+02,4.025286494433764233e+02,4.000000000000000083e-02,1.000000000000000000e+00,0.000000000000000000e+00,0.000000000000000000e+00,0.000000000000000000e+00,1.128912083278302558e-01,1.210633403564564725e+00,0.000000000000000000e+00
2.430000000000000000e+02,2.899981042268279907e+01,3.083333333333333481e-01,1.754861111111111205e-01,1.499305555555555669e-01,1.636245479062343122e+02,1.821534319124848764e+02,4.024933856411190050e+02,4.000000000000000083e-02,1.000000000000000000e+00,0.000000000000000000e+00,0.000000000000000000e+00,0.000000000000000000e+00,1.132402456926488443e-01,1.209639321176753102e+00,0.000000000000000000e+00
2.440000000000000000e+02,2.895393229154713666e+01,3.081249999999999822e-01,1.749305555555555614e-01,1.497916666666666563e-01,1.636314911157613210e+02,1.822151939565877399e+02,4.024633770089237146e+02,4.000000000000000083e-02,1.000000000000000000e+00,0.000000000000000000e+00,0.000000000000000000e+00,0.000000000000000000e+00,1.135704546484842120e-01,1.208725673583562310e+00,0.000000000000000000e+00
2.450000000000000000e+02,2.890940184287431691e+01,3.076388888888889062e-01,1.741666666666666641e-01,1.493055555555555525e-01,1.636390617087186854e+02,1.822782647749741329e+02,4.024274145284759356e+02,4.000000000000000083e-02,1.000000000000000000e+00,0.000000000000000000e+00,0.000000000000000000e+00,0.000000000000000000e+00,1.139043628802618030e-01,1.207764129339721215e+00,0.000000000000000000e+00
2.460000000000000000e+02,2.886554586953873880e+01,3.074305555555555403e-01,1.734722222222222221e-01,1.490972222222222143e-01,1.636457484581816004e+02,1.823399187494026421e+02,4.023848361640420421e+02,4.000000000000000083e-02,1.000000000000000000e+00,0.000000000000000000e+00,0.000000000000000000e+00,0.000000000000000000e+00,1.142356001750830241e-01,1.206784114657067031e+00,0.000000000000000000e+00
2.470000000000000000e+02,2.882226147614395018e+01,3.072222222222222299e-01,1.728472222222222354e-01,1.487499999999999933e-01,1.636522611960983227e+02,1.824005463467746324e+02,4.023437822727821072e+02,4.000000000000000083e-02,1.000000000000000000e+00,0.000000000000000000e+00,0.000000000000000000e+00,0.000000000000000000e+00,1.145617238261740084e-01,1.205825532495159225e+00,0.000000000000000000e+00
2.480000000000000000e+02,2.878061761459149182e+01,3.069444444444444642e-01,1.719444444444444553e-01,1.486111111111111105e-01,1.636586189452422957e+02,1.824605385799961823e+02,4.023116047664566395e+02,4.000000000000000083e-02,1.000000000000000000e+00,0.000000000000000000e+00,0.000000000000000000e+00,0.000000000000000000e+00,1.148849950948487852e-01,1.204923913397697000e+00,0.000000000000000000e+00
2.490000000000000000e+02,2.873940042960199648e+01,3.059722222222222010e-01,1.711111111111111027e-01,1.477083333333333304e-01,1.636641420105620739e+02,1.825188318374135008e+02,4.022813185729127667e+02,4.000000000000000083e-02,1.000000000000000000e+00,0.000000000000000000e+00,0.000000000000000000e+00,0.000000000000000000e+00,1.152035479197064394e-01,1.204053765428775957e+00,0.000000000000000000e+00
2.500000000000000000e+02,2.869818507175424926e+01,3.054166666666666696e-01,1.706944444444444542e-01,1.472222222222222265e-01,1.636698021834267820e+02,1.825769164020491075e+02,4.022604312440237209e+02,4.000000000000000083e-02,1.000000000000000000e+00,0.000000000000000000e+00,0.000000000000000000e+00,0.000000000000000000e+00,1.155198696790314949e-01,1.203238170362203929e+00,0.000000000000000000e+00
2.510000000000000000e+02,2.865717119966378945e+01,3.050694444444444486e-01,1.702083333333333226e-01,1.468750000000000056e-01,1.636758372079721653e+02,1.826354874177119143e+02,4.022449912776968972e+02,4.000000000000000083e-02,1.000000000000000000e+00,0.000000000000000000e+00,0.000000000000000000e+00,0.000000000000000000e+00,1.158365861031091792e-01,1.202447054321422959e+00,0.000000000000000000e+00
2.520000000000000000e+02,2.861705245545627108e+01,3.047222222222222276e-01,1.695138888888888806e-01,1.464583333333333293e-01,1.636820382090196233e+02,1.826939421790035283e+02,4.022322532330040872e+02,4.000000000000000083e-02,1.000000000000000000e+00,0.000000000000000000e+00,0.000000000000000000e+00,0.000000000000000000e+00,1.161514371277927032e-01,1.201672635860563609e+00,0.000000000000000000e+00
2.530000000000000000e+02,2.857808745006224882e+01,3.045833333333333171e-01,1.688888888888888939e-01,1.462499999999999911e-01,1.636874863854492617e+02,1.827504565069120872e+02,4.022157553704171278e+02,4.000000000000000083e-02,1.000000000000000000e+00,0.000000000000000000e+00,0.000000000000000000e+00,0.000000000000000000e+00,1.164595446018004132e-01,1.200901508310072474e+00,0.000000000000000000e+00
2.540000000000000000e+02,2.853930576056784574e+01,3.043055555555555514e-01,1.682638888888888795e-01,1.458333333333333426e-01,1.636920908936429555e+02,1.828053737793248104e+02,4.021937369275397032e+02,4.000000000000000083e-02,1.000000000000000000e+00,0.000000000000000000e+00,0.000000000000000000e+00,0.000000000000000000e+00,1.167636309203264472e-01,1.200119879479317531e+00,0.000000000000000000e+00
2.550000000000000000e+02,2.850115594983978440e+01,3.041666666666666408e-01,1.677083333333333204e-01,1.457638888888888873e-01,1.636971527362694587e+02,1.828593269740193819e+02,4.021802734354757263e+02,4.000000000000000083e-02,1.000000000000000000e+00,0.000000000000000000e+00,0.000000000000000000e+00,0.000000000000000000e+00,1.170586898882833710e-01,1.199397099895360697e+00,0.000000000000000000e+00
2.560000000000000000e+02,2.846337621393330508e+01,3.038194444444444198e-01,1.675694444444444375e-01,1.454861111111111216e-01,1.637017421546998719e+02,1.829113531359015496e+02,4.021643752466328010e+02,4.000000000000000083e-02,1.000000000000000000e+00,0.000000000000000000e+00,0.000000000000000000e+00,0.000000000000000000e+00,1.173451835536874904e-01,1.198684599680524876e+00,0.000000000000000000e+00
2.570000000000000000e+02,2.842576236619365915e+01,3.031249999999999778e-01,1.669444444444444509e-01,1.449999999999999900e-01,1.637059061451851392e+02,1.829612056731643293e+02,4.021417813079943926e+02,4.000000000000000083e-02,1.000000000000000000e+00,0.000000000000000000e+00,0.000000000000000000e+00,0.000000000000000000e+00,1.176212879631986369e-01,1.197962020573731801e+00,0.000000000000000000e+00
2.580000000000000000e+02,2.838829554456835780e+01,3.027777777777777568e-01,1.659027777777777879e-01,1.443750000000000033e-01,1.637100253935321064e+02,1.830082514584975399e+02,4.021049680667605344e+02,4.000000000000000083e-02,1.000000000000000000e+00,0.000000000000000000e+00,0.000000000000000000e+00,0.000000000000000000e+00,1.178805391946868009e-01,1.197195836046494044e+00,0.000000000000000000e+00
2.590000000000000000e+02,2.835069064715173326e+01,3.028472222222222121e-01,1.652083333333333459e-01,1.443750000000000033e-01,1.637144926371155407e+02,1.830548037412637257e+02,4.020683775001252229e+02,4.000000000000000083e-02,1.000000000000000000e+00,0.000000000000000000e+00,0.000000000000000000e+00,0.000000000000000000e+00,1.181343862269867429e-01,1.196437183196914056e+00,0.000000000000000000e+00
2.600000000000000000e+02,2.831345778057843887e+01,3.024999999999999911e-01,1.647222222222222143e-01,1.441666666666666652e-01,1.637192214124537202e+02,1.831021917347465831e+02,4.020387765321232791e+02,4.000000000000000083e-02,1.000000000000000000e+00,0.000000000000000000e+00,0.000000000000000000e+00,0.000000000000000000e+00,1.183915373837616386e-01,1.195707067857178174e+00,0.000000000000000000e+00
2.610000000000000000e+02,2.827669098051196883e+01,3.027083333333333570e-01,1.638194444444444342e-01,1.439583333333333270e-01,1.637239554515693385e+02,1.831503105448220481e+02,4.020132442641491934e+02,4.000000000000000083e-02,1.000000000000000000e+00,0.000000000000000000e+00,0.000000000000000000e+00,0.000000000000000000e+00,1.186531014332790068e-01,1.194990786902134117e+00,0.000000000000000000e+00
2.620000000000000000e+02,2.824021201563796168e+01,3.019444444444444597e-01,1.631944444444444475e-01,1.433333333333333404e-01,1.637290060568194576e+02,1.831995430167260110e+02,4.019946427311950856e+02,4.000000000000000083e-02,1.000000000000000000e+00,0.000000000000000000e+00,0.000000000000000000e+00,0.000000000000000000e+00,1.189192888225903272e-01,1.194299374941635072e+00,0.000000000000000000e+00
2.630000000000000000e+02,2.820376273490569474e+01,3.021527777777777701e-01,1.629166666666666541e-01,1.431944444444444575e-01,1.637346165285754012e+02,1.832484665298310347e+02,4.019852749643513334e+02,4.000000000000000083e-02,1.000000000000000000e+00,0.000000000000000000e+00,0.000000000000000000e+00,0.000000000000000000e+00,1.191797459509731927e-01,1.193662422265957312e+00,0.000000000000000000e+00
2.640000000000000000e+02,2.816761388039135738e+01,3.018055555555555491e-01,1.625000000000000056e-01,1.427083333333333259e-01,1.637405013129059625e+02,1.832963727039516755e+02,4.019780427000046643e+02,4.000000000000000083e-02,1.000000000000000000e+00,0.000000000000000000e+00,0.000000000000000000e+00,0.000000000000000000e+00,1.194320967277038986e-01,1.193049631970913849e+00,0.000000000000000000e+00
2.650000000000000000e+02,2.813210245018509781e+01,3.011805555555555625e-01,1.622916666666666674e-01,1.422222222222222221e-01,1.637458417924173091e+02,1.833429143043071008e+02,4.019705508474619933e+02,4.000000000000000083e-02,1.000000000000000000e+00,0.000000000000000000e+00,0.000000000000000000e+00,0.000000000000000000e+00,1.196798178040652250e-01,1.192452063788422612e+00,0.000000000000000000e+00
2.660000000000000000e+02,2.809669334344751945e+01,3.009027777777777968e-01,1.616666666666666530e-01,1.419444444444444564e-01,1.637504043420984488e+02,1.833879983501238939e+02,4.019561858531526468e+02,4.000000000000000083e-02,1.000000000000000000e+00,0.000000000000000000e+00,0.000000000000000000e+00,0.000000000000000000e+00,1.199239420929895938e-01,1.191834740928569003e+00,0.000000000000000000e+00
2.670000000000000000e+02,2.806119269135274763e+01,3.002777777777777546e-01,1.611111111111111216e-01,1.414583333333333248e-01,1.637550059761687749e+02,1.834325416058964606e+02,4.019386194095487781e+02,4.000000000000000083e-02,1.000000000000000000e+00,0.000000000000000000e+00,0.000000000000000000e+00,0.000000000000000000e+00,1.201644829874169013e-01,1.191206728591871711e+00,0.000000000000000000e+00
2.680000000000000000e+02,2.802600730037919163e+01,2.995138888888889128e-01,1.606944444444444453e-01,1.412499999999999867e-01,1.637596166272385858e+02,1.834767096380881810e+02,4.019161378677763423e+02,4.000000000000000083e-02,1.000000000000000000e+00,0.000000000000000000e+00,0.000000000000000000e+00,0.000000000000000000e+00,1.204026573641232972e-01,1.190556712405431261e+00,0.000000000000000000e+00
2.690000000000000000e+02,2.799158226250240844e+01,2.993750000000000022e-01,1.602777777777777690e-01,1.411805555555555591e-01,1.637638789907394425e+02,1.835198731967612673e+02,4.018907938961785362e+02,4.000000000000000083e-02,1.000000000000000000e+00,0.000000000000000000e+00,0.000000000000000000e+00,0.000000000000000000e+00,1.206370680016622676e-01,1.189903397902255300e+00,0.000000000000000000e+00
2.700000000000000000e+02,2.795778685216918191e+01,2.989583333333333259e-01,1.594444444444444442e-01,1.410416666666666763e-01,1.637674724012570664e+02,1.835614842813260452e+02,4.018606895465867410e+02,4.000000000000000083e-02,1.000000000000000000e+00,0.000000000000000000e+00,0.000000000000000000e+00,0.000000000000000000e+00,1.208665651966003146e-01,1.189242972837894818e+00,0.000000000000000000e+00
2.710000000000000000e+02,2.792442379814548659e+01,2.988888888888888706e-01,1.588194444444444575e-01,1.409027777777777657e-01,1.637704624847960133e+02,1.836016790740520435e+02,4.018298873944046363e+02,4.000000000000000083e-02,1.000000000000000000e+00,0.000000000000000000e+00,0.000000000000000000e+00,0.000000000000000000e+00,1.210915343851892978e-01,1.188595929083712921e+00,0.000000000000000000e+00
2.720000000000000000e+02,2.789118881953950790e+01,2.986805555555555602e-01,1.581249999999999878e-01,1.406250000000000000e-01,1.637733123844076033e+02,1.836404730314321228e+02,4.017997424885975306e+02,4.000000000000000083e-02,1.000000000000000000e+00,0.000000000000000000e+00,0.000000000000000000e+00,0.000000000000000000e+00,1.213089016627596495e-01,1.187969437542371276e+00,0.000000000000000000e+00
2.730000000000000000e+02,2.785805772377593215e+01,2.986111111111111049e-01,1.577083333333333393e-01,1.405555555555555447e-01,1.637761514221937205e+02,1.836790283326077429e+02,4.017694478906971653e+02,4.000000000000000083e-02,1.000000000000000000e+00,0.000000000000000000e+00,0.000000000000000000e+00,0.000000000000000000e+00,1.215248785466144094e-01,1.187345237710911716e+00,0.000000000000000000e+00
2.740000000000000000e+02,2.782495153703789370e+01,2.981944444444444287e-01,1.568749999999999867e-01,1.402777777777777790e-01,1.637792114475783478e+02,1.837179145111143157e+02,4.017410574999183268e+02,4.000000000000000083e-02,1.000000000000000000e+00,0.000000000000000000e+00,0.000000000000000000e+00,0.000000000000000000e+00,1.217413546402245916e-01,1.186727726411320294e+00,0.000000000000000000e+00
2.750000000000000000e+02,2.779204193370619080e+01,2.980555555555555736e-01,1.561805555555555447e-01,1.402777777777777790e-01,1.637827123001494840e+02,1.837570485020093827e+02,4.017160191110687038e+02,4.000000000000000083e-02,1.000000000000000000e+00,0.000000000000000000e+00,0.000000000000000000e+00,0.000000000000000000e+00,1.219563159099159022e-01,1.186125769791496865e+00,0.000000000000000000e+00
2.760000000000000000e+02,2.775958354330166955e+01,2.978472222222222077e-01,1.554861111111111027e-01,1.402083333333333237e-01,1.637864602575861284e+02,1.837961432835032554e+02,4.016938195997354342e+02,4.000000000000000083e-02,1.000000000000000000e+00,0.000000000000000000e+00,0.000000000000000000e+00,0.000000000000000000e+00,1.221693355754071564e-01,1.185539981544268429e+00,0.000000000000000000e+00
2.770000000000000000e+02,2.772759484977642686e+01,2.971527777777777657e-01,1.546527777777777779e-01,1.394444444444444542e-01,1.637900193737838492e+02,1.838348852622369520e+02,4.016733171257961885e+02,4.000000000000000083e-02,1.000000000000000000e+00,0.000000000000000000e+00,0.000000000000000000e+00,0.000000000000000000e+00,1.223814855452753786e-01,1.184967866968322570e+00,0.000000000000000000e+00
2.780000000000000000e+02,2.769591689035636861e+01,2.962500000000000133e-01,1.540972222222222188e-01,1.390972222222222332e-01,1.637932781403501394e+02,1.838732972893529620e+02,4.016536727206737964e+02,4.000000000000000083e-02,1.000000000000000000e+00,0.000000000000000000e+00,0.000000000000000000e+00,0.000000000000000000e+00,1.225936703690415353e-01,1.184404579902702537e+00,0.000000000000000000e+00
2.790000000000000000e+02,2.766407887272740851e+01,2.962500000000000133e-01,1.537499999999999978e-01,1.390972222222222332e-01,1.637962059594885602e+02,1.839115765022078222e+02,4.016334756493791929e+02,4.000000000000000083e-02,1.000000000000000000e+00,0.000000000000000000e+00,0.000000000000000000e+00,0.000000000000000000e+00,1.228073045092043375e-01,1.183840100161164477e+00,0.000000000000000000e+00
2.800000000000000000e+02,2.763261956438138256e+01,2.958333333333333370e-01,1.537499999999999978e-01,1.387500000000000122e-01,1.637994516108747405e+02,1.839499496952226139e+02,4.016183680722183453e+02,4.000000000000000083e-02,1.000000000000000000e+00,0.000000000000000000e+00,0.000000000000000000e+00,0.000000000000000000e+00,1.230193256825901915e-01,1.183302407734492689e+00,0.000000000000000000e+00
2.810000000000000000e+02,2.760147350138855060e+01,2.957638888888888817e-01,1.527777777777777901e-01,1.386111111111111016e-01,1.638024989071790287e+02,1.839881910497439321e+02,4.016052159033559406e+02,4.000000000000000083e-02,1.000000000000000000e+00,0.000000000000000000e+00,0.000000000000000000e+00,0.000000000000000000e+00,1.232318937576367956e-01,1.182777131575667440e+00,0.000000000000000000e+00
2.820000000000000000e+02,2.757054678448426088e+01,2.952083333333333504e-01,1.522222222222222310e-01,1.379166666666666596e-01,1.638053571148700769e+02,1.840256811680479530e+02,4.015926197497142311e+02,4.000000000000000083e-02,1.000000000000000000e+00,0.000000000000000000e+00,0.000000000000000000e+00,0.000000000000000000e+00,1.234411646195318207e-01,1.182264003593005208e+00,0.000000000000000000e+00
2.830000000000000000e+02,2.753956199130310267e+01,2.949999999999999845e-01,1.517361111111110994e-01,1.377777777777777768e-01,1.638082638909155548e+02,1.840631556022878499e+02,4.015809365415651087e+02,4.000000000000000083e-02,1.000000000000000000e+00,0.000000000000000000e+00,0.000000000000000000e+00,0.000000000000000000e+00,1.236499992751317334e-01,1.181756230504251937e+00,0.000000000000000000e+00
2.840000000000000000e+02,2.750900951863252786e+01,2.945138888888889084e-01,1.515972222222222165e-01,1.375000000000000111e-01,1.638112793693556739e+02,1.841007510029372440e+02,4.015706545274259724e+02,4.000000000000000083e-02,1.000000000000000000e+00,0.000000000000000000e+00,0.000000000000000000e+00,0.000000000000000000e+00,1.238588191954328871e-01,1.181254841926305366e+00,0.000000000000000000e+00
2.850000000000000000e+02,2.747906371477842313e+01,2.942361111111110872e-01,1.502777777777777879e-01,1.371527777777777901e-01,1.638139497930039283e+02,1.841370912680190770e+02,4.015580563956696665e+02,4.000000000000000083e-02,1.000000000000000000e+00,0.000000000000000000e+00,0.000000000000000000e+00,0.000000000000000000e+00,1.240623371861527408e-01,1.180755944554296555e+00,0.000000000000000000e+00
2.860000000000000000e+02,2.744938862939673641e+01,2.940277777777777768e-01,1.495833333333333459e-01,1.368055555555555691e-01,1.638163130846812692e+02,1.841726346155893452e+02,4.015448442732054559e+02,4.000000000000000083e-02,1.000000000000000000e+00,0.000000000000000000e+00,0.000000000000000000e+00,0.000000000000000000e+00,1.242630916762564458e-01,1.180263344287395988e+00,0.000000000000000000e+00
2.870000000000000000e+02,2.741953359937641110e+01,2.940972222222222321e-01,1.493055555555555525e-01,1.367361111111111138e-01,1.638183229171008009e+02,1.842069762154071384e+02,4.015284923306988958e+02,4.000000000000000083e-02,1.000000000000000000e+00,0.000000000000000000e+00,0.000000000000000000e+00,0.000000000000000000e+00,1.244589306937532447e-01,1.179768109657048480e+00,0.000000000000000000e+00
2.880000000000000000e+02,2.738963474505057860e+01,2.936805555555555558e-01,1.485416666666666552e-01,1.365277777777777757e-01,1.638206628888008822e+02,1.842433588747787780e+02,4.015236129046877522e+02,4.000000000000000083e-02,1.000000000000000000e+00,0.000000000000000000e+00,0.000000000000000000e+00,0.000000000000000000e+00,1.246649575569141050e-01,1.179311185797387473e+00,0.000000000000000000e+00
2.890000000000000000e+02,2.735954617084405527e+01,2.934027777777777901e-01,1.475694444444444475e-01,1.361111111111110994e-01,1.638234962012992639e+02,1.842804821926200702e+02,4.015283224171878373e+02,4.000000000000000083e-02,1.000000000000000000e+00,0.000000000000000000e+00,1.000000000000000000e+00,1.000000000000000000e+00,1.248721121552926749e-01,1.178897719604881544e+00,0.000000000000000000e+00
2.900000000000000000e+02,2.732922949570057014e+01,2.929166666666666585e-01,1.465972222222222121e-01,1.359027777777777890e-01,1.638271010077783387e+02,1.843177280333934220e+02,4.015378598661838510e+02,4.000000000000000083e-02,1.000000000000000000e+00,0.000000000000000000e+00,1.000000000000000000e+00,1.000000000000000000e+00,1.250747092487598244e-01,1.178509165398544667e+00,0.000000000000000000e+00
2.910000000000000000e+02,2.729957376868302887e+01,2.931944444444444242e-01,1.463888888888889017e-01,1.357638888888888784e-01,1.638313786734640303e+02,1.843516619183794205e+02,4.015516026284282702e+02,4.000000000000000083e-02,1.000000000000000000e+00,0.000000000000000000e+00,1.000000000000000000e+00,1.000000000000000000e+00,1.252524602494789752e-01,1.178182710423369084e+00,0.000000000000000000e+00
2.920000000000000000e+02,2.727022760411846747e+01,2.931250000000000244e-01,1.458333333333333426e-01,1.355555555555555680e-01,1.638340402206822546e+02,1.843859221791560401e+02,4.015573046475483352e+02,4.000000000000000083e-02,1.000000000000000000e+00,0.000000000000000000e+00,1.000000000000000000e+00,1.000000000000000000e+00,1.254432957326247766e-01,1.177808912425432952e+00,0.000000000000000000e+00
2.930000000000000000e+02,2.724111064392224435e+01,2.927083333333333481e-01,1.454166666666666663e-01,1.353472222222222299e-01,1.638363508919230185e+02,1.844199452256334268e+02,4.015569692010816993e+02,4.000000000000000083e-02,1.000000000000000000e+00,0.000000000000000000e+00,1.000000000000000000e+00,1.000000000000000000e+00,1.256350878279062222e-01,1.177405316489961384e+00,0.000000000000000000e+00
2.940000000000000000e+02,2.721227998129350212e+01,2.926388888888888928e-01,1.446527777777777690e-01,1.352083333333333470e-01,1.638383655244752788e+02,1.844525456125931839e+02,4.015508936424151329e+02,4.000000000000000083e-02,1.000000000000000000e+00,0.000000000000000000e+00,1.000000000000000000e+00,1.000000000000000000e+00,1.258202254528620889e-01,1.176987540664225618e+00,0.000000000000000000e+00
2.950000000000000000e+02,2.718390892940087511e+01,2.928472222222222032e-01,1.437499999999999889e-01,1.349305555555555536e-01,1.638401483233888882e+02,1.844843122882912212e+02,4.015386335429428755e+02,4.000000000000000083e-02,1.000000000000000000e+00,0.000000000000000000e+00,1.000000000000000000e+00,1.000000000000000000e+00,1.260018632560972185e-01,1.176546225325997952e+00,0.000000000000000000e+00
2.960000000000000000e+02,2.715582324571541761e+01,2.923611111111111271e-01,1.429166666666666641e-01,1.346527777777777879e-01,1.638415448403939365e+02,1.845151460333367766e+02,4.015226780452294406e+02,4.000000000000000083e-02,1.000000000000000000e+00,0.000000000000000000e+00,1.000000000000000000e+00,1.000000000000000000e+00,1.261804581559701766e-01,1.176096036976202575e+00,0.000000000000000000e+00
2.970000000000000000e+02,2.712742782311995882e+01,2.920138888888889062e-01,1.419444444444444564e-01,1.345138888888888773e-01,1.638431222539177838e+02,1.845455750475804564e+02,4.015082330820797551e+02,4.000000000000000083e-02,1.000000000000000000e+00,0.000000000000000000e+00,1.000000000000000000e+00,1.000000000000000000e+00,1.263553361829787836e-01,1.175658955672932882e+00,0.000000000000000000e+00
2.980000000000000000e+02,2.709889641421017714e+01,2.918749999999999956e-01,1.413194444444444420e-01,1.343749999999999944e-01,1.638450755661282869e+02,1.845758711866180306e+02,4.014935765841047441e+02,4.000000000000000083e-02,1.000000000000000000e+00,0.000000000000000000e+00,1.000000000000000000e+00,1.000000000000000000e+00,1.265268153397917650e-01,1.175222438355276733e+00,0.000000000000000000e+00
2.990000000000000000e+02,2.707057389018287097e+01,2.916666666666666852e-01,1.404861111111111172e-01,1.343055555555555669e-01,1.638470704106997005e+02,1.846061259720632108e+02,4.014795392666082989e+02,4.000000000000000083e-02,1.000000000000000000e+00,0.000000000000000000e+00,1.000000000000000000e+00,1.000000000000000000e+00,1.266977524183299786e-01,1.174789905549314950e+00,0.000000000000000000e+00
3.000000000000000000e+02,2.704229005166263278e+01,2.912500000000000089e-01,1.402777777777777790e-01,1.338194444444444353e-01,1.638488898354838739e+02,1.846351714190494420e+02,4.014637406782300104e+02,4.000000000000000083e-02,1.000000000000000000e+00,0.000000000000000000e+00,1.000000000000000000e+00,1.000000000000000000e+00,1.268625109662720185e-01,1.174362217083032123e+00,0.000000000000000000e+00
3.010000000000000000e+02,2.701391338373607809e+01,2.909027777777777879e-01,1.394444444444444542e-01,1.332638888888888762e-01,1.638508793506294978e+02,1.846635151346421821e+02,4.014489495723686900e+02,4.000000000000000083e-02,1.000000000000000000e+00,0.000000000000000000e+00,1.000000000000000000e+00,1.000000000000000000e+00,1.270218131663186922e-01,1.173948380001667013e+00,0.000000000000000000e+00
3.020000000000000000e+02,2.698494417175760773e+01,2.905555555555555669e-01,1.377777777777777768e-01,1.331944444444444486e-01,1.638529705892153174e+02,1.846918226250863313e+02,4.014353983185962420e+02,4.000000000000000083e-02,1.000000000000000000e+00,0.000000000000000000e+00,1.000000000000000000e+00,1.000000000000000000e+00,1.271801906363644041e-01,1.173541809338720876e+00,0.000000000000000000e+00
3.030000000000000000e+02,2.695589949741703606e+01,2.900694444444444353e-01,1.363888888888888928e-01,1.330555555555555658e-01,1.638553101654968316e+02,1.847207599890407153e+02,4.014236055193339325e+02,4.000000000000000083e-02,1.000000000000000000e+00,0.000000000000000000e+00,1.000000000000000000e+00,1.000000000000000000e+00,1.273406995627386351e-01,1.173137472708265072e+00,0.000000000000000000e+00
3.040000000000000000e+02,2.692707507189215477e+01,2.902083333333333459e-01,1.354166666666666574e-01,1.329861111111111105e-01,1.638574502012171195e+02,1.847499927915219473e+02,4.014122508012873141e+02,4.000000000000000083e-02,1.000000000000000000e+00,0.000000000000000000e+00,1.000000000000000000e+00,1.000000000000000000e+00,1.275043799634912045e-01,1.172732159477019698e+00,0.000000000000000000e+00
3.050000000000000000e+02,2.689826512217599586e+01,2.895833333333333592e-01,1.346527777777777879e-01,1.324305555555555514e-01,1.638596251459203756e+02,1.847791858750740914e+02,4.014050519804310397e+02,4.000000000000000083e-02,1.000000000000000000e+00,0.000000000000000000e+00,1.000000000000000000e+00,1.000000000000000000e+00,1.276675734521204586e-01,1.172349932593673261e+00,0.000000000000000000e+00
3.060000000000000000e+02,2.686884042510457249e+01,2.892361111111111382e-01,1.339583333333333459e-01,1.323611111111111238e-01,1.638617777749501556e+02,1.848081883867291708e+02,4.013985923323109546e+02,4.000000000000000083e-02,1.000000000000000000e+00,0.000000000000000000e+00,1.000000000000000000e+00,1.000000000000000000e+00,1.278297531993524416e-01,1.171974065847911639e+00,0.000000000000000000e+00
3.070000000000000000e+02,2.683926964298804663e+01,2.892361111111111382e-01,1.329861111111111105e-01,1.320138888888888751e-01,1.638643750458292061e+02,1.848377824092208641e+02,4.013955599979013869e+02,4.000000000000000083e-02,1.000000000000000000e+00,0.000000000000000000e+00,1.000000000000000000e+00,1.000000000000000000e+00,1.279924776665206376e-01,1.171609909868066346e+00,0.000000000000000000e+00
3.080000000000000000e+02,2.680989449592688345e+01,2.890972222222222276e-01,1.319444444444444475e-01,1.318749999999999922e-01,1.638671433158941682e+02,1.848673288168816100e+02,4.013939718999640718e+02,4.000000000000000083e-02,1.000000000000000000e+00,0.000000000000000000e+00,1.000000000000000000e+00,1.000000000000000000e+00,1.281537291493781983e-01,1.171254241995137280e+00,0.000000000000000000e+00
3.090000000000000000e+02,2.678272942384127830e+01,2.891666666666666829e-01,1.315972222222222265e-01,1.318749999999999922e-01,1.638698252193729843e+02,1.848963397024127460e+02,4.013922828088782921e+02,2.000000000000000042e-02,2.000000000000000000e+00,0.000000000000000000e+00,0.000000000000000000e+00,0.000000000000000000e+00,1.283123018828604411e-01,1.170904429232681343e+00,0.000000000000000000e+00
3.100000000000000000e+02,2.676392672353764368e+01,2.890972222222222276e-01,1.314583333333333437e-01,1.318749999999999922e-01,1.638752150243978178e+02,1.849095434905897548e+02,4.014120388635172390e+02,2.000000000000000042e-02,2.000000000000000000e+00,0.000000000000000000e+00,0.000000000000000000e+00,0.000000000000000000e+00,1.283557642506240881e-01,1.170856253744120723e+00,0.000000000000000000e+00
3.110000000000000000e+02,2.674952430819621441e+01,2.890277777777777724e-01,1.311111111111111227e-01,1.318055555555555647e-01,1.638784820948744709e+02,1.849192059232163388e+02,4.014191252995657919e+02,2.000000000000000042e-02,2.000000000000000000e+00,0.000000000000000000e+00,0.000000000000000000e+00,0.000000000000000000e+00,1.283922303854433122e-01,1.170781143556534065e+00,0.000000000000000000e+00
3.120000000000000000e+02,2.673750199540771533e+01,2.888888888888888618e-01,1.306249999999999911e-01,1.316666666666666541e-01,1.638807470887036857e+02,1.849271817446787054e+02,4.014196197777770863e+02,2.000000000000000042e-02,2.000000000000000000e+00,0.000000000000000000e+00,0.000000000000000000e+00,0.000000000000000000e+00,1.284253033370858499e-01,1.170690192705150956e+00,0.000000000000000000e+00
3.130000000000000000e+02,2.672680933762432431e+01,2.890277777777777724e-01,1.303472222222222254e-01,1.316666666666666541e-01,1.638824646262904707e+02,1.849343333934918121e+02,4.014170216631021617e+02,2.000000000000000042e-02,2.000000000000000000e+00,0.000000000000000000e+00,0.000000000000000000e+00,0.000000000000000000e+00,1.284571159898466874e-01,1.170592200470379485e+00,0.000000000000000000e+00
3.140000000000000000e+02,2.671687547677419161e+01,2.890277777777777724e-01,1.300694444444444320e-01,1.316666666666666541e-01,1.638838496959308202e+02,1.849411050699931991e+02,4.014130765026918652e+02,2.000000000000000042e-02,2.000000000000000000e+00,0.000000000000000000e+00,0.000000000000000000e+00,0.000000000000000000e+00,1.284888987727094145e-01,1.170491391574481232e+00,0.000000000000000000e+00
3.150000000000000000e+02,2.670741916110248582e+01,2.888194444444444620e-01,1.297916666666666663e-01,1.315972222222222265e-01,1.638850268392310170e+02,1.849477275260950933e+02,4.014087085578934193e+02,2.000000000000000042e-02,2.000000000000000000e+00,0.000000000000000000e+00,0.000000000000000000e+00,0.000000000000000000e+00,1.285212022909591190e-01,1.170390055218477388e+00,0.000000000000000000e+00
3.160000000000000000e+02,2.669824285283517895e+01,2.888194444444444620e-01,1.295833333333333282e-01,1.315972222222222265e-01,1.638860986192482301e+02,1.849543100891582412e+02,4.014046209144046884e+02,2.000000000000000042e-02,2.000000000000000000e+00,0.000000000000000000e+00,0.000000000000000000e+00,0.000000000000000000e+00,1.285539874791770398e-01,1.170290709748290636e+00,0.000000000000000000e+00
3.170000000000000000e+02,2.668928577784167189e+01,2.886805555555555514e-01,1.293055555555555625e-01,1.315972222222222265e-01,1.638871104202997628e+02,1.849609347959591048e+02,4.014010149940683050e+02,2.000000000000000042e-02,2.000000000000000000e+00,0.000000000000000000e+00,0.000000000000000000e+00,0.000000000000000000e+00,1.285874424267660354e-01,1.170193481325537910e+00,0.000000000000000000e+00
3.180000000000000000e+02,2.668049157067306609e+01,2.886111111111110961e-01,1.289583333333333415e-01,1.315277777777777712e-01,1.638880729791213469e+02,1.849676014948576039e+02,4.013978438054310800e+02,2.000000000000000042e-02,2.000000000000000000e+00,0.000000000000000000e+00,0.000000000000000000e+00,0.000000000000000000e+00,1.286214922938394567e-01,1.170098117515951053e+00,0.000000000000000000e+00
3.190000000000000000e+02,2.667181772050246735e+01,2.886805555555555514e-01,1.287500000000000033e-01,1.315277777777777712e-01,1.638889952362540896e+02,1.849743048161081731e+02,4.013950637362414682e+02,2.000000000000000042e-02,2.000000000000000000e+00,0.000000000000000000e+00,0.000000000000000000e+00,0.000000000000000000e+00,1.286560427651567973e-01,1.170004445402768489e+00,0.000000000000000000e+00
3.200000000000000000e+02,2.666323891466674922e+01,2.886111111111110961e-01,1.284027777777777823e-01,1.315277777777777712e-01,1.638898886176762062e+02,1.849810456087678290e+02,4.013926422203883249e+02,2.000000000000000042e-02,2.000000000000000000e+00,0.000000000000000000e+00,0.000000000000000000e+00,0.000000000000000000e+00,1.286910203489933513e-01,1.169912278846816589e+00,0.000000000000000000e+00
3.210000000000000000e+02,2.665472256711380794e+01,2.886111111111110961e-01,1.279861111111111061e-01,1.315277777777777712e-01,1.638907572346989809e+02,1.849878234078147159e+02,4.013905686582149315e+02,2.000000000000000042e-02,2.000000000000000000e+00,0.000000000000000000e+00,0.000000000000000000e+00,0.000000000000000000e+00,1.287263939045920902e-01,1.169821565894798132e+00,0.000000000000000000e+00
3.220000000000000000e+02,2.664624565890317953e+01,2.886111111111110961e-01,1.275000000000000022e-01,1.315277777777777712e-01,1.638916116209011875e+02,1.849946467943896380e+02,4.013888152700920955e+02,2.000000000000000042e-02,2.000000000000000000e+00,0.000000000000000000e+00,0.000000000000000000e+00,0.000000000000000000e+00,1.287621432529568732e-01,1.169732055631920398e+00,0.000000000000000000e+00
3.230000000000000000e+02,2.663782303014367514e+01,2.885416666666666408e-01,1.270138888888888984e-01,1.314583333333333437e-01,1.638924552076552743e+02,1.850015153058349711e+02,4.013873783568795375e+02,2.000000000000000042e-02,2.000000000000000000e+00,0.000000000000000000e+00,0.000000000000000000e+00,0.000000000000000000e+00,1.287982419412416757e-01,1.169643733422002674e+00,0.000000000000000000e+00
3.240000000000000000e+02,2.662944008721970235e+01,2.886111111111110961e-01,1.270833333333333259e-01,1.314583333333333437e-01,1.638932842417831637e+02,1.850084106145247063e+02,4.013861623887422638e+02,2.000000000000000042e-02,2.000000000000000000e+00,0.000000000000000000e+00,0.000000000000000000e+00,0.000000000000000000e+00,1.288346039950697686e-01,1.169556297767740949e+00,0.000000000000000000e+00
3.250000000000000000e+02,2.662110648633755261e+01,2.885416666666666408e-01,1.266666666666666774e-01,1.313888888888888884e-01,1.638941016505947346e+02,1.850153302904387260e+02,4.013851576736612969e+02,2.000000000000000042e-02,2.000000000000000000e+00,0.000000000000000000e+00,0.000000000000000000e+00,0.000000000000000000e+00,1.288711944306102364e-01,1.169469724717207448e+00,0.000000000000000000e+00
3.260000000000000000e+02,2.661281893649298880e+01,2.884722222222222410e-01,1.261805555555555458e-01,1.313194444444444331e-01,1.638949047318698717e+02,1.850222613479444078e+02,4.013843006449295103e+02,2.000000000000000042e-02,2.000000000000000000e+00,0.000000000000000000e+00,0.000000000000000000e+00,0.000000000000000000e+00,1.289079526336626702e-01,1.169383822901745473e+00,0.000000000000000000e+00
3.270000000000000000e+02,2.660457572966782891e+01,2.883333333333333304e-01,1.262500000000000011e-01,1.312500000000000056e-01,1.638956942727246258e+02,1.850291979003361575e+02,4.013835657759889273e+02,2.000000000000000042e-02,2.000000000000000000e+00,0.000000000000000000e+00,0.000000000000000000e+00,0.000000000000000000e+00,1.289448372722049596e-01,1.169298523318409222e+00,0.000000000000000000e+00
3.280000000000000000e+02,2.659635120213206250e+01,2.881250000000000200e-01,1.259027777777777801e-01,1.311805555555555503e-01,1.638964705174948335e+02,1.850361340891302859e+02,4.013829246355368809e+02,2.000000000000000042e-02,2.000000000000000000e+00,0.000000000000000000e+00,1.000000000000000000e+00,1.000000000000000000e+00,1.289818109254459999e-01,1.169213740934482715e+00,0.000000000000000000e+00
3.290000000000000000e+02,2.658812947454480380e+01,2.879166666666666541e-01,1.259027777777777801e-01,1.310416666666666674e-01,1.638972452446323018e+02,1.850430943319784944e+02,4.013824145634478668e+02,2.000000000000000042e-02,2.000000000000000000e+00,0.000000000000000000e+00,1.000000000000000000e+00,1.000000000000000000e+00,1.290189414458064454e-01,1.169129391250578465e+00,0.000000000000000000e+00
3.300000000000000000e+02,2.657988149164769354e+01,2.877083333333333437e-01,1.254861111111111038e-01,1.309722222222222121e-01,1.638980276620278858e+02,1.850501018716240935e+02,4.013820643199840674e+02,2.000000000000000042e-02,2.000000000000000000e+00,0.000000000000000000e+00,1.000000000000000000e+00,1.000000000000000000e+00,1.290563072132487332e-01,1.169045357232157745e+00,0.000000000000000000e+00
3.310000000000000000e+02,2.657163510804465645e+01,2.875694444444444331e-01,1.251388888888888828e-01,1.309027777777777846e-01,1.638988255949422808e+02,1.850571739995968130e+02,4.013819069279777523e+02,2.000000000000000042e-02,2.000000000000000000e+00,0.000000000000000000e+00,1.000000000000000000e+00,1.000000000000000000e+00,1.290939598124091203e-01,1.168961614689156825e+00,0.000000000000000000e+00
3.320000000000000000e+02,2.656339366119610546e+01,2.874999999999999778e-01,1.249305555555555586e-01,1.309027777777777846e-01,1.638996276153017106e+02,1.850642833354080778e+02,4.013818656227026622e+02,2.000000000000000042e-02,2.000000000000000000e+00,0.000000000000000000e+00,1.000000000000000000e+00,1.000000000000000000e+00,1.291318109018719240e-01,1.168878069763701788e+00,0.000000000000000000e+00
3.330000000000000000e+02,2.655596186499642641e+01,2.874305555555555780e-01,1.247916666666666619e-01,1.309027777777777846e-01,1.639004280312034609e+02,1.850714153768932420e+02,4.013819211411268952e+02,2.000000000000000042e-02,2.000000000000000000e+00,0.000000000000000000e+00,1.000000000000000000e+00,1.000000000000000000e+00,1.291698112079318894e-01,1.168794788345476343e+00,0.000000000000000000e+00
3.340000000000000000e+02,2.654831135332770131e+01,2.873611111111111227e-01,1.247222222222222204e-01,1.308333333333333293e-01,1.639009855478227564e+02,1.850780818028690646e+02,4.013815837148158607e+02,2.000000000000000042e-02,2.000000000000000000e+00,0.000000000000000000e+00,1.000000000000000000e+00,1.000000000000000000e+00,1.292066437810850676e-01,1.168714846214673031e+00,0.000000000000000000e+00
3.350000000000000000e+02,2.654058151935152665e+01,2.872916666666666674e-01,1.242361111111111166e-01,1.308333333333333293e-01,1.639016733427352221e+02,1.850848723174685233e+02,4.013815931591831827e+02,2.000000000000000042e-02,2.000000000000000000e+00,0.000000000000000000e+00,1.000000000000000000e+00,1.000000000000000000e+00,1.292433356091310659e-01,1.168635330016111418e+00,0.000000000000000000e+00
3.360000000000000000e+02,2.653283154586929626e+01,2.873611111111111227e-01,1.236805555555555575e-01,1.308333333333333293e-01,1.639023861252243535e+02,1.850916881956294731e+02,4.013816908149593132e+02,2.000000000000000042e-02,2.000000000000000000e+00,0.000000000000000000e+00,1.000000000000000000e+00,1.000000000000000000e+00,1.292800097139288340e-01,1.168555999071799745e+00,0.000000000000000000e+00
3.370000000000000000e+02,2.652507373081536812e+01,2.872916666666666674e-01,1.234722222222222193e-01,1.307638888888889017e-01,1.639030840970061433e+02,1.850985020056279211e+02,4.013817576410819470e+02,2.000000000000000042e-02,2.000000000000000000e+00,0.000000000000000000e+00,1.000000000000000000e+00,1.000000000000000000e+00,1.293167729295273960e-01,1.168476531640855409e+00,0.000000000000000000e+00
3.380000000000000000e+02,2.651732826814810906e+01,2.872916666666666674e-01,1.229166666666666602e-01,1.306944444444444464e-01,1.639037731633868304e+02,1.851053045880842944e+02,4.013817694080645992e+02,2.000000000000000042e-02,2.000000000000000000e+00,0.000000000000000000e+00,1.000000000000000000e+00,1.000000000000000000e+00,1.293535286924895888e-01,1.168396904136601355e+00,0.000000000000000000e+00
3.390000000000000000e+02,2.650958802819242166e+01,2.874305555555555780e-01,1.227083333333333359e-01,1.304861111111111083e-01,1.639044335749602226e+02,1.851120872870387473e+02,4.013816520914852504e+02,2.000000000000000042e-02,2.000000000000000000e+00,0.000000000000000000e+00,1.000000000000000000e+00,1.000000000000000000e+00,1.293903602819834187e-01,1.168316818064367268e+00,0.000000000000000000e+00
3.400000000000000000e+02,2.650184961331265754e+01,2.874999999999999778e-01,1.224305555555555564e-01,1.304861111111111083e-01,1.639050758863834005e+02,1.851188528433779084e+02,4.013814162698328687e+02,2.000000000000000042e-02,2.000000000000000000e+00,0.000000000000000000e+00,1.000000000000000000e+00,1.000000000000000000e+00,1.294272117094139862e-01,1.168236298489957470e+00,0.000000000000000000e+00
3.410000000000000000e+02,2.649406985011339799e+01,2.873611111111111227e-01,1.220138888888888939e-01,1.304861111111111083e-01,1.639056943021688824e+02,1.851256120910846334e+02,4.013810669056988445e+02,2.000000000000000042e-02,2.000000000000000000e+00,0.000000000000000000e+00,1.000000000000000000e+00,1.000000000000000000e+00,1.294641890219854208e-01,1.168155245359638439e+00,0.000000000000000000e+00
3.420000000000000000e+02,2.648627082867393412e+01,2.873611111111111227e-01,1.214583333333333348e-01,1.304861111111111083e-01,1.639063499060230242e+02,1.851324084122053364e+02,4.013810355819342703e+02,2.000000000000000042e-02,2.000000000000000000e+00,0.000000000000000000e+00,1.000000000000000000e+00,1.000000000000000000e+00,1.295011359740024515e-01,1.168075481891004186e+00,0.000000000000000000e+00
3.430000000000000000e+02,2.647765269022420043e+01,2.874305555555555780e-01,1.211805555555555552e-01,1.304861111111111083e-01,1.639070225997760986e+02,1.851392262734292444e+02,4.013812316093378172e+02,2.000000000000000042e-02,2.000000000000000000e+00,0.000000000000000000e+00,1.000000000000000000e+00,1.000000000000000000e+00,1.295380962748459430e-01,1.167996700043156366e+00,0.000000000000000000e+00
3.440000000000000000e+02,2.646924052598554411e+01,2.873611111111111227e-01,1.211111111111111138e-01,1.304861111111111083e-01,1.639079364684474740e+02,1.851465448334306529e+02,4.013821004854538614e+02,2.000000000000000042e-02,2.000000000000000000e+00,0.000000000000000000e+00,1.000000000000000000e+00,1.000000000000000000e+00,1.295764489663479013e-01,1.167915695356681827e+00,0.000000000000000000e+00
3.450000000000000000e+02,2.646088555467929382e+01,2.872916666666666674e-01,1.206944444444444375e-01,1.304861111111111083e-01,1.639087314208461521e+02,1.851537571656245973e+02,4.013827849675010384e+02,2.000000000000000042e-02,2.000000000000000000e+00,0.000000000000000000e+00,1.000000000000000000e+00,1.000000000000000000e+00,1.296149726778769440e-01,1.167834944923392682e+00,0.000000000000000000e+00
3.460000000000000000e+02,2.645255459441820989e+01,2.871527777777777568e-01,1.204166666666666718e-01,1.303472222222222254e-01,1.639095172747231857e+02,1.851609591844380702e+02,4.013835480441381947e+02,2.000000000000000042e-02,2.000000000000000000e+00,0.000000000000000000e+00,1.000000000000000000e+00,1.000000000000000000e+00,1.296534958009550043e-01,1.167754745990064125e+00,0.000000000000000000e+00
3.470000000000000000e+02,2.644422841658045087e+01,2.872222222222222121e-01,1.204861111111111133e-01,1.303472222222222254e-01,1.639102997409605393e+02,1.851681614799277611e+02,4.013844247005502552e+02,2.000000000000000042e-02,2.000000000000000000e+00,0.000000000000000000e+00,1.000000000000000000e+00,1.000000000000000000e+00,1.296920435906869784e-01,1.167675163443583353e+00,0.000000000000000000e+00
3.480000000000000000e+02,2.643378405040428447e+01,2.872916666666666674e-01,1.204861111111111133e-01,1.303472222222222254e-01,1.639110898223290178e+02,1.851753776240323646e+02,4.013854243686698169e+02,1.000000000000000021e-02,3.000000000000000000e+00,0.000000000000000000e+00,0.000000000000000000e+00,0.000000000000000000e+00,1.297306230149083417e-01,1.167596089279298255e+00,0.000000000000000000e+00
3.490000000000000000e+02,2.642329347460310984e+01,2.872916666666666674e-01,1.204166666666666718e-01,1.303472222222222254e-01,1.639118938990590948e+02,1.851751121402798503e+02,4.013911018171822889e+02,1.000000000000000021e-02,3.000000000000000000e+00,0.000000000000000000e+00,0.000000000000000000e+00,0.000000000000000000e+00,1.297234614000321307e-01,1.167629856830368684e+00,0.000000000000000000e+00
3.500000000000000000e+02,2.642287719133873480e+01,2.872916666666666674e-01,1.204166666666666718e-01,1.303472222222222254e-01,1.639166771192014949e+02,1.851792901499659081e+02,4.013968532800506068e+02,1.000000000000000021e-02,3.000000000000000000e+00,0.000000000000000000e+00,0.000000000000000000e+00,0.000000000000000000e+00,1.297159837818215034e-01,1.167612009717623911e+00,0.000000000000000000e+00
3.510000000000000000e+02,2.641246881237154653e+01,2.873611111111111227e-01,1.204166666666666718e-01,1.303472222222222254e-01,1.639140226447020439e+02,1.851761298451116318e+02,4.013952809879180563e+02,1.000000000000000021e-02,3.000000000000000000e+00,0.000000000000000000e+00,0.000000000000000000e+00,0.000000000000000000e+00,1.297149984934300726e-01,1.167640512433542943e+00,0.000000000000000000e+00
3.520000000000000000e+02,2.641348616068014366e+01,2.872222222222222121e-01,1.204166666666666718e-01,1.303472222222222254e-01,1.639195271576733433e+02,1.851824952074178157e+02,4.013999444096870093e+02,1.000000000000000021e-02,3.000000000000000000e+00,0.000000000000000000e+00,0.000000000000000000e+00,0.000000000000000000e+00,1.297158942466429543e-01,1.167591185981644575e+00,0.000000000000000000e+00
3.530000000000000000e+02,2.640534266015649933e+01,2.872222222222222121e-01,1.203472222222222165e-01,1.303472222222222254e-01,1.639165282789147966e+02,1.851792877948421960e+02,4.013969179871112942e+02,1.000000000000000021e-02,3.000000000000000000e+00,0.000000000000000000e+00,0.000000000000000000e+00,0.000000000000000000e+00,1.297169952242241964e-01,1.167612386714727446e+00,0.000000000000000000e+00
3.540000000000000000e+02,2.640805910103025056e+01,2.872916666666666674e-01,1.202777777777777751e-01,1.303472222222222254e-01,1.639210301561084293e+02,1.851844674180033508e+02,4.014022176952910854e+02,1.000000000000000021e-02,3.000000000000000000e+00,0.000000000000000000e+00,0.000000000000000000e+00,0.000000000000000000e+00,1.297175673044814181e-01,1.167580376972088274e+00,0.000000000000000000e+00
3.550000000000000000e+02,2.640092636050540520e+01,2.872222222222222121e-01,1.202083333333333337e-01,1.303472222222222254e-01,1.639175790792008058e+02,1.851809099353529859e+02,4.013972191179375386e+02,1.000000000000000021e-02,3.000000000000000000e+00,0.000000000000000000e+00,0.000000000000000000e+00,0.000000000000000000e+00,1.297196492017386460e-01,1.167595025092306171e+00,0.000000000000000000e+00
3.560000000000000000e+02,2.639527777871195724e+01,2.872222222222222121e-01,1.202083333333333337e-01,1.303472222222222254e-01,1.639210669813727463e+02,1.851852156218071457e+02,4.014006462947787668e+02,1.000000000000000021e-02,3.000000000000000000e+00,0.000000000000000000e+00,0.000000000000000000e+00,0.000000000000000000e+00,1.297218779258602628e-01,1.167563133735987080e+00,0.000000000000000000e+00
3.570000000000000000e+02,2.639860182467715433e+01,2.872222222222222121e-01,1.201388888888888923e-01,1.303472222222222254e-01,1.639226000130025795e+02,1.851875524289165185e+02,4.014033671090230655e+02,1.000000000000000021e-02,3.000000000000000000e+00,0.000000000000000000e+00,0.000000000000000000e+00,0.000000000000000000e+00,1.297255681292706075e-01,1.167550474339251743e+00,0.000000000000000000e+00
3.580000000000000000e+02,2.639227792250087745e+01,2.872916666666666674e-01,1.201388888888888923e-01,1.303472222222222254e-01,1.639194614478808489e+02,1.851846129651093804e+02,4.013971789253885163e+02,1.000000000000000021e-02,3.000000000000000000e+00,0.000000000000000000e+00,0.000000000000000000e+00,0.000000000000000000e+00,1.297292666129818417e-01,1.167551463905998066e+00,0.000000000000000000e+00
3.590000000000000000e+02,2.638749534052474033e+01,2.872916666666666674e-01,1.200694444444444509e-01,1.303472222222222254e-01,1.639234345051715707e+02,1.851889301827058887e+02,4.014006189655760295e+02,1.000000000000000021e-02,3.000000000000000000e+00,0.000000000000000000e+00,0.000000000000000000e+00,0.000000000000000000e+00,1.297282218477640581e-01,1.167519508696105435e+00,0.000000000000000000e+00
3.600000000000000000e+02,2.639134547451178037e+01,2.872916666666666674e-01,1.200694444444444509e-01,1.303472222222222254e-01,1.639243507568550626e+02,1.851902295884447369e+02,4.014020795144786575e+02,1.000000000000000021e-02,3.000000000000000000e+00,0.000000000000000000e+00,0.000000000000000000e+00,0.000000000000000000e+00,1.297298341180123105e-01,1.167512186828266740e+00,0.000000000000000000e+00
3.610000000000000000e+02,2.638515220919557436e+01,2.872916666666666674e-01,1.198611111111111127e-01,1.303472222222222254e-01,1.639209533864290336e+02,1.851871849478068270e+02,4.013961629511842943e+02,1.000000000000000021e-02,3.000000000000000000e+00,0.000000000000000000e+00,0.000000000000000000e+00,0.000000000000000000e+00,1.297346746833795417e-01,1.167515873543376159e+00,0.000000000000000000e+00
3.620000000000000000e+02,2.638107853209797327e+01,2.872916666666666674e-01,1.194444444444444503e-01,1.303472222222222254e-01,1.639245246078986042e+02,1.851906497165701637e+02,4.014004357986050877e+02,1.000000000000000021e-02,3.000000000000000000e+00,0.000000000000000000e+00,0.000000000000000000e+00,0.000000000000000000e+00,1.297311989132763632e-01,1.167498393752269825e+00,0.000000000000000000e+00
3.630000000000000000e+02,2.638141267844216742e+01,2.872222222222222121e-01,1.193749999999999950e-01,1.302777777777777701e-01,1.639252651022140697e+02,1.851921806896355633e+02,4.014010617507428265e+02,1.000000000000000021e-02,3.000000000000000000e+00,0.000000000000000000e+00,0.000000000000000000e+00,0.000000000000000000e+00,1.297354350725661853e-01,1.167483855182054109e+00,0.000000000000000000e+00
3.640000000000000000e+02,2.637671306207024102e+01,2.872222222222222121e-01,1.193055555555555536e-01,1.302777777777777701e-01,1.639245752756438606e+02,1.851907863190690477e+02,4.013977555381253524e+02,1.000000000000000021e-02,3.000000000000000000e+00,0.000000000000000000e+00,0.000000000000000000e+00,0.000000000000000000e+00,1.297316830479227634e-01,1.167482321969025127e+00,0.000000000000000000e+00
3.650000000000000000e+02,2.637709198051418369e+01,2.872222222222222121e-01,1.193055555555555536e-01,1.302777777777777701e-01,1.639266705875854484e+02,1.851934581229490391e+02,4.014000729057514150e+02,1.000000000000000021e-02,3.000000000000000000e+00,0.000000000000000000e+00,0.000000000000000000e+00,0.000000000000000000e+00,1.297335415837706507e-01,1.167463564718705493e+00,0.000000000000000000e+00
3.660000000000000000e+02,2.637761910825364708e+01,2.872916666666666674e-01,1.193055555555555536e-01,1.302777777777777701e-01,1.639256394088455124e+02,1.851928705578387166e+02,4.013987402977685406e+02,1.000000000000000021e-02,3.000000000000000000e+00,0.000000000000000000e+00,0.000000000000000000e+00,0.000000000000000000e+00,1.297370638643707830e-01,1.167463245689067897e+00,0.000000000000000000e+00
3.670000000000000000e+02,2.637710198942431816e+01,2.872916666666666674e-01,1.193055555555555536e-01,1.302777777777777701e-01,1.639255231744645016e+02,1.851934561246645785e+02,4.013958441494885960e+02,1.000000000000000021e-02,3.000000000000000000e+00,0.000000000000000000e+00,1.000000000000000000e+00,1.000000000000000000e+00,1.297414370766704905e-01,1.167440753842217349e+00,0.000000000000000000e+00
3.680000000000000000e+02,2.637243775916922672e+01,2.872916666666666674e-01,1.192361111111111122e-01,1.302777777777777701e-01,1.639249196203630845e+02,1.851934226005722053e+02,4.013947673628147754e+02,1.000000000000000021e-02,3.000000000000000000e+00,0.000000000000000000e+00,1.000000000000000000e+00,1.000000000000000000e+00,1.297453921555384027e-01,1.167435331807375798e+00,0.000000000000000000e+00
3.690000000000000000e+02,2.637617101059499447e+01,2.872916666666666674e-01,1.192361111111111122e-01,1.302777777777777701e-01,1.639272895503992231e+02,1.851958627789577747e+02,4.013985686325162305e+02,1.000000000000000021e-02,3.000000000000000000e+00,0.000000000000000000e+00,1.000000000000000000e+00,1.000000000000000000e+00,1.297439449337052519e-01,1.167427298911148936e+00,0.000000000000000000e+00
3.700000000000000000e+02,2.637079272618449011e+01,2.872222222222222121e-01,1.192361111111111122e-01,1.302083333333333426e-01,1.639241252787635972e+02,1.851936352429198678e+02,4.013928983171964546e+02,1.000000000000000021e-02,3.000000000000000000e+00,0.000000000000000000e+00,1.000000000000000000e+00,1.000000000000000000e+00,1.297521638623118645e-01,1.167422750737013182e+00,0.000000000000000000e+00
3.710000000000000000e+02,2.636611614134061909e+01,2.872222222222222121e-01,1.190972222222222154e-01,1.302083333333333426e-01,1.639276304868924967e+02,1.851970262731265109e+02,4.013968814511027290e+02,1.000000000000000021e-02,3.000000000000000000e+00,0.000000000000000000e+00,1.000000000000000000e+00,1.000000000000000000e+00,1.297486929022297897e-01,1.167404571923995604e+00,0.000000000000000000e+00
3.720000000000000000e+02,2.637007570246584010e+01,2.872222222222222121e-01,1.190972222222222154e-01,1.302083333333333426e-01,1.639284763350476624e+02,1.851989515937056865e+02,4.013987686234066246e+02,1.000000000000000021e-02,3.000000000000000000e+00,0.000000000000000000e+00,1.000000000000000000e+00,1.000000000000000000e+00,1.297546084377923792e-01,1.167392229649365287e+00,0.000000000000000000e+00
3.730000000000000000e+02,2.637003237063136751e+01,2.872222222222222121e-01,1.190972222222222154e-01,1.302083333333333426e-01,1.639253697382012547e+02,1.851963807722914339e+02,4.013936723462969667e+02,1.000000000000000021e-02,3.000000000000000000e+00,0.000000000000000000e+00,1.000000000000000000e+00,1.000000000000000000e+00,1.297603358654079719e-01,1.167394798280811496e+00,0.000000000000000000e+00
3.740000000000000000e+02,2.636896760243408622e+01,2.872222222222222121e-01,1.190972222222222154e-01,1.302083333333333426e-01,1.639243707940685226e+02,1.851961538306451018e+02,4.013940573260912856e+02,1.000000000000000021e-02,3.000000000000000000e+00,0.000000000000000000e+00,1.000000000000000000e+00,1.000000000000000000e+00,1.297658361202401744e-01,1.167399533000836653e+00,0.000000000000000000e+00
3.750000000000000000e+02,2.636203116125039259e+01,2.872222222222222121e-01,1.191666666666666707e-01,1.302083333333333426e-01,1.639242579794965877e+02,1.851968255042318958e+02,4.013943455534105169e+02,1.000000000000000021e-02,3.000000000000000000e+00,0.000000000000000000e+00,1.000000000000000000e+00,1.000000000000000000e+00,1.297707111011968117e-01,1.167393228585542619e+00,0.000000000000000000e+00
3.760000000000000000e+02,2.635981026158892959e+01,2.872222222222222121e-01,1.190972222222222154e-01,1.302083333333333426e-01,1.639285267451488153e+02,1.852012511660366556e+02,4.013986264019074497e+02,1.000000000000000021e-02,3.000000000000000000e+00,0.000000000000000000e+00,1.000000000000000000e+00,1.000000000000000000e+00,1.297682889199598677e-01,1.167364550048560323e+00,0.000000000000000000e+00
3.770000000000000000e+02,2.636064362567928043e+01,2.872916666666666674e-01,1.190972222222222154e-01,1.302083333333333426e-01,1.639282066922268370e+02,1.852017675897901086e+02,4.013981823481575475e+02,1.000000000000000021e-02,3.000000000000000000e+00,0.000000000000000000e+00,1.000000000000000000e+00,1.000000000000000000e+00,1.297736449804768322e-01,1.167356108810086779e+00,0.000000000000000000e+00
3.780000000000000000e+02,2.635565725053585240e+01,2.872916666666666674e-01,1.190972222222222154e-01,1.302083333333333426e-01,1.639276364831908950e+02,1.852014228425029501e+02,4.013950094947211937e+02,1.000000000000000021e-02,3.000000000000000000e+00,0.000000000000000000e+00,1.000000000000000000e+00,1.000000000000000000e+00,1.297754717612454867e-01,1.167343011376706929e+00,0.000000000000000000e+00
3.790000000000000000e+02,2.635196048799177149e+01,2.872916666666666674e-01,1.190972222222222154e-01,1.302083333333333426e-01,1.639293700441719466e+02,1.852034677540550831e+02,4.013980141049604526e+02,1.000000000000000021e-02,3.000000000000000000e+00,0.000000000000000000e+00,1.000000000000000000e+00,1.000000000000000000e+00,1.297759986764463191e-01,1.167335304099195170e+00,0.000000000000000000e+00
3.800000000000000000e+02,2.635642249406527782e+01,2.872916666666666674e-01,1.190277777777777740e-01,1.302083333333333426e-01,1.639312306091261462e+02,1.852055961992050754e+02,4.013999930687778033e+02,1.000000000000000021e-02,3.000000000000000000e+00,0.000000000000000000e+00,1.000000000000000000e+00,1.000000000000000000e+00,1.297761598630650104e-01,1.167321081578098996e+00,0.000000000000000000e+00
3.810000000000000000e+02,2.635700308856919349e+01,2.872916666666666674e-01,1.190277777777777740e-01,1.302083333333333426e-01,1.639280023527596484e+02,1.852030307105365523e+02,4.013944045680317458e+02,1.000000000000000021e-02,3.000000000000000000e+00,0.000000000000000000e+00,1.000000000000000000e+00,1.000000000000000000e+00,1.297827586039558001e-01,1.167320928972225724e+00,0.000000000000000000e+00
3.820000000000000000e+02,2.635065727029704519e+01,2.872222222222222121e-01,1.190277777777777740e-01,1.301388888888888873e-01,1.639266901435511272e+02,1.852024755869606736e+02,4.013944784444279321e+02,1.000000000000000021e-02,3.000000000000000000e+00,0.000000000000000000e+00,1.000000000000000000e+00,1.000000000000000000e+00,1.297884159362839018e-01,1.167327824168072015e+00,0.000000000000000000e+00
3.830000000000000000e+02,2.634707116679063788e+01,2.872222222222222121e-01,1.189583333333333326e-01,1.301388888888888873e-01,1.639306419544501807e+02,1.852065310676348417e+02,4.013985032843521594e+02,1.000000000000000021e-02,3.000000000000000000e+00,0.000000000000000000e+00,1.000000000000000000e+00,1.000000000000000000e+00,1.297859195786983388e-01,1.167302097666129468e+00,0.000000000000000000e+00
3.840000000000000000e+02,2.635008386493361954e+01,2.872222222222222121e-01,1.188888888888888912e-01,1.301388888888888873e-01,1.639312869753294990e+02,1.852080543549247409e+02,4.013994304655190035e+02,1.000000000000000021e-02,3.000000000000000000e+00,0.000000000000000000e+00,1.000000000000000000e+00,1.000000000000000000e+00,1.297907664373869341e-01,1.167289278339344927e+00,0.000000000000000000e+00
3.850000000000000000e+02,2.634540264731475290e+01,2.872222222222222121e-01,1.188194444444444497e-01,1.301388888888888873e-01,1.639283681397519103e+02,1.852049251584713829e+02,4.013937212550354161e+02,1.000000000000000021e-02,3.000000000000000000e+00,0.000000000000000000e+00,1.000000000000000000e+00,1.000000000000000000e+00,1.297917941852554935e-01,1.167295070104540589e+00,0.000000000000000000e+00
3.860000000000000000e+02,2.634156302529313010e+01,2.872916666666666674e-01,1.186111111111111116e-01,1.301388888888888873e-01,1.639317274791693251e+02,1.852086604517606929e+02,4.013984225034515703e+02,1.000000000000000021e-02,3.000000000000000000e+00,0.000000000000000000e+00,1.000000000000000000e+00,1.000000000000000000e+00,1.297914278082319961e-01,1.167276743562429164e+00,0.000000000000000000e+00
