outer,omega1,omega2,gap12,volume,Mnd_pct,gray_frac,mid_frac,move,stage,moveDescent,maxAbs,rms,l2,r_rho,Neff,u_min,u_P50,u_P75,u_P90,u_P95,u_P975,u_P99,u_max,u_mean,u_RMS,nActive_1e4,nActive_epsRMS,nActive_1e3,nActive_1e2,beta,nInner,innerConv,multN,degen
1,68.2415426134049,251.674531475403,2.68799593088282,0.499878753748315,99.6860108527891,1,1,0.04,1,0,0.0399678081845632,0.0280173672572345,3.96225407571688,0.99919520461408,9827.97350025098,0.000178032897667944,0.587411535933524,0.988510884829572,0.996248746306864,0.997231756183477,0.997722779142342,0.997962537824224,0.99919520461408,0.621552814235023,0.700434181430862,19976,19640,19596,17248,5398.68905128745,21,1,2,1
2,73.8147030136855,265.984065842484,2.60340223536725,0.499884720946299,98.7567469708268,1,1,0.04,1,0,0.0399627380169713,0.0278564452352926,3.93949626512541,0.999068450424283,9717.86617955381,0.000248040901057922,0.596464626294608,0.988453764352563,0.995949419326759,0.997027879836853,0.997548563560867,0.997801256264117,0.999068450424283,0.609426946963531,0.696411130882315,19964,19712,19664,16708,6267.02410002102,21,1,2,1
3,79.4954378406789,279.452920828386,2.51533280926703,0.499874140749882,97.2663806547112,1,0.6234,0.04,1,0,0.0399573109926705,0.0272461177742561,3.85318292783677,0.998932774816763,9299.22481438667,0.000291794430792509,0.565191024792337,0.987237976876917,0.99563906801086,0.996825810682443,0.997368253639195,0.997638643061652,0.998932774816763,0.584795547239899,0.681152944356404,19960,19640,19596,14824,7204.48616931987,20,1,2,1
4,85.1910805019874,291.062307142702,2.41658194059309,0.499860597739652,95.2861681919569,1,0.538,0.04,1,0,0.0399514225933664,0.0264788013400527,3.74466799704855,0.99878556483416,8785.41217486835,3.96409764859487e-05,0.524504126005964,0.98313003204911,0.995252651263939,0.996595112383918,0.997177567089412,0.99747066739721,0.99878556483416,0.556584632365909,0.661970033501319,19972,19588,19500,14060,8199.15087898792,19,1,2,1
5,90.8337091117654,299.686402541075,2.29928619530806,0.499866990915319,92.8575505205704,1,0.4686,0.04,1,0,0.0399449279147869,0.0259908092219827,3.67565548987796,0.998623197869673,8467.32666642391,0.000186860120894759,0.502173098923656,0.976585647078551,0.994841285931691,0.996330266731937,0.996971231780193,0.997301838532779,0.998623197869673,0.53700562456543,0.649770230549567,19884,19112,18996,13840,9245.69345188857,19,1,2,1
6,96.4071242111969,303.85752439683,2.15181608084457,0.499854467367193,90.1322165943209,1,0.4204,0.04,1,0,0.0399376511626137,0.0247875415227642,3.50548773993794,0.998441279065343,7704.27660033636,1.41725016228258e-05,0.425241622056234,0.930710380420495,0.994308479251303,0.996009376866414,0.996764205097671,0.997146845100479,0.998441279065343,0.501347447656292,0.619688538069105,19920,19312,19224,12784,10309.9806732649,18,1,2,1
7,101.759342060513,301.088206539349,1.95882619170536,0.499867064067132,87.1770639924276,1,0.3854,0.04,1,0,0.039929423501868,0.0239125355300498,3.3817432057325,0.9982355875467,7172.90654437182,8.3086379477081e-05,0.373437480805331,0.894254745865924,0.993620837204804,0.995610371851483,0.996541533209354,0.997012537540503,0.9982355875467,0.4729573065163,0.597813388251247,19924,19376,19296,11572,11386.9460762271,18,1,2,1
8,106.912544336565,289.211682556255,1.70512393424857,0.499858059699119,84.1756648559785,1,0.3684,0.04,1,0,0.0399198271187177,0.0224643949979401,3.17694520765932,0.997995677967941,6333.47624121579,3.88204672061389e-05,0.28327042607531,0.796967487944234,0.991253424028523,0.995075581525392,0.996288773734982,0.996925090639859,0.997995677967941,0.427523088632758,0.561609874948502,19924,19300,19168,10524,12448.9689539933,17,1,2,1
9,111.783883309179,267.577579323762,1.39370445365258,0.49984472679391,81.1978514795983,1,0.3584,0.04,1,0,0.0399086071443106,0.021142427622692,2.98999078855026,0.997715178607766,5613.14885448904,8.5960542006217e-05,0.227455188520822,0.733669565057339,0.989786542413492,0.99430604724622,0.995960680022155,0.996845044189645,0.997715178607766,0.386775115416296,0.5285606905673,19756,18304,18120,9660,13501.9195336268,16,1,2,1
10,116.429707921846,238.895463546075,1.05184284844581,0.499856741623448,78.1494880771479,1,0.3464,0.04,1,0,0.0398966183064148,0.020681389435481,2.92479014283769,0.997415457660371,5374.24237702717,2.14562747263226e-05,0.211599142509551,0.704065422348043,0.988711237300114,0.992304478179548,0.995591673260676,0.996801498195993,0.997415457660371,0.371722350714557,0.517034735887025,19808,18236,17968,9292,14590.4991158462,16,1,2,1
11,121.053834005836,208.011015394081,0.718334797921834,0.499838556607206,75.0884912854156,0.8232,0.3386,0.04,1,0,0.0399004255709704,0.0198464303446107,2.80670909580415,0.997510639274259,4948.11458898762,3.62476990411033e-05,0.200796011112578,0.650373506226741,0.976574585786496,0.991660593810708,0.995160148160597,0.996744968382224,0.997510639274259,0.352516011856089,0.496160758615269,19728,17560,17172,8872,15709.8408128305,15,1,2,1
12,126.129972016206,182.99837130983,0.450871417669996,0.499879652319268,71.7785932542688,0.7844,0.3326,0.04,1,0,0.0399004066785022,0.0202114189099578,2.85832627372663,0.997510166962554,5131.79097147617,3.86052154337439e-05,0.210740485701604,0.668009658524747,0.992942514479292,0.995090505602234,0.995795893174291,0.996639478031141,0.997510166962554,0.361807830660208,0.505285472748943,19700,17788,17572,9144,17217.4076889942,15,1,2,1
13,131.104461867804,167.640070302826,0.27867555317729,0.499883603341549,68.9692691179891,0.7604,0.332,0.04,1,0,0.039823568960008,0.0176148765970608,2.49111973830918,0.995589224000199,3912.9909956387,0.000149649906231413,0.214451063047185,0.533180618457301,0.807517035468901,0.991830910087784,0.994042784250734,0.994730058264007,0.995589224000199,0.323118052443849,0.44037191492652,19892,18808,18552,9352,18209.2657542876,15,1,2,1
14,134.934192709799,160.289757561982,0.187910598069936,0.499917986407154,67.0988122646476,0.741,0.334,0.04,1,0,0.0398082337328075,0.0152537705654551,2.15720892109941,0.995205843320188,2936.55810139912,1.10495438077596e-05,0.17284946341697,0.360632299467934,0.690092480593342,0.990344831684988,0.993420177917129,0.994608432026962,0.995205843320188,0.272553068625495,0.381344264136377,19100,18444,18324,7104,18928.3862131728,15,1,2,1
15,137.488919966347,155.184662683694,0.128706682121576,0.49993430283267,65.6310177054797,0.7208,0.3386,0.04,1,0,0.0397682606313471,0.0139574278526864,1.97387837651131,0.994206515783678,2463.58519830543,6.90353906436261e-07,0.143394419135973,0.316587553144802,0.591700584417927,0.983371644114337,0.992652510107181,0.992990119260457,0.994206515783678,0.237121783919284,0.348935696317159,18304,17380,17276,5992,19476.956036038,15,1,2,1
16,139.584039931194,151.390336074309,0.0845819919593558,0.499943883588719,64.3660928680907,0.7108,0.3442,0.04,1,0,0.0397822890754668,0.0129570733166846,1.83240688131179,0.99455722688667,2121.60382829857,5.5112028994244e-06,0.126131750733151,0.282269671503454,0.522575281409903,0.942751286035481,0.9924876826357,0.993467129513838,0.99455722688667,0.210093276305012,0.323926832917115,17680,16256,16152,5504,20017.3825471519,15,1,2,1
17,141.351550151209,148.26463989017,0.0489070670365143,0.499949411142169,63.1974632288637,0.6942,0.3442,0.04,1,0,0.0397390245630999,0.0123304662627703,1.74379126191937,0.993475614077498,1925.54906258577,8.35658214840513e-06,0.108887015670919,0.253139946382161,0.493312377171879,0.856277888096672,0.991140440565345,0.992609182315496,0.993475614077498,0.192141653372506,0.308261656569258,16456,15464,15356,5044,20440.2538956445,15,1,2,1
18,142.99880993914,145.686209435403,0.018793159869004,0.499960937123734,62.1663826537476,0.684,0.338,0.04,1,0,0.039792658603288,0.0111786854751092,1.58090486084026,0.994816465082201,1578.35815212213,2.49220724950512e-07,0.0628034559616679,0.212501055178417,0.444982330608187,0.642174987377292,0.988261458068954,0.992596017825207,0.994816465082201,0.16031245999574,0.279467136877731,17516,14422,14234,4450,20856.3928829369,22,1,2,1
19,144.319430651061,145.318938246653,0.00692566199217138,0.499976024520753,61.246591013892,0.6722,0.3209,0.04,1,0,0.0397672890146768,0.0103631409920989,1.46556945398108,0.994182225366919,1358.19096818681,2.48549742048747e-06,0.0378878217994591,0.154120214862913,0.466855557416362,0.661401485638842,0.796455932358425,0.993076643636522,0.994182225366919,0.138471023475825,0.259078524802472,16348,11978,11426,3688,21131.8063513545,35,1,2,1
20,145.267753010547,145.880393044651,0.0042173161035922,0.499977715262169,60.4991057562303,0.6623,0.3146,0.04,1,0,0.0398332518872266,0.00890128685250429,1.25883205893849,0.995831297180666,998.720729370658,2.44337184358248e-06,0.0328640457784981,0.14495989446955,0.357941751489701,0.498871816592511,0.642336060017174,0.993201628543444,0.995831297180666,0.116032988373072,0.222532171312608,14602,11268,10874,3106,21370.0712315936,27,1,2,1
21,146.122337370218,146.802791227972,0.00465674085154194,0.499978461794731,59.7754324769559,0.6542,0.3099,0.04,1,0,0.039806742656683,0.0083647550351325,1.1829550016613,0.995168566417076,883.127009340603,1.00093861111386e-07,0.0290051548687727,0.112541371253132,0.328511773533023,0.466635531032974,0.629496815045747,0.992047833211455,0.995168566417076,0.10447343175435,0.209118875878313,14192,10952,10534,2750,21578.4701789018,27,1,2,1
22,146.77785346508,147.465430140946,0.00468447153050857,0.499975176241276,59.1125028127655,0.6427,0.3064,0.04,1,0,0.0397030624890986,0.00780986391795745,1.10448154730637,0.992576562227465,773.871609614188,4.43213997306277e-07,0.028930697771498,0.134280636200464,0.290207987956376,0.410949298735533,0.547041027298321,0.986663564993492,0.992576562227465,0.100921007332308,0.195246597948936,14710,10758,10404,2472,21767.7445416096,22,1,2,1
23,147.470716838235,148.372425655283,0.00611449402553062,0.499977156367471,58.5452120698266,0.6377,0.3038,0.04,1,0,0.0397916161587722,0.00654620013190236,0.925772500854486,0.994790403969306,541.284256317247,1.88330577818041e-06,0.018789829511836,0.0761501697597478,0.235093757907441,0.336996118036697,0.444204114741228,0.953800481568151,0.994790403969306,0.0764948435560366,0.163655003297559,13856,9540,9220,1842,21927.6864028829,19,1,2,1
24,147.988553363649,148.687754018062,0.00472469416398106,0.499975457650149,57.9419419745521,0.6295,0.3023,0.04,1,0,0.0398140120263638,0.00680719539513185,0.962682804951915,0.995350300659095,584.648100197253,6.12552703005776e-07,0.0218435564226747,0.102549659265658,0.250115018310128,0.344591472635384,0.466831090062364,0.818990099847926,0.995350300659095,0.0851198458113486,0.170179884878296,13952,9976,9686,2002,22081.5219460696,20,1,2,1
25,148.478263698388,149.453943935915,0.00657119913193824,0.499979247764893,57.479397190512,0.6256,0.3012,0.04,1,0,0.0397964732179098,0.00533570476745508,0.754582604695375,0.994911830447746,359.521118069763,2.41533013978839e-08,0.017893500036162,0.0650871878867717,0.188767434713978,0.267950431758782,0.350374612384981,0.568500312337724,0.994911830447746,0.0620267528864412,0.133392619186377,13790,9096,8582,1134,22191.7456494023,17,1,2,1
26,148.9123750784,149.58088750539,0.00448930068195224,0.499989273466573,56.9946334959442,0.6208,0.2999,0.04,1,0,0.0398034949685661,0.00547317444266592,0.774023752605195,0.995087374214152,378.151791204483,3.98447860819029e-07,0.0194353992039098,0.0767354449577206,0.196801243874778,0.269780511490504,0.373362759088017,0.528797005047061,0.995087374214152,0.0660752116695066,0.136829361066648,13680,9476,8964,1216,22308.4951138133,18,1,2,1
27,149.249916586299,150.084636388674,0.00559276562068868,0.499976986955003,56.5176206612762,0.6139,0.2982,0.04,1,0,0.0397912055902014,0.00533591588399802,0.754612461083203,0.994780139755036,359.644770675457,3.94021391099501e-08,0.0231526730811512,0.0721128219741267,0.206117080541845,0.289964169964974,0.397778101102077,0.490535333750547,0.994780139755036,0.0669130745957652,0.133397897099951,13506,10190,9684,1398,22407.0285847964,21,1,2,1
28,149.608190692374,150.590780771107,0.00656775591086545,0.499978042437395,56.1777894484616,0.6103,0.2983,0.04,1,0,0.0397646405798178,0.00401084240767978,0.567218772948191,0.994116014495445,203.473131653599,8.18283958146513e-08,0.0148253710322622,0.0517849390578242,0.13817533922426,0.214870916231763,0.289412106385135,0.377014289576228,0.994116014495445,0.0474962116713789,0.100271060191994,13396,8500,8146,680,22467.7000810346,15,1,2,1
29,149.850367560031,150.660509937591,0.00540634227831111,0.49998781864709,55.7143049613657,0.6063,0.2942,0.04,1,0,0.0397284130586029,0.00517772052368767,0.732240258677663,0.993210326465073,339.707214546801,8.83048288994087e-08,0.0208970095069143,0.06453310098446,0.207763053326356,0.30198007837248,0.403460945964668,0.524765748609626,0.993210326465073,0.0643648717176907,0.129443013092192,16396,9808,9336,1384,22567.6180501122,24,1,2,1
30,150.145047647499,151.125674100559,0.00653119412477713,0.499961837327889,55.3905797047339,0.6031,0.2931,0.04,1,0,0.0368040781265641,0.00382466235472065,0.540888937354376,0.920101953164103,215.985357787589,1.50240705535985e-07,0.0138186999076587,0.0447404876964123,0.148777601082311,0.212259796223958,0.302809463832452,0.407559486869145,0.920101953164103,0.0462833194642141,0.0956165588680162,13564,8292,7812,730,22623.9454450824,19,1,2,1
31,150.348829462177,151.153643259729,0.00535297681019761,0.499977522725209,55.0271070470704,0.5989,0.2911,0.04,1,0,0.0397380124472218,0.00442784585629709,0.626191966207286,0.993450311180545,248.31485432341,4.90281999893603e-07,0.0181108924904525,0.0533119706432577,0.174555167296279,0.248724513246569,0.340048082079063,0.451771546236118,0.993450311180545,0.0545948961880845,0.110696146407427,13158,9160,8678,992,22693.7223839053,21,1,2,1
32,150.572286571704,151.659150187808,0.00721821817846242,0.499983972791888,54.7425167151306,0.5962,0.291,0.04,1,0,0.039584871801,0.00345946785842756,0.489242636398206,0.989621795024999,152.753127221184,4.92939669668937e-07,0.0136145265393516,0.0488631860828725,0.127813492030237,0.195447448768209,0.273122600157813,0.352975924156454,0.989621795024999,0.0429910848444439,0.0864866964606889,12726,8558,8108,554,22724.832256915,17,1,2,1
33,150.761295480941,151.427552255642,0.00441928263202803,0.49998245541468,54.4160698309053,0.5925,0.2894,0.04,1,0,0.0396654384707267,0.00414240726549101,0.585824853573023,0.991635961768168,218.127823731409,5.1942234904115e-07,0.0206964239170139,0.0523554804923056,0.167864278925777,0.237634239728904,0.314901139993815,0.416771066056322,0.991635961768168,0.0529842744914986,0.103560181637275,12804,9820,9402,906,22802.7601296216,20,1,2,1
34,150.949420808849,152.009684281764,0.00702396516153235,0.499982513837671,54.1326201022595,0.5902,0.2883,0.04,1,0,0.0331995855023165,0.00339097862814341,0.479556796563772,0.829989637557913,208.648265030333,4.57815881482896e-08,0.0155487372386509,0.0446137634245581,0.130108555417717,0.196277728540898,0.271322795164614,0.34438869922455,0.829989637557913,0.0421777975064596,0.0847744657035852,12482,8800,8254,604,22830.5441473476,18,1,2,1
35,151.135659231486,151.962498576464,0.00547084221673855,0.499970655771216,53.8154800364167,0.587,0.288,0.04,1,0,0.0364384637639748,0.00386737718278666,0.546929726270915,0.910961594099371,225.29053117221,2.11394135659137e-07,0.0185371622742275,0.0540932478399749,0.158234895535104,0.229431964994421,0.302918520231684,0.403508527991744,0.910961594099371,0.0493063796666869,0.0966844295696665,12496,9382,8882,760,22886.7993655253,23,1,2,1
36,151.307554431597,152.16550105749,0.00567021672589631,0.499985504115992,53.5162104931837,0.5837,0.287,0.04,1,0,0.0385167473935395,0.00380767945626697,0.538487192822216,0.962918684838487,195.457143120313,8.13749741014306e-08,0.0134741438417306,0.0471435478886225,0.146675928632863,0.216464605024999,0.300084299273826,0.396610789741036,0.962918684838487,0.0459170498029526,0.0951919864066742,12638,8258,7676,738,22955.0177136451,21,1,2,1
37,151.477587744575,152.597510519625,0.00739332327458499,0.499981642761108,53.274214510573,0.5816,0.2869,0.04,1,0,0.0393822718120164,0.00312741895092989,0.442283829562769,0.984556795300411,126.124829466346,6.00679639838303e-07,0.0128524995679045,0.0427925931945179,0.116882621549035,0.17102653145134,0.235366081763766,0.330673242651581,0.984556795300411,0.0386913786878382,0.0781854737732472,12652,8498,8008,460,22975.1700412651,16,1,2,1
38,151.633283542943,152.352641758516,0.00474406541074547,0.499987254343837,52.9347906201133,0.5783,0.2859,0.04,1,0,0.0325291229072659,0.00433752701415248,0.613418953057411,0.813228072681647,355.606486350302,1.74761800469992e-07,0.0196442173447659,0.0601672715560918,0.172535770933462,0.256560538555125,0.323592286587193,0.466628096800366,0.813228072681647,0.0553066754290873,0.108438175353812,12524,9654,9176,1070,23051.8070681227,27,1,2,1
39,151.790989289069,152.990528385102,0.00790257117139318,0.499979353424216,52.6013762193245,0.5738,0.2858,0.04,1,0,0.0387518762287472,0.00418937585156934,0.59246721471677,0.96879690571868,233.745456013813,1.49030114851963e-08,0.0166417535092964,0.0561817722970278,0.150088417712275,0.249205181403967,0.323805574629994,0.458518627063053,0.96879690571868,0.0514166378473374,0.104734396289233,12600,9264,8930,994,23086.5470275071,27,1,2,1
40,151.985748639438,153.001667920721,0.00668430619565747,0.49999202005853,52.2941060524149,0.5695,0.2853,0.04,1,0,0.0396539379413568,0.00398469935304338,0.563521586705325,0.99134844853392,201.952144434035,2.31674708739157e-07,0.0145622515550193,0.0540048926140128,0.152832126925136,0.236886296247297,0.30871867419252,0.424425637827012,0.99134844853392,0.0495682702998431,0.0996174838260847,12506,8982,8574,854,23162.3299048778,24,1,2,1
41,152.155242052243,153.336852550887,0.00776582181926353,0.499982076717594,52.000030654874,0.5651,0.2846,0.04,1,0,0.0296707547298324,0.00373663832590306,0.528440459817521,0.741768868245811,317.201283912951,4.1511218723279e-07,0.0142566079289092,0.0517769108146976,0.140918039981167,0.222042550231602,0.287714608754793,0.419698175293146,0.741768868245811,0.0463876924612344,0.0934159581475766,12502,8932,8500,760,23190.7775193194,23,1,2,1
42,152.323258525788,153.008052967711,0.00449566565572882,0.499984344431115,51.7278678336771,0.5627,0.2835,0.04,1,0,0.0240092084236232,0.00361095794476611,0.510666569864711,0.600230210590581,452.396434083145,1.81452627619445e-06,0.0135811072939841,0.0490120941030976,0.138267096404164,0.221819532352604,0.275011324473062,0.407021538728269,0.600230210590581,0.0451116885196317,0.0902739486191528,12170,8670,8158,674,23222.2209795774,26,1,2,1
43,152.452656910394,153.385954466286,0.00612188449061044,0.499983854105667,51.4206110264204,0.5596,0.284,0.04,1,0,0.0283001092748423,0.00411854895973693,0.582450779615756,0.707502731871058,423.586623388086,5.73334425158019e-08,0.0165582423120378,0.0547524722029827,0.155802985836896,0.247449171330628,0.324708686806711,0.460360470190543,0.707502731871058,0.0515677143258386,0.102963723993423,12498,9288,8856,982,23288.3179324145,29,1,2,1
44,152.589460239918,153.960320128996,0.00898397495425176,0.49998570374269,51.0946090143777,0.5559,0.2839,0.04,1,0,0.0319303018246485,0.00425618066996432,0.601914842737375,0.798257545616211,355.356331710717,4.58192480326777e-07,0.0142363747201077,0.0606885093664832,0.152133580908834,0.248418210952169,0.34448179040876,0.479095385929981,0.798257545616211,0.0526032975944821,0.106404516749108,12322,9036,8746,978,23329.0373958998,29,1,2,1
45,152.7692795698,154.013882303293,0.0081469437899937,0.499984697492745,50.7729887806285,0.5523,0.2847,0.04,1,0,0.0255460851323496,0.00412742384778144,0.583705878319465,0.638652128308741,522.082845759797,6.53652090961386e-08,0.0164062669544184,0.0564617859883768,0.157265173960966,0.247594875746868,0.3377499039434,0.449749105458287,0.638652128308741,0.0519792577837935,0.103185596194536,12238,9228,8848,972,23386.2658745071,29,1,2,1
46,152.929586190224,154.201947289889,0.0083199146179702,0.499980672522827,50.5600338842996,0.5498,0.2847,0.04,1,0,0.0229739519645287,0.00291784113784298,0.412645050998768,0.574348799113217,322.61300042575,1.92263874548232e-06,0.0109689579522106,0.0472822570015453,0.109121829644334,0.162009446391212,0.230414994208328,0.32480181084387,0.574348799113217,0.0376084448559049,0.0729460284460744,12140,8570,8148,390,23414.4988831483,19,1,2,1
47,153.041049463267,153.981403017794,0.00614445312434126,0.499972377417218,50.2788741670943,0.5457,0.2852,0.04,1,0,0.0250048510358823,0.00369107759240554,0.521997199095135,0.625121275897058,435.800578232865,6.90699023796483e-08,0.0124355744145463,0.0523813760889087,0.134001175957287,0.212757171332138,0.299972352840054,0.414967448528296,0.625121275897058,0.0458150974612749,0.0922769398101386,12286,8610,8240,650,23460.4788210285,27,1,2,1
48,153.172931837789,154.177771483116,0.00656016460134995,0.499989008349825,50.0501915729193,0.5411,0.2863,0.04,1,0,0.0208329607983508,0.00314561278294298,0.444856825961213,0.520824019958769,455.97236722963,9.14941832423241e-07,0.0127995579012838,0.0447473830289944,0.111172323488155,0.180486063628991,0.240725586568132,0.350483392317728,0.520824019958769,0.0396371417812906,0.0786403195735743,12478,8556,7980,468,23491.7294786423,24,1,2,1
49,153.286136794509,154.442238276021,0.00754211375985091,0.499981272635127,49.8184006620273,0.5365,0.2892,0.04,1,0,0.0284768048947297,0.00331149708834006,0.468316409408953,0.711920122368243,270.455757525035,3.71421051351994e-07,0.0085808921720921,0.0418287769698913,0.131685567463823,0.193197653227453,0.271263666396474,0.348779358478421,0.711920122368243,0.040559561536773,0.0827874272085015,11616,7360,6886,584,23539.2747200134,22,1,2,1
50,153.399622923214,154.963698072607,0.0101960820997287,0.499970265652446,49.5357029835745,0.5315,0.2901,0.04,1,0,0.0316367783292102,0.00381195449204551,0.53909177417998,0.790919458230254,290.362754196551,3.63528243264776e-07,0.0115954444719987,0.056250018998881,0.133570727428337,0.223907163846471,0.308540159454036,0.415075441294897,0.790919458230254,0.0473412696014851,0.0952988623011378,11934,8648,8310,726,23579.8303620338,26,1,2,1
51,153.538388276044,154.802732960318,0.008234713796791,0.499978439642259,49.2364271997068,0.5277,0.2823,0.04,1,0,0.0281374292056379,0.00413532415510386,0.584823150495693,0.703435730140947,431.996552952583,9.23884440619225e-10,0.0133785962052332,0.0592346780447815,0.14440696210214,0.24788013628554,0.336391121211645,0.457946636537664,0.703435730140947,0.0516019660403377,0.103383103877596,12038,9142,8792,984,23621.7396946081,31,1,2,1
52,153.694695591114,154.873859462359,0.00767211819972204,0.499972461796997,48.9254829733664,0.524,0.2781,0.04,1,0,0.0284108994569318,0.00431146037104899,0.609732573037162,0.710272486423296,460.58397808071,7.24447219514079e-07,0.0153869426051539,0.0569985597729342,0.151901083171893,0.255880796894817,0.354474732882878,0.484362367558629,0.710272486423296,0.0528115831618417,0.107786509276225,12274,9054,8720,1046,23668.7688413999,33,1,2,1
53,153.847829732373,155.112009483074,0.00821707886878057,0.499986658190319,48.6968053420899,0.521,0.2762,0.04,1,0,0.0270932007210602,0.00316764661661762,0.447972880602589,0.677330018026504,273.390121451478,1.07108811869271e-08,0.0117090777950267,0.0457154006703055,0.109475433479584,0.183463524413523,0.250084429896971,0.359032988820046,0.677330018026504,0.0392155474793091,0.0791911654154404,11970,8490,8034,500,23696.63782792,24,1,2,1
54,153.95767209602,155.11781306285,0.00753545407017153,0.499985565230491,48.480975400212,0.5181,0.2761,0.04,1,0,0.0390414980578511,0.00313298499041956,0.443070986416268,0.976037451446276,128.793420393801,1.85869423621209e-07,0.0106937828125154,0.0415154716246426,0.112078005894817,0.180892897155535,0.241433468890193,0.334393030973998,0.976037451446276,0.0382175947389335,0.078324624760489,11614,8126,7634,458,23732.6690728991,23,1,2,1
55,154.070822372743,155.34805632061,0.00828991452240717,0.499992471731561,48.2449268376949,0.5165,0.2759,0.04,1,0,0.0397258037803602,0.0034649727480566,0.490021145355481,0.993145094509004,152.1543089355,3.27409013483527e-07,0.0101842708561249,0.0462795915075199,0.115384544056632,0.184142623747279,0.261210557514446,0.379288696504015,0.993145094509004,0.0409697850064443,0.0866243187014149,11526,8626,8110,540,23779.8567342216,25,1,2,1
56,154.196740201928,155.630550533783,0.00929857745356713,0.499989016639928,48.0112874701743,0.5135,0.2748,0.04,1,0,0.0397526184074667,0.00352245267356481,0.498150034377272,0.993815460186668,157.032248602622,1.80870439967167e-07,0.0105957678121382,0.0485442107067842,0.102551880020294,0.173005666394416,0.261476118603281,0.36845464595826,0.993815460186668,0.0403952722026285,0.0880613168391202,11332,8554,8212,568,23815.8764993006,21,1,2,1
57,154.346450703359,155.484177726908,0.0073712548514322,0.49996539535127,47.8292283131541,0.5117,0.2743,0.04,1,0,0.0395205433042055,0.00282307661458446,0.399243323596367,0.988013582605138,102.053877892577,3.87185242978908e-07,0.0085228734901902,0.0372231318065624,0.0883495779190831,0.13585405585088,0.203775206038872,0.307426695462976,0.988013582605138,0.0326814321004477,0.0705769153646115,11590,7556,7124,336,23835.0702896288,19,1,2,1
58,154.457233757995,155.461867209102,0.00650428229655822,0.499971939274971,47.6448075145958,0.5105,0.2745,0.04,1,0,0.0394466838201454,0.00333264805851876,0.471307608297359,0.986167095503635,142.753874091667,5.31101315125759e-08,0.00625403585979498,0.0400261464153779,0.11355883819831,0.185163929423312,0.246381735754246,0.34247564477688,0.986167095503635,0.0376849041254307,0.0833162014629689,11312,6500,6098,488,23892.8480433231,20,1,2,1
59,154.547041234298,156.251073843782,0.0110259801538391,0.499989877390867,47.3968530959963,0.5075,0.2732,0.04,1,0,0.0395904738804676,0.00361520190778561,0.511266756870749,0.98976184701169,166.768380181167,1.05477376912312e-07,0.00987218288219268,0.0443936019260762,0.1188287094846,0.189795870201421,0.277213430338836,0.392546280898517,0.98976184701169,0.0420506937309543,0.0903800476946401,11660,8482,8118,584,23931.967465077,26,1,2,1
60,154.684478470051,156.530974105039,0.0119371746490089,0.499979557670312,47.1360759725577,0.5055,0.2726,0.04,1,0,0.039564394229086,0.00383937891131216,0.542970172746691,0.98910985572715,188.34014680466,1.85974652416815e-07,0.0106059470350213,0.0504530690785841,0.115390399121368,0.188388257902728,0.280794686679706,0.407044493374305,0.98910985572715,0.0434219622706802,0.0959844727828042,11720,8634,8256,584,23969.9802900298,28,1,2,1
61,154.828251761759,156.600243820822,0.0114448883772826,0.499952758382061,46.8547266970161,0.5022,0.2718,0.04,1,0,0.0396914845574572,0.00410438377068979,0.580447519369352,0.99228711393643,213.860822749036,3.76378432287124e-07,0.0109719673576178,0.0519733887748467,0.118494399489589,0.214320612679014,0.335533948739508,0.450400885373583,0.99228711393643,0.0465481263970946,0.102609594267245,11590,8716,8298,776,24022.299917749,32,1,2,1
62,154.974442534384,156.685155567673,0.0110386784124756,0.499974252903707,46.6147136982089,0.4997,0.271,0.04,1,0,0.0394843084128641,0.00375665343589104,0.531271023817259,0.987107710321601,181.043604697065,1.02752816548643e-07,0.00975592759942786,0.0491790002965206,0.120151958635897,0.196605646650518,0.284834430538391,0.413159525851418,0.987107710321601,0.0440599383327143,0.0939163358972759,12270,8458,8118,640,24045.5895518294,30,1,2,1
63,155.102807691005,156.924870430604,0.011747451685265,0.499951152763462,46.4071972060959,0.4978,0.2693,0.04,1,0,0.0381040138015342,0.00333586591091434,0.471762681347314,0.952600345038355,153.287137670831,1.25340246228338e-07,0.00725422478497782,0.0439977012162922,0.113781748153982,0.174399868982957,0.249393323511643,0.360010216368501,0.952600345038355,0.0388559539449981,0.0833966477728586,11454,7732,7312,496,24090.4200587554,28,1,2,1
64,155.197714403723,157.351381614457,0.0138769260810868,0.499982017914754,46.2558775571457,0.4967,0.2691,0.04,1,0,0.0281814105731567,0.00239212191392315,0.338297125352001,0.704535264328916,144.102382243721,3.95948787227591e-07,0.00583766840939285,0.0353121236811754,0.0776461177735027,0.128384151124956,0.18770525150083,0.273823946792938,0.704535264328916,0.0288786653763388,0.0598030478480788,11492,7330,6844,274,24102.4180556513,20,1,2,1
65,155.277858932414,157.465847940682,0.0140907984133115,0.499989450464632,46.0640290836913,0.4958,0.27,0.04,1,0,0.0391020440179592,0.00287389977240719,0.40643080350392,0.977551100448979,108.037446538057,9.15055165959052e-08,0.00596651701689033,0.036446741641726,0.0886976842632492,0.155421669269735,0.225878052035127,0.301280624303291,0.977551100448979,0.0331223219422855,0.0718474943101797,14890,7312,6816,382,24149.3359589164,25,1,2,1
66,155.378715065661,157.528408623296,0.0138351868640846,0.49998508486953,45.9292344641336,0.4939,0.269,0.04,1,0,0.0331786856011764,0.00231611769389885,0.327548505476405,0.829467140029411,97.4614548816378,8.0576447591792e-08,0.00709158604303821,0.0334274088701753,0.0704470063659706,0.122935427083295,0.184931804056545,0.252573826295657,0.829467140029411,0.0280553655950712,0.0579029423474712,11604,7448,6820,208,24150.8932421865,20,1,2,1
67,155.458787736116,157.539702246312,0.0133856344855083,0.499987487495284,45.7727303635333,0.4925,0.268,0.04,1,0,0.0348559676907335,0.00244393943800758,0.34562522988488,0.871399192268336,98.3233317075965,1.43071364638466e-07,0.00605777634680189,0.0313587243220265,0.0792883862498802,0.134490514348989,0.190519260012556,0.275394626869579,0.871399192268336,0.0284234743197048,0.0610984859501895,10940,6850,6358,298,24194.6888144482,22,1,2,1
68,155.540509200414,157.734457369586,0.0141053168750107,0.499991552121016,45.6169213567558,0.4903,0.2674,0.04,1,0,0.0325856104025982,0.00247273869363489,0.349698059674319,0.814640260064956,115.1687687093,4.10829382432151e-08,0.00477022959250827,0.0329242175851757,0.075833938182656,0.128570139306943,0.193382621712288,0.274897988905755,0.814640260064956,0.0285281378763716,0.0618184673408722,10976,6870,6390,254,24208.0314216416,21,1,2,1
69,155.629207233504,157.841897984902,0.0142177088139937,0.49999352463938,45.4458583356577,0.4877,0.2678,0.04,1,0,0.0372832578719653,0.00268983829691538,0.380400580008828,0.932081446799133,104.100935306272,4.61531321588698e-09,0.00486168349748962,0.0364994362419171,0.0865180791985961,0.146573989783705,0.203582065837181,0.281791283457946,0.932081446799133,0.0308228575573891,0.0672459574228846,11150,6678,6058,274,24251.8821309148,23,1,2,1
70,155.713978941175,158.021752848732,0.0148205955769002,0.499958801208926,45.2851425819216,0.4864,0.2665,0.04,1,0,0.0367524659821385,0.0027235315930972,0.385165531650966,0.918811649553461,109.830222156085,5.40010382658529e-08,0.00536923333916379,0.0351234591888686,0.0902586701024548,0.146525909204026,0.208798651949415,0.295470375470301,0.918811649553461,0.0314731406489326,0.06808828982743,11512,6880,6292,358,24246.8741230421,23,1,2,1
71,155.801477758737,158.225164493848,0.0155562499789888,0.499958671065271,45.0707354397918,0.484,0.2658,0.04,1,0,0.0390487254181559,0.00340134661294622,0.481023051036034,0.976218135453897,151.746279477483,3.98808411715034e-07,0.00617019124367752,0.0436933579868609,0.113527749985057,0.183141491215756,0.258391746061819,0.361674150225454,0.976218135453897,0.0394359949984914,0.0850336653236556,11726,7874,7520,532,24323.6903243249,32,1,2,1
72,155.907438209508,158.648777820285,0.0175831226672649,0.499988725274906,44.9022842542033,0.4821,0.2654,0.04,1,0,0.0319512288435357,0.0026172179800843,0.370130516312194,0.798780721088393,134.194480848148,5.37269168342664e-07,0.00463972647088164,0.0337345608617281,0.0827832241947174,0.139945162118449,0.2085764398673,0.278388308660082,0.798780721088393,0.0299028389046064,0.0654304495021076,11586,6796,6442,290,24333.639259083,24,1,2,1
73,155.995396268758,158.653461728177,0.0170393840010478,0.499985398791195,44.7518640144014,0.4795,0.2632,0.04,1,0,0.0266036245293917,0.00247923100195071,0.350616210721453,0.665090613234793,173.693019092003,6.65983175521911e-09,0.00483960027157827,0.0335915605318571,0.0846617468426224,0.140487778697884,0.202012985695864,0.258742800033875,0.665090613234793,0.0293155428026202,0.0619807750487677,11120,6646,6296,238,24347.7678782328,23,1,2,1
74,156.072021252331,158.771458449218,0.01729609942401,0.49999566723895,44.5417861829631,0.4765,0.2625,0.04,1,0,0.0388409283814619,0.00312173826332573,0.441480459017428,0.971023209536547,129.194423099347,3.74709577416703e-07,0.00493843875088677,0.0368433293238562,0.100342268732563,0.164380125786848,0.241098484614222,0.347092338428175,0.971023209536547,0.0352570364940038,0.0780434565831434,15122,6932,6522,466,24390.3605354118,30,1,2,1
75,156.180584731217,158.865058455756,0.0171882678577425,0.499989989486435,44.4419881106058,0.4754,0.2622,0.04,1,0,0.0334089720374703,0.00194227735697293,0.274679498012128,0.835224300936758,67.5968197521276,1.3632351973427e-07,0.00445259001472887,0.0267858662910685,0.0616939716713419,0.0991068897310694,0.142537954679414,0.193851826772472,0.835224300936758,0.0228149029213342,0.0485569339243233,14918,5796,5270,72,24394.3036411902,17,1,2,1
76,156.238300187289,158.886395356341,0.0169490782085945,0.499994200365374,44.2896667783304,0.4734,0.262,0.04,1,0,0.0394281033600158,0.00249309465429314,0.352576827238122,0.985702584000395,79.9642296780929,2.59547510131809e-08,0.00443328784247096,0.0309624243010039,0.0762617894088152,0.123162178725215,0.181100632688796,0.242378567680518,0.985702584000395,0.027119309337035,0.0623273663573285,11228,6186,5780,180,24430.3612200725,21,1,2,1
77,156.317568527628,158.932442124646,0.0167279572069074,0.499993994251342,44.0690814482698,0.4712,0.2617,0.04,1,0,0.0360961630287782,0.00336341024963438,0.475658039085762,0.902404075719454,173.64712742876,9.29580927353701e-10,0.00450869650310534,0.0478515953588164,0.128065026027264,0.190262872982452,0.266286655530224,0.353974244098557,0.902404075719454,0.0403069182359462,0.0840852562408596,11504,7478,7214,586,24467.740503397,32,1,2,1
78,156.430888213927,159.180560609169,0.0175775540664398,0.499994866776605,43.8851082950054,0.4686,0.2612,0.04,1,0,0.0352580653640124,0.00290277185232647,0.410513932203497,0.88145163410031,135.562273848881,1.22456872076144e-07,0.00361067244663325,0.0391211230410295,0.0931019534594653,0.157899559583008,0.236905425563864,0.301251300995952,0.88145163410031,0.0328827693759977,0.0725692963081618,10812,7002,6716,436,24489.151008539,26,1,2,1
79,156.534282814171,159.191355106985,0.0169743793183528,0.499994573495775,43.6587499729147,0.4665,0.2608,0.04,1,0,0.0392031075077296,0.00349000705451075,0.493561530926688,0.980077687693241,158.504507918426,1.5290895740875e-07,0.00398645841812611,0.0517860743457743,0.128049153785789,0.188003649078534,0.257872331855185,0.343187234205984,0.980077687693241,0.040746032201309,0.0872501763627687,11316,7228,7000,562,24531.6976498352,33,1,2,1
80,156.659670141915,159.398082904191,0.0174800110315286,0.499995997237666,43.472901099701,0.4646,0.2598,0.04,1,0,0.0368262128007078,0.00292226980220532,0.413271358719211,0.920655320017696,125.937915106403,8.31568752267998e-08,0.00420449503309868,0.0436148549203854,0.100191155633851,0.157979758253326,0.221047599670392,0.293093080615437,0.920655320017696,0.0339356229173508,0.0730567450551331,11012,7000,6724,350,24562.5284523893,27,1,2,1
81,156.753482969826,159.467091436657,0.0173113121024089,0.499993456034363,43.319590602253,0.4637,0.2593,0.04,1,0,0.0336683491637267,0.00253623058939546,0.358677169682857,0.841708729093168,113.491627318924,1.17399752645816e-07,0.003377938419745,0.035292502430261,0.0958253229788439,0.138290180803649,0.198072606680865,0.250919561573967,0.841708729093168,0.0298621614294333,0.0634057647348866,10842,6344,5956,202,24574.1866472742,26,1,2,1
82,156.823839932799,159.639375340812,0.0179534910586314,0.49998545025002,43.2436423407523,0.4632,0.2601,0.04,1,0,0.0175901121671011,0.00157711191043211,0.223037305311324,0.439752804177528,160.774734517948,1.3729837566603e-08,0.00317144091048213,0.0243225697439336,0.0663543039420765,0.0962449659188341,0.11702492184332,0.142654237371786,0.439752804177528,0.0202796661326957,0.0394277977608028,14398,5222,4934,24,24571.8232106903,14,1,2,1
83,156.861157446956,159.935820654266,0.0196011763355131,0.499986229272453,43.0381977404038,0.4612,0.2599,0.04,1,0,0.0333893332374626,0.00298303015019879,0.421864169537898,0.834733330936566,159.635614485486,3.06113581336462e-08,0.00384300465392165,0.0517016831226111,0.114908882245432,0.166039360350208,0.230568736839378,0.290347662429045,0.834733330936566,0.0370883078963277,0.0745757537549699,14738,7004,6724,366,24644.4128788549,31,1,2,1
84,156.950813986548,160.213222599793,0.0207861847312515,0.499995756650797,42.8626118903103,0.4598,0.2603,0.04,1,0,0.0297832504697212,0.00281177674429646,0.397645280614932,0.744581261743029,178.257362867404,6.06741914402904e-08,0.00315662410937473,0.0413197637701902,0.111691100093912,0.163061326000408,0.202100492792342,0.272046703716001,0.744581261743029,0.033397423565113,0.0702944186074115,10494,6418,6196,268,24657.331079703,26,1,2,1
85,157.034629468655,160.412100994956,0.0215078135168581,0.499986480594175,42.8020824737767,0.459,0.2603,0.04,1,0,0.0156101011580145,0.00158109949583396,0.223601235046965,0.390252528950363,205.180914514481,9.91164173867182e-09,0.0060329183299895,0.0242893600894521,0.0697058950644448,0.0971367353067401,0.117766454429629,0.141711525421828,0.390252528950363,0.0213052949369936,0.039527487395849,14606,5296,4930,6,24622.9166389757,14,1,2,1
86,157.065461078279,160.707579020744,0.023188535006113,0.49999679144472,42.5797839710354,0.4577,0.2601,0.04,1,0,0.0345746140625706,0.00316120497338272,0.447061894679912,0.864365351564266,167.193976355909,5.76057972647982e-07,0.00516980771629623,0.0515526066641931,0.118080633121363,0.175319141100874,0.233701208020933,0.307185885453766,0.864365351564266,0.039133238775228,0.079030124334568,14248,6992,6834,412,24710.748256844,29,1,2,1
87,157.175823043512,160.902726450705,0.0237116837375261,0.499981740238923,42.5187578975385,0.4575,0.2595,0.04,1,0,0.0142891469724573,0.00135195476198689,0.191195276011675,0.357228674311432,179.036553455211,1.21348832553314e-07,0.00362546139647419,0.0249037435595484,0.055824642765578,0.0788517174522751,0.0980213382742985,0.124784604233533,0.357228674311432,0.0179531823003397,0.0337988690496722,15000,5332,4986,12,24657.035737647,10,1,2,1
88,157.20840011518,160.991953545461,0.0240671199980984,0.499995550826727,42.3295553682851,0.4564,0.2593,0.04,1,0,0.0391377247282479,0.00282490368413881,0.399501710250683,0.978443118206198,104.194821984883,6.9331293505829e-08,0.00270669171612475,0.0468613724302556,0.115715074814597,0.169032007881655,0.205801234869831,0.252365590449738,0.978443118206198,0.0349359178599043,0.0706225921034704,10236,6654,6468,210,24753.7036338277,24,1,2,1
89,157.299748326127,161.299379760845,0.0254268139477593,0.499994333147577,42.1129243424388,0.4546,0.2586,0.04,1,0,0.0380102195814593,0.00339574864248587,0.480231378461354,0.950255489536481,159.624779436663,3.90740040942079e-08,0.00242974774987476,0.0532837563999849,0.132685971829416,0.196385310734163,0.251995492959,0.336605450806648,0.950255489536481,0.0404826975523679,0.0848937160621467,9982,6680,6494,520,24773.5386037431,28,1,2,1
90,157.40796113391,161.517578941979,0.0261080683496889,0.499994485721503,41.8983577935481,0.4536,0.2586,0.04,1,0,0.0351270422211336,0.00341470812832583,0.482912654662404,0.87817605552834,188.996606751074,3.335448931744e-08,0.00278599418894415,0.0517444935051268,0.132726355762939,0.198213977635149,0.263167363303044,0.349091265218366,0.87817605552834,0.0404670677850876,0.0853677032081459,10216,6554,6384,556,24805.7197635459,26,1,2,1
91,157.524196036537,161.846312154101,0.0274377919476075,0.49999195428467,41.7605514441195,0.453,0.2585,0.04,1,0,0.0289434167233371,0.00241839561417124,0.342012787674457,0.723585418083427,139.632043416232,7.7029459329847e-08,0.00262137551620002,0.0325967496123024,0.0878580711199693,0.144026349633164,0.199382140730949,0.248501852868094,0.723585418083427,0.0282293612445099,0.0604598903542809,10118,5922,5652,194,24821.8849694145,17,1,2,1
92,157.592014025587,162.173135056409,0.0290694998674125,0.499993481256294,41.5015192795605,0.451,0.2578,0.04,1,0,0.0353035455667022,0.0039950879362986,0.564990754238662,0.882588639167556,256.121498116559,6.12400463667728e-07,0.00388778726803371,0.0583164580483833,0.149571126216816,0.225939438402192,0.30572437739255,0.42946098882089,0.882588639167556,0.0466226572848169,0.099877198407465,11012,6590,6408,804,24874.6142788782,27,1,2,1
93,157.731162300858,162.626463128726,0.0310357240538834,0.499992225118883,41.2226916445585,0.4484,0.2565,0.04,1,0,0.0364947087473029,0.00429941507327614,0.608029110689844,0.912367718682574,277.580491887548,4.44560978645595e-08,0.00428981027376865,0.0569681650768978,0.150623112796646,0.223894076235356,0.345451272994712,0.472469538334006,0.912367718682574,0.0488010885379803,0.107485376831904,11392,6930,6584,852,24918.0249766221,26,1,2,1
94,157.899510194396,163.042699555299,0.0325725479108257,0.499989180096547,40.9671443262146,0.4451,0.2565,0.04,1,0,0.0397154210016375,0.00408221295422461,0.577312092435959,0.992885525040936,211.301688494421,2.29547278228741e-08,0.00395540819083152,0.0492297409046454,0.122433343084707,0.190774049660042,0.28815892340093,0.442194194249704,0.992885525040936,0.0431523313908575,0.102055323855615,10858,6962,6528,628,24966.4815770712,20,1,2,1
95,158.065774171213,163.420108689185,0.0338740916308191,0.499986092965823,40.7398570954712,0.4417,0.2551,0.04,1,0,0.0386947567507371,0.00365910759402915,0.517475958565841,0.967368918768429,178.844716115928,1.26682744909728e-08,0.00287275685828071,0.0367819029469247,0.103528667320987,0.179328861042588,0.257460554939657,0.410468721481626,0.967368918768429,0.0370381165474342,0.0914776898507287,10340,6198,5816,544,25026.2249264706,15,1,2,1
96,158.21252714652,163.896846047443,0.0359283743420588,0.499988875499057,40.4545452122451,0.4376,0.2543,0.04,1,0,0.0396999806522662,0.00431511632972392,0.610249603671318,0.992499516306655,236.284058501013,9.47597573272944e-08,0.00331422918315113,0.0477998564587651,0.124590280811257,0.190374869613923,0.2934557495409,0.508451377440893,0.992499516306655,0.044012924648161,0.107877908243098,10196,6776,6334,666,25094.25799825,17,1,2,1
97,158.402972769529,164.390931777417,0.0378020620648315,0.499986055689545,40.2014395798921,0.435,0.2538,0.04,1,0,0.0391750191000936,0.00384955393154001,0.544409137907055,0.97937547750234,193.122279386711,3.28045491294388e-08,0.00245112249667941,0.0422845563766347,0.106025779335058,0.153568206386938,0.257824271221235,0.470812525971284,0.97937547750234,0.0385644865538345,0.0962388482885003,9958,6854,6300,518,25139.731750825,15,1,2,1
98,158.565956600649,164.677632111769,0.0385434278715522,0.499987943296128,39.9007771474887,0.431,0.2528,0.04,1,0,0.0383860827239926,0.00430976610316237,0.609492967374807,0.959652068099815,252.109846496623,5.42283660973349e-08,0.00141010810046716,0.047128189205382,0.14512937547352,0.211858104927779,0.325372022051556,0.489356032518293,0.959652068099815,0.0460529818626583,0.107744152579059,9670,6452,6048,780,25205.0554263768,15,1,2,1
99,158.759506925066,165.187594853158,0.0404894677024015,0.499987698336575,39.6205413292266,0.4284,0.2508,0.04,1,0,0.0394554305420752,0.00416788987104827,0.589428638211392,0.986385763551881,223.176720774989,7.94334716323604e-08,0.00169215363482039,0.0439963294993107,0.123547049221894,0.187787634404432,0.287662872093222,0.50085970172417,0.986385763551881,0.0427581747712055,0.104197246776207,9674,6742,6238,612,25258.2238004997,17,1,2,1
100,158.938411464353,165.506670896416,0.0413258152736486,0.499987448017345,39.3639360802338,0.4258,0.2495,0.04,1,0,0.0366222848286853,0.00376226579587858,0.532064731378389,0.915557120717133,211.07561928082,6.37720843420615e-08,0.00145445556195198,0.0400795484627388,0.1170564668253,0.183418460617606,0.271875458084017,0.452760493211153,0.915557120717133,0.0391022046092374,0.0940566448969646,9616,6318,5884,558,25308.8525224666,16,1,2,1
101,159.101201018861,165.79889293556,0.042097054414472,0.499989137120966,39.0106788737557,0.4216,0.2485,0.04,1,0,0.039556676028056,0.00496683751655498,0.702416897801556,0.988916900701401,315.319130666256,8.23455390418677e-08,0.00249968441581285,0.0498071406493594,0.162192079230318,0.25792430131464,0.377469155261797,0.597343011657335,0.988916900701401,0.0527499953010329,0.124170937913875,10000,7862,7384,1050,25380.7137514964,21,1,2,1
102,159.322336968893,166.235665579293,0.043392086394951,0.499987942681672,38.6789051811175,0.4183,0.2454,0.04,1,0,0.0396484777675275,0.00481292183770831,0.680649933752873,0.991211944188189,294.709799617566,6.29632891018284e-08,0.00262662971108393,0.0458673769406231,0.154515605121266,0.249253648879092,0.372443921931757,0.580068896525533,0.991211944188189,0.0500453951495136,0.120323045942708,10172,6966,6456,992,25449.1541264182,20,1,2,1
103,159.533266460948,166.639506115672,0.0445439362734064,0.499987358519918,38.3670167079528,0.4153,0.2442,0.04,1,0,0.0388679858263026,0.0045135727171672,0.638315575137504,0.971699645657564,269.703642346907,1.86462053342857e-08,0.00224833526661813,0.0446130765334272,0.140881224807406,0.242776291417272,0.38324516821761,0.527160256875891,0.971699645657564,0.0475364853671466,0.11283931792918,9696,7494,7022,962,25510.2759113072,18,1,2,1
104,159.725523416775,167.018582422004,0.0456599474474665,0.499986196063371,38.065356535042,0.4127,0.2424,0.04,1,0,0.0386607746228253,0.00439253072989052,0.621197653135176,0.966519365570632,258.177570481573,4.64507563460434e-10,0.00193901802965323,0.0389075117387867,0.132609687130293,0.228910804698795,0.385341142789393,0.519288861836799,0.966519365570632,0.0452685758784176,0.109813268247263,9448,6868,6246,924,25569.7273163575,17,1,2,1
105,159.917355134799,167.379338224001,0.0466614963892533,0.499983997315935,37.8026030672092,0.4109,0.2402,0.04,1,0,0.0391863262274239,0.00385724196451529,0.545496389957217,0.979658155685597,193.782548106394,1.62234880556995e-07,0.00116289337794491,0.0334168728209625,0.110463633357718,0.187045650722216,0.337562750005901,0.461901715917935,0.979658155685597,0.0389205600017845,0.0964310491128824,9240,6130,5616,762,25626.037259494,14,1,2,1
106,160.082557117172,167.684780506161,0.0474893925102942,0.499985978368304,37.4895792450027,0.4071,0.2388,0.04,1,0,0.0349620586117015,0.00446972162048265,0.632114093571881,0.874051465292538,326.886476403486,4.45957241663967e-09,0.00160301582390512,0.0361656419349707,0.129509900644328,0.206157823447833,0.433773165156411,0.541864562532924,0.874051465292538,0.0448708199663535,0.111743040512066,9210,6980,6374,846,25691.5925592463,16,1,2,1
107,160.279687088518,168.04967852457,0.0484777052987433,0.499984402623065,37.1276454093288,0.4032,0.2364,0.04,1,0,0.0369194057782914,0.00516151437140392,0.729948362642306,0.922985144457284,390.908282848584,1.68396592602677e-07,0.00134789208754357,0.0410944555328873,0.173640099901915,0.260731408338152,0.488100342752499,0.615547708268613,0.922985144457284,0.0530681294295897,0.129037859285098,9206,6036,5762,1082,25770.4258499642,16,1,2,1
108,160.516753137814,168.719416096925,0.0511016002925773,0.49998299406354,36.8122355071865,0.3983,0.2339,0.04,1,0,0.039457100922688,0.00462225569752147,0.653685669619118,0.986427523067201,274.465387082334,9.64401695377846e-09,0.00200778290745512,0.0330390401035188,0.116887241635244,0.188263505553126,0.439113417369873,0.621058292550599,0.986427523067201,0.0439545246054347,0.115556392438037,9322,6700,6142,760,25831.7116827747,15,1,2,1
109,160.738590164224,169.078846394705,0.0518870808930187,0.499986781030702,36.3716492230036,0.3895,0.2314,0.04,1,0,0.0396269519005606,0.00608424219972568,0.860441783561478,0.990673797514014,471.478234009005,1.05808659110974e-07,0.00247540228385154,0.0427741829228897,0.155244171145516,0.242535510413618,0.543197808881267,0.848447820061895,0.990673797514014,0.0569368294137998,0.152106054993142,9974,7602,7174,956,25938.2059175261,20,1,2,1
110,161.05424988397,169.599130168146,0.053055913087251,0.499993264176568,35.8477307181718,0.3816,0.2277,0.04,1,0,0.0396868094342616,0.00704092816251834,0.995737609912811,0.99217023585654,629.502487603083,2.46231284934334e-07,0.00328115931408862,0.0467424745343624,0.192403022954636,0.306005616791371,0.622032591533093,0.985674872916311,0.99217023585654,0.0669956059745805,0.176023204062958,10318,7176,6892,1450,26057.9574744085,27,1,2,1
111,161.386133940188,170.214588313293,0.0547039213193898,0.499984884117298,35.5672806331937,0.379,0.224,0.04,1,0,0.0396746338918679,0.00443457667902776,0.62714384828645,0.991865847296697,249.866755421367,2.38740701565404e-08,0.00310836296410404,0.0309339456593395,0.0941734022412754,0.15373874781895,0.254089189881593,0.671189455419516,0.991865847296697,0.03854558605825,0.110864416975694,14440,6438,6008,516,26111.3260908901,15,1,2,1
112,161.55198080588,170.480989334717,0.0552701891013372,0.49998853566363,35.345926840478,0.3777,0.2188,0.04,1,0,0.0391015292013301,0.00332639492135138,0.470423281158411,0.977538230033252,144.740520099306,2.49407591931437e-08,0.00129074425524178,0.0218373792905887,0.0846989922908909,0.142645271361164,0.213617082993848,0.413493361467107,0.977538230033252,0.0295262385162442,0.0831598730337845,8678,4960,4696,402,26138.4495799763,15,1,2,1
113,161.655072714672,170.670832165133,0.0557715838981088,0.499993218099173,35.1225314672742,0.3757,0.2129,0.04,1,0,0.0368165224942839,0.00328566536880283,0.464663252598056,0.920413062357097,159.290958892386,1.19958806096466e-07,0.00184748957504389,0.0236458408182931,0.0973519950235678,0.161146096871849,0.23198831195712,0.359383976811078,0.920413062357097,0.0313394374177284,0.0821416342200708,8574,5126,4888,418,26170.3450274741,19,1,2,1
114,161.754843991202,170.87944158077,0.0564100422863679,0.499993662245106,34.9131516724618,0.3736,0.2093,0.04,1,0,0.0386094438785856,0.00332353443072711,0.470018746694822,0.96523609696464,148.198315701459,3.86846360105777e-08,0.000946478693278347,0.0250115269942783,0.0997959358139276,0.168815636481469,0.232232750668488,0.35626535062052,0.96523609696464,0.0317890571176821,0.0830883607681775,8572,5308,5002,432,26198.3723561753,21,1,2,1
115,161.852148323916,171.100114706982,0.0571383604038284,0.499994100381102,34.7454765669436,0.3723,0.2056,0.04,1,0,0.033446834851692,0.00292977999273334,0.414333460049283,0.8361708712923,153.458151269111,9.04515021026827e-08,0.00154143515689159,0.021427019569025,0.0967809172638401,0.159008713915093,0.208396582396915,0.308923099792797,0.8361708712923,0.0291595472036206,0.0732444998183333,8702,4926,4634,344,26224.9977928783,15,1,2,1
116,161.925650307163,171.455262254053,0.0588517750511615,0.499994988703943,34.5988200409277,0.3713,0.2039,0.04,1,0,0.032030454469764,0.00262745878798669,0.371578785254715,0.800761361744099,134.578480266317,1.48638545345283e-07,0.00115052094817239,0.0224673223797836,0.079382151212311,0.125414391616695,0.181479153444453,0.275020475613365,0.800761361744099,0.0255257480889326,0.0656864696996673,8200,5036,4740,246,26242.5466549339,18,1,2,1
117,161.995068163848,171.621999773584,0.0594273129352274,0.499995018281578,34.4355629091268,0.37,0.2016,0.04,1,0,0.0288888129175562,0.00299319412055911,0.423301572011011,0.722220322938905,214.704115788175,1.72997164923649e-08,0.00117828907366895,0.0239646942094773,0.102380844716929,0.169101765091744,0.223089384480423,0.323313856303436,0.722220322938905,0.0303692701359722,0.0748298530139779,8260,5208,4896,352,26268.9546762661,17,1,2,1
118,162.060284706489,171.98667866603,0.0612512434957099,0.499995472118728,34.3147107906808,0.3684,0.1997,0.04,1,0,0.0345726375984248,0.00230991183557019,0.32667086457495,0.86431593996062,89.2803278353236,1.69094610557385e-08,0.00120193787407002,0.0205783246113262,0.0742905449880226,0.114158249263695,0.164492411340665,0.234131226416557,0.86431593996062,0.0229801836587816,0.0577477958892549,8196,4818,4514,176,26280.6773982264,17,1,2,1
119,162.119822809027,172.135798787665,0.0617813158507882,0.499995566636261,34.1902757347019,0.3668,0.1997,0.04,1,0,0.0284813147049321,0.00226638026166271,0.320514570353808,0.712032867623303,126.641337576905,3.18808849980499e-08,0.000782925019953947,0.0194500740274903,0.0720704650509709,0.115921080360027,0.160606070777196,0.238803939581267,0.712032867623303,0.0221307864916151,0.0566595065415676,7976,4648,4336,188,26300.3857659264,17,1,2,1
120,162.174548789075,172.295349696652,0.0624068387003227,0.499995925838903,34.0628692797196,0.3649,0.1982,0.04,1,0,0.0310631449281022,0.00235663932751974,0.333279129860023,0.776578623202555,115.113270158987,1.70444978461044e-08,0.000461724148187561,0.0205960755251628,0.0756518531154881,0.122416525368054,0.167737382142945,0.24461438570892,0.776578623202555,0.0230320067624664,0.0589159831879937,7956,4830,4510,190,26318.8715606747,18,1,2,1
121,162.228119554654,172.466629941388,0.0631118107935961,0.499996204325378,33.9227173901302,0.3635,0.1979,0.04,1,0,0.0323029338472256,0.00255976654669529,0.362005656684543,0.807573346180639,125.587604795955,1.6058924182853e-08,0.000922945565675382,0.0233124777986264,0.0829125017546661,0.135410432659659,0.186418895132665,0.267435606443528,0.807573346180639,0.0255635782852972,0.0639941636673822,8228,5120,4850,234,26338.4023623318,20,1,2,1
122,162.288086062381,172.672461891032,0.0639872961756369,0.499996394470699,33.8136187373497,0.363,0.1974,0.04,1,0,0.0293096170774127,0.00217215019434263,0.30718842643507,0.732740426935317,109.84730578986,4.57779713536682e-08,0.000692343692730144,0.0203081805783268,0.0699610629493794,0.114330823256812,0.156979984786174,0.224518667674838,0.732740426935317,0.021777361034026,0.0543037548585658,8024,4802,4468,164,26353.2002742185,17,1,2,1
123,162.334156429704,172.843748397352,0.0647404846816616,0.499996586084611,33.7016325089766,0.3613,0.1965,0.04,1,0,0.0266439930392694,0.00219925097335933,0.311021055358699,0.666099825981734,136.263945065173,1.38959960914884e-08,0.000986856749113502,0.0208668727656772,0.0742641254972821,0.119153620481918,0.161284098922401,0.226219686812082,0.666099825981734,0.0223925142844221,0.0549812743339832,7908,4886,4590,158,26368.0126186487,18,1,2,1
124,162.379256781741,173.021235840433,0.0655377987903686,0.499996386603145,33.6057038660032,0.3603,0.196,0.04,1,0,0.0269381925662411,0.0020217649045821,0.285920734798995,0.673454814156029,112.656017983594,1.48755485781037e-08,0.000862641441637091,0.0204465604806158,0.0709890712616081,0.112512318700052,0.150095295244885,0.198531706899077,0.673454814156029,0.0210266688273318,0.0505441226145524,7954,4824,4516,106,26379.500774861,17,1,2,1
125,162.419161227915,173.153346990299,0.0660894052230751,0.499996881836366,33.4892339644228,0.3593,0.1955,0.04,1,0,0.0280645341505628,0.00221114020781849,0.312702447020538,0.70161335376407,124.15004583712,4.21454196892977e-08,0.00104097024294557,0.021035098773676,0.0729846803347397,0.124977995028164,0.171766113966647,0.224786921007193,0.70161335376407,0.0228287832854191,0.0552785051954624,7936,4888,4640,130,26397.0158436268,18,1,2,1
126,162.464096145463,173.352222525965,0.0670186622080087,0.49999690470505,33.3889442003258,0.3578,0.1945,0.04,1,0,0.0262267061759645,0.00210560026870906,0.297776845694478,0.655667654399113,128.912297583147,1.38223138776216e-08,0.000731222326272281,0.0210376614656416,0.0735802860072601,0.120071160468093,0.157309223944423,0.208752417840229,0.655667654399113,0.0218600587832035,0.0526400067177265,7852,4920,4622,96,26408.2641764739,18,1,2,1
127,162.501053098517,173.528746609618,0.0678622895103061,0.49999692140616,33.2958944877487,0.3563,0.1942,0.04,1,0,0.0278457936633288,0.00201683073345205,0.285222937625877,0.696144841583219,104.91792569476,1.5295392280193e-08,0.000742536036869265,0.0215795120114796,0.0731410879843502,0.114208550650483,0.152070165186676,0.194954844982012,0.696144841583219,0.0214007861000622,0.0504207683363012,7870,4936,4688,92,26418.8075868588,18,1,2,1
128,162.535331708559,173.667847233554,0.0684928957167085,0.499997142707012,33.1976991447054,0.3549,0.1938,0.04,1,0,0.0260247068440442,0.00200696496876307,0.283827707803242,0.650617671101106,118.942725951304,3.9760055616072e-08,0.000637948780230504,0.0207331325055193,0.0732042507872374,0.116120489569145,0.15464816872355,0.205034987836794,0.650617671101106,0.0214743097156834,0.0501741242190767,7844,4844,4596,88,26431.5445317887,18,1,2,1
129,162.572074913878,173.843556273269,0.0693322107462912,0.499996877343633,33.0950305738613,0.3541,0.1932,0.04,1,0,0.0268174376192265,0.00219993608144859,0.311117944273852,0.670435940480663,134.590858373499,3.72278640730082e-08,0.000646717877510023,0.023343312602145,0.0807622668531607,0.126159654367816,0.169043080465674,0.217900928770784,0.670435940480663,0.0234571511339815,0.0549984020362148,7904,5104,4856,120,26443.9861610599,20,1,2,1
130,162.615561829739,174.016390442693,0.0701090872526153,0.499996821788243,32.9861576848929,0.3536,0.1919,0.04,1,0,0.0268635770732796,0.00230684486230345,0.326237129056024,0.67158942683199,147.482024338275,1.17156447118501e-08,0.000366350310585121,0.0243297743930721,0.0845281857206695,0.136151279826583,0.177058588138932,0.231051831243708,0.67158942683199,0.0245567857438978,0.0576711215575864,7974,5212,4932,136,26459.1351872013,21,1,2,1
131,162.660212946104,174.209711616849,0.0710038334609342,0.499997267791708,32.9004082371081,0.353,0.1911,0.04,1,0,0.0218581318617408,0.00195804733183586,0.276909709245073,0.546453296543519,160.49085255423,7.45730808568505e-09,0.000523278591208465,0.0212968964757839,0.0712518873503803,0.116121994966402,0.151805538237651,0.198090683927228,0.546453296543519,0.0210860577070202,0.0489511832958966,7854,4924,4666,78,26470.1248417306,18,1,2,1
132,162.693595345134,174.362072363879,0.0717205676965445,0.499997095987295,32.8134585429904,0.3515,0.19,0.04,1,0,0.0253011122233556,0.0019527709902208,0.276163521857899,0.632527805583889,119.138848758245,5.4761517522906e-10,0.000258644217197274,0.0212649388547492,0.0717810242965712,0.11453802147024,0.153025189320666,0.198663814825225,0.632527805583889,0.020965747352747,0.0488192747555199,7710,4908,4642,72,26481.3137845426,18,1,2,1
133,162.72750711649,174.511463742606,0.0724152716091247,0.499997173712028,32.7271290588579,0.3506,0.1896,0.04,1,0,0.0256666948224394,0.00196954763209106,0.278536097304299,0.641667370560986,117.766855389674,1.10938621916531e-08,0.000221790687787232,0.0211368779884396,0.0713133726619519,0.116342121469012,0.15264585971121,0.196397222563577,0.641667370560986,0.0210018888826878,0.0492386908022766,7700,4914,4646,74,26492.5768672316,18,1,2,1
134,162.760984431302,174.665626065174,0.0731418630543858,0.499997109421029,32.6394799171009,0.35,0.1885,0.04,1,0,0.0234329524320316,0.00199515488819945,0.282157510192663,0.585823810800791,144.987047799078,1.96336067033882e-08,0.000398807363803069,0.0201288357966514,0.072618904654484,0.118857071756316,0.152881049153207,0.207190854735473,0.585823810800791,0.0212829470771053,0.0498788722049862,7750,4828,4570,82,26503.7795768079,18,1,2,1
135,162.792617190187,174.84017059908,0.0740055268895758,0.499997282088209,32.5567860249665,0.3494,0.1883,0.04,1,0,0.0222734359197188,0.00195527899152506,0.276518206803793,0.556835897992971,154.124978854062,1.04062095862185e-08,0.000335646010118301,0.0210773421509668,0.072542346142719,0.115844470074933,0.152179423624195,0.197357254058457,0.556835897992971,0.0210513807137065,0.0488819747881266,7676,4892,4630,78,26513.3250733685,18,1,2,1
136,162.821516357645,175.002374347909,0.0748111076641012,0.499997266950185,32.4743392073863,0.3486,0.1876,0.04,1,0,0.0230016152670062,0.00194680819617997,0.275320255437681,0.575040381675156,143.271450443682,8.40780234175007e-09,0.000181624253176595,0.0212187309283423,0.0721838102657591,0.115846585929707,0.153683521764774,0.198580358248135,0.575040381675156,0.0210057576300013,0.0486702049044993,7670,4888,4622,84,26522.824977479,18,1,2,1
137,162.849707047763,175.165646798791,0.0756276444968714,0.499997327323349,32.3956866966321,0.3479,0.1875,0.04,1,0,0.0211971472205113,0.00192870992007481,0.272760772685332,0.529928680512784,165.580424574046,3.99486150025276e-10,0.000263098191450231,0.0213874240946364,0.0707786771193713,0.113350060077434,0.153489254837502,0.199018627924156,0.529928680512784,0.0209086739250274,0.0482177480018701,7670,4930,4648,86,26531.6878738145,18,1,2,1
138,162.876605740044,175.317278716221,0.0763809690142551,0.49999739327172,32.3177899717988,0.3472,0.1881,0.04,1,0,0.0209802424937573,0.0019296017196124,0.272886892185431,0.524506062343933,169.178178051171,5.02409560875136e-10,0.000187431861998581,0.0213115686275874,0.0713191924051141,0.11302074733152,0.155151419400514,0.201949212627998,0.524506062343933,0.0208988992971955,0.0482400429903101,7658,4920,4638,88,26540.5518440409,18,1,2,1
139,162.902946891967,175.470094638269,0.0771449994372139,0.499997375214395,32.2397654209057,0.3464,0.1869,0.04,1,0,0.0223597301912394,0.00195874238015697,0.277008003921294,0.558993254780984,153.479903759033,7.59124201105593e-09,0.000195003333745391,0.0210784286222834,0.0720504534790426,0.112942960883166,0.157208970335814,0.21191228706687,0.558993254780984,0.0210576812282823,0.0489685595039242,7666,4884,4642,100,26549.3395650329,18,1,2,1
140,162.929871763859,175.628136240452,0.0779369942363744,0.499997357637223,32.1633092556167,0.3458,0.1861,0.04,1,0,0.0194068057293032,0.00195785316913227,0.2768822504922,0.485170143232581,203.55515986368,1.88006935566164e-09,0.00019356628878518,0.0213051578728527,0.0717818590128341,0.112676829822198,0.155898972536464,0.211779434551871,0.485170143232581,0.0210419078679156,0.0489463292283068,7660,4900,4660,106,26557.9460425061,18,1,2,1
141,162.956284999139,175.780999414096,0.0787003361976804,0.499997330430624,32.0854863424569,0.3455,0.1853,0.04,1,0,0.0230603343013868,0.00200868898605011,0.284071520666153,0.57650835753467,151.748425771215,1.31597125355833e-09,0.000254131594971271,0.0208693257013181,0.0726240265948571,0.114435676263545,0.161655693281934,0.220368357500277,0.57650835753467,0.0213590530558804,0.0502172246512528,7656,4836,4564,110,26567.1489007943,18,1,2,1
142,162.982346830945,175.945798716546,0.0795389938705893,0.499997233549273,32.0113062396249,0.345,0.1857,0.04,1,0,0.0212618020919247,0.00198939569017551,0.281343036597279,0.531545052298116,175.094376650013,4.46780646283704e-09,0.000325455978207238,0.0211777551354475,0.0716318702288118,0.113087034394165,0.157694531908662,0.219126921514878,0.531545052298116,0.0212754776075978,0.0497348922543878,7650,4882,4592,106,26574.9406425833,18,1,2,1
143,163.006807737508,176.100058739074,0.0803233385359588,0.499997265173206,31.9332172151139,0.3448,0.1844,0.04,1,0,0.0203000667068293,0.00204988170875464,0.289897051378134,0.507501667670733,203.935422065768,2.0234170253991e-09,0.000388290511927185,0.0203031986675827,0.0720785445909563,0.115794288878067,0.164800575578411,0.226226727751933,0.507501667670733,0.0216570281439128,0.0512470427188658,7704,4810,4560,110,26584.102069995,18,1,2,1
144,163.0324238311,176.264771039209,0.0811638991628894,0.4999971032369,31.8599665029681,0.3436,0.184,0.04,1,0,0.0176242788799627,0.00203879620793481,0.288329324817624,0.440606971999067,267.642401059495,6.99303077234541e-10,0.000462000096579209,0.0210945388974155,0.0715940385903355,0.113539383227474,0.157475591406181,0.226918017005725,0.440606971999067,0.0216241099471262,0.0509699051983702,7652,4884,4622,126,26591.4182680283,18,1,2,1
145,163.057378314832,176.41721423944,0.0819333418866343,0.499997125755996,31.7858483993417,0.3425,0.1835,0.04,1,0,0.0211056431453548,0.00200770973864454,0.283933034169965,0.52764107863387,180.981700803036,1.43201281252801e-08,0.000389953922611855,0.0196635133461971,0.0691008605307552,0.109329847166153,0.158426576316472,0.224239667534192,0.52764107863387,0.0208291107907101,0.0501927434661135,7628,4728,4470,120,26600.3022771251,17,1,2,1
146,163.084495667558,176.570393697421,0.0826927046293493,0.499996965693539,31.7087017386098,0.3419,0.1827,0.04,1,0,0.0236717028573003,0.00212842506894212,0.301004759899284,0.591792571432506,161.691699320495,3.16215746803182e-08,0.000486391169445756,0.0211308685880667,0.0726796357544733,0.113638413173951,0.160936693700644,0.238464914561596,0.591792571432506,0.0220844912079327,0.0532106267235531,7702,4912,4652,176,26609.4603828547,18,1,2,1
147,163.112588381227,176.727619607997,0.0834701439164756,0.499997014281706,31.6276301146929,0.3412,0.182,0.04,1,0,0.0207619447933412,0.00215352336248229,0.304554194610977,0.519048619833529,215.175641790685,1.18141929543972e-09,0.000283318049555091,0.0211143964962317,0.0723249575196257,0.11530461151623,0.162450028176563,0.242094137961058,0.519048619833529,0.0221422915754732,0.0538380840620573,7704,4902,4626,184,26619.464830559,18,1,2,1
148,163.14131623185,176.886308829077,0.0842520638836383,0.499996880335746,31.5485634199519,0.3407,0.1819,0.04,1,0,0.0205108740576452,0.00216926517699596,0.306780423369136,0.512771851441131,223.710799049898,1.27891212359089e-09,0.000205573609213827,0.0211346524866095,0.0722470096486878,0.117452056362811,0.162548454071869,0.243636929793689,0.512771851441131,0.0222685028620785,0.054231629424899,7676,4920,4668,192,26628.5378521982,18,1,2,1
149,163.168878880552,177.044709704541,0.0850396896711292,0.499996875526233,31.4653102491755,0.3397,0.1814,0.04,1,0,0.0209966337840676,0.00220879150379656,0.312370290112356,0.524915844601689,221.32990361748,9.85119946919189e-10,0.000233203397690234,0.0210128728800347,0.0733989492569341,0.117967975399508,0.166843489789292,0.252029625128935,0.524915844601689,0.0224219459486049,0.055219787594914,7680,4896,4610,202,26638.438520978,18,1,2,1
150,163.197341750686,177.209588067342,0.0858607509555025,0.499996860085739,31.3850272759622,0.3387,0.1813,0.04,1,0,0.0220014295226058,0.00220236591734836,0.311461574962231,0.550035738065145,200.404353380306,1.45578496637901e-09,0.000188845857098413,0.0214128989818793,0.0732617894228393,0.116957822518024,0.163952647989477,0.254812745657302,0.550035738065145,0.0223499148685995,0.0550591479337089,7642,4926,4640,210,26647.3579815401,18,1,2,1
151,163.223654289378,177.367063701461,0.0866504887031116,0.49999685430199,31.3030248973636,0.3377,0.1812,0.04,1,0,0.0231588065104113,0.00222281397814627,0.314353367452695,0.578970162760282,184.248468025366,6.25037012847183e-09,0.000162963915802948,0.0210573139400398,0.0727821476251004,0.115493096620849,0.163166283996671,0.259382338752815,0.578970162760282,0.0222917004414001,0.0555703494536569,7650,4906,4612,214,26656.3233018412,18,1,2,1
152,163.251443032474,177.526531482491,0.0874423416102779,0.499996721666839,31.2223694109681,0.3374,0.182,0.04,1,0,0.0245783637252237,0.00225267014366073,0.318575666871795,0.614459093130591,168.00386307834,4.77449077508225e-09,0.00018074848999786,0.0212619258105247,0.0731065346998313,0.116440299465617,0.161079376257357,0.264408357675674,0.614459093130591,0.0224380456873489,0.0563167535915183,7616,4910,4630,216,26665.422421268,18,1,2,1
153,163.278787482882,177.685150051224,0.0882316851468083,0.499996721259336,31.1375891847285,0.3371,0.1817,0.04,1,0,0.0263766025781725,0.00231609882156916,0.327545836525945,0.659415064454312,154.20784045735,3.88769760289362e-09,0.000281036185740394,0.0203276936406535,0.0726058513728797,0.117402401206131,0.16901897376742,0.271231769242993,0.659415064454312,0.0226462829444649,0.0579024705392292,7628,4840,4552,218,26675.5934400461,18,1,2,1
154,163.308200679568,177.854941671914,0.0890753858766058,0.499996497893334,31.06052590741,0.3359,0.1815,0.04,1,0,0.0273081337978042,0.00221339108384359,0.31302076896073,0.682703344945105,131.389985256025,1.89640022588947e-09,0.000400806271452626,0.020092401221679,0.0683583282907983,0.107767523784091,0.150671094058972,0.258031518623902,0.682703344945105,0.0216623348861383,0.0553347770960899,7584,4806,4528,206,26683.3164092597,17,1,2,1
155,163.335169471706,178.004052140182,0.0898084761286907,0.499996527389033,30.9721571861764,0.335,0.1815,0.04,1,0,0.03041451241914,0.00231707817064147,0.327684337399981,0.760362810478499,116.077928691535,3.3549652792891e-09,0.000760515820686571,0.0192914640318919,0.0684329727711001,0.117245973294604,0.164973808459524,0.26342521240552,0.760362810478499,0.0222938415623355,0.0579269542660369,7606,4752,4462,216,26694.5535691873,17,1,2,1
156,163.365324348166,178.173938657069,0.0906472310938029,0.499996091756547,30.8937396289091,0.3338,0.1815,0.04,1,0,0.037668204149999,0.00223689368155174,0.316344538203715,0.941705103749975,70.5295073409618,2.92248136543792e-08,0.000598287480584724,0.0192529472423473,0.0651776656825983,0.10342966414348,0.144857510372365,0.254908980479266,0.941705103749975,0.0210620364576368,0.0559223420387934,7534,4688,4404,204,26702.8633060166,16,1,2,1
157,163.395554783682,178.323375827624,0.0913600193328702,0.499996160847652,30.8063635661648,0.3335,0.1802,0.04,1,0,0.0385418166434509,0.00224727758444272,0.317813043833594,0.963545416086273,67.9953280687781,6.323369998506e-08,0.000681579575319705,0.0176349314112435,0.0623832144538069,0.107493389872507,0.149179841683802,0.243602962199937,0.963545416086273,0.0205597490960349,0.056181939611068,7522,4514,4200,192,26714.9632115745,15,1,2,1
158,163.427372520724,178.48406390131,0.0921307804705529,0.499996178799887,30.7187830270627,0.333,0.1797,0.04,1,0,0.0372133410398625,0.00232688005140234,0.329070532670859,0.930333525996563,78.1953021885048,8.85661636062421e-08,0.000332004789945615,0.0178791600869256,0.0648647790940281,0.111746372624199,0.15502909094045,0.251994977500249,0.930333525996563,0.0212511191642759,0.0581720012850585,7484,4526,4232,204,26726.0610976583,16,1,2,1
159,163.459310046848,178.650959013372,0.0929384136160282,0.499996168967116,30.6363160561917,0.3323,0.179,0.04,1,0,0.0385415947429733,0.00219394670098968,0.310270917966332,0.963539868574332,64.8071286559116,3.02733026429573e-08,0.000319817743231713,0.016851445540875,0.0608451597882563,0.105002967066248,0.145685817200625,0.243802819369838,0.963539868574332,0.0200073933179775,0.0548486675247421,7460,4398,4084,190,26735.1793009601,15,1,2,1
160,163.488013808389,178.806110040897,0.0936955307956804,0.499996442391377,30.5464270771247,0.3311,0.1791,0.04,1,0,0.0367581574575832,0.00228778741027915,0.32354199834432,0.918953936439579,77.4736218687275,2.13479672077454e-08,0.000368548925844455,0.0176595752765651,0.0673777647068811,0.113821544640172,0.155088457431014,0.257793656553439,0.918953936439579,0.021309094857769,0.0571946852569789,7492,4474,4162,214,26745.5279165638,16,1,2,1
161,163.518309988331,178.978168222817,0.0945451199660119,0.499996397407522,30.4529439341237,0.3302,0.1786,0.04,1,0,0.0341392930246108,0.00242119663798005,0.342408912260353,0.853482325615271,100.596083691463,4.67632565285744e-09,0.000298053062673916,0.018264715291852,0.0701004837283083,0.118525358550179,0.16219421372011,0.276146380594995,0.853482325615271,0.0221799619739527,0.0605299159495013,7456,4532,4278,238,26755.8516288907,17,1,2,1
162,163.553505297632,179.162119936863,0.0954343021314474,0.499996183044108,30.3635328943998,0.3291,0.1778,0.04,1,0,0.0369734447977041,0.00234234652542865,0.331257822403869,0.924336119942603,80.2698505302934,5.12691899321803e-08,0.000271579103488996,0.0169867212524977,0.0641804106128767,0.109357580991599,0.152807119385077,0.261150002478232,0.924336119942603,0.0209916726955507,0.0585586631357162,7434,4434,4118,216,26766.2872399095,16,1,2,1
163,163.587340644121,179.335206918182,0.0962658003489378,0.499996318692175,30.2754895694505,0.3281,0.1776,0.04,1,0,0.0386000239824359,0.00222993422538521,0.315360322473971,0.965000599560896,66.7481069360676,3.46978596551748e-08,0.000385031877733211,0.0159337862924614,0.0631271841369686,0.106734319838067,0.144964504776581,0.251979332782123,0.965000599560896,0.0200709474067238,0.0557483556346303,7382,4208,3882,204,26777.1336987416,15,1,2,1
164,163.61731244389,179.501916256214,0.0970838817424734,0.49999631995615,30.1763309580037,0.3269,0.1772,0.04,1,0,0.0364658849337873,0.00246453158158278,0.348537398757118,0.911647123344682,91.3535138204706,1.28161057694817e-08,0.00043292474746291,0.0172178106888109,0.0724097770698937,0.119735339476225,0.163554795598472,0.274592651218053,0.911647123344682,0.0222185822146176,0.0616132895395696,7426,4352,4072,236,26788.6117842145,17,1,2,1
165,163.649527670603,179.70219648184,0.0980917515603694,0.499996322446324,30.0783184077154,0.3261,0.1768,0.04,1,0,0.03355203567267,0.00248974616815317,0.352103279786866,0.838800891816749,110.129176361683,5.4410237763988e-09,0.000277130603316423,0.0167405662621091,0.0727824855350269,0.122451662517946,0.161153281512968,0.274480377494973,0.838800891816749,0.0223873365396217,0.0622436542038293,7356,4360,4118,228,26799.2662699655,17,1,2,1
166,163.675652252745,179.90755651772,0.0991711598002926,0.499996438084147,29.9874136422276,0.325,0.177,0.04,1,0,0.037249693724705,0.00234057457272372,0.33100723044915,0.931242343117626,78.964074314291,1.22658453889868e-08,0.00128415868025682,0.0175457450071065,0.0691930170045109,0.117665102017168,0.164009670824888,0.255076316442058,0.931242343117626,0.0217664916485648,0.0585143643180931,7168,4408,4086,204,26806.7241576314,16,1,2,1
167,163.692246195196,180.13980329294,0.100478535056151,0.499996714664833,29.9061541795495,0.3241,0.177,0.04,1,0,0.0321662056054503,0.00243041364652195,0.343712394108799,0.804155140136257,114.180178739159,7.49702751827299e-09,0.000947362202348204,0.0190130799914905,0.0743238963454155,0.125254555747308,0.176158823424671,0.258536271206032,0.804155140136257,0.023157302755699,0.0607603411630487,7264,4640,4300,210,26812.3574716943,17,1,2,1
168,163.707189958189,180.417255738818,0.102072888703894,0.499996848636506,29.8259605125939,0.3237,0.1764,0.04,1,0,0.0350350240545378,0.00225176379431081,0.318447489717504,0.875875601363444,82.6172660798065,2.79275996306348e-08,0.00026125292716441,0.0176571811012315,0.069875165578977,0.115405302457778,0.163560866566922,0.23964217000943,0.875875601363444,0.0212272860804672,0.0562940948577701,7184,4428,4146,192,26815.2957917484,16,1,2,1
169,163.722630218026,180.678072371026,0.103561994639473,0.499997005831813,29.7386534331682,0.3227,0.1759,0.04,1,0,0.034088589039501,0.00231993998686766,0.328089059331991,0.852214725987526,92.6329394252187,6.69781916612083e-08,0.000174067339176736,0.0181381338595286,0.0726740763935031,0.121237028490203,0.167390681565894,0.245185126599454,0.852214725987526,0.0218418752169587,0.0579984996716915,7154,4502,4184,188,26820.510092097,17,1,2,1
170,163.740356986245,180.946807266359,0.105083747200818,0.499997103085411,29.6535086195568,0.3218,0.175,0.04,1,0,0.032812793440973,0.00227235095615303,0.321358954066308,0.820319836024325,95.9167381425809,5.27219464242177e-09,0.000208868524603402,0.0188710347083049,0.0732065471000332,0.119200626381271,0.163498908196702,0.235227609442385,0.820319836024325,0.0216772269623027,0.0568087739038257,7176,4576,4260,184,26825.7806395832,17,1,2,1
171,163.759507318424,181.211067939655,0.106568228660443,0.499997222152433,29.5685829023916,0.3205,0.1744,0.04,1,0,0.0349507230015034,0.00222511124616649,0.314678250211755,0.873768075037586,81.0627111958097,1.54345850653401e-08,0.000110324391115968,0.0180545882145741,0.0716625576107503,0.116981962503485,0.159636168319552,0.22808065606149,0.873768075037586,0.0210733917687029,0.0556277811541622,7146,4452,4144,178,26831.3442387468,17,1,2,1
172,163.779396478515,181.469561467592,0.108012151524794,0.499997262959327,29.5042997316283,0.32,0.1743,0.04,1,0,0.0313602281571023,0.00176831961983582,0.250078158898226,0.784005703927557,63.5906258662408,2.45402019558471e-08,0.000590594496935323,0.0139951293420981,0.0564699411202488,0.0923949614877541,0.124730895200383,0.17960859324807,0.784005703927557,0.0167537116252244,0.0442079904958956,7000,3848,3596,112,26834.2396058577,13,1,2,1
173,163.793144958218,181.670652459598,0.109146860242168,0.499997414533923,29.4222245750818,0.319,0.1742,0.04,1,0,0.0280583789820826,0.00213416340833855,0.301816283639276,0.701459474552065,115.707145747331,9.04893476155749e-09,0.00040614451642583,0.0176522950646296,0.0701651853846893,0.114106633748275,0.154041791863964,0.226894347803419,0.701459474552065,0.0205433245085428,0.0533540852084638,7090,4352,4058,166,26841.5798988985,17,1,2,1
174,163.812323262967,181.918091823523,0.110527512215859,0.499997320311524,29.3406122824779,0.3182,0.1726,0.04,1,0,0.0293922984407678,0.00216021097044599,0.305499965199187,0.734807461019195,108.032700632996,8.66645055386227e-09,0.000213662686734035,0.0166224353440055,0.0697698303623536,0.113864145874728,0.153066547528807,0.231798615328817,0.734807461019195,0.0202633828831493,0.05400527426115,7082,4272,3956,172,26847.6429037229,17,1,2,1
175,163.832657292033,182.163798544171,0.111889421530059,0.499997459325852,29.2604875863646,0.3179,0.1716,0.04,1,0,0.028286736337383,0.00212025218969295,0.299848940231502,0.707168408434575,112.367146331159,5.18048985262868e-09,0.000107486669192098,0.0167531972972803,0.0692026922711162,0.112201833028704,0.151434439238247,0.220851085865017,0.707168408434575,0.020022128405874,0.0530063047423237,7082,4268,3976,166,26853.8412599111,17,1,2,1
176,163.852009150911,182.402974734782,0.113217809656425,0.499997470502015,29.1798348941412,0.3174,0.1717,0.04,1,0,0.0313091345896881,0.00210282093596247,0.297383788688021,0.782728364742203,90.217845847692,1.5269571456675e-09,7.52513336962472e-05,0.0166474273790347,0.0689270222198414,0.111060481619833,0.14947940668783,0.219388350744352,0.782728364742203,0.0197532781701901,0.0525705233990617,7078,4236,3938,164,26859.5671413791,17,1,2,1
177,163.870285611327,182.634991581432,0.114509509152937,0.499997572359584,29.1078076702297,0.3167,0.1707,0.04,1,0,0.0307906333962438,0.00186096603344671,0.263180340361601,0.769765834906096,73.0583135149991,3.25575793699391e-09,0.000275249983102677,0.0147202783762729,0.0616095230455294,0.0982057427061118,0.134123553774862,0.195986036668233,0.769765834906096,0.017606261974429,0.0465241508361679,7012,3932,3684,140,26864.150778809,15,1,2,1
178,163.887382111613,182.841295467066,0.115652060038065,0.499997652990892,29.0267515997476,0.3158,0.1694,0.04,1,0,0.024048966298349,0.00203122110699851,0.287258043769578,0.601224157458725,142.676211753657,3.22124968353974e-08,0.00025468197818236,0.0155967234030696,0.0684116857816607,0.107570798014228,0.147812916818097,0.21724176254246,0.601224157458725,0.019171816017265,0.0507805276749626,7052,4118,3840,158,26871.3937289909,17,1,2,1
179,163.909920726962,183.069627193929,0.116891682834033,0.499997720086439,28.9488525717139,0.3149,0.1689,0.04,1,0,0.0240144943064231,0.00199769093420988,0.282516161258938,0.600362357660576,138.401150901648,6.10744474192604e-10,9.34173003783132e-05,0.01488087858415,0.0674403804095466,0.106346592643842,0.146291625683256,0.210217876653991,0.600362357660576,0.0187867340575446,0.049942273355247,7042,4058,3792,148,26877.6289896979,17,1,2,1
180,163.930017616299,183.289902860224,0.118098475955997,0.499997687007222,28.8715087458795,0.3143,0.1686,0.04,1,0,0.0241378445462734,0.00201055200172636,0.284334990869779,0.603446113656835,138.759793342662,1.15052374313734e-09,7.74924130027148e-05,0.0153661083457124,0.0676132700649636,0.104703909726348,0.144194741690867,0.208657982830707,0.603446113656835,0.0187888098911848,0.0502638000431589,7000,4086,3802,148,26884.1537525709,17,1,2,1
181,163.949312917498,183.506250836859,0.119286489045564,0.499997678202893,28.7931324074358,0.314,0.1681,0.04,1,0,0.0247988204474386,0.0020002419910551,0.282876935177829,0.619970511185966,130.116696242338,7.94963674747716e-09,6.33580222525307e-05,0.0153536265011034,0.066679613221748,0.103994395101979,0.14290301289094,0.209592506820155,0.619970511185966,0.0186343160959971,0.0500060497763776,6992,4066,3776,152,26890.5579470469,17,1,2,1
182,163.96718729136,183.717375522759,0.12045207677012,0.499997859402583,28.7171119725726,0.3125,0.168,0.04,1,0,0.0236171062271604,0.00192949788516332,0.272872207776817,0.590427655679011,133.495074926841,1.79806499331776e-08,7.80737463172241e-05,0.0152121964532272,0.0652772701832118,0.10248639459142,0.139415198508646,0.199595470403516,0.590427655679011,0.0182442219417882,0.048237447129083,6964,4060,3748,136,26895.9861369489,17,1,2,1
183,163.984681687289,183.922466181635,0.121583213073319,0.499997896608399,28.6419783570464,0.3121,0.1671,0.04,1,0,0.0247264651631734,0.00190185758689929,0.268963279309514,0.618161629079335,118.321022009351,2.85837530904314e-09,7.47182037213183e-05,0.0151174731216081,0.0640155075333754,0.100657746752842,0.13770541758564,0.195899740438511,0.618161629079335,0.0179636070317778,0.0475464396724821,6970,4024,3720,136,26901.2947001519,17,1,2,1
184,164.001501555881,184.122749341332,0.122689411953926,0.49999806045587,28.5695555504534,0.3116,0.1665,0.04,1,0,0.0243201869196254,0.00183361876069605,0.25931285195981,0.608004672990634,113.687905711677,4.7557867396952e-09,6.05348180657977e-05,0.0148425639174394,0.0630702004962194,0.098387318541261,0.136207125321363,0.191884189808268,0.608004672990634,0.0175492419017023,0.0458404690174012,6936,3988,3674,118,26906.1371764164,17,1,2,1
185,164.01743317076,184.31769623378,0.123768935231932,0.499998096513386,28.4993742156035,0.3112,0.1662,0.04,1,0,0.0227279876362079,0.00181490679267024,0.256666580063731,0.568199690905197,127.531268339045,5.48890216404383e-09,5.84968863489885e-05,0.0146436682962906,0.0623314794808263,0.0973372345815126,0.134303747264657,0.183914787746642,0.568199690905197,0.0172941218492346,0.0453726698167561,6922,3938,3630,110,26911.2164722097,17,1,2,1
186,164.033262428729,184.509165709143,0.124827751257526,0.499998141156624,28.4310324804747,0.3106,0.1656,0.04,1,0,0.0217515323364669,0.00179397424299761,0.253706270499522,0.543788308411673,136.045032246477,7.03281010305681e-09,0.00013887571172267,0.0135084287175533,0.0616566963730581,0.0970991645160396,0.133127072023634,0.182547565300626,0.543788308411673,0.016990249451014,0.0448493560749402,6914,3874,3550,114,26916.0766306307,17,1,2,1
187,164.048711448169,184.696928064701,0.125866374897166,0.499998132067547,28.3587433408564,0.3105,0.1649,0.04,1,0,0.0232044838281333,0.00172774873162261,0.244340568863361,0.580112095703332,110.878498686786,2.078446634242e-08,0.00119616113681832,0.0125891990959277,0.0516472780703055,0.0840878797274044,0.115275127552362,0.190897688317806,0.580112095703332,0.0159799767036866,0.0431937182905654,7648,3572,3186,126,26921.0675040932,18,1,2,1
188,164.076654879131,184.802889552014,0.126320436555409,0.499998152486332,28.2891009356947,0.3096,0.1641,0.04,1,0,0.023262213010389,0.001860240214545,0.263077694068137,0.581555325259726,127.898660658905,8.48890038307121e-09,0.000580141607930003,0.0147135546683784,0.0637549391633514,0.101884830662024,0.13693700849871,0.194654121517934,0.581555325259726,0.0178313597840338,0.046506005363625,6858,3940,3652,124,26930.0171743013,18,1,2,1
189,164.088646021765,184.988707687592,0.127370553493716,0.499998256453281,28.2121642134706,0.3088,0.1631,0.04,1,0,0.0232102282165759,0.00173952125439558,0.246005455000249,0.580255705414399,112.339025794208,9.53966833883084e-09,0.000982022004022264,0.0120933235507654,0.0564124754833055,0.0935536630793748,0.120145210191566,0.185953104782506,0.580255705414399,0.0163769868458749,0.0434880313598895,7242,3370,3120,116,26934.5360610285,18,1,2,1
190,164.11213117742,185.110005312603,0.127948336204846,0.499998301131597,28.143309060801,0.3084,0.1621,0.04,1,0,0.0198621174232898,0.00174636797887261,0.246973728061574,0.496552935582244,154.614572772719,3.08843721679089e-08,0.000411695190558616,0.012555918230258,0.0568012537843758,0.0965303631344485,0.126944865437508,0.182019766064651,0.496552935582244,0.0164809156393596,0.0436591994718153,6792,3590,3334,118,26941.1394492178,18,1,2,1
191,164.1273134881,185.252407320408,0.128711628694509,0.499998338263056,28.0763437752806,0.3076,0.1605,0.04,1,0,0.0202480593185751,0.0017134798794173,0.242322648432536,0.506201482964378,143.225782914561,3.98426432624246e-10,0.000146060740154993,0.0118308705719934,0.0558588641525135,0.0945325452026836,0.120692539466502,0.180331366435743,0.506201482964378,0.0159241499831893,0.0428369969854325,6854,3504,3260,110,26946.0532685347,18,1,2,1
192,164.145102670879,185.38276857663,0.129383487902977,0.499998307603087,28.0183621576394,0.3069,0.16,0.04,1,0,0.0207328569365023,0.00176761220111344,0.249978114783079,0.518321423412557,145.373643445128,2.52157175848866e-10,0.00129072187555456,0.0136306422379572,0.0593908191768925,0.0980701561801996,0.129271509643972,0.181490195131741,0.518321423412557,0.0171387955069373,0.0441903050278361,6826,3792,3518,112,26951.0121525588,18,1,2,1
193,164.154592048429,185.545971937431,0.130312406263309,0.499998316777104,27.9561940585928,0.306,0.1598,0.04,1,0,0.0215887964742432,0.00169244642821834,0.239348069237627,0.539719911856081,122.91446432513,2.76794288050325e-08,0.00020521013668134,0.0134836264246032,0.0575378679207489,0.0933640195715219,0.121943968169343,0.169050098092104,0.539719911856081,0.0160673992760117,0.0423111607054584,6796,3752,3460,100,26954.4519521217,17,1,2,1
194,164.167344005,185.712445453918,0.131238655163126,0.499998314808814,27.8888132695042,0.3051,0.1602,0.04,1,0,0.0228996474495774,0.00177639145305089,0.251219688498822,0.572491186239436,120.351013823844,3.68400107052803e-08,0.000165521188138351,0.0147904773412338,0.0595307488133521,0.0967146760159536,0.123196898188198,0.177128898467126,0.572491186239436,0.0168462611330961,0.0444097863262722,6848,3966,3602,106,26959.2977943269,18,1,2,1
195,164.18273154892,185.887440429972,0.132198488088773,0.49999838664614,27.8213571781412,0.3036,0.1604,0.04,1,0,0.0211452547758743,0.00174855510116262,0.247283033862084,0.528631369396858,136.761166419099,1.59743193259716e-09,7.6357798192461e-05,0.0145584579914755,0.0585982387901111,0.0961190957052061,0.122146626915966,0.17766158571496,0.528631369396858,0.0166158950859066,0.0437138775290656,6820,3900,3578,108,26964.1598705404,18,1,2,1
196,164.197724521953,186.058755069569,0.13313845006843,0.499998418528659,27.7542319779737,0.303,0.1594,0.04,1,0,0.0216181422011978,0.00172003666356025,0.243249917738588,0.540453555029946,126.610191496248,1.83104328602861e-09,5.78755483697309e-05,0.0141267760544274,0.0577317609025252,0.0954307222323242,0.120548749108349,0.16967229187232,0.540453555029946,0.0162875348712091,0.0430009165890063,6794,3832,3524,100,26968.6924819157,18,1,2,1
197,164.212717376183,186.225434923714,0.13405001694907,0.499998404694772,27.6865127325259,0.3021,0.1585,0.04,1,0,0.021807481183183,0.00171749497244955,0.242890468334576,0.545187029579576,124.053759912022,4.99175894795768e-09,6.3019172538694e-05,0.0138799185242801,0.0574824319380737,0.095258936791501,0.119289625185795,0.171134003884907,0.545187029579576,0.0161629172946047,0.0429373743112387,6784,3758,3460,100,26973.7467597286,18,1,2,1
198,164.228221598721,186.388754624032,0.134937423115123,0.499998518481279,27.6213104050024,0.3012,0.1579,0.04,1,0,0.0235762657446179,0.00166509754416503,0.235480352963232,0.589406643615447,99.7606614474522,1.36410504570698e-08,6.74124177775984e-05,0.0133822377340884,0.0569453976396824,0.0938264292873971,0.118114836761344,0.161831241727007,0.589406643615447,0.0158176227516622,0.0416274386041257,6772,3674,3398,90,26978.5724816676,18,1,2,1
199,164.242293705563,186.543486420413,0.135782277583318,0.499998591408937,27.5584339113766,0.3007,0.1578,0.04,1,0,0.0208885070277652,0.00161153658424609,0.227905689370123,0.522212675694131,119.040716619079,1.2077459644879e-09,5.88634072987315e-05,0.0128182344367872,0.0554503254464763,0.0922292079975548,0.115961946295473,0.157479930837444,0.522212675694131,0.0154335821504051,0.0402884146061521,6772,3616,3364,78,26982.5105757331,18,1,2,1
200,164.255134160676,186.689987179085,0.136585398885995,0.499998580818841,27.4959106042215,0.3003,0.1569,0.04,1,0,0.0200323778723553,0.00160658788386371,0.227205837450435,0.500809446808883,128.63938732239,1.69211718271688e-10,4.77975329437706e-05,0.0122975212509045,0.055098722753238,0.0920163158742665,0.1147441757296,0.158382500471524,0.500809446808883,0.0152967692109679,0.0401646970965927,6730,3582,3326,80,26986.6835690502,18,1,2,1
201,164.268084067811,186.831981926247,0.137360205949209,0.499998649034474,27.4349403070829,0.2997,0.1561,0.04,1,0,0.0193058643795988,0.00157601297858885,0.222881892879637,0.482646609489971,133.281868594422,2.04332955578452e-09,3.54810523687812e-05,0.0123633125467001,0.0556054288419001,0.0924874003243467,0.112852723846471,0.157224100662101,0.482646609489971,0.0151731793075321,0.0394003244647212,6722,3600,3324,76,26990.7720400348,18,1,2,1
202,164.279753082262,186.969948910286,0.138119247212789,0.499998663281014,27.3766223315311,0.299,0.1554,0.04,1,0,0.0184715805609508,0.00155951959159982,0.220549375722701,0.461789514023771,142.561924313981,4.40664234960106e-11,3.45379335088348e-05,0.0122946928513314,0.0548438594307948,0.0917126336301734,0.111912405649882,0.153332898172831,0.461789514023771,0.015058741964917,0.0389879897899954,6694,3602,3328,78,26994.4372098189,18,1,2,1
203,164.290479471862,187.105271612716,0.138868619862795,0.499998667015242,27.3189846694659,0.2983,0.1553,0.04,1,0,0.0172980524040386,0.00156052299117979,0.220691277852149,0.432451310100966,162.77058403119,1.97520949094692e-09,6.35783832055973e-05,0.0127690922603265,0.054382442934986,0.0915906662378316,0.110286891699865,0.15699383757918,0.432451310100966,0.0150979704175339,0.0390130747794948,6676,3642,3360,72,26997.8691239261,18,1,2,1
204,164.301790927732,187.242689924652,0.139626591209891,0.49999867886278,27.2619724164118,0.2976,0.155,0.04,1,0,0.0198053676616292,0.00155821391239218,0.220364724798347,0.495134191540729,123.799341023514,9.37757545614655e-10,3.67598916119918e-05,0.0128470600131692,0.0537238157284135,0.0903986940774778,0.108934063063082,0.153824881895103,0.495134191540729,0.0149829929036062,0.0389553478098046,6666,3622,3328,68,27001.5872847676,18,1,2,1
205,164.31338556982,187.378641176607,0.140373564373955,0.499998720932726,27.2053313147096,0.2969,0.1541,0.04,1,0,0.0191845242755651,0.00153637641277018,0.217276435984971,0.479613106889128,128.26943715447,1.63127099619608e-08,4.1246855762515e-05,0.0128479538445605,0.0525850912360582,0.0893179323924436,0.106859736190486,0.152048823245894,0.479613106889128,0.0148001746658304,0.0384094103192544,6640,3628,3306,70,27005.206266046,18,1,2,1
206,164.324959522057,187.510956918134,0.14109845189382,0.499998723222205,27.149332265422,0.2969,0.1536,0.04,1,0,0.020853178331188,0.00152915153894557,0.216254684530051,0.521329458279699,107.54408614151,9.14939849518138e-10,6.01066355494361e-05,0.0132729086929344,0.0515463792675397,0.0879421659347413,0.105185488059021,0.143105226727552,0.521329458279699,0.0147275615720344,0.0382287884736392,6698,3644,3320,72,27008.8957993741,18,1,2,1
207,164.335394993295,187.639971402634,0.141811059086145,0.499998768740854,27.0942008959115,0.296,0.1527,0.04,1,0,0.0185921276880332,0.00149360841129534,0.211228127212841,0.46480319220083,129.075944090287,1.37112579717455e-09,4.75434018616199e-05,0.0131442416166465,0.05125611256414,0.0877071577521214,0.104024783318217,0.141227982562892,0.46480319220083,0.0145373352478887,0.0373402102823836,6692,3614,3290,66,27012.011102833,18,1,2,1
208,164.344897281973,187.764423735372,0.142502303635367,0.499998828332295,27.0396292761103,0.2959,0.1522,0.04,1,0,0.0169249937703408,0.0014581252616913,0.206210052072265,0.423124844258519,148.44399330128,4.45406634913337e-10,3.44986344774179e-05,0.0127881119841857,0.050834279697518,0.0863956244207419,0.10315237652515,0.138044963382637,0.423124844258519,0.0143025172787987,0.0364531315422825,6682,3584,3260,60,27014.9532341967,18,1,2,1
209,164.354728570521,187.886135846312,0.143174507240868,0.499998851464611,26.9862517765795,0.2953,0.1513,0.04,1,0,0.0175103473212376,0.00144023084643416,0.203679399597527,0.43775868303094,135.302147971868,4.33544226884554e-10,3.07449373160041e-05,0.0126935856813808,0.0501529618974573,0.0856041795362201,0.101720437120572,0.137530853725233,0.43775868303094,0.0141372896291558,0.036005771160854,6684,3566,3226,62,27018.0683684441,18,1,2,1
210,164.36450418755,188.004925822304,0.143829239479702,0.499998873054257,26.9335054556665,0.2943,0.1514,0.04,1,0,0.0159620285261757,0.0014326017536377,0.202600482947391,0.399050713154393,161.103430140944,3.90812896270284e-09,3.24846505702484e-05,0.0125089464171186,0.0493935498744998,0.0846384713048428,0.100423550084738,0.136163391354948,0.399050713154393,0.013991221252786,0.0358150438409425,6650,3536,3200,60,27021.2059823869,18,1,2,1
211,164.374467090782,188.121527771785,0.144469278600836,0.499998867328796,26.88146030945,0.2939,0.1511,0.04,1,0,0.0171357379853243,0.00142884619611927,0.202069366909708,0.428393449633108,139.057794074632,1.0192753687117e-09,2.91260297761991e-05,0.0124177495758973,0.048702761778279,0.0839732788028596,0.0995638319048757,0.129716285777862,0.428393449633108,0.0139000042886575,0.0357211549029818,6640,3554,3202,60,27024.4072713062,18,1,2,1
212,164.384142018944,188.235331555779,0.145094224077201,0.499998897917432,26.8297913206949,0.2934,0.1513,0.04,1,0,0.0163613837366961,0.00141243054695479,0.199747843541351,0.409034593417403,149.047308377325,2.13529077881096e-09,3.28371479479467e-05,0.0122196189512845,0.048300666761086,0.0831125666073655,0.0990933284609385,0.129806049758216,0.409034593417403,0.0137627614533623,0.0353107636738698,6640,3514,3182,58,27027.3956146207,18,1,2,1
213,164.393064456411,188.34559483163,0.145702803548439,0.499998904387417,26.7781345276996,0.2926,0.1507,0.04,1,0,0.0154799979502966,0.00140720428713305,0.199008738789312,0.386999948757416,165.273223274489,1.44517923953095e-11,3.09863140232392e-05,0.0121629522082957,0.0480954248915689,0.0820393729910256,0.0982278164018661,0.130958404996687,0.386999948757416,0.0136610321854255,0.0351801071783263,6640,3490,3170,62,27030.2819319671,18,1,2,1
214,164.402388656481,188.454485957248,0.146300169342571,0.499998867127483,26.7247270681111,0.2924,0.1505,0.04,1,0,0.0185452986558275,0.00143600091707346,0.203081197250549,0.463632466395687,119.914518205541,7.05665465365892e-10,4.67732717263333e-05,0.0118910215457949,0.0480416369565939,0.0816786999003383,0.0976793148822393,0.132057624214681,0.463632466395687,0.0136651982272147,0.0359000229268365,6560,3452,3124,70,27033.6421982753,18,1,2,1
215,164.41350005017,188.564931759727,0.146894456368775,0.499998862894257,26.6716270060229,0.2923,0.1503,0.04,1,0,0.0184143388894113,0.00143426770807908,0.202836084483921,0.460358472235283,121.332787137749,3.31464719813939e-09,3.70362839087927e-05,0.0116368995154234,0.0475824253059849,0.0813070404463643,0.0977506562149018,0.126772128166546,0.460358472235283,0.0135820508062309,0.0358566927019769,6568,3440,3102,70,27037.2689151526,18,1,2,1
216,164.423633206684,188.672220411826,0.147476288731934,0.499998941513315,26.6207663009139,0.2913,0.149,0.04,1,0,0.0174620976941967,0.00138529651024743,0.195910511270003,0.436552442354919,125.870120738757,4.58608586808556e-09,3.67034885181524e-05,0.011319842942313,0.0473826341351439,0.0805633073268904,0.0980574706560998,0.127435414037456,0.436552442354919,0.0133699137646813,0.0346324127561857,6568,3440,3090,58,27040.1794586302,18,1,2,1
217,164.431790079573,188.772548179684,0.148029514781366,0.499998945174928,26.5698771531745,0.2899,0.1484,0.04,1,0,0.0188869318163764,0.0013820839105474,0.195456181063378,0.472173295409409,107.096676346111,1.32015265937388e-10,2.67855354279274e-05,0.0114474817387741,0.0470205314896423,0.0802003618636036,0.0967149300684813,0.123540832999508,0.472173295409409,0.013291886399356,0.0345520977636851,6548,3458,3094,56,27042.8453911059,18,1,2,1
218,164.43994902342,188.872148844492,0.148578249787659,0.499998942468281,26.5190315771329,0.2893,0.148,0.04,1,0,0.0192775893353758,0.00137230628046238,0.194073415355967,0.481939733384394,101.350675764543,5.78725436809865e-10,2.86460418153064e-05,0.0114595919952568,0.0468577118534012,0.0791070741459534,0.0960781065004686,0.121404380207492,0.481939733384394,0.01319943828014,0.0343076570115595,6530,3452,3096,54,27045.5324555712,18,1,2,1
219,164.448303016847,188.970551617064,0.149118283073464,0.499999011160784,26.4703297861668,0.289,0.147,0.04,1,0,0.0165980105657606,0.00132187240895857,0.1869409888476,0.414950264144014,126.851906221175,2.06468401400548e-09,3.08634752864827e-05,0.0114396831748858,0.0466109042314927,0.0788854004138289,0.0949970123044575,0.11880498200271,0.414950264144014,0.0130265190317457,0.0330468102239641,6536,3474,3084,42,27047.962464117,18,1,2,1
220,164.455216853821,189.06466301857,0.14964223474056,0.499999062411925,26.4241592552992,0.2885,0.1465,0.04,1,0,0.0134621849730614,0.00128745984630784,0.182074317565933,0.336554624326534,182.922140443523,3.42607043101313e-10,3.52156870352374e-05,0.0117414903673458,0.0464385432310362,0.0774392763911145,0.0945889331745657,0.118120645756556,0.336554624326534,0.012880818138077,0.0321864961576959,6540,3480,3082,38,27049.9569421536,18,1,2,1
221,164.460743115946,189.154768412921,0.150151488003223,0.499999084789678,26.3782807638888,0.2884,0.1467,0.04,1,0,0.01360841249414,0.00127163861787619,0.179836857983789,0.3402103123535,174.639501229449,1.01909536207203e-09,2.54042929116579e-05,0.011653244518052,0.0460860827303559,0.0765115499097927,0.0945108102729154,0.117286658346582,0.3402103123535,0.0127180740588709,0.0317909654469048,6498,3454,3060,42,27051.6588544617,18,1,2,1
222,164.46675162173,189.244004426329,0.150652047056818,0.499999072151657,26.3323199717036,0.2879,0.1456,0.04,1,0,0.0166254405140046,0.00128172242035469,0.181262923006327,0.415636012850115,118.869828296744,8.25758190274787e-09,2.55942675181061e-05,0.0114335421651845,0.0460310830567381,0.0757580448501919,0.0937615762577068,0.116368041448241,0.415636012850115,0.0126814618860403,0.0320430605088673,6502,3452,3064,42,27053.762073578,18,1,2,1
223,164.473383597137,189.33309941737,0.151147348443474,0.499999059391445,26.2867155308777,0.2874,0.1454,0.04,1,0,0.0166893151828506,0.00128630481437782,0.181910971383892,0.417232879571265,118.806650720202,1.26993557384058e-09,2.38286480778128e-05,0.0112038808541784,0.0459672212998561,0.0752036208653843,0.0931830068033072,0.114367890309623,0.417232879571265,0.0126103475226152,0.0321576203594454,6500,3440,3070,44,27055.9478860943,18,1,2,1
224,164.479826205945,189.421124152804,0.151637428870029,0.499999096877777,26.2424698278605,0.287,0.1454,0.04,1,0,0.0162170346506424,0.00126673259792132,0.179143041988043,0.40542586626606,122.02729937786,4.49111939789552e-10,2.3901763757015e-05,0.0112449924563116,0.0459822850200294,0.0745188529501126,0.0927647325317023,0.112891066312696,0.40542586626606,0.0125060921278573,0.0316683149480329,6494,3452,3070,40,27057.9033263982,18,1,2,1
225,164.48517172654,189.505810550358,0.152114859723743,0.499999120790105,26.1995152252112,0.2865,0.1446,0.04,1,0,0.0144459141271824,0.0012457051594187,0.176169313116806,0.36114785317956,148.720372405923,1.29156818198434e-09,2.56457631529511e-05,0.0111720419942645,0.0458296577210354,0.0733418678051533,0.0913347588195885,0.111650550449198,0.36114785317956,0.0124008673527454,0.0311426289854675,6480,3482,3088,34,27059.4242334182,18,1,2,1
226,164.489603234672,189.587250696757,0.152578928810956,0.499999124865352,26.1558685045402,0.286,0.1437,0.04,1,0,0.0138092610922134,0.00124015137375139,0.175383889215484,0.345231527305336,161.301539053097,5.52345567667053e-10,2.78742819556182e-05,0.0109664027485957,0.0463130271902732,0.0729977239583137,0.0908656702190752,0.112451398092679,0.345231527305336,0.0123518831002948,0.0310037843437847,6454,3492,3092,32,27060.8922399223,18,1,2,1
227,164.49462203157,189.668475312028,0.15303754596686,0.499999088716633,26.1107579129224,0.2855,0.1429,0.04,1,0,0.0160864337996864,0.00126474445891531,0.178861876673425,0.40216084499216,123.627763954286,1.70611871737961e-10,2.75213852751437e-05,0.0107148903009143,0.0464918457728315,0.0732176551587884,0.0914187905158479,0.112580568983732,0.40216084499216,0.0124412956835468,0.0316186114728827,6462,3492,3088,40,27062.8243695173,18,1,2,1
228,164.500308922983,189.750731055797,0.15349771862517,0.499999094666922,26.064967310114,0.2856,0.1422,0.04,1,0,0.0161591388255547,0.00125839599904579,0.17796406886866,0.403978470638868,121.290902956863,6.11613367098817e-10,2.43128485661791e-05,0.0107613053197455,0.0456280981250866,0.0719267633675243,0.0907728140026142,0.112153098355634,0.403978470638868,0.0123464596003081,0.0314598999761447,6486,3488,3092,38,27064.6718134721,18,1,2,1
229,164.507164552203,189.832979887313,0.153949619179494,0.499999132491902,26.0206303061669,0.285,0.1416,0.04,1,0,0.0163303754928311,0.00123480937754287,0.174628416866661,0.408259387320778,114.350348371235,1.20814067776498e-09,2.28736700799497e-05,0.0105524299955471,0.0450275745160584,0.0710779085432661,0.0900935758318729,0.111005281162355,0.408259387320778,0.0122044656488263,0.0308702344385718,6488,3494,3096,30,27066.7126646317,18,1,2,1
230,164.513334267083,189.912428568226,0.15438927436671,0.49999914894891,25.9777174856866,0.2848,0.1409,0.04,1,0,0.0150863485267939,0.00122069553480069,0.172632418084341,0.377158713169848,130.941235482075,3.81543803122541e-10,2.68823669653786e-05,0.0106179427460733,0.0449391458045295,0.0701861186257414,0.0897462523390828,0.109410894231305,0.377158713169848,0.0121195777168511,0.0305173883700172,6472,3504,3092,30,27068.5363867353,18,1,2,1
231,164.518717729523,189.989065958324,0.154817327659186,0.499999152588641,25.9351313640818,0.2845,0.1408,0.04,1,0,0.0154381816423545,0.00121360208756765,0.171629253156247,0.385954541058864,123.591992108627,3.20112294166206e-10,2.23209285891273e-05,0.010602115955031,0.0446912268674087,0.0692169957008236,0.0893759783826473,0.109194353652677,0.385954541058864,0.0120372120571991,0.0303400521891913,6436,3514,3078,34,27070.3040063402,18,1,2,1
232,164.523782123729,190.063859740418,0.155236387633506,0.499999167687961,25.8928917810435,0.2839,0.1403,0.04,1,0,0.0137715733439761,0.00119852866952658,0.169497549933747,0.344289333599402,151.481546768893,7.30739350650651e-12,2.28680647229873e-05,0.010525674007145,0.0447582607422819,0.0689378777971244,0.0890725021104885,0.108945332131501,0.344289333599402,0.011969535366047,0.0299632167381644,6400,3526,3090,28,27071.9191609781,18,1,2,1
233,164.528600788429,190.137229860775,0.155648494849089,0.499999168907639,25.8504709064136,0.2836,0.14,0.04,1,0,0.0143077824465818,0.00119706692084115,0.169290827452176,0.357694561164544,139.998118650708,2.30568963462171e-09,2.25811164945385e-05,0.0104413985397372,0.0446889281715148,0.0683269074236068,0.0884411398796326,0.108516418335826,0.357694561164544,0.0119369805058534,0.0299266730210288,6402,3514,3084,30,27073.5626552742,18,1,2,1
234,164.533944558747,190.211049995548,0.156059623475648,0.499999182598221,25.8083048056951,0.2832,0.1396,0.04,1,0,0.0162313781221537,0.0011955518218433,0.169076560097066,0.405784453053842,108.506565366732,8.36772435591183e-10,2.13855504113462e-05,0.0104257025324456,0.0442685552274043,0.0674134972591233,0.0871580494119487,0.108543397677212,0.405784453053842,0.0118807882661032,0.0298887955460826,6376,3520,3080,34,27075.3467788492,18,1,2,1
235,164.539638165411,190.284363323594,0.15646518641485,0.499999204493246,25.7672138162837,0.2825,0.1391,0.04,1,0,0.016505267031643,0.00117191429929911,0.165733709600777,0.412631675791074,100.826941282479,1.7000319524286e-09,2.17393217291883e-05,0.0103127163496511,0.0435537885081817,0.0663349629094347,0.0856185547439705,0.107882588843223,0.412631675791074,0.0117203998279227,0.0292978574824778,6434,3484,3098,30,27076.9651228359,18,1,2,1
236,164.544947891417,190.355899077025,0.156862617274885,0.499999205324683,25.7259692637034,0.2823,0.1388,0.04,1,0,0.0150560696645606,0.00117072309194391,0.165565247441044,0.376401741614014,120.92473209419,2.14221337187549e-10,2.08795632471408e-05,0.0100713658009912,0.0431940795324735,0.0657745353145762,0.0851201189525735,0.107427007117169,0.376401741614014,0.0116491752577156,0.0292680772985977,6412,3490,3094,30,27078.6842021881,18,1,2,1
237,164.550100316601,190.426621562966,0.157256186392945,0.49999922577903,25.6853421503901,0.2816,0.1376,0.04,1,0,0.0140100105985635,0.00115671104048795,0.163583644120475,0.350250264964088,136.333577048809,5.40436344920045e-10,2.1277230858614e-05,0.00992833363390012,0.0433181111929689,0.0652563209154608,0.0850561910585126,0.107854882030704,0.350250264964088,0.0115664277151431,0.0289177760121987,6368,3490,3094,28,27080.308742908,18,1,2,1
238,164.554483401693,190.495562164621,0.157644314677244,0.4999992327544,25.6450830403197,0.2814,0.1365,0.04,1,0,0.0138567625965791,0.00114578277530714,0.162038154037284,0.346419064914479,136.744863222831,5.05147812656586e-09,2.43808749330656e-05,0.00975194710329945,0.0429841702257794,0.0643784919861383,0.0851541990965856,0.106716000258526,0.346419064914479,0.0114816561768353,0.0286445693826785,6348,3490,3100,28,27081.7167582702,18,1,2,1
239,164.558930292863,190.563340748386,0.15802491186132,0.49999924852352,25.6049321014304,0.2809,0.136,0.04,1,0,0.0147739992429744,0.00113373740639458,0.160334681629291,0.369349981074361,117.776542997668,1.09352043138049e-09,2.30318081913865e-05,0.0097291095172789,0.042408732114679,0.0639934007076151,0.0847151433284666,0.105752191538387,0.369349981074361,0.0113849099778417,0.0283434351598644,6306,3504,3112,28,27083.1072848979,18,1,2,1
240,164.563407677972,190.630180325978,0.158399567776424,0.499999263074667,25.5652353577737,0.2804,0.1354,0.04,1,0,0.0132002561833497,0.00112389518265526,0.158942780999686,0.330006404583743,144.982937717702,1.50000849104907e-09,2.11678041183958e-05,0.0097318784664186,0.0417448736118308,0.0631720030707948,0.0840223756591023,0.105537851576865,0.330006404583743,0.0113108935129314,0.0280973795663816,6286,3520,3118,28,27084.5084523091,18,1,2,1
241,164.567946452701,190.695987800022,0.158767499446379,0.499999258236351,25.5254234961089,0.2796,0.135,0.04,1,0,0.0127079494193877,0.00112861908277209,0.159610841360937,0.317698735484693,157.751616675558,6.42193067025636e-10,1.88593414938073e-05,0.00973748633122143,0.0416541873458271,0.0628324292700027,0.0839886620587349,0.105427786397707,0.317698735484693,0.0112930900598166,0.0282154770693022,6284,3514,3120,26,27086.0421215457,18,1,2,1
242,164.573038961399,190.761757105339,0.159131278787914,0.499999242420586,25.4846716760536,0.2794,0.1341,0.04,1,0,0.0146176527179439,0.00114174454458313,0.161467061971495,0.365441317948597,122.014826397199,3.77195921896151e-10,1.97682214340294e-05,0.00966964092760356,0.0416054460431364,0.0624861881879047,0.0829964778252567,0.105099289905181,0.365441317948597,0.0113035581491651,0.0285436136145783,6282,3498,3126,32,27087.7886081709,18,1,2,1
243,164.578689158676,190.827740118254,0.159492405084537,0.499999253267285,25.4440389193799,0.2786,0.1336,0.04,1,0,0.0146587529277922,0.00113202988959312,0.160093202287431,0.366468823194804,119.275633998518,2.44196668727041e-10,1.99991750179087e-05,0.00954069697545393,0.0415688358315508,0.0619731103609736,0.0826397203793127,0.105563764353819,0.366468823194804,0.0112585195168088,0.0283007472398281,6274,3508,3136,26,27089.5724846118,18,1,2,1
244,164.584391421546,190.892781297309,0.159847417173236,0.499999245371768,25.4029229309074,0.2781,0.1329,0.04,1,0,0.0144467780805734,0.0011395724023114,0.161159874665488,0.361169452014335,124.443391561704,1.04800946235384e-10,2.30149498885772e-05,0.00959300473286452,0.04145660806578,0.061853961405874,0.0818560762544668,0.105788412662791,0.361169452014335,0.0112809066922464,0.0284893100577851,6282,3524,3152,26,27091.4990682541,18,1,2,1
245,164.590653885437,190.957899362547,0.160198922931937,0.499999239762586,25.361517132937,0.2777,0.1321,0.04,1,0,0.0154668011032191,0.00114548793492146,0.161996457310067,0.386670027580478,109.700860128491,5.91502074096778e-10,2.22585961156505e-05,0.00948071745752683,0.0415729120457178,0.0616574977356172,0.0819079143589424,0.105833253176825,0.386670027580478,0.0112859663491135,0.0286371983730364,6290,3526,3166,30,27093.5543355737,18,1,2,1
246,164.596856934773,191.021823731614,0.160543568625449,0.499999275007896,25.3215682044099,0.2775,0.1306,0.04,1,0,0.0142926591052196,0.00111333752723382,0.1574497030513,0.357316477630491,121.354984990494,2.16025683494302e-09,2.09332671156989e-05,0.00958149933358038,0.0411765017372305,0.0616680132980249,0.0817864829737725,0.106067116117814,0.357316477630491,0.011179289130725,0.0278334381808456,6314,3530,3180,22,27095.3584525996,18,1,2,1
247,164.602185962769,191.082904748936,0.160877078462106,0.499999284744793,25.2822969807711,0.2773,0.13,0.04,1,0,0.0138418591989614,0.00110183261807447,0.155822663194597,0.346046479974036,126.727944541843,2.21552516728694e-09,1.9372414423354e-05,0.00956237746194031,0.0409058272044726,0.0608721778720474,0.0817994063146126,0.105169513999643,0.346046479974036,0.0110988035120824,0.0275458154518618,6240,3528,3188,20,27097.1150320218,18,1,2,1
248,164.607212794923,191.142373600294,0.161202904507169,0.499999275081148,25.2432566118683,0.277,0.1288,0.04,1,0,0.0143661679240945,0.00110918413416609,0.156862324570675,0.359154198102363,119.221729083436,3.28771705616395e-10,1.85181818691938e-05,0.0095268323959376,0.0408292406234929,0.0607208483268362,0.0823935584521132,0.105244258063471,0.359154198102363,0.0111054724721619,0.0277296033541523,6200,3530,3198,22,27098.8099940483,18,1,2,1
249,164.612075312693,191.200724612509,0.161523079332478,0.499999293816574,25.2049067494945,0.2769,0.1283,0.04,1,0,0.0137607785623245,0.00109197124410409,0.154428054313343,0.344019464058113,125.940782343458,7.02715052707209e-10,1.89383525353937e-05,0.00961245278599885,0.0408596379144432,0.0609558340465567,0.082226172852187,0.106039046066456,0.344019464058113,0.0110587898395132,0.0272992811026023,6226,3536,3222,18,27100.3081098388,18,1,2,1
250,164.61648985319,191.257285853017,0.161835524640246,0.499999301841901,25.1666979482024,0.2758,0.1272,0.04,1,0,0.012272057260806,0.00108357850829073,0.153241142232075,0.30680143152015,155.925094144275,1.87694992899012e-11,1.81097413362543e-05,0.0095064529335894,0.0408628298207015,0.0610930203414211,0.0817148869741151,0.105707385893203,0.30680143152015,0.0110270622104004,0.0270894627072682,6228,3554,3224,14,27101.7343303257,18,1,2,1
251,164.620905911996,191.313060530601,0.162143164446408,0.499999288085626,25.1276566225189,0.2755,0.1263,0.04,1,0,0.0142314887781532,0.001096502099345,0.155068814006428,0.35578721945383,118.7266629652,1.72480265201837e-09,1.73825978209933e-05,0.00959803021340488,0.0406786928507017,0.0613350500781273,0.0816137826383028,0.105885945257352,0.35578721945383,0.0110479536365554,0.0274125524836251,6192,3536,3232,22,27103.3659481242,18,1,2,1
252,164.625796561709,191.369329825385,0.162450441074411,0.499999307418215,25.0896249151279,0.2754,0.1254,0.04,1,0,0.0140970190187459,0.00108243765326189,0.153079800966627,0.352425475468647,117.918299186567,2.639899181178e-09,1.6962007839237e-05,0.00941245850802975,0.0405074773273588,0.0611082710049113,0.0808684798568647,0.105670464185288,0.352425475468647,0.010973471475096,0.0270609413315472,6182,3526,3248,20,27104.8398944176,18,1,2,1
253,164.630163898341,191.424087699907,0.162752214825661,0.499999318039836,25.0523389269421,0.2754,0.1241,0.04,1,0,0.0122424652097647,0.00107011519740002,0.151337142546467,0.306061630244117,152.810537106253,7.39167963158611e-10,1.71642155608492e-05,0.00934883682947247,0.0401092498064391,0.0604370217109122,0.0805539335159497,0.105920028806952,0.306061630244117,0.010915270111427,0.0267528799350005,6190,3538,3252,18,27106.1353336654,18,1,2,1
254,164.633820428605,191.477348953322,0.163049903445316,0.499999323478958,25.0153831449862,0.2751,0.1237,0.04,1,0,0.0114415911509107,0.00106558586004568,0.15069659751496,0.286039778772768,173.473860695049,1.10216487692648e-09,1.85243343706293e-05,0.00928294105062701,0.0399573175753466,0.0600983590842264,0.0799646379151263,0.105453775293963,0.286039778772768,0.0108906594429601,0.026639646501142,6166,3550,3248,18,27107.2821771207,18,1,2,1
255,164.63696297478,191.529505013068,0.163344497811271,0.499999322713064,24.9782965997683,0.2746,0.1233,0.04,1,0,0.0116740093076154,0.0010657511295266,0.150719970149097,0.291850232690385,166.686922504099,1.83255424454928e-10,1.88792387365446e-05,0.00923633907090167,0.0397278946299868,0.06002071924444,0.0800818056019705,0.105927029113616,0.291850232690385,0.0108681078137518,0.026643778238165,6110,3538,3268,20,27108.3712419208,18,1,2,1
256,164.640041796264,191.581511547387,0.163638623127062,0.499999323140886,24.940373274708,0.2742,0.1226,0.04,1,0,0.0139013917546691,0.00106948989236781,0.15124871106075,0.347534793866727,118.376855625433,1.5241303305099e-09,1.96457430877959e-05,0.00918557482751818,0.0395965906994304,0.059549748051169,0.0797935535838211,0.105681208953705,0.347534793866727,0.0108506283338743,0.0267372473091952,6060,3532,3264,18,27109.4763611188,18,1,2,1
257,164.643871535776,191.634071154983,0.163930788115258,0.499999323312593,24.9025109415107,0.2735,0.1214,0.04,1,0,0.0146603394232101,0.0010683426086281,0.151086460638291,0.366508485580252,106.209421706219,4.04890426790978e-10,1.79463887422999e-05,0.00914006369665352,0.0394401764186346,0.0592045861458793,0.079721486558162,0.104929965139062,0.366508485580252,0.0108250400120974,0.0267085652157024,6050,3536,3270,18,27110.7023522616,18,1,2,1
258,164.647687476827,191.686532281577,0.164222438948958,0.499999315771272,24.8643596721136,0.2734,0.12,0.04,1,0,0.0138615554067003,0.00107360288939702,0.15183037667882,0.346538885167508,119.975732035168,1.61860959210861e-10,1.69631717157563e-05,0.00917132171879195,0.039640805600137,0.0590363691978073,0.0793576217504489,0.10537505129944,0.346538885167508,0.0108538118064646,0.0268400722349254,6068,3552,3286,20,27111.944206141,18,1,2,1
259,164.651560769396,191.739061407878,0.164514083631554,0.499999312630812,24.8260832693309,0.2729,0.119,0.04,1,0,0.0141789284610587,0.00108229383305313,0.153059461717649,0.354473211526468,116.528871517127,9.73440069710096e-10,1.65596669648319e-05,0.00912700011792797,0.0395065876711826,0.0588123163772255,0.0796296253071622,0.105188729000265,0.354473211526468,0.0109006274853508,0.0270573458263282,6062,3578,3306,24,27113.2915261798,18,1,2,1
260,164.655256691213,191.791805395303,0.164808274265919,0.499999308826979,24.7877175533384,0.273,0.1185,0.04,1,0,0.0139897241693878,0.00108399436991517,0.153299953947011,0.349743104234695,120.078635800687,1.53300667948574e-09,1.6632604333532e-05,0.00901129075184832,0.0394634334105563,0.0585476275914488,0.0794368302598412,0.104810790872525,0.349743104234695,0.0109053529869247,0.0270998592478793,6050,3618,3318,24,27114.4896379038,18,1,2,1
261,164.659089429278,191.844368599802,0.165100385680201,0.499999326903042,24.7496086137016,0.2726,0.1175,0.04,1,0,0.0121550623553015,0.00106537368752597,0.150666591789466,0.303876558882537,153.645394298358,7.1451970729135e-10,1.59484576529696e-05,0.00901144831635072,0.0390263875739572,0.0583391937466078,0.0788094091422204,0.105221682622484,0.303876558882537,0.0108393210810755,0.0266343421881491,6068,3634,3320,18,27115.6156715915,18,1,2,1
262,164.662906257612,191.89577172651,0.165385550928467,0.499999327743499,24.7112082839914,0.2725,0.1167,0.04,1,0,0.0125671573598939,0.00106284829528127,0.150309447393189,0.314178933997346,143.05348751939,5.7993284821354e-10,1.7916681995186e-05,0.00885348784329529,0.0389306101399495,0.0582449043179221,0.0781443437406917,0.105649412667019,0.314178933997346,0.0108336818501397,0.0265712073820316,6064,3648,3326,20,27116.8699947209,18,1,2,1
263,164.667063342157,191.946890879132,0.165666569763812,0.499999323817503,24.6726363118808,0.2721,0.1156,0.04,1,0,0.0127811735768675,0.00106423873106607,0.150506084707637,0.319529339421687,138.664934347257,2.87442366785062e-10,1.91527184811015e-05,0.0088743455614721,0.039039829864072,0.0579382332038754,0.0784858781830457,0.106174226233189,0.319529339421687,0.010860851719882,0.0266059682766519,6070,3676,3340,18,27118.2405600425,18,1,2,1
264,164.671384369801,191.997355080323,0.165942436295768,0.499999322725728,24.6338572679352,0.272,0.1144,0.04,1,0,0.0142366703519026,0.00106605840664437,0.150763425695831,0.355916758797566,112.143765858026,1.26833039037249e-09,1.69333524553594e-05,0.00884273339119307,0.0388621603587596,0.0579763214292092,0.0788049335593869,0.107042653097844,0.355916758797566,0.0108671347567279,0.0266514601661091,6062,3690,3360,14,27119.7122299176,18,1,2,1
265,164.675832267783,192.047346381494,0.166214518164403,0.499999326139041,24.5953222285666,0.2718,0.1131,0.04,1,0,0.0135972744584875,0.0010628821397972,0.150314233730534,0.339931861462187,122.207113675627,6.45266742498946e-10,1.71227171154541e-05,0.00879241930088703,0.0392119555526034,0.0577916284983621,0.0792572762903311,0.105964255038896,0.339931861462187,0.0108608834478544,0.02657205349493,6046,3706,3380,16,27121.2217894373,18,1,2,1
266,164.680267699189,192.096774688175,0.166483254928064,0.499999321325728,24.5561171953693,0.2716,0.1123,0.04,1,0,0.014209519756112,0.00106741253586217,0.150954928486334,0.3552379939028,112.858894834462,9.27382804709545e-10,1.889719961191e-05,0.00880536557624297,0.0390297209014691,0.0576740075176487,0.0788242340594196,0.106303840903274,0.3552379939028,0.0108628141766219,0.0266853133965542,5996,3700,3388,16,27122.6894094199,18,1,2,1
267,164.684847832924,192.146237258945,0.166751160093864,0.499999325982054,24.5168665878701,0.2715,0.1114,0.04,1,0,0.0134018466987901,0.00106386021298226,0.150452554166864,0.335046167469753,126.028810799579,5.72070122522207e-10,1.60862703457194e-05,0.00873340005568591,0.0394146485987539,0.0577375263671275,0.0791895327916341,0.10661976927731,0.335046167469753,0.0108537036881172,0.0265965053245564,5968,3712,3414,16,27124.1380374451,18,1,2,1
268,164.68932502378,192.195068005615,0.167015943370125,0.499999326757145,24.4775471723855,0.2713,0.1109,0.04,1,0,0.0130918234640847,0.00106300135594716,0.150331093440147,0.327295586602118,131.855227303041,5.47346223673286e-10,1.57696917300011e-05,0.00864237516083062,0.0394135392292648,0.0578088072448447,0.0793500475740668,0.107242175441557,0.327295586602118,0.0108696852762354,0.0265750338986791,5978,3724,3430,12,27125.5854592174,18,1,2,1
269,164.693670224801,192.24334270662,0.167278271497717,0.49999933342054,24.4382930900178,0.2711,0.1097,0.04,1,0,0.0118287423299138,0.00105897793529833,0.149762095835275,0.295718558247844,160.297472742156,3.18789572010342e-10,1.51841023464936e-05,0.00865880779799709,0.0397606280374268,0.0581509140058439,0.0790528076153691,0.107536932912089,0.295718558247844,0.0108792787837859,0.0264744483824582,5966,3716,3454,12,27126.9845814019,18,1,2,1
270,164.697895144732,192.290885885207,0.167536996852492,0.499999332887564,24.3988639960544,0.2707,0.1085,0.04,1,0,0.0112667508321038,0.00105902725917193,0.149769071284375,0.281668770802594,176.704208789184,8.19259453014014e-11,1.54645372456073e-05,0.00871558816880607,0.0402745353495326,0.0583315710364987,0.0788068475885974,0.109239093180727,0.281668770802594,0.0109069345412644,0.0264756814792983,5950,3716,3488,10,27128.3801543384,18,1,2,1
271,164.702147371927,192.338071163037,0.167793342297492,0.499999327550411,24.3591199161811,0.2706,0.1081,0.04,1,0,0.0114722759722061,0.001063105745795,0.150345856394006,0.286806899305152,171.744862706995,1.06600845584224e-09,1.64227709220535e-05,0.00866722863649041,0.0405228695344224,0.0584543570866767,0.0786328524421165,0.109805775617256,0.286806899305152,0.0109439223135435,0.026577643644875,5918,3734,3488,10,27129.830943473,18,1,2,1
272,164.706546837055,192.385195837394,0.168048262390702,0.499999323628562,24.3187762421108,0.2704,0.1067,0.04,1,0,0.0116755099642564,0.00106619960189318,0.150783393719413,0.291887749106409,166.784355127503,6.77283290642436e-10,1.75317988558364e-05,0.00869530348404771,0.0406534288714761,0.0584540257959559,0.0786899287886182,0.11059172357388,0.291887749106409,0.0109693794334913,0.0266549900473294,5902,3722,3494,12,27131.2901905796,18,1,2,1
273,164.711281509581,192.432615139061,0.168302579977602,0.49999930322156,24.277246506422,0.2705,0.105,0.04,1,0,0.0139828023329737,0.00108721153263991,0.15375492946278,0.349570058324344,120.912071062412,1.01129682217303e-09,2.39794540635921e-05,0.00861117014994338,0.0409697109602521,0.0584238346736948,0.0780843450290402,0.111238368737667,0.349570058324344,0.0110776023832058,0.0271802883159978,5908,3752,3488,18,27133.0348050783,18,1,2,1
274,164.716572741081,192.480938241929,0.168558421528661,0.499999306891707,24.2358388097884,0.2702,0.1039,0.04,1,0,0.0140666141467523,0.00108442737184854,0.153361189667681,0.351665353668807,118.864396086902,3.29418719205342e-09,1.71616927491274e-05,0.00853378323404872,0.0412376839193458,0.0582495803247192,0.0778482088178431,0.110792892111786,0.351665353668807,0.0110677875376646,0.0271106842962134,5906,3762,3504,18,27134.6985161467,18,1,2,1
275,164.721786698186,192.528594501616,0.16881074665842,0.499999301733473,24.194118555608,0.2696,0.1014,0.04,1,0,0.0142137349357151,0.00108942932202303,0.15406857224519,0.355343373392877,117.49291842223,1.9730546198247e-10,1.62235280071839e-05,0.0083471088517585,0.0416746685637303,0.0582695994113766,0.0780189000598196,0.110728840217873,0.355343373392877,0.0111121457448728,0.0272357330505757,5874,3764,3524,16,27136.4141458557,18,1,2,1
276,164.72714539209,192.576256603021,0.169062064085699,0.499999273307366,24.1509557407583,0.2688,0.0997,0.04,1,0,0.0142630612146665,0.00111465241050482,0.157635655626778,0.356576530366662,122.147173698416,1.22325960531855e-09,2.69635401654916e-05,0.00830642965242157,0.042312338060875,0.0585418769346425,0.0786462923309475,0.112612537919639,0.356576530366662,0.0112559072522398,0.0278663102626206,5878,3764,3534,20,27138.3828499326,18,1,2,1
277,164.733136291292,192.625260703997,0.169317024131591,0.499999267762906,24.1072539959628,0.2684,0.0988,0.04,1,0,0.0139955113129247,0.00112292383327188,0.158805411452507,0.349887782823117,128.751724725234,2.20430938208283e-09,1.75070750445305e-05,0.00807190029031002,0.0429696686595453,0.0587142068713859,0.0788082868267322,0.113987754082065,0.349887782823117,0.0113299825848045,0.0280730958317969,5854,3760,3546,22,27140.3949309765,18,1,2,1
278,164.739234392897,192.67448745813,0.169572556095577,0.499999272561582,24.06391005132,0.2683,0.0977,0.04,1,0,0.0131887217157148,0.00111549648475938,0.157755025752623,0.32971804289287,143.074092003633,6.43387834983575e-10,1.6166418128708e-05,0.00821903067470364,0.0435081426834573,0.0590990024356695,0.078991385621752,0.114492116694881,0.32971804289287,0.0113663065806074,0.0278874121189845,5894,3770,3556,16,27142.2887373556,18,1,2,1
279,164.744697662874,192.722294442278,0.16982395898808,0.499999278450131,24.0204314236289,0.2677,0.0969,0.04,1,0,0.0111388984223989,0.00111132927567576,0.157165693392293,0.278472460559972,199.081552447353,1.65107233010895e-11,1.63084431284677e-05,0.00834650886908225,0.0440089363691296,0.0596627056076521,0.0794289109382064,0.115316144818144,0.278472460559972,0.0114113928928486,0.027783231891894,5884,3782,3558,12,27144.0456113291,18,1,2,1
280,164.749546682837,192.769173207236,0.170074073577516,0.499999271216278,23.9760950615023,0.2673,0.096,0.04,1,0,0.0110936447866421,0.00111858156134895,0.158191321468016,0.277341119666053,203.337180026592,1.82168922720869e-09,1.78556889035848e-05,0.00815921167790877,0.044555502563371,0.0598171293874734,0.080334598348956,0.116470377470102,0.277341119666053,0.0114906445561713,0.0279645390337238,5804,3812,3584,10,27145.7309889595,18,1,2,1
281,164.754665649098,192.816462195788,0.170324745803904,0.499999259040104,23.9310058352152,0.2668,0.0945,0.04,1,0,0.0119130985180332,0.00112988110800344,0.159789318680761,0.29782746295083,179.906155652693,3.55321955622762e-09,2.46338807357659e-05,0.00786788825184001,0.0450648793417916,0.0606393269345888,0.080682529897078,0.116308629885654,0.29782746295083,0.0116014906701926,0.0282470277000861,5824,3820,3600,10,27147.5062784864,18,1,2,1
282,164.759872009494,192.86412607886,0.170577056941061,0.499999246102329,23.8849975486318,0.2667,0.0931,0.04,1,0,0.0117420579794221,0.00114117759815337,0.161386883638485,0.293551449485552,188.906990823004,6.27231859997263e-10,2.16936396832358e-05,0.00789812608434903,0.0454559371546959,0.061267304579237,0.0810765702666464,0.117434174665554,0.293551449485552,0.01169160172851,0.0285294399538342,5798,3816,3622,14,27149.2672593454,18,1,2,1
283,164.765463687209,192.91268441946,0.170832042725197,0.499999231858658,23.837684914464,0.2661,0.0919,0.04,1,0,0.0114809961442503,0.00115380454973577,0.16317260425641,0.287024903606257,201.9925481103,5.48794623115031e-09,2.61289917502149e-05,0.00765811956119447,0.0459622394009439,0.0621273837718876,0.0817039098542694,0.118868002026111,0.287024903606257,0.0117776091210224,0.0288451137433941,5738,3820,3634,18,27151.1771751742,18,1,2,1
284,164.771557753192,192.961793922436,0.171086785569327,0.499999213352088,23.7893011990187,0.2655,0.0911,0.04,1,0,0.0132961657745065,0.00117047019850394,0.16552948290778,0.332404144362663,154.987928733968,1.36272800133027e-11,2.15311076592992e-05,0.00766050265664335,0.0463025406802784,0.063065440221783,0.0827464087062352,0.12124892173637,0.332404144362663,0.0119131958955507,0.0292617549625984,5746,3832,3632,16,27153.3404401934,18,1,2,1
285,164.778034211859,193.011681202245,0.171343511442097,0.499999198910566,23.7399836548405,0.265,0.0904,0.04,1,0,0.0145216866977447,0.00118296583206668,0.167296632353267,0.363042167443617,132.721191579758,4.7241246756104e-10,2.34694870288915e-05,0.00735048656111172,0.046537159409136,0.0641210227930804,0.0830078727321988,0.122291894597126,0.363042167443617,0.0119986148962194,0.029574145801667,5718,3836,3636,16,27155.5390598243,18,1,2,1
286,164.785441049506,193.062193971102,0.171597398055939,0.499999173679952,23.6895768531242,0.2647,0.0891,0.04,1,0,0.014275055090183,0.00120219851700422,0.170016544741219,0.356876377254575,141.84916562733,2.76436982332142e-09,2.76295953139034e-05,0.00738155899947862,0.0471568128222425,0.0648976651788226,0.0844474929377995,0.122411309071206,0.356876377254575,0.0121530256576425,0.0300549629251055,5728,3846,3642,20,27158.0548081499,18,1,2,1
287,164.793150690243,193.113157060176,0.171851841240449,0.499999170448796,23.6387300705352,0.2645,0.0884,0.04,1,0,0.0133208596044548,0.00120757208822052,0.170776482470465,0.333021490111369,164.358294449659,1.28990137139059e-09,1.80748996945784e-05,0.00723928567303213,0.0475682900968982,0.065885242832485,0.084695060671544,0.12202302182813,0.333021490111369,0.0122428190250761,0.030189302205513,5744,3844,3646,20,27160.6310548544,18,1,2,1
288,164.80073679514,193.163636547339,0.172104204773403,0.499999166700314,23.5878115781175,0.2635,0.0875,0.04,1,0,0.0121984325427868,0.00120883377918791,0.170954912518226,0.304960813569671,196.406163484593,1.2791081854906e-10,1.71222177059395e-05,0.00718622151569803,0.0479543013876255,0.0666062487586435,0.0851720767969283,0.122322949734982,0.304960813569671,0.0123072069736649,0.0302208444796977,5732,3842,3626,14,27163.1075109607,18,1,2,1
289,164.808126825778,193.213252245451,0.172352698660914,0.4999991518422,23.5359978285571,0.263,0.0857,0.04,1,0,0.011458106437435,0.00121932179095855,0.172438141367063,0.286452660935875,226.485791479102,7.36093421643744e-10,2.0216837178059e-05,0.00726240457932404,0.0486183464158654,0.0678855477321846,0.0862100718647794,0.122978468116615,0.286452660935875,0.012437954671962,0.0304830447739636,5716,3848,3626,12,27165.6295108492,18,1,2,1
290,164.815621472417,193.262956899954,0.172600965693642,0.49999914210193,23.4835411417943,0.2627,0.0846,0.04,1,0,0.0113077671992338,0.00122639538517159,0.173438498654144,0.282694179980845,235.254150006833,3.33252187842944e-10,1.98542248485447e-05,0.00709399326419587,0.049714983442005,0.069045411534268,0.0873452537744018,0.123356029188881,0.282694179980845,0.0125599950817679,0.0306598846292898,5710,3856,3636,12,27168.1554357247,18,1,2,1
291,164.823070304799,193.312592634514,0.172849118008973,0.499999129977293,23.4308485167871,0.2623,0.0832,0.04,1,0,0.0114114064850658,0.00123506346747883,0.17466435061001,0.285285162126646,234.277292234292,2.31081558199371e-10,1.86410799521672e-05,0.0069927798129916,0.0504981004967135,0.0706934782923136,0.0879794234769141,0.123411127882202,0.285285162126646,0.0126861575074141,0.0308765866869708,5692,3842,3652,10,27170.676483298,18,1,2,1
292,164.830511231826,193.362105629158,0.173096559515026,0.499999108903816,23.3778422086345,0.2624,0.082,0.04,1,0,0.0113164434575062,0.00124998644323975,0.176774778081216,0.282911086437655,244.017338406042,3.7254943067745e-10,1.8719926089501e-05,0.00700472855613236,0.0512703992664812,0.0722708145130897,0.0892936097017303,0.124113244642761,0.282911086437655,0.0128615819514794,0.0312496610809938,5702,3844,3682,12,27173.2535219815,18,1,2,1
293,164.837869563787,193.4118323507,0.173345863195936,0.499999086722779,23.3233331299354,0.2619,0.0803,0.04,1,0,0.0135209279269611,0.00126931116263598,0.179507706107136,0.338023198174028,176.259769881947,9.76672922001766e-10,2.84233143272127e-05,0.00689381393823047,0.0520539947489674,0.0739408285957369,0.0913074321713458,0.125039848625299,0.338023198174028,0.0130182725728185,0.0317327790658995,5696,3836,3674,16,27175.8466523908,18,1,2,1
294,164.846181504383,193.462872976926,0.173596326050059,0.499999074973334,23.2678132152905,0.2611,0.0792,0.04,1,0,0.0137577050367444,0.00127886445384127,0.180858745505919,0.34394262591861,172.817230179151,3.64443319605868e-10,2.91663742425793e-05,0.00683844379891895,0.0526202112118723,0.0744112934455814,0.0927323975130954,0.124403421991222,0.34394262591861,0.0131015304857049,0.0319716113460319,5696,3842,3680,16,27178.6047639182,18,1,2,1
295,164.854986031448,193.514826349327,0.173848792856117,0.499999053996545,23.2110135905008,0.2606,0.0776,0.04,1,0,0.0145697017776881,0.00129789842147182,0.183550555022808,0.364242544442203,158.712115062339,8.40459763920245e-10,3.23293462419595e-05,0.00659036104304545,0.0531123381764746,0.0756993281643212,0.0951314717616659,0.124718665301518,0.364242544442203,0.0132635558350015,0.0324474605367955,5732,3844,3678,20,27181.6606442935,18,1,2,1
296,164.864400456059,193.568001484825,0.174104299954169,0.499999036203122,23.153502905662,0.2602,0.0767,0.04,1,0,0.0140503843392955,0.0013122430056138,0.185579185566826,0.351259608482388,174.454477491411,1.14744826801928e-09,2.9294796619744e-05,0.00656259597276959,0.0537178262875365,0.0767622708551265,0.0979618703857782,0.125766366778704,0.351259608482388,0.013397282716157,0.0328060751403449,5772,3834,3670,18,27184.8060246415,18,1,2,1
297,164.874198666735,193.621726568027,0.174360379815403,0.499999017832172,23.0949407764411,0.2596,0.0754,0.04,1,0,0.0138725946053831,0.00132585487810719,0.187504195035771,0.346814865134577,182.686555295838,7.17204075503979e-10,2.74077513890041e-05,0.0066151204448171,0.0544782710382717,0.0779103571127693,0.100421506046049,0.125432328351477,0.346814865134577,0.0135418477820744,0.0331463719526797,5744,3838,3684,22,27188.1258455309,18,1,2,1
298,164.883976440425,193.67564827093,0.174617767305659,0.499998997814678,23.0356030271802,0.2595,0.074,0.04,1,0,0.0117574659923411,0.00134035216484506,0.189554420988003,0.293936649808528,259.920404018751,1.85881041250515e-09,2.46948118562745e-05,0.00667440088927091,0.0554853717152758,0.0796607398177401,0.103299315179169,0.127113816108313,0.293936649808528,0.0137105964032869,0.0335088041211265,5742,3848,3690,22,27191.4636421408,18,1,2,1
299,164.893774661881,193.730000064948,0.174877586871894,0.499998972938094,22.9755112452817,0.2589,0.0729,0.04,1,0,0.0131438288542362,0.00135721068728372,0.191938576095434,0.328595721355906,213.245927674444,8.35055201055931e-11,2.45709313650159e-05,0.00681980438111499,0.056184024796439,0.0811549693097752,0.106847762721414,0.12998736441397,0.328595721355906,0.0139006085913302,0.0339302671820929,5748,3856,3696,16,27194.8060546432,18,1,2,1
300,164.903508886978,193.784921126548,0.175141283739241,0.499998940365446,22.9134471805877,0.2586,0.0722,0.04,1,0,0.0123090827339677,0.00138003341180081,0.195166196749671,0.307727068349192,251.395683493816,4.109229180331e-10,4.10745893730829e-05,0.00675327809213788,0.0568935946986018,0.0830516533232979,0.110279166762744,0.131449090180341,0.307727068349192,0.0141138749272802,0.0345008352950202,5728,3862,3698,18,27198.1773200162,18,1,2,1
301,164.914072906357,193.841408098315,0.175408530528404,0.499998901107039,22.8495398375666,0.2588,0.071,0.04,1,0,0.0129286841852406,0.00141090502604986,0.199532102306008,0.323217104631014,238.186368497427,5.25382343148289e-10,4.14089139752242e-05,0.00678201684099566,0.0578790183865544,0.0849458798842298,0.114084764963022,0.13396694915253,0.323217104631014,0.0143863635240454,0.0352726256512465,5720,3870,3726,24,27201.9102858011,18,1,2,1
302,164.924870145645,193.899295858404,0.175682574054311,0.499998873378979,22.7843459760079,0.258,0.0699,0.04,1,0,0.0122882614509439,0.00143011459775593,0.202248745989418,0.307206536273598,270.888637588682,1.06048822583133e-09,3.79446517380787e-05,0.00668356400583255,0.0583016166827256,0.0870475176601208,0.11680203803258,0.136136220497783,0.307206536273598,0.0145737783929791,0.0357528649438982,5722,3870,3716,22,27205.5978838794,18,1,2,1
303,164.936052629899,193.958045065136,0.175959057904461,0.499998842866196,22.7177458934856,0.2571,0.0682,0.04,1,0,0.0126216215774145,0.00145232695456848,0.205390047615076,0.315540539435364,264.806402460281,2.81400950515991e-09,3.90125277605561e-05,0.00666535174273526,0.0591933196869422,0.0888219620110977,0.11897864125674,0.142228028650818,0.315540539435364,0.0148001086094942,0.036308173864212,5732,3854,3722,20,27209.4294137743,18,1,2,1
304,164.947956108251,194.017999496524,0.176237669590736,0.499998782942216,22.648909280916,0.2566,0.0672,0.04,1,0,0.0156364629260395,0.00149222870786179,0.211033007682062,0.390911573150987,182.147719536447,2.42747959783958e-09,5.33852878930248e-05,0.00688740612015523,0.0601153504714288,0.0911130685516206,0.121733565548105,0.148347238873197,0.390911573150987,0.0151364759804855,0.0373057176965448,5780,3860,3730,18,27213.6928164918,18,1,2,1
305,164.961184911598,194.080746025815,0.176523714532135,0.499998699305774,22.5766110399764,0.2562,0.0662,0.04,1,0,0.0161613819031488,0.00154601683372237,0.218639797390728,0.404034547578721,183.021220180251,1.60173756483922e-09,7.5789335738472e-05,0.00707653084235354,0.0613348880626943,0.0931593641783187,0.124650523225117,0.154554542891442,0.404034547578721,0.0155819866209882,0.0386504208430593,5860,3854,3730,26,27218.462669673,18,1,2,1
306,164.975778818053,194.147308499331,0.176823106338842,0.499998657895684,22.50164428119,0.2561,0.0649,0.04,1,0,0.0144882802166394,0.0015749427481062,0.222730539433294,0.362207005415985,236.333813968732,2.67997602954893e-10,6.66860262559761e-05,0.0071204882056755,0.0627330569128075,0.0959641938741209,0.127487798296804,0.161581537418008,0.362207005415985,0.0158808547803837,0.0393735687026549,5870,3864,3738,30,27223.4733105944,18,1,2,1
307,164.991157005937,194.215512940481,0.177126801610906,0.499998614920266,22.4246932762099,0.256,0.0644,0.04,1,0,0.0132108891992302,0.00160225168646649,0.226592606533607,0.330272229980755,294.189636866857,4.19023671388108e-09,5.46531433649179e-05,0.00742929087695569,0.0635806303333019,0.0983003566653713,0.129674598959752,0.168857645248603,0.330272229980755,0.0161445411067387,0.0400562921616622,5888,3854,3728,30,27228.7330309659,18,1,2,1
308,165.006333541283,194.283908406064,0.177433036880707,0.499998557406282,22.3450405194119,0.2558,0.0636,0.04,1,0,0.0131620627897267,0.00163813921925813,0.231667870093013,0.329051569743167,309.801627683893,2.63620985854692e-10,6.21718893543403e-05,0.00730264916376091,0.0645638598978569,0.100952604662456,0.132095709217515,0.178227474011033,0.329051569743167,0.016456753410826,0.0409534804814533,5886,3856,3726,34,27234.0440477011,18,1,2,1
309,165.021975941604,194.353527562997,0.177743306332565,0.499998484168275,22.2625315910334,0.2555,0.0617,0.04,1,0,0.0126901812314264,0.00168189919302064,0.237856464931415,0.317254530785661,351.313040863734,1.51612799897108e-09,6.83094705842949e-05,0.0075945118564783,0.0660009666880861,0.103817199536197,0.134776537321246,0.188747632204128,0.317254530785661,0.0168496451412836,0.0420474798255159,5900,3858,3728,30,27239.591145073,18,1,2,1
310,165.03835459412,194.424945955415,0.178059163480911,0.499998399379217,22.1767120347407,0.2551,0.0612,0.04,1,0,0.0126154129127668,0.00173082454153993,0.244775554073397,0.315385322819171,376.472401886243,9.05198333490501e-10,7.85742818194795e-05,0.00756269497318751,0.0672321794500565,0.106555092981853,0.137389509632603,0.200309047825926,0.315385322819171,0.0172694602318343,0.0432706135384983,5910,3864,3736,36,27245.4243293816,18,1,2,1
311,165.055760187416,194.498806124943,0.178382420002153,0.499998293902327,22.086663751265,0.2551,0.0607,0.04,1,0,0.014047338794892,0.00179232522540882,0.253473064195656,0.351183469872301,325.593342498696,2.54523558601706e-09,9.5831553870285e-05,0.00787341348857817,0.0685688915355022,0.10956196297229,0.140852255312737,0.212432533786117,0.351183469872301,0.0178068701271992,0.0448081306352204,5958,3906,3764,42,27251.7333026656,18,1,2,1
312,165.074424469661,194.576096811556,0.178717402387901,0.499998179354924,21.9925505272729,0.2544,0.0598,0.04,1,0,0.013651482624771,0.00185574252696973,0.262441624991311,0.341287065619275,369.577731162257,1.24984653766635e-09,0.000102524923170749,0.00826349038420069,0.0698897412200999,0.113407194697179,0.143499712356709,0.224556224122104,0.341287065619275,0.0183360578607231,0.0463935631742433,5994,3936,3794,64,27258.4421178912,18,1,2,1
313,165.094647833765,194.657186667771,0.179064186646277,0.499998036385243,21.8925195237384,0.2537,0.0593,0.04,1,0,0.0150721840438023,0.00193357171481139,0.273448334290726,0.376804601095058,329.153280078632,1.60872988097579e-08,0.000133044523479638,0.0088918262245441,0.0714936031442737,0.116161139273525,0.147722902187607,0.237594005538122,0.376804601095058,0.0189812507512919,0.0483392928702847,6036,3984,3814,156,27265.8451852141,18,1,2,1
314,165.1169923251,194.743846985334,0.179429471449558,0.499997882022293,21.7864461424067,0.2532,0.0585,0.04,1,0,0.0158159275264512,0.0020158228227259,0.285080397524018,0.39539818816128,324.896758917877,4.85401984179393e-09,0.000139949197243288,0.00944965935557223,0.073376639180765,0.119159758099841,0.152606618210967,0.248991306865316,0.39539818816128,0.0196419307459715,0.0503955705681474,6040,4020,3874,196,27274.0433088868,18,1,2,1
315,165.141131684855,194.835682312459,0.179813171465192,0.499997718827568,21.6745108305172,0.2527,0.0576,0.04,1,0,0.0163518587060432,0.00209454445575397,0.296213317632063,0.408796467651079,328.151889345545,4.39281424821336e-08,0.000145335979699248,0.00983846676174376,0.0750362669202096,0.123024720289279,0.156191167729682,0.261410850595661,0.408796467651079,0.0202337331673522,0.0523636113938492,6044,4058,3866,218,27282.7212712599,18,1,2,1
316,165.167064591049,194.93244579125,0.180213780961113,0.499997521672399,21.5566638681628,0.2524,0.0566,0.04,1,0,0.016046202115645,0.00218181325357481,0.308554989377087,0.401155052891126,369.760597907899,6.07492125663417e-09,0.000148660207672905,0.0103649833704556,0.0763330843160617,0.125785792039726,0.159790945547966,0.275521741458906,0.401155052891126,0.0209087611670736,0.0545453313393703,6030,4084,3942,232,27292.2825102728,18,1,2,1
317,165.194496462652,195.033170139595,0.180627528857712,0.499997366512597,21.4320745217426,0.2518,0.0557,0.04,1,0,0.0172553715118328,0.00226104734621397,0.31976038221835,0.431384287795819,343.400308032861,5.137222014261e-09,0.000163238380933697,0.0112708262350344,0.077553095323465,0.128581565504577,0.16423586929575,0.283410445879002,0.431384287795819,0.0215500881869422,0.0565261836553493,6062,4142,4008,246,27302.0207246054,18,1,2,1
318,165.223625657945,195.139073729696,0.181060353521616,0.499997156569737,21.3002490120649,0.2513,0.0547,0.04,1,0,0.0185944947916963,0.0023490688829659,0.332208507323899,0.464862369792408,319.192540471403,7.6328479603348e-09,0.000178654481953313,0.0118126614605309,0.0788929556306553,0.132004635585979,0.169738258298524,0.296688367882876,0.464862369792408,0.0222037980068203,0.0587267220741474,6098,4186,4034,258,27312.6373956319,18,1,2,1
319,165.254866863638,195.249524775281,0.181505443566717,0.499996917449394,21.1684997837464,0.2506,0.0536,0.04,1,0,0.0221427994020959,0.00233431458829752,0.330121934961572,0.553569985052399,222.271465357243,1.24112304375719e-08,0.000202687808622471,0.0121096871650851,0.0768404085401957,0.128253412243358,0.166946720486036,0.290953470686424,0.553569985052399,0.0218833930159232,0.058357864707438,6106,4192,4062,242,27323.3177221384,17,1,2,1
320,165.286358820743,195.361147123136,0.181955658754697,0.499996552440356,21.0266566860376,0.2492,0.053,0.04,1,0,0.0300141099110364,0.00247604640640361,0.350165840900115,0.750352747775911,136.112063653602,2.53181236175352e-08,0.000225036657082479,0.0130772085855475,0.0792918512979324,0.130790563654858,0.173157139962392,0.304677707661388,0.750352747775911,0.0227586615050937,0.0619011601600903,6132,4264,4120,268,27335.663225964,17,1,2,1
321,165.322381971676,195.484053876441,0.182441551743025,0.499996275969285,20.8758398113015,0.2472,0.052,0.04,1,0,0.0262324565884811,0.00257841521864134,0.364642977163177,0.655811414712028,193.222537733544,1.26016163278606e-09,0.000223818100519213,0.014027673028243,0.0812344975458791,0.132171664060685,0.176449451219176,0.32086644468894,0.655811414712028,0.0234799766684058,0.0644603804660334,6148,4320,4186,288,27348.9162914826,17,1,2,1
322,165.360707329966,195.614404455257,0.1829557796032,0.499996098658284,20.7179513533273,0.2444,0.0513,0.04,1,0,0.0250459573133178,0.00263651995231016,0.37286022740243,0.626148932832945,221.624030147973,2.20485154148287e-08,0.000196326075857963,0.0144980733474341,0.0823090384151364,0.133645919087749,0.182150702025071,0.322796862691693,0.626148932832945,0.0239995118425347,0.065912998807754,6168,4372,4220,308,27362.4193952844,17,1,2,1
323,165.400979520164,195.750602825346,0.183491194509412,0.499995744015676,20.5504085573859,0.2422,0.0512,0.04,1,0,0.0255792852376527,0.00274969809965474,0.388866034496327,0.639482130941318,231.112381657421,5.66720316349739e-09,0.000252512063537615,0.0153451338181351,0.0835366703753573,0.134747479637018,0.187144441802856,0.33301038925178,0.639482130941318,0.0248212228623165,0.0687424524913686,6196,4458,4276,314,27377.6400486662,17,1,2,1
324,165.445320474707,195.897780852397,0.184063594487368,0.499995631283765,20.3785040009302,0.2402,0.0514,0.04,1,0,0.0261795733837105,0.00279264714793505,0.394939947153229,0.654489334592763,227.581521837066,1.2757284543884e-09,0.00016517361647867,0.0154012737708877,0.0846566897486065,0.134436304743244,0.191797464817526,0.336770006953161,0.654489334592763,0.0250636101918004,0.0698161786983763,6158,4498,4310,320,27393.2358269373,17,1,2,1
325,165.489534025708,196.04768669905,0.184653083068048,0.499995818173566,20.2088959858393,0.2389,0.051,0.04,1,0,0.0276492904922635,0.00272618833806885,0.385541252128034,0.691232262306589,194.4346775803,1.21293612766036e-09,5.51676523174254e-05,0.0147014183601931,0.0842219705886279,0.133904581227505,0.191826450856108,0.331414944454353,0.691232262306589,0.0246544980508983,0.0681547084517213,6098,4424,4244,328,27406.6403954584,17,1,2,1
326,165.530095147854,196.192106399721,0.185235266278799,0.499996065704889,20.0432353145216,0.2371,0.0504,0.04,1,0,0.0329789482070747,0.00263181749255763,0.372195199166575,0.824473705176868,127.370229905861,3.78954995750093e-09,6.55767175647905e-05,0.0135974000639171,0.0832981841033732,0.131583400625644,0.19043689446285,0.317229338349858,0.824473705176868,0.0240511201782868,0.0657954373139407,6120,4354,4192,346,27418.8412115768,17,1,2,1
327,165.568876464628,196.330258539655,0.18579205664658,0.49999624256211,19.8815193998055,0.2359,0.0493,0.04,1,0,0.0272774713667401,0.00255938650416636,0.361951910554674,0.681936784168502,176.073310416998,1.04134071261486e-10,6.37850250471408e-05,0.0126392595579188,0.0815616196914218,0.130353090631391,0.189715163704867,0.299672134840704,0.681936784168502,0.0234296346287413,0.0639846626041591,6038,4270,4132,332,27431.212638351,17,1,2,1
328,165.606936708387,196.465229776969,0.186334544204023,0.499996380819456,19.724305609578,0.2347,0.0483,0.04,1,0,0.0252426536009294,0.00251366020827126,0.35548523577348,0.631066340023234,198.323017164561,3.16589474075692e-09,6.99044148279572e-05,0.0118110776592643,0.080148806626741,0.127043316332637,0.183495438817825,0.30511922374397,0.631066340023234,0.022851772383986,0.0628415052067816,5938,4202,4082,322,27443.5168897239,17,1,2,1
329,165.644469830881,196.597455729324,0.186863986042186,0.499996561130836,19.5734472944314,0.2333,0.0472,0.04,1,0,0.0262791287331647,0.00246086843158859,0.348019351116839,0.656978218329118,175.381936511671,2.11553053767688e-09,7.41187795817009e-05,0.0104144143049216,0.0780993254278335,0.123112305039595,0.176931789963304,0.308042282701583,0.656978218329118,0.022094444821741,0.0615217107897147,5882,4130,4008,308,27455.4003881216,17,1,2,1
330,165.681024491095,196.723626033538,0.187363650350384,0.49999674964775,19.4220435044342,0.2322,0.047,0.04,1,0,0.0246104973537202,0.00251440996873246,0.355591267914755,0.615262433843006,208.766780808581,8.81117086587262e-09,0.00016027403285703,0.00818667058373525,0.0786309904370281,0.124714560521842,0.178191746941193,0.318112381827178,0.615262433843006,0.0222740945797241,0.0628602492183114,5856,4090,3968,320,27467.123236955,18,1,2,1
331,165.718302646397,196.84457516492,0.18782640192097,0.499996780637132,19.2733180311067,0.2311,0.0461,0.04,1,0,0.024727195931368,0.00248927132188726,0.352036126383937,0.618179898284199,202.686455065338,8.99888869329088e-09,0.000120969907003743,0.00656067084626083,0.076318056753365,0.122438515061535,0.178153131649065,0.316409823192945,0.618179898284199,0.0216743030470702,0.0622317830471815,5744,3976,3870,300,27478.6553529893,18,1,2,1
332,165.755854899544,196.956467334157,0.188232339988965,0.499996800985056,19.127048001679,0.2292,0.0457,0.04,1,0,0.0246588351451875,0.00247204325657423,0.349599710022022,0.616470878629687,201.000442315028,6.91040234003991e-09,6.56577945019916e-05,0.00634035148809936,0.0742651293517483,0.120455382393795,0.176879649760241,0.306836901610131,0.616470878629687,0.0213459538217828,0.0618010814143557,5720,3952,3830,292,27491.0111962497,18,1,2,1
333,165.792557703832,197.062011516396,0.188605895497573,0.499996880387195,18.9837810659541,0.2273,0.0455,0.04,1,0,0.0237701093938924,0.00243795259150365,0.34477856193271,0.594252734847309,210.386634769149,8.52603865147465e-11,3.74654839488287e-05,0.00616138901019526,0.0731443740646736,0.118049885487444,0.175052651933412,0.303605903719629,0.594252734847309,0.0209650094778534,0.0609488147875912,5696,3936,3804,276,27502.6558117,18,1,2,1
334,165.827636341224,197.16866655056,0.188997629712611,0.499996922646305,18.8425804999215,0.2261,0.0449,0.04,1,0,0.0252807823630099,0.00243227612153065,0.343975787850487,0.632019559075248,185.129116390156,4.1177332751163e-09,3.55652973718336e-05,0.00626329544348967,0.0725678239477907,0.114776835284355,0.170881981853321,0.306720025583979,0.632019559075248,0.0206800579617448,0.0608069030382663,5680,3896,3774,270,27514.2340226538,18,1,2,1
335,165.862036611812,197.277187136385,0.189405310379121,0.499996921207231,18.7043726680365,0.2247,0.0447,0.04,1,0,0.0248638280726497,0.00244043487894025,0.345129610388565,0.621595701816242,192.676369339467,1.38385895932812e-09,7.08379145248051e-05,0.00668964271581055,0.0709929968178729,0.111533937313872,0.166958261056738,0.292867719186781,0.621595701816242,0.0205531171099536,0.0610108719735064,5698,3882,3740,260,27525.7057410528,18,1,2,1
336,165.893991373534,197.394604399014,0.189883990159425,0.499996955674322,18.5688224632864,0.2219,0.0444,0.04,1,0,0.0241889947496203,0.00242559921591994,0.343031530803552,0.604724868740507,201.109433330817,4.32726991734497e-11,7.69566386699055e-05,0.00682264634881989,0.0701936313215628,0.109385290824689,0.162702000237484,0.281425953566034,0.604724868740507,0.0202745342400112,0.0606399803979983,5700,3848,3736,240,27535.9728251935,18,1,2,1
337,165.925521490544,197.51518784204,0.190384613938347,0.499996893625498,18.432445376355,0.22,0.0434,0.04,1,0,0.0261881331200054,0.00245014979641863,0.34650350719409,0.654703328000136,175.067765969868,8.43764543172684e-10,5.02111501800252e-05,0.00700763380208476,0.0697943522597547,0.106706262854724,0.161652802503764,0.281198349176695,0.654703328000136,0.0201383089537995,0.0612537449104657,5648,3832,3718,226,27546.9399730208,18,1,2,1
338,165.957164345425,197.641461759047,0.1909185273115,0.499997138296565,18.3007659024316,0.2178,0.0432,0.04,1,0,0.0245667457738121,0.00234894027389105,0.33219031925411,0.614168644345301,182.843144173572,2.10586368193769e-09,5.92040974371265e-05,0.00687502862811743,0.0677584558715748,0.105622994102206,0.158106354317735,0.259525620886606,0.614168644345301,0.019529235682856,0.0587235068472764,5646,3814,3674,212,27556.3009499448,18,1,2,1
339,165.98654894912,197.764483700318,0.191448855057159,0.499997360758598,18.1758482809676,0.2166,0.0432,0.04,1,0,0.0237592160119988,0.00223255695362164,0.315731232258209,0.59398040029997,176.591939787282,1.91017409688886e-09,9.70964309423928e-05,0.00621274776364712,0.0653394407053802,0.101140544738529,0.151409125238156,0.246302225052983,0.59398040029997,0.0187051040248572,0.0558139238405412,5610,3750,3616,194,27564.6226078007,18,1,2,1
340,166.013323734752,197.882663014637,0.191968563503998,0.499997681277846,18.0580045773817,0.2151,0.0428,0.04,1,0,0.0229328608558434,0.00210087449644121,0.297108520571091,0.573321521396084,167.847061185985,1.19657126655623e-09,0.000123131817182778,0.00581425022971098,0.0628903283140257,0.0982375794272251,0.148140856671517,0.233034153433791,0.573321521396084,0.0178343323674797,0.0525218624110302,5538,3724,3560,176,27572.3810215466,18,1,2,1
341,166.037716235685,197.995602179747,0.192473653990148,0.499997906411212,17.948917556645,0.2139,0.0427,0.04,1,0,0.0231391779623848,0.00198763324018708,0.281093788529615,0.578479449059621,147.572911381953,3.26117591253561e-09,0.000131519486946683,0.0054174108434628,0.059802799935324,0.0935411996248886,0.139712313451487,0.219025825396013,0.578479449059621,0.0169117076985101,0.0496908310046771,5486,3650,3488,152,27579.1472710291,18,1,2,1
342,166.059515002769,198.101874427774,0.192957081829791,0.499998117561474,17.8476435066196,0.2121,0.0426,0.04,1,0,0.0219568477605428,0.0018774826866614,0.265516147859722,0.54892119401357,146.231823601419,4.30813146845836e-09,0.000132903574920698,0.00510596379493706,0.0569595157731684,0.0900991883300458,0.136720925469384,0.208428867408115,0.54892119401357,0.016089506328797,0.046937067166535,5432,3586,3424,124,27585.2190642699,18,1,2,1
343,166.07944366208,198.202603684536,0.193420445746532,0.499998220296502,17.7511699012584,0.2108,0.0425,0.04,1,0,0.0227340229205248,0.00183258381462727,0.259166488483131,0.568350573013119,129.958623208721,1.28751412344239e-09,7.93336532792159e-05,0.00485643751338373,0.0551080210730956,0.0874994227609832,0.130796618243881,0.203225065210865,0.568350573013119,0.0155730199867722,0.0458145953656819,5356,3532,3372,118,27591.4401090374,18,1,2,1
344,166.09779488321,198.299836116892,0.193873984036486,0.499998326781319,17.6591363224146,0.2098,0.0425,0.04,1,0,0.0211038553167158,0.00175978727014006,0.248871502432359,0.527596382917896,139.067849105928,3.27539456910453e-10,6.60399539012966e-05,0.00469221623895959,0.0536911402937961,0.0855860049570436,0.126184480719148,0.204941342602488,0.527596382917896,0.015073545052594,0.0439946817535013,5362,3478,3330,108,27596.8784719772,18,1,2,1
345,166.11574195213,198.394955569461,0.194317607940091,0.499998407906057,17.5699019541754,0.209,0.0422,0.04,1,0,0.0220594897155378,0.00172436415843559,0.243861917932968,0.551487242888445,122.207271050375,3.72690142225951e-10,4.67317537561656e-05,0.00440730416058459,0.0528808758253078,0.0832039008174697,0.123601598529163,0.200804135261033,0.551487242888445,0.014671488418516,0.0431091039608899,5320,3440,3298,102,27602.3935269458,18,1,2,1
346,166.133091164602,198.487687941359,0.194751067050815,0.499998498085877,17.4849942341825,0.2074,0.042,0.04,1,0,0.0205894462238897,0.0016592624141865,0.234655140967847,0.514736155597241,129.888533964203,2.64647107229447e-09,5.63157472065084e-05,0.00439049651559713,0.0517678783568346,0.0807720323007942,0.120144180868158,0.197355655049378,0.514736155597241,0.0142363771849406,0.0414815603546625,5316,3392,3272,100,27607.4867706207,18,1,2,1
347,166.149444580367,198.577049921193,0.195171313528772,0.499998552650643,17.4027647411921,0.2062,0.0416,0.04,1,0,0.0216555233312601,0.00163566442236413,0.231317880959851,0.541388083281502,114.098791238355,1.14536376004294e-09,5.36808441831399e-05,0.00422705017863093,0.0508516818586354,0.0792213801547037,0.115652996048167,0.191332768378304,0.541388083281502,0.0139358546391022,0.0408916105591032,5286,3352,3234,92,27612.7974387294,18,1,2,1
348,166.165645001235,198.66500717807,0.195584124363335,0.499998617714073,17.3239370029016,0.205,0.0414,0.04,1,0,0.0221248276628169,0.00159713357216072,0.225868795867107,0.553120691570422,104.220386672498,9.42101212126198e-10,5.37791833538016e-05,0.00413368266699417,0.0491921107843108,0.077127872698026,0.113389363386003,0.182194434441264,0.553120691570422,0.0135991041298013,0.0399283393040179,5290,3310,3168,96,27617.8116981388,18,1,2,1
349,166.180923450378,198.750472883917,0.195988497098851,0.499998681787682,17.2471582522555,0.204,0.0416,0.04,1,0,0.0201315290894891,0.00155993996641335,0.220608825698959,0.503288227237228,120.085961534351,2.61174317945835e-09,3.94704922444805e-05,0.00380343522081593,0.048493194602595,0.0754414768461919,0.109524584484516,0.178115718175796,0.503288227237228,0.0133071249058331,0.0389984991603338,5278,3314,3140,100,27622.5215258794,18,1,2,1
350,166.195563178373,198.834529999999,0.196388917955623,0.499998696715101,17.1724235915412,0.2023,0.0419,0.04,1,0,0.0205371590029972,0.00153993311806071,0.217779430070894,0.513428975074931,112.44832296002,5.04362807104216e-10,3.11080688808926e-05,0.00390058453268322,0.047752356854889,0.0742554668120969,0.107690328042149,0.173378609622947,0.513428975074931,0.0130392785611045,0.0384983279515177,5290,3270,3120,92,27627.1129663763,18,1,2,1
351,166.209164603047,198.917048743537,0.196787488936644,0.499998749844777,17.0997581742149,0.2017,0.0423,0.04,1,0,0.0204093835634417,0.00150623287973623,0.213013496661526,0.510234589086042,108.931746721886,5.22973886369934e-09,4.41905647537714e-05,0.0035190587300684,0.047393634889257,0.0731466719034884,0.105413243277328,0.169909439769644,0.510234589086042,0.0127917864157047,0.0376558219934058,5202,3254,3092,84,27631.4717364947,18,1,2,1
352,166.2216108469,198.998206272535,0.197186125550326,0.499998787779519,17.0302851732215,0.2007,0.0416,0.04,1,0,0.0198450939128137,0.00147410600602484,0.208470070609596,0.496127347820344,110.352229049878,8.3108285024161e-10,5.7359520426198e-05,0.00356268035926228,0.046223324629576,0.0724127954443466,0.103312525478782,0.167482363652103,0.496127347820344,0.0125373080115716,0.036852650150621,5222,3230,3070,80,27635.35240424,18,1,2,1
353,166.232146015108,199.077632694495,0.197588056622949,0.499998850962733,16.9631432685632,0.2005,0.0414,0.04,1,0,0.0187142540433017,0.00143870607085631,0.203463763767351,0.467856351082541,118.203165370806,2.47138233308144e-09,5.11114543000176e-05,0.00326216708024037,0.0453133921433763,0.0701772890470798,0.100528805369022,0.16301888747507,0.467856351082541,0.0122050231822561,0.0359676517714079,5166,3184,3022,74,27638.6201727353,18,1,2,1
354,166.24284926287,199.156043735108,0.19798261770763,0.499998874852531,16.8979660121128,0.1991,0.0414,0.04,1,0,0.0190874975476508,0.00142391822979278,0.201372447228324,0.47718743869127,111.301779368348,1.23421848243727e-10,3.46916915832389e-05,0.00306672241172994,0.0442482225099922,0.0686807084271474,0.0959648668774746,0.157248294252357,0.47718743869127,0.0119386549207018,0.0355979557448196,5140,3134,2962,74,27642.0840624951,18,1,2,1
355,166.253616441988,199.234043558173,0.19837419372885,0.499998903808187,16.834150690609,0.1978,0.0413,0.04,1,0,0.019225296307969,0.00140500725969285,0.198698032189028,0.480632407699224,106.817165187498,3.82201158576106e-09,2.64985057015999e-05,0.00287922198749333,0.0437819248062703,0.0669947627297663,0.0915507799810927,0.155623965130047,0.480632407699224,0.0116826355160171,0.0351251814923211,5092,3112,2932,72,27645.4636460254,18,1,2,1
356,166.264391863447,199.311321052391,0.19876131514729,0.499998926565775,16.770829391795,0.1972,0.0412,0.04,1,0,0.0204588112520489,0.0013869848341886,0.196149276331531,0.511470281301222,91.9205531308644,1.87155610488098e-10,2.18511689723376e-05,0.00288778141954992,0.0426229550459472,0.0655845555934022,0.0890111196833844,0.151019946402107,0.511470281301222,0.011423322405613,0.034674620854715,5084,3082,2894,64,27648.8383410564,18,1,2,1
357,166.275313171796,199.388258182995,0.199145287292209,0.499998968021586,16.7092120183674,0.1958,0.0412,0.04,1,0,0.0174311027245072,0.00135078709864679,0.19103014347849,0.435777568112681,120.103061841368,3.63098266718075e-10,2.5756401582839e-05,0.00284574926491269,0.0419407093387709,0.0642016159277283,0.0866172811607334,0.146895439084822,0.435777568112681,0.0111375086191177,0.0337696774661698,5088,3052,2852,60,27652.2298466508,18,1,2,1
358,166.285894493949,199.463870737307,0.199523695887296,0.499998982064013,16.6487995992884,0.1957,0.0407,0.04,1,0,0.0210680283755279,0.00134593218212885,0.190343554600103,0.526700709388197,81.6260087606471,3.11037392616219e-09,2.74166969114065e-05,0.00281087753231765,0.0408004399275129,0.0631719104748675,0.0844930585865521,0.142459490587802,0.526700709388197,0.0109552559826511,0.0336483045532211,5082,3024,2814,54,27655.819527802,18,1,2,1
359,166.296141414802,199.538501133968,0.199898563107658,0.499999069554009,16.5916039440848,0.1947,0.0407,0.04,1,0,0.0193111796653147,0.00126666757513324,0.179133846377167,0.482779491632867,86.0473883769424,7.19796481770526e-09,5.30389601060449e-05,0.00255860081458737,0.0396310016201222,0.0614686241220732,0.0820831584268454,0.137474819505012,0.482779491632867,0.0104895225154331,0.031666689378331,5010,2940,2776,46,27658.7472893801,18,1,2,1
360,166.305410915678,199.610019520596,0.200261725830465,0.499999165190566,16.5379528918706,0.1942,0.0406,0.04,1,0,0.0172613273066069,0.00119201500590883,0.168576378790851,0.431533182665173,95.3773091426128,1.49563192597241e-09,6.38055266581095e-05,0.0024044287244073,0.0378463185869602,0.0600081987800793,0.0798892605424905,0.131616394917988,0.431533182665173,0.0100793960634222,0.0298003751477207,4974,2902,2696,32,27661.3322801949,18,1,2,1
361,166.313801606737,199.678444674655,0.200612593456385,0.499999234358255,16.4876477243446,0.1932,0.0404,0.04,1,0,0.0170767847890758,0.00113019122504271,0.159833175853047,0.426919619726896,87.6035382292602,1.11228020882724e-09,6.37005581814655e-05,0.00221008135578419,0.036423045317583,0.0582844854259511,0.0770796502951759,0.127518237475511,0.426919619726896,0.00968773388170467,0.0282547806260678,4934,2842,2636,24,27663.7349677262,18,1,2,1
362,166.32151328211,199.744139207207,0.200951910943757,0.499999278505246,16.4398880347252,0.1927,0.04,0.04,1,0,0.014542802044395,0.00108466801618546,0.15339522191618,0.363570051109874,111.257034269093,6.29286173966297e-09,5.20187826444228e-05,0.00207593518471576,0.0352759270663339,0.0571523987377069,0.0756349468335528,0.124323922418395,0.363570051109874,0.00938499456250918,0.0271167004046365,4882,2768,2580,18,27666.1034481101,18,1,2,1
363,166.328831838592,199.808185033051,0.201284123891087,0.499999330301819,16.3939558161795,0.1922,0.04,0.04,1,0,0.0149791723165263,0.00105454842462674,0.149135668428632,0.374479307913157,99.1259623225972,1.36430153687954e-09,4.15869237132851e-05,0.00206956773868839,0.0346708719879049,0.0564255374498707,0.0739403220486204,0.123033988665789,0.374479307913157,0.00917172320103348,0.0263637106156686,4872,2732,2548,14,27668.4340653471,18,1,2,1
364,166.335574522633,199.871336290143,0.201615089638851,0.499999371104099,16.3510794725373,0.1914,0.0399,0.04,1,0,0.0138704993458541,0.00101099458862706,0.142976225872219,0.346762483646351,106.253553984153,3.45491129629659e-09,5.27039655988919e-05,0.00205154433420185,0.0332050254272146,0.0547897392565461,0.0712170456446264,0.116831355342957,0.346762483646351,0.00884589609801504,0.0252748647156764,4852,2672,2484,10,27670.2998412071,18,1,2,1
365,166.342081718914,199.93242494052,0.201935330341525,0.499999398975841,16.3106157617858,0.191,0.0396,0.04,1,0,0.0147671602789305,0.000984608324487439,0.139244644611558,0.369179006973262,88.9125416008809,6.86687961165946e-09,4.85934922888666e-05,0.0019465415981819,0.0322358633551055,0.0535771562471948,0.0695676392317958,0.113062970612293,0.369179006973262,0.00859280676387109,0.024615208112186,4834,2602,2446,10,27672.2323946899,18,1,2,1
366,166.347775700077,199.991640983031,0.202250166203685,0.499999420966812,16.2707875638951,0.1906,0.0397,0.04,1,0,0.0144594517551454,0.000961155628409069,0.135927932524734,0.361486293878634,88.371813933756,1.43799121742156e-10,2.03086242256635e-05,0.00201672944907151,0.0316833355428725,0.0526122477471213,0.0679132175802792,0.110002359633739,0.361486293878634,0.00841016132196029,0.0240288907102267,4844,2588,2418,12,27674.0468308652,18,1,2,1
367,166.353811782279,200.050365174535,0.202559550822663,0.499999450546548,16.2322387653513,0.1899,0.0397,0.04,1,0,0.0131844787065546,0.000929218937096457,0.131411402325572,0.329611967663865,99.3436639190246,8.16540544452323e-10,2.68772087764092e-05,0.00199359992824922,0.0311281106256487,0.0516537410274682,0.0667361655418132,0.108190034946505,0.329611967663865,0.00818486328345242,0.0232304734274114,4826,2560,2370,2,27675.8930674657,18,1,2,1
368,166.359443726561,200.107985200685,0.202865197900007,0.499999476728479,16.1949349031253,0.1893,0.0399,0.04,1,0,0.0121581078758497,0.000901214931607764,0.127451037889284,0.303952696896243,109.889138343901,4.73084027708427e-10,2.53563541913378e-05,0.00194379794781599,0.0302656327675644,0.0504215734526052,0.0653031931736749,0.104913620091673,0.303952696896243,0.00795609877314874,0.0225303732901941,4810,2516,2312,2,27677.6286994631,18,1,2,1
369,166.364949860314,200.164699686905,0.203166291066541,0.499999498054556,16.1588929332143,0.1885,0.0398,0.04,1,0,0.0103284856927539,0.000877522903626333,0.124100479160138,0.258212142318849,144.368888276756,1.52943535305863e-09,2.60688538593715e-05,0.00191073380086084,0.0294545807604262,0.0492019301434703,0.0636553007007062,0.101961968158254,0.258212142318849,0.00774646239445993,0.0219380725906583,4792,2464,2256,2,27679.3500554632,18,1,2,1
