outer,omega1,omega2,gap12,volume,volErr,Mnd,gray,mid,move,stage,moveChanged,descent,beta,betaStallRel,betaStallFires,prodStageShadow,prodMoveShadow,prodTol,prodStopRaw,prodSettled,prodStopAdmit,exA,exB,exE,exNA,exNB,exDecl,exAmp,exCos,exNet,exMedcos,exMednet,exTol,exStageStart,cosT,net_ratio,cosT_unsat,net_ratio_unsat,boundFrac,revFrac,maxAbs,ratio,l2,rms,stepNorm,path_W,net_W,nInner,cumInner,innerConv,multN,multJ,degen,tOuter
1,68.320853969668761,252.59159950691193,2.6971376209531965,0.49995526847397831,-4.4731526021690726e-05,99.550262829664703,1,1,0.040000000000000001,1,1,0,5470.2728359562325,NaN,0,1,0.040000000000000001,0.075000000000000011,0,0,0,0,0,0,0,0,0,2.845218632378391,NaN,NaN,NaN,NaN,0.075000000000000011,1,NaN,NaN,NaN,NaN,0.60166666666666668,NaN,0.039981046494554272,0.99952616236385683,2.845218632378391,0.033531223148551247,0.033531223148551247,NaN,NaN,20,20,1,2,0,1,1.5767267916666667
2,74.312707795068732,269.42388529871937,2.6255425659055032,0.49995279623097261,-4.7203769027392983e-05,98.2579522943131,1,1,0.040000000000000001,1,0,0,6404.1452588691109,NaN,0,1,0.040000000000000001,0.075000000000000011,0,1,0,0,0,0,0,0,0,2.7795974941854653,0.98219033152957014,NaN,NaN,NaN,0.075000000000000011,1,0.98219033152957014,NaN,NaN,NaN,0.58833333333333337,0.036666666666666667,0.039978211556581274,0.99945528891453184,2.7795974941854653,0.032757870618461291,0.032757870618461291,NaN,NaN,19,39,1,2,0,1,0.80912329166666663
3,80.350981972323851,284.74165638836109,2.5437234169264755,0.49995211494878711,-4.7885051212892549e-05,96.244741831891432,1,0.435,0.040000000000000001,1,0,0,7404.3365640998427,NaN,0,1,0.040000000000000001,0.075000000000000011,0,1,0,0,0,0,0,0,0,2.6813707801406679,0.98467516772876085,NaN,NaN,NaN,0.075000000000000011,1,0.98467516772876085,NaN,0.8978568129247807,NaN,0.54222222222222227,0.040000000000000001,0.039975073250159074,0.99937683125397681,2.6813707801406679,0.031600257691882155,0.031600257691882155,NaN,NaN,18,57,1,2,0,1,0.73405374999999995
4,86.321618343865651,297.55097139014219,2.4470040888811408,0.49994641658895173,-5.3583411048274687e-05,93.652563496091759,1,0.35833333333333334,0.040000000000000001,1,0,0,8448.9474505969974,NaN,0,1,0.040000000000000001,0.075000000000000011,0,1,0,0,0,0,0,0,0,2.5924940139112023,0.98040134677434498,NaN,NaN,NaN,0.075000000000000011,1,0.98040134677434498,NaN,0.92185777786171397,NaN,0.51500000000000001,0.050555555555555555,0.039971514623478109,0.99928786558695271,2.5924940139112023,0.030552834957035712,0.030552834957035709,NaN,NaN,17,74,1,2,0,1,0.60275049999999997
5,92.145314202729139,306.27426359953421,2.3238181045831525,0.49994610531939299,-5.3894680607013967e-05,90.679906137724004,1,0.35444444444444445,0.040000000000000001,1,0,0,9510.4030085148206,NaN,0,1,0.040000000000000001,0.075000000000000011,0,1,0,0,0,0,0,0,0,2.4539151541295099,0.97731862421593463,NaN,NaN,NaN,0.075000000000000011,1,0.97731862421593463,NaN,0.86052947866756468,NaN,0.45277777777777778,0.042777777777777776,0.03996748623757844,0.99918715593946095,2.4539151541295099,0.028919667432356806,0.028919667432356806,NaN,NaN,16,90,1,2,0,1,0.53088062499999999
6,97.694653045217777,308.49520571958624,2.1577491306182321,0.49994942784910401,-5.0572150895988877e-05,87.483913889128644,1,0.31055555555555553,0.040000000000000001,1,0,0,10574.022483141944,NaN,0,1,0.040000000000000001,0.075000000000000011,0,1,0,0,0,0,0,0,0,2.3597881017752647,0.97019166845920557,NaN,NaN,NaN,0.075000000000000011,1,0.97019166845920557,NaN,0.87535938884372944,NaN,0.41555555555555557,0.067777777777777784,0.039962486490784169,0.9990621622696042,2.3597881017752647,0.027810369482143674,0.027810369482143674,NaN,NaN,16,106,1,2,0,1,0.51461912499999996
7,102.99671953277208,301.6275300940647,1.9285158931502777,0.49993716276983102,-6.2837230168977243e-05,84.237625107427931,1,0.30222222222222223,0.040000000000000001,1,0,0,11633.577578167598,NaN,0,1,0.040000000000000001,0.075000000000000011,0,1,0,0,0,0,0,0,0,2.2268792099131054,0.96776946087967008,NaN,NaN,NaN,0.075000000000000011,1,0.96776946087967008,NaN,0.81437271147484369,NaN,0.35833333333333334,0.076666666666666661,0.039958025758834066,0.99895064397085165,2.2268792099131054,0.026244023170214965,0.026244023170214962,NaN,NaN,15,121,1,2,0,1,0.47539845833333333
8,108.0400615346276,283.65554069511558,1.6254663007962282,0.49994439219880499,-5.5607801195012296e-05,80.952949059871273,1,0.29499999999999998,0.040000000000000001,1,0,0,12709.918800026277,NaN,0,1,0.040000000000000001,0.075000000000000011,0,1,0,0,0,0,0,0,0,2.1451031794994195,0.97501457495215627,NaN,NaN,NaN,0.075000000000000011,1,0.97501457495215627,NaN,0.89473507427285759,NaN,0.32555555555555554,0.069444444444444448,0.039958475735377051,0.99896189338442631,2.1451031794994195,0.025280283409481057,0.025280283409481057,NaN,NaN,15,136,1,2,1,1,0.46684758333333332
9,112.96502029422878,255.42416797071229,1.261090798775004,0.49995208993018148,-4.7910069818524192e-05,77.515975914465841,1,0.30666666666666664,0.040000000000000001,1,0,0,13845.383113366963,NaN,0,1,0.040000000000000001,0.075000000000000011,0,1,0,0,0,0,0,0,0,2.1321116642488622,0.98103947782194589,NaN,NaN,NaN,0.075000000000000011,1,0.98103947782194589,NaN,0.93791697088764692,NaN,0.32333333333333331,0.036111111111111108,0.039960718520718599,0.99901796301796497,2.1321116642488622,0.025127176933955098,0.025127176933955098,NaN,NaN,16,152,1,2,1,1,0.50673379166666666
10,117.96360748568434,220.45893705511182,0.86887245782023048,0.49994565238795208,-5.4347612047922489e-05,73.841367857254554,1,0.27777777777777779,0.040000000000000001,1,0,0,15069.674498795112,NaN,0,1,0.040000000000000001,0.075000000000000011,0,1,0,0,0,0,0,0,0,2.1104060359495613,0.98993571133210778,0.89198444071736271,NaN,NaN,0.075000000000000011,1,0.98993571133210778,0.89198444071736271,0.95108791914805746,0.7962331282438182,0.30722222222222223,0.050555555555555555,0.039963233363480601,0.99908083408701498,2.1104060359495613,0.024871373651282593,0.024871373651282593,0.28669508049536457,0.25572755103207706,16,168,1,2,0,1,0.49241958333333335
11,123.12784471014345,185.91326083868415,0.50992053240552138,0.49995368708782584,-4.6312912174162335e-05,69.788688954688865,0.73111111111111116,0.28055555555555556,0.040000000000000001,1,0,0,16440.441381707933,NaN,0,1,0.040000000000000001,0.075000000000000011,0,1,0,0,0,0,0,0,0,2.152016807990301,0.99020400864786329,0.89338734943314124,NaN,NaN,0.075000000000000011,1,0.99020400864786329,0.89338734943314124,0.97011593903172111,0.81640893772036305,0.32166666666666666,0.03833333333333333,0.039965187926781706,0.99912969816954267,2.152016807990301,0.025361761302622837,0.025361761302622837,0.2785256186494362,0.24883126419444571,17,185,1,2,0,1,0.49341712500000001
12,129.78759576949517,161.66081889901537,0.24557988720376289,0.49995500495767103,-4.4995042328965784e-05,65.267885600957186,0.69833333333333336,0.31055555555555553,0.040000000000000001,1,0,0,18485.782981223434,NaN,0,1,0.040000000000000001,0.075000000000000011,0,1,0,0,0,0,0,0,0,2.169879270941645,0.99314375971425051,0.90161093385208946,NaN,NaN,0.075000000000000011,1,0.99314375971425051,0.90161093385208946,0.97240962683823107,0.81621179076774608,0.3322222222222222,0.066666666666666666,0.039965601361993487,0.9991400340498372,2.169879270941645,0.025572272447315983,0.02557227244731599,0.27134002047829087,0.24464312925487691,17,202,1,2,1,1,0.47726475000000002
13,135.48767352102615,151.4653775122641,0.11792736251212098,0.4999647481359385,-3.5251864061502935e-05,61.738204284058504,0.67666666666666664,0.315,0.040000000000000001,1,0,0,19442.003859366381,NaN,0,1,0.040000000000000001,0.075000000000000011,0,1,0,0,0,0,0,0,0,1.8086407101809625,0.95106193510260062,0.90934168014641448,NaN,NaN,0.075000000000000011,1,0.95106193510260062,0.90934168014641448,0.97943696961343507,0.81652193499894832,0.14277777777777778,0.052777777777777778,0.039916370098107987,0.99790925245269968,1.8086407101809625,0.021315035181650194,0.021315035181650194,0.26105479796805892,0.23738800859455747,17,219,1,2,0,1,0.49082150000000002
14,139.54819053880502,148.67695382514657,0.065416565066840196,0.49997068615612789,-2.9313843872114109e-05,60.258510219839856,0.65055555555555555,0.30444444444444446,0.040000000000000001,1,0,0,20119.199503196964,NaN,0,1,0.040000000000000001,0.075000000000000011,0,1,0,0,0,0,0,0,0,1.4695086272076214,0.81610341213149962,0.90095017136290689,NaN,NaN,0.075000000000000011,1,0.81610341213149962,0.90095017136290689,0.72105284198404984,0.84765315588109957,0.10722222222222222,0.105,0.039909837426332237,0.99774593565830594,1.4695086272076214,0.017318325255177389,0.017318325255177392,0.24782028826620062,0.22327373118063842,17,236,1,2,0,1,0.549428625
15,142.1279589549147,145.9929994333244,0.027194089796475231,0.49997570030747168,-2.4299692528317873e-05,58.951384852207113,0.6413888888888889,0.3175,0.040000000000000001,1,0,0,20772.239323846574,NaN,0,1,0.040000000000000001,0.075000000000000011,0,1,0,0,0,0,0,0,0,1.2887753094579792,0.93596772492329583,0.89520197859287487,NaN,NaN,0.075000000000000011,1,0.93596772492329583,0.89520197859287487,0.90297414047832636,0.87345973689454115,0.083055555555555549,0.054166666666666669,0.039937400299052732,0.9984350074763183,1.2887753094579792,0.015188362679058806,0.01518836267905881,0.23408898351290264,0.20955692120754529,17,253,1,2,0,1,0.74782570833333328
16,144.00430623232631,145.3162867954772,0.0091107036829456076,0.49997488980200472,-2.5110197995281691e-05,57.706509347363436,0.63138888888888889,0.31472222222222224,0.040000000000000001,1,0,0,21183.79845279907,NaN,0,1,0.040000000000000001,0.075000000000000011,0,1,0,0,0,0,0,0,0,1.2810089338182151,0.85515052783780687,0.88236405738956503,NaN,NaN,0.075000000000000011,1,0.85515052783780687,0.88236405738956503,0.74222922004030223,0.87379806195372589,0.09194444444444444,0.25361111111111112,0.039898202886234246,0.99745507215585616,1.2810089338182151,0.015096835064390152,0.015096835064390152,0.22137544909514911,0.19533373947003288,38,291,1,2,0,1,1.8707532916666667
17,145.37405868041427,146.2302540533353,0.0058896021800097682,0.49997172030737697,-2.8279692623034425e-05,56.859071307517375,0.62666666666666671,0.30499999999999999,0.040000000000000001,1,0,0,21444.959936501069,NaN,0,1,0.040000000000000001,0.075000000000000011,0,1,0,0,0,0,0,0,0,0.96182256064808214,0.88516469626044103,0.87076565115529148,NaN,NaN,0.075000000000000011,1,0.88516469626044103,0.87076565115529148,0.7891790915921385,0.88219949682052556,0.039722222222222221,0.28000000000000003,0.039897566400840648,0.99743916002101618,0.96182256064808214,0.011335187582207805,0.011335187582207805,0.20646661350714196,0.17978403515237437,18,309,1,2,0,1,1.0100877500000001
18,146.48494274308183,147.06130807867788,0.0039346387744911889,0.49997136157378208,-2.8638426217919566e-05,55.987506430923595,0.60583333333333333,0.30388888888888888,0.040000000000000001,1,0,0,21752.606776000579,NaN,0,1,0.040000000000000001,0.075000000000000011,0,1,0,0,0,0,0,0,0,0.92646987325464769,0.98107330535163972,0.85769505911588906,NaN,NaN,0.075000000000000011,1,0.98107330535163972,0.85769505911588906,0.97086000891485069,0.87864839229433356,0.037777777777777778,0.13,0.039897853173999687,0.99744632934999211,0.92646987325464769,0.010918552165723376,0.010918552165723376,0.19210488226338426,0.16476740834934428,18,327,1,2,0,1,1.0922145833333334
19,147.70726724135159,148.24738783292028,0.0036566961237333366,0.49997463027182021,-2.5369728179791551e-05,55.104747049361613,0.60111111111111115,0.30138888888888887,0.040000000000000001,1,0,0,22152.85539039447,NaN,0,1,0.040000000000000001,0.075000000000000011,0,1,0,0,0,0,0,0,0,0.89497422764781209,0.97808771098453307,0.84523541794991819,NaN,NaN,0.075000000000000011,1,0.97808771098453307,0.84523541794991819,0.96254425177888692,0.86119855195563821,0.036666666666666667,0.14916666666666667,0.039937375650982286,0.99843439127455713,0.89497422764781209,0.010547372422616014,0.010547372422616013,0.17752507775204518,0.15005048329034162,19,346,1,2,0,1,1.3988952083333333
20,148.66816591409997,149.50324758838696,0.005617084660676383,0.49997605416908342,-2.3945830916582977e-05,54.237622953367683,0.5969444444444445,0.29944444444444446,0.040000000000000001,1,0,0,22366.408827595569,NaN,0,1,0.040000000000000001,0.075000000000000011,0,1,0,0,0,0,0,0,0,0.83318509161409116,0.96547904393462536,0.83844765379678576,0.97731862421593463,0.89198444071736271,0.075000000000000011,1,0.96547904393462536,0.83844765379678576,0.94502651228033163,0.84871261185210745,0.025000000000000001,0.32500000000000001,0.039892250331931396,0.9973062582982849,0.83318509161409116,0.0098191804710643111,0.0098191804710643111,0.16247288457182688,0.13622500887484423,21,367,1,2,0,1,1.2811434166666666
21,149.37760502070259,150.25108588932966,0.0058474686918833108,0.49997464944879072,-2.5350551209279981e-05,53.49558417965811,0.58111111111111113,0.29666666666666669,0.040000000000000001,1,0,0,22530.11647329132,1.019975458933992,0,1,0.040000000000000001,0.075000000000000011,0,1,0,0,0,0,0,0,0,0.78844703986885345,0.8732942199753686,0.83835389187730758,0.97616659958404539,0.88717424905346387,0.075000000000000011,1,0.8732942199753686,0.83835389187730758,0.8616521017210329,0.83810873169913203,0.023055555555555555,0.29805555555555557,0.039894060935827196,0.9973515233956799,0.78844703986885345,0.009291937474962108,0.0092919374749621062,0.14640306074416615,0.12273757575762156,21,388,1,2,0,1,1.3202772083333334
22,150.0911654848839,151.02446785600765,0.006218236550489975,0.49997747128978126,-2.2528710218738812e-05,52.790239253873636,0.57694444444444448,0.29583333333333334,0.040000000000000001,1,0,0,22748.709831707863,0.87654744913654847,0,1,0.040000000000000001,0.075000000000000011,0,1,0,0,0,0,0,0,0,0.72932519148164687,0.97255727431656291,0.85957811386717475,0.97378592463435965,0.88236405738956503,0.075000000000000011,1,0.97255727431656291,0.85957811386717475,0.96467045164074983,0.80322346443889103,0.022222222222222223,0.14361111111111111,0.039937280824388778,0.99843202060971947,0.72932519148164687,0.0085951798097808289,0.0085951798097808289,0.12942596810663098,0.11125172955053098,18,406,1,2,0,1,1.1553520833333333
23,150.90837904759564,151.76185543633531,0.0056555931097138313,0.49998732989506323,-1.2670104936773896e-05,52.061703381232128,0.5708333333333333,0.29805555555555557,0.040000000000000001,1,0,0,22975.88131873243,0.72823556853995253,0,1,0.040000000000000001,0.075000000000000011,0,1,0,0,0,0,0,0,0,0.7165547518573322,0.98486970385266048,0.88286902570606651,0.97378592463435965,0.88261654154781577,0.075000000000000011,1,0.98486970385266048,0.88286902570606651,0.97430272174377675,0.85356088148318832,0.020277777777777777,0.12055555555555555,0.039938700000504319,0.99846750001260798,0.7165547518573322,0.008444678735496057,0.008444678735496057,0.11655561166047687,0.10290333930725987,19,425,1,2,0,1,1.2514924166666668
24,151.44321771730222,152.56299837181061,0.0073940627476542023,0.49998083432522711,-1.9165674772891883e-05,51.423237800665945,0.5591666666666667,0.29638888888888887,0.040000000000000001,1,0,0,23110.546802741108,0.60139929031365447,0,1,0.040000000000000001,0.075000000000000011,0,1,0,0,0,0,0,0,0,0.6202519947820796,0.9336274637814076,0.89352940739606834,0.97137447138788424,0.88286902570606651,0.075000000000000011,1,0.9336274637814076,0.89352940739606834,0.95411243083561048,0.87157064581605082,0.0091666666666666667,0.21472222222222223,0.039917983270073981,0.99794958175184956,0.6202519947820796,0.0073097398592481926,0.0073097398592481926,0.10654702626454766,0.095202901237974605,20,445,1,2,0,1,1.312065375
25,151.8923074194343,153.04489423499473,0.0075881842546356281,0.49998559190148012,-1.440809851988023e-05,50.85456914522991,0.55194444444444446,0.2936111111111111,0.040000000000000001,1,0,0,23230.20888693189,0.49521419381157511,0,1,0.040000000000000001,0.075000000000000011,0,1,0,0,0,0,0,0,0,0.58393619577427314,0.95100772792487165,0.89788467692258023,0.96898056466943783,0.88742673321171461,0.075000000000000011,1,0.95100772792487165,0.89788467692258023,0.93722933600267511,0.8847044431708655,0.0094444444444444445,0.14416666666666667,0.039940006933814554,0.99850017334536378,0.58393619577427314,0.0068817540635377318,0.0068817540635377318,0.098240417649026579,0.088208565661535579,19,464,1,2,0,1,1.1512585416666667
26,152.37128730825148,153.58919554624819,0.0079930297860701712,0.49998084514111613,-1.9154858883874137e-05,50.325136527818351,0.54583333333333328,0.28611111111111109,0.040000000000000001,1,0,0,23357.226136614594,0.40482079922777892,0,1,0.040000000000000001,0.075000000000000011,0,1,0,0,0,0,0,0,0,0.55031404188991717,0.95401484150646221,0.8991134213960742,0.96662425240714778,0.89198444071736271,0.075000000000000011,1,0.95401484150646221,0.8991134213960742,0.95287882707394522,0.91927354173097264,0.0074999999999999997,0.34916666666666668,0.03994808466840747,0.99870211671018672,0.55031404188991717,0.0064855131800423032,0.0064855131800423049,0.089629095764678715,0.080586722949616663,19,483,1,2,0,1,1.1999169583333333
27,152.63678284144379,154.0404377779341,0.009196046394324248,0.49998151245093708,-1.8487549062917719e-05,49.85407058476526,0.53583333333333338,0.28027777777777779,0.040000000000000001,1,0,0,23417.262965465354,0.32979867331802315,0,1,0.040000000000000001,0.075000000000000011,0,1,0,0,0,0,0,0,0,0.4967101321056322,0.91466909220495196,0.89004831640200233,0.95974694272054384,0.89101637855968252,0.075000000000000011,1,0.91466909220495196,0.89004831640200233,0.95778619110741736,0.92143995301094528,0.00055555555555555556,0.33194444444444443,0.039600996267819689,0.99002490669549226,0.4967101321056322,0.0058537850449326394,0.0058537850449326403,0.08414769322740355,0.074895512686162707,20,503,1,2,0,1,1.188177375
28,152.88708960707115,154.23399949428148,0.0088098340459745045,0.49999058317693362,-9.4168230663771446e-06,49.373242194689809,0.52555555555555555,0.27527777777777779,0.040000000000000001,1,0,0,23472.942236205672,0.26810489391003051,0,1,0.040000000000000001,0.075000000000000011,0,1,0,0,0,0,0,0,0,0.53455646114522715,0.91075708602691452,0.87973917999823226,0.95253838830453141,0.89004831640200233,0.075000000000000011,1,0.91075708602691452,0.87973917999823226,0.91567023728414831,0.92445210185137616,0.0027777777777777779,0.38277777777777777,0.039848859564784747,0.99622148911961861,0.53455646114522715,0.0062998083100478889,0.0062998083100478872,0.07952894937172808,0.069964732706404992,20,523,1,2,0,1,1.1935167499999999
29,153.17654822019037,154.65718460200065,0.0096662080391175763,0.49999054815651695,-9.4518434830548337e-06,48.894873210751967,0.52055555555555555,0.2713888888888889,0.040000000000000001,1,0,0,23540.532079099863,0.2164134241453462,0,1,0.040000000000000001,0.075000000000000011,0,1,0,0,0,0,0,0,0,0.54205780826506778,0.94797487801064306,0.8757344567372195,0.95103483151373613,0.88645867105403442,0.075000000000000011,1,0.94797487801064306,0.8757344567372195,0.95323952386949895,0.91384851167389203,0.0022222222222222222,0.40916666666666668,0.039898259407715193,0.99745648519287977,0.54205780826506778,0.00638821253365578,0.00638821253365578,0.075369789482767832,0.066003921647090291,23,546,1,2,0,1,1.6635280416666667
30,153.44916349222441,154.57249558519234,0.0073205488215310442,0.4999723029671248,-2.769703287519576e-05,48.366707304234922,0.5130555555555556,0.27083333333333331,0.040000000000000001,1,0,0,23620.943620387516,0.17213075437841269,0,1,0.040000000000000001,0.075000000000000011,0,1,0,0,0,0,0,0,0,0.60605879628194448,0.91539110825950232,0.87501106961038122,0.94949130296775741,0.88261654154781577,0.075000000000000011,1,0.91539110825950232,0.87501106961038122,0.91874596959403765,0.91671761172617083,0.0061111111111111114,0.22527777777777777,0.039730485242899294,0.99326213107248229,0.60605879628194448,0.0071424714108119878,0.0071424714108119869,0.07269308042251553,0.063607250053778777,26,572,1,2,0,1,2.130756125
31,153.66552200795053,155.05612928950083,0.0090495724960238857,0.4999779915934231,-2.2008406576901063e-05,47.977823828426644,0.50972222222222219,0.26694444444444443,0.040000000000000001,1,0,0,23678.435637973202,0.13638339287841608,0,1,0.040000000000000001,0.075000000000000011,0,1,0,0,0,0,0,0,0,0.44747562549115438,0.87483352552967109,0.87001248116424146,0.9419713014669695,0.88105161869389859,0.075000000000000011,1,0.87483352552967109,0.87001248116424146,0.86530727497971638,0.91608629478849479,0.00027777777777777778,0.48416666666666669,0.039857550598839088,0.99643876497097716,0.44747562549115438,0.0052735508200081197,0.0052735508200081179,0.068674693767561537,0.059747840717910679,19,591,1,2,0,1,1.2748420416666666
32,153.93289247872525,154.71719746003973,0.0050951097500027461,0.49997213634148668,-2.7863658513316292e-05,47.614346981865843,0.50472222222222218,0.2663888888888889,0.040000000000000001,1,0,0,23744.341870384847,0.10893089699660774,0,1,0.040000000000000001,0.075000000000000011,0,1,0,0,0,0,0,0,0,0.43918764145335421,0.89594144448082236,0.87310379342064126,0.93479759435235166,0.87773681836772588,0.075000000000000011,1,0.89594144448082236,0.87310379342064126,0.9000840399621689,0.91865323943575505,0.00055555555555555556,0.21583333333333332,0.039878480132820533,0.99696200332051332,0.43918764145335421,0.0051758759914165469,0.0051758759914165477,0.065255389949197246,0.056974728505787303,21,612,1,2,0,1,1.3750905833333333
33,154.08214727972927,155.35797238304485,0.0082801617568281898,0.49998618188108074,-1.3818118919262101e-05,47.291584661340529,0.50138888888888888,0.26777777777777778,0.040000000000000001,1,0,0,23790.654164272397,0.091534930200506889,0,1,0.040000000000000001,0.075000000000000011,0,1,0,0,0,0,0,0,0,0.39601907316776275,0.92625605832819369,0.88541712986445054,0.92994176105480064,0.87773681836772588,0.075000000000000011,1,0.92625605832819369,0.88541712986445054,0.93292761334421759,0.91866729714701534,0,0.45805555555555555,0.033844974549689703,0.84612436374224254,0.39601907316776275,0.0046671295352689428,0.0046671295352689428,0.061477840748970142,0.054433533306216905,19,631,1,2,0,1,1.269277625
34,154.24208568195149,155.70741240818361,0.0095001744806124909,0.4999908733017383,-9.126698261696653e-06,46.946119842562183,0.49972222222222223,0.26750000000000002,0.040000000000000001,1,0,0,23840.474500698398,0.077581145152469111,0,1,0.040000000000000001,0.075000000000000011,0,1,0,0,0,0,0,0,0,0.42857346654186884,0.93127818531034179,0.89302929644533002,0.93245282454587475,0.87773681836772588,0.075000000000000011,1,0.93127818531034179,0.89302929644533002,0.93127818531034179,0.92443007193211357,0,0.41722222222222222,0.028197883712809735,0.70494709282024337,0.42857346654186884,0.005050786740473023,0.0050507867404730213,0.059218887630194963,0.052884201556668065,21,652,1,2,0,1,1.4079768333333333
35,154.41188757818529,155.5568926325916,0.0074152649278802912,0.49997789702473749,-2.2102975262505709e-05,46.568331216061701,0.49666666666666665,0.26416666666666666,0.040000000000000001,1,0,0,23896.575886987175,0.066300323024210794,0,1,0.040000000000000001,0.075000000000000011,0,1,0,0,0,0,0,0,0,0.48346402125826221,0.93234833054034016,0.90076340942910393,0.93181325792534098,0.87773681836772588,0.075000000000000011,1,0.93234833054034016,0.90076340942910393,0.93234833054034016,0.92403352328050481,0,0.23749999999999999,0.033073805431652663,0.82684513579131658,0.48346402125826221,0.0056976781315239058,0.0056976781315239049,0.058034811698181137,0.052275634850829686,25,677,1,2,0,1,1.7396242916666667
36,154.63880963264279,155.29567168822555,0.0042477180026359064,0.49998176408523348,-1.8235914766517869e-05,46.221118088047945,0.49361111111111111,0.26222222222222225,0.040000000000000001,1,0,0,23961.068556815375,0.057554905082167623,0,1,0.040000000000000001,0.075000000000000011,0,1,0,0,0,0,0,0,0,0.51121567501615528,0.86169346276379488,0.90831659286805078,0.93181325792534098,0.87773681836772588,0.075000000000000011,1,0.86169346276379488,0.90831659286805078,0.85967114419519064,0.92019941801187954,0.0011111111111111111,0.47916666666666669,0.039108573363803557,0.9777143340950889,0.51121567501615528,0.0060247345075463612,0.0060247345075463612,0.057574033025685187,0.052295449515563003,30,707,1,2,0,1,2.2094277916666667
37,154.79861487646588,156.16833385575021,0.0088483929935510557,0.499984224100811,-1.5775899188996689e-05,45.841401482325487,0.48916666666666669,0.26222222222222225,0.040000000000000001,1,0,0,24013.608465260349,0.050045354457864392,0,1,0.040000000000000001,0.075000000000000011,0,1,0,0,0,0,0,0,0,0.54268266902572537,0.93492414387322464,0.90835289105227335,0.93298789716087382,0.88130410285214933,0.075000000000000011,1,0.93492414387322464,0.90835289105227335,0.93560420564880342,0.92165668341943185,0.0025000000000000001,0.44527777777777777,0.039526976969010516,0.98817442422526292,0.54268266902572537,0.006395576588341753,0.0063955765883417512,0.058115824569094296,0.05278967726322354,31,738,1,2,0,1,2.3578567499999998
38,154.98980066725269,156.9154671230217,0.012424472110285592,0.49999243006721622,-7.5699327837797092e-06,45.50804328606047,0.48416666666666669,0.26083333333333331,0.040000000000000001,1,0,0,24075.047117218957,0.043567361480714911,0,1,0.040000000000000001,0.075000000000000011,0,1,0,0,0,0,0,0,0,0.47186510427765549,0.91420841327424462,0.9073468372997946,0.93181325792534098,0.88414307778525858,0.075000000000000011,1,0.91420841327424462,0.9073468372997946,0.91054356389214608,0.91789450612073431,0.0019444444444444444,0.23555555555555555,0.039848489277261673,0.99621223193154185,0.47186510427765549,0.0055609835840004593,0.0055609835840004593,0.057376999843046873,0.052060839341339392,25,763,1,2,0,1,1.7439577083333333
39,155.20098499212207,156.83877334390445,0.010552693024889691,0.49997896531029007,-2.1034689709931165e-05,45.218952794512781,0.48194444444444445,0.25527777777777777,0.040000000000000001,1,0,0,24115.876674928062,0.038365190983476974,0,1,0.040000000000000001,0.075000000000000011,0,1,0,0,0,0,0,0,0,0.41222266337541796,0.91965983094181081,0.90889463702530127,0.92876712181926768,0.88773272313322638,0.075000000000000011,1,0.91965983094181081,0.90889463702530127,0.92797967239156853,0.9183534438358002,0.0011111111111111111,0.42138888888888887,0.039553181646429521,0.98882954116073796,0.41222266337541796,0.0048580906771922916,0.0048580906771922916,0.055846877986583388,0.050758927896611995,23,786,1,2,0,1,1.6015487500000001
40,155.35963641668732,157.21886665642032,0.011967266933776711,0.49998416113223582,-1.5838867764184084e-05,44.896020653796832,0.48055555555555557,0.25166666666666665,0.040000000000000001,1,0,0,24160.941756099975,0.034614069896139459,0,1,0.040000000000000001,0.075000000000000011,0,1,0,0,0,0,0,0,0,0.46206463009865001,0.9428452559054622,0.91173128351334964,0.92876712181926768,0.89153880642366623,0.075000000000000011,1,0.9428452559054622,0.91173128351334964,0.94308900718557709,0.91273061951883983,0.0027777777777777779,0.23000000000000001,0.039723225111434203,0.99308062778585504,0.46206463009865001,0.0054454838881534857,0.0054454838881534857,0.054149890463924877,0.049370149134781521,26,812,1,2,0,1,1.8047651250000001
41,155.5541709460586,157.5724315792497,0.012974648130077857,0.49999183188039809,-8.1681196019145474e-06,44.536532962360731,0.4777777777777778,0.24805555555555556,0.040000000000000001,1,0,0,24261.364212615656,0.031347057249192255,0,1,0.040000000000000001,0.075000000000000011,0,1,0,0,0,0,0,0,0,0.52191228033053438,0.94878950945021912,0.91036415227380041,0.93181325792534098,0.89327935192069918,0.075000000000000011,1,0.94878950945021912,0.91036415227380041,0.94153224189641715,0.91213118973976559,0.0066666666666666671,0.4136111111111111,0.039867381542305111,0.99668453855762773,0.52191228033053438,0.0061507952101042531,0.0061507952101042549,0.055027134854021012,0.050094730973436932,29,841,1,2,0,1,2.0329193750000001
42,155.7568945324455,158.20797200633356,0.015736558444143109,0.49998694573062957,-1.3054269370427196e-05,44.168942985917774,0.47305555555555556,0.24555555555555555,0.040000000000000001,1,0,0,24323.917261892413,0.028767687404118506,0,1,0.040000000000000001,0.075000000000000011,0,1,0,0,0,0,0,0,0,0.52232351055881543,0.916281162620598,0.91067052208479038,0.92876712181926768,0.89570704215932428,0.075000000000000011,1,0.916281162620598,0.91067052208479038,0.88750687230710201,0.91158855032820829,0.0088888888888888889,0.44694444444444442,0.03987205774747983,0.99680144368699575,0.52232351055881543,0.0061556416048216935,0.0061556416048216952,0.056006900467426166,0.051003833289021874,28,869,1,2,0,1,1.9982350833333333
43,155.98605071495632,158.18766245192708,0.01411415781654677,0.49997643597812308,-2.3564021876920638e-05,43.774618261503228,0.46833333333333332,0.24277777777777779,0.040000000000000001,1,0,0,24368.025486666826,0.026868469526000881,0,1,0.040000000000000001,0.075000000000000011,0,1,0,0,0,0,0,0,0,0.56093679972205368,0.9345119157586903,0.90970925658772595,0.92876712181926768,0.89849904915932721,0.075000000000000011,1,0.9345119157586903,0.90970925658772595,0.93217582509157326,0.91110789665095226,0.008611111111111111,0.41083333333333333,0.039878249435440237,0.9969562358860059,0.56093679972205368,0.0066107035816757405,0.0066107035816757405,0.057950474513832957,0.05271808308888494,33,902,1,2,0,1,2.2448463333333333
44,156.24144581224945,158.44712347929038,0.01411710993567882,0.49999210319527432,-7.896804725682216e-06,43.461775865939714,0.46666666666666667,0.23916666666666667,0.040000000000000001,1,0,0,24481.020497767371,0.025764920804110539,0,1,0.040000000000000001,0.075000000000000011,0,1,0,0,0,0,0,0,0,0.47968145478220114,0.88343941739330345,0.90611218185794906,0.92295794463500225,0.89993841541258912,0.075000000000000011,1,0.88343941739330345,0.90611218185794906,0.85775857583928683,0.91026336242404615,0.0061111111111111114,0.30138888888888887,0.039899619994777077,0.99749049986942695,0.47968145478220114,0.0056531001580987115,0.0056531001580987107,0.058552787931458648,0.053055394426439785,23,925,1,2,0,1,1.6050782916666666
45,156.418370627082,159.42513693784161,0.019222590663139347,0.49999305851734133,-6.9414826586733369e-06,43.047029574591981,0.46333333333333332,0.23444444444444446,0.040000000000000001,1,0,0,24528.145204278659,0.025305899025460439,0,1,0.040000000000000001,0.075000000000000011,0,1,0,0,0,0,0,0,0,0.57050133566555072,0.78899109254447786,0.90504696905053139,0.91797049678120435,0.90290518923981766,0.075000000000000011,1,0.78899109254447786,0.90504696905053139,0.72100978835080909,0.9161470540353861,0.0094444444444444445,0.23666666666666666,0.039881821309090015,0.99704553272725038,0.57050133566555072,0.0067234227187515606,0.0067234227187515606,0.059578532518686306,0.053921370276515564,31,956,1,2,0,1,2.2957542916666664
46,156.6514305102738,159.13141831377513,0.015831249005662185,0.49998871887537788,-1.1281124622120053e-05,42.658834675870793,0.45944444444444443,0.22944444444444445,0.040000000000000001,1,0,0,24592.668815251578,0.025087330603117623,0,1,0.040000000000000001,0.075000000000000011,0,1,0,0,0,0,0,0,0,0.56037002259106639,0.91903269724988879,0.90407938042140379,0.91765692993524339,0.90456317473596759,0.075000000000000011,1,0.91903269724988879,0.90407938042140379,0.90586892311189393,0.91889749547512556,0.0091666666666666667,0.40777777777777779,0.039861622336474965,0.99654055841187417,0.56037002259106639,0.0066040240491300308,0.0066040240491300308,0.060157822060269976,0.05438744649574994,32,988,1,2,0,1,2.5236764583333335
47,156.8784077387796,159.28066849655681,0.015312883349614633,0.49995178531419709,-4.8214685802905333e-05,42.287314772371232,0.45694444444444443,0.22194444444444444,0.040000000000000001,1,0,0,24651.975997880672,0.02514054157482332,0,1,0.040000000000000001,0.075000000000000011,0,1,0,0,0,0,0,0,0,0.53146654135592775,0.91834863089792962,0.90174517155887701,0.9186906640739092,0.90456317473596759,0.075000000000000011,1,0.91834863089792962,0.90174517155887701,0.90126189861972361,0.92002492712129547,0.0063888888888888893,0.20916666666666667,0.039844161029560218,0.99610402573900547,0.53146654135592775,0.0062633932561089534,0.0062633932561089517,0.060025638728037178,0.054127829892745061,31,1019,1,2,0,1,2.4510043750000001
48,157.06813746530699,159.88680218333735,0.017945490177171963,0.49998647213067693,-1.3527869323071151e-05,41.816673756550429,0.45361111111111113,0.21611111111111111,0.040000000000000001,1,0,0,24748.153221722718,0.025254321807698214,0,1,0.040000000000000001,0.075000000000000011,0,1,0,0,0,0,0,0,0,0.6304230903077751,0.89807424523691282,0.89669495014266942,0.9186906640739092,0.90456317473596759,0.075000000000000011,1,0.89807424523691282,0.89669495014266942,0.90083618817865008,0.9215218373915175,0.0080555555555555554,0.46972222222222221,0.039852082404022798,0.99630206010056999,0.6304230903077751,0.0074296073695534499,0.0074296073695534499,0.061894262513590169,0.055500272638741029,34,1053,1,2,0,1,2.5331644583333333
49,157.35111999432823,160.26505432425122,0.018518675494829835,0.49995374543837462,-4.6254561625380664e-05,41.476390542018962,0.45111111111111113,0.20916666666666667,0.040000000000000001,1,0,0,24785.74561030947,0.025488597416681358,0,1,0.040000000000000001,0.075000000000000011,0,1,0,0,0,0,0,0,0,0.44717101204712467,0.90033174340376732,0.89399895586452804,0.91731489675926381,0.90456317473596759,0.075000000000000011,1,0.90033174340376732,0.89399895586452804,0.89727211634252557,0.92343352757175479,0.0022222222222222222,0.40722222222222221,0.03986826179288451,0.99670654482211274,0.44717101204712467,0.0052699609161428861,0.005269960916142887,0.062306132752540766,0.055701617624728118,25,1078,1,2,0,1,1.889706125
50,157.52292691712896,160.47274413460906,0.018726272265318995,0.49998505735889237,-1.4942641107629218e-05,41.288332555659437,0.44972222222222225,0.20527777777777778,0.040000000000000001,1,0,0,24826.380198039788,0.02582310611835531,0,1,0.040000000000000001,0.075000000000000011,0,1,0,0,0,0,0,0,0,0.29503036508171937,0.82791416256513961,0.89001128792776729,0.91731489675926381,0.90456317473596759,0.075000000000000011,1,0.82791416256513961,0.89001128792776729,0.84193057567839569,0.92166494191211279,0.00055555555555555556,0.28194444444444444,0.039823163832276014,0.99557909580690029,0.29503036508171937,0.0034769661967537762,0.0034769661967537762,0.060337615061141062,0.053701158491056007,14,1092,1,2,0,1,0.95194462499999999
51,157.59466827506452,161.05572653810509,0.021961772570882065,0.49998717949068727,-1.2820509312727602e-05,41.065608594293309,0.44805555555555554,0.2011111111111111,0.040000000000000001,1,0,0,24842.104030900773,0.026289075959117135,0,1,0.040000000000000001,0.075000000000000011,0,1,0,0,0,0,0,0,0,0.26827272937239216,0.86536347180913376,0.89521629549200921,0.91731489675926381,0.90456317473596759,0.075000000000000011,1,0.86536347180913376,0.89521629549200921,0.8621911428489647,0.92543525247414371,0,0.30583333333333335,0.02808907523708545,0.70222688092713625,0.26827272937239216,0.0031616244357773665,0.0031616244357773665,0.057348444286814175,0.051339261846671667,14,1106,1,2,0,1,0.89690158333333336
52,157.70099579896652,161.18491201408366,0.022091910057171493,0.49998338373090745,-1.6616269092550873e-05,40.438076832271058,0.44388888888888889,0.19055555555555556,0.040000000000000001,1,0,0,24953.266420366312,0.0262160608113161,0,1,0.040000000000000001,0.075000000000000011,0,1,0,0,0,0,0,0,0,0.75155504912476212,0.94390704153479554,0.89781914375354388,0.9186906640739092,0.90456317473596759,0.075000000000000011,1,0.94390704153479554,0.89781914375354388,0.9374966017882902,0.92233531893791965,0.010555555555555556,0.40277777777777779,0.039801275036997701,0.99503187592494247,0.75155504912476212,0.0088571611945184696,0.0088571611945184679,0.060049963876510938,0.053914007150040293,38,1144,1,2,0,1,2.7359955416666666
53,157.99714920372435,161.62439805292647,0.022957685423330512,0.49998980774858881,-1.0192251411189623e-05,39.928077964238398,0.43888888888888888,0.18333333333333332,0.040000000000000001,1,0,0,25020.81275704252,0.026359879023985143,0,1,0.040000000000000001,0.075000000000000011,0,1,0,0,0,0,0,0,0,0.63474857270508511,0.94785831800541853,0.89867073092406968,0.9186906640739092,0.90456317473596759,0.075000000000000011,1,0.94785831800541853,0.89867073092406968,0.94800447807788657,0.92557349515681742,0.0044444444444444444,0.46111111111111114,0.039834168269014543,0.99585420672536351,0.63474857270508511,0.0074805836684707994,0.0074805836684707977,0.060919843963305999,0.054746880702284478,29,1173,1,2,0,1,2.2591166666666669
54,158.21583671704062,162.08809876626793,0.024474554062199356,0.4999894482509406,-1.0551749059395377e-05,39.349643073445755,0.435,0.17833333333333334,0.040000000000000001,1,0,0,25096.567272196549,0.02660963955858359,0,1,0.040000000000000001,0.075000000000000011,0,1,0,0,0,0,0,0,0,0.66323117097336992,0.94468588876083992,0.90875047979038581,0.9186906640739092,0.90557957545424017,0.075000000000000011,1,0.94468588876083992,0.90875047979038581,0.93883256508510393,0.93321129749745102,0.0050000000000000001,0.23694444444444446,0.039857191037106117,0.99642977592765292,0.66323117097336992,0.0078162543081594059,0.0078162543081594059,0.063082998113366692,0.057326704802137987,28,1201,1,2,0,1,2.2476049583333335
55,158.48207756923799,162.46434859935286,0.025127579668275678,0.4999873011558657,-1.2698844134295673e-05,38.608551283966477,0.4325,0.17249999999999999,0.040000000000000001,1,0,0,25208.642599170118,0.026435658075898174,0,1,0.040000000000000001,0.075000000000000011,0,1,0,0,0,0,0,0,0,0.85306778946654604,0.92103253699044829,0.91342921734267768,0.9186906640739092,0.90672950957887188,0.075000000000000011,1,0.92103253699044829,0.91342921734267768,0.92147410674382213,0.93929693616761434,0.011111111111111112,0.27694444444444444,0.039841127047649416,0.9960281761912354,0.85306778946654604,0.010053500312393545,0.010053500312393545,0.06641307570700869,0.06066364376437295,31,1232,1,2,0,1,2.5881067500000001
56,158.83753091108809,163.41264472226189,0.028803732876802195,0.49998446105297262,-1.5538947027382566e-05,37.889832238275076,0.42805555555555558,0.1686111111111111,0.040000000000000001,1,0,0,25320.603689197727,0.026568689806807405,0,1,0.040000000000000001,0.075000000000000011,0,1,0,0,0,0,0,0,0,0.77763487931179465,0.93118811396207579,0.91614717311115235,0.91934626409584985,0.90672950957887188,0.075000000000000011,1,0.93118811396207579,0.91614717311115235,0.9291812157941205,0.94242119769062394,0.011666666666666667,0.23472222222222222,0.03985662982946106,0.99641574573652647,0.77763487931179465,0.0091645149408092069,0.0091645149408092069,0.068973566598687863,0.063189938058781689,25,1257,1,2,0,1,1.9872639166666666
57,159.1945602143021,164.06192943492726,0.030574971996988363,0.49997326532797676,-2.6734672023243089e-05,36.927610116825477,0.41972222222222222,0.16333333333333333,0.040000000000000001,1,0,0,25470.70801271818,0.026896178785050528,0,1,0.040000000000000001,0.075000000000000011,0,1,0,0,0,0,0,0,0,1.0042556456379377,0.93954406869720408,0.91849647655016764,0.91934626409584985,0.90672950957887188,0.075000000000000011,1,0.93954406869720408,0.91849647655016764,0.92347406128843312,0.93820568450925956,0.035833333333333335,0.26500000000000001,0.039861309310025204,0.99653273275063015,1.0042556456379377,0.011835266284591002,0.011835266284591006,0.074545439627169904,0.068469723640438795,30,1287,1,2,0,1,2.6353409166666668
58,159.70544777813998,165.17337288151029,0.034237561582534437,0.49998658930350248,-1.3410696497517804e-05,35.704316293956175,0.40500000000000003,0.155,0.040000000000000001,1,0,0,25702.430628454316,0.027566221141536895,0,1,0.040000000000000001,0.075000000000000011,0,1,0,0,0,0,0,0,0,1.1544333603361157,0.96719314854364369,0.92377563169755139,0.92034618396612955,0.90743133082416749,0.075000000000000011,1,0.96719314854364369,0.92377563169755139,0.95431854172768282,0.93226131487214914,0.061111111111111109,0.46500000000000002,0.039898946020732753,0.99747365051831882,1.1544333603361157,0.013605127625360675,0.013605127625360675,0.080720959882977131,0.074568055707129904,32,1319,1,2,0,1,2.5644823749999999
59,160.42446300373723,166.49851747597387,0.037862395538111535,0.49997645029396415,-2.3549706035852491e-05,34.305888450065339,0.39027777777777778,0.14666666666666667,0.040000000000000001,1,0,0,25977.074770133415,0.028641494711999598,0,1,0.040000000000000001,0.075000000000000011,0,1,0,0,0,0,0,0,0,1.2450635353935278,0.97139182447886552,0.92727109955054998,0.92611032547626204,0.90743133082416749,0.075000000000000011,1,0.97139182447886552,0.92727109955054998,0.95386471274852458,0.93121154270813045,0.077777777777777779,0.40500000000000003,0.039910030509495369,0.99775076273738417,1.2450635353935278,0.014673214481414341,0.014673214481414341,0.090124213448248586,0.083569578500285929,33,1352,1,2,0,1,2.8892321249999999
60,161.21542279818189,168.0061423751529,0.042122021944959953,0.49998954536370094,-1.045463629906207e-05,32.765612041693906,0.37611111111111112,0.14166666666666666,0.040000000000000001,1,0,0,26266.093762583136,0.030692414111916411,0,1,0.040000000000000001,0.075000000000000011,0,1,0,0,0,0,0,0,0,1.2979183510492927,0.95571269257631475,0.92418407176812034,0.92611032547626204,0.90743133082416749,0.075000000000000011,1,0.95571269257631475,0.92418407176812034,0.94354640532725309,0.92899625353109005,0.092499999999999999,0.43277777777777776,0.039882809158001693,0.99707022895004227,1.2979183510492927,0.015296114457556945,0.015296114457556945,0.10194336170905176,0.09421443111400174,33,1385,1,2,0,1,3.1433345833333335
61,162.07701968876381,169.72314584216423,0.047175880751529474,0.49998607915429211,-1.3920845707893204e-05,31.351105421401009,0.3552777777777778,0.13666666666666666,0.040000000000000001,1,0,0,26544.099498063159,0.033762248385937284,0,1,0.040000000000000001,0.075000000000000011,0,1,0,0,0,0,0,0,0,1.1913624539304684,0.93118464159087644,0.91779519054536296,0.92610858929066242,0.90743133082416749,0.075000000000000011,1,0.93118464159087644,0.91779519054536296,0.91113332033009986,0.92462505337305845,0.074999999999999997,0.45805555555555555,0.039922417242431021,0.99806043106077547,1.1913624539304684,0.014040341167087999,0.014040341167087999,0.11282207844036239,0.10354756097989629,27,1412,1,2,0,1,2.422508375
62,162.85294173656459,171.17425081884505,0.051097075641048248,0.49998807286729779,-1.1927132702205245e-05,29.940472039952471,0.33583333333333332,0.13138888888888889,0.040000000000000001,1,0,0,26812.191300794751,0.038237799504599684,0,1,0.040000000000000001,0.075000000000000011,0,1,0,0,0,0,0,0,0,1.1633151694589785,0.91939683727530785,0.91538124073809612,0.92610858929066242,0.90743133082416749,0.075000000000000011,1,0.91939683727530785,0.91538124073809612,0.89491931314882078,0.91888212142037562,0.072222222222222215,0.21388888888888888,0.039983571802157732,0.99958929505394323,1.1633151694589785,0.013709800749693688,0.013709800749693688,0.11767471799553761,0.10771722936226079,28,1440,1,2,0,1,2.9697027083333332
63,163.62630801926477,172.74516900971602,0.055729797370833736,0.49998831476643635,-1.168523356365192e-05,28.611720036756271,0.32416666666666666,0.12777777777777777,0.040000000000000001,1,0,0,27032.462492374001,0.043122810763443251,0,1,0.040000000000000001,0.075000000000000011,0,1,0,0,0,0,0,0,0,1.1244846654573981,0.90105419013138477,0.90942480074907472,0.92021468713287802,0.90743133082416749,0.075000000000000011,1,0.90105419013138477,0.90942480074907472,0.87551307719342331,0.91798878391774841,0.06222222222222222,0.26055555555555554,0.039886284998666699,0.99715712496666742,1.1244846654573981,0.013252178871420208,0.013252178871420208,0.12344631319848702,0.11226513878374193,29,1469,1,2,0,1,2.9863493750000001
64,164.23272225612538,174.09938977306828,0.060077354752456465,0.49998810290026563,-1.1897099734370364e-05,27.521572454263264,0.31138888888888888,0.12527777777777777,0.040000000000000001,1,0,0,27165.308578531931,0.048500941855558942,0,1,0.040000000000000001,0.075000000000000011,0,1,0,0,0,0,0,0,0,0.97962385637435567,0.88841648340149348,0.90250717875495778,0.92021468713287802,0.9068987244204586,0.075000000000000011,1,0.88841648340149348,0.90250717875495778,0.88795914145845822,0.91893219890958611,0.042500000000000003,0.25805555555555554,0.039980364190239003,0.9995091047559751,0.97962385637435567,0.011544977864240389,0.011544977864240389,0.12717503675456801,0.11477638362942323,27,1496,1,2,0,1,2.8310270833333333
65,164.68186170875575,175.24849582506488,0.064163921919928896,0.49998798728369725,-1.201271630274503e-05,26.650940610323904,0.30111111111111111,0.12055555555555555,0.040000000000000001,1,0,0,27284.98583808203,0.054239155610979972,0,1,0.040000000000000001,0.075000000000000011,0,1,0,0,0,0,0,0,0,0.92168227601126373,0.8434158046045015,0.89003076048610019,0.92021468713287802,0.9064149301058948,0.075000000000000011,1,0.8434158046045015,0.89003076048610019,0.85021175268855509,0.91556553776622585,0.032500000000000001,0.43138888888888888,0.039984467314920988,0.99961168287302471,0.92168227601126373,0.010862129791116929,0.010862129791116931,0.12798366623329138,0.11390939978741556,29,1525,1,2,0,1,3.337828
66,164.97419385160998,176.39990311276779,0.069257554738742566,0.49998942612258024,-1.0573877419761679e-05,25.873934644586949,0.29388888888888887,0.11361111111111111,0.040000000000000001,1,0,0,27349.054282248231,0.059702736050469378,0,1,0.040000000000000001,0.075000000000000011,0,1,0,0,0,0,0,0,0,0.84194116122465723,0.83435922716555255,0.87813288677615864,0.92021468713287802,0.90562882927267174,0.075000000000000011,1,0.83435922716555255,0.87813288677615864,0.8262140063779797,0.91363733911974376,0.028333333333333332,0.50666666666666671,0.039965259771609203,0.99913149429023007,0.84194116122465723,0.0099223717410338568,0.0099223717410338551,0.12874152303351602,0.11305216526938074,29,1554,1,2,0,1,3.3735137916666669
67,165.27943575337008,177.4770403617045,0.073799892604520245,0.49999006817773745,-9.9318222625544017e-06,25.218867041286835,0.28277777777777779,0.1075,0.040000000000000001,1,0,0,27458.742809268733,0.064741960703521464,0,1,0.040000000000000001,0.075000000000000011,0,1,0,0,0,0,0,0,0,0.91478543053918138,0.81727685598674837,0.86164142800179155,0.92021468713287802,0.90562882927267174,0.075000000000000011,1,0.81727685598674837,0.86164142800179155,0.8711871609148456,0.90870960477452811,0.032222222222222222,0.57305555555555554,0.039956095871788437,0.99890239679471093,0.91478543053918138,0.01078084968774851,0.01078084968774851,0.12768710643667355,0.11002050072751215,34,1588,1,2,0,1,3.9250342083333334
68,165.40210434720925,178.61311934141091,0.079872109525700632,0.49998987499050929,-1.0125009490713488e-05,24.539469855024869,0.27611111111111108,0.10083333333333333,0.040000000000000001,1,0,0,27496.846302243928,0.069202276190956424,0,1,0.040000000000000001,0.075000000000000011,0,1,0,0,0,0,0,0,0,0.77140296107642781,0.71322185497941148,0.84944275696371185,0.92021468713287802,0.90562882927267174,0.075000000000000011,1,0.71322185497941148,0.84944275696371185,0.8723427374034084,0.90929739242442542,0.023055555555555555,0.58666666666666667,0.03997651717685078,0.99941292942126947,0.77140296107642781,0.0090910710800754073,0.009091071080075409,0.12317304989138828,0.10462845508336968,27,1615,1,2,0,1,2.9777622916666666
69,165.67598775326405,179.74719664198017,0.084932095951477993,0.49999145072327139,-8.5492767286088345e-06,24.016311272734306,0.26916666666666667,0.095277777777777781,0.040000000000000001,1,0,0,27580.181913093576,0.072283550470826657,0,1,0.040000000000000001,0.075000000000000011,0,1,0,0,0,0,0,0,0,0.85750078058587353,0.67713606373101232,0.83640191839132738,0.92021468713287802,0.90562882927267174,0.075000000000000011,1,0.67713606373101232,0.83640191839132738,0.85925232459273504,0.90639740988510809,0.026666666666666668,0.3586111111111111,0.039966716331897252,0.9991679082974313,0.85750078058587353,0.010105743613750483,0.010105743613750481,0.11860557902372443,0.099201933827357286,33,1648,1,2,0,1,3.8168712083333332
70,165.71818185982141,180.79759248493423,0.090994304040025412,0.49999115490148571,-8.8450985142873861e-06,23.371803411301276,0.25944444444444442,0.09166666666666666,0.040000000000000001,1,0,0,27564.785527493543,0.073573726765674044,0,1,0.040000000000000001,0.075000000000000011,0,1,0,0,0,0,0,0,0,0.7556471869642587,0.65783863711502966,0.82637926321942246,0.92021468713287802,0.90562882927267174,0.075000000000000011,1,0.65783863711502966,0.82637926321942246,0.85432420441924661,0.90823587898400304,0.020833333333333332,0.3527777777777778,0.039949429095283893,0.99873572738209737,0.7556471869642587,0.0089053875014494365,0.0089053875014494365,0.11221485206761692,0.092732026773913748,28,1676,1,2,0,1,3.4627758333333332
71,165.97404766809029,181.85505705915594,0.095683690397332433,0.49998837946084451,-1.1620539155487997e-05,23.079204684877443,0.25638888888888889,0.088611111111111113,0.040000000000000001,1,0,0,27663.402473698778,0.072600952236670915,0,1,0.040000000000000001,0.075000000000000011,0,1,0,0,0,0,0,0,0,0.62836242091632355,0.50880041488164107,0.820974716481639,0.92021468713287802,0.90562882927267174,0.075000000000000011,1,0.50880041488164107,0.820974716481639,0.85439509024575655,0.91212723473068247,0.015833333333333335,0.50166666666666671,0.039957528276563632,0.99893820691409074,0.62836242091632355,0.007405322147878801,0.0074053221478787993,0.10557983304840771,0.086678373503095291,16,1692,1,2,0,1,1.2777940416666667
72,165.95185176523628,182.63936103265075,0.10055633058570174,0.49998867656280171,-1.1323437198285102e-05,22.703318809738558,0.25305555555555553,0.084444444444444447,0.040000000000000001,1,0,0,27595.161416691793,0.069837381428623044,0,1,0.040000000000000001,0.075000000000000011,0,1,0,0,0,0,0,0,0,0.47154552485252488,0.49646031123428364,0.82319809190502014,0.91022551370334637,0.90562882927267174,0.075000000000000011,1,0.49646031123428364,0.82319809190502014,0.84330386454894124,0.91762721797672975,0.0047222222222222223,0.52583333333333337,0.039827752638743205,0.99569381596858009,0.47154552485252488,0.0055572173043564998,0.0055572173043564998,0.097427249603070518,0.080201925972801777,15,1707,1,2,0,1,1.774540625
73,166.13684686177425,183.0991535942868,0.10209840293059846,0.49999060561170861,-9.3943882913949395e-06,22.384379614589413,0.25055555555555553,0.080555555555555561,0.040000000000000001,1,0,0,27676.273703901152,0.06515328212027871,0,1,0.040000000000000001,0.075000000000000011,0,1,0,0,0,0,0,0,0,0.59278081485938294,0.57352092611844929,0.8270002024429598,0.89473533676643913,0.90562882927267174,0.075000000000000011,1,0.57352092611844929,0.8270002024429598,0.79659322156282086,0.92471793982171091,0.012222222222222223,0.64916666666666667,0.039886462983593093,0.99716157458982735,0.59278081485938294,0.006985988899072617,0.006985988899072617,0.091161059630722935,0.075390214769522595,18,1725,1,2,0,1,1.4182941666666666
74,166.07149513323915,183.90119469899423,0.10736158876302228,0.49999089743429675,-9.1025657032450802e-06,22.044067096693485,0.24722222222222223,0.078055555555555559,0.040000000000000001,1,0,0,27633.097836740846,0.059375619333739207,0,1,0.040000000000000001,0.075000000000000011,0,1,0,0,0,0,0,0,0,0.4556615037330668,0.47265393385832144,0.82836594109907336,0.86591614400299743,0.89626896962052904,0.075000000000000011,1,0.47265393385832144,0.82836594109907336,0.80089240260658645,0.92737741442871702,0.0069444444444444441,0.65166666666666662,0.039867124009661158,0.99667810024152892,0.4556615037330668,0.0053700223202551812,0.0053700223202551812,0.084986104086737735,0.070399594092154308,15,1740,1,2,0,1,1.7500856250000001
75,166.26181546428688,184.31743986731848,0.10859754148967511,0.49999313611995755,-6.8638800424514201e-06,21.668413465218173,0.24277777777777779,0.071388888888888891,0.040000000000000001,1,0,0,27711.588072751918,0.052783698186005527,0,1,0.040000000000000001,0.075000000000000011,0,1,0,0,0,0,0,0,0,0.60024394606914477,0.54369106455175831,0.82860508127619592,0.83888751588502708,0.88408182363112942,0.075000000000000011,1,0.54369106455175831,0.82860508127619592,0.85143319429268338,0.93427446125920666,0.012222222222222223,0.51555555555555554,0.039901132748101635,0.99752831870254088,0.60024394606914477,0.0070739427438610758,0.0070739427438610758,0.081197917039481871,0.067281006647957692,26,1766,1,2,0,1,3.1909797083333333
76,166.28052680270062,184.97511856614895,0.11242802824187771,0.49999248585539785,-7.5141446021498304e-06,21.236067712555375,0.23916666666666667,0.066944444444444445,0.040000000000000001,1,0,0,27719.992472974624,0.046108817485071361,0,1,0.040000000000000001,0.075000000000000011,0,1,0,0,0,0,0,0,0,0.6132098700084555,0.66178361551363196,0.82532729048336162,0.82581804157615046,0.86988715738897504,0.075000000000000011,1,0.66178361551363196,0.82532729048336162,0.91972033538767195,0.93557764698321477,0.011944444444444445,0.53472222222222221,0.039929442665161533,0.9982360666290383,0.6132098700084555,0.00722674762289167,0.0072267476228916683,0.078502292921339686,0.064790084713500465,27,1793,1,2,0,1,3.5491146666666666
77,166.42880707217202,185.77762715740181,0.11625884019488979,0.4999935912431302,-6.4087568698023567e-06,20.86739388945567,0.23416666666666666,0.058888888888888886,0.040000000000000001,1,0,0,27769.717232140447,0.039516148839214893,0,1,0.040000000000000001,0.075000000000000011,0,1,0,0,0,0,0,0,0,0.59816898618275449,0.61755170892200406,0.82046614878211743,0.76524935548307993,0.8555420924827517,0.075000000000000011,1,0.61755170892200406,0.82046614878211743,0.86794248861964973,0.9326044556775217,0.011666666666666667,0.28499999999999998,0.039917681442950811,0.9979420360737703,0.59816898618275449,0.0070494891070884656,0.0070494891070884665,0.074770932340679649,0.061347018898405707,27,1820,1,2,0,1,3.9113894166666667
78,166.46058295193589,186.40833494503696,0.11983468782432903,0.49999200017598089,-7.9998240191114789e-06,20.509570006741924,0.23194444444444445,0.054166666666666669,0.040000000000000001,1,0,0,27773.634694643348,0.032955351282256247,0,1,0.040000000000000001,0.075000000000000011,0,1,0,0,0,0,0,0,0,0.52684963505161009,0.56878412164247261,0.81967336487416909,0.6951789593552119,0.84292233767751967,0.075000000000000011,1,0.56878412164247261,0.81967336487416909,0.89983296105509758,0.93502413024076214,0.01,0.22361111111111112,0.039975527121361695,0.99938817803404234,0.52684963505161009,0.0062089824935108546,0.0062089824935108546,0.071888843754115084,0.058925370456848904,23,1843,1,2,0,1,2.7660112916666666
79,166.60874343804502,186.93418938827722,0.12199507379269321,0.49999385543401004,-6.1445659899628247e-06,20.226215638433239,0.22888888888888889,0.053888888888888889,0.040000000000000001,1,0,0,27833.28093100377,0.027102196891553573,0,1,0.040000000000000001,0.075000000000000011,0,1,0,0,0,0,0,0,0,0.55749872425843394,0.49348476068952402,0.80712010613761898,0.66945983962232214,0.83250349983376171,0.075000000000000011,1,0.49348476068952402,0.80712010613761898,0.87688595406589909,0.93315109302971611,0.010277777777777778,0.55277777777777781,0.039936744012801159,0.99841860032002894,0.55749872425843394,0.0065701854737664636,0.0065701854737664654,0.068353285614131065,0.055169311139732446,25,1868,1,2,0,1,3.0369995833333334
80,166.57772276723117,187.46458904232813,0.12538811269669839,0.49999426308314454,-5.7369168554588512e-06,19.806568283587232,0.22500000000000001,0.052499999999999998,0.040000000000000001,1,0,0,27815.838128316886,0.021960103008712512,0,1,0.040000000000000001,0.075000000000000011,0,1,0,0,0,0,0,0,0,0.6448264058920874,0.58451657863483586,0.80749949010429645,0.65981112631433081,0.82848551118763458,0.075000000000000011,1,0.58451657863483586,0.80749949010429645,0.93427058657753304,0.93619285615507042,0.011388888888888889,0.22694444444444445,0.039974586555556135,0.99936466388890333,0.6448264058920874,0.007599352071574068,0.0075993520715740672,0.067047250184255697,0.054140620336681669,32,1900,1,2,0,1,4.1404926666666668
81,166.71072275065899,188.24434764059794,0.12916760562633833,0.49999307790500908,-6.9220949909243323e-06,19.620508442677909,0.22388888888888889,0.051944444444444446,0.040000000000000001,1,0,0,27863.319580607513,0.018007832007846263,0,1,0.040000000000000001,0.075000000000000011,0,1,0,0,0,0,0,0,0,0.47552175813214786,0.50286667412111385,0.80645584980575724,0.63769517301851686,0.82768307177101663,0.075000000000000011,1,0.50286667412111385,0.80645584980575724,0.88528207265669001,0.93143019930460658,0.0066666666666666671,0.57027777777777777,0.039944637711298428,0.99861594278246069,0.47552175813214786,0.0056040776629498511,0.0056040776629498511,0.065246005699326745,0.052618022972681831,20,1920,1,2,0,1,2.3622175416666669
82,166.66278557401503,188.56534253947433,0.13141840207472327,0.49999346030796521,-6.5396920347904341e-06,19.320053278767709,0.22305555555555556,0.050555555555555555,0.040000000000000001,1,0,0,27816.505065050107,0.014571421145989492,0,1,0.040000000000000001,0.075000000000000011,0,1,0,0,0,0,0,0,0,0.45839806829537311,0.46950815730332152,0.80960443660994275,0.6010341437784199,0.82668973283119107,0.075000000000000011,1,0.46950815730332152,0.80960443660994275,0.88464019558143703,0.93885557867202185,0.0044444444444444444,0.2363888888888889,0.039925015383716053,0.99812538459290134,0.45839806829537311,0.0054022730429078743,0.0054022730429078743,0.065091061437878128,0.052698012123756494,21,1941,1,2,0,1,2.5357071250000001
83,166.76951943084009,188.99829735239831,0.1332904118055972,0.49999370169024981,-6.2983097501856378e-06,19.092445080370982,0.21944444444444444,0.050833333333333335,0.040000000000000001,1,0,0,27873.585550450189,0.012481507189215341,0,1,0.040000000000000001,0.075000000000000011,0,1,0,0,0,0,0,0,0,0.52329029663466231,0.51344297111349591,0.80772847839164152,0.57901875237664258,0.82585327685139198,0.075000000000000011,1,0.51344297111349591,0.80772847839164152,0.9186540655648574,0.94297259101341924,0.0069444444444444441,0.55361111111111116,0.039929982141292668,0.9982495535323167,0.52329029663466231,0.0061670352879914948,0.0061670352879914939,0.064272107826797001,0.051914411857962257,26,1967,1,2,0,1,3.1410225833333332
84,166.71975503090871,189.40780225991884,0.13608493621409121,0.49999332740315322,-6.672596846779566e-06,18.714060963190285,0.21722222222222223,0.050000000000000003,0.040000000000000001,1,0,0,27847.793299334611,0.010827658427091739,0,1,0.040000000000000001,0.075000000000000011,0,1,0,0,0,0,0,0,0,0.5979173776060851,0.6213330289592558,0.81706768675222252,0.57901875237664258,0.82426269119419082,0.075000000000000011,1,0.6213330289592558,0.81706768675222252,0.95786376463727652,0.9458408217894686,0.0072222222222222219,0.25750000000000001,0.039937838670609328,0.99844596676523323,0.5979173776060851,0.0070465238715756717,0.0070465238715756717,0.065948609378117487,0.053884477709104386,30,1997,1,2,0,1,3.5331934999999999
85,166.82444934550901,190.00930881591455,0.13897758728630677,0.49999257628323301,-7.4237167669854998e-06,18.485869490467717,0.2175,0.048611111111111112,0.040000000000000001,1,0,0,27897.385100115753,0.0098899305538809792,0,1,0.040000000000000001,0.075000000000000011,0,1,0,0,0,0,0,0,0,0.48937800333004289,0.59200355175375341,0.81450931863611331,0.57901875237664258,0.82208640419332957,0.075000000000000011,1,0.59200355175375341,0.81450931863611331,0.93211405912819667,0.9455682064010511,0.0055555555555555558,0.57444444444444442,0.03996836918466079,0.9992092296165197,0.48937800333004289,0.0057673750786367689,0.0057673750786367689,0.064642041712893186,0.052651545350815843,20,2017,1,2,0,1,2.2812130000000002
86,166.79882142767113,190.37789850650796,0.14136237220993442,0.4999914245581687,-8.5754418313044312e-06,18.276944248357889,0.21527777777777779,0.047222222222222221,0.040000000000000001,1,0,0,27850.947980361638,0.0090012893358638203,0,1,0.040000000000000001,0.075000000000000011,0,1,0,0,0,0,0,0,0,0.35433023734551428,0.58825623200269528,0.81863263505023698,0.57901875237664258,0.82072043263187822,0.075000000000000011,1,0.58825623200269528,0.81863263505023698,0.93406410572611043,0.94969876762500771,0.0011111111111111111,0.34749999999999998,0.039937768226632135,0.99844420566580339,0.35433023734551428,0.004175821893440867,0.004175821893440867,0.061591115983442378,0.050420497573210203,15,2032,1,2,0,1,1.5752010833333334
87,166.85618178653857,190.59046208576291,0.14224393753410905,0.49999160133748877,-8.3986625112331126e-06,18.091524624474243,0.21611111111111111,0.047222222222222221,0.040000000000000001,1,0,0,27879.044907830696,0.0081200088527000665,0,1,0.040000000000000001,0.075000000000000011,0,1,0,0,0,0,0,0,0,0.41520585355866035,0.64222622886338465,0.8237887867596948,0.57901875237664258,0.82072043263187822,0.075000000000000011,1,0.64222622886338465,0.8237887867596948,0.87285026826529721,0.95187913335790142,0.0019444444444444444,0.56083333333333329,0.039911676238283719,0.99779190595709299,0.41520585355866035,0.0048932479106612884,0.0048932479106612902,0.059434874787015202,0.048961783392009628,15,2047,1,2,0,1,1.3743380000000001
88,166.79772979959941,191.00061233512659,0.14510318914175838,0.49999153323680218,-8.466763197823024e-06,17.835199891555835,0.21444444444444444,0.045277777777777778,0.040000000000000001,1,0,0,27849.502609322299,0.0073813558050024163,0,1,0.040000000000000001,0.075000000000000011,0,1,0,0,0,0,0,0,0,0.38386308591759288,0.75158493733219356,0.83863408533465178,0.57901875237664258,0.82072043263187822,0.075000000000000011,1,0.75158493733219356,0.83863408533465178,0.90235042767760909,0.95473449889982065,0.00083333333333333339,0.6283333333333333,0.039823075117824604,0.99557687794561511,0.38386308591759288,0.0045238698516587373,0.0045238698516587364,0.057749762145163086,0.048430918954902542,15,2062,1,2,0,1,1.5502359166666666
89,166.86202936558033,191.24277926407581,0.14611322894245377,0.49999103065522527,-8.9693447747341004e-06,17.603268433112746,0.21361111111111111,0.045277777777777778,0.040000000000000001,1,0,0,27875.988989166195,0.0066478087335344544,0,1,0.040000000000000001,0.075000000000000011,0,1,0,0,0,0,0,0,0,0.39402820308458403,0.75849826679708643,0.84737478115792586,0.57901875237664258,0.82072043263187822,0.075000000000000011,1,0.75849826679708643,0.84737478115792586,0.89224747314118824,0.95787648974872719,0.00083333333333333339,0.63027777777777783,0.039883117053072778,0.99707792632681946,0.39402820308458403,0.0046436669063309906,0.0046436669063309906,0.05582324357772761,0.047303208810202522,14,2076,1,2,0,1,1.362308375
90,166.8539065371769,191.56475574674172,0.14809871535167787,0.49999044356772504,-9.5564322749597252e-06,17.37434942375921,0.21166666666666667,0.044166666666666667,0.040000000000000001,1,0,0,27863.998485537053,0.0058820370931016146,0,1,0.040000000000000001,0.075000000000000011,0,1,0,0,0,0,0,0,0,0.34395119748879266,0.83043898333014976,0.86038588305784358,0.57901875237664258,0.82072043263187822,0.075000000000000011,1,0.83043898333014976,0.86038588305784358,0.94677725623258002,0.9572689166563757,0.00055555555555555556,0.55611111111111111,0.039827077542438243,0.99567693856095607,0.34395119748879266,0.0040535037356926448,0.0040535037356926439,0.052277395241846186,0.044978732869119742,13,2089,1,2,0,1,1.2752346666666667
91,166.88329167802564,191.74785573767616,0.1489937297475093,0.49998988381328824,-1.0116186711761621e-05,17.061546664036644,0.20583333333333334,0.044722222222222219,0.040000000000000001,1,0,0,27887.206112455089,0.0051447540765439262,0,1,0.040000000000000001,0.075000000000000011,0,1,0,0,0,0,0,0,0,0.46788857891968816,0.89789121966921304,0.87689638625097543,0.58638640531876551,0.82183212034356878,0.075000000000000011,1,0.89789121966921304,0.87689638625097543,0.94745430370944728,0.96322802994192924,0.00027777777777777778,0.63249999999999995,0.03770434427610659,0.94260860690266468,0.46788857891968816,0.0055141197832308097,0.0055141197832308097,0.052187437362127151,0.045762975230548439,16,2105,1,2,0,1,1.4081852916666666
92,166.90657770937369,192.22473945354122,0.15169061694053071,0.49998887329539948,-1.1126704600517012e-05,16.658415077075819,0.20222222222222222,0.043888888888888887,0.040000000000000001,1,0,0,27898.047004490047,0.0045064546279509248,1,2,0.02,0.075000000000000011,0,1,0,0,0,0,0,0,0,0.50978340917898957,0.88899193414025268,0.89402165579052062,0.59012989187822429,0.82212746777090606,0.075000000000000011,1,0.88899193414025268,0.89402165579052062,0.91309793783718374,0.96503701625732774,0.0013888888888888889,0.64249999999999996,0.038145658734173124,0.95364146835432806,0.50978340917898957,0.0060078550927809993,0.0060078550927809985,0.052793019412000264,0.047198102628897572,18,2123,1,2,0,1,2.0134771666666667
93,166.97528633707182,192.55760621647775,0.15321021715610705,0.49998806742017632,-1.1932579823681344e-05,16.263721922364173,0.19666666666666666,0.042500000000000003,0.040000000000000001,1,0,0,27924.541727601867,0.0039992771600736773,1,2,0.02,0.075000000000000011,0,1,0,0,0,0,0,0,0,0.52500693977152424,0.95142926531907601,0.90503077820666311,0.60477763033787868,0.82212746777090606,0.075000000000000011,1,0.95142926531907601,0.90503077820666311,0.95132388794065226,0.96547706464854877,0.00083333333333333339,0.60472222222222227,0.036946663839135807,0.92366659597839518,0.52500693977152424,0.0061872661213740352,0.0061872661213740352,0.05281325024538281,0.047797616969202046,17,2140,1,2,0,1,1.8862052916666667
94,167.00435950618771,192.86290800623394,0.15483756577676724,0.49998813305847656,-1.186694152344181e-05,15.857324349894181,0.1875,0.041666666666666664,0.040000000000000001,1,0,0,27932.980369250672,0.0034696184804707845,1,2,0.02,0.075000000000000011,0,1,0,0,0,0,0,0,0,0.50793195069766894,0.9414033108883334,0.91964919240142451,0.61944236894062987,0.82212746777090606,0.075000000000000011,1,0.9414033108883334,0.91964919240142451,0.94253279089962994,0.96512686007587478,0.00083333333333333339,0.5625,0.038411787981362348,0.96029469953405866,0.50793195069766894,0.0059860354453272141,0.0059860354453272141,0.051752761819134352,0.047594385611510186,16,2156,1,2,0,1,1.9120374583333333
95,167.0688276759428,193.27895381100942,0.15688220537409542,0.49999267600681108,-7.3239931889235166e-06,15.393194448703351,0.17722222222222223,0.042222222222222223,0.040000000000000001,1,0,0,27964.462477115703,0.0030011239762230226,1,2,0.02,0.075000000000000011,0,1,0,0,0,0,0,0,0,0.6078115961317615,0.93541336568013489,0.9273169102470078,0.63177962891132022,0.82212746777090606,0.075000000000000011,1,0.93541336568013489,0.9273169102470078,0.91507947259835376,0.94587439977850885,0.016944444444444446,0.57583333333333331,0.0396001224716808,0.99000306179202002,0.6078115961317615,0.007163128355143128,0.0071631283551431262,0.053148515095640711,0.049285516802705993,21,2177,1,2,0,1,2.6691573750000002
96,167.11296294300837,193.71243252688879,0.15917059404273631,0.49998973609770242,-1.0263902297580341e-05,15.063425538211764,0.17583333333333334,0.04027777777777778,0.040000000000000001,1,0,0,27962.262839677274,0.0025723946018986975,1,2,0.02,0.075000000000000011,0,1,0,0,0,0,0,0,0,0.45889138019170217,0.90143680565731676,0.92873931393124298,0.63177962891132022,0.82212746777090606,0.075000000000000011,1,0.90143680565731676,0.92873931393124298,0.89897645138076021,0.94308435157496739,0.0019444444444444444,0.64194444444444443,0.03765837347607856,0.94145933690196404,0.45889138019170217,0.0054080867793601124,0.0054080867793601124,0.054380779981559955,0.050505568291119865,16,2193,1,2,0,1,1.7313203333333334
97,167.15749133154131,193.94507712342397,0.16025357630398976,0.49999269519730516,-7.3048026948407951e-06,14.816322482503933,0.17416666666666666,0.04027777777777778,0.040000000000000001,1,0,0,27970.369977798538,0.0025006213274060577,1,2,0.02,0.075000000000000011,0,1,0,0,0,0,0,0,0,0.38889453926046358,0.90009921986568509,0.9259634886596565,0.69690558309778905,0.83121143604717329,0.075000000000000011,1,0.90009921986568509,0.9259634886596565,0.89849565437435164,0.93420710985319722,0.00027777777777777778,0.59750000000000003,0.036986366469713074,0.92465916174282681,0.38889453926046358,0.0045831660979581967,0.0045831660979581967,0.054070698168856866,0.050067492310698007,16,2209,1,2,0,1,2.1089116250000002
98,167.15748500113753,194.18993390066234,0.16171844712392539,0.49999500537513369,-4.9946248663057524e-06,14.649402084857236,0.17194444444444446,0.039166666666666669,0.040000000000000001,1,0,0,27958.144823532162,0.0024349869039823045,1,2,0.02,0.075000000000000011,0,1,0,0,0,0,0,0,0,0.29656374278816672,0.89949266418659768,0.91966689507721577,0.75504160206463999,0.84300443324628882,0.075000000000000011,1,0.89949266418659768,0.91966689507721577,0.89914334218230907,0.93138570876626092,0,0.33777777777777779,0.035851866187975659,0.89629665469939146,0.29656374278816672,0.0034950372263262627,0.0034950372263262632,0.053041865543524393,0.048780847793516234,16,2225,1,2,0,1,1.8838923333333333
99,167.18116621202583,194.342805356436,0.1624682956808825,0.49999549785280173,-4.5021471982709116e-06,14.540012058466026,0.16944444444444445,0.03833333333333333,0.040000000000000001,1,0,0,27967.768734217316,0.0025519936515582954,1,2,0.02,0.075000000000000011,0,1,0,0,0,0,0,0,0,0.31307381377769516,0.8615498566990426,0.90380204920536122,0.79446862506361815,0.85388033210788472,0.075000000000000011,1,0.8615498566990426,0.90380204920536122,0.85546884889617092,0.92075849033134927,0.00055555555555555556,0.2877777777777778,0.036950452861902489,0.92376132154756219,0.31307381377769516,0.0036896102789023767,0.0036896102789023763,0.052087808916095775,0.04707706843698465,16,2241,1,2,0,1,1.5791458333333332
100,167.16002123049998,194.59633920407825,0.16413205604793404,0.49999546642818399,-4.5335718160122163e-06,14.329379221300131,0.16694444444444445,0.03833333333333333,0.040000000000000001,1,0,0,27964.559040895805,0.002727758133739904,1,2,0.02,0.075000000000000011,0,1,0,0,0,0,0,0,0,0.37672592490683005,0.79723990064386707,0.88109389834417851,0.81383944198700842,0.86864113465440951,0.075000000000000011,1,0.79723990064386707,0.88109389834417851,0.8250445491127838,0.90655280476592115,0.0016666666666666668,0.30249999999999999,0.039554305025736397,0.98885762564340995,0.37672592490683005,0.0044397576025065602,0.0044397576025065602,0.05247406278290969,0.04623457653935107,22,2263,1,2,0,1,2.8970769583333333
101,167.23214859419338,194.91778138589379,0.16555209643860136,0.49999400474956207,-5.9952504379290339e-06,14.273937293502312,0.16500000000000001,0.03861111111111111,0.040000000000000001,1,0,0,27989.938122133361,0.002915358414074891,1,2,0.02,0.075000000000000011,0,1,0,0,0,0,0,0,0,0.30899820742040357,0.60708682651111467,0.86025057989027942,0.81383944198700842,0.86864113465440951,0.075000000000000011,1,0.60708682651111467,0.86025057989027942,0.69349160241849761,0.89427118938998729,0.00055555555555555556,0.42249999999999999,0.039821492029170631,0.99553730072926572,0.30899820742040357,0.0036415787973575788,0.0036415787973575788,0.050601521797036461,0.043529988469231229,19,2282,1,2,0,1,2.3085085833333334
102,167.19544315213551,194.9647619564463,0.16608896917748384,0.49999577648814325,-4.2235118567490737e-06,14.133072252994145,0.16305555555555556,0.03861111111111111,0.040000000000000001,1,0,0,27969.183988618104,0.00319807190261906,1,2,0.02,0.075000000000000011,0,1,0,0,0,0,0,0,0,0.27232190054860689,0.43392664751175636,0.84286620597915929,0.81383944198700842,0.86864113465440951,0.075000000000000011,1,0.43392664751175636,0.84286620597915929,0.54543270768983831,0.88637122422568082,0.00055555555555555556,0.32194444444444442,0.03931023107096937,0.9827557767742342,0.27232190054860689,0.0032093443757254753,0.0032093443757254762,0.047803011079980938,0.040291542583363246,14,2296,1,2,0,1,1.2136530000000001
103,167.24850547663252,195.27174164587544,0.16755447882407684,0.49999477855598329,-5.2214440167119847e-06,14.134356474927953,0.16083333333333333,0.03888888888888889,0.040000000000000001,1,0,0,28000.045403972097,0.0031598055479850006,1,3,0.01,0.075000000000000011,0,1,0,0,0,0,0,0,0,0.3417816095613504,0.16177118435402793,0.81391428755497774,0.81383944198700842,0.86864113465440951,0.075000000000000011,1,0.16177118435402793,0.81391428755497774,0.51016087126189524,0.88571690008806025,0.0030555555555555557,0.3527777777777778,0.039865454682918973,0.99663636707297432,0.3417816095613504,0.0040279348967613964,0.0040279348967613973,0.045643679855368303,0.037150043170869583,15,2311,1,2,0,1,1.4490397083333333
104,167.1221391276095,195.2663286462371,0.16840491430723928,0.49999691102547938,-3.0889745206152952e-06,13.877805361149864,0.15916666666666668,0.03888888888888889,0.040000000000000001,1,0,0,27964.286638913178,0.003247283030457156,1,3,0.01,0.075000000000000011,0,1,0,0,0,0,0,0,0,0.45999044097790182,-0.0078635694944271112,0.78894061575828389,0.81383944198700842,0.86864113465440951,0.075000000000000011,1,-0.0078635694944271112,0.78894061575828389,0.80111761586480479,0.91294377382131742,0.0080555555555555554,0.65694444444444444,0.039803174877048077,0.99507937192620188,0.45999044097790182,0.0054210393349410782,0.0054210393349410782,0.045078683744982161,0.035564404511339166,26,2337,1,2,0,1,3.5171393333333332
105,167.28628020129227,195.69683039799034,0.16983192024182864,0.49999625927293567,-3.740727064327487e-06,13.930595521261136,0.15861111111111112,0.03888888888888889,0.040000000000000001,1,0,0,28034.266690926594,0.0030530726881430139,1,3,0.01,0.075000000000000011,0,1,0,0,0,0,0,0,0,0.39787066350973022,-0.16600466691998161,0.75644868310882907,0.81383944198700842,0.86864113465440951,0.075000000000000011,1,-0.16600466691998161,0.75644868310882907,0.64502422359111156,0.86990446233637364,0.0080555555555555554,0.79527777777777775,0.039867840539625415,0.99669601349063541,0.39787066350973022,0.0046889507367153544,0.0046889507367153535,0.042604506126554392,0.032228122553934112,15,2352,1,2,0,1,1.386339
106,167.13344223614905,195.61671810077056,0.17042236121946452,0.49999605271052278,-3.9472894772241141e-06,13.711219872204714,0.15611111111111112,0.03861111111111111,0.040000000000000001,1,0,0,27968.773719627021,0.0030621146497640077,1,3,0.01,0.075000000000000011,0,1,0,0,0,0,0,0,0,0.45484938646315398,-0.19152783987685632,0.74660349485836741,0.81383944198700842,0.86864113465440951,0.075000000000000011,1,-0.19152783987685632,0.74660349485836741,0.60550944752614411,0.88431544800764439,0.0077777777777777776,0.68722222222222218,0.039793757268918532,0.99484393172296326,0.45484938646315398,0.0053604514264439466,0.0053604514264439466,0.042556870773638227,0.031773108449834213,27,2379,1,2,0,1,3.4288847499999999
107,167.28829193415979,195.98745327036053,0.17155511007008173,0.49999658187319379,-3.4181268062094539e-06,13.753309365443615,0.15555555555555556,0.03833333333333333,0.040000000000000001,1,0,0,28036.17811244298,0.0026853028003309492,1,3,0.01,0.075000000000000011,0,1,0,0,0,0,0,0,0,0.39554759084368141,-0.23067398765578942,0.71639382385391703,0.81383944198700842,0.86864113465440951,0.075000000000000011,1,-0.23067398765578942,0.71639382385391703,0.52624437251528211,0.89446411568150841,0.0080555555555555554,0.74888888888888894,0.039877493729417041,0.99693734323542604,0.39554759084368141,0.0046615730627928174,0.0046615730627928191,0.042635277738472852,0.030543649650138352,16,2395,1,2,0,1,1.3968455833333333
108,167.13618010361984,195.90005203359243,0.17209841646578128,0.49998976478333979,-1.0235216660214874e-05,13.692275468684009,0.15555555555555556,0.03833333333333333,0.040000000000000001,1,0,0,27932.956544684988,0.0025930080638156688,1,3,0.01,0.075000000000000011,0,1,0,0,0,0,0,0,0,0.15886986623768862,-0.29178191126486103,0.69944994041697672,0.81383944198700842,0.86864113465440951,0.075000000000000011,1,-0.29178191126486103,0.69944994041697672,0.4889296258375081,0.90020845125135829,0,0.63611111111111107,0.022407709182372906,0.56019272955932264,0.15886986623768862,0.0018722993290478226,0.0018722993290478226,0.041012539841194413,0.028686218548272316,8,2403,1,2,0,1,0.71187991666666661
109,167.2208347624468,196.02088659649678,0.17222765258266537,0.49999736088162633,-2.6391183736707013e-06,13.597423634407349,0.155,0.038055555555555558,0.040000000000000001,1,0,0,27977.91031084954,0.0021127288688401144,1,3,0.01,0.075000000000000011,0,1,0,0,0,0,0,0,0,0.23787678127736167,0.57970808902390225,0.68848777204993705,0.81383944198700842,0.86864113465440951,0.075000000000000011,1,0.57970808902390225,0.68848777204993705,0.57941243413457089,0.90332716007525804,0.00027777777777777778,0.69138888888888894,0.038701569106047912,0.96753922765119782,0.23787678127736167,0.0028034047521341933,0.0028034047521341937,0.040126334314426228,0.027626490512670254,16,2419,1,2,0,1,1.8569205
110,167.2442348505937,196.24268319038748,0.17338982336640371,0.49999711188434603,-2.8881156539650732e-06,13.538609397424272,0.15583333333333332,0.03861111111111111,0.040000000000000001,1,0,0,27988.092242083985,0.0018197702255179594,1,3,0.01,0.075000000000000011,0,1,0,0,0,0,0,0,0,0.26085600824485472,0.2466634595561818,0.67417309358556576,0.70216336357749087,0.86857348307062743,0.075000000000000011,1,0.2466634595561818,0.67417309358556576,0.62970049933676131,0.90394588987783553,0.0016666666666666668,0.23777777777777778,0.0398429078231715,0.99607269557928746,0.26085600824485472,0.0030742175390531786,0.0030742175390531786,0.038760794250972841,0.026131484570011972,17,2436,1,2,0,1,2.0635110000000001
111,167.21832570625801,196.25890293200982,0.17366862814286019,0.49999675684870243,-3.2431512975716892e-06,13.441708976005431,0.15277777777777779,0.03861111111111111,0.040000000000000001,1,0,0,27977.527975820478,0.0015434568143954594,1,3,0.01,0.075000000000000011,0,1,0,0,0,0,0,0,0,0.30747594228775726,0.26020203990046459,0.66713475936829814,0.59339745776750852,0.85155839293471935,0.075000000000000011,1,0.26020203990046459,0.66713475936829814,0.61426020870512188,0.91121522029711277,0.0013888888888888889,0.19833333333333333,0.039221946673832921,0.98054866684582298,0.30747594228775726,0.0036236387307232781,0.0036236387307232785,0.038742854184338545,0.025846704703509759,22,2458,1,2,0,1,2.9660496666666667
112,167.24678303067333,196.43686284441245,0.17453298224806876,0.4999969750829682,-3.0249170318019658e-06,13.410811325127941,0.1525,0.038055555555555558,0.040000000000000001,1,0,0,27995.060597516356,0.0011309806937664874,1,3,0.01,0.075000000000000011,0,1,0,0,0,0,0,0,0,0.30249820334693639,0.0079816652381036624,0.65215554748225013,0.5068173682678293,0.82839024676706852,0.075000000000000011,1,0.0079816652381036624,0.65215554748225013,0.63506949527701362,0.91525454047692745,0.0038888888888888888,0.69694444444444448,0.039882652314069775,0.99706630785174433,0.30249820334693639,0.003564975514722765,0.003564975514722765,0.039098485323335826,0.025498294101766798,15,2473,1,2,0,1,1.417035
113,167.19850082178397,196.45958586275435,0.17500805866770078,0.49999715353500096,-2.8464649990400659e-06,13.365617844159139,0.15138888888888888,0.037499999999999999,0.040000000000000001,1,0,0,27975.512161838113,0.00096881994001819143,1,3,0.01,0.075000000000000011,0,1,0,0,0,0,0,0,0,0.26891382737295194,-0.11456366273777496,0.64748231704822379,0.3470643437061105,0.80142745165663087,0.075000000000000011,1,-0.11456366273777496,0.64748231704822379,0.64363947352580408,0.91441441565517811,0.0022222222222222222,0.53722222222222227,0.039894533196148045,0.99736332990370113,0.26891382737295194,0.0031691798481707158,0.0031691798481707158,0.038239730274745143,0.024759549161591097,15,2488,1,2,0,1,1.23825275
114,167.21119927363898,196.62419120129383,0.17590324126269113,0.49999728403381255,-2.7159661874498475e-06,13.30544839524849,0.15166666666666667,0.037777777777777778,0.040000000000000001,1,0,0,27977.237012174872,0.00061087453917563921,1,4,0.0050000000000000001,0.075000000000000011,0,1,0,0,0,0,0,0,0,0.27435874662503729,-0.15804634893429681,0.64274751766942051,0.25343274972832319,0.77269464943355648,0.075000000000000011,1,-0.15804634893429681,0.64274751766942051,0.48165845853731604,0.92316385618502872,0.0030555555555555557,0.23805555555555555,0.039800249270769791,0.99500623176924474,0.27435874662503729,0.0032333488369400945,0.0032333488369400945,0.03605203977674417,0.023172359073421526,15,2503,1,2,0,1,1.1792588749999999
115,167.20433652185571,196.69886648416198,0.17639811607667824,0.49999774293420413,-2.2570657958742579e-06,13.279290552188739,0.15166666666666667,0.038055555555555558,0.040000000000000001,1,0,0,27975.10480494074,0.00054518166633372631,1,4,0.0050000000000000001,0.075000000000000011,0,1,0,0,0,0,0,0,0,0.25090725038717593,-0.14207293571857948,0.64939372783034177,0.20421732195510486,0.75152608898359818,0.075000000000000011,1,-0.14207293571857948,0.64939372783034177,0.38383843006424717,0.92341224998847948,0.0019444444444444444,0.32166666666666666,0.039855353844706544,0.99638384611766362,0.25090725038717593,0.0029569703032940515,0.0029569703032940524,0.03432005934332287,0.02228723127631899,16,2519,1,2,0,1,1.2032437083333334
116,167.1951537391694,196.80329817744365,0.17708733642162888,0.49999800495565588,-1.9950443441163479e-06,13.216371810949665,0.15166666666666667,0.037777777777777778,0.040000000000000001,1,0,0,27966.466464412839,8.4091614172285029e-05,1,4,0.0050000000000000001,0.075000000000000011,0,1,0,0,0,0,0,0,0,0.23547105921131001,-0.12720636049247253,0.65125104373828691,0.084876424796065789,0.73149865935614222,0.075000000000000011,1,-0.12720636049247253,0.65125104373828691,0.48584826844413331,0.92932391621171317,0.0022222222222222222,0.66249999999999998,0.039792845315983268,0.99482113289958163,0.23547105921131001,0.0027750530456916059,0.0027750530456916059,0.031734660962570528,0.020667231074554725,15,2534,1,2,0,1,1.1508198333333333
117,167.21327818319796,196.91180469162666,0.17760866141199119,0.49999751950858851,-2.4804914114939791e-06,13.201923154458658,0.15166666666666667,0.037222222222222219,0.040000000000000001,1,0,0,27978.91926642237,5.2572379726112036e-05,1,4,0.0050000000000000001,0.075000000000000011,0,1,0,0,0,0,0,0,0,0.24870392893507171,-0.20644235296691726,0.65866266346716162,5.9047871838275624e-05,0.70792188213544693,0.075000000000000011,1,-0.20644235296691726,0.65866266346716162,0.37702330925511174,0.89869027047033978,0.0022222222222222222,0.58888888888888891,0.039883371841996904,0.99708429604992255,0.24870392893507171,0.0029310039109621067,0.0029310039109621063,0.030004091810739812,0.019762575026975138,15,2549,1,2,0,1,1.1927071250000001
118,167.19170022996545,196.98026474992463,0.17817011537645835,0.4999974670257038,-2.5329742961988089e-06,13.159379394546361,0.15111111111111111,0.037499999999999999,0.040000000000000001,1,0,0,27968.616729544901,-0.00038719555725445786,1,4,0.0050000000000000001,0.075000000000000011,0,1,0,0,0,0,0,0,0,0.25824001517136624,-0.27304670807834308,0.65040291957208307,-0.061213616116101037,0.69396885623345694,0.075000000000000011,1,-0.27304670807834308,0.65040291957208307,0.20271753786713179,0.89634315267173337,0.0019444444444444444,0.58333333333333337,0.039833936891944394,0.99584842229860981,0.25824001517136624,0.0030433877650231662,0.0030433877650231657,0.031175180246715156,0.020276428250649469,15,2564,1,2,0,1,1.2158032083333334
119,167.18918664485739,197.04222210037054,0.17855841071185335,0.49999543020458947,-4.569795410525046e-06,13.161891656690386,0.15138888888888888,0.037222222222222219,0.040000000000000001,1,0,0,27957.391902730913,-0.00016978085870052371,1,4,0.0050000000000000001,0.075000000000000011,0,1,0,0,0,0,0,0,0,0.13006226336561569,-0.14667235145465157,0.64014423498665141,-0.12088501161512374,0.68133043281775141,0.075000000000000011,1,-0.14667235145465157,0.64014423498665141,0.10350727150807407,0.88912450690129152,0,0.28749999999999998,0.024453016802013179,0.61132542005032942,0.13006226336561569,0.0015327984733716255,0.001532798473371625,0.029904573967952586,0.019143240625316738,9,2573,1,2,0,1,0.83761533333333338
120,167.18966482099631,197.03768205018045,0.17852788484946894,0.49999827046932221,-1.7295306777853625e-06,13.133203974044861,0.15111111111111111,0.037777777777777778,0.040000000000000001,1,0,0,27962.46435693117,-0.00027933800285506635,1,4,0.0050000000000000001,0.075000000000000011,0,1,0,0,0,0,0,0,0,0.20494980654580461,0.78109450562444982,0.64013854791267799,-0.12088501161512374,0.67065392647693201,0.075000000000000011,1,0.78109450562444982,0.64013854791267799,0.78109450562444982,0.88559150414356969,0,0.5591666666666667,0.034311580687419754,0.85778951718549379,0.20494980654580461,0.0024153566335234915,0.0024153566335234915,0.029245713062422896,0.018721308292450233,18,2591,1,2,0,1,1.8489315
121,167.17941506351713,197.1192000326505,0.17908774808045735,0.49999829498808496,-1.7050119150430199e-06,13.087322223220454,0.15027777777777779,0.037222222222222219,0.040000000000000001,1,0,0,27960.911761251547,-0.00045497662938593102,1,4,0.0050000000000000001,0.075000000000000011,0,1,0,0,0,0,0,0,0,0.23103867733975123,0.04526921029246804,0.62499446255735047,-0.12088501161512374,0.66289871141772982,0.075000000000000011,1,0.04526921029246804,0.62499446255735047,0.63457162640837328,0.88789952413272655,0.0025000000000000001,0.67472222222222222,0.039789197483560836,0.99472993708902091,0.23103867733975123,0.0027228169243884801,0.0027228169243884801,0.028344891256088099,0.017715400076845324,15,2606,1,2,0,1,1.3130133749999999
122,167.16823798492746,197.16172916526219,0.1794209925394982,0.49999768526996541,-2.3147300345915944e-06,13.084992028046289,0.14972222222222223,0.036111111111111108,0.040000000000000001,1,0,0,27956.057244995314,-0.00047002657148725803,1,4,0.0050000000000000001,0.075000000000000011,0,1,0,0,0,0,0,0,0,0.1779263328396124,-0.019566253953926475,0.62995879150137712,-0.12088501161512374,0.65540910547470588,0.075000000000000011,1,-0.019566253953926475,0.62995879150137712,0.46560763460217836,0.84297141525131702,0.00055555555555555556,0.36972222222222223,0.039835562695615646,0.99588906739039118,0.1779263328396124,0.0020968819417090771,0.0020968819417090771,0.026876797683074414,0.01693127498785657,15,2621,1,2,0,1,1.8569850000000001
123,167.16132449760605,197.17927049887473,0.17957470779491566,0.4999984553610346,-1.5446389654005799e-06,13.055833717037963,0.14916666666666667,0.035555555555555556,0.040000000000000001,1,0,0,27948.871581070147,-0.00070180067048406056,1,4,0.0050000000000000001,0.075000000000000011,0,1,0,0,0,0,0,0,0,0.16049737029383532,0.068983978054724504,0.6386718856812631,-0.12088501161512374,0.65170329561026852,0.075000000000000011,1,0.068983978054724504,0.6386718856812631,0.36543920726803869,0.84018637159608189,0.00055555555555555556,0.6497222222222222,0.039589001708426171,0.9897250427106542,0.16049737029383532,0.001891479648289655,0.0018914796482896545,0.025599097483193355,0.016349423861329575,13,2634,1,2,0,1,1.2191302500000001
124,167.16443561499764,197.22877806933656,0.17984891549289328,0.49999204039469974,-7.9596053002561895e-06,13.056210489065814,0.14944444444444444,0.036388888888888887,0.040000000000000001,1,0,0,27946.926461571617,-0.00070939242246022456,1,4,0.0050000000000000001,0.075000000000000011,0,1,0,0,0,0,0,0,0,0.10471151609460178,0.019165439662271484,0.64658851794811079,-0.12088501161512374,0.65082698165518504,0.075000000000000011,1,0.019165439662271484,0.64658851794811079,0.31848261165544445,0.83633482806004811,0,0.46999999999999997,0.026069576068217467,0.65173940170543665,0.10471151609460178,0.0012340370516469538,0.0012340370516469538,0.023599785697900218,0.015259350458298323,8,2642,1,2,0,1,0.70079770833333332
125,167.16388038463393,197.2487219966614,0.17997214196514272,0.49999907751024131,-9.224897586923575e-07,13.022195737299461,0.14944444444444444,0.036666666666666667,0.040000000000000001,1,0,0,27949.772466227812,-0.00086393824423845213,1,4,0.0050000000000000001,0.075000000000000011,0,1,0,0,0,0,0,0,0,0.13731292918171847,0.6496285357400523,0.67128694665044897,-0.067064958345850717,0.65082698165518504,0.075000000000000011,1,0.6496285357400523,0.67128694665044897,0.6496285357400523,0.84702266133290716,0,0.71999999999999997,0.017771329708773046,0.44428324271932612,0.13731292918171847,0.0016182483894830217,0.0016182483894830212,0.022261063784089184,0.014943561536812117,17,2659,1,2,0,1,1.7220823333333333
126,167.16054263429888,197.30062587005864,0.1803062060028002,0.49999917347663975,-8.265233602533506e-07,12.998188018136011,0.14888888888888888,0.036666666666666667,0.040000000000000001,1,0,0,27945.184956923986,-0.000743216623446448,1,4,0.0050000000000000001,0.075000000000000011,0,1,0,0,0,0,0,0,0,0.12829058953384836,0.9303572278315615,0.69853111557023306,-0.0057922943579114062,0.65082698165518504,0.075000000000000011,1,0.9303572278315615,0.69853111557023306,0.9303572278315615,0.85507093078277296,0,0.3972222222222222,0.013437359920467752,0.33593399801169377,0.12829058953384836,0.0015119190970300682,0.001511919097030068,0.020997929835427646,0.014667707352606753,18,2677,1,2,0,1,2.3636869583333335
127,167.16876197631893,197.31595440691544,0.18033986777306604,0.49999924427586179,-7.5572413821278772e-07,12.974247443196651,0.14777777777777779,0.036944444444444446,0.040000000000000001,1,0,0,27948.074455982842,-0.00081103588110008568,1,4,0.0050000000000000001,0.075000000000000011,0,1,0,0,0,0,0,0,0,0.12243159350795792,0.97307717190619814,0.73881984933294365,0.013573552450187574,0.65082698165518504,0.075000000000000011,1,0.97307717190619814,0.73881984933294365,0.97307717190619814,0.86441644424519348,0,0.52652777777777782,0.011992080023088861,0.29980200057722151,0.12243159350795792,0.0014428701666825321,0.0014428701666825319,0.019509796091148068,0.014414224608578469,18,2695,1,2,0,1,2.3480875416666667
128,167.17171334057085,197.32707349262341,0.18038554220365324,0.49999927289639357,-7.2710360643490901e-07,12.953305686183322,0.14805555555555555,0.036666666666666667,0.040000000000000001,1,0,0,27948.635608000859,-0.0007167799814661453,1,4,0.0050000000000000001,0.075000000000000011,0,1,0,0,0,0,0,0,0,0.11711800366317286,0.99073769895186303,0.78390810966466185,0.03221732497736976,0.65082698165518504,0.075000000000000011,1,0.99073769895186303,0.78390810966466185,0.99073769895186303,0.88545701363378493,0,0.46458333333333335,0.011116794325675139,0.27791985814187847,0.11711800366317286,0.0013802489098210073,0.0013802489098210071,0.017846657235945911,0.013990139337663517,18,2713,1,2,0,1,2.3170874583333334
129,167.17354225592462,197.33222106100823,0.18040342029071763,0.49999932504032907,-6.7495967093211817e-07,12.930624789383735,0.14749999999999999,0.036666666666666667,0.040000000000000001,1,0,0,27949.50443994853,-0.00091556351470183106,1,4,0.0050000000000000001,0.075000000000000011,0,1,0,0,0,0,0,0,0,0.11459166589841258,0.99544107499168821,0.80682197872342476,0.03221732497736976,0.65082698165518504,0.075000000000000011,1,0.99544107499168821,0.80682197872342476,0.99544107499168821,0.90383006217367445,0,0.4975,0.010725405641300043,0.26813514103250108,0.11459166589841258,0.0013504757337371796,0.0013504757337371794,0.017664334496311464,0.014251973311146467,18,2731,1,2,0,1,2.3530218333333335
130,167.17598024471468,197.33899988260899,0.18042675505022451,0.4999993325053978,-6.6749460220227874e-07,12.911990804723523,0.14694444444444443,0.036944444444444446,0.040000000000000001,1,0,0,27949.950233663363,-0.00087048143497580862,1,4,0.0050000000000000001,0.075000000000000011,0,1,0,0,0,0,0,0,0,0.11156403281861441,0.99727345082499597,0.82939853542007236,0.03221732497736976,0.65082698165518504,0.075000000000000011,1,0.99727345082499597,0.82939853542007236,0.99727345082499597,0.91130426655866037,0,0.42749999999999999,0.010299676762942,0.25749191907355001,0.11156403281861441,0.0013147947357093463,0.0013147947357093461,0.016563772598497319,0.013737968734224802,18,2749,1,2,0,1,2.3484969166666665
131,167.17665190868868,197.3459239722356,0.18046343026432463,0.49999930934111692,-6.9065888308461609e-07,12.891490059717329,0.14722222222222223,0.036666666666666667,0.040000000000000001,1,0,0,27950.970753382855,-0.00082368183540146517,1,4,0.0050000000000000001,0.075000000000000011,0,1,0,0,0,0,0,0,0,0.12713756914521201,0.97412762002125675,0.88474680105679604,0.03221732497736976,0.65082698165518504,0.075000000000000011,1,0.97412762002125675,0.88474680105679604,0.97412762002125675,0.91997864702753018,0,0.50416666666666665,0.020643527175440567,0.51608817938601415,0.12713756914521201,0.001498330621435883,0.0014983306214358828,0.015339286295544719,0.013571384480477542,20,2769,1,2,0,1,2.7261964999999999
132,167.17499941805113,197.36019764624245,0.1805604805339811,0.49999936047755178,-6.3952244822029769e-07,12.879701439431743,0.14805555555555555,0.035277777777777776,0.040000000000000001,1,0,0,27949.274789199317,-0.00079986667968575699,1,4,0.0050000000000000001,0.075000000000000011,0,1,0,0,0,0,0,0,0,0.10559766713771053,0.96321425793558435,0.91651857327783892,0.057126594173596272,0.65082698165518504,0.075000000000000011,1,0.96321425793558435,0.91651857327783892,0.96321425793558435,0.94105725415395991,0,0.63277777777777777,0.014333169533648967,0.35832923834122415,0.10559766713771053,0.0012444804418425826,0.0012444804418425826,0.014486884795678225,0.013277498984175424,17,2786,1,2,0,1,2.1903330416666669
133,167.17560702259152,197.36491655332998,0.18058441699965699,0.49999939702076984,-6.0297923015761867e-07,12.861943690809333,0.14749999999999999,0.034722222222222224,0.040000000000000001,1,0,0,27950.458439864149,-0.00068477138873708173,1,4,0.0050000000000000001,0.075000000000000011,0,1,0,0,0,0,0,0,0,0.11114617443426276,0.96821009590725493,0.95341208779910147,0.35930625689738843,0.65495685360272426,0.075000000000000011,1,0.96821009590725493,0.95341208779910147,0.96821009590725493,0.95341208779910147,0,0.54625000000000001,0.013661968159029368,0.34154920397573418,0.11114617443426276,0.0013098702274235013,0.0013098702274235013,0.013905275374812074,0.013257457626521012,18,2804,1,2,0,1,2.1195351666666666
134,167.170413489162,197.38323046623069,0.18073064692770796,0.49999942540484038,-5.7459515961921781e-07,12.851673314820857,0.14722222222222223,0.033611111111111112,0.040000000000000001,1,0,0,27947.63108766386,-0.00058389890183830728,1,4,0.0050000000000000001,0.075000000000000011,0,1,0,0,0,0,0,0,0,0.099570284463586498,0.98332953134756973,0.97779721057966884,0.71536152068225101,0.66497480505880535,0.075000000000000011,1,0.98332953134756973,0.97779721057966884,0.98332953134756973,0.97779721057966884,0,0.56180555555555556,0.0091707607717406679,0.2292690192935167,0.099570284463586498,0.0011734470558145925,0.0011734470558145923,0.013844685378979711,0.013537294744919487,17,2821,1,2,0,1,1.9433689583333333
135,167.16695525119462,197.400037097276,0.18085561109043002,0.49999948107741538,-5.1892258462471474e-07,12.845980089981518,0.14722222222222223,0.033333333333333333,0.040000000000000001,1,0,0,27946.481662764862,-0.00047304386087047796,1,4,0.0050000000000000001,0.075000000000000011,0,1,0,0,0,0,0,0,0,0.099294527862091683,0.97813832065310424,0.97948840621197708,0.85572586672800566,0.68490903111034096,0.075000000000000011,1,0.97813832065310424,0.97948840621197708,0.97813832065310424,0.97948840621197708,0,0.46041666666666664,0.008614618921301968,0.21536547303254919,0.099294527862091683,0.0011701972331000269,0.0011701972331000269,0.013396634222596718,0.013121847903296088,17,2838,1,2,0,1,1.6881942083333332
136,167.15574132094397,197.43286423077416,0.18113121733400236,0.49999949336370536,-5.066362946393177e-07,12.838842110187935,0.14694444444444443,0.032777777777777781,0.040000000000000001,1,0,0,27942.519583420788,-0.00039425331821064952,1,4,0.0050000000000000001,0.075000000000000011,0,1,0,0,0,0,0,0,0,0.096712253233839307,0.95138975156227434,0.97747459094632472,0.94087348969691798,0.71867548245158841,0.075000000000000011,1,0.95138975156227434,0.97747459094632472,0.95138975156227434,0.9774745909463245,0,0.62847222222222221,0.020376579639925761,0.50941449099814395,0.096712253233839307,0.001139764834757973,0.001139764834757973,0.013024479960324622,0.012731098221506913,17,2855,1,2,0,1,2.1130570416666665
137,167.15548470681719,197.44715976835118,0.18121855298175921,0.49999949903763469,-5.0096236531294025e-07,12.828748263444545,0.14722222222222223,0.032500000000000001,0.040000000000000001,1,0,0,27942.729891441279,-0.00032769609416837171,1,4,0.0050000000000000001,0.075000000000000011,0,1,0,0,0,0,0,0,0,0.09701710962491307,0.95757147600550463,0.97577878257007933,0.95448061378388949,0.76136397949880275,0.075000000000000011,1,0.95757147600550463,0.97577878257007933,0.95757147600550463,0.97577878257007933,0,0.43583333333333335,0.014755889672879774,0.36889724182199435,0.09701710962491307,0.0011433576017815784,0.0011433576017815784,0.01272496739542367,0.012416753193350462,18,2873,1,2,0,1,2.3089312916666667
138,167.15300584243241,197.45830306779052,0.18130273561413279,0.49999943244581369,-5.6755418631482257e-07,12.820736942016374,0.14777777777777779,0.032222222222222222,0.040000000000000001,1,0,0,27942.527756868607,-0.00023651147428986673,1,4,0.0050000000000000001,0.075000000000000011,0,1,0,0,0,0,0,0,0,0.10928659020151588,0.93538098939911507,0.96795747540650368,0.95448061378388949,0.7953650441940433,0.075000000000000011,1,0.93538098939911507,0.96795747540650368,0.93538098939911507,0.9679574754065039,0,0.24097222222222223,0.023591751675852677,0.58979379189631687,0.10928659020151588,0.0012879548170707863,0.001287954817070786,0.012632673302673449,0.012227890557690932,19,2892,1,2,0,1,2.2758194166666668
139,167.14486085736871,197.46385093965532,0.18139349260734369,0.49999941022735395,-5.8977264605353241e-07,12.826254679066581,0.14861111111111111,0.032500000000000001,0.040000000000000001,1,0,0,27939.158143953067,-0.00018689666404254589,1,4,0.0050000000000000001,0.075000000000000011,0,1,0,0,0,0,0,0,0,0.10815572761794556,0.92684978269350193,0.95641510732370139,0.95448061378388949,0.81811025707174856,0.075000000000000011,1,0.92684978269350193,0.95641510732370139,0.92684978269350193,0.95641510732370161,0,0.66041666666666665,0.028449879102228789,0.71124697755571975,0.10815572761794556,0.0012746274737135744,0.0012746274737135742,0.012556825042649844,0.012009537170810892,18,2910,1,2,0,1,2.2972003333333335
140,167.13502642772255,197.46131139944313,0.18144781270510743,0.49999946579100135,-5.3420899864820015e-07,12.823829561017591,0.14805555555555555,0.032777777777777781,0.040000000000000001,1,0,0,27936.353315038741,-0.00019569867825093259,1,4,0.0050000000000000001,0.075000000000000011,0,1,0,0,0,0,0,0,0,0.1025225198886055,0.91470710612669459,0.94975839788619532,0.95448061378388949,0.8570726682384342,0.075000000000000011,1,0.91470710612669459,0.94975839788619532,0.91470710612669459,0.94975839788619509,0,0.57694444444444448,0.020347819265900846,0.5086954816475211,0.1025225198886055,0.0012082394839594273,0.0012082394839594273,0.012450269790899924,0.011824748289856007,18,2928,1,2,0,1,2.4161431250000001
141,167.12630900004743,197.46070137606011,0.18150578779313603,0.49999953408517051,-4.6591482949498442e-07,12.8144904903639,0.14888888888888888,0.031944444444444442,0.040000000000000001,1,0,0,27933.623745104356,-0.00019958143049909199,1,4,0.0050000000000000001,0.075000000000000011,0,1,0,0,0,0,0,0,0,0.11332902197125183,0.94441686890162835,0.95182569323184729,0.95448061378388949,0.90063268716731748,0.075000000000000011,1,0.94441686890162835,0.95182569323184729,0.94441686890162835,0.9518256932318474,0,0.22472222222222221,0.014969058387063814,0.37422645967659535,0.11332902197125183,0.0013355953323518567,0.0013355953323518563,0.012287534501815899,0.011695591045301159,23,2951,1,2,0,1,2.7749908749999999
142,167.12012360972969,197.4660480652054,0.18158151035324496,0.49999945121102957,-5.4878897043364461e-07,12.821476742210395,0.14916666666666667,0.032500000000000001,0.040000000000000001,1,0,0,27930.487878347005,-0.00022608642102912787,1,4,0.0050000000000000001,0.075000000000000011,0,1,0,0,0,0,0,0,0,0.10028518708371646,0.91707768592142558,0.94407763647918286,0.95448061378388949,0.93029810487851083,0.075000000000000011,1,0.91707768592142558,0.94407763647918286,0.91707768592142558,0.94407763647918308,0,0.72222222222222221,0.028643820845096753,0.71609552112741881,0.10028518708371646,0.0011818722639909578,0.0011818722639909576,0.012224926323964276,0.011541279550060339,17,2968,1,2,0,1,1.9157007083333333
143,167.10918285921747,197.46295609957102,0.18164036662141625,0.49999951932300113,-4.8067699887077708e-07,12.818917209081206,0.14888888888888888,0.032500000000000001,0.040000000000000001,1,0,0,27927.257691193281,-0.00026904362962039901,1,4,0.0050000000000000001,0.075000000000000011,0,1,0,0,0,0,0,0,0,0.097955807863337893,0.91820351975549463,0.93861882304562894,0.95448061378388949,0.94134822976240584,0.075000000000000011,1,0.91820351975549463,0.93861882304562894,0.91820351975549463,0.93861882304562894,0,0.2961111111111111,0.022205284473508242,0.55513211183770605,0.097955807863337893,0.0011544202666128793,0.0011544202666128795,0.012069476363153652,0.011328637698760319,18,2986,1,2,0,1,2.09134025
144,167.10365517563338,197.46438365089972,0.18168799744898378,0.49999957043724169,-4.2956275830841051e-07,12.818312101429033,0.14833333333333334,0.031944444444444442,0.040000000000000001,1,0,0,27925.12170206575,-0.00035773120756288189,1,4,0.0050000000000000001,0.075000000000000011,0,1,0,0,0,0,0,0,0,0.091552351432619819,0.94639203017652285,0.93436022167245791,0.95448061378388949,0.94134822976240584,0.075000000000000011,1,0.94639203017652285,0.93436022167245791,0.94639203017652285,0.93436022167245802,0,0.51416666666666666,0.023422349662396584,0.58555874155991461,0.091552351432619819,0.0010789548088596566,0.0010789548088596559,0.011974984116198717,0.011188948813335596,18,3004,1,2,0,1,2.0821093333333334
145,167.09782679546927,197.46586854345676,0.18173810114932565,0.49999961959451722,-3.8040548278051034e-07,12.821145730188151,0.14777777777777779,0.031944444444444442,0.040000000000000001,1,0,0,27922.696345198052,-0.00044078893665772557,1,4,0.0050000000000000001,0.075000000000000011,0,1,0,0,0,0,0,0,0,0.078893296409431019,0.95632580097454545,0.93496507423124353,0.95694863849002498,0.94134822976240584,0.075000000000000011,1,0.95632580097454545,0.93496507423124353,0.95632580097454545,0.93496507423124353,0,0.20666666666666667,0.011627960450345556,0.2906990112586389,0.078893296409431019,0.00092976641468781626,0.00092976641468781659,0.011734553297786506,0.010971397495135444,17,3021,1,2,0,1,1.7945694166666666
146,167.09104531239888,197.47137515265186,0.1818190183887648,0.49999966870700935,-3.3129299065182138e-07,12.817885829866974,0.14805555555555555,0.031944444444444442,0.040000000000000001,1,0,0,27920.516279382035,-0.00051412338793191523,1,4,0.0050000000000000001,0.075000000000000011,0,1,0,0,0,0,0,0,0,0.077545305824219035,0.96279967676581057,0.9385355565218102,0.9601855763856576,0.94134822976240584,0.075000000000000011,1,0.96279967676581057,0.9385355565218102,0.96279967676581057,0.9385355565218102,0,0.60277777777777775,0.0077325910695951461,0.19331477673987865,0.077545305824219035,0.00091388019329149929,0.00091388019329149907,0.011508668656320033,0.010801294742184435,18,3039,1,2,0,1,2.0978880833333333
147,167.08750555236057,197.48245529298723,0.18191036870259414,0.49999966147797487,-3.3852202513395824e-07,12.818300912149105,0.14749999999999999,0.03138888888888889,0.040000000000000001,1,0,0,27919.129124216455,-0.00058331996230358838,1,4,0.0050000000000000001,0.075000000000000011,1,1,1,0,1,1,0,1,0,0.071972386907551394,0.96479319667464503,0.9400540320096622,0.9601855763856576,0.94206583424442258,0.075000000000000011,1,0.96479319667464503,0.9400540320096622,0.96479319667464503,0.94005403200966231,0,0.35749999999999998,0.0068714818587020665,0.17178704646755166,0.071972386907551394,0.00084820271400852466,0.00084820271400852466,0.011213513768546979,0.010541308831118449,17,3056,1,2,0,1,1.7671317499999999
148,167.08343077040769,197.49068795957962,0.1819884655765483,0.49999968674626288,-3.1325373711643678e-07,12.81560762399176,0.14749999999999999,0.031666666666666669,0.040000000000000001,1,0,0,27917.882103396201,-0.00064865358445070215,1,4,0.0050000000000000001,0.075000000000000011,1,1,1,0,1,1,0,2,0,0.074062092425066589,0.96741814284180816,0.94241324202630938,0.9601855763856576,0.94324543925274607,0.075000000000000011,1,0.96741814284180816,0.94241324202630938,0.96741814284180816,0.94241324202630972,0,0.62777777777777777,0.0069158238189214842,0.17289559547303709,0.074062092425066589,0.00087283012971049029,0.00087283012971049051,0.010798389081186684,0.010176544862662644,18,3074,1,2,0,1,1.9283359583333333
149,167.08111867012369,197.50117298975681,0.18206757628725784,0.49999966287921344,-3.3712078656433775e-07,12.817527371762369,0.14722222222222223,0.03138888888888889,0.040000000000000001,1,0,0,27916.990742045455,-0.00071499926842883614,1,4,0.0050000000000000001,0.075000000000000011,1,1,1,0,1,1,0,3,0,0.071928611125103153,0.96880537345626017,0.94831303063118522,0.9601855763856576,0.94619533355518404,0.075000000000000011,1,0.96880537345626017,0.94831303063118522,0.96880537345626017,0.94831303063118533,0,0.36861111111111111,0.0095405807321470547,0.23851451830367637,0.071928611125103153,0.00084768681146484308,0.00084768681146484275,0.01037144841893795,0.0098353796821980619,17,3091,1,2,0,1,1.7472040833333333
150,167.07754407573194,197.50814773154644,0.18213461195013197,0.49999969410273054,-3.0589726945917661e-07,12.815679861454491,0.14694444444444443,0.030833333333333334,0.040000000000000001,1,0,0,27915.726607953282,-0.00075732529524060366,1,4,0.0050000000000000001,0.075000000000000011,1,1,1,0,1,1,0,4,0,0.068076572929579235,0.97619981297192959,0.95354776818522269,0.9601855763856576,0.94903571425869027,0.075000000000000011,1,0.97619981297192959,0.95354776818522269,0.97619981297192959,0.95354776818522258,0,0.52749999999999997,0.0084263639457521078,0.21065909864380269,0.068076572929579235,0.00080229010597410047,0.00080229010597410058,0.0099654990409526242,0.0095025793693523514,17,3108,1,2,0,1,1.728278625
151,167.07544124433556,197.51821928097149,0.18220977188452012,0.4999997061828117,-2.9381718830157055e-07,12.81494860453739,0.14694444444444443,0.030833333333333334,0.040000000000000001,1,0,0,27914.971689736984,-0.00078251811499737193,1,4,0.0050000000000000001,0.075000000000000011,1,1,1,0,1,1,0,5,0,0.066229167217221593,0.98595261845012427,0.9534381881095495,0.9601855763856576,0.9507920455590213,0.075000000000000011,1,0.98595261845012427,0.9534381881095495,0.98595261845012427,0.9534381881095495,0,0.44500000000000001,0.0063364812629120807,0.15841203157280201,0.066229167217221593,0.00078051822086058623,0.00078051822086058591,0.009410421929461352,0.0089722556337720021,17,3125,1,2,0,1,1.6691132083333333
152,167.07199199869692,197.52741891512005,0.18228924281133055,0.4999997240035286,-2.7599647139942007e-07,12.811078705889262,0.14777777777777779,0.03111111111111111,0.040000000000000001,1,0,0,27913.912670221645,-0.00078723707093679635,1,4,0.0050000000000000001,0.075000000000000011,1,1,1,0,1,1,0,6,0,0.069473116540114524,0.97207665169776658,0.96366257645342723,0.9601855763856576,0.95261889051547444,0.075000000000000011,1,0.97207665169776658,0.96366257645342723,0.97207665169776658,0.96366257645342712,0,0.50416666666666665,0.0077418210724733306,0.19354552681183326,0.069473116540114524,0.00081874853026130459,0.00081874853026130459,0.0090472981957317004,0.0087185426892412536,18,3143,1,2,0,1,1.7795826666666668
153,167.07148407647125,197.54193054089649,0.18237969592990766,0.49999968817682772,-3.1182317228317658e-07,12.814599778411964,0.14805555555555555,0.03111111111111111,0.040000000000000001,1,0,0,27913.84819758782,-0.00077937444084810379,1,4,0.0050000000000000001,0.075000000000000011,0,1,0,0,0,0,0,0,0,0.075700801904734119,0.84437088946473848,0.96339673718288332,0.95694863849002498,0.95263194067069845,0.075000000000000011,1,0.84437088946473848,0.96339673718288332,0.84437088946473848,0.96339673718288321,0,0.53249999999999997,0.013660618797756952,0.34151546994392379,0.075700801904734119,0.0008921425061349501,0.00089214250613494999,0.0087850204352537715,0.0084634600234084374,18,3161,1,2,0,1,1.6995670833333334
154,167.06229656626854,197.54571768354248,0.18246738937401166,0.49999926221648161,-7.377835183897119e-07,12.799197126456836,0.14805555555555555,0.03111111111111111,0.040000000000000001,1,0,0,27911.852496754815,-0.00074439389038264173,1,4,0.0050000000000000001,0.075000000000000011,0,1,0,0,0,0,0,0,0,0.11604227861708968,0.13979237833654279,0.90587795000733273,0.95385777626840995,0.9507920455590213,0.075000000000000011,1,0.13979237833654279,0.90587795000733273,0.26279219681761729,0.92102486915306137,0.00027777777777777778,0.53055555555555556,0.03644067489571113,0.91101687239277818,0.11604227861708968,0.0013675713685747137,0.0013675713685747134,0.0090736369949688291,0.0082196076801130582,16,3177,1,2,0,1,1.3103848333333334
155,167.07344953293196,197.57139094542333,0.18254211843803406,0.49999929290944939,-7.0709055061124459e-07,12.823793574319234,0.14777777777777779,0.03111111111111111,0.040000000000000001,1,0,0,27920.617744242103,-0.00071137836305014412,1,4,0.0050000000000000001,0.075000000000000011,0,1,0,0,0,0,0,0,0,0.14336678092781135,-0.5889534566304826,0.80613337633395998,0.9488908908693986,0.94903571425869027,0.075000000000000011,1,-0.5889534566304826,0.80613337633395998,0.011695740354413439,0.91595049130253592,0.0011111111111111111,0.25944444444444442,0.039867074163259776,0.99667685408149442,0.14336678092781135,0.0016895937165156932,0.0016895937165156932,0.0098334642967967054,0.0079270837746361778,14,3191,1,2,0,1,1.2260163749999999
156,167.04526552460626,197.54826666737506,0.18260320666361904,0.49999935814328955,-6.4185671044825199e-07,12.79793231866002,0.14805555555555555,0.030833333333333334,0.040000000000000001,1,0,0,27909.849106906644,-0.00063373246917434491,1,4,0.0050000000000000001,0.075000000000000011,0,1,0,0,0,0,0,0,0,0.14994372121299007,-0.69625899111077427,0.71741246947834203,0.94540444953907565,0.94619533355518404,0.075000000000000011,1,-0.69625899111077427,0.71741246947834203,0.34507496188397252,0.93378665562099583,0.0013888888888888889,0.47666666666666668,0.039761312545337248,0.99403281363343121,0.14994372121299007,0.0017671037011008409,0.0017671037011008411,0.010686687804606047,0.0076667630884465054,14,3205,1,2,0,1,1.4807838333333334
157,167.06742994892852,197.57179266939755,0.18258713101526747,0.49999723412957525,-2.7658704247479626e-06,12.816065573319216,0.14805555555555555,0.030833333333333334,0.040000000000000001,1,0,0,27912.989629586285,-0.00059319771265012094,1,4,0.0050000000000000001,0.075000000000000011,0,1,0,0,0,0,0,0,0,0.07729715830420858,-0.63288309174005131,0.66738697990098472,0.93989892915037165,0.94324543925274607,0.075000000000000011,1,-0.63288309174005131,0.66738697990098472,-0.11428979054048487,0.9193381174815265,0,0.46888888888888891,0.023847824175470548,0.59619560438676367,0.07729715830420858,0.00091095574672259898,0.00091095574672259887,0.010749440837320122,0.0071740368560433889,9,3214,1,2,0,1,0.86636137499999999
158,167.06321282544565,197.55128807118362,0.18249424711826379,0.49999951251468633,-4.8748531367159842e-07,12.823640589452454,0.14805555555555555,0.030555555555555555,0.040000000000000001,1,0,0,27913.60361400112,-0.00053072915526947606,1,4,0.0050000000000000001,0.075000000000000011,0,1,0,0,0,0,0,0,0,0.091633624734663202,0.78527306325154711,0.64582589330595919,0.93563332579756509,0.94123363701798579,0.075000000000000011,1,0.78527306325154711,0.64582589330595919,0.78527306325154711,0.90860582448510996,0,0.74111111111111116,0.026254363615089888,0.65635909037724716,0.091633624734663202,0.0010799126239097283,0.0010799126239097283,0.01095652333151936,0.0070760064681060749,18,3232,1,2,0,1,2.2343906666666666
159,167.05054751112894,197.54627411150636,0.18255388596284483,0.4999992521719388,-7.4782806119833012e-07,12.790298529088592,0.14749999999999999,0.030833333333333334,0.040000000000000001,1,0,0,27910.014897171404,-0.00045784656261772599,1,4,0.0050000000000000001,0.075000000000000011,0,1,0,0,0,0,0,0,0,0.13557837706162215,-0.24296052759695383,0.60478504061363247,0.93131019432856155,0.93933642752764557,0.075000000000000011,1,-0.24296052759695383,0.60478504061363247,0.26378210725120743,0.89412530114023692,0.00083333333333333339,0.15083333333333335,0.039395742236697187,0.98489355591742966,0.13557837706162215,0.0015978064967089947,0.0015978064967089947,0.011706643016763512,0.0070800025723426179,20,3252,1,2,0,1,2.6355313333333332
160,167.06806982479705,197.56335282795033,0.18253208428835885,0.49999930038211582,-6.9961788418115844e-07,12.806133535488105,0.14749999999999999,0.03111111111111111,0.040000000000000001,1,0,0,27919.550879646089,-0.00040348164028513055,1,4,0.0050000000000000001,0.075000000000000011,0,1,0,0,0,0,0,0,0,0.1573765489853288,-0.48200019749674089,0.56530042910584588,0.93131019432856155,0.93857718978371962,0.075000000000000011,1,-0.48200019749674089,0.56530042910584588,0.43573268915818492,0.88299094466905703,0.0013888888888888889,0.53055555555555556,0.03987910123899098,0.99697753097477448,0.1573765489853288,0.0018547004164543811,0.0018547004164543811,0.012759053327243792,0.0072126983208752864,27,3279,1,2,0,1,3.7591125833333332
161,167.05071465741742,197.53024468055128,0.18245674725570835,0.4999900198131238,-9.9801868762017243e-06,12.812522747906055,0.14777777777777779,0.03138888888888889,0.040000000000000001,1,0,0,27895.445616212604,-0.00031594553749546365,1,4,0.0050000000000000001,0.075000000000000011,1,1,1,0,1,1,0,1,0,0.070295304936905056,-0.53511895583656888,0.52531885734973727,0.91764060283846005,0.93675031537652687,0.075000000000000011,1,-0.53511895583656888,0.52531885734973727,0.19123690745963964,0.86062052147801515,0,0.45055555555555554,0.02082002540953529,0.52050063523838219,0.070295304936905056,0.00082843811344102927,0.00082843811344102927,0.012806973219824234,0.006727744537946753,8,3287,1,2,0,1,0.74476629166666664
162,167.06831004036883,197.49826463039619,0.18214079368298244,0.49999962800619796,-3.7199380203967181e-07,12.810500998871701,0.14777777777777779,0.03138888888888889,0.040000000000000001,1,0,0,27918.405319434474,-0.00031909696019537953,1,4,0.0050000000000000001,0.075000000000000011,0,1,0,0,0,0,0,0,0,0.078950345429064775,0.035558671819043701,0.51391312556053403,0.88128720461011656,0.93466264795185072,0.075000000000000011,1,0.035558671819043701,0.51391312556053403,0.035558671819043701,0.8490895650582797,0,0.69805555555555554,0.019026848032805358,0.47567120082013392,0.078950345429064775,0.00093043874383186742,0.00093043874383186742,0.012918663433394798,0.0066390707031205006,19,3306,1,2,0,1,2.3129078333333335
163,167.05922229845336,197.50473646097041,0.18224383990083323,0.49999857371591172,-1.4262840882794947e-06,12.808754304232545,0.14777777777777779,0.03138888888888889,0.040000000000000001,1,0,0,27907.676802571114,-0.00024365639636607004,1,4,0.0050000000000000001,0.075000000000000011,1,1,1,0,1,1,0,1,0,0.051036468198954646,0.02633614815986704,0.49149730618596099,0.8148219763581428,0.92011908583989532,0.075000000000000011,1,0.02633614815986704,0.49149730618596099,0.02633614815986704,0.83335715465623084,0,0.6711111111111111,0.01473620130322959,0.36840503258073976,0.051036468198954646,0.00060147054585487356,0.00060147054585487345,0.012627991473114723,0.0062066237915751714,10,3316,1,2,0,1,0.98974508333333333
164,167.06685481642944,197.49303041814358,0.18211976059012999,0.49999974243370932,-2.5756629068451886e-07,12.809603854533021,0.14777777777777779,0.030555555555555555,0.040000000000000001,1,0,0,27912.375738631497,-0.00021774189437500765,1,4,0.0050000000000000001,0.075000000000000011,1,1,1,0,1,1,0,2,0,0.034551273757896968,0.36560280432902531,0.51179063493809673,0.57543793379028618,0.8560056631706463,0.075000000000000011,1,0.36560280432902531,0.51179063493809673,0.36560280432902531,0.83544451870346359,0,0.49666666666666665,0.0058437163676162158,0.14609290919040538,0.034551273757896968,0.00040719066621402918,0.00040719066621402918,0.011667610770754037,0.0059713739245747851,9,3325,1,2,0,1,0.77639858333333334
165,167.06308613744559,197.49340506373792,0.18214866988184808,0.49999975403654578,-2.4596345421512567e-07,12.800956065739328,0.14805555555555555,0.030833333333333334,0.040000000000000001,1,0,0,27911.385175908617,-0.00016834661509404641,1,4,0.0050000000000000001,0.075000000000000011,1,1,1,0,1,1,0,3,0,0.053982343870062108,0.8809753663391211,0.55650257303603845,0.57543793379028618,0.76177292290615095,0.075000000000000011,1,0.8809753663391211,0.55650257303603845,0.8809753663391211,0.85030869252725128,0,0.71055555555555561,0.0054251079347149324,0.13562769836787331,0.053982343870062108,0.00063618802358108282,0.00063618802358108271,0.010614205077819426,0.0059068324365386948,18,3343,1,2,0,1,2.3952854583333334
166,167.06854459826934,197.49026040114515,0.1820912241501082,0.49999976533564494,-2.3466435505881122e-07,12.801695548896797,0.14805555555555555,0.030833333333333334,0.040000000000000001,1,0,0,27912.338007850161,-0.0001939741322636812,1,4,0.0050000000000000001,0.075000000000000011,1,1,1,0,1,1,0,4,0,0.052943302296424473,0.98620596716447251,0.62937962785623813,0.57543793379028618,0.69239972468966338,0.075000000000000011,1,0.98620596716447251,0.62937962785623813,0.98620596716447251,0.84769666366909902,0,0.33555555555555555,0.0053610610366118363,0.1340265259152959,0.052943302296424473,0.00062394280120351764,0.00062394280120351743,0.009471044177922102,0.0059608822601106039,18,3361,1,2,0,1,2.4216755833333332
167,167.06814989742563,197.48638165126252,0.18207080028427136,0.49999977370243576,-2.2629756424308312e-07,12.800112446156145,0.14805555555555555,0.030833333333333334,0.040000000000000001,1,0,0,27912.448094591065,-0.00014685330474049221,1,4,0.0050000000000000001,0.075000000000000011,1,1,1,0,1,1,0,5,0,0.053178764698844597,0.99356222456502696,0.66371353208726114,0.57543793379028618,0.66555025599412287,0.075000000000000011,1,0.99356222456502696,0.66371353208726114,0.99356222456502696,0.86970851891677292,0,0.55111111111111111,0.0052838708999112657,0.13209677249778165,0.053178764698844597,0.00062671775222794676,0.00062671775222794708,0.0091868061834274508,0.006097407580603724,18,3379,1,2,0,1,2.3342560833333335
168,167.06672461190325,197.48650187622368,0.18208160443071897,0.49999974833438821,-2.5166561179457148e-07,12.798883156072058,0.14777777777777779,0.030833333333333334,0.040000000000000001,1,0,0,27911.910572770321,-0.00012680284699852305,1,4,0.0050000000000000001,0.075000000000000011,1,1,1,0,1,1,0,6,0,0.049833241880995367,0.99789779202411311,0.68452008048058643,0.57543793379028618,0.66555025599412287,0.075000000000000011,1,0.99789779202411311,0.68452008048058643,0.99789779202411311,0.88071688899806844,0,0.28000000000000003,0.0049284024878065895,0.12321006219516474,0.049833241880995367,0.00058729038770935472,0.00058729038770935472,0.0086941839472270757,0.0059513434952689001,17,3396,1,2,0,1,2.0166795833333335
169,167.06523990116222,197.48732468501981,0.1820970346785224,0.49999978564004449,-2.143599555082254e-07,12.800008699984101,0.14749999999999999,0.030833333333333334,0.040000000000000001,1,0,0,27911.308132625891,-0.00011754274367213985,1,4,0.0050000000000000001,0.075000000000000011,1,1,1,0,1,1,0,7,0,0.049403753260214477,0.99790511999977594,0.75881635686184568,0.57543793379028618,0.66555025599412287,0.075000000000000011,1,0.99790511999977594,0.75881635686184568,0.99790511999977594,0.9003933786760332,0,0.24777777777777779,0.0048628231382453792,0.12157057845613448,0.049403753260214477,0.00058222881577274434,0.00058222881577274391,0.0076786062662908263,0.005826652032763344,17,3413,1,2,0,1,1.9504084583333334
170,167.06303828638082,197.48773358088908,0.18211506031845301,0.49999980354561913,-1.9645438087412259e-07,12.800873877565767,0.14749999999999999,0.030277777777777778,0.040000000000000001,1,0,0,27910.535590238258,-8.7921987858580202e-05,1,4,0.0050000000000000001,0.075000000000000011,1,1,1,0,1,1,0,8,0,0.05092739106779004,0.99773643280999869,0.84808770338369976,0.57543793379028618,0.66555025599412287,0.075000000000000011,1,0.99773643280999869,0.84808770338369976,0.99773643280999869,0.84808770338369999,0,0.24777777777777779,0.0050389081208750105,0.12597270302187527,0.05092739106779004,0.00060018505953622571,0.00060018505953622603,0.0064240909093726721,0.0054481925056579731,18,3431,1,2,0,1,2.0840057083333332
171,167.0619214675674,197.4877653270259,0.18212315285362754,0.499999805319294,-1.9468070600048293e-07,12.802916980033347,0.14777777777777779,0.030277777777777778,0.040000000000000001,1,0,0,27910.10395935423,-0.00013391743518243729,1,4,0.0050000000000000001,0.075000000000000011,1,1,1,0,1,1,0,9,0,0.050314580102670127,0.99843294067825961,0.92009651453180319,0.57543793379028618,0.66555025599412287,0.075000000000000011,1,0.99843294067825961,0.92009651453180319,0.99843294067825961,0.92009651453180308,0,0.22805555555555557,0.0049698595679991886,0.12424648919997971,0.050314580102670127,0.00059296301305252971,0.00059296301305252928,0.0061886158089841711,0.0056941238356227513,18,3449,1,2,0,1,2.0607845
172,167.06022715117621,197.48672650051674,0.18212892361152466,0.49999980719462561,-1.9280537438826073e-07,12.804913122709721,0.14749999999999999,0.030277777777777778,0.040000000000000001,1,0,0,27909.512339267894,-1.1455427967355183e-05,1,4,0.0050000000000000001,0.075000000000000011,1,1,1,0,1,1,0,10,0,0.049736980529642871,0.99826646281805886,0.95172504026624538,0.57543793379028618,0.66555025599412287,0.075000000000000011,1,0.99826646281805886,0.95172504026624538,0.99826646281805886,0.95172504026624549,0,0.10777777777777778,0.004960593305147757,0.12401483262869392,0.049736980529642871,0.00058615593680422923,0.00058615593680422923,0.0058443330019565341,0.0055621980616164289,18,3467,1,2,0,1,2.0054161666666666
173,167.05856708672115,197.4858728326401,0.18213556045960777,0.49999980906806246,-1.9093193753816351e-07,12.807647243468828,0.14749999999999999,0.030277777777777778,0.040000000000000001,1,0,0,27908.942759794736,-5.9410721999752799e-05,1,4,0.0050000000000000001,0.075000000000000011,1,1,1,0,1,1,0,11,0,0.049255991220676261,0.99821550307017637,0.99014505871638014,0.57543793379028618,0.66555025599412287,0.075000000000000011,1,0.99821550307017637,0.99014505871638014,0.99821550307017637,0.99014505871638014,0,0.12,0.0049329103377991857,0.12332275844497964,0.049255991220676261,0.00058048742343675384,0.00058048742343675287,0.005823349879538412,0.0057659611084015863,18,3485,1,2,0,1,1.9817408333333333
174,167.05649498494057,197.48425314366551,0.18214052773864239,0.49999981070185351,-1.8929814649126797e-07,12.808844528007832,0.14749999999999999,0.029722222222222223,0.040000000000000001,1,0,0,27908.275301848356,-3.2766320199217399e-05,1,4,0.0050000000000000001,0.075000000000000011,1,1,1,0,1,1,0,12,0,0.048837568796350386,0.99463853149255976,0.9945178627134843,0.83312421479533416,0.66555025599412287,0.075000000000000011,1,0.99463853149255976,0.9945178627134843,0.99463853149255976,0.99451786271348441,0,0.44111111111111112,0.0049364618267156365,0.12341154566789091,0.048837568796350386,0.00057555626787606483,0.00057555626787606472,0.0059917154812004483,0.005958868074350766,18,3503,1,2,0,1,1.9672752083333334
175,167.05548454098329,197.48408509634589,0.18214667204115431,0.49999978424140923,-2.1575859077138659e-07,12.809839810347409,0.14749999999999999,0.029722222222222223,0.040000000000000001,1,0,0,27907.905875165372,-4.9331427487525311e-05,1,4,0.0050000000000000001,0.075000000000000011,1,1,1,0,1,1,0,13,0,0.050597832050677916,0.94106624739503597,0.98843251836196955,0.91102080686707854,0.66555025599412287,0.075000000000000011,1,0.94106624739503597,0.98843251836196955,0.94106624739503597,0.98843251836196944,0,0.26111111111111113,0.012689179897078873,0.31722949742697182,0.050597832050677916,0.0005963011692728731,0.00059630116927287331,0.0059518286268922379,0.0058829809585379577,17,3520,1,2,0,1,1.7372432499999999
176,167.05537948070241,197.48631369720314,0.18216075597862441,0.49999974629259403,-2.5370740597274732e-07,12.807877000319387,0.14777777777777779,0.029444444444444443,0.040000000000000001,1,0,0,27908.071362818038,-2.8720251225977419e-05,1,4,0.0050000000000000001,0.075000000000000011,1,1,1,0,1,1,0,14,0,0.058705270431819806,0.96134007278909084,0.97044634692611409,0.9512031600920634,0.66555025599412287,0.075000000000000011,1,0.96134007278909084,0.97044634692611409,0.96134007278909084,0.97044634692611376,0,0.21777777777777776,0.023916561616507931,0.59791404041269824,0.058705270431819806,0.00069184824689549841,0.00069184824689549841,0.0060197340725842187,0.005841828940206014,17,3537,1,2,0,1,1.6795794166666667
177,167.0572699537847,197.49168554115181,0.18217953397530437,0.49999971444700669,-2.8555299330657036e-07,12.81406471985049,0.14833333333333334,0.029444444444444443,0.040000000000000001,1,0,0,27908.93373139574,-5.2923550526801726e-05,1,4,0.0050000000000000001,0.075000000000000011,1,1,1,0,1,1,0,15,0,0.060733633526420666,0.21718125759963933,0.93543375618053171,0.9512031600920634,0.67411680628392379,0.075000000000000011,1,0.21718125759963933,0.93543375618053171,0.21718125759963933,0.93543375618053159,0,0.56555555555555559,0.022347925440667278,0.55869813601668195,0.060733633526420666,0.00071575273521051167,0.00071575273521051167,0.0061087690555667838,0.0057143487832882357,17,3554,1,2,0,1,1.6428286249999999
178,167.05235832122574,197.48431794364097,0.18217018860576323,0.49999973194288888,-2.6805711111910213e-07,12.81220924160886,0.14888888888888888,0.028611111111111111,0.040000000000000001,1,0,0,27907.207944107504,-6.3574628261071502e-05,1,4,0.0050000000000000001,0.075000000000000011,1,1,1,0,1,1,0,16,0,0.060838199426949742,0.15389487350691977,0.91396668642012457,0.9512031600920634,0.721668218671216,0.075000000000000011,1,0.15389487350691977,0.91396668642012457,0.15389487350691977,0.91396668642012457,0,0.66194444444444445,0.022453776520717561,0.56134441301793903,0.060838199426949742,0.00071698505616626148,0.00071698505616626137,0.0062384637240236905,0.0057017480181980832,17,3571,1,2,0,1,1.7896079583333333
179,167.05505052587773,197.48908597778163,0.18217967883101804,0.49999969101906938,-3.0898093061892951e-07,12.823319618245932,0.14888888888888888,0.028611111111111111,0.040000000000000001,1,0,0,27908.243019523456,-7.4357754414678602e-05,1,4,0.0050000000000000001,0.075000000000000011,1,1,1,0,1,1,0,17,0,0.06684955557331157,0.21674189204550889,0.87500530850174552,0.9512031600920634,0.80345203012277278,0.075000000000000011,1,0.21674189204550889,0.87500530850174552,0.21674189204550889,0.87500530850174552,0,0.72222222222222221,0.022067931138927667,0.55169827847319164,0.06684955557331157,0.00078782956775325954,0.00078782956775325954,0.0064440644760042059,0.0056385906248311995,17,3588,1,2,0,1,1.6889602916666666
180,167.04790455945434,197.47484744410735,0.18214501382041404,0.49999968163202002,-3.1836797997897293e-07,12.81882537159823,0.14916666666666667,0.028888888888888888,0.040000000000000001,1,0,0,27905.961120011591,-8.9972415234414044e-05,1,4,0.0050000000000000001,0.075000000000000011,1,1,1,0,1,1,0,18,0,0.06859714000373314,0.13876581244937089,0.84531942133934845,0.9512031600920634,0.84670356236152411,0.075000000000000011,1,0.13876581244937089,0.84531942133934845,0.13876581244937089,0.84531942133934845,0,0.71444444444444444,0.022701113096760709,0.56752782741901775,0.06859714000373314,0.00080842504777737818,0.00080842504777737818,0.0066523044642453595,0.005623322160289052,17,3605,1,2,0,1,1.8802779999999999
181,167.05383741460108,197.48074427323476,0.18213832935258434,0.49999955525996587,-4.4474003413341734e-07,12.83249075808874,0.14916666666666667,0.028888888888888888,0.040000000000000001,1,0,0,27908.532088633903,-7.4064328022272608e-05,1,4,0.0050000000000000001,0.075000000000000011,0,1,0,0,0,0,0,0,0,0.085999503166761596,-0.19925899575601283,0.78379123163037123,0.9512031600920634,0.84670356236152411,0.075000000000000011,1,-0.19925899575601283,0.78379123163037123,-0.19925899575601283,0.78379123163037112,0,0.69388888888888889,0.03361278579235405,0.84031964480885124,0.085999503166761596,0.0010135138644648514,0.0010135138644648514,0.0070728553156576817,0.0055436419790027523,17,3622,1,2,0,1,1.801002625
182,167.03949613120687,197.46272836454605,0.18213196841447732,0.49999951887851862,-4.8112148137713362e-07,12.821778706540011,0.14944444444444444,0.028888888888888888,0.040000000000000001,1,0,0,27904.802760201339,-0.00013220855326898139,1,4,0.0050000000000000001,0.075000000000000011,0,1,0,0,0,0,0,0,0,0.11237041694392612,-0.55160880633885367,0.69896101668762778,0.9512031600920634,0.84670356236152411,0.075000000000000011,1,-0.55160880633885367,0.69896101668762778,0.034972696571210007,0.79664950962329728,0.00083333333333333339,0.56638888888888894,0.039774807709983116,0.99437019274957794,0.11237041694392612,0.001324298063763498,0.0013242980637634977,0.0078109974426169501,0.0054595827138360043,13,3635,1,2,0,1,1.251594125
183,167.0550576246107,197.47720478418273,0.18210850717213017,0.49999937937690447,-6.2062309552635142e-07,12.838591324267727,0.14944444444444444,0.029166666666666667,0.040000000000000001,1,0,0,27911.673487169395,-0.00011722438412653798,1,4,0.0050000000000000001,0.075000000000000011,0,1,0,0,0,0,0,0,0,0.10612619054836736,-0.76075073574803398,0.61834497416482459,0.9512031600920634,0.84670356236152411,0.075000000000000011,1,-0.76075073574803398,0.61834497416482459,-0.092507343922624136,0.76318011285385534,0.00055555555555555556,0.60333333333333339,0.039807925587740586,0.99519813969351467,0.10612619054836736,0.0012507091499707709,0.0012507091499707709,0.0084812191691509674,0.0052443192480348703,13,3648,1,2,0,1,1.3267139583333334
184,167.03842205087028,197.46000009776799,0.18212323651879953,0.49999928081256217,-7.1918743782539707e-07,12.825189144942026,0.14916666666666667,0.029166666666666667,0.040000000000000001,1,0,0,27904.818475497352,-0.00011197586549081917,1,4,0.0050000000000000001,0.075000000000000011,0,1,0,0,0,0,0,0,0,0.1125090742312522,-0.7729737773892108,0.5539506909162436,0.9512031600920634,0.84670356236152411,0.075000000000000011,1,-0.7729737773892108,0.5539506909162436,-0.52620668789202441,0.71564116449041848,0.00055555555555555556,0.72027777777777779,0.039763247383170976,0.99408118457927441,0.1125090742312522,0.0013259321555656512,0.0013259321555656512,0.0092315950568405535,0.0051138484599958034,12,3660,1,2,0,1,1.0587456666666666
185,167.05501892043284,197.47258737203092,0.18208114098077921,0.49999952564914035,-4.7435085964719903e-07,12.840817785867031,0.14888888888888888,0.029166666666666667,0.040000000000000001,1,0,0,27913.777910481233,-0.00010967154551548286,1,4,0.0050000000000000001,0.075000000000000011,0,1,0,0,0,0,0,0,0,0.12982566450105504,-0.81374069128002624,0.48913490228521417,0.9512031600920634,0.84670356236152411,0.075000000000000011,1,-0.81374069128002624,0.48913490228521417,-0.33707414457244772,0.74654686666733883,0.0011111111111111111,0.67611111111111111,0.039819667692105168,0.99549169230262913,0.12982566450105504,0.0015300101290124275,0.001530010129012428,0.010165304016580107,0.004972204986849406,15,3675,1,2,0,1,1.7166705833333333
186,167.03299257430854,197.4520306354089,0.18211395001839378,0.49999935191614375,-6.4808385624726128e-07,12.826672059746461,0.14888888888888888,0.028888888888888888,0.040000000000000001,1,0,0,27903.334874644013,-7.6167982040464008e-05,1,4,0.0050000000000000001,0.075000000000000011,0,1,0,0,0,0,0,0,0,0.10916463617240771,-0.79084264975540974,0.44625100207990814,0.57912375249733761,0.84670356236152411,0.075000000000000011,1,-0.79084264975540974,0.44625100207990814,-0.22353796243116633,0.73963519094769792,0.00055555555555555556,0.66805555555555551,0.039728652294782708,0.99321630736956767,0.10916463617240771,0.0012865175750545294,0.0012865175750545294,0.010759973344739139,0.0048016488874429416,13,3688,1,2,0,1,1.5922079166666667
187,167.05711430178928,197.46078142739992,0.18199564414052014,0.49999842911413117,-1.5708858688290306e-06,12.838756892261879,0.14916666666666667,0.028888888888888888,0.040000000000000001,1,0,0,27908.033416627572,-7.785257460444226e-05,1,4,0.0050000000000000001,0.075000000000000011,1,1,1,0,1,1,0,1,0,0.05066767127896004,-0.60388137434803002,0.4256749654067627,0.21696157482257411,0.84670356236152411,0.075000000000000011,1,-0.60388137434803002,0.4256749654067627,-0.28111471248590891,0.74154663831929224,0,0.33888888888888891,0.016927263866524007,0.42318159666310018,0.05066767127896004,0.00059712423247139195,0.00059712423247139195,0.010641344842000019,0.0045297540974997908,9,3697,1,2,0,1,0.87845708333333339
188,167.05258908820915,197.44661766646357,0.18194287645673898,0.49999976452546768,-2.3547453231742566e-07,12.835086146263722,0.14888888888888888,0.028611111111111111,0.040000000000000001,1,0,0,27908.818808594911,-6.8487411682271792e-05,1,4,0.0050000000000000001,0.075000000000000011,1,1,1,0,1,1,0,2,0,0.050200069438256827,0.6680275292473874,0.42681870486752099,0.21696157482257411,0.84670356236152411,0.075000000000000011,1,0.6680275292473874,0.42681870486752099,0.6680275292473874,0.75338127824465584,0,0.76666666666666672,0.010709406903246697,0.26773517258116741,0.050200069438256827,0.00059161349193044934,0.00059161349193044945,0.010515973277764207,0.0044884140948367787,17,3714,1,2,0,1,1.8484195000000001
189,167.05070619032279,197.44397877671977,0.18194040168719541,0.49999977670795093,-2.2329204907300948e-07,12.83744765463028,0.14916666666666667,0.028888888888888888,0.040000000000000001,1,0,0,27905.807624144683,-4.5866919902304156e-05,1,4,0.0050000000000000001,0.075000000000000011,1,1,1,0,1,1,0,3,0,0.041790783067626965,0.70248030051892507,0.42718024610855437,0.21696157482257411,0.84670356236152411,0.075000000000000011,1,0.70248030051892507,0.42718024610855437,0.70248030051892507,0.77062872513442737,0,0.47083333333333333,0.0069436756517054412,0.17359189129263602,0.041790783067626965,0.00049250910163691625,0.00049250910163691744,0.010220652811647865,0.0043660609834698235,17,3731,1,2,0,1,2.2484886249999998
190,167.05677648416111,197.42985070139108,0.18181288335890813,0.49999979857504767,-2.0142495232855495e-07,12.840207594707396,0.14888888888888888,0.029166666666666667,0.040000000000000001,1,0,0,27908.21488360452,-4.3611080377824188e-05,1,4,0.0050000000000000001,0.075000000000000011,1,1,1,0,1,1,0,4,0,0.036962034107866228,0.88171204699847205,0.43200563341761039,0.21696157482257411,0.81455532648485984,0.075000000000000011,1,0.88171204699847205,0.43200563341761039,0.88171204699847205,0.79185842296044839,0,0.66527777777777775,0.0045869469004220578,0.11467367251055144,0.036962034107866228,0.00043560174940201118,0.00043560174940201124,0.0098478295132724981,0.0042543178266699231,16,3747,1,2,0,1,2.0928296666666668
191,167.05631339010449,197.41964634685431,0.18175507612122593,0.49999981600434579,-1.8399565421267638e-07,12.838846994629183,0.14833333333333334,0.028888888888888888,0.040000000000000001,1,0,0,27908.323405648553,-1.9145131284553901e-05,1,4,0.0050000000000000001,0.075000000000000011,1,1,1,0,1,1,0,5,0,0.038633070689468633,0.98066501567390052,0.45303585871751018,0.21696157482257411,0.74137612415899956,0.075000000000000011,1,0.98066501567390052,0.45303585871751018,0.98066501567390052,0.82077990999732553,0,0.3347222222222222,0.0041564078454833916,0.10391019613708478,0.038633070689468633,0.00045529510437637531,0.00045529510437637471,0.0092896107531840241,0.0042085267847201411,17,3764,1,2,0,1,2.2617376249999999
192,167.05731700055455,197.41246681105659,0.18170500014914809,0.49999981449902348,-1.8550097652392239e-07,12.84067035403422,0.14888888888888888,0.028888888888888888,0.040000000000000001,1,0,0,27908.413726944305,-1.4260689917175528e-05,1,4,0.0050000000000000001,0.075000000000000011,1,1,1,0,1,1,0,6,0,0.037961897411497324,0.99368894667833674,0.50579446937918582,0.21696157482257411,0.65865299542622613,0.075000000000000011,1,0.99368894667833674,0.50579446937918582,0.99368894667833674,0.74496089264957344,0,0.23555555555555555,0.0040944283565130983,0.10236070891282746,0.037961897411497324,0.00044738525143963004,0.00044738525143963004,0.0084126979408601522,0.0042550960910447298,17,3781,1,2,0,1,2.2244653749999999
193,167.05743378044127,197.40461015190775,0.18165714440071482,0.49999982658884934,-1.7341115066127344e-07,12.842931545881516,0.14916666666666667,0.028888888888888888,0.040000000000000001,1,0,0,27908.441419896732,1.555359913467811e-05,1,4,0.0050000000000000001,0.075000000000000011,1,1,1,0,1,1,0,7,0,0.038845914959322179,0.99528120727021185,0.56179296778162835,0.21696157482257411,0.59006897097322653,0.075000000000000011,1,0.99528120727021185,0.56179296778162835,0.99528120727021185,0.79198641377834622,0,0.22027777777777777,0.0039785500553333091,0.09946375138333273,0.038845914959322179,0.000457803498152211,0.00045780349815221079,0.0076197922890415938,0.0042807457239402444,17,3798,1,2,0,1,2.2099109583333334
194,167.05686272138425,197.39947638229455,0.18163045304828576,0.49999982965219475,-1.7034780525060356e-07,12.841868114694451,0.14916666666666667,0.028888888888888888,0.040000000000000001,1,0,0,27908.656727042246,-5.8124805678754113e-06,1,4,0.0050000000000000001,0.075000000000000011,1,1,1,0,1,1,0,8,0,0.041247257624992387,0.99523079932972125,0.6523861044303606,0.21696157482257411,0.59006897097322653,0.075000000000000011,1,0.99523079932972125,0.6523861044303606,0.99523079932972125,0.84727272055093539,0,0.25472222222222224,0.0041569344862026954,0.10392336215506738,0.041247257624992387,0.00048610359286634406,0.00048610359286634417,0.0067799637263422875,0.0044231541236075967,18,3816,1,2,0,1,2.3199815833333335
195,167.05592647657369,197.39592140257281,0.18161579517655549,0.49999983865458836,-1.6134541164225524e-07,12.844670770710708,0.14944444444444444,0.028888888888888888,0.040000000000000001,1,0,0,27908.045421554845,2.0327545395198429e-05,1,4,0.0050000000000000001,0.075000000000000011,1,1,1,0,1,1,0,9,0,0.041567084269197085,0.99508169524407908,0.77377840577882218,0.21696157482257411,0.59006897097322653,0.075000000000000011,1,0.99508169524407908,0.77377840577882218,0.99508169524407908,0.85149658567358499,0,0.25305555555555553,0.0045536587301985877,0.11384146825496469,0.041567084269197085,0.00048987278601503206,0.00048987278601503195,0.0057398263833448922,0.0044413537083518332,18,3834,1,2,0,1,2.1369431250000002
196,167.05469111333014,197.39139743994673,0.18159745245367656,0.49999984102729694,-1.5897270305709199e-07,12.849992813287026,0.14944444444444444,0.029166666666666667,0.040000000000000001,1,0,0,27907.4803746777,-2.1253934942913451e-05,1,4,0.0050000000000000001,0.075000000000000011,1,1,1,0,1,1,0,10,0,0.041264266807721495,0.99427042587841252,0.91491634435650349,0.21696157482257411,0.59006897097322653,0.075000000000000011,1,0.99427042587841252,0.91491634435650349,0.99427042587841252,0.91491634435650382,0,0.18138888888888888,0.0043254281555681904,0.10813570388920475,0.041264266807721495,0.00048630404800718065,0.00048630404800718038,0.0049396128562975436,0.004519332537020135,18,3852,1,2,0,1,2.0878432500000002
197,167.05250820245627,197.38625116811949,0.18158208632761616,0.49999984254146213,-1.57458537874966e-07,12.854759081448202,0.14861111111111111,0.029444444444444443,0.040000000000000001,1,0,0,27906.767041679996,1.0571971366777062e-05,1,4,0.0050000000000000001,0.075000000000000011,1,1,1,0,1,1,0,11,0,0.040615856345002324,0.9944767901776278,0.96773039373404912,0.44238471064644813,0.59006897097322653,0.075000000000000011,1,0.9944767901776278,0.96773039373404912,0.9944767901776278,0.96773039373404912,0,0.15527777777777776,0.0039789129487024268,0.099472823717560666,0.040615856345002324,0.00047866245742083009,0.00047866245742083041,0.0048211510812469814,0.0046655744341064778,18,3870,1,2,0,1,2.0116097083333333
198,167.05057171317131,197.3800833513526,0.18155886164973789,0.49999984444180839,-1.5555819160573137e-07,12.859400196366375,0.14861111111111111,0.029444444444444443,0.040000000000000001,1,0,0,27906.0795758639,9.2603209342197898e-06,1,4,0.0050000000000000001,0.075000000000000011,1,1,1,0,1,1,0,12,0,0.040479395686906221,0.99558190750298503,0.98322479869696711,0.68525391488315623,0.59006897097322653,0.075000000000000011,1,0.99558190750298503,0.98322479869696711,0.99558190750298503,0.98322479869696722,0,0.44472222222222224,0.0039508519085506115,0.098771297713765291,0.040479395686906221,0.0004770542531424145,0.00047705425314241494,0.0047065918424589468,0.0046276378168504852,18,3888,1,2,0,1,1.8717201666666667
199,167.04846245000141,197.37220941302581,0.1815266451321004,0.499999841112509,-1.5888749099746136e-07,12.863293585467083,0.14861111111111111,0.029166666666666667,0.040000000000000001,1,0,0,27905.469242007988,-6.3271212806785954e-06,1,4,0.0050000000000000001,0.075000000000000011,1,1,1,0,1,1,0,13,0,0.040458296036010748,0.99463760107845334,0.99194462733224442,0.79209617375869856,0.59006897097322653,0.075000000000000011,1,0.99463760107845334,0.99194462733224442,0.99463760107845334,0.99194462733224431,0,0.20861111111111111,0.0039414190644059179,0.098535476610147943,0.040458296036010748,0.00047680559137193359,0.00047680559137193413,0.0046908883321939623,0.0046531014785353136,18,3906,1,2,0,1,1.5301642499999999
200,167.04695126175685,197.36580322614097,0.18149898418005558,0.4999998345245884,-1.6547541159539492e-07,12.866694725139963,0.14833333333333334,0.029166666666666667,0.040000000000000001,1,0,0,27904.879153495949,1.1869649715318426e-06,1,4,0.0050000000000000001,0.075000000000000011,1,1,1,0,1,1,0,14,0,0.038513573929420425,0.99165180192826197,0.99245888487843292,0.93118853133618629,0.59006897097322653,0.075000000000000011,1,0.99165180192826197,0.99245888487843292,0.99165180192826197,0.99245888487843315,0,0.27666666666666667,0.0054591380156055712,0.13647845039013928,0.038513573929420425,0.00045388682155371012,0.00045388682155370991,0.0047091734043456616,0.0046736609855760692,17,3923,1,2,0,1,1.7480981250000001
201,167.04561570257633,197.36140893005924,0.18148212450819418,0.49999983082619021,-1.691738097941986e-07,12.869149369296926,0.14833333333333334,0.029166666666666667,0.040000000000000001,1,0,0,27904.571063882067,-1.8841486197355862e-05,1,4,0.0050000000000000001,0.075000000000000011,1,1,1,0,1,1,0,15,0,0.038784259900703333,0.98023225741085629,0.99077068141535796,0.98044863654237835,0.59006897097322653,0.075000000000000011,1,0.98023225741085629,0.99077068141535796,0.98023225741085629,0.99077068141535796,0,0.49527777777777776,0.0053017465524808696,0.13254366381202173,0.038784259900703333,0.00045707688631814702,0.00045707688631814686,0.0047109551862874344,0.0046674762800352158,17,3940,1,2,0,1,1.8214531249999999
202,167.04535576090004,197.35885209910006,0.18146865682149926,0.49999984059994035,-1.5940005965164872e-07,12.871736617196817,0.14888888888888888,0.029999999999999999,0.040000000000000001,1,0,0,27904.533780993832,-3.1539254278211806e-05,1,4,0.0050000000000000001,0.075000000000000011,1,1,1,0,1,1,0,16,0,0.04078148114020478,0.97699810377987661,0.98838804940785163,0.98044863654237835,0.59006897097322653,0.075000000000000011,1,0.97699810377987661,0.98838804940785163,0.97699810377987661,0.98838804940785152,0,0.24083333333333334,0.0053572398327540738,0.13393099581885184,0.04078148114020478,0.00048061436435116824,0.00048061436435116819,0.0047441842991989714,0.0046890950655166267,18,3958,1,2,0,1,2.0683843333333334
203,167.04518449619979,197.35501783878669,0.1814469147015515,0.4999997879641927,-2.1203580730100313e-07,12.87693500580993,0.14861111111111111,0.029999999999999999,0.040000000000000001,1,0,0,27904.685237539332,-5.8380182152914727e-05,1,4,0.0050000000000000001,0.075000000000000011,1,1,1,0,1,1,0,17,0,0.051058361234290195,0.90270564327172242,0.9685729015265464,0.98044863654237835,0.60708953610599448,0.075000000000000011,1,0.90270564327172242,0.9685729015265464,0.90270564327172242,0.96857290152654629,0,0.26916666666666667,0.012971367746302486,0.32428419365756217,0.051058361234290195,0.00060172855775064888,0.00060172855775064888,0.0048881093587974092,0.0047344902646294729,18,3976,1,2,0,1,2.0900218333333331
204,167.04497485031121,197.34948684513446,0.18141528664348686,0.49999983960882721,-1.6039117278765502e-07,12.878892979843734,0.14833333333333334,0.029999999999999999,0.040000000000000001,1,0,0,27904.346932849101,-6.0258882023234009e-05,1,4,0.0050000000000000001,0.075000000000000011,1,1,1,0,1,1,0,18,0,0.040674425872073712,0.83075042958122802,0.96591707583911035,0.98044863654237835,0.71308225510459144,0.075000000000000011,1,0.83075042958122802,0.96591707583911035,0.83075042958122802,0.96591707583911024,0,0.54194444444444445,0.0076383347829676483,0.19095836957419121,0.040674425872073712,0.00047935270591688121,0.00047935270591688148,0.0048813584718479467,0.0047149875012498371,18,3994,1,2,0,1,2.2994847916666665
205,167.04511533042393,197.34343258373738,0.18137804983630804,0.49999984433817718,-1.5566182282045204e-07,12.881255358798629,0.14833333333333334,0.029722222222222223,0.040000000000000001,1,0,0,27904.336734476659,-8.9453955953856451e-05,1,4,0.0050000000000000001,0.075000000000000011,1,1,1,0,1,1,0,19,0,0.038964813002216027,0.98841602729766509,0.96683902429963509,0.98454052148578275,0.84434737506766289,0.075000000000000011,1,0.98841602729766509,0.96683902429963509,0.98841602729766509,0.96683902429963486,0,0.17999999999999999,0.0051085642866720536,0.12771410716680134,0.038964813002216027,0.00045920472502554514,0.00045920472502554563,0.0048506904108584596,0.0046898367840139893,18,4012,1,2,0,1,2.1811453333333333
206,167.0450373802272,197.33701301287425,0.1813401709366354,0.49999983931034331,-1.6068965669191471e-07,12.884339954612701,0.14861111111111111,0.029999999999999999,0.040000000000000001,1,0,0,27904.210235686252,-8.2204001104121813e-05,1,4,0.0050000000000000001,0.075000000000000011,1,1,1,0,1,1,0,20,1,0.038195133102689481,0.99638976120602707,0.96801604017465881,0.99003391461296353,0.94041671009780692,0.075000000000000011,1,0.99638976120602707,0.96801604017465881,0.99638976120602707,0.9680160401746587,0,0.1713888888888889,0.0036672891527961449,0.091682228819903622,0.038195133102689481,0.00045013396042057512,0.00045013396042057491,0.0048145203232718547,0.004660532898674039,18,4030,1,2,0,1,2.16422275
207,167.04510085622161,197.33030159138394,0.18129954473330703,0.49999989039488374,-1.0960511626079139e-07,12.886559666365773,0.14833333333333334,0.029999999999999999,0.02,2,1,1,27903.967214154833,-0.00010877448979141935,1,4,0.0050000000000000001,0.075000000000000011,1,0,0,0,0,0,0,0,0,0.011885165846158459,NaN,NaN,NaN,NaN,0.075000000000000011,207,0.94249114127219935,0.96624038096194664,0.94249114127219935,0.96624038096194675,0,0.27111111111111114,0.0012520860622256503,0.062604303111282511,0.011885165846158459,0.00014006802275575662,0.00014006802275575673,0.0044759258886067814,0.0043248203357648561,17,4047,1,2,0,1,3.5830462916666668
208,167.04451650086298,197.32433012286384,0.18126792938961531,0.49999989205695339,-1.0794304661221332e-07,12.886699742349531,0.14833333333333334,0.030277777777777778,0.02,2,0,0,27903.965331804317,-0.00011426967393258987,1,4,0.0050000000000000001,0.075000000000000011,1,1,1,0,0,0,0,0,0,0.011515562515378665,0.97739426154801601,NaN,NaN,NaN,0.075000000000000011,207,0.97739426154801601,0.96525717047138027,0.97739426154801601,0.96525717047138015,0,0.15972222222222221,0.0016217630800855552,0.081088154004277754,0.011515562515378665,0.00013571220573003117,0.00013571220573003088,0.0041345838411943978,0.0039909366996279949,17,4064,1,2,0,1,3.6548242083333333
209,167.04455032042901,197.32166152008003,0.18125171483638772,0.49999989179577098,-1.0820422902124704e-07,12.887108010127681,0.14833333333333334,0.030555555555555555,0.02,2,0,0,27903.970460340715,-0.00011203130465347894,1,4,0.0050000000000000001,0.075000000000000011,1,1,1,0,0,0,0,0,0,0.011615113393233647,0.99599577277536488,NaN,NaN,NaN,0.075000000000000011,207,0.99599577277536488,0.96421063526653661,0.99599577277536488,0.9642106352665365,0,0.091805555555555557,0.0022113118172933802,0.11056559086466901,0.011615113393233647,0.00013688542407677001,0.00013688542407677007,0.0037946636738992331,0.0036588550716332292,17,4081,1,2,0,1,3.6699597916666669
210,167.04447078623966,197.31933172043753,0.1812383300788174,0.49999989065568518,-1.0934431482478857e-07,12.887794030097915,0.14861111111111111,0.030555555555555555,0.02,2,0,0,27903.943627046468,-0.00011618944755989658,1,4,0.0050000000000000001,0.075000000000000011,1,1,1,0,0,0,0,0,0,0.012088982653539483,0.99190645255335597,NaN,NaN,NaN,0.075000000000000011,207,0.99190645255335597,0.96226297742920996,0.99190645255335597,0.96226297742920985,0,0.066805555555555562,0.0032869942611148976,0.16434971305574489,0.012088982653539483,0.00014247002686607185,0.00014247002686607163,0.0034832468792115948,0.0033517995131111529,17,4098,1,2,0,1,3.6751231249999998
211,167.04434124013386,197.31709720649567,0.18122586938065352,0.49999988961909153,-1.1038090846904325e-07,12.888652587389071,0.14861111111111111,0.030555555555555555,0.02,2,0,0,27903.90192382265,-0.00010759019252713802,1,4,0.0050000000000000001,0.075000000000000011,1,1,1,0,0,0,0,0,0,0.012455613853332307,0.9973818973378572,NaN,NaN,NaN,0.075000000000000011,207,0.9973818973378572,0.95873708930348855,0.9973818973378572,0.95873708930348822,0,0.024722222222222222,0.0039297908121329059,0.19648954060664528,0.012455613853332307,0.00014679081699220628,0.00014679081699220644,0.003172960809885654,0.0030420352113438116,17,4115,1,2,0,1,3.6745054166666669
212,167.04418186797923,197.31488276467309,0.18121373973155097,0.49999989048237659,-1.0951762341449012e-07,12.889548809862131,0.14861111111111111,0.030555555555555555,0.02,2,0,0,27903.844749158507,-9.6543461575902879e-05,1,4,0.0050000000000000001,0.075000000000000011,1,1,1,0,0,0,0,0,0,0.012156819584149518,0.99897656150149972,NaN,NaN,NaN,0.075000000000000011,207,0.99897656150149972,0.9527525980875553,0.99897656150149972,0.95275259808755497,0,0.045555555555555557,0.0035109410101488692,0.17554705050744346,0.012156819584149518,0.00014326949276022581,0.00014326949276022565,0.0028356159382947116,0.0027016404523887675,17,4132,1,2,0,1,3.7074362083333332
213,167.04400979671036,197.31276841883914,0.18120229907654478,0.49999989122626221,-1.0877373779472066e-07,12.890469165162594,0.14916666666666667,0.030555555555555555,0.02,2,0,0,27903.783398214491,-8.5110496485507468e-05,1,4,0.0050000000000000001,0.075000000000000011,1,1,1,0,0,0,0,0,0,0.011925283197320165,0.99927730075811416,NaN,NaN,NaN,0.075000000000000011,207,0.99927730075811416,0.97815135759357452,0.99927730075811416,0.97815135759357441,0,0.015833333333333335,0.0031671727691196241,0.15835863845598119,0.011925283197320165,0.00014054081027325136,0.00014054081027325109,0.0023744281908173142,0.0023225501583564109,17,4149,1,2,0,1,3.6682693749999999
214,167.04382928725909,197.31072287085763,0.18119132992066225,0.49999989183909455,-1.0816090545429091e-07,12.8914002288742,0.14916666666666667,0.030555555555555555,0.02,2,0,0,27903.719295203387,-7.4883264347236966e-05,1,4,0.0050000000000000001,0.075000000000000011,1,1,1,0,0,0,0,0,0,0.011741176856852921,0.99945742314804886,NaN,NaN,NaN,0.075000000000000011,207,0.99945742314804886,0.98149568391931707,0.99945742314804886,0.98149568391931719,0,0.014722222222222222,0.0028804301428788067,0.14402150714394032,0.011741176856852921,0.00013837109624318755,0.00013837109624318747,0.0020334465811436206,0.001995819042872955,17,4166,1,2,0,1,3.6393986250000001
215,167.04364627374699,197.30873084894574,0.18118069887914853,0.49999989231839598,-1.0768160402241378e-07,12.892339611230067,0.14916666666666667,0.030555555555555555,0.02,2,0,0,27903.655263196841,-6.168941616658169e-05,1,4,0.0050000000000000001,0.075000000000000011,1,1,1,0,0,0,0,0,0,0.011591680843368809,0.99957845415346613,NaN,NaN,NaN,0.075000000000000011,207,0.99957845415346613,0.98477100342780954,0.99957845415346613,0.98477100342780943,0,0.020833333333333332,0.0026379726668167274,0.13189863334083637,0.011591680843368809,0.00013660926882827138,0.00013660926882827143,0.0017108511249463465,0.0016847965790290104,17,4183,1,2,0,1,3.9881823333333335
216,167.04345713735353,197.30678376994018,0.18117038015863299,0.49999989273304529,-1.0726695470753e-07,12.893275150107609,0.14916666666666667,0.030555555555555555,0.02,2,0,0,27903.589974711402,-5.0842066759914612e-05,1,4,0.0050000000000000001,0.075000000000000011,1,1,1,0,0,0,0,0,0,0.011469379774412633,0.99964421339375886,0.99151959852588645,NaN,NaN,0.075000000000000011,207,0.99964421339375886,0.99151959852588645,0.99964421339375886,0.99151959852588656,0,0.011111111111111112,0.0024309610347872583,0.12154805173936291,0.011469379774412633,0.00013516793690818344,0.00013516793690818298,0.0013958851014339545,0.0013840474353620609,17,4200,1,2,0,1,3.6744318749999998
217,167.04326876643603,197.3048705177134,0.18116025850517734,0.49999989303504655,-1.0696495345019486e-07,12.894222202701192,0.14916666666666667,0.030833333333333334,0.02,2,0,0,27903.525035007719,-4.1346589587831431e-05,1,4,0.0050000000000000001,0.075000000000000011,1,1,1,0,0,0,0,0,0,0.011367095501115664,0.99967288996857762,0.99601714208499814,NaN,NaN,0.075000000000000011,207,0.99967288996857762,0.99601714208499814,0.99967288996857762,0.99601714208499803,0,0.017777777777777778,0.0022523211168751938,0.11261605584375969,0.011367095501115664,0.00013396250518723303,0.00013396250518723241,0.0013897795838654302,0.0013842442892497238,17,4217,1,2,0,1,3.6275848333333331
218,167.04308160951288,197.30298365052877,0.18115028619833981,0.49999989336622536,-1.0663377464359414e-07,12.895161563389571,0.14916666666666667,0.030833333333333334,0.02,2,0,0,27903.461982615092,-3.2898077523797002e-05,1,4,0.0050000000000000001,0.075000000000000011,1,1,1,0,0,0,0,0,0,0.011278127826176236,0.99973485600556944,0.9972403770565379,NaN,NaN,0.075000000000000011,207,0.99973485600556944,0.9972403770565379,0.99973485600556944,0.99724037705653801,0,0.050000000000000003,0.0020972738518411898,0.10486369259205949,0.011278127826176236,0.0001329140110829652,0.00013291401108296444,0.0013869813892183637,0.0013831538435545218,17,4234,1,2,0,1,3.597797125
219,167.04289069596848,197.30111459305243,0.18114044704935306,0.49999989358043689,-1.0641956310619705e-07,12.896117277142016,0.14888888888888888,0.030833333333333334,0.02,2,0,0,27903.396610447679,-2.7125440428640497e-05,1,4,0.0050000000000000001,0.075000000000000011,1,1,1,0,0,0,0,0,0,0.011204552881770512,0.99974870094350554,0.99727344136546758,NaN,NaN,0.075000000000000011,207,0.99974870094350554,0.99727344136546758,0.99974870094350554,0.99727344136546747,0,0.054166666666666669,0.0019615203347787226,0.098076016738936123,0.011204552881770512,0.00013204692204772002,0.00013204692204771927,0.0013821428871893127,0.0013783743935660891,17,4251,1,2,0,1,3.5798612916666666
220,167.04269772498728,197.29924336792308,0.18113060944902259,0.4999998937385719,-1.062614281011065e-07,12.897058381376352,0.14916666666666667,0.030555555555555555,0.02,2,0,0,27903.331809225849,-2.3810934871958683e-05,1,4,0.0050000000000000001,0.075000000000000011,1,1,1,0,0,0,0,0,0,0.011140424649061897,0.99974984510631493,0.99698668074332075,NaN,NaN,0.075000000000000011,207,0.99974984510631493,0.99698668074332075,0.99974984510631493,0.99698668074332086,0,0.025833333333333333,0.0018424196478625682,0.092120982393128409,0.011140424649061897,0.00013129116357749052,0.00013129116357749057,0.0013709640239007318,0.0013668328716072973,17,4268,1,2,0,1,3.5720076249999999
221,167.04250761209428,197.29739339834916,0.18112087886343695,0.49999989387805904,-1.0612194095704908e-07,12.898010305892186,0.14916666666666667,0.030555555555555555,0.02,2,0,0,27903.267965887077,-2.2650945560136698e-05,1,4,0.0050000000000000001,0.075000000000000011,1,1,1,0,0,0,0,0,0,0.011087696211243295,0.9997086026259081,0.99765304679303879,NaN,NaN,0.075000000000000011,207,0.9997086026259081,0.99765304679303879,0.9997086026259081,0.9976530467930389,0,0.015833333333333335,0.0017369473933015616,0.086847369665078084,0.011087696211243295,0.00013066975297844208,0.00013066975297844176,0.001354842959886967,0.0013516632068573315,17,4285,1,2,0,1,3.6973620833333332
222,167.04230964106554,197.29553321718686,0.18111114268671419,0.49999989403528949,-1.0596471050616785e-07,12.898970022213522,0.14916666666666667,0.030555555555555555,0.02,2,0,0,27903.200592407189,-2.2524917991869745e-05,1,4,0.0050000000000000001,0.075000000000000011,1,1,1,0,0,0,0,0,0,0.011043898453610985,0.99961261206476704,0.99810464847585434,NaN,NaN,0.075000000000000011,207,0.99961261206476704,0.99810464847585434,0.99961261206476704,0.99810464847585423,0,0.30861111111111111,0.0016433078185242578,0.082165390926212889,0.011043898453610985,0.00013015359145473256,0.00013015359145473251,0.0013417270585814737,0.0013391840141560038,17,4302,1,2,0,1,3.5667572083333332
223,167.04210634403546,197.29365526102197,0.18110133773505721,0.49999989415466883,-1.0584533116642092e-07,12.89994578209731,0.14916666666666667,0.030277777777777778,0.02,2,0,0,27903.131616954703,-2.2364154749631988e-05,1,4,0.0050000000000000001,0.075000000000000011,1,1,1,0,0,0,0,0,0,0.011013800682892429,0.99958152993900895,0.99838434658234443,NaN,NaN,0.075000000000000011,207,0.99958152993900895,0.99838434658234443,0.99958152993900895,0.99838434658234432,0,0.021944444444444444,0.0015598207911992497,0.077991039559962491,0.011013800682892429,0.00012979888582517106,0.00012979888582517103,0.0013309851341333939,0.0013288347234525824,17,4319,1,2,0,1,3.8879667916666665
224,167.04189852310745,197.29174169416692,0.18109135156216455,0.49999989419492569,-1.0580507431301456e-07,12.900931894065032,0.14944444444444444,0.030277777777777778,0.02,2,0,0,27903.063255976285,-2.1468090910619393e-05,1,4,0.0050000000000000001,0.075000000000000011,1,1,1,0,0,0,0,0,0,0.011000396578348863,0.99944025522596547,0.99848889477975056,NaN,NaN,0.075000000000000011,207,0.99944025522596547,0.99848889477975056,0.99944025522596547,0.99848889477975078,0,0.058611111111111114,0.0014850663431892057,0.074253317159460291,0.011000396578348863,0.00012964091693819626,0.00012964091693819615,0.0013222549548284027,0.0013202568884636608,17,4336,1,2,0,1,3.5211380416666667
225,167.04166800680022,197.28979001134724,0.18108129765152742,0.49999989414714341,-1.0585285659114874e-07,12.901969347236445,0.14944444444444444,0.030555555555555555,0.02,2,0,0,27902.985822935982,-2.1569922518392497e-05,1,4,0.0050000000000000001,0.075000000000000011,1,1,1,0,0,0,0,0,0,0.011026765552686474,0.99896724862799158,0.99832379006458893,NaN,NaN,0.075000000000000011,207,0.99896724862799158,0.99832379006458893,0.99896724862799158,0.99832379006458905,0,0.074722222222222218,0.0014175713401412054,0.070878567007060272,0.011026765552686474,0.00012995167828098057,0.00012995167828098059,0.0013155973642811117,0.0013133921469081031,17,4353,1,2,0,1,3.5379327916666665
226,167.04141514598803,197.2877905941653,0.18107111593698522,0.49999989385210142,-1.0614789858198748e-07,12.903044569420425,0.14972222222222223,0.030555555555555555,0.02,2,0,0,27902.903067815932,-2.1526859286148746e-05,1,4,0.0050000000000000001,0.075000000000000011,1,1,1,0,1,1,0,1,0,0.011129637010700473,0.9977940789765587,0.99760835695628924,0.99945742314804886,0.99760835695628924,0.075000000000000011,207,0.9977940789765587,0.99760835695628924,0.9977940789765587,0.99760835695628913,0,0.030277777777777778,0.0015042193535064082,0.0752109676753204,0.011129637010700473,0.00013116403004018466,0.00013116403004018477,0.0013115934574131132,0.0013084565940445147,17,4370,1,2,0,1,3.5163637083333334
227,167.04112966918052,197.28570574288645,0.18106065334689916,0.49999989299991893,-1.0700008107322745e-07,12.904239626827607,0.14972222222222223,0.030555555555555555,0.02,2,0,0,27902.810992591971,-2.1765748582179635e-05,1,4,0.0050000000000000001,0.075000000000000011,1,1,1,0,1,1,0,2,0,0.011461693359139609,0.99381729989213796,0.99535833048133104,0.99944883918700711,0.99744089916087841,0.075000000000000011,207,0.99381729989213796,0.99535833048133104,0.99381729989213796,0.99535833048133104,0,0.058888888888888886,0.0022362687879040914,0.11181343939520456,0.011461693359139609,0.00013507735163547393,0.00013507735163547364,0.0013127083038613548,0.0013066151457404179,17,4387,1,2,0,1,3.5254560416666667
228,167.04080216263145,197.28347264049228,0.18104960037498186,0.49999988978078636,-1.1021921364484655e-07,12.905638204918446,0.14999999999999999,0.030555555555555555,0.02,2,0,0,27902.717406906271,-2.2740071044776106e-05,1,4,0.0050000000000000001,0.075000000000000011,1,1,1,0,1,1,0,3,0,0.012545476319482817,0.98043165383712538,0.98806454367138863,0.99944883918700711,0.99727344136546758,0.075000000000000011,207,0.98043165383712538,0.98806454367138863,0.98043165383712538,0.98806454367138863,0,0.053611111111111109,0.0036981188677846079,0.18490594338923039,0.012545476319482817,0.00014784985631202582,0.00014784985631202595,0.0013276441490904162,0.0013117981103290112,17,4404,1,2,0,1,3.6062224583333333
229,167.04042368708409,197.28098806022868,0.18103740223859871,0.49999988924329752,-1.1075670247606695e-07,12.907000549957809,0.14999999999999999,0.030555555555555555,0.02,2,0,0,27902.595444880681,-2.3604607374146095e-05,1,4,0.0050000000000000001,0.075000000000000011,1,1,1,0,1,1,0,4,0,0.012662706913398276,0.99684412118201426,0.9827109477594097,0.99944883918700711,0.99725690921100274,0.075000000000000011,207,0.99684412118201426,0.9827109477594097,0.99684412118201426,0.98271094775940981,0,0.13027777777777777,0.0039712526587595979,0.19856263293797988,0.012662706913398276,0.00014923143211069496,0.00014923143211069534,0.0013448286591533924,0.0013215778462106465,17,4421,1,2,0,1,3.5505236666666669
230,167.04002386275323,197.27845591779899,0.18102507025436532,0.49999989086212476,-1.0913787523714191e-07,12.908171656928921,0.14999999999999999,0.030277777777777778,0.02,2,0,0,27902.456181125322,-2.4419299922236187e-05,1,4,0.0050000000000000001,0.075000000000000011,1,1,1,0,1,1,0,5,0,0.012035988993656816,0.99061599562819058,0.98178150545388487,0.99944883918700711,0.9972403770565379,0.075000000000000011,207,0.99061599562819058,0.98178150545388487,0.99061599562819058,0.98178150545388498,0,0.42333333333333334,0.0033228966731517528,0.16614483365758764,0.012035988993656816,0.00014184549059502306,0.00014184549059502268,0.0013553829861709245,0.0013306899486294722,17,4438,1,2,0,1,3.6952782083333333
231,167.03968913986972,197.27617191132776,0.18101376341846337,0.49999989226761715,-1.0773238284800257e-07,12.909273789665857,0.14972222222222223,0.029999999999999999,0.02,2,0,0,27902.336921879993,-2.5364787319696078e-05,1,4,0.0050000000000000001,0.075000000000000011,1,1,1,0,1,1,0,6,0,0.011616021893508225,0.99593029003723066,0.98305225745014402,0.99944883918700711,0.99711352889992932,0.075000000000000011,207,0.99593029003723066,0.98305225745014402,0.99593029003723066,0.98305225745014413,0,0.045277777777777778,0.0028407740832430742,0.14203870416215369,0.011616021893508225,0.00013689613085518442,0.00013689613085518393,0.0013616093640476667,0.0013385331590923138,17,4455,1,2,0,1,3.5745922083333332
232,167.03939783164887,197.27401732045172,0.18100292434767334,0.49999989326379629,-1.0673620370882375e-07,12.910369352819284,0.14999999999999999,0.029999999999999999,0.02,2,0,0,27902.234334876008,-2.6429533814948707e-05,1,4,0.0050000000000000001,0.075000000000000011,1,1,1,0,1,1,0,7,0,0.011327552098780733,0.99653845596738488,0.98517290107146505,0.99944883918700711,0.99698668074332075,0.075000000000000011,207,0.99653845596738488,0.98517290107146505,0.99653845596738488,0.98517290107146516,0,0.31388888888888888,0.002470431916268767,0.12352159581343834,0.011327552098780733,0.0001334964817215294,0.00013349648172152908,0.0013649522543144632,0.0013447139722070158,17,4472,1,2,0,1,3.6315776666666668
233,167.03913812462292,197.27192558077724,0.180992238080147,0.49999989389135424,-1.0610864575877343e-07,12.911477337345891,0.14999999999999999,0.029722222222222223,0.02,2,0,0,27902.142472851094,-2.7583933382011834e-05,1,4,0.0050000000000000001,0.075000000000000011,1,1,1,0,1,1,0,8,0,0.011155529591362965,0.99774860200752802,0.98714190088935494,0.99944883918700711,0.99650191141415945,0.075000000000000011,207,0.99774860200752802,0.98714190088935494,0.99774860200752802,0.98714190088935472,0,0.029722222222222223,0.002175930069912456,0.1087965034956228,0.011155529591362965,0.0001314691770296658,0.00013146917702966564,0.0013666225455189578,0.0013490503773818329,17,4489,1,2,0,1,3.6066349999999998
234,167.03889517340153,197.26986271779157,0.1809816061882327,0.49999989426607716,-1.0573392283941274e-07,12.912585302638032,0.14972222222222223,0.029999999999999999,0.02,2,0,0,27902.059312510795,-2.8793035081984532e-05,1,4,0.0050000000000000001,0.075000000000000011,1,1,1,0,1,1,0,9,0,0.011051434548774171,0.99895235168748542,0.98848863860305147,0.99920375192697852,0.99601714208499814,0.075000000000000011,207,0.99895235168748542,0.98848863860305147,0.99895235168748542,0.98848863860305125,0,0.01,0.0019345363422595639,0.096726817112978189,0.011051434548774171,0.00013024240518795849,0.00013024240518795801,0.0013672240337687196,0.0013514854238054141,17,4506,1,2,0,1,3.5924209166666667
235,167.03866888197004,197.2678179339278,0.18097096471307347,0.49999989444039411,-1.0555960588964908e-07,12.913698290066241,0.14944444444444444,0.029999999999999999,0.02,2,0,0,27901.983547657917,-3.0039921112130412e-05,1,4,0.0050000000000000001,0.075000000000000011,1,1,1,0,1,1,0,10,0,0.010985585448172087,0.99923828684067062,0.98889056664788677,0.99910276773433115,0.99568773628316465,0.075000000000000011,207,0.99923828684067062,0.98889056664788677,0.99923828684067062,0.98889056664788666,0,0.021944444444444444,0.0017316141701141752,0.086580708505708759,0.010985585448172087,0.00012946636609511235,0.00012946636609511265,0.0013667387215828518,0.0013515550288456747,17,4523,1,2,0,1,3.5855315833333332
236,167.03845012279879,197.2657924289289,0.18096038537180148,0.4999998944938831,-1.0550611689863487e-07,12.914833051068761,0.14944444444444444,0.029999999999999999,0.02,2,0,0,27901.909527235297,-3.1232809341217304e-05,1,4,0.0050000000000000001,0.075000000000000011,1,1,1,0,1,1,0,11,0,0.010957315231167421,0.99916887211268302,0.98811996046129713,0.99906806037033724,0.99568773628316465,0.075000000000000011,207,0.99916887211268302,0.98811996046129713,0.99916887211268302,0.98811996046129702,0,0.044166666666666667,0.0015580031064039521,0.077900155320197603,0.010957315231167421,0.00012913319839261877,0.00012913319839261912,0.0013647078899352862,0.0013484951062440753,17,4540,1,2,0,1,3.9069034166666667
237,167.03823464659152,197.2637506250725,0.1809496852168615,0.4999998943979746,-1.0560202540199626e-07,12.915998031593992,0.14972222222222223,0.030277777777777778,0.02,2,0,0,27901.837969663098,-3.2331804599230245e-05,1,4,0.0050000000000000001,0.075000000000000011,1,1,1,0,1,1,0,12,0,0.010983455458764432,0.99869471736773119,0.9864336666618132,0.99895980015773844,0.99212444856460891,0.075000000000000011,207,0.99869471736773119,0.9864336666618132,0.99869471736773119,0.98643366666181331,0,0.029166666666666667,0.0014075191479309339,0.070375957396546687,0.010983455458764432,0.00012944126392921219,0.00012944126392921146,0.001359071802229024,0.0013406341811294548,17,4557,1,2,0,1,3.5885304583333335
238,167.03801646049868,197.26168776663221,0.18093887814622636,0.4999998939746752,-1.0602532479753179e-07,12.917228258743069,0.14972222222222223,0.030555555555555555,0.02,2,0,0,27901.766241404668,-3.3260027934685174e-05,1,4,0.0050000000000000001,0.075000000000000011,1,1,1,0,1,1,0,13,0,0.01112117971669031,0.99728159314850184,0.98728842740048206,0.9988235345276083,0.98868960262546912,0.075000000000000011,207,0.99728159314850184,0.98728842740048206,0.99728159314850184,0.98728842740048195,0,0.057777777777777775,0.0015833571844030077,0.079167859220150377,0.01112117971669031,0.00013106435987443341,0.00013106435987443282,0.0013422863057914306,0.0013252237359660242,17,4574,1,2,0,1,3.5616879166666666
239,167.03779852674026,197.25956083961745,0.18092768570605375,0.49999989289289776,-1.0710710224293152e-07,12.918571231271029,0.14972222222222223,0.030555555555555555,0.02,2,0,0,27901.698223615618,-3.4000500135475291e-05,1,4,0.0050000000000000001,0.075000000000000011,1,1,1,0,1,1,0,14,0,0.011522239375057579,0.99330318415907703,0.98827620689353812,0.99824439817214494,0.9883824227482948,0.075000000000000011,207,0.99330318415907703,0.98827620689353812,0.99330318415907703,0.98827620689353801,0,0.020555555555555556,0.002370001062635452,0.1185000531317726,0.011522239375057579,0.00013579089327596435,0.00013579089327596426,0.0013288457669566995,0.0013132666541145015,17,4591,1,2,0,1,3.5737006249999999
240,167.03758853506875,197.25733399685026,0.1809158389247042,0.49999988997669559,-1.1002330441156616e-07,12.920130659373882,0.14999999999999999,0.030555555555555555,0.02,2,0,0,27901.640894492681,-3.4344846390022327e-05,1,4,0.0050000000000000001,0.075000000000000011,1,1,1,0,1,1,0,15,0,0.01254595889926299,0.98538039784589626,0.98383527972358564,0.99777134049204341,0.98819808367741757,0.075000000000000011,207,0.98538039784589626,0.98383527972358564,0.98538039784589626,0.98383527972358553,0,0.051111111111111114,0.0036646918579665384,0.18323459289832691,0.01254595889926299,0.00014785554356927622,0.00014785554356927611,0.001334855819930953,0.0013132782489924254,17,4608,1,2,0,1,3.5507749166666667
241,167.03738235760886,197.2549027056923,0.18090274118036054,0.49999989236475839,-1.0763524160850579e-07,12.921523778194398,0.14999999999999999,0.030555555555555555,0.02,2,0,0,27901.561619883643,-3.4128699086383288e-05,1,4,0.0050000000000000001,0.075000000000000011,1,1,1,0,1,1,0,16,0,0.01172655405117929,0.98812369026515745,0.98430945828951166,0.99751509757801493,0.98809225206634288,0.075000000000000011,207,0.98812369026515745,0.98430945828951166,0.98812369026515745,0.98430945828951155,0,0.50944444444444448,0.002711287616772183,0.13556438083860914,0.01172655405117929,0.00013819876482565761,0.0001381987648256572,0.0013361584539014263,0.0013151934039486643,17,4625,1,2,0,1,3.5475119166666667
242,167.03719323888149,197.25255052993839,0.18088999644435855,0.49999989370832759,-1.0629167240816528e-07,12.922782616689071,0.14972222222222223,0.030555555555555555,0.02,2,0,0,27901.493465651642,-3.3570654291500176e-05,1,4,0.0050000000000000001,0.075000000000000011,1,1,1,0,1,1,0,17,0,0.011268687315410428,0.99382826600100505,0.98596433408228468,0.997062857165258,0.98767648553593534,0.075000000000000011,207,0.99382826600100505,0.98596433408228468,0.99382826600100505,0.98596433408228468,0,0.030833333333333334,0.0023986283810004268,0.11993141905002135,0.011268687315410428,0.00013280275359662576,0.00013280275359662589,0.0013354647257765233,0.0013167205890406307,17,4642,1,2,0,1,3.5508606249999999
243,167.03701906842144,197.25026963768451,0.18087757275461891,0.49999989436157483,-1.0563842517408162e-07,12.923945099307041,0.14972222222222223,0.030277777777777778,0.02,2,0,0,27901.432915743877,-3.2763006002646159e-05,1,4,0.0050000000000000001,0.075000000000000011,1,1,1,0,1,1,0,18,0,0.011027611944593922,0.99756054869134814,0.98759726495200184,0.997062857165258,0.9874428461762419,0.075000000000000011,207,0.99756054869134814,0.98759726495200184,0.99756054869134814,0.98759726495200184,0,0.025833333333333333,0.0021354390630733224,0.10677195315366612,0.011027611944593922,0.00012996165310526887,0.00012996165310526824,0.0013339572018521257,0.0013174124841121848,17,4659,1,2,0,1,3.520464875
244,167.03685508082017,197.2480514121369,0.18086545221830924,0.49999989477505863,-1.0522494137132909e-07,12.925023899137944,0.14972222222222223,0.030277777777777778,0.02,2,0,0,27901.37633551193,-3.1761112477665416e-05,1,4,0.0050000000000000001,0.075000000000000011,1,1,1,0,1,1,0,19,0,0.010873732604920352,0.99880288389326188,0.98889103440420256,0.997062857165258,0.9874428461762419,0.075000000000000011,207,0.99880288389326188,0.98889103440420256,0.99880288389326188,0.98889103440420267,0,0.046388888888888889,0.0019115005853263976,0.095575029266319875,0.010873732604920352,0.00012814816769580737,0.00012814816769580727,0.0013318629643599752,0.0013170673445105834,17,4676,1,2,0,1,3.5084887916666667
245,167.03670524546118,197.24592777747375,0.18085379789801281,0.49999989510527915,-1.0489472085373208e-07,12.926043514365185,0.14972222222222223,0.029999999999999999,0.02,2,0,0,27901.323221071012,-3.061091338446149e-05,1,4,0.0050000000000000001,0.075000000000000011,1,1,1,0,1,1,0,20,1,0.010765240752020133,0.99931817065532469,0.9896484888105852,0.997062857165258,0.9874428461762419,0.075000000000000011,207,0.99931817065532469,0.9896484888105852,0.99931817065532469,0.98964848881058531,0,0.034722222222222224,0.0017196709461358274,0.085983547306791364,0.010765240752020133,0.0001268695789476534,0.00012686957894765376,0.0013292661772125163,0.0013155062635053904,17,4693,1,2,0,1,3.5927566666666668
246,167.0365790116482,197.24379874037294,0.18084194436607956,0.49999975411319136,-2.4588680863635304e-07,12.918867381288122,0.14972222222222223,0.029999999999999999,0.01,3,1,1,27901.592257508506,-2.9385507265388996e-05,1,4,0.0050000000000000001,0.075000000000000011,1,0,0,0,0,0,0,0,0,0.0040268229342347896,NaN,NaN,NaN,NaN,0.075000000000000011,246,0.74075143302008506,0.98066297284279569,0.74075143302008506,0.98066297284279569,0,0.49249999999999999,0.00044451310561311103,0.044451310561311103,0.0040268229342347896,4.7456563390582174e-05,4.7456563390582756e-05,0.00124758954221048,0.0012234648693517118,17,4710,1,2,0,1,5.6404293333333335
247,167.03766289304403,197.24395261943033,0.18083520329021668,0.49999983195219316,-1.6804780683665754e-07,12.924426415511656,0.14972222222222223,0.029999999999999999,0.01,3,0,0,27899.864480074772,-2.6961903972892335e-05,1,4,0.0050000000000000001,0.075000000000000011,1,1,1,0,0,0,0,0,0,0.0033485428842810663,0.5465644064417684,NaN,NaN,NaN,0.075000000000000011,246,0.5465644064417684,0.97195662022931528,0.5465644064417684,0.97195662022931539,0,0.53333333333333333,0.00034959082377443223,0.034959082377443225,0.0033485428842810663,3.9462956342818375e-05,3.9462956342818707e-05,0.0011576112346240871,0.0011251479031447126,15,4725,1,2,0,1,4.8539627916666666
248,167.03459590144439,197.2400458432929,0.18083349607209914,0.4999996544721888,-3.4552781119634446e-07,12.920737880414032,0.14972222222222223,0.029999999999999999,0.01,3,0,0,27901.589295794751,-3.0547613754242271e-05,1,4,0.0050000000000000001,0.075000000000000011,1,1,1,0,0,0,0,0,0,0.003089467144371342,0.67498018403133098,NaN,NaN,NaN,0.075000000000000011,246,0.67498018403133098,0.96668234318940316,0.67498018403133098,0.96668234318940305,0,0.65555555555555556,0.00040231923984862235,0.040231923984862236,0.003089467144371342,3.640971946730024e-05,3.6409719467300064e-05,0.0010629565942169542,0.0010275413712062728,17,4742,1,2,0,1,5.4274758749999998
249,167.03668014307505,197.24150527137311,0.18082749910035428,0.49999945322172701,-5.4677827299176585e-07,12.92192948448829,0.14972222222222223,0.029999999999999999,0.01,3,0,0,27900.051275888211,-2.7772948254174104e-05,1,4,0.0050000000000000001,0.075000000000000011,1,1,1,0,0,0,0,0,0,0.0031482347845151158,0.88246910814628376,NaN,NaN,NaN,0.075000000000000011,246,0.88246910814628376,0.96093947501964472,0.88246910814628376,0.96093947501964461,0,0.61722222222222223,0.00039407940732203345,0.039407940732203342,0.0031482347845151158,3.7102302748300128e-05,3.7102302748299518e-05,0.00096426800368928944,0.00092660318924342661,18,4760,1,2,0,1,5.8705914999999997
250,167.03506324738879,197.23922840632014,0.18082529842370398,0.49999952488571842,-4.7511428158397706e-07,12.922036105561926,0.14972222222222223,0.029999999999999999,0.01,3,0,0,27901.512778718894,-3.046003247572026e-05,1,4,0.0050000000000000001,0.075000000000000011,1,1,1,0,0,0,0,0,0,0.0029417456702778028,0.84950758994686648,NaN,NaN,NaN,0.075000000000000011,246,0.84950758994686648,0.96052166610514633,0.84950758994686648,0.96052166610514633,0,0.38583333333333331,0.00034716013846351025,0.034716013846351021,0.0029417456702778028,3.466880519966e-05,3.4668805199660292e-05,0.00085108126531967363,0.00081748199495572903,17,4777,1,2,0,1,5.6354488333333332
251,167.03625073913676,197.23979743159745,0.18082031031473558,0.49999939597607662,-6.0402392337843835e-07,12.924611667278931,0.14972222222222223,0.029999999999999999,0.01,3,0,0,27900.817842427936,-2.7997316588221438e-05,1,4,0.0050000000000000001,0.075000000000000011,1,1,1,0,0,0,0,0,0,0.0032442558571138072,0.94940146464121167,NaN,NaN,NaN,0.075000000000000011,246,0.94940146464121167,0.95601822046592233,0.94940146464121167,0.95601822046592222,0,0.15694444444444444,0.00039385366089219584,0.039385366089219581,0.0032442558571138072,3.8233921941155801e-05,3.8233921941156161e-05,0.00075111642243517259,0.0007180809855392037,23,4800,1,2,0,1,7.7968476249999998
252,167.03565381696308,197.23908385949579,0.18082025814458449,0.49999942173364981,-5.7826635019297967e-07,12.923910186550403,0.14972222222222223,0.029999999999999999,0.01,3,0,0,27900.961457193756,-2.7884410825545376e-05,1,4,0.0050000000000000001,0.075000000000000011,1,1,1,0,0,0,0,0,0,0.0030753499332077851,0.94419570853545054,NaN,NaN,NaN,0.075000000000000011,246,0.94419570853545054,0.95164994922533519,0.94419570853545054,0.95164994922533497,0,0.5675,0.00038923048178885573,0.038923048178885575,0.0030753499332077851,3.6243346538213678e-05,3.6243346538213861e-05,0.00065455701537676058,0.00062290915044838112,23,4823,1,2,0,1,7.5475981250000004
253,167.03606716615349,197.23906749397017,0.18081723809848366,0.49999948876406147,-5.112359385273102e-07,12.922474013969554,0.14972222222222223,0.029999999999999999,0.01,3,0,0,27901.242952186385,-2.7135928512612443e-05,1,4,0.0050000000000000001,0.075000000000000011,1,1,1,0,0,0,0,0,0,0.0029266747861774354,0.96477525633637506,NaN,NaN,NaN,0.075000000000000011,246,0.96477525633637506,0.94380097042182809,0.96477525633637506,0.94380097042182798,0,0.24694444444444444,0.00034585891332961397,0.034585891332961395,0.0029266747861774354,3.4491193127229228e-05,3.4491193127229445e-05,0.00055908655539872178,0.00052766643353511079,18,4841,1,2,0,1,5.8036342083333334
254,167.03680226680154,197.23960201716343,0.18081524155449352,0.4999993165361778,-6.8346382220418889e-07,12.923484323952058,0.14944444444444444,0.029999999999999999,0.01,3,0,0,27899.933835584074,-2.5273771078868409e-05,1,4,0.0050000000000000001,0.075000000000000011,1,1,1,0,0,0,0,0,0,0.0030379900398048915,0.80486406248142195,NaN,NaN,NaN,0.075000000000000011,246,0.80486406248142195,0.9316767746514012,0.80486406248142195,0.9316767746514012,0,0.28611111111111109,0.00035555563483228458,0.035555563483228456,0.0030379900398048915,3.5803055972053804e-05,3.5803055972053905e-05,0.00046674144367496846,0.00043485216283923326,18,4859,1,2,0,1,5.7482715833333335
255,167.03455469199332,197.23678683362803,0.18081427640721834,0.49999927638178532,-7.2361821468192034e-07,12.915534391102065,0.14944444444444444,0.029999999999999999,0.01,3,0,0,27902.518966588766,-2.7995974403316815e-05,1,4,0.0050000000000000001,0.075000000000000011,1,1,1,0,0,0,0,0,0,0.0037536295495678436,0.6599176603503133,0.9076323380109611,NaN,NaN,0.075000000000000011,246,0.6599176603503133,0.9076323380109611,0.6599176603503133,0.9076323380109611,0,0.33305555555555555,0.00037642536542776308,0.037642536542776307,0.0037536295495678436,4.423694847602713e-05,4.4236948476027673e-05,0.00038410881320334242,0.00034862958017836519,19,4878,1,2,0,1,6.159109833333333
256,167.03881495239213,197.24048930739741,0.18080632554543138,0.49999904945399054,-9.505460094594298e-07,12.92462867430865,0.14944444444444444,0.029999999999999999,0.01,3,0,0,27899.776512457887,-2.1343834923009258e-05,1,4,0.0050000000000000001,0.075000000000000011,1,1,1,0,0,0,0,0,0,0.0041826080320779124,0.28209363297718693,0.90410396504524704,NaN,NaN,0.075000000000000011,246,0.28209363297718693,0.90410396504524704,0.28209363297718693,0.90410396504524704,0,0.71305555555555555,0.00037626428595585986,0.037626428595585987,0.0041826080320779124,4.9292508375460206e-05,4.9292508375460423e-05,0.00038594475818822004,0.00034893418616639883,31,4909,1,2,0,1,10.33250825
257,167.03439909880709,197.23666067426626,0.18081462105056223,0.49999970261714938,-2.9738285062252956e-07,12.916110867998798,0.14916666666666667,0.029999999999999999,0.01,3,0,0,27902.591068578113,-2.6714435828993716e-05,1,4,0.0050000000000000001,0.075000000000000011,1,1,1,0,0,0,0,0,0,0.0037977045586859294,0.13273743529885018,0.88952906295046219,NaN,NaN,0.075000000000000011,246,0.13273743529885018,0.88952906295046219,0.13273743529885018,0.88952906295046208,0,0.73916666666666664,0.00032459598500604857,0.032459598500604855,0.0037977045586859294,4.475637743983142e-05,4.475637743983121e-05,0.00039123817928523252,0.00034801773101003782,17,4926,1,2,0,1,5.411722208333333
258,167.03896762396136,197.24034044604554,0.18080435512552739,0.49999932810187603,-6.7189812397172588e-07,12.911345202819716,0.14944444444444444,0.029999999999999999,0.01,3,0,0,27902.433501800071,-9.86929691817262e-06,1,4,0.0050000000000000001,0.075000000000000011,1,1,1,0,0,0,0,0,0,0.0034602688397722889,0.88209039934769107,0.88418976427097185,NaN,NaN,0.075000000000000011,246,0.88209039934769107,0.88418976427097185,0.88209039934769107,0.88418976427097162,0,0.16222222222222221,0.00034696194610124977,0.034696194610124978,0.0034602688397722889,4.0779659355524874e-05,4.0779659355525105e-05,0.00039560811917345754,0.00034979264963566197,18,4944,1,2,0,1,5.9645712083333331
259,167.04012361880493,197.24111659049657,0.18080082986894833,0.49999948595076837,-5.1404923162579053e-07,12.918028482633295,0.14944444444444444,0.029999999999999999,0.01,3,0,0,27900.671615931005,-6.2094395893815516e-06,1,4,0.0050000000000000001,0.075000000000000011,1,1,1,0,0,0,0,0,0,0.0033354908368524068,0.53676115771245736,0.87190105239917759,NaN,NaN,0.075000000000000011,246,0.53676115771245736,0.87190105239917759,0.53676115771245736,0.87190105239917748,0,0.65055555555555555,0.00030129469581443869,0.030129469581443868,0.0033354908368524068,3.9309136488732147e-05,3.9309136488731964e-05,0.00039781495291389002,0.00034685527610575,18,4962,1,2,0,1,5.8185737499999997
260,167.03704573157225,197.23773750990293,0.18080235821976312,0.49999914376400872,-8.5623599127560013e-07,12.915913246891769,0.14944444444444444,0.029999999999999999,0.01,3,0,0,27902.417800625579,1.9166558721402071e-06,1,4,0.0050000000000000001,0.075000000000000011,1,1,1,0,0,0,0,0,0,0.003115750190578811,0.70429912330709621,0.8747115873477207,NaN,NaN,0.075000000000000011,246,0.70429912330709621,0.8747115873477207,0.70429912330709621,0.8747115873477207,0,0.72083333333333333,0.00032759353647955625,0.032759353647955625,0.003115750190578811,3.6719468137359253e-05,3.6719468137359198e-05,0.00039986561585158892,0.00034976708756731724,19,4981,1,2,0,1,6.470598083333333
261,167.03855760371817,197.2386911602091,0.1807973798967879,0.49999965337743651,-3.4662256348516607e-07,12.912930435226791,0.14944444444444444,0.030555555555555555,0.01,3,0,0,27902.423465947901,5.6195026147078617e-06,1,4,0.0050000000000000001,0.075000000000000011,1,1,1,0,0,0,0,0,0,0.0029469811006617558,0.98082894298295009,0.87815155007116752,NaN,NaN,0.075000000000000011,246,0.98082894298295009,0.87815155007116752,0.98082894298295009,0.87815155007116741,0,0.065555555555555561,0.00028247803086006755,0.028247803086006756,0.0029469811006617558,3.4730505338442052e-05,3.4730505338441917e-05,0.00039636219924887465,0.00034806607966001622,16,4997,1,2,0,1,5.4431726666666664
262,167.04002415313016,197.23969503180075,0.18079302270086911,0.49999955969505655,-4.4030494344982074e-07,12.913205900847306,0.14944444444444444,0.030555555555555555,0.01,3,0,0,27902.328803780161,1.4039976007212581e-05,1,4,0.0050000000000000001,0.075000000000000011,1,1,1,0,0,0,0,0,0,0.0029581810980903881,0.91893546390379133,0.87715563027391452,NaN,NaN,0.075000000000000011,246,0.91893546390379133,0.87715563027391452,0.91893546390379133,0.87715563027391452,0,0.56166666666666665,0.00031499344854944505,0.031499344854944503,0.0029581810980903881,3.4862498573959677e-05,3.4862498573959386e-05,0.00039498135128462019,0.00034646011613250345,19,5016,1,2,0,1,6.1392615416666665
263,167.04008878259484,197.23916404237218,0.1807893870260204,0.49999950967578377,-4.9032421622907663e-07,12.917345289099794,0.14944444444444444,0.030555555555555555,0.01,3,0,0,27900.926309259899,2.0847470222790995e-05,1,4,0.0050000000000000001,0.075000000000000011,1,1,1,0,0,0,0,0,0,0.0030342620746709997,0.93023058126016012,0.87168866701648873,NaN,NaN,0.075000000000000011,246,0.93023058126016012,0.87168866701648873,0.93023058126016012,0.87168866701648873,0,0.20305555555555554,0.00028846338201255341,0.028846338201255341,0.0030342620746709997,3.5759121481617105e-05,3.5759121481617234e-05,0.00039624927963900796,0.00034540600637477075,18,5034,1,2,0,1,5.8168931666666666
264,167.0375864303368,197.23639222524332,0.18079048219186861,0.49999917552095163,-8.2447904836691066e-07,12.918081957218835,0.14944444444444444,0.030555555555555555,0.01,3,0,0,27902.309365157937,2.0393453312727842e-05,1,4,0.0050000000000000001,0.075000000000000011,1,1,1,0,0,0,0,0,0,0.0031551839489738242,0.91039476792745111,0.87803687065236558,NaN,NaN,0.075000000000000011,246,0.91039476792745111,0.87803687065236558,0.91039476792745111,0.87803687065236569,0,0.24722222222222223,0.00031859303951181064,0.031859303951181063,0.0031551839489738242,3.7184199436839014e-05,3.7184199436838621e-05,0.00039763042310379272,0.00034913417237823026,25,5059,1,2,0,1,8.1565814999999997
265,167.03827452712167,197.23694824796274,0.18078894676284371,0.49999936133246264,-6.386675373559747e-07,12.920529302492032,0.14972222222222223,0.030555555555555555,0.01,3,0,0,27900.550799262637,3.407781630030998e-05,1,4,0.0050000000000000001,0.075000000000000011,1,1,1,0,1,1,0,1,0,0.002829080852053076,0.91325578348682679,0.89012458102009584,0.88209039934769107,0.87815155007116752,0.075000000000000011,246,0.91325578348682679,0.89012458102009584,0.91325578348682679,0.89012458102009562,0,0.28000000000000003,0.00028925378291092419,0.028925378291092419,0.002829080852053076,3.3341037583529094e-05,3.3341037583528647e-05,0.00038673451221129368,0.00034424189564808891,18,5077,1,2,0,1,5.7898199166666666
266,167.03622287384098,197.23471989883126,0.18079010950695754,0.49999915926831678,-8.4073168321596725e-07,12.918564857178493,0.14972222222222223,0.030555555555555555,0.01,3,0,0,27902.23890002137,2.2737890753770805e-05,1,4,0.0050000000000000001,0.075000000000000011,1,1,1,0,1,1,0,2,0,0.0031518639619387877,0.86192835928270506,0.9179186766656624,0.87200937931519806,0.88117065717106968,0.075000000000000011,246,0.86192835928270506,0.9179186766656624,0.86192835928270506,0.91791867666566263,0,0.74916666666666665,0.00032140838927767674,0.032140838927767673,0.0031518639619387877,3.7145073014406916e-05,3.7145073014406286e-05,0.00037458707685023962,0.00034384047387843073,25,5102,1,2,0,1,8.0562630833333326
267,167.03819313337075,197.23648180953919,0.18078672972747478,0.49999973198985775,-2.6801014224586694e-07,12.913073543032114,0.14972222222222223,0.030555555555555555,0.01,3,0,0,27901.629093361349,3.8071392909639796e-05,1,4,0.0050000000000000001,0.075000000000000011,1,1,1,0,1,1,0,3,0,0.0038468569507981594,0.84243168416982572,0.92915216423690217,0.87200937931519806,0.88418976427097185,0.075000000000000011,246,0.84243168416982572,0.92915216423690217,0.84243168416982572,0.92915216423690206,0,0.25861111111111112,0.00035196248698767549,0.03519624869876755,0.0038468569507981594,4.5335643936066394e-05,4.5335643936066143e-05,0.00037516634334647443,0.00034858661986922145,20,5122,1,2,0,1,6.2588710833333332
268,167.03944524516615,197.23755872003659,0.1807843257055137,0.49999916851570098,-8.3148429902424326e-07,12.918974520703186,0.14972222222222223,0.030555555555555555,0.01,3,0,0,27902.020308227904,2.4850883402279036e-05,1,4,0.0050000000000000001,0.075000000000000011,1,1,1,0,1,1,0,4,0,0.0037308923570416432,0.40118540310505479,0.92098246769276637,0.87200937931519806,0.88685941361071707,0.075000000000000011,246,0.40118540310505479,0.92098246769276637,0.40118540310505479,0.92098246769276648,0,0.71999999999999997,0.00032997062195015182,0.032997062195015178,0.0037308923570416432,4.3968988092353458e-05,4.3968988092353533e-05,0.00037835567208330289,0.00034845894054083543,31,5153,1,2,0,1,10.099072124999999
269,167.03775011729707,197.23600684027568,0.18078701791524865,0.49999978833827258,-2.116617274228183e-07,12.912183847785483,0.14972222222222223,0.030555555555555555,0.01,3,0,0,27902.809464701491,2.0344190940929812e-05,1,4,0.0050000000000000001,0.075000000000000011,1,1,1,0,1,1,0,5,0,0.0036193678439371815,0.33694739809818824,0.91638449270199207,0.85571797461478583,0.88952906295046219,0.075000000000000011,246,0.33694739809818824,0.91638449270199207,0.33694739809818824,0.91638449270199196,0,0.5919444444444445,0.0002895722247967849,0.028957222479678489,0.0036193678439371815,4.265465910094191e-05,4.2654659100941965e-05,0.00038170119469551288,0.00034978505566479187,17,5170,1,2,0,1,5.5364083333333332
270,167.04081688216601,197.23833389149527,0.18077927043802236,0.4999997732984876,-2.2670151239578828e-07,12.915949065877513,0.14972222222222223,0.030555555555555555,0.01,3,0,0,27902.225399058301,2.5783002184194256e-05,1,4,0.0050000000000000001,0.075000000000000011,1,1,1,0,1,1,0,6,0,0.0026894333970465122,0.55813440610045006,0.90993129310676568,0.85218002172626539,0.88982682198527896,0.075000000000000011,246,0.55813440610045006,0.90993129310676568,0.55813440610045006,0.90993129310676546,0,0.65722222222222226,0.00024478722559127488,0.024478722559127489,0.0026894333970465122,3.1695276543352685e-05,3.169527654335303e-05,0.00037667700310150669,0.00034275019251573519,16,5186,1,2,0,1,5.1300775833333336
271,167.03971031761785,197.23693383046259,0.18077871097493045,0.49999984684927085,-1.5315072915411676e-07,12.9203465535214,0.14972222222222223,0.030555555555555555,0.01,3,0,0,27901.084748074634,2.1849689505953696e-05,1,4,0.0050000000000000001,0.075000000000000011,1,1,1,0,1,1,0,7,0,0.0027155935668368423,0.96947562992747871,0.90765306055487516,0.85218002172626539,0.89012458102009584,0.075000000000000011,246,0.96947562992747871,0.90765306055487516,0.96947562992747871,0.90765306055487505,0,0.10138888888888889,0.00024809600263049565,0.024809600263049566,0.0027155935668368423,3.2003577100948252e-05,3.2003577100948665e-05,0.00037395007486401349,0.00033941692994504652,15,5201,1,2,0,1,4.7939995416666665
272,167.0373233441255,197.2344063707898,0.18078045326704104,0.49999930429193939,-6.9570806060514911e-07,12.919234922617962,0.14972222222222223,0.030555555555555555,0.01,3,0,0,27902.100655286809,1.1296935067053145e-05,1,4,0.0050000000000000001,0.075000000000000011,1,1,1,0,1,1,0,8,0,0.0031303372985319734,0.83463300912846938,0.90487891132541642,0.83853234664914755,0.89711427303267144,0.075000000000000011,246,0.83463300912846938,0.90487891132541642,0.83463300912846938,0.90487891132541642,0,0.62027777777777782,0.00032094005468097939,0.032094005468097937,0.0031303372985319734,3.6891378853218941e-05,3.6891378853219083e-05,0.00037597895514327324,0.00034021542761131267,32,5233,1,2,0,1,10.337386166666667
273,167.0379981473566,197.23539296009284,0.1807815895045442,0.49999973094606076,-2.6905393923915e-07,12.913488689496072,0.14972222222222223,0.030555555555555555,0.01,3,0,0,27901.710250348449,5.5785942166858388e-06,1,4,0.0050000000000000001,0.075000000000000011,1,1,1,0,1,1,0,9,0,0.0038788425485219557,0.77857335395844351,0.89586633022932982,0.81974853580494567,0.89586633022932982,0.075000000000000011,246,0.77857335395844351,0.89586633022932982,0.77857335395844351,0.89586633022932993,0,0.32972222222222225,0.00034859877572855451,0.034859877572855448,0.0038788425485219557,4.571259782024641e-05,4.5712597820246518e-05,0.00038593243148190258,0.00034574387110817434,20,5253,1,2,0,1,6.3051005833333331
274,167.03952699785415,197.23685613916388,0.18077954172905225,0.4999990622114347,-9.3778856530279953e-07,12.919000837117272,0.14972222222222223,0.030555555555555555,0.01,3,0,0,27902.058548954759,9.5231196028758889e-06,1,4,0.0050000000000000001,0.075000000000000011,1,1,1,0,1,1,0,10,0,0.0036594019938429286,0.40861316554530114,0.88030706558285765,0.80660318154345645,0.89299545562471283,0.075000000000000011,246,0.40861316554530114,0.88030706558285765,0.40861316554530114,0.88030706558285787,0,0.69916666666666671,0.00032841685205399891,0.032841685205399887,0.0036594019938429286,4.312646608223179e-05,4.3126466082232108e-05,0.000391874698127296,0.00034497006558460811,31,5284,1,2,0,1,9.9267838333333334
275,167.03773827110101,197.2347482040434,0.18077956661465849,0.49999911451161749,-8.8548838250712691e-07,12.923036318342756,0.14972222222222223,0.030555555555555555,0.01,3,0,0,27900.360996589501,1.1023348535686101e-07,1,4,0.0050000000000000001,0.075000000000000011,1,1,1,0,1,1,0,11,0,0.0028485821331466986,0.84741783920124469,0.87637918697228989,0.83853234664914755,0.88982682198527896,0.075000000000000011,246,0.84741783920124469,0.87637918697228989,0.84741783920124469,0.87637918697228989,0,0.27750000000000002,0.00027966578706068883,0.027966578706068883,0.0028485821331466986,3.3570862385247854e-05,3.3570862385248145e-05,0.00039210452292901546,0.00034363224301268817,18,5302,1,2,0,1,5.710102833333333
276,167.03535769497194,197.2327649335995,0.18078452164464434,0.49999913016527808,-8.6983472191715094e-07,12.920274809269813,0.14972222222222223,0.030555555555555555,0.01,3,0,0,27900.916247770656,6.4839257969958023e-06,1,4,0.0050000000000000001,0.075000000000000011,1,1,1,0,1,1,0,12,0,0.0032752234655133248,0.74944091586828498,0.87400354617241782,0.83853234664914755,0.88685941361071707,0.075000000000000011,246,0.74944091586828498,0.87400354617241782,0.74944091586828498,0.87400354617241771,0,0.61833333333333329,0.00032822408996302163,0.032822408996302163,0.0032752234655133248,3.8598878706096274e-05,3.8598878706096233e-05,0.00039355832862070542,0.00034397137484018628,35,5337,1,2,0,1,11.176802833333333
277,167.03616288390862,197.23339423922559,0.18078259721701267,0.49999937715302772,-6.2284697227577013e-07,12.916000381412731,0.14972222222222223,0.030555555555555555,0.01,3,0,0,27902.667744584269,-7.0816638232348958e-06,1,4,0.0050000000000000001,0.075000000000000011,1,1,1,0,1,1,0,13,0,0.003361173538072121,0.85900199305531644,0.87914315030428536,0.84492476168553521,0.88224841492691475,0.075000000000000011,246,0.85900199305531644,0.87914315030428536,0.85900199305531644,0.87914315030428547,0,0.32277777777777777,0.00032832063195426924,0.032832063195426926,0.003361173538072121,3.9611810025259613e-05,3.961181002525943e-05,0.00038783449470989874,0.00034096203947593109,20,5357,1,2,0,1,6.463979291666667
278,167.03928406710259,197.23616915769335,0.18077714628171032,0.49999943761090077,-5.6238909923456148e-07,12.918807101944152,0.14972222222222223,0.030555555555555555,0.01,3,0,0,27901.062158578079,8.8555057355067896e-08,1,4,0.0050000000000000001,0.075000000000000011,1,1,1,0,1,1,0,14,0,0.0028851644637113323,0.76752928599773496,0.8939311255285779,0.83853234664914755,0.88521582330147675,0.075000000000000011,246,0.76752928599773496,0.8939311255285779,0.76752928599773496,0.8939311255285779,0,0.69444444444444442,0.00028989635359215452,0.028989635359215452,0.0028851644637113323,3.4001989285478862e-05,3.4001989285479472e-05,0.00037786749590302469,0.00033778751591325616,18,5375,1,2,0,1,5.7836352499999997
279,167.03748734811052,197.23413498443531,0.18077766922699329,0.49999938866508437,-6.1133491563447606e-07,12.918236231755543,0.14972222222222223,0.030555555555555555,0.01,3,0,0,27902.421481795624,-1.8645697780388332e-06,1,4,0.0050000000000000001,0.075000000000000011,1,1,1,0,1,1,0,15,0,0.0030618428019027538,0.90423978095172231,0.9127830122084134,0.84492476168553521,0.89202785327433687,0.075000000000000011,246,0.90423978095172231,0.9127830122084134,0.90423978095172231,0.91278301220841329,0,0.28833333333333333,0.00030077617243226838,0.030077617243226839,0.0030618428019027538,3.6084163469210934e-05,3.6084163469211483e-05,0.00037129700027129414,0.00033891359433157998,26,5401,1,2,0,1,8.4766510833333335
280,167.03882925982765,197.23551252066918,0.18077643021474252,0.49999955972556626,-4.4027443374394792e-07,12.932113010517037,0.14972222222222223,0.030555555555555555,0.01,3,0,0,27899.602007778085,-1.0917077912296014e-05,1,4,0.0050000000000000001,0.075000000000000011,1,1,1,0,1,1,0,16,0,0.0068306479126361199,0.59934526195974436,0.8639621269445209,0.84492476168553521,0.89202785327433687,0.075000000000000011,246,0.59934526195974436,0.8639621269445209,0.59934526195974436,0.86396212694452079,0,0.35805555555555557,0.00045608180217560573,0.045608180217560572,0.0068306479126361199,8.0499957648712272e-05,8.0499957648712299e-05,0.00042010168137665343,0.00036295194217514295,26,5427,1,2,0,1,8.8524911250000002
281,167.03585918653036,197.22942682714651,0.18076099220646233,0.49999947336759837,-5.2663240163175473e-07,12.924039880326127,0.14972222222222223,0.030555555555555555,0.01,3,0,0,27902.753088651414,-1.9629702461097626e-05,1,4,0.0050000000000000001,0.075000000000000011,1,1,1,0,1,1,0,17,0,0.0045419941454198538,-0.2164819249182883,0.82248343990620632,0.83853234664914755,0.89202785327433687,0.075000000000000011,246,-0.2164819249182883,0.82248343990620632,-0.2164819249182883,0.8224834399062062,0,0.91833333333333333,0.0003627808588720503,0.036278085887205026,0.0045419941454198538,5.352791433893294e-05,5.3527914338933042e-05,0.0004416260186146378,0.0003632300869422496,23,5450,1,2,0,1,7.4637449166666663
282,167.03791164217583,197.23331495868175,0.18076976070671733,0.49999931622730642,-6.8377269357711157e-07,12.924585755058823,0.14999999999999999,0.030555555555555555,0.01,3,0,0,27900.511767959444,-8.8525094349432987e-06,1,4,0.0050000000000000001,0.075000000000000011,1,1,1,0,1,1,0,18,0,0.0029590564017025877,0.79369386374931628,0.81348487396464353,0.81416343643889277,0.89202785327433687,0.075000000000000011,246,0.79369386374931628,0.81348487396464353,0.79369386374931628,0.81348487396464353,0,0.40555555555555556,0.00031074550817682069,0.031074550817682067,0.0029590564017025877,3.487281412595607e-05,3.487281412595605e-05,0.0004396074538873748,0.00035761401421948894,18,5468,1,2,0,1,5.731814916666667
283,167.03573827041282,197.2316051718079,0.18077488814107093,0.49999950974336349,-4.9025663650947848e-07,12.919353250681755,0.14999999999999999,0.030833333333333334,0.01,3,0,0,27902.493352304489,-1.3729403992283103e-05,1,4,0.0050000000000000001,0.075000000000000011,1,1,1,0,1,1,0,19,0,0.0031733777327588178,0.75708878089185927,0.81388004557046556,0.78613360885387995,0.89202785327433687,0.075000000000000011,246,0.75708878089185927,0.81388004557046556,0.75708878089185927,0.81388004557046567,0,0.45333333333333331,0.00028162347563511224,0.028162347563511225,0.0031733777327588178,3.7398615235002528e-05,3.7398615235002521e-05,0.00043129347130213081,0.0003510211500776225,16,5484,1,2,0,1,5.4012795000000002
284,167.03846293238027,197.23427229224168,0.18077159493550382,0.49999955164575755,-4.4835424245492916e-07,12.916524091561493,0.14999999999999999,0.030833333333333334,0.01,3,0,0,27901.234203226315,-1.3732372859861332e-05,1,4,0.0050000000000000001,0.075000000000000011,1,1,1,0,1,1,0,20,1,0.0035782929278364386,0.89867563567064834,0.82630595073558799,0.78613360885387995,0.89202785327433687,0.075000000000000011,246,0.89867563567064834,0.82630595073558799,0.89867563567064834,0.82630595073558799,0,0.25083333333333335,0.00033830824015797754,0.033830824015797754,0.0035782929278364386,4.217058657241685e-05,4.217058657241645e-05,0.00043033759179231511,0.00035559051292321229,22,5506,1,2,0,1,7.1807557500000003
285,167.0393810208395,197.23447117066272,0.18076629573990183,0.49999946953962965,-5.3046037035153759e-07,12.937397846929633,0.14999999999999999,0.030833333333333334,0.0050000000000000001,4,1,1,27895.81052784753,-1.578791081569206e-05,1,4,0.0050000000000000001,0.075000000000000011,1,0,0,0,0,0,0,0,0,0.0056598640087465093,NaN,NaN,NaN,NaN,0.075000000000000011,285,-0.1421991478349941,0.71524775571331389,-0.1421991478349941,0.71524775571331389,0,0.73972222222222217,0.00013502375198016511,0.02700475039603302,0.0056598640087465093,6.6702137019638893e-05,6.6702137019638758e-05,0.00046346886642670569,0.00033149506655469493,11,5517,1,2,0,1,4.5317663333333336
286,167.02947912092327,197.22325815866398,0.18076916240564644,0.49999946710391591,-5.3289608409334832e-07,12.914533632605652,0.14999999999999999,0.030833333333333334,0.0050000000000000001,4,0,0,27905.469533488482,-3.1416527392636024e-05,1,4,0.0050000000000000001,0.075000000000000011,1,1,1,0,0,0,0,0,0,0.0057134625271326508,-0.93082119304146616,NaN,NaN,NaN,0.075000000000000011,285,-0.93082119304146616,0.60411587412581869,-0.93082119304146616,0.60411587412581857,0,0.87222222222222223,9.8184265534785465e-05,0.019636853106957092,0.0057134625271326508,6.7333801616512102e-05,6.7333801616512116e-05,0.00049220378933712157,0.0002973481224434355,39,5556,1,2,0,1,13.29011775
287,167.04141631822165,197.23452864671398,0.18075225290818328,0.49999949195945115,-5.0804054885222882e-07,12.936436624397679,0.14999999999999999,0.030833333333333334,0.0050000000000000001,4,0,0,27896.40674364697,-1.0357243583927709e-05,1,4,0.0050000000000000001,0.075000000000000011,1,1,1,0,0,0,0,0,0,0.0058490051303086051,-0.94215924859259914,NaN,NaN,NaN,0.075000000000000011,285,-0.94215924859259914,0.52475971126001897,-0.94215924859259914,0.52475971126001897,0,0.87250000000000005,0.00013749540872962942,0.027499081745925882,0.0058490051303086051,6.893118651393534e-05,6.8931186513935137e-05,0.00052152316582579729,0.00027367434591415638,12,5568,1,2,0,1,4.8850330833333331
288,167.03071427012426,197.22245916171411,0.18075564738808075,0.499999324380488,-6.7561951200278969e-07,12.915899141953613,0.14999999999999999,0.030833333333333334,0.0050000000000000001,4,0,0,27905.312685014211,-3.651914925533975e-05,1,4,0.0050000000000000001,0.075000000000000011,1,1,1,0,0,0,0,0,0,0.0051742232722163956,-0.9340466905804824,NaN,NaN,NaN,0.075000000000000011,285,-0.9340466905804824,0.43718012569985604,-0.9340466905804824,0.43718012569985609,0,0.85888888888888892,0.00010622447910684859,0.021244895821369719,0.0051742232722163956,6.0978806052624344e-05,6.097880605262412e-05,0.00054849998259294205,0.00023979329133635126,40,5608,1,2,0,1,13.531521291666667
289,167.04189274122959,197.2324124750368,0.18073621675597507,0.4999992646928903,-7.3530710970048929e-07,12.913673755311358,0.14999999999999999,0.030833333333333334,0.0050000000000000001,4,0,0,27903.026188309548,-1.7851321969552902e-05,1,4,0.0050000000000000001,0.075000000000000011,1,1,1,0,0,0,0,0,0,0.0012698057404005431,0.40454839735071441,NaN,NaN,NaN,0.075000000000000011,285,0.40454839735071441,0.39823904240944469,0.40454839735071441,0.39823904240944474,0,0.21916666666666668,0.00011291898319972248,0.022583796639944493,0.0012698057404005431,1.496480416378048e-05,1.4964804163780733e-05,0.00052738062328751127,0.00021002355440331456,37,5645,1,2,0,1,12.713087791666666
290,167.04192535287203,197.23226799320639,0.18073512129699174,0.49999958046642518,-4.1953357482471532e-07,12.901006934735888,0.14999999999999999,0.030833333333333334,0.0050000000000000001,4,0,0,27903.971216953807,-1.4293531986779009e-05,1,4,0.0050000000000000001,0.075000000000000011,1,1,1,0,0,0,0,0,0,0.0035786128644651324,0.60276315337644715,NaN,NaN,NaN,0.075000000000000011,285,0.60276315337644715,0.39571742036500329,0.60276315337644715,0.39571742036500318,0,0.23833333333333334,0.00011251133595578533,0.022502267191157065,0.0035786128644651324,4.2174357061745174e-05,4.2174357061745242e-05,0.00048905502270054409,0.00019352759199960744,59,5704,1,2,0,1,20.300525125
291,167.04628293554606,197.23557871463186,0.18072413973278401,0.49999939757876832,-6.0242123167686401e-07,12.928779183897435,0.14999999999999999,0.030833333333333334,0.0050000000000000001,4,0,0,27898.193915318032,1.076816147093519e-05,1,4,0.0050000000000000001,0.075000000000000011,1,1,1,0,0,0,0,0,0,0.0074778086529571491,-0.87878252393517864,NaN,NaN,NaN,0.075000000000000011,285,-0.87878252393517864,0.27901495668419368,-0.87878252393517864,0.27901495668419363,0,0.87250000000000005,0.00014239950686014544,0.028479901372029087,0.0074778086529571491,8.8126820115357369e-05,8.8126820115356949e-05,0.00052365392847696806,0.0001461072781715091,13,5717,1,2,0,1,5.3190055416666668
292,167.03331534977909,197.22158279151512,0.18073201372145281,0.49999908711447982,-9.1288552017676494e-07,12.921020512268813,0.14999999999999999,0.030833333333333334,0.0050000000000000001,4,0,0,27903.510637786545,-1.1551489072592254e-05,1,4,0.0050000000000000001,0.075000000000000011,1,1,1,0,0,0,0,0,0,0.0021663822017529946,-0.84206896485533811,NaN,NaN,NaN,0.075000000000000011,285,-0.84206896485533811,0.24219998961010883,-0.84206896485533811,0.24219998961010883,0,0.88444444444444448,0.00012381573591656775,0.024763147183313548,0.0021663822017529946,2.5531059091689763e-05,2.5531059091689753e-05,0.00051431217344270177,0.00012456640306417486,20,5737,1,2,0,1,6.7403579583333331
293,167.03823242413191,197.22649271496698,0.18072665073576172,0.49999930625349198,-6.9374650801812265e-07,12.913877074190735,0.14999999999999999,0.030833333333333334,0.0050000000000000001,4,0,0,27902.706668727311,4.8911903029110191e-06,1,4,0.0050000000000000001,0.075000000000000011,1,1,1,0,0,0,0,0,0,0.0020690520011475075,0.79027446285245628,NaN,NaN,NaN,0.075000000000000011,285,0.79027446285245628,0.21693716605607177,0.79027446285245628,0.21693716605607175,0,0.096111111111111105,0.00011856234722990503,0.023712469445981006,0.0020690520011475075,2.4384011677316648e-05,2.438401167731661e-05,0.00050129756988501585,0.00010875007416165093,23,5760,1,2,0,1,7.7100365000000002
294,167.04087782587828,197.22909507669519,0.18072353093285823,0.4999995180334133,-4.8196658669619197e-07,12.903674572621277,0.14999999999999999,0.03111111111111111,0.0050000000000000001,4,0,0,27903.809618672713,2.8490431956524316e-06,1,4,0.0050000000000000001,0.075000000000000011,1,1,1,0,0,0,0,0,0,0.0029157690255205123,0.85455167269529686,0.17589407047800565,NaN,NaN,0.075000000000000011,285,0.85455167269529686,0.17589407047800565,0.85455167269529686,0.17589407047800565,0,0.14694444444444443,0.00010423279111390911,0.020846558222781822,0.0029157690255205123,3.4362667505320759e-05,3.4362667505321119e-05,0.00049348965081792056,8.6801903421133717e-05,44,5804,1,2,0,1,14.834751833333334
295,167.04509132442871,197.23358809596732,0.18072064573814769,0.49999939492025464,-6.0507974536383458e-07,12.911574458039219,0.14999999999999999,0.03111111111111111,0.0050000000000000001,4,0,0,27903.037239852132,1.5033963101150195e-05,1,4,0.0050000000000000001,0.075000000000000011,1,1,1,0,0,0,0,0,0,0.0027032624169712437,-0.57869564214924507,0.23193371402728419,NaN,NaN,0.075000000000000011,285,-0.57869564214924507,0.23193371402728419,-0.57869564214924507,0.23193371402728416,0,0.76361111111111113,0.00013044241532611471,0.026088483065222941,0.0027032624169712437,3.1858253106118379e-05,3.1858253106118115e-05,0.00045864576690439983,0.00010637541614102951,44,5848,1,2,0,1,14.952712708333333
296,167.04076972289181,197.2287352171877,0.18072214073471693,0.49999951223264988,-4.8776735012134864e-07,12.904161548738072,0.14999999999999999,0.03111111111111111,0.0050000000000000001,4,0,0,27903.671098909086,5.7244892533998684e-05,1,4,0.0050000000000000001,0.075000000000000011,1,1,1,0,0,0,0,0,0,0.0022069169532143071,-0.73404558113042129,0.19697721755733419,NaN,NaN,0.075000000000000011,285,-0.73404558113042129,0.19697721755733419,-0.73404558113042129,0.19697721755733416,0,0.75694444444444442,9.5789988742595719e-05,0.019157997748519142,0.0022069169532143071,2.6008765718889854e-05,2.600876571889044e-05,0.00041732073100677816,8.2202676422707882e-05,47,5895,1,2,0,1,16.037824333333333
297,167.04488385627081,197.23259157234796,0.18071614657801388,0.49999950071300431,-4.9928699569212753e-07,12.904473541169006,0.14999999999999999,0.03111111111111111,0.0050000000000000001,4,0,0,27904.435809329851,3.4479080206423541e-05,1,4,0.0050000000000000001,0.075000000000000011,1,1,1,0,0,0,0,0,0,0.0016219539173257173,0.057894976761116226,0.33118008043209352,NaN,NaN,0.075000000000000011,285,0.057894976761116226,0.33118008043209352,0.057894976761116226,0.33118008043209352,0,0.57194444444444448,0.00010844234136347747,0.021688468272695494,0.0016219539173257173,1.9114910228551661e-05,1.9114910228551454e-05,0.00036750445472139454,0.00012171015487378411,53,5948,1,2,0,1,18.50152525
298,167.04566277160143,197.23269713467954,0.18071127296703482,0.49999944995313766,-5.5004686233539601e-07,12.929079560300295,0.14999999999999999,0.03111111111111111,0.0050000000000000001,4,0,0,27896.961042168758,8.5697305264247775e-05,1,4,0.0050000000000000001,0.075000000000000011,1,1,1,0,0,0,0,0,0,0.0063513436495181283,0.15499306917227282,0.24559335513493108,NaN,NaN,0.075000000000000011,285,0.15499306917227282,0.24559335513493108,0.15499306917227282,0.24559335513493108,0,0.40777777777777779,0.00013864489737427081,0.02772897947485416,0.0063513436495181283,7.4851302737006381e-05,7.4851302737006191e-05,0.00038137695140577665,9.3663645066876258e-05,10,5958,1,2,0,1,4.3441918333333334
299,167.03300127098763,197.21932513132103,0.18072071764645073,0.49999915586212174,-8.4413787826420617e-07,12.92041468636565,0.14999999999999999,0.03111111111111111,0.0050000000000000001,4,0,0,27904.326502643115,4.0528879372283666e-05,1,4,0.0050000000000000001,0.075000000000000011,1,1,1,0,0,0,0,0,0,0.0025059329375368509,-0.87144628647319178,0.20898288772621915,NaN,NaN,0.075000000000000011,285,-0.87144628647319178,0.20898288772621915,-0.87144628647319178,0.20898288772621909,0,0.89444444444444449,0.00012302967940549611,0.024605935881099224,0.0025059329375368509,2.9532702888850538e-05,2.9532702888850681e-05,0.00039594485013084649,8.2745698160669354e-05,21,5979,1,2,0,1,6.8209764166666664
300,167.0384498766681,197.22482212880445,0.18071511244521421,0.4999994647168654,-5.3528313459505483e-07,12.909177086478227,0.14999999999999999,0.03111111111111111,0.0050000000000000001,4,0,0,27903.840197787707,4.3021896753698283e-05,1,4,0.0050000000000000001,0.075000000000000011,1,1,1,0,0,0,0,0,0,0.0029933205636288197,0.84373731941222097,0.21994012642265195,NaN,NaN,0.075000000000000011,285,0.84373731941222097,0.21994012642265195,0.84373731941222097,0.21994012642265195,0,0.16388888888888889,0.00011603875183941042,0.023207750367882085,0.0029933205636288197,3.5276621146784614e-05,3.5276621146784709e-05,0.00038904711421588605,8.556707148500989e-05,32,6011,1,2,0,1,10.768117583333334
301,167.04366427333505,197.2295678138488,0.18070666536098179,0.49999950752120642,-4.924787935789432e-07,12.894782698729074,0.14999999999999999,0.03111111111111111,0.0050000000000000001,4,0,0,27905.129148629112,2.6892354518083963e-05,1,4,0.0050000000000000001,0.075000000000000011,1,1,1,0,0,0,0,0,0,0.0038997190671787273,0.92499237754637342,0.36497148056873008,NaN,NaN,0.075000000000000011,285,0.92499237754637342,0.36497148056873008,0.92499237754637342,0.36497148056873008,0,0.11388888888888889,8.7641041883859631e-05,0.017528208376771926,0.0038997190671787273,4.5958629952075926e-05,4.5958629952075973e-05,0.00034687892405260506,0.00012660091448956734,70,6081,1,2,0,1,23.777382666666668
302,167.04939421904984,197.23476062806486,0.18069725155323407,0.499999425582632,-5.7441736800445398e-07,12.924150713147306,0.15027777777777779,0.03111111111111111,0.0050000000000000001,4,0,0,27898.009314548144,6.8089548656961882e-05,1,4,0.0050000000000000001,0.075000000000000011,1,1,1,0,0,0,0,0,0,0.007613728128980572,-0.92414752550375134,0.19268669483105294,NaN,NaN,0.075000000000000011,285,-0.92414752550375134,0.19268669483105294,-0.92414752550375134,0.19268669483105297,0,0.82027777777777777,0.00014101220889729739,0.028202441779459478,0.007613728128980572,8.9728646501882118e-05,8.9728646501882281e-05,0.00041107651146279759,7.9208974316445914e-05,10,6091,1,2,0,1,4.232970541666667
303,167.03455729562543,197.21917590231035,0.18070882514007444,0.49999928536746957,-7.1463253042969299e-07,12.912571926397931,0.15027777777777779,0.03111111111111111,0.0050000000000000001,4,0,0,27905.388679746222,3.7623859761105919e-05,1,4,0.0050000000000000001,0.075000000000000011,1,1,1,0,0,0,0,0,0,0.0030753811143336908,-0.91429897722559073,0.17848833158396488,NaN,NaN,0.075000000000000011,285,-0.91429897722559073,0.17848833158396488,-0.91429897722559073,0.17848833158396488,0,0.88527777777777783,0.00012052365292155517,0.024104730584311035,0.0030753811143336908,3.624371401130656e-05,3.6243714011306377e-05,0.00042293621379678735,7.5489179167027645e-05,27,6118,1,2,0,1,8.9072990416666666
304,167.04216131472617,197.22650042002184,0.18069892575458829,0.49999947920814464,-5.2079185536291206e-07,12.906540198512831,0.15027777777777779,0.03111111111111111,0.0050000000000000001,4,0,0,27904.007433678689,4.6471702662612289e-05,1,4,0.0050000000000000001,0.075000000000000011,1,1,1,0,0,0,0,0,0,0.0021515929424672695,0.70899781201820122,0.1847469377704283,-0.57869564214924507,0.20898288772621915,0.075000000000000011,285,0.70899781201820122,0.1847469377704283,0.70899781201820122,0.1847469377704283,0,0.12583333333333332,0.00011380885290311373,0.022761770580622745,0.0021515929424672695,2.5356765999528722e-05,2.5356765999528732e-05,0.000413930312290995,7.6472357646118405e-05,36,6154,1,2,0,1,12.311644833333334
305,167.04378497723513,197.22893003193425,0.18070199414370774,0.49999942581553419,-5.7418446580692617e-07,12.910353598468236,0.15027777777777779,0.03111111111111111,0.0050000000000000001,4,0,0,27902.987357663082,3.7949964749861106e-05,1,4,0.0050000000000000001,0.075000000000000011,1,1,1,0,0,0,0,0,0,0.0023565928747907089,-0.50598659311526861,0.18443641075778855,-0.54234111763225679,0.20298005264177665,0.075000000000000011,285,-0.50598659311526861,0.18443641075778855,-0.50598659311526861,0.18443641075778855,0,0.81666666666666665,8.9031023238646815e-05,0.017806204647729362,0.0023565928747907089,2.7772713371006846e-05,2.7772713371006907e-05,0.00040984477255588377,7.5590298818049406e-05,53,6207,1,2,0,1,18.522083833333333
306,167.04346108422544,197.2284975647334,0.18070169454456095,0.49999939758527173,-6.0241472826794151e-07,12.89727656806785,0.15027777777777779,0.03111111111111111,0.0050000000000000001,4,0,0,27905.561004287454,1.1870377415177752e-05,1,4,0.0050000000000000001,0.075000000000000011,1,1,1,0,0,0,0,0,0,0.0037171665619254494,-0.63427461966683962,0.17382320060060388,-0.54234111763225679,0.19697721755733419,0.075000000000000011,285,-0.63427461966683962,0.17382320060060388,-0.63427461966683962,0.17382320060060386,0,0.74972222222222218,9.0200342447363147e-05,0.018040068489472628,0.0037171665619254494,4.3807228045622827e-05,4.3807228045622515e-05,0.00042764323488261586,7.4334315802492104e-05,60,6267,1,2,0,1,20.739231374999999
307,167.04857805453202,197.23277866745289,0.18069115561742419,0.49999944409537078,-5.559046292180625e-07,12.925371654780719,0.15027777777777779,0.03111111111111111,0.0050000000000000001,4,0,0,27897.383189329772,2.5089190080588208e-05,1,4,0.0050000000000000001,0.075000000000000011,1,1,1,0,0,0,0,0,0,0.0072814820693899813,-0.8961517681220279,0.18515831746259123,-0.54234111763225679,0.19483195619419358,0.075000000000000011,285,-0.8961517681220279,0.18515831746259123,-0.8961517681220279,0.18515831746259123,0,0.91500000000000004,0.00014783943321027517,0.029567886642055032,0.0072814820693899813,8.5813089139231844e-05,8.5813089139231884e-05,0.00049434141379329632,9.1531424430045337e-05,11,6278,1,2,0,1,4.4735304583333333
308,167.03488961109593,197.21813067882576,0.18070021860705193,0.49999935239003584,-6.4760996415502703e-07,12.916478858490072,0.15027777777777779,0.03111111111111111,0.0050000000000000001,4,0,0,27905.268599031497,-2.8961616593534307e-05,1,4,0.0050000000000000001,0.075000000000000011,1,1,1,0,0,0,0,0,0,0.0024412008531222609,-0.88395867901103198,0.1595893248392449,-0.54234111763225679,0.19268669483105294,0.075000000000000011,285,-0.88395867901103198,0.1595893248392449,-0.88395867901103198,0.1595893248392449,0,0.93333333333333335,0.00012244686650438616,0.024489373300877231,0.0024412008531222609,2.8769827958018926e-05,2.8769827958018997e-05,0.00044825993901430908,7.1537501019774675e-05,22,6300,1,2,0,1,7.3291783333333331
309,167.04060614382055,197.2237816708801,0.18069364224571891,0.49999952748878967,-4.7251121032543253e-07,12.908348945753243,0.15027777777777779,0.03111111111111111,0.0050000000000000001,4,0,0,27903.872970855678,3.0742918589613552e-05,1,4,0.0050000000000000001,0.075000000000000011,1,1,1,0,0,0,0,0,0,0.0024246064961571468,0.79368598137499624,0.16049230895266772,-0.54234111763225679,0.1889225061468221,0.075000000000000011,285,0.79368598137499624,0.16049230895266772,0.79368598137499624,0.16049230895266772,0,0.065833333333333327,0.00010220178031150659,0.020440356062301317,0.0024246064961571468,2.8574261585694554e-05,2.8574261585694293e-05,0.00044730149771115267,7.1788450165649303e-05,27,6327,1,2,0,1,9.240652166666667
310,167.04364520648596,197.22768685521976,0.18069553984782064,0.49999932626465948,-6.7373534051728967e-07,12.897986408973406,0.15027777777777779,0.03111111111111111,0.0050000000000000001,4,0,0,27905.050828449064,2.4457143259553864e-05,1,4,0.0050000000000000001,0.075000000000000011,1,1,1,0,0,0,0,0,0,0.0028730256572457318,0.84849496226612087,0.15241019880745027,-0.54234111763225679,0.18515831746259123,0.075000000000000011,285,0.84849496226612087,0.15241019880745027,0.84849496226612087,0.15241019880745027,0,0.17805555555555555,0.00010284046953283396,0.020568093906566789,0.0028730256572457318,3.3858932079356575e-05,3.3858932079356995e-05,0.00044588380864372495,6.7957239920413235e-05,57,6384,1,2,0,1,19.853983791666668
311,167.04824370777973,197.2310537324162,0.18068319279929551,0.49999943678987574,-5.6321012426030492e-07,12.925175416529058,0.15027777777777779,0.03111111111111111,0.0050000000000000001,4,0,0,27897.548592417268,2.9265513372983852e-05,1,4,0.0050000000000000001,0.075000000000000011,1,1,1,0,0,0,0,0,0,0.0070093835492328884,-0.93242109840197795,0.22705311672722983,-0.54234111763225679,0.1889225061468221,0.075000000000000011,285,-0.93242109840197795,0.22705311672722983,-0.93242109840197795,0.2270531167272298,0,0.81944444444444442,0.00012768000628309278,0.025536001256618555,0.0070093835492328884,8.2606377326666767e-05,8.260637732666678e-05,0.00048253155601831572,0.00010956029371319849,10,6394,1,2,0,1,4.0799223749999998
312,167.03463286580362,197.21701797374001,0.18069537191239293,0.49999904728356953,-9.5271643046901389e-07,12.913907380272919,0.15027777777777779,0.03111111111111111,0.0050000000000000001,4,0,0,27905.736188544935,-2.2757273421820123e-05,1,4,0.0050000000000000001,0.075000000000000011,1,1,1,0,0,0,0,0,0,0.0029980724214302345,-0.90394423422181702,0.15573245349324469,-0.54234111763225679,0.18515831746259123,0.075000000000000011,285,-0.90394423422181702,0.15573245349324469,-0.90394423422181702,0.15573245349324466,0,0.84138888888888885,0.00012833255864132714,0.025666511728265427,0.0029980724214302345,3.5332622328028194e-05,3.5332622328028201e-05,0.00042813553184446165,6.6674596801773208e-05,26,6420,1,2,0,1,8.8295918333333336
313,167.04207520261761,197.22408958656243,0.1806851019261754,0.49999942485231402,-5.7514768597721755e-07,12.910213102069987,0.15027777777777779,0.03111111111111111,0.0050000000000000001,4,0,0,27903.376554322662,2.4650765677851305e-05,1,4,0.0050000000000000001,0.075000000000000011,1,1,1,0,0,0,0,0,0,0.0020621511030165778,0.4325744373060173,0.14921619605297071,-0.54234111763225679,0.18495262761650977,0.075000000000000011,285,0.4325744373060173,0.14921619605297071,0.4325744373060173,0.14921619605297071,0,0.3363888888888889,0.00010181279797328589,0.020362559594657176,0.0020621511030165778,2.4302683812905682e-05,2.4302683812905502e-05,0.00041619450164606078,6.210296035378705e-05,38,6458,1,2,0,1,12.68508025
314,167.04247906158352,197.2254991949797,0.18069068600369978,0.49999953319987755,-4.6680012244504354e-07,12.919855807113056,0.14999999999999999,0.03111111111111111,0.0050000000000000001,4,0,0,27901.563865482607,7.8273919789639067e-06,1,4,0.0050000000000000001,0.075000000000000011,1,1,1,0,0,0,0,0,0,0.0035383161649937037,-0.80790802464465361,0.18062855273743786,-0.60648513090804235,0.18495262761650977,0.075000000000000011,285,-0.80790802464465361,0.18062855273743786,-0.80790802464465361,0.18062855273743783,0,0.82333333333333336,0.00011048440333106521,0.022096880666213042,0.0035383161649937037,4.1699455904150445e-05,4.1699455904150689e-05,0.00043253719155068274,7.8128566914915763e-05,28,6486,1,2,0,1,10.421271041666667
315,167.04011621878084,197.22194850917285,0.18068613081459634,0.49999933956795439,-6.6043204560717328e-07,12.910832661342326,0.14999999999999999,0.03111111111111111,0.0050000000000000001,4,0,0,27903.834253855657,-1.6389594840655562e-06,1,4,0.0050000000000000001,0.075000000000000011,1,1,1,0,0,0,0,0,0,0.0027055300203134309,-0.8512112047060163,0.13772458628657849,-0.6841601003986304,0.18459167426410844,0.075000000000000011,285,-0.8512112047060163,0.13772458628657849,-0.8512112047060163,0.13772458628657849,0,0.90833333333333333,0.00012438440355836975,0.024876880711673949,0.0027055300203134309,3.1884977067790074e-05,3.1884977067789931e-05,0.00043664945524746576,6.0137365576217089e-05,26,6512,1,2,0,1,8.5979422499999991
316,167.04305446780967,197.22495763255478,0.18068337687492039,0.49999938545757527,-6.1454242472613885e-07,12.908211768680477,0.14999999999999999,0.03111111111111111,0.0050000000000000001,4,0,0,27903.781045820171,1.5749683946330971e-06,1,4,0.0050000000000000001,0.075000000000000011,1,1,1,0,0,0,0,0,0,0.0012379847210348851,0.75933747988284273,0.17388174296518033,-0.57013060639105406,0.18253248174761322,0.075000000000000011,285,0.75933747988284273,0.17388174296518033,0.75933747988284273,0.17388174296518033,0,0.18333333333333332,0.00011723285336001817,0.023446570672003633,0.0012379847210348851,1.4589789854151726e-05,1.4589789854152514e-05,0.00040743201705599577,7.084498926551563e-05,33,6545,1,2,0,1,10.951671666666666
317,167.04395581196528,197.22581052888273,0.18068211190407851,0.49999929629005901,-7.0370994098567508e-07,12.900726099626997,0.14999999999999999,0.03111111111111111,0.0050000000000000001,4,0,0,27904.680869110663,-1.1577231438406118e-05,1,4,0.0050000000000000001,0.075000000000000011,1,1,1,0,0,0,0,0,0,0.0022747199134434903,0.54755186430538016,0.28249637271820105,-0.57013060639105406,0.18253248174761322,0.075000000000000011,285,0.54755186430538016,0.28249637271820105,0.54755186430538016,0.28249637271820111,0,0.22111111111111112,9.2081097733448411e-05,0.018416219546689681,0.0022747199134434903,2.6807831268266138e-05,2.6807831268266311e-05,0.00034842675918503026,9.8429295627729195e-05,51,6596,1,2,0,1,17.243709291666665
318,167.04677711705088,197.2286820024548,0.18067936063355025,0.4999994099064845,-5.9009351549565991e-07,12.894891177184963,0.15027777777777779,0.03111111111111111,0.0050000000000000001,4,0,0,27905.488994517171,3.985289291819696e-05,1,4,0.0050000000000000001,0.075000000000000011,1,1,1,0,0,0,0,0,0,0.0018917652486781769,0.70466271243285994,0.27737488782248615,-0.57013060639105406,0.18253248174761322,0.075000000000000011,285,0.70466271243285994,0.27737488782248615,0.70466271243285994,0.27737488782248615,0,0.10722222222222222,0.00011630161944361622,0.023260323888723244,0.0018917652486781769,2.2294667262556569e-05,2.2294667262556749e-05,0.00034195159848956797,9.4848786271763746e-05,60,6656,1,2,0,1,20.911897041666666
319,167.04941455869329,197.23093066778404,0.18067418068374247,0.49999944532514856,-5.5467485143845252e-07,12.92485917719142,0.14999999999999999,0.03111111111111111,0.0050000000000000001,4,0,0,27897.943091029232,1.0868778858538021e-05,1,4,0.0050000000000000001,0.075000000000000011,1,1,1,0,0,0,0,0,0,0.0078920938374705853,-0.82570998667607864,0.19923916385337864,-0.57013060639105406,0.18253248174761322,0.075000000000000011,285,-0.82570998667607864,0.19923916385337864,-0.82570998667607864,0.19923916385337861,0,0.83333333333333337,0.00014656850772679745,0.029313701545359491,0.0078920938374705853,9.3009217837266891e-05,9.3009217837266946e-05,0.00040638655474114062,8.0968117367880146e-05,12,6668,1,2,0,1,4.8907590000000001
320,167.03519130365686,197.21536216897104,0.18068151166091104,0.49999934186610401,-6.5813389599211902e-07,12.917836478060829,0.14999999999999999,0.03111111111111111,0.0050000000000000001,4,0,0,27904.666254276846,-8.7574788659566258e-06,1,4,0.0050000000000000001,0.075000000000000011,1,1,1,0,0,0,0,0,0,0.0020910965201087093,-0.79619142369240137,0.22095722431421716,-0.71523302167962055,0.18253248174761322,0.075000000000000011,285,-0.79619142369240137,0.22095722431421716,-0.79619142369240137,0.22095722431421713,0,0.85638888888888887,0.00011161343551857451,0.022322687103714902,0.0020910965201087093,2.4643808824741e-05,2.464380882474101e-05,0.00039717143148652461,8.7757897078166749e-05,22,6690,1,2,0,1,7.4452487916666668
321,167.04045034135027,197.22068929549053,0.18067623077204584,0.49999940074098909,-5.9925901091384404e-07,12.910386378259552,0.14999999999999999,0.03111111111111111,0.0050000000000000001,4,0,0,27903.707614511317,-1.4474351722217234e-05,1,4,0.0050000000000000001,0.075000000000000011,1,1,1,0,0,0,0,0,0,0.0021283070635467172,0.68352338033839122,0.22588166789149208,-0.71523302167962055,0.18253248174761322,0.075000000000000011,285,0.68352338033839122,0.22588166789149208,0.68352338033839122,0.22588166789149206,0,0.12583333333333332,0.0001073992059821136,0.021479841196422721,0.0021283070635467172,2.5082339284685201e-05,2.5082339284685651e-05,0.00033964739344454343,7.6720119726251303e-05,27,6717,1,2,0,1,9.0730830833333336
322,167.04334230230043,197.22368343794349,0.180673714496357,0.49999926277554868,-7.3722445131929604e-07,12.907770135571331,0.15027777777777779,0.03111111111111111,0.0050000000000000001,4,0,0,27903.80854688137,3.47666293473902e-05,1,4,0.0050000000000000001,0.075000000000000011,1,1,1,0,0,0,0,0,0,0.0014312868705698746,0.70211274306212623,0.21982637737327898,-0.57013060639105406,0.18253248174761322,0.075000000000000011,285,0.70211274306212623,0.21982637737327898,0.70211274306212623,0.21982637737327893,0,0.17944444444444443,0.00011022099570440288,0.022044199140880575,0.0014312868705698746,1.6867877533387176e-05,1.6867877533387155e-05,0.00032118264864990239,7.0604418127862714e-05,31,6748,1,2,0,1,10.293870833333333
323,167.04402361465682,197.22499035086565,0.18067672271730817,0.49999938954575707,-6.1045424293304507e-07,12.894133854672802,0.15027777777777779,0.03111111111111111,0.0050000000000000001,4,0,0,27905.388572483145,1.6573608291042098e-07,1,4,0.0050000000000000001,0.075000000000000011,1,1,1,0,0,0,0,0,0,0.0037870648086559457,0.59785549155202766,0.24277328328884218,-0.036706077904625656,0.18459167426410844,0.075000000000000011,285,0.59785549155202766,0.24277328328884218,0.59785549155202766,0.24277328328884215,0,0.16305555555555556,0.00015791521498543395,0.031583042997086787,0.0037870648086559457,4.4630986783225903e-05,4.463098678322511e-05,0.00034151095162022202,8.2909735003938235e-05,66,6814,1,2,0,1,22.241628416666668
324,167.04901233207039,197.22947493748032,0.18066830916315346,0.4999991413031255,-8.5869687449502408e-07,12.917118610863865,0.14999999999999999,0.03111111111111111,0.0050000000000000001,4,0,0,27901.49253931838,1.4587599269648163e-05,1,4,0.0050000000000000001,0.075000000000000011,1,1,1,0,0,0,0,0,0,0.0063794666368605394,-0.9263586873130758,0.17462986016199097,-0.57013060639105406,0.18253248174761322,0.075000000000000011,285,-0.9263586873130758,0.17462986016199097,-0.9263586873130758,0.174629860161991,0,0.9080555555555555,0.0001194298500449113,0.023885970008982259,0.0063794666368605394,7.5182735321290429e-05,7.5182735321290442e-05,0.00037499423103736184,6.5485190127607831e-05,22,6836,1,2,0,1,8.3765656249999996
325,167.0399619087421,197.21861524089169,0.18066726660675911,0.49999943283739995,-5.671626000514074e-07,12.906937188151074,0.15027777777777779,0.03111111111111111,0.0050000000000000001,4,0,0,27904.513612584211,2.3089522765221372e-05,1,4,0.0050000000000000001,0.075000000000000011,1,1,1,0,0,0,0,0,0,0.0028659156533797779,-0.92748270568450986,0.17118220307709694,-0.71523302167962055,0.17762920644971442,0.075000000000000011,285,-0.92748270568450986,0.17118220307709694,-0.92748270568450986,0.17118220307709697,0,0.95083333333333331,0.0001070276341478209,0.021405526829564179,0.0028659156533797779,3.3775139880225263e-05,3.377513988022552e-05,0.00037688439384979741,6.4515900844584612e-05,32,6868,1,2,0,1,10.739522958333334
326,167.04479363542947,197.22373048238074,0.18066373809180758,0.49999933061251944,-6.6938748055633823e-07,12.903849556261276,0.15027777777777779,0.03111111111111111,0.0050000000000000001,4,0,0,27904.476546406248,2.2489022814916054e-05,1,4,0.0050000000000000001,0.075000000000000011,1,1,1,0,0,0,0,0,0,0.0012159122092355471,0.75743948858173049,0.16816439991312571,-0.18180849319319203,0.17762920644971442,0.075000000000000011,285,0.75743948858173049,0.16816439991312571,0.75743948858173049,0.16816439991312571,0,0.19916666666666666,9.5270327885956017e-05,0.019054065577191203,0.0012159122092355471,1.4329662807966192e-05,1.4329662807966192e-05,0.0003766242668036111,6.3334793819750209e-05,43,6911,1,2,0,1,14.543655749999999
327,167.04642742422237,197.22515520224005,0.18066071955778709,0.4999993433273201,-6.5667267989955036e-07,12.899958581275245,0.15027777777777779,0.03138888888888889,0.0050000000000000001,4,0,0,27904.8930367621,3.1360907583604751e-05,1,4,0.0050000000000000001,0.075000000000000011,1,1,1,0,1,1,0,1,0,0.0016024181420731083,0.54075357442251615,0.17268078714522456,0.48666400586426672,0.17425580156358567,0.075000000000000011,285,0.54075357442251615,0.17268078714522456,0.54075357442251615,0.17268078714522456,0,0.27250000000000002,9.2910105273772342e-05,0.018582021054754469,0.0016024181420731083,1.8884678909270721e-05,1.8884678909270399e-05,0.00036870111444461517,6.3667598663617674e-05,51,6962,1,2,0,1,17.115223916666668
328,167.04751086334113,197.22642299829099,0.18066065144567603,0.49999933391307083,-6.6608692916858558e-07,12.92880645279803,0.14999999999999999,0.03138888888888889,0.0050000000000000001,4,0,0,27900.292154063747,5.9671460131107072e-06,1,4,0.0050000000000000001,0.075000000000000011,1,1,1,0,1,1,0,2,0,0.0091855442769851921,-0.69845199401181801,0.29653638693758133,0.48666400586426672,0.17762920644971442,0.075000000000000011,285,-0.69845199401181801,0.29653638693758133,-0.69845199401181801,0.29653638693758139,0,0.77000000000000002,0.00021028958286155118,0.042057916572310235,0.0091855442769851921,0.00010825267745242519,0.00010825267745242506,0.00045465912463448356,0.00013482297410731322,60,7022,1,2,0,1,21.820300875000001
329,167.03865010705883,197.21816928942647,0.18067386896999532,0.49999963889489518,-3.6110510481801583e-07,12.936035789602085,0.14999999999999999,0.03138888888888889,0.0050000000000000001,4,0,0,27899.235568603654,-1.3447044079008554e-05,1,4,0.0050000000000000001,0.075000000000000011,1,1,1,0,1,1,0,3,0,0.0034646907845559327,0.017111071266379504,0.18558126914158907,0.2248427542861984,0.18310491093951348,0.075000000000000011,285,0.017111071266379504,0.18558126914158907,0.017111071266379504,0.18558126914158907,0,0.36055555555555557,0.00019175064819349454,0.03835012963869891,0.0034646907845559327,4.0831772474567327e-05,4.0831772474566744e-05,0.0004024816792717833,7.4693060845495551e-05,11,7033,1,2,0,1,4.2232732500000001
330,167.0334765964981,197.21135264475069,0.18066962780852083,0.49999921216213988,-7.8783786011671353e-07,12.915605056293099,0.15027777777777779,0.03138888888888889,0.0050000000000000001,4,0,0,27905.636898500641,1.2436564974772946e-05,1,4,0.0050000000000000001,0.075000000000000011,1,1,1,0,0,0,0,0,0,0.0053376064150886127,-0.46425955341187586,0.14278497751768204,-0.22357424107274818,0.18310491093951348,0.075000000000000011,285,-0.46425955341187586,0.14278497751768204,-0.46425955341187586,0.14278497751768204,0,0.75611111111111107,0.00011603623359361896,0.023207246718723793,0.0053376064150886127,6.2904294856899604e-05,6.2904294856899563e-05,0.00044074216530394186,6.2931360164017843e-05,32,7065,1,2,0,1,10.449437333333334
331,167.04363913683395,197.22142191147751,0.18065807791653415,0.49999934223881326,-6.5776118673976924e-07,12.923263349814674,0.14999999999999999,0.03138888888888889,0.0050000000000000001,4,0,0,27901.790968028705,1.7293497501083904e-05,1,4,0.0050000000000000001,0.075000000000000011,1,1,1,0,0,0,0,0,0,0.003155360140579746,-0.68015529546988773,0.18024027430873649,-0.22357424107274818,0.18043441352308717,0.075000000000000011,285,-0.68015529546988773,0.18024027430873649,-0.68015529546988773,0.18024027430873643,0,0.8288888888888889,0.00010491073981547044,0.020982147963094087,0.003155360140579746,3.7186275874827939e-05,3.7186275874828027e-05,0.00045284610189408417,8.1621105625031762e-05,23,7088,1,2,0,1,8.8260058333333333
332,167.03987938766366,197.21570294002558,0.18065041511632271,0.49999929357356121,-7.064264387901531e-07,12.91104120643849,0.14999999999999999,0.03138888888888889,0.0050000000000000001,4,0,0,27904.418948018931,-1.1648325179569069e-05,1,4,0.0050000000000000001,0.075000000000000011,1,1,1,0,0,0,0,0,0,0.0036282450660538581,-0.77664567613618207,0.14178659889553186,-0.22357424107274818,0.18043441352308717,0.075000000000000011,285,-0.77664567613618207,0.14178659889553186,-0.77664567613618207,0.14178659889553186,0,0.83888888888888891,0.00010966867440043511,0.02193373488008702,0.0036282450660538581,4.27592781668886e-05,4.2759278166888647e-05,0.00047873750252758565,6.7878562247127453e-05,32,7120,1,2,0,1,10.570046083333333
333,167.04502931298782,197.22111104232837,0.18064639129608839,0.49999929466923992,-7.0533076007572859e-07,12.908444417718986,0.15027777777777779,0.03138888888888889,0.0050000000000000001,4,0,0,27903.930242144997,-2.5525490464433675e-06,1,4,0.0050000000000000001,0.075000000000000011,1,1,1,0,0,0,0,0,0,0.0017941389569062357,0.68958891642070885,0.17574235743356989,-0.22357424107274818,0.18043441352308717,0.075000000000000011,285,0.68958891642070885,0.17574235743356989,0.68958891642070885,0.17574235743356989,0,0.24305555555555555,0.00014872054928758558,0.029744109857517114,0.0017941389569062357,2.1144130380322637e-05,2.1144130380322667e-05,0.0004552506461246832,8.0006821773107712e-05,33,7153,1,2,0,1,10.99010125
334,167.04458988585048,197.22098511966649,0.1806487432752954,0.49999961997422554,-3.8002577446016872e-07,12.895377971621302,0.15027777777777779,0.03138888888888889,0.0050000000000000001,4,0,0,27905.304264571932,-1.4989501634513906e-05,1,4,0.0050000000000000001,0.075000000000000011,1,1,1,0,1,1,0,1,0,0.0035834060169251327,0.44503015736635759,0.21548581109543577,0.23107061431636855,0.18291077172516279,0.075000000000000011,285,0.44503015736635759,0.21548581109543577,0.44503015736635759,0.2154858110954358,0,0.24583333333333332,9.3838344546542452e-05,0.018767668909308491,0.0035834060169251327,4.2230844905207295e-05,4.2230844905207227e-05,0.00042229875570860001,9.0999389898460957e-05,65,7218,1,2,0,1,22.459274291666667
335,167.05001549138561,197.2262322083167,0.18064180735432026,0.49999944182773953,-5.5817226046750434e-07,12.92356236237179,0.15027777777777779,0.03138888888888889,0.0050000000000000001,4,0,0,27898.482490376715,-1.0734937991934732e-06,1,4,0.0050000000000000001,0.075000000000000011,1,1,1,0,1,1,0,2,0,0.0072685803787388686,-0.94109233349588306,0.16417923262424175,0.23107061431636855,0.18291077172516279,0.075000000000000011,285,-0.94109233349588306,0.16417923262424175,-0.94109233349588306,0.16417923262424175,0,0.85277777777777775,0.00013217132964681925,0.026434265929363848,0.0072685803787388686,8.5661041256762294e-05,8.566104125676182e-05,0.0004741846570851363,7.7851273122426894e-05,10,7228,1,2,0,1,4.0545780416666668
336,167.03592253540759,197.2116725830565,0.18065425442393909,0.49999925923070676,-7.4076929323929619e-07,12.911363802973618,0.15027777777777779,0.03138888888888889,0.0050000000000000001,4,0,0,27906.100233653095,-2.5122336691628507e-05,1,4,0.0050000000000000001,0.075000000000000011,1,1,1,0,0,0,0,0,0,0.0032441425469111333,-0.91070345092116223,0.13158988828825824,-0.22357424107274818,0.18291077172516279,0.075000000000000011,285,-0.91070345092116223,0.13158988828825824,-0.91070345092116223,0.13158988828825824,0,0.88972222222222219,0.00015687936100292199,0.031375872200584395,0.0032441425469111333,3.8232586567610993e-05,3.8232586567611102e-05,0.00049808758084478127,6.5543289121133561e-05,27,7255,1,2,0,1,9.1720968333333328
337,167.04349150050601,197.21915049854064,0.18064552367155967,0.49999937919368181,-6.2080631818561827e-07,12.895164359390071,0.15027777777777779,0.03138888888888889,0.0050000000000000001,4,0,0,27905.981564192451,-2.1795871364100754e-05,1,4,0.0050000000000000001,0.075000000000000011,1,1,1,0,0,0,0,0,0,0.004465900474453631,0.86169516117227363,0.11585692179352373,-0.22357424107274818,0.17799131587115319,0.075000000000000011,285,0.86169516117227363,0.11585692179352373,0.86169516117227363,0.11585692179352373,0,0.12666666666666668,9.5882156170872256e-05,0.019176431234174451,0.004465900474453631,5.2631141826506375e-05,5.2631141826506619e-05,0.00053183404376201746,6.1616655215269533e-05,57,7312,1,2,0,1,20.083307874999999
338,167.04998378943267,197.22587859230589,0.18063991458335057,0.49999944048920297,-5.5951079702687423e-07,12.923355837458525,0.15027777777777779,0.03138888888888889,0.0050000000000000001,4,0,0,27897.941661513843,-1.8655189826425327e-05,1,4,0.0050000000000000001,0.075000000000000011,1,1,1,0,0,0,0,0,0,0.0072418518661673944,-0.95929911369571141,0.17682135581066133,-0.5722074244408818,0.1762818566221156,0.075000000000000011,285,-0.95929911369571141,0.17682135581066133,-0.95929911369571141,0.17682135581066138,0,0.94916666666666671,0.00014655489234402535,0.029310978468805069,0.0072418518661673944,8.5346042715256969e-05,8.5346042715257105e-05,0.00050892740902484964,8.9989234472980916e-05,10,7322,1,2,0,1,4.0480183333333333
339,167.03592284420523,197.21121019148882,0.18065148402495518,0.49999925134884965,-7.4865115035072094e-07,12.911176156814175,0.15027777777777779,0.03138888888888889,0.0050000000000000001,4,0,0,27906.101179508827,-8.4547135379113626e-06,1,4,0.0050000000000000001,0.075000000000000011,1,1,1,0,0,0,0,0,0,0.0031809680021796373,-0.92923783952571526,0.20183806532380189,-0.5722074244408818,0.1762818566221156,0.075000000000000011,285,-0.92923783952571526,0.20183806532380189,-0.92923783952571526,0.20183806532380189,0,0.87749999999999995,0.0001558779618677576,0.031175592373551518,0.0031809680021796373,3.7488067417977435e-05,3.7488067417977577e-05,0.00050558370396826041,0.00010204603666819546,27,7349,1,2,0,1,8.9969090000000005
340,167.04357888948823,197.21867878908321,0.18064208214527097,0.4999991464793313,-8.5352066869770482e-07,12.908583095736672,0.15027777777777779,0.03138888888888889,0.0050000000000000001,4,0,0,27903.782854356989,1.1518389124629998e-05,1,4,0.0050000000000000001,0.075000000000000011,1,1,1,0,0,0,0,0,0,0.0015328091606532778,0.43862722948232657,0.1599361136311879,-0.22357424107274818,0.17518610879778043,0.075000000000000011,285,0.43862722948232657,0.1599361136311879,0.43862722948232657,0.1599361136311879,0,0.30805555555555558,0.00013107739419116276,0.026215478838232553,0.0015328091606532778,1.8064329196046547e-05,1.8064329196046448e-05,0.00046074373830740724,7.3689562884791788e-05,28,7377,1,2,0,1,9.5564420416666671
341,167.04351289367449,197.2192260049888,0.1806458244835977,0.49999954199088997,-4.5800911002702449e-07,12.891850776322888,0.15027777777777779,0.03138888888888889,0.0050000000000000001,4,0,0,27906.170750986323,1.3952314980649483e-06,1,4,0.0050000000000000001,0.075000000000000011,1,1,1,0,0,0,0,0,0,0.0044816863393476857,0.53647863134040874,0.25949993206701344,-0.22357424107274818,0.17518610879778043,0.075000000000000011,285,0.53647863134040874,0.25949993206701344,0.53647863134040874,0.25949993206701338,0,0.29583333333333334,8.9869370559127792e-05,0.017973874111825557,0.0044816863393476857,5.281718002839772e-05,5.2817180028397767e-05,0.00047637464246097695,0.00012361918735707134,65,7442,1,2,0,1,22.316454
342,167.0511092210192,197.2264452174042,0.18063535248042634,0.49999932838192118,-6.7161807881799263e-07,12.922690006357463,0.15027777777777779,0.03138888888888889,0.0050000000000000001,4,0,0,27897.622423927696,2.3960538542570593e-05,1,4,0.0050000000000000001,0.075000000000000011,1,1,1,0,0,0,0,0,0,0.0079251622826455089,-0.96141565049023547,0.1356219128041187,-0.5722074244408818,0.17365532365360775,0.075000000000000011,285,-0.96141565049023547,0.1356219128041187,-0.96141565049023547,0.13562191280411873,0,0.87861111111111112,0.00016248703754231545,0.03249740750846309,0.0079251622826455089,9.3398933201041618e-05,9.3398933201041984e-05,0.00052701429749513033,7.1474687101408444e-05,9,7451,1,2,0,1,3.6169646666666666
343,167.03511589820317,197.20976759980113,0.1806485512901814,0.49999930045751245,-6.9954248754777737e-07,12.903560266771342,0.15027777777777779,0.03138888888888889,0.0050000000000000001,4,0,0,27907.337182486746,-2.5845751671170786e-06,1,4,0.0050000000000000001,0.075000000000000011,1,1,1,0,0,0,0,0,0,0.0049402145463318219,-0.9608384839906311,0.10467629394773645,-0.68930364474085293,0.17193149511116074,0.075000000000000011,285,-0.9608384839906311,0.10467629394773645,-0.9608384839906311,0.10467629394773643,0,0.86527777777777781,0.00011134375516094366,0.022268751032188731,0.0049402145463318219,5.822098677046091e-05,5.8220986770460707e-05,0.00056409115388526831,5.9046971437412178e-05,43,7494,1,2,0,1,14.51357425
344,167.04702538657045,197.2210837612017,0.18063212023562947,0.49999961178147906,-3.8821852094139686e-07,12.892246940666768,0.15027777777777779,0.03138888888888889,0.0050000000000000001,4,0,0,27906.033589357379,1.4851740086149705e-05,1,4,0.0050000000000000001,0.075000000000000011,1,1,1,0,0,0,0,0,0,0.0031568676611555416,0.85560886491643606,0.10620667756146281,-0.5722074244408818,0.16967330149511134,0.075000000000000011,285,0.85560886491643606,0.10620667756146281,0.85560886491643606,0.10620667756146279,0,0.18055555555555555,0.00011578121091174802,0.023156242182349605,0.0031568676611555416,3.7204042175193329e-05,3.7204042175193444e-05,0.00055906435115525457,5.9376367279254538e-05,65,7559,1,2,0,1,22.411665916666667
345,167.05110212140536,197.22487451573201,0.18062600013496277,0.49999942346327941,-5.765367205867733e-07,12.921878286952138,0.15027777777777779,0.03138888888888889,0.0050000000000000001,4,0,0,27898.430076984852,3.8048725315191403e-06,1,4,0.0050000000000000001,0.075000000000000011,1,1,1,0,0,0,0,0,0,0.0076449627244505689,-0.93042997320745469,0.10332226727995425,-0.5722074244408818,0.16617181626868371,0.075000000000000011,285,-0.93042997320745469,0.10332226727995425,-0.93042997320745469,0.10332226727995425,0,0.86777777777777776,0.00013570570209794704,0.027141140419589409,0.0076449627244505689,9.0096749739623005e-05,9.009674973962291e-05,0.00056350005963811572,5.8222103774199553e-05,10,7569,1,2,0,1,4.081649333333333
346,167.03640888626677,197.2096351642216,0.18063861932340414,0.49999954210271452,-4.5789728547740438e-07,12.904037480208707,0.15027777777777779,0.03138888888888889,0.0050000000000000001,4,0,0,27907.206916456547,2.5231832847514976e-05,1,4,0.0050000000000000001,0.075000000000000011,1,1,1,0,0,0,0,0,0,0.0046051545446133789,-0.95891279218723879,0.10563591672720805,-0.68930364474085293,0.16205767312771482,0.075000000000000011,285,-0.95891279218723879,0.10563591672720805,-0.95891279218723879,0.10563591672720805,0,0.90861111111111115,0.00010159924677177929,0.020319849354355858,0.0046051545446133789,5.427226678180279e-05,5.4272266781802837e-05,0.00057953973985230747,6.1220211699146169e-05,39,7608,1,2,0,1,13.097412458333332
347,167.04694321509334,197.22005643735818,0.18062655108518375,0.49999953167878536,-4.6832121464168708e-07,12.903776026144806,0.15027777777777779,0.03138888888888889,0.0050000000000000001,4,0,0,27904.121344385057,2.3378823297101021e-05,1,4,0.0050000000000000001,0.075000000000000011,1,1,1,0,0,0,0,0,0,0.00094484250653090207,0.16124254709758423,0.11626059645418685,-0.68930364474085293,0.15136054557443496,0.075000000000000011,285,0.16124254709758423,0.11626059645418685,0.16124254709758423,0.11626059645418685,0,0.35722222222222222,0.00012735530547014197,0.025471061094028392,0.00094484250653090207,1.1135075725354927e-05,1.1135075725354846e-05,0.00053804367375115565,6.2553278428711275e-05,42,7650,1,2,0,1,14.283500374999999
348,167.04671470106109,197.21946109859448,0.18062460223494434,0.49999946980912069,-5.3019087931094333e-07,12.901453397884985,0.15027777777777779,0.03138888888888889,0.0050000000000000001,4,0,0,27905.442951694858,1.2810926344712742e-05,1,4,0.0050000000000000001,0.075000000000000011,1,1,1,0,0,0,0,0,0,0.00089259664505349603,0.49564341390143124,0.18932828308789018,-0.5722074244408818,0.15136054557443496,0.075000000000000011,285,0.49564341390143124,0.18932828308789018,0.49564341390143124,0.18932828308789018,0,0.2902777777777778,9.9332160930053602e-05,0.019866432186010721,0.00089259664505349603,1.0519352343028147e-05,1.0519352343028482e-05,0.00046321698337892697,8.7700076160284002e-05,45,7695,1,2,0,1,15.062599041666667
349,167.04755120749218,197.22026511026226,0.18062350321611192,0.49999952113833351,-4.7886166648636319e-07,12.902826967706416,0.15027777777777779,0.03138888888888889,0.0050000000000000001,4,0,0,27904.981420811946,4.8118435951468856e-05,1,4,0.0050000000000000001,0.075000000000000011,1,1,1,0,0,0,0,0,0,0.0018445461716469938,-0.056109537840660154,0.15125839375452299,-0.5722074244408818,0.14702168563610252,0.075000000000000011,285,-0.056109537840660154,0.15125839375452299,-0.056109537840660154,0.15125839375452294,0,0.6791666666666667,8.983446730549803e-05,0.017966893461099604,0.0018445461716469938,2.1738185103054579e-05,2.1738185103054853e-05,0.00044746710106400423,6.7683154964934082e-05,59,7754,1,2,0,1,20.287392583333332
350,167.04788776707198,197.22098273758036,0.18062542049367961,0.49999932396834323,-6.7603165676555221e-07,12.902784018700769,0.15027777777777779,0.03138888888888889,0.0050000000000000001,4,0,0,27904.681641316965,1.9499516239162693e-05,1,4,0.0050000000000000001,0.075000000000000011,1,1,1,0,0,0,0,0,0,0.0012927455592038311,-0.59764777486286902,0.1442894753173507,-0.63890153516637838,0.14777393453593685,0.075000000000000011,285,-0.59764777486286902,0.1442894753173507,-0.59764777486286902,0.14428947531735067,0,0.83277777777777773,9.7736533820510027e-05,0.019547306764102004,0.0012927455592038311,1.5235152521030406e-05,1.5235152521030399e-05,0.00044463792438898821,6.4156572816282959e-05,43,7797,1,2,0,1,14.660455625000001
351,167.04714914686073,197.21978912858825,0.18062349543721345,0.49999931622948995,-6.8377051004597789e-07,12.900027619958063,0.15027777777777779,0.03138888888888889,0.0050000000000000001,4,0,0,27905.050710230036,2.9365227551559163e-05,1,4,0.0050000000000000001,0.075000000000000011,1,1,1,0,0,0,0,0,0,0.0011203874928771883,0.43889294886272234,0.16473256661394692,-0.32687865635176461,0.14777393453593685,0.075000000000000011,285,0.43889294886272234,0.16473256661394692,0.43889294886272234,0.16473256661394695,0,0.22166666666666668,0.00013200825847848289,0.026401651695696578,0.0011203874928771883,1.3203893229500909e-05,1.3203893229501151e-05,0.00040502463759009165,6.6720748092099482e-05,49,7846,1,2,0,1,16.310574166666665
352,167.04810066978789,197.22088798186536,0.18062334855109483,0.4999995755011028,-4.244988972001984e-07,12.915895857439274,0.15027777777777779,0.03138888888888889,0.0050000000000000001,4,0,0,27902.494047682107,9.6548364740865357e-06,1,4,0.0050000000000000001,0.075000000000000011,1,1,1,0,0,0,0,0,0,0.0049771336849492899,-0.71942262196053819,0.19431173105425098,-0.32687865635176461,0.15559725369285543,0.075000000000000011,285,-0.71942262196053819,0.19431173105425098,-0.71942262196053819,0.19431173105425104,0,0.81083333333333329,0.00010882140663593283,0.021764281327186566,0.0049771336849492899,5.8656082991660536e-05,5.8656082991660313e-05,0.00037028178738070998,7.1950095083807866e-05,30,7876,1,2,0,1,11.365390166666666
353,167.04301040983142,197.21393959105029,0.18061772897408904,0.49999945144430447,-5.4855569553424743e-07,12.9066142397219,0.15027777777777779,0.03138888888888889,0.0050000000000000001,4,0,0,27904.933278440247,5.147168119583138e-05,1,4,0.0050000000000000001,0.075000000000000011,1,1,1,0,0,0,0,0,0,0.002883337234460819,-0.90886211844996134,0.19029895534122476,-0.6585351984117036,0.15559725369285543,0.075000000000000011,285,-0.90886211844996134,0.19029895534122476,-0.90886211844996134,0.19029895534122482,0,0.97972222222222227,9.7875800164935186e-05,0.019575160032987038,0.002883337234460819,3.3980455182248525e-05,3.3980455182248776e-05,0.00034604125579249808,6.5851289482277928e-05,32,7908,1,2,0,1,10.525218041666667
354,167.0458946309075,197.21713844348312,0.18061649392365983,0.49999937008392875,-6.2991607124862625e-07,12.892349807924802,0.15027777777777779,0.03138888888888889,0.0050000000000000001,4,0,0,27906.244004425142,3.0646252837741708e-05,1,4,0.0050000000000000001,0.075000000000000011,1,1,1,0,0,0,0,0,0,0.0039169314626461994,0.89432576434369648,0.18031555359373766,-0.6585351984117036,0.15559725369285543,0.075000000000000011,285,0.89432576434369648,0.18031555359373766,0.89432576434369648,0.18031555359373772,0,0.10527777777777778,8.1624825747872535e-05,0.016324965149574506,0.0039169314626461994,4.6161479978001159e-05,4.6161479978001105e-05,0.00035499869359530573,6.4011785960691204e-05,72,7980,1,2,0,1,24.744831708333333
355,167.05157761692101,197.22288562558751,0.1806107337570596,0.49999942656282048,-5.7343717951852113e-07,12.922054906824393,0.15027777777777779,0.03138888888888889,0.0050000000000000001,4,0,0,27898.548064065762,2.8786518257517835e-05,1,4,0.0050000000000000001,0.075000000000000011,1,1,1,0,0,0,0,0,0,0.0076228295854229092,-0.9556401482196436,0.17878290281834019,-0.6585351984117036,0.15559725369285543,0.075000000000000011,285,-0.9556401482196436,0.17878290281834019,-0.9556401482196436,0.17878290281834019,0,0.89194444444444443,0.00013941981352469813,0.027883962704939626,0.0076228295854229092,8.983590819469963e-05,8.9835908194699386e-05,0.00035473785205038212,6.3421062929110207e-05,10,7990,1,2,0,1,4.0515664166666667
356,167.03674407189328,197.20754425770761,0.18062373254131855,0.49999938721495285,-6.1278504714934456e-07,12.908259209891565,0.15027777777777779,0.03138888888888889,0.0050000000000000001,4,0,0,27906.691030874412,2.9397200341266285e-05,1,4,0.0050000000000000001,0.075000000000000011,1,1,1,0,0,0,0,0,0,0.0038041694710653842,-0.89626664392123478,0.18529940262066544,-0.6585351984117036,0.16233434012256742,0.075000000000000011,285,-0.89626664392123478,0.18529940262066544,-0.89626664392123478,0.18529940262066541,0,0.93527777777777776,0.00010135195366488725,0.020270390732977449,0.0038041694710653842,4.4832567162886243e-05,4.4832567162886392e-05,0.00034529815243146568,6.3983541371570064e-05,40,8030,1,2,0,1,13.199990625
357,167.04540728880593,197.21604180333054,0.18061337335879216,0.49999940044032559,-5.9955967440794566e-07,12.90624032015206,0.15027777777777779,0.03138888888888889,0.0050000000000000001,4,0,0,27904.349251042575,2.3582189438379739e-05,1,4,0.0050000000000000001,0.075000000000000011,1,1,1,0,0,0,0,0,0,0.00098849343087480915,0.41793136859826868,0.18084581942789626,-0.6585351984117036,0.17077696121230412,0.075000000000000011,285,0.41793136859826868,0.18084581942789626,0.41793136859826868,0.18084581942789624,0,0.27916666666666667,0.0001401414020535504,0.02802828041071008,0.00098849343087480915,1.1649506802165555e-05,1.1649506802165389e-05,0.00034581258350827623,6.2538760033032024e-05,39,8069,1,2,0,1,13.281139541666667
358,167.04597571025812,197.21649919328684,0.18061209409414092,0.4999995724869582,-4.2751304180077554e-07,12.897641101598406,0.15027777777777779,0.03138888888888889,0.0050000000000000001,4,0,0,27904.883084170116,3.1065738881776281e-05,1,4,0.0050000000000000001,0.075000000000000011,1,1,1,0,0,0,0,0,0,0.0025395241850281725,0.64123688523033129,0.17627125882106262,-0.32687865635176461,0.17050191271750476,0.075000000000000011,285,0.64123688523033129,0.17627125882106262,0.64123688523033129,0.17627125882106259,0,0.2363888888888889,9.8453052398061314e-05,0.019690610479612264,0.0025395241850281725,2.9928579537011024e-05,2.9928579537011447e-05,0.00036522181070225917,6.4378108321395066e-05,59,8128,1,2,0,1,19.911394375
359,167.04933749632482,197.21978884653799,0.18060802755878597,0.49999944614093816,-5.5385906183591516e-07,12.92417144711756,0.15027777777777779,0.03138888888888889,0.0050000000000000001,4,0,0,27900.592401544545,2.1762400337942529e-06,1,4,0.0050000000000000001,0.075000000000000011,1,1,1,0,0,0,0,0,0,0.0074011158870642222,-0.90980781292261947,0.2114328877622971,-0.32687865635176461,0.17050191271750476,0.075000000000000011,285,-0.90980781292261947,0.2114328877622971,-0.90980781292261947,0.21143288776229707,0,0.86222222222222222,0.00013535369701346707,0.027070739402693413,0.0074011158870642222,8.7222987201510018e-05,8.72229872015101e-05,0.00043070661280071446,9.1065542922772613e-05,16,8144,1,2,0,1,6.6662162499999997
360,167.03822937080696,197.20708120690335,0.18061046234586681,0.4999991384888483,-8.6151115169519343e-07,12.918318358456105,0.15027777777777779,0.03138888888888889,0.0050000000000000001,4,0,0,27904.086178710761,-9.5398039032079991e-06,1,4,0.0050000000000000001,0.075000000000000011,1,1,1,0,0,0,0,0,0,0.0019815111127576973,-0.8028166105670832,0.17765482801655755,-0.6585351984117036,0.17696304341881008,0.075000000000000011,285,-0.8028166105670832,0.17765482801655755,-0.8028166105670832,0.17765482801655758,0,0.89055555555555554,0.0001535580154171601,0.030711603083432019,0.0019815111127576973,2.3352332413791154e-05,2.335233241379094e-05,0.00043882379269347507,7.7959165420532812e-05,20,8164,1,2,0,1,6.6856131249999997
361,167.04137949871591,197.2104050211934,0.18060809610776352,0.49999929916609492,-7.0083390507624799e-07,12.905443651537135,0.15027777777777779,0.03138888888888889,0.0050000000000000001,4,0,0,27904.824227933816,-1.4894699726837163e-05,1,4,0.0050000000000000001,0.075000000000000011,1,1,1,0,0,0,0,0,0,0.0036971331369156724,0.81811674864441897,0.13744829216428553,-0.6585351984117036,0.17050191271750476,0.075000000000000011,285,0.81811674864441897,0.13744829216428553,0.81811674864441897,0.13744829216428556,0,0.14999999999999999,0.00012246657997652582,0.024493315995305163,0.0036971331369156724,4.3571131867709406e-05,4.357113186770923e-05,0.00046919103133168317,6.4489505955339635e-05,37,8201,1,2,0,1,12.205087833333334
362,167.04673606180404,197.21666051422369,0.18060768599068805,0.49999920266771608,-7.9733228391942745e-07,12.888077683679469,0.15027777777777779,0.03138888888888889,0.0050000000000000001,4,0,0,27906.742231018256,-1.1692510546072938e-05,1,4,0.0050000000000000001,0.075000000000000011,1,1,1,0,0,0,0,0,0,0.0047388826759030651,0.89410752557830264,0.22937953899687052,-0.32687865635176461,0.17696304341881008,0.075000000000000011,285,0.89410752557830264,0.22937953899687052,0.89410752557830264,0.22937953899687052,0,0.10111111111111111,9.7953459845999158e-05,0.019590691969199832,0.0047388826759030651,5.5848267922975158e-05,5.5848267922974826e-05,0.00046638321626299765,0.00010697876714228416,80,8281,1,2,0,1,27.501810791666667
363,167.05315840249366,197.22219118719181,0.18059540491901171,0.499999535924184,-4.6407581599794412e-07,12.920485476692425,0.15027777777777779,0.03138888888888889,0.0050000000000000001,4,0,0,27897.712415145153,-1.3926493289209907e-05,1,4,0.0050000000000000001,0.075000000000000011,1,1,1,0,0,0,0,0,0,0.0082648275431378409,-0.93037701923229332,0.13265803780399985,-0.32687865635176461,0.17696304341881008,0.075000000000000011,285,-0.93037701923229332,0.13265803780399985,-0.93037701923229332,0.13265803780399985,0,0.87138888888888888,0.00017102720785198449,0.034205441570396899,0.0082648275431378409,9.7401926684835338e-05,9.7401926684835527e-05,0.00052980468776558432,7.0282850298343226e-05,8,8289,1,2,0,1,3.222067
364,167.03602513215631,197.20487454960693,0.18061283123554628,0.49999941086834243,-5.8913165756901975e-07,12.908425854205882,0.15027777777777779,0.03138888888888889,0.0050000000000000001,4,0,0,27907.319239065877,-3.1189016399269565e-05,1,4,0.0050000000000000001,0.075000000000000011,1,1,1,0,0,0,0,0,0,0.0034835123355334112,-0.8676546990107934,0.14359049131986418,-0.6585351984117036,0.17696304341881008,0.075000000000000011,285,-0.8676546990107934,0.14359049131986418,-0.8676546990107934,0.14359049131986415,0,0.84527777777777779,0.00010109607029223779,0.020219214058447559,0.0034835123355334112,4.1053586580044379e-05,4.105358658004423e-05,0.0005246967943676274,7.534147049720536e-05,34,8323,1,2,0,1,11.225850083333333
365,167.04563799502333,197.21453633232258,0.18060273048373796,0.49999930996791769,-6.9003208230666857e-07,12.895633820984919,0.15027777777777779,0.03138888888888889,0.0050000000000000001,4,0,0,27905.593025532824,-2.8089765322469066e-05,1,4,0.0050000000000000001,0.075000000000000011,1,1,1,0,0,0,0,0,0,0.0035759108623544074,0.66416022299344746,0.2036153273124113,-0.32687865635176461,0.17821886541744886,0.075000000000000011,285,0.66416022299344746,0.2036153273124113,0.66416022299344746,0.2036153273124113,0,0.20833333333333334,0.00010392984591905751,0.020785969183811502,0.0035759108623544074,4.2142513661490604e-05,4.2142513661490239e-05,0.00047700339983441833,9.7125203386418089e-05,58,8381,1,2,0,1,21.065265624999999
366,167.05021078534801,197.21895494807316,0.180596863786605,0.49999943525370649,-5.6474629350766747e-07,12.92363395042296,0.15027777777777779,0.03138888888888889,0.0050000000000000001,4,0,0,27898.346416793305,-3.2657768516168121e-06,1,4,0.0050000000000000001,0.075000000000000011,1,1,1,0,0,0,0,0,0,0.0072334185292117891,-0.93767999161863747,0.13966026173700832,-0.32687865635176461,0.17821886541744886,0.075000000000000011,285,-0.93767999161863747,0.13966026173700832,-0.93767999161863747,0.1396602617370083,0,0.87055555555555553,0.0001388949895291693,0.027778997905833859,0.0072334185292117891,8.5246654886101311e-05,8.5246654886101162e-05,0.0005174174875576331,7.2262661739604282e-05,11,8392,1,2,0,1,4.7819663333333331
367,167.03690406794325,197.20493242093403,0.18060696539681884,0.49999933076843378,-6.6923156621934154e-07,12.917267840987028,0.15027777777777779,0.03138888888888889,0.0050000000000000001,4,0,0,27905.586545551811,-3.1321398728617473e-05,1,4,0.0050000000000000001,0.075000000000000011,1,1,1,0,0,0,0,0,0,0.002064935898508462,-0.74795074089884395,0.12156152965828262,-0.6585351984117036,0.17821886541744886,0.075000000000000011,285,-0.74795074089884395,0.12156152965828262,-0.74795074089884395,0.1215615296582826,0,0.85305555555555557,0.00011929999716962859,0.023859999433925718,0.002064935898508462,2.4335502942514499e-05,2.43355029425148e-05,0.00053010348369798247,6.4440190355511233e-05,22,8414,1,2,0,1,7.4350798749999996
368,167.04166246447573,197.21012218039141,0.18060440294247856,0.499999206846855,-7.9315314499561751e-07,12.910588869488912,0.15027777777777779,0.03138888888888889,0.0050000000000000001,4,0,0,27903.962509511781,-2.7704058448341393e-05,1,4,0.0050000000000000001,0.075000000000000011,1,1,1,0,0,0,0,0,0,0.0020020888299833364,0.65273694197854681,0.13167136757324596,-0.6585351984117036,0.17696304341881008,0.075000000000000011,285,0.65273694197854681,0.13167136757324596,0.65273694197854681,0.13167136757324599,0,0.14416666666666667,0.00010338540711926258,0.020677081423852516,0.0020020888299833364,2.35948431369843e-05,2.3594843136984866e-05,0.00052376974729795593,6.8965478920215309e-05,26,8440,1,2,0,1,9.5308705000000007
369,167.04414474144343,197.21271558183696,0.18060238440018034,0.49999939508695068,-6.0491304931797885e-07,12.902447974779903,0.15027777777777779,0.03138888888888889,0.0050000000000000001,4,0,0,27904.90571121722,-2.8996772580884228e-05,1,4,0.0050000000000000001,0.075000000000000011,1,1,1,0,0,0,0,0,0,0.0024751446410417074,0.90066001870208612,0.1997107649571003,-0.6585351984117036,0.17821886541744886,0.075000000000000011,285,0.90066001870208612,0.1997107649571003,0.90066001870208612,0.1997107649571003,0,0.059166666666666666,9.6318002374912111e-05,0.01926360047498242,0.0024751446410417074,2.9169859334968904e-05,2.9169859334968816e-05,0.00046571661943141461,9.3008622319882571e-05,41,8481,1,2,0,1,13.687285666666666
370,167.04749563048728,197.21653680890768,0.18060157720146239,0.4999994598157157,-5.4018428430335774e-07,12.927081343058452,0.15027777777777779,0.03138888888888889,0.0050000000000000001,4,0,0,27897.980404472095,2.1896145513109099e-06,1,4,0.0050000000000000001,0.075000000000000011,1,1,1,0,0,0,0,0,0,0.0063696141139335648,-0.92200581935624326,0.11355683641237387,-0.73368668142969107,0.17821886541744886,0.075000000000000011,285,-0.92200581935624326,0.11355683641237387,-0.92200581935624326,0.11355683641237387,0,0.92555555555555558,0.00013698818398414405,0.027397636796828811,0.0063696141139335648,7.5066622225066098e-05,7.5066622225066274e-05,0.00051743090924268997,5.8757817115578013e-05,11,8492,1,2,0,1,4.4479777916666663
371,167.0356141910184,197.20393844629172,0.18061013156615488,0.49999931587791097,-6.8412208903412264e-07,12.911898906094885,0.15027777777777779,0.03138888888888889,0.0050000000000000001,4,0,0,27906.523187829582,-1.7557921107732749e-05,1,4,0.0050000000000000001,0.075000000000000011,1,1,1,0,0,0,0,0,0,0.0039824423614753463,-0.93402828759294398,0.11021344284731527,-0.77538367573296352,0.17821886541744886,0.075000000000000011,285,-0.93402828759294398,0.11021344284731527,-0.93402828759294398,0.11021344284731524,0,0.91805555555555551,0.00012766277022744407,0.025532554045488813,0.0039824423614753463,4.6933533324729756e-05,4.6933533324730271e-05,0.00052079331069971094,5.7398423784066692e-05,31,8523,1,2,0,1,10.160551708333333
372,167.04441383372995,197.21222482931785,0.18059754470817482,0.49999946753200714,-5.324679928642162e-07,12.901809240680215,0.15027777777777779,0.03138888888888889,0.0050000000000000001,4,0,0,27905.257820228333,-1.0657639923504623e-05,1,4,0.0050000000000000001,0.075000000000000011,1,1,1,0,0,0,0,0,0,0.0029317547383216906,0.85294841145836453,0.13641968708199595,-0.77538367573296352,0.17696304341881008,0.075000000000000011,285,0.85294841145836453,0.13641968708199595,0.85294841145836453,0.13641968708199598,0,0.07694444444444444,9.8531186468181318e-05,0.019706237293636263,0.0029317547383216906,3.4551060937384325e-05,3.4551060937384413e-05,0.00049949610371412061,6.8141102167356535e-05,42,8565,1,2,0,1,15.492206833333332
373,167.04797022433235,197.21605413493944,0.18059533360443542,0.49999945358661257,-5.4641338742555945e-07,12.891497089707848,0.15027777777777779,0.03138888888888889,0.0050000000000000001,4,0,0,27906.2745630756,-3.1201325222382399e-05,1,4,0.0050000000000000001,0.075000000000000011,1,1,1,0,0,0,0,0,0,0.0030064775961803521,0.93491087883833246,0.2446428276787441,-0.16500968615028763,0.17696304341881008,0.075000000000000011,285,0.93491087883833246,0.2446428276787441,0.93491087883833246,0.24464282767874412,0,0.11333333333333333,0.00012551923883584744,0.025103847767169486,0.0030064775961803521,3.5431678262409291e-05,3.5431678262409352e-05,0.00043752585529169443,0.00010703756242112112,68,8633,1,2,0,1,22.880298875000001
374,167.05159487089873,197.21974176499535,0.18059179211914292,0.49999953652888873,-4.6347111126721074e-07,12.922586642975789,0.15027777777777779,0.03138888888888889,0.0050000000000000001,4,0,0,27897.362286251999,2.5360770669255884e-05,1,4,0.0050000000000000001,0.075000000000000011,1,1,1,0,0,0,0,0,0,0.0079515822215580744,-0.89501088342652235,0.14407206704998063,-0.77538367573296352,0.16017166293552162,0.075000000000000011,285,-0.89501088342652235,0.14407206704998063,-0.89501088342652235,0.1440720670499806,0,0.87083333333333335,0.00017314876330888797,0.034629752661777591,0.0079515822215580744,9.3710295167101775e-05,9.3710295167101856e-05,0.00049018256387875199,7.0621615209870976e-05,8,8641,1,2,0,1,3.2233839583333332
375,167.03516672738002,197.20278102241264,0.18060636503132016,0.4999994626597008,-5.3734029920038395e-07,12.907249297180767,0.15027777777777779,0.03138888888888889,0.0050000000000000001,4,0,0,27907.381557433895,-1.4176151741669817e-05,1,4,0.0050000000000000001,0.075000000000000011,1,1,1,0,0,0,0,0,0,0.0040891497284373853,-0.92864961063895002,0.13344387437671601,-0.77538367573296352,0.14383127918492239,0.075000000000000011,285,-0.92864961063895002,0.13344387437671601,-0.92864961063895002,0.13344387437671604,0,0.84472222222222226,9.7732289535427621e-05,0.019546457907085524,0.0040891497284373853,4.8191091704420072e-05,4.8191091704420675e-05,0.00049623114192168249,6.6219006164411332e-05,35,8676,1,2,0,1,11.547333041666667
376,167.04579178208886,197.21338111589378,0.18059472802019777,0.49999953250096668,-4.6749903331866349e-07,12.903933112227362,0.15027777777777779,0.03138888888888889,0.0050000000000000001,4,0,0,27903.99824203235,-3.3013153899413772e-05,1,4,0.0050000000000000001,0.075000000000000011,1,1,1,0,0,0,0,0,0,0.0013709950417388533,0.52174174773534732,0.20216798350348752,-0.16500968615028763,0.14383127918492239,0.075000000000000011,285,0.52174174773534732,0.20216798350348752,0.52174174773534732,0.20216798350348755,0,0.28083333333333332,0.00012840277546335887,0.025680555092671774,0.0013709950417388533,1.6157331516444614e-05,1.6157331516444377e-05,0.00042714181855202572,8.6354400126675601e-05,48,8724,1,2,0,1,16.226362458333334
377,167.04674804164358,197.2135541320981,0.18058900543777207,0.49999953223088189,-4.6776911810653132e-07,12.89879569435656,0.15027777777777779,0.03138888888888889,0.0050000000000000001,4,0,0,27906.030869478593,1.7146114659498701e-05,1,4,0.0050000000000000001,0.075000000000000011,1,1,1,0,0,0,0,0,0,0.0018878589017385444,0.61328923824226012,0.2031420297773967,-0.11310449658174831,0.14383127918492239,0.075000000000000011,285,0.61328923824226012,0.2031420297773967,0.61328923824226012,0.20314202977739673,0,0.27527777777777779,0.00013718055570884974,0.027436111141769949,0.0018878589017385444,2.2248630522378545e-05,2.2248630522378732e-05,0.00042505494613188964,8.6346524524154081e-05,68,8792,1,2,0,1,23.126905624999999
378,167.04896227407289,197.21648297015872,0.18059088955363137,0.49999959927549464,-4.0072450535610926e-07,12.905607386308441,0.15027777777777779,0.03111111111111111,0.0050000000000000001,4,0,0,27904.22663970909,1.4304213649509919e-05,1,4,0.0050000000000000001,0.075000000000000011,1,1,1,0,0,0,0,0,0,0.00215282330418704,-0.3697043784081912,0.16644483751024833,-0.5588275596535176,0.14383127918492239,0.075000000000000011,285,-0.3697043784081912,0.16644483751024833,-0.3697043784081912,0.16644483751024836,0,0.73944444444444446,9.8131543807023459e-05,0.019626308761404691,0.00215282330418704,2.5371265951451425e-05,2.5371265951451377e-05,0.00042683136894635618,7.1043877848553103e-05,52,8844,1,2,0,1,17.310076583333334
379,167.0454495915821,197.21363330005963,0.18059865612764223,0.49999932276145603,-6.7723854396684047e-07,12.895045586923356,0.15027777777777779,0.03111111111111111,0.0050000000000000001,4,0,0,27905.611281516914,1.8549985759337542e-05,1,4,0.0050000000000000001,0.075000000000000011,1,1,1,0,0,0,0,0,0,0.0030932244511419635,-0.66394857958840847,0.16720666819190705,-0.51682647899829981,0.14383127918492239,0.075000000000000011,285,-0.66394857958840847,0.16720666819190705,-0.66394857958840847,0.16720666819190708,0,0.72305555555555556,0.00011413540379919852,0.022827080759839705,0.0030932244511419635,3.6453999752241982e-05,3.6453999752241616e-05,0.00043411550936362897,7.2587007931125024e-05,60,8904,1,2,0,1,19.926849624999999
380,167.05007523531114,197.2183934920979,0.18059446075849336,0.49999951653719149,-4.8346280850930512e-07,12.923794591142777,0.15027777777777779,0.03111111111111111,0.0050000000000000001,4,0,0,27897.400566044769,5.6205444632091831e-06,1,4,0.0050000000000000001,0.075000000000000011,1,1,1,0,0,0,0,0,0,0.0073341429546219649,-0.87302186597762166,0.15744445348041827,-0.51682647899829981,0.14383127918492239,0.075000000000000011,285,-0.87302186597762166,0.15744445348041827,-0.87302186597762166,0.15744445348041833,0,0.84916666666666663,0.00013664260823909003,0.027328521647818006,0.0073341429546219649,8.6433703623412211e-05,8.6433703623412089e-05,0.00044548259076197485,7.013876303755996e-05,8,8912,1,2,0,1,3.2193379166666665
381,167.03497710758683,197.20278530529504,0.18060773090822288,0.4999994856737584,-5.1432624159630791e-07,12.909137964571075,0.15027777777777779,0.03111111111111111,0.0050000000000000001,4,0,0,27906.906493498736,2.5424548538770053e-05,1,4,0.0050000000000000001,0.075000000000000011,1,1,1,0,0,0,0,0,0,0.0040021500141788763,-0.91821614463250645,0.1525549488965344,-0.70594966024362615,0.14831350797325751,0.075000000000000011,285,-0.91821614463250645,0.1525549488965344,-0.91821614463250645,0.15255494889653443,0,0.91805555555555551,9.6166345884196461e-05,0.01923326917683929,0.0040021500141788763,4.7165790239195343e-05,4.7165790239195763e-05,0.00044571484767644032,6.7996005809705965e-05,34,8946,1,2,0,1,11.106566708333334
382,167.04464379439824,197.2124494442842,0.18059726408837795,0.49999934065296747,-6.5934703252779059e-07,12.89665293660458,0.15027777777777779,0.03111111111111111,0.0050000000000000001,4,0,0,27905.726113196422,2.0709373130598519e-05,1,4,0.0050000000000000001,0.075000000000000011,1,1,1,0,0,0,0,0,0,0.0034589077483526964,0.7877251287767294,0.15335485375799571,-0.70594966024362615,0.14831350797325751,0.075000000000000011,285,0.7877251287767294,0.15335485375799571,0.7877251287767294,0.15335485375799573,0,0.15444444444444444,9.4953954902817148e-05,0.01899079098056343,0.0034589077483526964,4.076361873931473e-05,4.0763618739314615e-05,0.00045192740547837047,6.9305261176365936e-05,60,9006,1,2,0,1,20.122241375000002
383,167.04983710060208,197.21715403355012,0.18058872403916468,0.49999930765218026,-6.9234781974181203e-07,12.924352276739667,0.15027777777777779,0.03111111111111111,0.0050000000000000001,4,0,0,27899.762340893074,2.770758907144054e-05,1,4,0.0050000000000000001,0.075000000000000011,1,1,1,0,0,0,0,0,0,0.0074553829729283186,-0.91750189041925967,0.24122371494131489,-0.70594966024362615,0.15295490132726505,0.075000000000000011,285,-0.91750189041925967,0.24122371494131489,-0.91750189041925967,0.24122371494131489,0,0.86388888888888893,0.00013727799536595372,0.027455599073190742,0.0074553829729283186,8.7862530941672281e-05,8.7862530941672917e-05,0.00050435825815763405,0.00012166317269411522,14,9020,1,2,0,1,5.6669062083333337
384,167.03739824919936,197.20325321044839,0.18059341966189676,0.49999934094122123,-6.5905877877359131e-07,12.91641613562407,0.15027777777777779,0.03111111111111111,0.0050000000000000001,4,0,0,27904.250125497092,-2.6315177702913021e-05,1,4,0.0050000000000000001,0.075000000000000011,1,1,1,0,0,0,0,0,0,0.0022610964850445451,-0.88212766371797691,0.1652987877327364,-0.70594966024362615,0.15539965361920699,0.075000000000000011,285,-0.88212766371797691,0.1652987877327364,-0.88212766371797691,0.16529878773273643,0,0.93361111111111106,0.00012546800953415989,0.025093601906831978,0.0022610964850445451,2.6647277624867747e-05,2.6647277624867076e-05,0.00043729524061539928,7.2284373155020773e-05,22,9042,1,2,0,1,7.4606279999999998
385,167.04231529736043,197.20841295356723,0.18058955661927106,0.49999951018081218,-4.8981918782109446e-07,12.908275536709086,0.15027777777777779,0.03111111111111111,0.0050000000000000001,4,0,0,27904.426325999037,3.4052602939082219e-05,1,4,0.0050000000000000001,0.075000000000000011,1,1,1,0,0,0,0,0,0,0.0025034809927013588,0.83196214529742785,0.16345268660549711,-0.70594966024362615,0.15539965361920699,0.075000000000000011,285,0.83196214529742785,0.16345268660549711,0.83196214529742785,0.16345268660549711,0,0.066111111111111107,0.00010177039937453923,0.020354079874907845,0.0025034809927013588,2.9503806441846006e-05,2.9503806441846043e-05,0.00041860795535282461,6.8422594936853163e-05,27,9069,1,2,0,1,9.0976556666666664
386,167.04523134198402,197.21227714746462,0.18059208013978556,0.49999938366195218,-6.1633804782079693e-07,12.896015695941454,0.15027777777777779,0.03111111111111111,0.0050000000000000001,4,0,0,27905.802114194754,1.7051694936902894e-05,1,4,0.0050000000000000001,0.075000000000000011,1,1,1,0,0,0,0,0,0,0.003377963749802506,0.87192600640925411,0.1665426311315833,-0.51682647899829981,0.16044857004295771,0.075000000000000011,285,0.87192600640925411,0.1665426311315833,0.87192600640925411,0.1665426311315833,0,0.098611111111111108,0.00012100349377290237,0.024200698754580474,0.003377963749802506,3.9809684568128168e-05,3.9809684568127992e-05,0.00044226030840450819,7.3655195406752274e-05,60,9129,1,2,0,1,20.263370125000002
387,167.0502120689261,197.21657743959707,0.1805826224166906,0.49999937823253604,-6.2176746395969928e-07,12.924303430819522,0.15027777777777779,0.03111111111111111,0.0050000000000000001,4,0,0,27899.119676496772,3.2613421941961622e-06,1,4,0.0050000000000000001,0.075000000000000011,1,1,1,0,0,0,0,0,0,0.0075023885853121074,-0.93200528682162131,0.20199965764949326,-0.51682647899829981,0.16437573716911674,0.075000000000000011,285,-0.93200528682162131,0.20199965764949326,-0.93200528682162131,0.20199965764949329,0,0.89916666666666667,0.00013784315668678482,0.027568631337356962,0.0075023885853121074,8.8416497396179002e-05,8.8416497396179191e-05,0.00050842817527830869,0.00010270231734557491,13,9142,1,2,0,1,5.2766117083333333
388,167.03712777662574,197.20213042964886,0.18058860957763814,0.49999935182914379,-6.4817085621005077e-07,12.917320529478998,0.15027777777777779,0.03111111111111111,0.0050000000000000001,4,0,0,27904.723202562327,-2.3098774162104886e-05,1,4,0.0050000000000000001,0.075000000000000011,1,1,1,0,0,0,0,0,0,0.0020740923715963492,-0.81640210876865682,0.14258175061152273,-0.74017534417853259,0.16437573716911674,0.075000000000000011,285,-0.81640210876865682,0.14258175061152273,-0.81640210876865682,0.14258175061152273,0,0.8569444444444444,0.00011234618302352368,0.022469236604704734,0.0020740923715963492,2.4443413012717786e-05,2.4443413012717616e-05,0.00050750032233957498,7.2360284395088674e-05,22,9164,1,2,0,1,7.3625332083333337
389,167.04214801348624,197.20733370688998,0.18058427799293109,0.49999945190592499,-5.4809407501466012e-07,12.907309442570892,0.15027777777777779,0.03111111111111111,0.0050000000000000001,4,0,0,27904.68244045593,-2.2265779588213721e-05,1,4,0.0050000000000000001,0.075000000000000011,1,1,1,0,0,0,0,0,0,0.0029115933286763688,0.77213219783303289,0.14059952757743099,-0.74017534417853259,0.16044857004295771,0.075000000000000011,285,0.77213219783303289,0.14059952757743099,0.77213219783303289,0.14059952757743099,0,0.14305555555555555,0.00010730726681060573,0.021461453362121147,0.0029115933286763688,3.4313456446076209e-05,3.4313456446076182e-05,0.00050535977903340954,7.1053346188732302e-05,32,9196,1,2,0,1,10.584543666666667
390,167.045956371854,197.21157624700086,0.18058276015970381,0.49999941552130533,-5.8447869466515812e-07,12.923035423703322,0.15027777777777779,0.03111111111111111,0.0050000000000000001,4,0,0,27901.54980472121,-2.8122975193986537e-05,1,4,0.0050000000000000001,0.075000000000000011,1,1,1,0,0,0,0,0,0,0.0056182857776511308,-0.76647064548387234,0.16838132150096885,-0.71520961253614046,0.16437573716911674,0.075000000000000011,285,-0.76647064548387234,0.16838132150096885,-0.76647064548387234,0.16838132150096888,0,0.81416666666666671,0.00014846405363819087,0.029692810727638175,0.0056182857776511308,6.62121328670175e-05,6.6212132867017961e-05,0.0004851382082770154,8.168821262029612e-05,48,9244,1,2,0,1,17.414241208333333
391,167.0423220438939,197.20730239744023,0.18058286058559364,0.4999994598491998,-5.4015080019897965e-07,12.912965612314228,0.15027777777777779,0.03111111111111111,0.0050000000000000001,4,0,0,27905.287200510294,-1.117537032993733e-05,1,4,0.0050000000000000001,0.075000000000000011,1,1,1,0,0,0,0,0,0,0.0036243252420326104,-0.83805652527703245,0.15079963702976373,-0.71520961253614046,0.16437573716911674,0.075000000000000011,285,-0.83805652527703245,0.15079963702976373,-0.83805652527703245,0.15079963702976373,0,0.84444444444444444,0.00011443942773988251,0.022887885547976501,0.0036243252420326104,4.2713082597780567e-05,4.2713082597780377e-05,0.00048068550063560004,7.2487199021318752e-05,37,9281,1,2,0,1,12.02576
392,167.04444437461603,197.20955538111522,0.18058134839163234,0.49999948074081768,-5.1925918231887636e-07,12.900346199282778,0.15027777777777779,0.03111111111111111,0.0050000000000000001,4,0,0,27905.704157458698,-1.8352087439324376e-05,1,4,0.0050000000000000001,0.075000000000000011,1,1,1,0,0,0,0,0,0,0.0037440996315028364,0.82020116072655547,0.14081337727037449,-0.71520961253614046,0.16437573716911674,0.075000000000000011,285,0.82020116072655547,0.14081337727037449,0.82020116072655547,0.14081337727037455,0,0.20305555555555554,9.3034208708294209e-05,0.018606841741658841,0.0037440996315028364,4.4124637314561821e-05,4.4124637314561733e-05,0.00048404651921084713,6.8160225126048593e-05,53,9334,1,2,0,1,18.4821375
393,167.04934910322467,197.21481584048874,0.18057817584565353,0.49999913628932857,-8.6371067142820834e-07,12.914770157286396,0.15027777777777779,0.03111111111111111,0.0050000000000000001,4,0,0,27902.893335498426,-2.0108962789505444e-05,1,4,0.0050000000000000001,0.075000000000000011,1,1,1,0,0,0,0,0,0,0.0039059209696651579,-0.78914810037812722,0.16767273853558981,-0.77780937293099983,0.16437573716911674,0.075000000000000011,285,-0.78914810037812722,0.16767273853558981,-0.78914810037812722,0.16767273853558984,0,0.82944444444444443,0.00011162628521403092,0.022325257042806183,0.0039059209696651579,4.6031720073816139e-05,4.6031720073815719e-05,0.00044221570834298988,7.4147518841324782e-05,22,9356,1,2,0,1,8.0542267916666663
394,167.04214947107951,197.20784769754286,0.18058734470299678,0.49999945453881378,-5.4546118621878747e-07,12.910430081175036,0.15027777777777779,0.03111111111111111,0.0050000000000000001,4,0,0,27903.868902343143,1.4449807071507923e-05,1,4,0.0050000000000000001,0.075000000000000011,1,1,1,0,0,0,0,0,0,0.0018772079370161731,-0.48391442690243108,0.17309915706521004,-0.71520961253614046,0.16587181262149236,0.075000000000000011,285,-0.48391442690243108,0.17309915706521004,-0.48391442690243108,0.17309915706521006,0,0.71277777777777773,0.0001207473487795172,0.02414946975590344,0.0018772079370161731,2.2123107699355756e-05,2.2123107699355668e-05,0.00043769153841747844,7.5764036354640518e-05,37,9393,1,2,0,1,12.242377708333333
395,167.04361598999725,197.2102815903371,0.18059155042564612,0.49999933644132794,-6.6355867206491226e-07,12.896435285759233,0.15027777777777779,0.03111111111111111,0.0050000000000000001,4,0,0,27905.638750095801,-1.160068107211978e-05,1,4,0.0050000000000000001,0.075000000000000011,1,1,1,0,0,0,0,0,0,0.0038907463456878178,0.5199263023859616,0.17256625687890148,-0.57393150324541975,0.1664937343209158,0.075000000000000011,285,0.5199263023859616,0.17256625687890148,0.5199263023859616,0.17256625687890145,0,0.34472222222222221,9.1049567622093265e-05,0.018209913524418652,0.0038907463456878178,4.5852885415210585e-05,4.585288541521045e-05,0.00045404061739084283,7.8352089814123205e-05,66,9459,1,2,0,1,22.388856416666666
396,167.05037403726561,197.21562053540882,0.1805757495126227,0.49999931458881935,-6.8541118064535667e-07,12.924969390049657,0.15027777777777779,0.03111111111111111,0.0050000000000000001,4,0,0,27898.109424071619,3.3349771025630181e-06,1,4,0.0050000000000000001,0.075000000000000011,1,1,1,0,0,0,0,0,0,0.0073528324780563663,-0.92497437974304031,0.20886210925561202,-0.71520961253614046,0.1664937343209158,0.075000000000000011,285,-0.92497437974304031,0.20886210925561202,-0.92497437974304031,0.20886210925561197,0,0.73972222222222217,0.00015088609042204147,0.030177218084408292,0.0073528324780563663,8.665396176937238e-05,8.6653961769372705e-05,0.00050088489459208753,0.00010461587557877829,9,9468,1,2,0,1,4.0356972500000001
397,167.03557034572663,197.20018067342119,0.18058794462317518,0.49999912019832388,-8.7980167612355942e-07,12.913966421707224,0.15027777777777779,0.03111111111111111,0.0050000000000000001,4,0,0,27905.877574714559,-3.0698005405714819e-05,1,4,0.0050000000000000001,0.075000000000000011,1,1,1,0,0,0,0,0,0,0.0029805679801124972,-0.89488478918830761,0.16900806443449728,-0.77780937293099983,0.1664937343209158,0.075000000000000011,285,-0.89488478918830761,0.16900806443449728,-0.89488478918830761,0.16900806443449731,0,0.85805555555555557,0.00011303370951282975,0.022606741902565952,0.0029805679801124972,3.5126330508750626e-05,3.5126330508750212e-05,0.00044759472770465857,7.5647118580450203e-05,26,9494,1,2,0,1,9.0135103333333326
398,167.04325020909369,197.20730914951878,0.18057634117312565,0.49999935636050563,-6.4363949436874179e-07,12.905421569604455,0.15027777777777779,0.03111111111111111,0.0050000000000000001,4,0,0,27904.575967271972,1.8288557799084461e-05,1,4,0.0050000000000000001,0.075000000000000011,1,1,1,0,0,0,0,0,0,0.0026334437109105423,0.70320615928582952,0.18001463994364353,-0.77780937293099983,0.16687464966174517,0.075000000000000011,285,0.70320615928582952,0.18001463994364353,0.70320615928582952,0.18001463994364353,0,0.19111111111111112,0.0001276159356134831,0.025523187122696619,0.0026334437109105423,3.1035431764298505e-05,3.103543176429839e-05,0.00045418674645623935,8.1760263630494838e-05,36,9530,1,2,0,1,12.453837916666666
399,167.04636597242504,197.21165380223187,0.18058032962408965,0.49999934466662493,-6.5533337506584743e-07,12.906419452569088,0.15027777777777779,0.03111111111111111,0.0050000000000000001,4,0,0,27904.541799395454,1.598128394696035e-05,1,4,0.0050000000000000001,0.075000000000000011,1,1,1,0,0,0,0,0,0,0.002287757607425037,-0.3104936558909378,0.15799434371679594,-0.77780937293099983,0.16592070943215986,0.075000000000000011,285,-0.3104936558909378,0.15799434371679594,-0.3104936558909378,0.15799434371679594,0,0.61944444444444446,0.00016166936567589386,0.03233387313517877,0.002287757607425037,2.6961481965355919e-05,2.6961481965355922e-05,0.00044683477197551911,7.0597366548116297e-05,52,9582,1,2,0,1,18.495914666666668
400,167.04772449674437,197.21140644688734,0.18056924774650757,0.49999956291127667,-4.3708872332626214e-07,12.902806648652593,0.15027777777777779,0.03111111111111111,0.0050000000000000001,4,0,0,27904.790131846115,1.8806094672813144e-05,1,4,0.0050000000000000001,0.075000000000000011,1,1,1,0,0,0,0,0,0,0.0023900968641054764,-0.52221601805143525,0.25859139168310008,-0.64434333176765379,0.16710768483358657,0.075000000000000011,285,-0.52221601805143525,0.25859139168310008,-0.52221601805143525,0.25859139168310014,0,0.77527777777777773,0.00010109156000671189,0.020218312001342376,0.0023900968641054764,2.816756167169474e-05,2.816756167169516e-05,0.00040879020078019636,0.00010570962692616487,54,9636,1,2,0,1,18.045919874999999
401,167.04802742840081,197.21078600313885,0.18056339269056157,0.49999939527208992,-6.0472791008070459e-07,12.901431722582798,0.15027777777777779,0.03111111111111111,0.0050000000000000001,4,0,0,27905.541507897506,1.5548498906207963e-05,1,4,0.0050000000000000001,0.075000000000000011,1,1,1,0,0,0,0,0,0,0.00099881739259746294,0.42242554781291936,0.22053795354885838,-0.50306522247693319,0.16802703001827934,0.075000000000000011,285,0.42242554781291936,0.22053795354885838,0.42242554781291936,0.22053795354885838,0,0.36499999999999999,8.7007439300416386e-05,0.017401487860083276,0.00099881739259746294,1.1771175857878869e-05,1.1771175857879299e-05,0.00037784829404029528,8.3329889519574021e-05,45,9681,1,2,0,1,15.773260291666666
402,167.04829860843509,197.21093970252727,0.18056239629709775,0.49999935191859102,-6.480814089826481e-07,12.926995385301227,0.15027777777777779,0.03111111111111111,0.0050000000000000001,4,0,0,27898.499458271741,2.2263152415289964e-05,1,4,0.0050000000000000001,0.075000000000000011,1,1,1,0,0,0,0,0,0,0.0068165595474749046,-0.37795254151068575,0.25878805189890652,-0.50306522247693319,0.16869469296773307,0.075000000000000011,285,-0.37795254151068575,0.25878805189890652,-0.37795254151068575,0.25878805189890652,0,0.80388888888888888,0.00012645406663477809,0.025290813326955618,0.0068165595474749046,8.0333924673023471e-05,8.0333924673023431e-05,0.00041405758139875695,0.00010715315486415722,13,9694,1,2,0,1,5.288733791666667
403,167.03668074200286,197.19816147324326,0.18056800815999471,0.49999931178365148,-6.8821634852112012e-07,12.919034379633192,0.15027777777777779,0.03111111111111111,0.0050000000000000001,4,0,0,27904.947200009974,-3.4781884482669098e-06,1,4,0.0050000000000000001,0.075000000000000011,1,1,1,0,0,0,0,0,0,0.0024356707688454188,-0.85690091962687809,0.17534153604805253,-0.50306522247693319,0.16869469296773307,0.075000000000000011,285,-0.85690091962687809,0.17534153604805253,-0.85690091962687809,0.17534153604805255,0,0.87722222222222224,0.0001290589570825269,0.025811791416505379,0.0024356707688454188,2.8704655289807458e-05,2.8704655289807407e-05,0.00039673051661474868,6.9563338180367456e-05,22,9716,1,2,0,1,7.0962501666666666
404,167.0414865616136,197.20322159330468,0.18056433555843543,0.49999930011102933,-6.9988897066775024e-07,12.908146117163206,0.15027777777777779,0.03111111111111111,0.0050000000000000001,4,0,0,27904.892859460189,-7.3382989399042798e-06,1,4,0.0050000000000000001,0.075000000000000011,1,1,1,0,0,0,0,0,0,0.0031230629882627397,0.82312661087156958,0.16355894757472028,-0.43093348420655841,0.16869469296773307,0.075000000000000011,285,0.82312661087156958,0.16355894757472028,0.82312661087156958,0.16355894757472028,0,0.11638888888888889,0.0001176648939404748,0.02353297878809496,0.0031230629882627397,3.6805650284555103e-05,3.6805650284555076e-05,0.00041141305919994807,6.7290286981239595e-05,32,9748,1,2,0,1,11.3186695
405,167.04582079367839,197.20816142195582,0.18056327590219418,0.49999940914566249,-5.9085433751215888e-07,12.89661352829447,0.15027777777777779,0.03111111111111111,0.0050000000000000001,4,0,0,27905.7058650322,-2.3025074506386354e-06,1,4,0.0050000000000000001,0.075000000000000011,1,1,1,0,0,0,0,0,0,0.003166063072881017,0.89603173529042324,0.16743546175787408,-0.43093348420655841,0.16869469296773307,0.075000000000000011,285,0.89603173529042324,0.16743546175787408,0.89603173529042324,0.16743546175787408,0,0.11333333333333333,8.8323918156563109e-05,0.01766478363131262,0.003166063072881017,3.7312411141641421e-05,3.731241114164134e-05,0.00040287258492637901,6.7455157286736611e-05,60,9808,1,2,0,1,20.158938041666666
406,167.05054068055549,197.21217935526161,0.1805539721800907,0.4999993979202414,-6.0207975860482321e-07,12.925230069421904,0.14999999999999999,0.03111111111111111,0.0050000000000000001,4,0,0,27899.04140690032,-6.406970490689064e-06,1,4,0.0050000000000000001,0.075000000000000011,1,1,1,0,0,0,0,0,0,0.0076095850079962038,-0.92779919716728321,0.17016975184454766,-0.50306522247693319,0.16958890813952249,0.075000000000000011,285,-0.92779919716728321,0.17016975184454766,-0.92779919716728321,0.17016975184454763,0,0.88027777777777783,0.00014073608160888418,0.028147216321776834,0.0076095850079962038,8.9679819352826736e-05,8.9679819352826533e-05,0.00040589844250983278,6.9071637235986638e-05,13,9821,1,2,0,1,5.6604441666666663
407,167.03700512212316,197.19741055236398,0.1805612200014608,0.4999993431882237,-6.5681177630061427e-07,12.916699775656818,0.14999999999999999,0.03111111111111111,0.0050000000000000001,4,0,0,27904.934752032685,2.4502160873467986e-05,1,4,0.0050000000000000001,0.075000000000000011,1,1,1,0,0,0,0,0,0,0.0023592952749611857,-0.8998153816456963,0.1701772014124282,-0.50306522247693319,0.16958890813952249,0.075000000000000011,285,-0.8998153816456963,0.1701772014124282,-0.8998153816456963,0.17017720141242818,0,0.93111111111111111,0.00012190884162265842,0.024381768324531684,0.0023592952749611857,2.7804561462440576e-05,2.7804561462440383e-05,0.00039857667346352295,6.782866283829757e-05,22,9843,1,2,0,1,7.6204252083333337
408,167.04257186962005,197.20316490259103,0.18055632582400555,0.49999954891352438,-4.5108647561686865e-07,12.907599723960081,0.14999999999999999,0.03111111111111111,0.0050000000000000001,4,0,0,27904.816764964471,-3.0957908147950637e-06,1,4,0.0050000000000000001,0.075000000000000011,1,1,1,0,0,0,0,0,0,0.0027162351656948593,0.8259416585743754,0.17117262789127452,-0.43093348420655841,0.17017347662848792,0.075000000000000011,285,0.8259416585743754,0.17117262789127452,0.8259416585743754,0.17117262789127452,0,0.061944444444444448,0.00010389327929485669,0.020778655858971339,0.0027162351656948593,3.2011138416003339e-05,3.2011138416003461e-05,0.00039955238011522804,6.8392430884536999e-05,28,9871,1,2,0,1,9.906130833333334
409,167.04594009590502,197.20750145192608,0.18055848192841195,0.49999938539738087,-6.1460261913115488e-07,12.896368425350932,0.14999999999999999,0.03111111111111111,0.0050000000000000001,4,0,0,27905.728542846682,-1.7051835632572907e-06,1,4,0.0050000000000000001,0.075000000000000011,1,1,1,0,0,0,0,0,0,0.0031489948015506744,0.8840689614455689,0.17880942288040688,-0.43093348420655841,0.17067491465185136,0.075000000000000011,285,0.8840689614455689,0.17880942288040688,0.8840689614455689,0.17880942288040685,0,0.11944444444444445,0.00011918433469028443,0.023836866938056884,0.0031489948015506744,3.7111259634961138e-05,3.7111259634961274e-05,0.00040970215778483334,7.3258606386363454e-05,60,9931,1,2,0,1,20.343953625000001
410,167.05046962126988,197.21110311462189,0.18054803175190698,0.49999945876730317,-5.4123269682682107e-07,12.924753924497709,0.14999999999999999,0.03111111111111111,0.0050000000000000001,4,0,0,27899.492811858963,3.0518174494020495e-06,1,4,0.0050000000000000001,0.075000000000000011,1,1,1,0,0,0,0,0,0,0.0077718124282315244,-0.91034904598626432,0.19831719709054713,-0.43093348420655841,0.171869442385088,0.075000000000000011,285,-0.91034904598626432,0.19831719709054713,-0.91034904598626432,0.19831719709054713,0,0.87416666666666665,0.00014078301975292885,0.028156603950585769,0.0077718124282315244,9.159168783520665e-05,9.1591687835206785e-05,0.00047312628394834496,9.3829078502502092e-05,15,9946,1,2,0,1,6.1073370833333334
411,167.0383963815263,197.19706578759465,0.1805493231459433,0.49999920684483073,-7.9315516926525831e-07,12.916175820331302,0.14999999999999999,0.03111111111111111,0.0050000000000000001,4,0,0,27905.236186300255,-2.7544575956117725e-05,1,4,0.0050000000000000001,0.075000000000000011,1,1,1,0,0,0,0,0,0,0.0027935224176380102,-0.81349714385464333,0.16068885675910147,-0.43093348420655841,0.171869442385088,0.075000000000000011,285,-0.81349714385464333,0.16068885675910147,-0.81349714385464333,0.16068885675910141,0,0.88277777777777777,0.00010853266520410349,0.021706533040820698,0.0027935224176380102,3.2921977415141261e-05,3.2921977415140888e-05,0.0004942770855056065,7.9424819792116546e-05,28,9974,1,2,0,1,9.2416222916666673
412,167.04311746296466,197.20237746901415,0.18054775595729733,0.49999954724610601,-4.5275389398691246e-07,12.907421407435873,0.14999999999999999,0.03111111111111111,0.0050000000000000001,4,0,0,27904.684238230413,-2.9550090893502753e-05,1,4,0.0050000000000000001,0.075000000000000011,1,1,1,0,0,0,0,0,0,0.0027418125931157867,0.7221945143463544,0.19634432248031772,-0.43093348420655841,0.17283270697205577,0.075000000000000011,285,0.7221945143463544,0.19634432248031772,0.7221945143463544,0.19634432248031772,0,0.14499999999999999,0.00010494173622772639,0.020988347245545276,0.0027418125931157867,3.2312571288914082e-05,3.2312571288914441e-05,0.00044625573212149754,8.7619779376353591e-05,28,10002,1,2,0,1,9.2588790416666669
413,167.04600617116199,197.20601883375483,0.18054913944898321,0.4999992789944967,-7.2100550330134183e-07,12.888472038280399,0.14999999999999999,0.03111111111111111,0.0050000000000000001,4,0,0,27906.874885005622,1.8434205223118339e-05,1,4,0.0050000000000000001,0.075000000000000011,1,1,1,0,0,0,0,0,0,0.0050947154544914094,0.86213845632959685,0.23740407492900978,-0.3442230987008118,0.17422034655663127,0.075000000000000011,285,0.86213845632959685,0.23740407492900978,0.86213845632959685,0.23740407492900978,0,0.12083333333333333,0.00010143475762667982,0.020286951525335963,0.0050947154544914094,6.004179743477965e-05,6.0041797434779732e-05,0.00047759287426646986,0.00011338249450791815,83,10085,1,2,0,1,28.553358750000001
414,167.05375558559237,197.21270558681482,0.18053440280646718,0.49999953520859169,-4.6479140830557597e-07,12.921014215480634,0.14999999999999999,0.03111111111111111,0.0050000000000000001,4,0,0,27897.701192506051,1.7981872188933072e-05,1,4,0.0050000000000000001,0.075000000000000011,1,1,1,0,0,0,0,0,0,0.0083222910332857933,-0.9455059374302307,0.13726901391788068,-0.3442230987008118,0.173953896463477,0.075000000000000011,285,-0.9455059374302307,0.13726901391788068,-0.9455059374302307,0.13726901391788071,0,0.88249999999999995,0.00017202712668559794,0.034405425337119586,0.0083222910332857933,9.8079140410739724e-05,9.8079140410739507e-05,0.00053886636439265433,7.3969654473693037e-05,8,10093,1,2,0,1,3.2112206250000002
415,167.03648241491467,197.19504004720613,0.18055072278987724,0.49999939098541324,-6.0901458676099196e-07,12.908633035799358,0.14999999999999999,0.03111111111111111,0.0050000000000000001,4,0,0,27907.359286810773,-1.1460926704415345e-05,1,4,0.0050000000000000001,0.075000000000000011,1,1,1,0,0,0,0,0,0,0.0035182495669233873,-0.88213014588542737,0.12790745068092294,-0.45008427978106047,0.17325708196966352,0.075000000000000011,285,-0.88213014588542737,0.12790745068092294,-0.88213014588542737,0.12790745068092296,0,0.81194444444444447,9.9185301180682749e-05,0.019837060236136548,0.0035182495669233873,4.1462968777969355e-05,4.1462968777968915e-05,0.00054301692202898193,6.9455910173328583e-05,34,10127,1,2,0,1,11.252914666666667
416,167.04620577985457,197.20471198156258,0.18053990547653051,0.49999929703349405,-7.0296650594992016e-07,12.896621092660986,0.14999999999999999,0.03111111111111111,0.0050000000000000001,4,0,0,27906.123842163423,-5.7760000728621225e-06,1,4,0.0050000000000000001,0.075000000000000011,1,1,1,0,0,0,0,0,0,0.0032699331212400146,0.72765845404241059,0.21220975853755411,-0.3442230987008118,0.17325708196966352,0.075000000000000011,285,0.72765845404241059,0.21220975853755411,0.72765845404241059,0.21220975853755408,0,0.16222222222222221,0.00011201351213477639,0.022402702426955277,0.0032699331212400146,3.8536531400921786e-05,3.8536531400921413e-05,0.00049187363407707674,0.0001043803851184857,60,10187,1,2,0,1,20.979204291666665
417,167.05081613696962,197.20879841449147,0.18053178652413457,0.49999944412179931,-5.558782006920282e-07,12.9240554705737,0.14999999999999999,0.03111111111111111,0.0050000000000000001,4,0,0,27898.402359636755,1.6265616829967503e-05,1,4,0.0050000000000000001,0.075000000000000011,1,1,1,0,0,0,0,0,0,0.0070392448098648593,-0.93693160925045171,0.11494692312975896,-0.3442230987008118,0.17325708196966352,0.075000000000000011,285,-0.93693160925045171,0.11494692312975896,-0.93693160925045171,0.11494692312975895,0,0.9244444444444444,0.00012748874478445146,0.025497748956890293,0.0070392448098648593,8.2958295658127525e-05,8.2958295658127322e-05,0.00054702736827276369,6.2879112850723712e-05,10,10197,1,2,0,1,4.0386061666666668
418,167.03717880827739,197.19485256065519,0.18054467854125039,0.49999930484868094,-6.9515131906339178e-07,12.912336864198965,0.14999999999999999,0.03111111111111111,0.0050000000000000001,4,0,0,27906.563767300762,-3.7659379266203144e-06,1,4,0.0050000000000000001,0.075000000000000011,1,1,1,0,0,0,0,0,0,0.0031091172200543062,-0.9174881427524032,0.10934306155782848,-0.45008427978106047,0.17067491465185136,0.075000000000000011,285,-0.9174881427524032,0.10934306155782848,-0.9174881427524032,0.10934306155782847,0,0.85277777777777775,0.00011070988211712205,0.022141976423424411,0.0031091172200543062,3.6641297830071115e-05,3.6641297830071109e-05,0.00055165752768683129,6.0319923008700663e-05,27,10224,1,2,0,1,9.4823067499999993
419,167.04486645020538,197.20224359542894,0.18053459400509753,0.49999928440967106,-7.1559032893686592e-07,12.903675577376541,0.14999999999999999,0.03111111111111111,0.0050000000000000001,4,0,0,27905.086881097788,1.6319186610910779e-06,1,4,0.0050000000000000001,0.075000000000000011,1,1,1,0,0,0,0,0,0,0.0026699776062395859,0.76635492085982171,0.11251037483158925,-0.45008427978106047,0.17067491465185136,0.075000000000000011,285,0.76635492085982171,0.11251037483158925,0.76635492085982171,0.11251037483158925,0,0.19222222222222221,0.00012370865966401128,0.024741731932802255,0.0026699776062395859,3.1465987849803949e-05,3.1465987849803861e-05,0.00054601225590167389,6.1432043574138957e-05,34,10258,1,2,0,1,11.701014750000001
420,167.04779197630216,197.20599768116705,0.18053639229869739,0.4999995022499657,-4.9775003430063691e-07,12.887643069750505,0.14999999999999999,0.03111111111111111,0.0050000000000000001,4,0,0,27907.323275585284,-4.9205983770794816e-06,1,4,0.0050000000000000001,0.075000000000000011,1,1,1,0,1,1,0,1,0,0.0043498505808743405,0.90850860394256194,0.25657646832141662,0.022236503151116804,0.17067491465185136,0.075000000000000011,285,0.90850860394256194,0.25657646832141662,0.90850860394256194,0.25657646832141667,0,0.11527777777777778,8.1765149534231881e-05,0.016353029906846377,0.0043498505808743405,5.1263480714741478e-05,5.1263480714741051e-05,0.00050568404878120819,0.00012974662732275735,80,10338,1,2,0,1,28.135057583333332
421,167.05420531856663,197.21162823520061,0.18052477553094104,0.49999953535854014,-4.6464145986302441e-07,12.920527449916966,0.14999999999999999,0.03111111111111111,0.0050000000000000001,4,0,0,27897.787610097981,4.2126630316895855e-05,1,4,0.0050000000000000001,0.075000000000000011,1,1,1,0,0,0,0,0,0,0.0083969009346982985,-0.94183256711037788,0.10679697195489384,-0.59572484268266457,0.17017347662848792,0.075000000000000011,285,-0.94183256711037788,0.10679697195489384,-0.94183256711037788,0.10679697195489386,0,0.9177777777777778,0.00016673227425343737,0.033346454850687476,0.0083969009346982985,9.8958426531280426e-05,9.8958426531280019e-05,0.00057172049789734733,6.1058017979980945e-05,8,10346,1,2,0,1,3.6516468333333334
422,167.03683246658602,197.19370376369255,0.18054024882888689,0.49999926162270109,-7.3837729891446102e-07,12.909123566898367,0.14999999999999999,0.03111111111111111,0.0050000000000000001,4,0,0,27907.068998648541,1.65266684155736e-05,1,4,0.0050000000000000001,0.075000000000000011,1,1,1,0,0,0,0,0,0,0.0033444166596361133,-0.85315702875393018,0.089640617616321486,-0.83332708630428676,0.16880260680121087,0.075000000000000011,285,-0.85315702875393018,0.089640617616321486,-0.85315702875393018,0.089640617616321472,0,0.79805555555555552,9.538591203439768e-05,0.019077182406879535,0.0033444166596361133,3.9414328319032618e-05,3.9414328319032476e-05,0.00057882225492746531,5.1885984421769872e-05,33,10379,1,2,0,1,11.244459750000001
423,167.04614641433375,197.2031025742715,0.18053069051433124,0.49999939312509911,-6.0687490088806584e-07,12.905067345920825,0.14999999999999999,0.03111111111111111,0.0050000000000000001,4,0,0,27905.485508005931,2.9080874684018934e-06,1,4,0.0050000000000000001,0.075000000000000011,1,1,1,0,0,0,0,0,0,0.001631700366326634,0.56017700628035338,0.13604691761036408,-0.12666006878714497,0.16549720466629719,0.075000000000000011,285,0.56017700628035338,0.13604691761036408,0.56017700628035338,0.13604691761036405,0,0.28027777777777779,9.5451160541608021e-05,0.019090232108321604,0.001631700366326634,1.9229773231568944e-05,1.9229773231569053e-05,0.0005380102307242546,7.3194633532875633e-05,43,10422,1,2,0,1,14.188739500000001
424,167.04770819883399,197.20490171956743,0.1805304235891573,0.49999950469276983,-4.9530723017499056e-07,12.888629057686163,0.14999999999999999,0.03111111111111111,0.0050000000000000001,4,0,0,27907.057289553963,-8.9792794325512521e-06,1,4,0.0050000000000000001,0.075000000000000011,1,1,1,0,0,0,0,0,0,0.0044506151911328931,0.64464979601696704,0.22674893211883634,-0.12666006878714497,0.16880260680121087,0.075000000000000011,285,0.64464979601696704,0.22674893211883634,0.64464979601696704,0.22674893211883637,0,0.21944444444444444,8.8081768030764447e-05,0.01761635360615289,0.0044506151911328931,5.2451003035032183e-05,5.245100303503202e-05,0.00049238209334854729,0.00011164711386122029,79,10501,1,2,0,1,27.441432500000001
425,167.05405825461145,197.21066215398739,0.1805200317457327,0.49999931619822946,-6.8380177054017111e-07,12.921260120974875,0.14999999999999999,0.03111111111111111,0.0050000000000000001,4,0,0,27898.327910574026,5.0324198201831922e-05,1,4,0.0050000000000000001,0.075000000000000011,1,1,1,0,0,0,0,0,0,0.0083934370835607348,-0.93430488356389263,0.12137817714853044,-0.83332708630428676,0.16542930430182456,0.075000000000000011,285,-0.93430488356389263,0.12137817714853044,-0.93430488356389263,0.12137817714853043,0,0.85777777777777775,0.00016235351927184764,0.03247070385436953,0.0083934370835607348,9.8917604654140561e-05,9.8917604654140425e-05,0.00054983672922471875,6.6738179922606474e-05,9,10510,1,2,0,1,4.0780120833333333
426,167.03707550003074,197.19321208951447,0.18053558767842645,0.49999951598421477,-4.840157852292748e-07,12.904926479004294,0.14999999999999999,0.03111111111111111,0.0050000000000000001,4,0,0,27907.607856794082,1.203205597677336e-05,1,4,0.0050000000000000001,0.075000000000000011,1,1,1,0,0,0,0,0,0,0.0043917396037144703,-0.92588250439781239,0.10924293460932676,-0.83332708630428676,0.14897893533849108,0.075000000000000011,285,-0.92588250439781239,0.10924293460932676,-0.92588250439781239,0.10924293460932677,0,0.8997222222222222,0.00010239764100183703,0.020479528200367407,0.0043917396037144703,5.175714758320038e-05,5.1757147583200414e-05,0.00056305734540699776,6.1510036765597767e-05,39,10549,1,2,0,1,12.829492208333333
427,167.04756867870645,197.20376183277449,0.18052458585655573,0.49999946703307191,-5.3296692809068347e-07,12.893836719124071,0.14999999999999999,0.03111111111111111,0.0050000000000000001,4,0,0,27906.554462683918,-8.0311844615127198e-06,1,4,0.0050000000000000001,0.075000000000000011,1,1,1,0,0,0,0,0,0,0.0031064491191256562,0.79986636048569837,0.20905268637044913,-0.12666006878714497,0.14897893533849108,0.075000000000000011,285,0.79986636048569837,0.20905268637044913,0.79986636048569837,0.20905268637044913,0,0.14694444444444443,8.7728891911992475e-05,0.017545778382398496,0.0031064491191256562,3.6609853959078812e-05,3.6609853959078508e-05,0.00051670890370794891,0.00010801938439167644,63,10612,1,2,0,1,21.449319583333335
428,167.05222748232262,197.20788628661123,0.18051635263276966,0.49999938483315443,-6.1516684557449963e-07,12.92325872055177,0.14999999999999999,0.03111111111111111,0.0050000000000000001,4,0,0,27899.639917761026,4.4594358019476025e-05,1,4,0.0050000000000000001,0.075000000000000011,1,1,1,0,0,0,0,0,0,0.0077724930087932839,-0.92866128108128831,0.11324498569936928,-0.83332708630428676,0.13665796576412237,0.075000000000000011,285,-0.92866128108128831,0.11324498569936928,-0.92866128108128831,0.11324498569936928,0,0.88555555555555554,0.00013554981931159836,0.027109963862319671,0.0077724930087932839,9.1599708554046045e-05,9.1599708554046099e-05,0.00057166731443192395,6.473845684764007e-05,13,10625,1,2,0,1,5.2645112916666665
429,167.03846019103028,197.19300768175947,0.1805245777304432,0.49999932005567682,-6.799443231786384e-07,12.916696175323104,0.14999999999999999,0.03111111111111111,0.0050000000000000001,4,0,0,27904.754774244146,1.3520007610056412e-05,1,4,0.0050000000000000001,0.075000000000000011,1,1,1,0,0,0,0,0,0,0.0020081909592006377,-0.8271570963121514,0.12100303618570664,-0.84015706253304079,0.13197718414564352,0.075000000000000011,285,-0.8271570963121514,0.12100303618570664,-0.8271570963121514,0.12100303618570665,0,0.88249999999999995,0.00012109405459072576,0.024218810918145151,0.0020081909592006377,2.3666757419471472e-05,2.3666757419471191e-05,0.0005638680840015913,6.8229750172409625e-05,21,10646,1,2,0,1,6.9767311249999997
430,167.04292854124793,197.19779385367337,0.18052165138483728,0.49999957356938651,-4.2643061348712763e-07,12.90833668406689,0.14999999999999999,0.03111111111111111,0.0050000000000000001,4,0,0,27904.890829448781,1.4629405244010286e-05,1,4,0.0050000000000000001,0.075000000000000011,1,1,1,0,0,0,0,0,0,0.0027585922435579596,0.7866048846027357,0.15447833890492632,-0.82032712008339737,0.13197718414564352,0.075000000000000011,285,0.7866048846027357,0.15447833890492632,0.7866048846027357,0.15447833890492632,0,0.11916666666666667,9.8309255786471617e-05,0.019661851157294324,0.0027585922435579596,3.2510321365807425e-05,3.2510321365807201e-05,0.00054511492465265736,8.4208448072626587e-05,29,10675,1,2,0,1,9.9693307499999992
431,167.04572082535702,197.20184669556096,0.18052618002547677,0.49999936891553998,-6.310844600232457e-07,12.895948114732656,0.14999999999999999,0.03111111111111111,0.0050000000000000001,4,0,0,27906.068872644712,-2.2149649487859037e-05,1,4,0.0050000000000000001,0.075000000000000011,1,1,1,0,0,0,0,0,0,0.0034004008896868056,0.80238330001939839,0.19247923357182545,-0.13349004501589901,0.13197718414564352,0.075000000000000011,285,0.80238330001939839,0.19247923357182545,0.80238330001939839,0.19247923357182545,0,0.11666666666666667,0.00011686247806620543,0.023372495613241086,0.0034004008896868056,4.007410879750516e-05,4.0074108797505736e-05,0.00048623060691888319,9.3589294558910169e-05,60,10735,1,2,0,1,20.317964583333332
432,167.051028932104,197.20684728529059,0.18051860288417068,0.49999937805166433,-6.2194833566620034e-07,12.924359720464922,0.14999999999999999,0.03111111111111111,0.0050000000000000001,4,0,0,27899.343479341271,3.4221450466801945e-05,1,4,0.0050000000000000001,0.075000000000000011,1,1,1,0,0,0,0,0,0,0.0075365606219905306,-0.92679439103857597,0.13676567398661157,-0.84015706253304079,0.13197718414564352,0.075000000000000011,285,-0.92679439103857597,0.13676567398661157,-0.92679439103857597,0.1367656739866116,0,0.88611111111111107,0.00014166542309239808,0.028333084618479616,0.0075365606219905306,8.8819218710550136e-05,8.8819218710550258e-05,0.00053563549731040099,7.3256549800810867e-05,13,10748,1,2,0,1,5.2643282500000002
433,167.03791713063748,197.19234241731814,0.18052443304293245,0.49999937525544408,-6.2474455592154143e-07,12.917416183698075,0.14999999999999999,0.03111111111111111,0.0050000000000000001,4,0,0,27904.81148386357,-2.0111712071627e-06,1,4,0.0050000000000000001,0.075000000000000011,1,1,1,0,0,0,0,0,0,0.0020577647208972687,-0.82269552893360332,0.12550257473700271,-0.84015706253304079,0.12670501270896284,0.075000000000000011,285,-0.82269552893360332,0.12550257473700271,-0.82269552893360332,0.12550257473700274,0,0.87666666666666671,0.00010991536762354382,0.021983073524708765,0.0020577647208972687,2.4250989803881699e-05,2.425098980388173e-05,0.00054065671388271361,6.7853809641127554e-05,22,10770,1,2,0,1,7.3979920000000003
434,167.04285752456363,197.19746446247507,0.18052018137607115,0.49999940067905374,-5.9932094625958499e-07,12.90763269718161,0.14999999999999999,0.03111111111111111,0.0050000000000000001,4,0,0,27905.036185099318,5.5245005153427755e-07,1,4,0.0050000000000000001,0.075000000000000011,1,1,1,0,0,0,0,0,0,0.0028858243637752286,0.77998038270235803,0.15760664589797957,-0.82492631262287741,0.12670501270896284,0.075000000000000011,285,0.77998038270235803,0.15760664589797957,0.77998038270235803,0.15760664589797957,0,0.10888888888888888,0.00010732323771502814,0.021464647543005626,0.0028858243637752286,3.4009766282313636e-05,3.4009766282313209e-05,0.00052221547712999483,8.2304629786471539e-05,32,10802,1,2,0,1,10.442679791666666
435,167.0464451803783,197.20136113713696,0.18051815424265449,0.49999951959501321,-4.8040498679124966e-07,12.893420521782261,0.14999999999999999,0.03111111111111111,0.0050000000000000001,4,0,0,27906.582070987941,-4.0219016215415867e-05,1,4,0.0050000000000000001,0.075000000000000011,1,1,1,0,0,0,0,0,0,0.0038858915017500766,0.9160300699863807,0.22087969439078928,-0.13125926132662497,0.1307747461736834,0.075000000000000011,285,0.9160300699863807,0.22087969439078928,0.9160300699863807,0.22087969439078931,0,0.10444444444444445,9.1029378212359027e-05,0.018205875642471805,0.0038858915017500766,4.579567053071093e-05,4.5795670530711241e-05,0.00046909354300656562,0.00010361323841998278,68,10870,1,2,0,1,22.535327958333333
436,167.05224104531527,197.20677937348876,0.1805096306370032,0.49999942957103938,-5.7042896062231563e-07,12.923568524881748,0.14999999999999999,0.03111111111111111,0.0050000000000000001,4,0,0,27898.627352523061,2.1726300849922077e-05,1,4,0.0050000000000000001,0.075000000000000011,1,1,1,0,0,0,0,0,0,0.0078342536381908728,-0.9504259382033905,0.15381001052430862,-0.82492631262287741,0.1307747461736834,0.075000000000000011,285,-0.9504259382033905,0.15381001052430862,-0.9504259382033905,0.15381001052430862,0,0.88138888888888889,0.00014826577166851163,0.029653154333702327,0.0078342536381908728,9.2327564551669125e-05,9.2327564551669382e-05,0.00050966395997503451,7.8391419047620865e-05,11,10881,1,2,0,1,4.4578939999999996
437,167.03747795179143,197.19123079807488,0.18052088199623145,0.49999923144077746,-7.6855922254148723e-07,12.912882352421281,0.14999999999999999,0.03111111111111111,0.0050000000000000001,4,0,0,27906.304630327482,-1.5775578675880482e-05,1,4,0.0050000000000000001,0.075000000000000011,1,1,1,0,0,0,0,0,0,0.0028955944785071961,-0.89206352926986532,0.16098714076848222,-0.82492631262287741,0.13640629579848784,0.075000000000000011,285,-0.89206352926986532,0.16098714076848222,-0.89206352926986532,0.1609871407684822,0,0.83499999999999996,0.00010718353609244175,0.021436707218488352,0.0028955944785071961,3.4124908188646053e-05,3.412490818864549e-05,0.00050717901420460154,8.1649299354576233e-05,27,10908,1,2,0,1,9.1397835833333332
438,167.04494991219133,197.1984684787781,0.18051140475924135,0.49999952643246948,-4.7356753052341105e-07,12.901145598102298,0.14999999999999999,0.03111111111111111,0.0050000000000000001,4,0,0,27905.905361507102,-4.5884308352450585e-05,1,4,0.0050000000000000001,0.075000000000000011,1,1,1,0,0,0,0,0,0,0.0038340165483034001,0.72580898216644762,0.20681064902377133,-0.13125926132662497,0.1452878422554601,0.075000000000000011,285,0.72580898216644762,0.20681064902377133,0.72580898216644762,0.20681064902377136,0,0.2088888888888889,9.7942557736377202e-05,0.01958851154727544,0.0038340165483034001,4.5184318341446241e-05,4.5184318341446492e-05,0.00046076362399200194,9.5290824124330862e-05,49,10957,1,2,0,1,16.676671416666668
439,167.04909709097433,197.20353811252943,0.18051244542275557,0.49999937408418887,-6.2591581112547701e-07,12.926930760417951,0.14999999999999999,0.03111111111111111,0.0050000000000000001,4,0,0,27899.128154905557,1.3809006104969886e-06,1,4,0.0050000000000000001,0.075000000000000011,1,1,1,0,0,0,0,0,0,0.0069897811517410958,-0.92040835746351879,0.12403172131796522,-0.82492631262287741,0.1452878422554601,0.075000000000000011,285,-0.92040835746351879,0.12403172131796522,-0.92040835746351879,0.12403172131796522,0,0.93916666666666671,0.00012914542087284902,0.025829084174569805,0.0069897811517410958,8.237536085676741e-05,8.2375360856767465e-05,0.00051947222742929826,6.4431034544933368e-05,14,10971,1,2,0,1,6.326102708333333
440,167.03773074554343,197.19089409947421,0.18051707970018185,0.49999926646394022,-7.335360597826579e-07,12.919612747725187,0.14999999999999999,0.03111111111111111,0.0050000000000000001,4,0,0,27904.694113828493,-1.7593015400936808e-05,1,4,0.0050000000000000001,0.075000000000000011,1,1,1,0,0,0,0,0,0,0.0022126321576834379,-0.85782239843361241,0.13160597917594183,-0.84015706253304079,0.13640629579848784,0.075000000000000011,285,-0.85782239843361241,0.13160597917594183,-0.85782239843361241,0.13160597917594183,0,0.95805555555555555,0.00010469539165652687,0.020939078331305375,0.0022126321576834379,2.6076120049489686e-05,2.6076120049489588e-05,0.00051303802611298054,6.7518871781091218e-05,22,10993,1,2,0,1,7.0995703333333333
441,167.04201480038026,197.19520939240178,0.18051263706352805,0.4999993406711396,-6.5932886039732352e-07,12.909078627308954,0.14999999999999999,0.03111111111111111,0.0050000000000000001,4,0,0,27904.801203142895,-9.5809227588942769e-06,1,4,0.0050000000000000001,0.075000000000000011,1,1,1,0,0,0,0,0,0,0.0030218865386315076,0.81493777493308661,0.14150037900085347,-0.82492631262287741,0.13913302649373252,0.075000000000000011,285,0.81493777493308661,0.14150037900085347,0.81493777493308661,0.14150037900085347,0,0.035833333333333335,0.00010785095309726613,0.021570190619453224,0.0030218865386315076,3.5613274390711378e-05,3.5613274390711378e-05,0.00050857719170618626,7.1963865377615069e-05,31,11024,1,2,0,1,10.165035749999999
442,167.04611338571158,197.1994605525675,0.180509121437812,0.49999935192506806,-6.4807493194152244e-07,12.894455280540701,0.14999999999999999,0.03111111111111111,0.0050000000000000001,4,0,0,27906.419411877188,-4.3800380728235608e-05,1,4,0.0050000000000000001,0.075000000000000011,1,1,1,0,0,0,0,0,0,0.0040266287764859302,0.90088011875502239,0.23979857976222438,-0.13125926132662497,0.14765519476258104,0.075000000000000011,285,0.90088011875502239,0.23979857976222438,0.90088011875502239,0.23979857976222438,0,0.098888888888888887,0.00010413183841677238,0.020826367683354476,0.0040266287764859302,4.7454275219568201e-05,4.7454275219568405e-05,0.00046721224821520441,0.00011203683356952188,68,11092,1,2,0,1,23.136082333333334
443,167.05192272738182,197.20464525091165,0.18049910489648879,0.49999950008287009,-4.9991712991470649e-07,12.92326151952251,0.14999999999999999,0.03111111111111111,0.0050000000000000001,4,0,0,27898.021110404788,9.2426515837367076e-06,1,4,0.0050000000000000001,0.075000000000000011,1,1,1,0,0,0,0,0,0,0.007350927039119169,-0.92928699975643292,0.12151748371980424,-0.82492631262287741,0.14765519476258104,0.075000000000000011,285,-0.92928699975643292,0.12151748371980424,-0.92928699975643292,0.12151748371980423,0,0.88611111111111107,0.00014006583302031712,0.028013166604063423,0.007350927039119169,8.663150595614523e-05,8.6631505956145827e-05,0.00052959276436746847,6.4354780122149972e-05,8,11100,1,2,0,1,3.2754693750000001
444,167.0366550381477,197.18918944036591,0.1805144768693554,0.49999929295544449,-7.0704455551462431e-07,12.912176442859149,0.14999999999999999,0.03111111111111111,0.0050000000000000001,4,0,0,27906.699173952267,-1.267665661305922e-05,1,4,0.0050000000000000001,0.075000000000000011,1,1,1,0,0,0,0,0,0,0.0030772847576672267,-0.89098277578829899,0.11075391336071111,-0.84248974737288185,0.13913302649373252,0.075000000000000011,285,-0.89098277578829899,0.11075391336071111,-0.89098277578829899,0.11075391336071111,0,0.84999999999999998,0.00011348517932046093,0.022697035864092188,0.0030772847576672267,3.6266148663141626e-05,3.626614866314141e-05,0.00053184914674829671,5.8904374319928979e-05,27,11127,1,2,0,1,8.8378874583333324
445,167.04465447640146,197.19738117437646,0.18050698355172268,0.49999931001413872,-6.8998586127966277e-07,12.896189204295272,0.14999999999999999,0.03111111111111111,0.0050000000000000001,4,0,0,27906.047111561809,5.2613446646955643e-07,1,4,0.0050000000000000001,0.075000000000000011,1,1,1,0,0,0,0,0,0,0.0044171830612896147,0.77390478999688839,0.10703943067592818,-0.82492631262287741,0.13913302649373252,0.075000000000000011,285,0.77390478999688839,0.10703943067592818,0.77390478999688839,0.10703943067592817,0,0.17083333333333334,9.8190712237745473e-05,0.019638142447549096,0.0044171830612896147,5.205700160633733e-05,5.2057001606337208e-05,0.00053811047782392264,5.7599039187024355e-05,60,11187,1,2,0,1,20.292632208333334
446,167.05087240662567,197.20315319016899,0.18049759542798652,0.49999942804662889,-5.7195337110904632e-07,12.924967617029463,0.14999999999999999,0.03111111111111111,0.0050000000000000001,4,0,0,27898.749226260752,-3.0970989835425854e-05,1,4,0.0050000000000000001,0.075000000000000011,1,1,1,0,0,0,0,0,0,0.0075142428296339561,-0.96027196200518605,0.10630086339058188,-0.82492631262287741,0.13913302649373252,0.075000000000000011,285,-0.96027196200518605,0.10630086339058188,-0.96027196200518605,0.10630086339058188,0,0.93500000000000005,0.00015117092730821885,0.030234185461643769,0.0075142428296339561,8.855620100527602e-05,8.8556201005276101e-05,0.00053433911427752938,5.6800709191060171e-05,11,11198,1,2,0,1,4.5119248750000001
447,167.03697992995862,197.18860473450187,0.18050868027658501,0.49999930023056899,-6.9976943101179856e-07,12.913293880446904,0.14999999999999999,0.03111111111111111,0.0050000000000000001,4,0,0,27906.038959898517,1.6487788686984867e-06,1,4,0.0050000000000000001,0.075000000000000011,1,1,1,0,0,0,0,0,0,0.0031354374243417193,-0.89594000603137613,0.1100017188124385,-0.84248974737288185,0.1341858265812767,0.075000000000000011,285,-0.89594000603137613,0.1100017188124385,-0.89594000603137613,0.11000171881243848,0,0.87722222222222224,0.00013135131393886509,0.02627026278777302,0.0031354374243417193,3.6951484412301869e-05,3.695148441230155e-05,0.00053716569050118535,5.9089149242200761e-05,26,11224,1,2,0,1,8.720720833333333
448,167.04466529375719,197.19603251632907,0.18049883346797724,0.49999952892459115,-4.7107540884772092e-07,12.905014406013493,0.14999999999999999,0.03111111111111111,0.0050000000000000001,4,0,0,27905.428669271918,1.5920203960749373e-06,1,4,0.0050000000000000001,0.075000000000000011,1,1,1,0,0,0,0,0,0,0.0025838906571060321,0.77535350910674017,0.11711086658435242,-0.82492631262287741,0.1341858265812767,0.075000000000000011,285,0.77535350910674017,0.11711086658435242,0.77535350910674017,0.11711086658435241,0,0.12805555555555556,9.4768237862659187e-05,0.018953647572531838,0.0025838906571060321,3.0451443424737325e-05,3.0451443424737162e-05,0.00052243281558447612,6.1182559765201176e-05,36,11260,1,2,0,1,12.167602083333334
449,167.04769035553753,197.19945120112271,0.18049792117096264,0.49999937632759989,-6.2367240011296232e-07,12.894125445200352,0.14999999999999999,0.03111111111111111,0.0050000000000000001,4,0,0,27906.249953689454,-2.2569711897099932e-05,1,4,0.0050000000000000001,0.075000000000000011,1,1,1,0,0,0,0,0,0,0.0030806401726217354,0.89239674093375132,0.25249516875882583,-0.048443273383577845,0.13913302649373252,0.075000000000000011,285,0.89239674093375132,0.25249516875882583,0.89239674093375132,0.25249516875882577,0,0.11972222222222222,8.8906761269478288e-05,0.017781352253895658,0.0030806401726217354,3.6305692607608756e-05,3.6305692607608587e-05,0.00047636314733531717,0.00012027939327691631,66,11326,1,2,0,1,22.557454958333334
450,167.05179346624294,197.20331258866733,0.18049204080240699,0.49999943903358257,-5.6096641742886533e-07,12.924169923160141,0.14999999999999999,0.03111111111111111,0.0050000000000000001,4,0,0,27898.786324726461,2.3117078419425883e-05,1,4,0.0050000000000000001,0.075000000000000011,1,1,1,0,0,0,0,0,0,0.007904933297032974,-0.92197097132233075,0.11686816763036417,-0.84025896368360786,0.1341858265812767,0.075000000000000011,285,-0.92197097132233075,0.11686816763036417,-0.92197097132233075,0.11686816763036416,0,0.87666666666666671,0.00014493955467633312,0.028987910935266623,0.007904933297032974,9.3160532319322474e-05,9.3160532319322664e-05,0.00054344755960515027,6.3511720494247023e-05,12,11338,1,2,0,1,4.8685004166666666
451,167.03779722363771,197.18794096333804,0.18049893042671031,0.49999937466482769,-6.2533517231067037e-07,12.911824023898827,0.14999999999999999,0.03111111111111111,0.0050000000000000001,4,0,0,27906.558957927249,2.649975014050087e-06,1,4,0.0050000000000000001,0.075000000000000011,1,1,1,0,0,0,0,0,0,0.0034247713825464403,-0.89001973790076749,0.1150562834558673,-0.87392106816718995,0.12855427695647226,0.075000000000000011,285,-0.89001973790076749,0.1150562834558673,-0.89001973790076749,0.11505628345586727,0,0.91555555555555557,0.00013992721462470652,0.027985442924941303,0.0034247713825464403,4.0361317810203591e-05,4.0361317810203578e-05,0.00054819560302464239,6.3073348690863358e-05,28,11366,1,2,0,1,9.3220634166666674
452,167.04517956235011,197.19513025916876,0.18048979788468,0.49999935775288312,-6.422471168776589e-07,12.897077704405149,0.14999999999999999,0.030833333333333334,0.0050000000000000001,4,0,0,27906.282816524719,1.3492432440461882e-05,1,4,0.0050000000000000001,0.075000000000000011,1,1,1,0,0,0,0,0,0,0.0040836108243653664,0.86250461169089809,0.11288012902606887,-0.84025896368360786,0.12476714802748397,0.075000000000000011,285,0.86250461169089809,0.11288012902606887,0.86250461169089809,0.11288012902606882,0,0.12277777777777778,9.6334998002552062e-05,0.019266999600510412,0.0040836108243653664,4.8125815093925634e-05,4.8125815093925817e-05,0.00054886714289899979,6.195619390860887e-05,57,11423,1,2,0,1,19.516387333333334
453,167.05133906167396,197.20161259982004,0.18048507547140855,0.4999994322087753,-5.6779122470373977e-07,12.924962492160535,0.14999999999999999,0.030833333333333334,0.0050000000000000001,4,0,0,27898.70096560719,-1.2355344410196446e-05,1,4,0.0050000000000000001,0.075000000000000011,1,1,1,0,0,0,0,0,0,0.0071798496830255461,-0.95879987734991556,0.1131140007157161,-0.87392106816718995,0.12277460251888472,0.075000000000000011,285,-0.95879987734991556,0.1131140007157161,-0.95879987734991556,0.11311400071571612,0,0.91305555555555551,0.00015050002564768802,0.030100005129537602,0.0071798496830255461,8.4615339979457458e-05,8.461533997945739e-05,0.00054685097692231148,6.185650179498039e-05,10,11433,1,2,0,1,4.0995279166666663
454,167.03726919244011,197.18702210170807,0.18049716123252152,0.49999901708818006,-9.8291181993559462e-07,12.913752947162694,0.14999999999999999,0.030833333333333334,0.0050000000000000001,4,0,0,27906.394872587858,1.4415959739769401e-05,1,4,0.0050000000000000001,0.075000000000000011,1,1,1,0,0,0,0,0,0,0.0029980958537844473,-0.91075064800599292,0.11242402828539338,-0.89050125684453318,0.11931417515207833,0.075000000000000011,285,-0.91075064800599292,0.11242402828539338,-0.91075064800599292,0.11242402828539341,0,0.83555555555555561,0.00012053786085861789,0.024107572171723577,0.0029980958537844473,3.5332898480970911e-05,3.5332898480971115e-05,0.0005459177267401413,6.1374269952531302e-05,26,11459,1,2,0,1,8.8640325833333335
455,167.04485502183141,197.1941626383317,0.18048629880016373,0.49999936727676636,-6.3272323364005345e-07,12.91014605530628,0.14999999999999999,0.030833333333333334,0.0050000000000000001,4,0,0,27903.660559273165,7.3655940046651497e-06,1,4,0.0050000000000000001,0.075000000000000011,1,1,1,0,0,0,0,0,0,0.0017087747867631563,0.48874209569577215,0.14708104009353917,-0.89050125684453318,0.11931417515207833,0.075000000000000011,285,0.48874209569577215,0.14708104009353917,0.48874209569577215,0.1470810400935392,0,0.2877777777777778,0.00011296301654373719,0.022592603308747437,0.0017087747867631563,2.0138103987347077e-05,2.0138103987346755e-05,0.00051399882912115085,7.5599482394000185e-05,30,11489,1,2,0,1,10.265552208333334
456,167.04544173669819,197.19579450385811,0.18049192156158181,0.49999948414412371,-5.1585587629299212e-07,12.902511203013345,0.14999999999999999,0.030833333333333334,0.0050000000000000001,4,0,0,27905.470148756332,7.2994618569559831e-07,1,4,0.0050000000000000001,0.075000000000000011,1,1,1,0,0,0,0,0,0,0.0022529471236647659,0.78882242914994127,0.21266644419403297,-0.87392106816718995,0.11931417515207833,0.075000000000000011,285,0.78882242914994127,0.21266644419403297,0.78882242914994127,0.21266644419403294,0,0.15833333333333333,9.8513963612828579e-05,0.019702792722565716,0.0022529471236647659,2.6551236479968054e-05,2.655123647996819e-05,0.00045199386459584276,9.6123927981117094e-05,47,11536,1,2,0,1,15.774285916666667
457,167.0483916491211,197.19863491146035,0.18048807872193529,0.49999950274984073,-4.972501592703793e-07,12.926977886353347,0.14999999999999999,0.030833333333333334,0.0050000000000000001,4,0,0,27899.736333143068,2.4379333615453373e-05,1,4,0.0050000000000000001,0.075000000000000011,1,1,1,0,0,0,0,0,0,0.0065542617988528524,-0.91212756929527161,0.14949626435125613,-0.87392106816718995,0.11931417515207833,0.075000000000000011,285,-0.91212756929527161,0.14949626435125613,-0.91212756929527161,0.1494962643512561,0,0.95027777777777778,0.00013504850622520956,0.027009701245041911,0.0065542617988528524,7.7242716060679857e-05,7.7242716060679762e-05,0.000492285096244221,7.3594782884309627e-05,13,11549,1,2,0,1,5.3597215833333332
458,167.03744126458551,197.18631778892026,0.18049172865728502,0.49999916596975325,-8.3403024675465787e-07,12.919533285123762,0.14999999999999999,0.030833333333333334,0.0050000000000000001,4,0,0,27904.723511629625,2.7443512141361129e-06,1,4,0.0050000000000000001,0.075000000000000011,1,1,1,0,0,0,0,0,0,0.0021340422532262994,-0.84781515988496725,0.15355099931133914,-0.87392106816718995,0.11931417515207833,0.075000000000000011,285,-0.84781515988496725,0.15355099931133914,-0.84781515988496725,0.15355099931133914,0,0.91361111111111115,0.00012873579505692437,0.025747159011384874,0.0021340422532262994,2.5149929143248928e-05,2.5149929143248918e-05,0.00048698358196273275,7.4776815658593039e-05,20,11569,1,2,0,1,6.6445101666666666
459,167.04218853176775,197.19085155451958,0.18048532103025111,0.49999944524025763,-5.5475974236607328e-07,12.908671956725948,0.14999999999999999,0.030833333333333334,0.0050000000000000001,4,0,0,27904.884042639278,1.9255892025610351e-06,1,4,0.0050000000000000001,0.075000000000000011,1,1,1,0,0,0,0,0,0,0.0030746738157881055,0.84021611368655902,0.15955772627716036,-0.85281877915928983,0.11931417515207833,0.075000000000000011,285,0.84021611368655902,0.15955772627716036,0.84021611368655902,0.15955772627716036,0,0.13805555555555554,0.00011057173256978177,0.022114346513956353,0.0030746738157881055,3.6235378418008119e-05,3.6235378418007868e-05,0.00048691326777313207,7.7690773900063089e-05,32,11601,1,2,0,1,10.514533249999999
460,167.04690115218963,197.19548503763721,0.18047975555069071,0.49999945940347607,-5.4059652393467772e-07,12.89209449320327,0.14999999999999999,0.030833333333333334,0.0050000000000000001,4,0,0,27906.86019790711,-2.8491654797887328e-05,1,4,0.0050000000000000001,0.075000000000000011,1,1,1,0,0,0,0,0,0,0.0045141099937466038,0.91009817573236007,0.26157549544824443,-0.17953653209459755,0.11931417515207833,0.075000000000000011,285,0.91009817573236007,0.26157549544824443,0.91009817573236007,0.26157549544824443,0,0.11333333333333333,8.8250814664132842e-05,0.017650162932826566,0.0045141099937466038,5.3199296460003116e-05,5.319929646000317e-05,0.0004469520319138126,0.00011691169918945508,72,11673,1,2,0,1,24.710863916666668
461,167.05343253419395,197.20135609206227,0.18046874643954045,0.49999932230969391,-6.7769030609454717e-07,12.923231089280945,0.14999999999999999,0.030833333333333334,0.0050000000000000001,4,0,0,27898.34918383733,2.161453856420422e-05,1,4,0.0050000000000000001,0.075000000000000011,1,1,1,0,0,0,0,0,0,0.0080116695019749988,-0.93218844203441731,0.13131460003423653,-0.86891744889286737,0.11931417515207833,0.075000000000000011,285,-0.93218844203441731,0.13131460003423653,-0.93218844203441731,0.13131460003423653,0,0.88305555555555559,0.00014687167024939472,0.029374334049878943,0.0080116695019749988,9.4418430557866191e-05,9.4418430557866164e-05,0.00050100914466147514,6.5789815444716556e-05,9,11682,1,2,0,1,3.6420661666666665
462,167.03711884084552,197.1845907196554,0.18048366786986231,0.49999943565828642,-5.6434171358255014e-07,12.906524127889011,0.14999999999999999,0.030833333333333334,0.0050000000000000001,4,0,0,27907.52126092152,-1.4106514430890063e-05,1,4,0.0050000000000000001,0.075000000000000011,1,1,1,0,0,0,0,0,0,0.0043701115283575958,-0.95149635677030564,0.1242375271018655,-0.89050125684453318,0.11931417515207833,0.075000000000000011,285,-0.95149635677030564,0.1242375271018655,-0.95149635677030564,0.12423752710186547,0,0.89416666666666667,0.00010527440899917899,0.021054881799835796,0.0043701115283575958,5.1502258270719389e-05,5.1502258270719782e-05,0.00050438558783826905,6.2663618138847311e-05,39,11721,1,2,0,1,13.002708500000001
463,167.0477014069599,197.19500118325902,0.18047120386801718,0.49999932798456703,-6.7201543296757649e-07,12.894561651703315,0.14999999999999999,0.030833333333333334,0.0050000000000000001,4,0,0,27906.443699616884,-9.1787498498121316e-06,1,4,0.0050000000000000001,0.075000000000000011,1,1,1,0,0,0,0,0,0,0.0033778355603460986,0.8118313560897118,0.23746256185839251,-0.86891744889286737,0.12067419684310896,0.075000000000000011,285,0.8118313560897118,0.23746256185839251,0.8118313560897118,0.23746256185839254,0,0.14527777777777778,0.00014638132768538025,0.02927626553707605,0.0033778355603460986,3.980817384089646e-05,3.9808173840896331e-05,0.00045957842169970807,0.00010913266939164933,66,11787,1,2,0,1,22.869749916666667
464,167.05198104899705,197.19822273485093,0.18046024654452833,0.49999940659856101,-5.9340143898634068e-07,12.924043105534238,0.14999999999999999,0.030833333333333334,0.0050000000000000001,4,0,0,27899.535480587565,1.6132662980427316e-05,1,4,0.0050000000000000001,0.075000000000000011,1,1,1,0,0,0,0,0,0,0.0078438216938492063,-0.91774610366917286,0.13183670249727072,-0.86891744889286737,0.12777606356805102,0.075000000000000011,285,-0.91774610366917286,0.13183670249727072,-0.91774610366917286,0.1318367024972707,0,0.89388888888888884,0.0001421533831371742,0.028430676627434839,0.0078438216938492063,9.2440325168982089e-05,9.2440325168981858e-05,0.00051668584838771882,6.8118158478441606e-05,13,11800,1,2,0,1,5.3411602916666663
465,167.03848146260171,197.18377551533354,0.18046915769813834,0.49999930724541558,-6.9275458441930837e-07,12.91691601373342,0.14999999999999999,0.030833333333333334,0.0050000000000000001,4,0,0,27905.096918213407,-7.3589641364138346e-06,1,4,0.0050000000000000001,0.075000000000000011,1,1,1,0,0,0,0,0,0,0.0021275154337609442,-0.83859409552397102,0.12084941066105752,-0.86891744889286737,0.12777606356805102,0.075000000000000011,285,-0.83859409552397102,0.12084941066105752,-0.83859409552397102,0.1208494106610575,0,0.90833333333333333,0.00011609536319048544,0.023219072638097086,0.0021275154337609442,2.5073009838190045e-05,2.5073009838189977e-05,0.000521620754238562,6.3037560738306536e-05,21,11821,1,2,0,1,6.9858398749999999
466,167.04353674998927,197.18907473152294,0.18046515637807578,0.49999957294659897,-4.2705340103088574e-07,12.908620820310798,0.14999999999999999,0.030833333333333334,0.0050000000000000001,4,0,0,27905.085163845433,6.3413541136103379e-06,1,4,0.0050000000000000001,0.075000000000000011,1,1,1,0,0,0,0,0,0,0.0027444850499388036,0.76638384482648336,0.11456686467494331,-0.84320462770446913,0.12777606356805102,0.075000000000000011,285,0.76638384482648336,0.11456686467494331,0.76638384482648336,0.1145668646749433,0,0.10027777777777777,9.6275740080136357e-05,0.019255148016027269,0.0027444850499388036,3.2344066494613805e-05,3.2344066494613886e-05,0.00052741358425320768,6.0424120734864058e-05,29,11850,1,2,0,1,9.5536061666666665
467,167.04629584476777,197.19318011107279,0.18047023499593082,0.49999942971847899,-5.7028152100624396e-07,12.895269119196348,0.14999999999999999,0.030833333333333334,0.0050000000000000001,4,0,0,27906.247010680541,-1.9124023818426417e-05,1,4,0.0050000000000000001,0.075000000000000011,1,1,1,0,0,0,0,0,0,0.0036768341610421171,0.82963264814293025,0.23009220678843476,-0.17492599991409943,0.13157565126575363,0.075000000000000011,285,0.82963264814293025,0.23009220678843476,0.82963264814293025,0.23009220678843467,0,0.12361111111111112,0.00010582473779359359,0.021164947558718717,0.0036768341610421171,4.3331906142853856e-05,4.3331906142853537e-05,0.00049350277433538145,0.00011355114240304285,62,11912,1,2,0,1,20.677499874999999
468,167.051724141644,197.19807003002637,0.1804611478467659,0.4999994348573259,-5.6514267410268104e-07,12.92360371775243,0.14999999999999999,0.030833333333333334,0.0050000000000000001,4,0,0,27898.677384932485,2.6795231984277694e-05,1,4,0.0050000000000000001,0.075000000000000011,1,1,1,0,0,0,0,0,0,0.0073256394670312055,-0.94800136155988934,0.10954013246326839,-0.84320462770446913,0.13157565126575363,0.075000000000000011,285,-0.94800136155988934,0.10954013246326839,-0.94800136155988934,0.10954013246326841,0,0.88500000000000001,0.00013088312627693039,0.026176625255386075,0.0073256394670312055,8.6333489061092854e-05,8.6333489061092908e-05,0.00055468633425322545,6.0760414529663085e-05,10,11922,1,2,0,1,4.0553029166666663
469,167.03798158569339,197.18390109240886,0.18047344215094033,0.49999925385134758,-7.4614865241962036e-07,12.907083109959174,0.14999999999999999,0.030833333333333334,0.0050000000000000001,4,0,0,27907.638233926686,7.654549935685301e-06,1,4,0.0050000000000000001,0.075000000000000011,1,1,1,0,0,0,0,0,0,0.0042540425303639528,-0.95327674061634948,0.094243220653216581,-0.86891744889286737,0.12777606356805102,0.075000000000000011,285,-0.95327674061634948,0.094243220653216581,-0.95327674061634948,0.094243220653216581,0,0.90111111111111108,0.0001050598545868405,0.021011970917368099,0.0042540425303639528,5.0134372011272175e-05,5.0134372011272432e-05,0.00056858532784649001,5.3585312512418249e-05,37,11959,1,2,0,1,12.498482166666667
470,167.04792221076784,197.19378288991365,0.18046235044522227,0.49999943678163744,-5.6321836255923685e-07,12.894604050032951,0.14999999999999999,0.030833333333333334,0.0050000000000000001,4,0,0,27906.617733107072,2.2420116483267522e-05,1,4,0.0050000000000000001,0.075000000000000011,1,1,1,0,0,0,0,0,0,0.0035458534771572164,0.86375215716349041,0.099771012249746938,-0.84320462770446913,0.12777606356805102,0.075000000000000011,285,0.86375215716349041,0.099771012249746938,0.86375215716349041,0.099771012249746951,0,0.15611111111111112,8.7635875860707634e-05,0.017527175172141526,0.0035458534771572164,4.1788283979862771e-05,4.1788283979862792e-05,0.0005571743153663497,5.5589845443660439e-05,64,12023,1,2,0,1,21.808638708333334
471,167.05256917567402,197.19803028719147,0.18045493858772207,0.49999942509979484,-5.7490020516359763e-07,12.924023339408821,0.14999999999999999,0.030833333333333334,0.0050000000000000001,4,0,0,27898.985307686344,-7.3835728375899461e-06,1,4,0.0050000000000000001,0.075000000000000011,1,1,1,0,0,0,0,0,0,0.0076432964688033147,-0.9381624700907828,0.10112326939578566,-0.84320462770446913,0.12777606356805102,0.075000000000000011,285,-0.9381624700907828,0.10112326939578566,-0.9381624700907828,0.10112326939578567,0,0.88361111111111112,0.00014068959552642301,0.028137919105284601,0.0076432964688033147,9.007711272850028e-05,9.0077112728500334e-05,0.00055283299753698385,5.5904280140812124e-05,11,12034,1,2,0,1,4.4506354166666666
472,167.03829961451484,197.183034251088,0.18046600513858277,0.49999949066085481,-5.0933914519379897e-07,12.906640213301444,0.14999999999999999,0.03111111111111111,0.0050000000000000001,4,0,0,27907.738420263016,2.4317953264604935e-05,1,4,0.0050000000000000001,0.075000000000000011,1,1,1,0,0,0,0,0,0,0.0045316341997379307,-0.94648825040800122,0.10738667828274451,-0.87928290394548014,0.12777606356805102,0.075000000000000011,285,-0.94648825040800122,0.10738667828274451,-0.94648825040800122,0.10738667828274452,0,0.90722222222222226,0.00010281352829027422,0.020562705658054844,0.0045316341997379307,5.3405821208192737e-05,5.340582120819296e-05,0.000554736560474457,5.9571316551346756e-05,39,12073,1,2,0,1,13.058492875000001
473,167.04845454023373,197.19293178287339,0.18045349372196279,0.49999920579760376,-7.9420239623706479e-07,12.908397464212303,0.14999999999999999,0.03111111111111111,0.0050000000000000001,4,0,0,27904.94651888471,2.0657801636249869e-05,1,4,0.0050000000000000001,0.075000000000000011,1,1,1,0,0,0,0,0,0,0.00076539633539005362,-0.47375082275052949,0.13541676071095893,-0.84320462770446913,0.13157565126575363,0.075000000000000011,285,-0.47375082275052949,0.13541676071095893,-0.47375082275052949,0.13541676071095893,0,0.69750000000000001,0.00010659101315913667,0.021318202631827335,0.00076539633539005362,9.0202823174939998e-06,9.0202823174943809e-06,0.00052394866895105502,7.0951431528170448e-05,37,12110,1,2,0,1,13.049733958333332
474,167.04776072170898,197.19232123599932,0.18045474171012246,0.49999950642809898,-4.9357190101684267e-07,12.898615936751472,0.14999999999999999,0.03111111111111111,0.0050000000000000001,4,0,0,27906.190507530875,-1.2455518266855403e-05,1,4,0.0050000000000000001,0.075000000000000011,1,1,1,0,0,0,0,0,0,0.0030340072596545479,-0.3535714759527514,0.21341034182200866,-0.6561724591372502,0.13362673160411481,0.075000000000000011,285,-0.3535714759527514,0.21341034182200866,-0.3535714759527514,0.21341034182200869,0,0.66916666666666669,0.00010291832464405856,0.020583664928811713,0.0030340072596545479,3.5756118457849081e-05,3.575611845784923e-05,0.00046726446223992245,9.9719068607898902e-05,56,12166,1,2,0,1,18.877391791666668
475,167.05093824149981,197.1959523466349,0.18045402451769219,0.49999945397134821,-5.4602865179331772e-07,12.925651732224738,0.14999999999999999,0.03111111111111111,0.0050000000000000001,4,0,0,27899.935722046266,3.5976498184593265e-05,1,4,0.0050000000000000001,0.075000000000000011,1,1,1,0,0,0,0,0,0,0.007403092807898911,-0.90123097392047324,0.12098274413970225,-0.84320462770446913,0.13157565126575363,0.075000000000000011,285,-0.90123097392047324,0.12098274413970225,-0.90123097392047324,0.12098274413970228,0,0.93083333333333329,0.00013426222113902128,0.026852444227804254,0.007403092807898911,8.7246285436977979e-05,8.7246285436977803e-05,0.00052943773783871028,6.4052830374843446e-05,15,12181,1,2,0,1,6.1029813333333331
476,167.03943133752256,197.18219938621954,0.18045300925258789,0.49999924044443517,-7.5955556483320308e-07,12.919202908844094,0.14999999999999999,0.03111111111111111,0.0050000000000000001,4,0,0,27905.038948998841,1.2332434993083349e-05,1,4,0.0050000000000000001,0.075000000000000011,1,1,1,0,0,0,0,0,0,0.0021921951274185949,-0.77542620334138301,0.13065336084027365,-0.84320462770446913,0.13098398043725509,0.075000000000000011,285,-0.77542620334138301,0.13065336084027365,-0.77542620334138301,0.13065336084027365,0,0.89333333333333331,0.00014837574491788485,0.029675148983576968,0.0021921951274185949,2.5835267338029934e-05,2.5835267338029775e-05,0.00052292893868212615,6.8322423319457166e-05,22,12203,1,2,0,1,7.1929098333333332
477,167.04313136293814,197.18599168451109,0.18044956458629194,0.49999935437333404,-6.4562666596268414e-07,12.909942572025162,0.14999999999999999,0.03111111111111111,0.0050000000000000001,4,0,0,27904.736962137729,1.3546515246777517e-05,1,4,0.0050000000000000001,0.075000000000000011,1,1,1,0,0,0,0,0,0,0.0027479592073068079,0.7192150608943364,0.14595089583281337,-0.80701014943267702,0.13098398043725509,0.075000000000000011,285,0.7192150608943364,0.14595089583281337,0.7192150608943364,0.14595089583281334,0,0.14694444444444443,9.983832117614887e-05,0.019967664235229773,0.0027479592073068079,3.2385009831844224e-05,3.2385009831844644e-05,0.00051198204237111727,7.4724237734377972e-05,28,12231,1,2,0,1,9.355325333333333
478,167.04656695846256,197.18972117737869,0.18044761270916423,0.49999953243206519,-4.675679348142836e-07,12.901748959461287,0.14999999999999999,0.03111111111111111,0.0050000000000000001,4,0,0,27905.677513084935,-1.5197313041506402e-05,1,4,0.0050000000000000001,0.075000000000000011,1,1,1,0,0,0,0,0,0,0.0023850509236875198,0.897184461724023,0.19748270316091041,-0.62458851304595631,0.13098398043725509,0.075000000000000011,285,0.897184461724023,0.19748270316091041,0.897184461724023,0.19748270316091038,0,0.076666666666666661,0.00016247093776949347,0.032494187553898692,0.0023850509236875198,2.8108094693578068e-05,2.810809469357755e-05,0.00045375664800360193,8.9609089424985024e-05,47,12278,1,2,0,1,15.706663541666666
479,167.04998559743109,197.19303784608852,0.18044330947323931,0.49999938966894736,-6.1033105264174381e-07,12.922683324801543,0.14999999999999999,0.03111111111111111,0.0050000000000000001,4,0,0,27902.362372306819,3.1556642408850563e-05,1,4,0.0050000000000000001,0.075000000000000011,1,1,1,0,0,0,0,0,0,0.0060607703996970472,-0.87157275439533877,0.17292103590790109,-0.80701014943267702,0.13098398043725509,0.075000000000000011,285,-0.87157275439533877,0.17292103590790109,-0.87157275439533877,0.17292103590790112,0,0.91055555555555556,0.00011778775513651528,0.023557551027303055,0.0060607703996970472,7.1426864147341402e-05,7.1426864147341334e-05,0.00047504914013967088,8.2145989420109557e-05,24,12302,1,2,0,1,9.4223486249999997
480,167.04210722941619,197.18356039143768,0.18044224693971994,0.49999938632937252,-6.1367062748063361e-07,12.912922610058713,0.14999999999999999,0.03111111111111111,0.0050000000000000001,4,0,0,27904.919394453635,2.7790551011404295e-06,1,4,0.0050000000000000001,0.075000000000000011,1,1,1,0,0,0,0,0,0,0.0030007941877063654,-0.9034556365494345,0.18943634090240472,-0.85508342495965484,0.13098398043725509,0.075000000000000011,285,-0.9034556365494345,0.18943634090240472,-0.9034556365494345,0.18943634090240477,0,0.94944444444444442,0.00010021942238321628,0.020043884476643254,0.0030007941877063654,3.5364698651205806e-05,3.5364698651205908e-05,0.00046862555481101399,8.8774710356757792e-05,27,12329,1,2,0,1,9.1061822499999998
481,167.04614887275847,197.18735389060075,0.18043639569806116,0.49999947262579181,-5.2737420819237713e-07,12.901322808087871,0.14999999999999999,0.03111111111111111,0.0050000000000000001,4,0,0,27906.058141647209,-2.4383576562740642e-06,1,4,0.0050000000000000001,0.075000000000000011,1,1,1,0,0,0,0,0,0,0.0034784948771264157,0.92317882894400383,0.23450978100951778,-0.80701014943267702,0.13124503166877219,0.075000000000000011,285,0.92317882894400383,0.23450978100951778,0.92317882894400383,0.23450978100951778,0,0.059999999999999998,0.00010004767097169571,0.020009534194339141,0.0034784948771264157,4.0994455265645916e-05,4.0994455265645814e-05,0.00041954289734815939,9.8386912981215452e-05,42,12371,1,2,0,1,14.652035375000001
482,167.05040357317296,197.19206260209864,0.18043451787126488,0.49999944930783879,-5.5069216120529063e-07,12.887366310400783,0.14999999999999999,0.03111111111111111,0.0050000000000000001,4,0,0,27907.639999276031,2.0628833536462264e-05,1,4,0.0050000000000000001,0.075000000000000011,1,1,1,0,0,0,0,0,0,0.0038829523964461045,0.93365275199604425,0.22672159511301115,-0.62458851304595631,0.13362673160411481,0.075000000000000011,285,0.93365275199604425,0.22672159511301115,0.93365275199604425,0.22672159511301113,0,0.07194444444444445,8.1811779468441974e-05,0.016362355893688393,0.0038829523964461045,4.5761032842526595e-05,4.5761032842526697e-05,0.00041189810898249312,9.3386196292543746e-05,83,12454,1,2,0,1,28.339646791666667
483,167.0556964704619,197.19683630278928,0.18042569316190193,0.49999953961429033,-4.603857096663333e-07,12.920908451982937,0.14999999999999999,0.03111111111111111,0.0050000000000000001,4,0,0,27898.215962897386,1.9497875708404188e-05,1,4,0.0050000000000000001,0.075000000000000011,1,1,1,0,0,0,0,0,0,0.0085850979943093032,-0.92880003359137453,0.15729848426916507,-0.80701014943267702,0.13362673160411481,0.075000000000000011,285,-0.92880003359137453,0.15729848426916507,-0.92880003359137453,0.15729848426916504,0,0.8716666666666667,0.00018269840036479244,0.036539680072958491,0.0085850979943093032,0.0001011763501487856,0.00010117635014878564,0.00050405417681378441,7.9286958002350015e-05,8,12462,1,2,0,1,3.2180299583333332
484,167.03794434846185,197.17866621079412,0.18044236583428608,0.49999927688124718,-7.2311875282116134e-07,12.907505136779344,0.14999999999999999,0.03111111111111111,0.0050000000000000001,4,0,0,27908.151571110629,7.4308998819780911e-07,1,4,0.0050000000000000001,0.075000000000000011,1,1,1,0,0,0,0,0,0,0.0038059325047837779,-0.87655185527903101,0.13933427619205033,-0.80701014943267702,0.13737551845150464,0.075000000000000011,285,-0.87655185527903101,0.13933427619205033,-0.87655185527903101,0.13933427619205033,0,0.81999999999999995,0.00010698073617847816,0.02139614723569563,0.0038059325047837779,4.4853344714515192e-05,4.4853344714515117e-05,0.00051315140307045038,7.1499579323756272e-05,37,12499,1,2,0,1,12.330548041666667
485,167.04817526936012,197.1891568068433,0.18043286907433598,0.49999951792980735,-4.8207019265333884e-07,12.895446053737745,0.14999999999999999,0.03111111111111111,0.0050000000000000001,4,0,0,27906.50094609705,-1.6078322011812828e-05,1,4,0.0050000000000000001,0.075000000000000011,1,1,1,0,0,0,0,0,0,0.0034633868652538479,0.65214403397478171,0.25013644887835346,-0.62458851304595631,0.14264258601243185,0.075000000000000011,285,0.65214403397478171,0.25013644887835346,0.65214403397478171,0.2501364488783534,0,0.22805555555555557,8.0552112336934267e-05,0.016110422467386854,0.0034633868652538479,4.0816405638223589e-05,4.0816405638223765e-05,0.00046672152327169618,0.00011674406444627788,64,12563,1,2,0,1,21.643162333333333
486,167.05238356663048,197.19338631269017,0.180428450660434,0.49999932936102054,-6.7063897946084694e-07,12.918284692354485,0.14999999999999999,0.03111111111111111,0.0050000000000000001,4,0,0,27902.872165147572,2.5945225084811629e-05,1,4,0.0050000000000000001,0.075000000000000011,1,1,1,0,0,0,0,0,0,0.0061029724398679154,-0.9379105316764913,0.13270302161654465,-0.82349947886836095,0.14264258601243185,0.075000000000000011,285,-0.9379105316764913,0.13270302161654465,-0.9379105316764913,0.13270302161654465,0,0.91000000000000003,0.00012103463420786229,0.024206926841572458,0.0061029724398679154,7.1924219960420196e-05,7.192421996042002e-05,0.00051281047589408644,6.8051499667763507e-05,23,12586,1,2,0,1,8.4973293333333331
487,167.04225798261751,197.18285433028572,0.18043695476628824,0.49999942885709492,-5.7114290508142318e-07,12.909863020123771,0.14999999999999999,0.03111111111111111,0.0050000000000000001,4,0,0,27904.711782627983,1.8345768065365985e-05,1,4,0.0050000000000000001,0.075000000000000011,1,1,1,0,0,0,0,0,0,0.0024511174487373373,-0.87363659145071104,0.13080069834507932,-0.8726046729230249,0.13737551845150464,0.075000000000000011,285,-0.87363659145071104,0.13080069834507932,-0.87363659145071104,0.13080069834507929,0,0.91749999999999998,0.00010759253385950343,0.021518506771900685,0.0024511174487373373,2.8886696158114015e-05,2.8886696158114134e-05,0.0005093121622203559,6.661838649406488e-05,28,12614,1,2,0,1,9.2090665000000005
488,167.04641991232708,197.18662841475475,0.18043013743273578,0.49999945867261875,-5.4132738125378665e-07,12.902681039819219,0.14999999999999999,0.03111111111111111,0.0050000000000000001,4,0,0,27905.700417641252,2.3667206012694546e-05,1,4,0.0050000000000000001,0.075000000000000011,1,1,1,0,0,0,0,0,0,0.0020380675992722492,0.87318407951511456,0.12953042369997064,-0.82349947886836095,0.13737551845150464,0.075000000000000011,285,0.87318407951511456,0.12953042369997064,0.87318407951511456,0.12953042369997064,0,0.09194444444444444,8.849228712947309e-05,0.017698457425894619,0.0020380675992722492,2.4018856999366576e-05,2.4018856999366338e-05,0.00050522292452614471,6.5441739476809809e-05,45,12659,1,2,0,1,15.206396291666668
489,167.04985983905954,197.18988689782907,0.18042533581175865,0.49999946359097319,-5.3640902680784919e-07,12.909254944516313,0.14999999999999999,0.03111111111111111,0.0050000000000000001,4,0,0,27904.783845625403,-1.3371001464523666e-06,1,4,0.0050000000000000001,0.075000000000000011,1,1,1,0,0,0,0,0,0,0.0025935351922281966,-0.57917767574583301,0.18105600445070269,-0.67730193954360796,0.14264258601243185,0.075000000000000011,285,-0.57917767574583301,0.18105600445070269,-0.57917767574583301,0.18105600445070269,0,0.77277777777777779,0.00010048490660713391,0.020096981321426781,0.0025935351922281966,3.0565105361175232e-05,3.0565105361174873e-05,0.00046436116573997827,8.4075377290951001e-05,49,12708,1,2,0,1,18.625751624999999
490,167.04777266160366,197.18757009569524,0.1804262155302552,0.49999934063716567,-6.5936283433210008e-07,12.905809753022352,0.14999999999999999,0.03111111111111111,0.0050000000000000001,4,0,0,27905.476260281997,2.6247713391980653e-05,1,4,0.0050000000000000001,0.075000000000000011,1,1,1,0,0,0,0,0,0,0.0014430172649051273,-0.68125087455999445,0.15684070891445581,-0.72833853895068867,0.15139580237363459,0.075000000000000011,285,-0.68125087455999445,0.15684070891445581,-0.68125087455999445,0.15684070891445581,0,0.83805555555555555,0.00010760027747791877,0.021520055495583754,0.0014430172649051273,1.7006121556394669e-05,1.7006121556394629e-05,0.00044600258864516704,6.9951362180790413e-05,43,12751,1,2,0,1,15.272391875
491,167.04933835053239,197.18897969666011,0.18042359008261022,0.49999931270919112,-6.8729080887619531e-07,12.890998320560445,0.14999999999999999,0.03111111111111111,0.0050000000000000001,4,0,0,27907.206927504703,3.4329869220681255e-05,1,4,0.0050000000000000001,0.075000000000000011,1,1,1,0,0,0,0,0,0,0.004185191023041269,0.70901796367965686,0.15532763424840698,-0.63021427515291373,0.1560841715814314,0.075000000000000011,285,0.70901796367965686,0.15532763424840698,0.70901796367965686,0.15532763424840698,0,0.15916666666666668,8.2569305390274214e-05,0.016513861078054842,0.004185191023041269,4.9322949215892424e-05,4.9322949215892587e-05,0.00045433108259541384,7.0570172225063228e-05,74,12825,1,2,0,1,25.931104083333334
492,167.05441534351201,197.19368945627846,0.18041590849778755,0.49999953671536407,-4.632846359320375e-07,12.922794903674028,0.14999999999999999,0.03111111111111111,0.0050000000000000001,4,0,0,27898.252728733049,1.3099474057351382e-05,1,4,0.0050000000000000001,0.075000000000000011,1,1,1,0,0,0,0,0,0,0.0081122774106426668,-0.915610380473041,0.23906305163905769,-0.63021427515291373,0.15706959659181044,0.075000000000000011,285,-0.915610380473041,0.23906305163905769,-0.915610380473041,0.23906305163905767,0,0.87388888888888894,0.00017149565079694967,0.034299130159389936,0.0081122774106426668,9.5604106132197934e-05,9.5604106132197894e-05,0.00050417415588508503,0.00012052941226343441,8,12833,1,2,0,1,3.2231255833333332
493,167.03764477532465,197.17658383335845,0.18043201637913672,0.49999942641742035,-5.7358257965489656e-07,12.909638633334113,0.14999999999999999,0.03111111111111111,0.0050000000000000001,4,0,0,27907.927781470178,-2.0188220920629898e-05,1,4,0.0050000000000000001,0.075000000000000011,1,1,1,0,0,0,0,0,0,0.0036691916925486907,-0.88977465409265133,0.15943128089891015,-0.72833853895068867,0.15836488258403761,0.075000000000000011,285,-0.88977465409265133,0.15943128089891015,-0.88977465409265133,0.15943128089891018,0,0.81861111111111107,9.8265112803566884e-05,0.019653022560713378,0.0036691916925486907,4.3241838787908747e-05,4.3241838787908205e-05,0.00044623964452420763,7.1144558114368762e-05,34,12867,1,2,0,1,11.373719291666667
494,167.04755817563228,197.18664870776686,0.18042221545343767,0.49999959555439333,-4.0444560667207696e-07,12.90131023135638,0.14999999999999999,0.03111111111111111,0.0050000000000000001,4,0,0,27905.841581605342,3.8735922517993149e-05,1,4,0.0050000000000000001,0.075000000000000011,1,1,1,0,0,0,0,0,0,0.0025678805791955425,0.65428346824713646,0.15194001736321378,-0.72833853895068867,0.15706959659181044,0.075000000000000011,285,0.65428346824713646,0.15194001736321378,0.65428346824713646,0.1519400173632138,0,0.24722222222222223,0.00014499736934922539,0.028999473869845079,0.0025678805791955425,3.0262762847106789e-05,3.0262762847106792e-05,0.00043164906265679928,6.5584766074889032e-05,53,12920,1,2,0,1,17.712674291666666
495,167.05034244882722,197.18908129076718,0.18041710301295791,0.49999952726253449,-4.727374655066896e-07,12.904627250476977,0.14999999999999999,0.03138888888888889,0.0050000000000000001,4,0,0,27905.618612435239,2.3429560844541567e-05,1,4,0.0050000000000000001,0.075000000000000011,1,1,1,0,0,0,0,0,0,0.0016597540132220578,-0.43851278038170149,0.18021533219602007,-0.63021427515291373,0.15836488258403761,0.075000000000000011,285,-0.43851278038170149,0.18021533219602007,-0.43851278038170149,0.18021533219602001,0,0.66722222222222227,8.9287768792008381e-05,0.017857553758401676,0.0016597540132220578,1.9560388630848395e-05,1.9560388630848496e-05,0.00041039304564942396,7.3959119052647367e-05,52,12972,1,2,0,1,18.047583833333334
496,167.04927321453769,197.18818229417636,0.18041927689761289,0.49999930196016407,-6.9803983593352825e-07,12.892931789774201,0.14999999999999999,0.03138888888888889,0.0050000000000000001,4,0,0,27906.389391404875,-3.2600294342224092e-06,1,4,0.0050000000000000001,0.075000000000000011,1,1,1,0,0,0,0,0,0,0.0035664310735874943,-0.51247184044094807,0.27508965262605883,-0.54582475809339059,0.1661761584034056,0.075000000000000011,285,-0.51247184044094807,0.27508965262605883,-0.51247184044094807,0.27508965262605883,0,0.74027777777777781,9.7990750235162367e-05,0.019598150047032473,0.0035664310735874943,4.2030793279468931e-05,4.2030793279468463e-05,0.00038049961896847241,0.00010467150800638483,70,13042,1,2,0,1,23.994868499999999
497,167.05303514149796,197.19166508749603,0.1804135430432014,0.49999951321109709,-4.8678890290920762e-07,12.923138567473954,0.14999999999999999,0.03138888888888889,0.0050000000000000001,4,0,0,27898.44267380872,1.7109300084996869e-05,1,4,0.0050000000000000001,0.075000000000000011,1,1,1,0,0,0,0,0,0,0.0077013061741772887,-0.8676727790310963,0.16724967058800635,-0.63021427515291373,0.17008535324795371,0.075000000000000011,285,-0.8676727790310963,0.16724967058800635,-0.8676727790310963,0.16724967058800638,0,0.83694444444444449,0.00014713272593829509,0.029426545187659015,0.0077013061741772887,9.0760763662576458e-05,9.0760763662576512e-05,0.00044237368647293484,7.3986853339400355e-05,8,13050,1,2,0,1,3.2302810416666667
498,167.03743412298297,197.17571069833289,0.18042827785034291,0.49999946663318978,-5.333668102180944e-07,12.908196504175857,0.14999999999999999,0.03138888888888889,0.0050000000000000001,4,0,0,27908.056016580962,-5.2665950895246632e-06,1,4,0.0050000000000000001,0.075000000000000011,1,1,1,0,0,0,0,0,0,0.0040266772855732788,-0.91517760522688341,0.13638463008307627,-0.77446182679554543,0.16334047574345825,0.075000000000000011,285,-0.91517760522688341,0.13638463008307627,-0.91517760522688341,0.13638463008307622,0,0.8552777777777778,0.00010162613759904088,0.020325227519808173,0.0040266772855732788,4.745484690464509e-05,4.7454846904645165e-05,0.00046580967637821355,6.3529280401960122e-05,35,13085,1,2,0,1,11.721526875
499,167.04779304692892,197.18606170646518,0.180417041792761,0.4999994960713891,-5.0392861089543217e-07,12.895371606164058,0.14999999999999999,0.03138888888888889,0.0050000000000000001,4,0,0,27906.336613071919,3.0929049025275015e-06,1,4,0.0050000000000000001,0.075000000000000011,1,1,1,0,0,0,0,0,0,0.0035380142979104844,0.79923707585522841,0.16190331624609994,-0.63021427515291373,0.16066729857250506,0.075000000000000011,285,0.79923707585522841,0.16190331624609994,0.79923707585522841,0.16190331624609991,0,0.16055555555555556,8.6916736731853427e-05,0.017383347346370686,0.0035380142979104844,4.1695898366457755e-05,4.169589836645781e-05,0.00047694046938349651,7.7218243645159581e-05,70,13155,1,2,0,1,23.571697833333332
500,167.05279785632743,197.1905352364567,0.18040845628966365,0.49999942534999681,-5.7465000319334436e-07,12.9243899045353,0.14999999999999999,0.03138888888888889,0.0050000000000000001,4,0,0,27899.326923939552,-2.0210127827570954e-08,1,4,0.0050000000000000001,0.075000000000000011,1,1,1,0,0,0,0,0,0,0.0074823283665773396,-0.94548936938014705,0.14378527853169734,-0.63021427515291373,0.15836488258403761,0.075000000000000011,285,-0.94548936938014705,0.14378527853169734,-0.94548936938014705,0.14378527853169737,0,0.89722222222222225,0.00013759063138852641,0.027518126277705283,0.0074823283665773396,8.8180085451188334e-05,8.8180085451188632e-05,0.00054811443327829057,7.8810786456162454e-05,10,13165,1,2,0,1,4.0294057499999996
501,167.0382841785073,197.17582249734033,0.18042293996881711,0.49999928724540976,-7.1275459023745213e-07,12.910865823369058,0.14999999999999999,0.03138888888888889,0.0050000000000000001,4,0,0,27906.821036783665,-2.4052460583789572e-05,1,4,0.0050000000000000001,0.075000000000000011,1,1,1,0,0,0,0,0,0,0.0036974807468972072,-0.9122999749613302,0.15534195176407084,-0.77446182679554543,0.15706959659181044,0.075000000000000011,285,-0.9122999749613302,0.15534195176407084,-0.9122999749613302,0.15534195176407087,0,0.92472222222222222,0.00012197505401525288,0.024395010803050576,0.0036974807468972072,4.3575228490628594e-05,4.3575228490628655e-05,0.00054236671255302664,8.4252303699849942e-05,39,13204,1,2,0,1,12.924015875
502,167.04683628731479,197.18448355535585,0.18041435526624014,0.49999946473350015,-5.3526649984592112e-07,12.908204875346115,0.14999999999999999,0.03138888888888889,0.0050000000000000001,4,0,0,27905.229694057627,-2.9551984033584582e-05,1,4,0.0050000000000000001,0.075000000000000011,1,1,1,0,0,0,0,0,0,0.001346581797579173,0.47702409638502435,0.16506220767795424,-0.77446182679554543,0.15706959659181044,0.075000000000000011,285,0.47702409638502435,0.16506220767795424,0.47702409638502435,0.16506220767795421,0,0.16888888888888889,0.00010853086298748191,0.021706172597496382,0.001346581797579173,1.5869618674843401e-05,1.5869618674843022e-05,0.00046263222509567174,7.6363096417255839e-05,33,13237,1,2,0,1,10.726363458333333
503,167.04726767621469,197.18528915455536,0.18041612950387653,0.49999952056675684,-4.7943324316124247e-07,12.901714017551214,0.14999999999999999,0.03138888888888889,0.0050000000000000001,4,0,0,27905.749100436409,2.9091395550124894e-05,1,4,0.0050000000000000001,0.075000000000000011,1,1,1,0,0,0,0,0,0,0.001944083280219379,0.66189449329511751,0.15415780689164507,-0.63021427515291373,0.15609133033926331,0.075000000000000011,285,0.66189449329511751,0.15415780689164507,0.66189449329511751,0.15415780689164507,0,0.19555555555555557,9.0592033509203891e-05,0.018118406701840777,0.001944083280219379,2.2911241177241831e-05,2.2911241177241655e-05,0.00044230162748500523,6.8184248877693773e-05,51,13288,1,2,0,1,17.471632499999998
504,167.04996895584767,197.1873442364589,0.18040934379686546,0.49999941839312106,-5.8160687893549223e-07,12.927059196651761,0.14999999999999999,0.03138888888888889,0.0050000000000000001,4,0,0,27899.701600584231,-1.3520016821671207e-05,1,4,0.0050000000000000001,0.075000000000000011,1,1,1,0,0,0,0,0,0,0.0067636395112761474,-0.88631229659999977,0.19858533625787697,-0.63021427515291373,0.15813599490668298,0.075000000000000011,285,-0.88631229659999977,0.19858533625787697,-0.88631229659999977,0.19858533625787692,0,0.86333333333333329,0.00012350435006451473,0.024700870012902946,0.0067636395112761474,7.9710256065410501e-05,7.9710256065410379e-05,0.00049174912070330877,9.7654164489381897e-05,13,13301,1,2,0,1,5.2617812083333337
505,167.03833169311238,197.17487715766117,0.18041694477598419,0.49999912034276595,-8.7965723405414309e-07,12.920299048530449,0.14999999999999999,0.03138888888888889,0.0050000000000000001,4,0,0,27904.874072468123,-2.7245272888641721e-05,1,4,0.0050000000000000001,0.075000000000000011,1,1,1,0,0,0,0,0,0,0.0020541538462912484,-0.82748040013172874,0.1456505373698605,-0.75436563734586159,0.15609133033926331,0.075000000000000011,285,-0.82748040013172874,0.1456505373698605,-0.82748040013172874,0.14565053736986056,0,0.89416666666666667,0.00013343673938521605,0.026687347877043209,0.0020541538462912484,2.4208435238549512e-05,2.4208435238549041e-05,0.00049639716731100943,7.2300514167725075e-05,20,13321,1,2,0,1,6.6167928749999998
506,167.0427476390345,197.17941454208855,0.18041290226006629,0.49999944184042189,-5.5815957811233829e-07,12.909166433851723,0.14999999999999999,0.03138888888888889,0.0050000000000000001,4,0,0,27904.942173198313,-2.6751560474534902e-05,1,4,0.0050000000000000001,0.075000000000000011,1,1,1,0,0,0,0,0,0,0.0034208410244970467,0.81080565039898977,0.15553676666237312,-0.63021427515291373,0.15618873778841447,0.075000000000000011,285,0.81080565039898977,0.15553676666237312,0.81080565039898977,0.15553676666237312,0,0.13111111111111112,0.00010913668292463246,0.021827336584926492,0.0034208410244970467,4.03149980963833e-05,4.0314998096383321e-05,0.00049468137212792425,7.6941141148883523e-05,33,13354,1,2,0,1,10.617622666666668
507,167.04683596688869,197.18452971454155,0.18041463385530165,0.4999993466681692,-6.5333183080218404e-07,12.895827244961925,0.14999999999999999,0.03138888888888889,0.0050000000000000001,4,0,0,27906.41783310788,-4.4541621056609792e-05,1,4,0.0050000000000000001,0.075000000000000011,1,1,1,0,0,0,0,0,0,0.0036507713012079801,0.87567867231046492,0.23002032738292741,-0.54582475809339059,0.15813599490668298,0.075000000000000011,285,0.87567867231046492,0.23002032738292741,0.87567867231046492,0.23002032738292738,0,0.099444444444444446,0.00010899327158978318,0.021798654317956634,0.0036507713012079801,4.3024752394089977e-05,4.3024752394089747e-05,0.00044694536085943746,0.00010280651822716843,66,13420,1,2,0,1,22.377989625000001
508,167.05221118368189,197.18930303674307,0.18040522564483749,0.49999944451999578,-5.5548000421623556e-07,12.925494735104134,0.14999999999999999,0.03138888888888889,0.0050000000000000001,4,0,0,27899.067552286004,6.5037522767867805e-06,1,4,0.0050000000000000001,0.075000000000000011,1,1,1,0,0,0,0,0,0,0.0078361651295593745,-0.93117756499706905,0.15749181365305759,-0.63021427515291373,0.15846154727598388,0.075000000000000011,285,-0.93117756499706905,0.15749181365305759,-0.93117756499706905,0.15749181365305759,0,0.87,0.00014411531483124573,0.028823062966249147,0.0078361651295593745,9.2350091693483232e-05,9.2350091693483137e-05,0.00049184060564827546,7.7460869011765183e-05,12,13432,1,2,0,1,4.8807253333333334
509,167.0382722041962,197.17428054612404,0.18041379346338079,0.49999929937561766,-7.006243823437508e-07,12.912754061239124,0.14999999999999999,0.03138888888888889,0.0050000000000000001,4,0,0,27906.809398682992,-3.4149034071447819e-05,1,4,0.0050000000000000001,0.075000000000000011,1,1,1,0,0,0,0,0,0,0.0033607950625332401,-0.9001787024139003,0.16523348107181224,-0.75436563734586159,0.15846154727598388,0.075000000000000011,285,-0.9001787024139003,0.16523348107181224,-0.9001787024139003,0.16523348107181224,0,0.83083333333333331,0.00010594989724124286,0.021189979448248571,0.0033607950625332401,3.9607349648258685e-05,3.9607349648258611e-05,0.0004897520569300762,8.0923437228636852e-05,28,13460,1,2,0,1,9.4451572083333328
510,167.04667319106082,197.18243905197474,0.18040326865082745,0.4999994456578491,-5.543421509046631e-07,12.902709165769844,0.14999999999999999,0.03138888888888889,0.0050000000000000001,4,0,0,27905.955010654157,-3.8019059360463169e-05,1,4,0.0050000000000000001,0.075000000000000011,1,1,1,0,0,0,0,0,0,0.0030071755040778454,0.78637346739408831,0.20640374346482276,-0.66997612028633835,0.16066729857250506,0.075000000000000011,285,0.78637346739408831,0.20640374346482276,0.78637346739408831,0.20640374346482279,0,0.17305555555555555,0.00010257218898678125,0.02051443779735625,0.0030071755040778454,3.5439903185858647e-05,3.5439903185858931e-05,0.00043701187466474651,9.020088686938362e-05,42,13502,1,2,0,1,14.462529083333333
511,167.05009013098237,197.18641151270606,0.1804029040516775,0.49999941839280737,-5.8160719262900784e-07,12.892654683942951,0.14999999999999999,0.03138888888888889,0.0050000000000000001,4,0,0,27906.947387739092,7.7701952837371487e-06,1,4,0.0050000000000000001,0.075000000000000011,1,1,1,0,0,0,0,0,0,0.0029844363214331926,0.89714370779942365,0.20241469186831756,-0.66997612028633835,0.1634827619620271,0.075000000000000011,285,0.89714370779942365,0.20241469186831756,0.89714370779942365,0.20241469186831751,0,0.14722222222222223,9.1383907384543739e-05,0.018276781476908747,0.0029844363214331926,3.5171919348414087e-05,3.5171919348414223e-05,0.00042860856552253204,8.6756670722364917e-05,68,13570,1,2,0,1,22.861522375
512,167.05361859069984,197.18978089046067,0.18039814135123775,0.49999953755072568,-4.6244927431882132e-07,12.92384983599047,0.14999999999999999,0.03138888888888889,0.0050000000000000001,4,0,0,27898.039706997424,9.6059146904244147e-06,1,4,0.0050000000000000001,0.075000000000000011,1,1,1,0,0,0,0,0,0,0.0079681302742211288,-0.88711875882577418,0.14693473479456917,-0.66997612028633835,0.16066729857250506,0.075000000000000011,285,-0.88711875882577418,0.14693473479456917,-0.88711875882577418,0.14693473479456914,0,0.85305555555555557,0.00017375141499392614,0.034750282998785229,0.0079681302742211288,9.3905315837993078e-05,9.390531583799305e-05,0.00050664426268568212,7.4443640372910737e-05,8,13578,1,2,0,1,3.2152891666666665
513,167.03722388180492,197.17290158071407,0.18041294627976498,0.49999945010178953,-5.4989821046680376e-07,12.907094992528284,0.14999999999999999,0.03138888888888889,0.0050000000000000001,4,0,0,27907.912633429583,-4.1162836057040618e-05,1,4,0.0050000000000000001,0.075000000000000011,1,1,1,0,0,0,0,0,0,0.0044468769992361658,-0.92808787525924075,0.11465046905164557,-0.66997612028633835,0.15969756494957876,0.075000000000000011,285,-0.92808787525924075,0.11465046905164557,-0.92808787525924075,0.11465046905164555,0,0.87222222222222223,0.00010452321912187787,0.020904643824375575,0.0044468769992361658,5.240694802103964e-05,5.2406948021039674e-05,0.00053613996952948007,6.1468698983889854e-05,39,13617,1,2,0,1,13.492549500000001
514,167.04821011200937,197.18391122471286,0.18040122125521046,0.49999944323799489,-5.5676200511056706e-07,12.897642099345719,0.14999999999999999,0.03138888888888889,0.0050000000000000001,4,0,0,27906.535114464888,-2.5602332927681198e-05,1,4,0.0050000000000000001,0.075000000000000011,1,1,1,0,0,0,0,0,0,0.0026032718563415366,0.81435195777400049,0.22293426372513844,-0.66997612028633835,0.1634827619620271,0.075000000000000011,285,0.81435195777400049,0.22293426372513844,0.81435195777400049,0.22293426372513844,0,0.10055555555555555,0.00010609111826669509,0.021218223653339016,0.0026032718563415366,3.0679853048186534e-05,3.0679853048186711e-05,0.00048710956651225643,0.00010859341256388125,61,13678,1,2,0,1,20.669707375000002
515,167.05202788505568,197.18696483960827,0.18039252403022418,0.49999945098927828,-5.4901072171764653e-07,12.925852547692596,0.14999999999999999,0.03138888888888889,0.0050000000000000001,4,0,0,27900.173761281585,2.0890141212771665e-05,1,4,0.0050000000000000001,0.075000000000000011,1,1,1,0,0,0,0,0,0,0.0077249526324706715,-0.90484380761650673,0.11566009803817538,-0.84757658958141247,0.15969756494957876,0.075000000000000011,285,-0.90484380761650673,0.11566009803817538,-0.90484380761650673,0.11566009803817535,0,0.92611111111111111,0.00014094728207376391,0.028189456414752782,0.0077249526324706715,9.1039439846081385e-05,9.1039439846081046e-05,0.00055394057111978834,6.4068820763037583e-05,15,13693,1,2,0,1,6.1361492916666664
516,167.03992108073072,197.17308540029333,0.18039498656730801,0.49999911172577377,-8.8827422622950181e-07,12.91968620762661,0.14999999999999999,0.03138888888888889,0.0050000000000000001,4,0,0,27905.222665636473,6.7138850390073572e-06,1,4,0.0050000000000000001,0.075000000000000011,1,1,1,0,0,0,0,0,0,0.001945138586964364,-0.83059866253049341,0.12898352010861591,-0.8491357207807948,0.15651429015771534,0.075000000000000011,285,-0.83059866253049341,0.12898352010861591,-0.83059866253049341,0.12898352010861588,0,0.89000000000000001,0.00014321147894752614,0.028642295789505227,0.001945138586964364,2.2923678086502012e-05,2.2923678086502012e-05,0.00053654925110990705,6.9206011119797507e-05,20,13713,1,2,0,1,6.7016744583333336
517,167.0435564255227,197.17712304039935,0.18039346898311445,0.49999936040899717,-6.3959100282673376e-07,12.909571695332314,0.14999999999999999,0.03138888888888889,0.0050000000000000001,4,0,0,27904.990864849653,1.2905554983606352e-05,1,4,0.0050000000000000001,0.075000000000000011,1,1,1,0,0,0,0,0,0,0.0030827398229880654,0.8024185109464308,0.13708251146987421,-0.82903953133111108,0.15543935921322199,0.075000000000000011,285,0.8024185109464308,0.13708251146987421,0.8024185109464308,0.13708251146987421,0,0.14222222222222222,0.00010599922995478434,0.021199845990956867,0.0030827398229880654,3.633043722447797e-05,3.6330437224477997e-05,0.00052985493594029538,7.2633845333405008e-05,33,13746,1,2,0,1,11.074774541666667
518,167.04734362951558,197.18170039968484,0.18039410933107963,0.49999932993498625,-6.7006501375255212e-07,12.895538813641174,0.14999999999999999,0.03138888888888889,0.0050000000000000001,4,0,0,27906.859403327886,-2.0788464834594872e-05,1,4,0.0050000000000000001,0.075000000000000011,1,1,1,0,0,0,0,0,0,0.0037909873601501888,0.86911591526550447,0.22261737360245318,-0.17522815187335219,0.15651429015771534,0.075000000000000011,285,0.86911591526550447,0.22261737360245318,0.86911591526550447,0.22261737360245318,0,0.06805555555555555,0.00013929191121995314,0.027858382243990627,0.0037909873601501888,4.4677214495911449e-05,4.4677214495911558e-05,0.00048218205874272379,0.00010734210351552897,66,13812,1,2,0,1,22.721251083333332
519,167.05328495081358,197.18734365045111,0.18038590925350598,0.49999943202004538,-5.6797995462432027e-07,12.924390358171923,0.14999999999999999,0.03138888888888889,0.0050000000000000001,4,0,0,27899.216239347919,3.9347073770270974e-05,1,4,0.0050000000000000001,0.075000000000000011,1,1,1,0,0,0,0,0,0,0.0074265917091374525,-0.94490089383598819,0.1276522918975615,-0.82903953133111108,0.15543935921322199,0.075000000000000011,285,-0.94490089383598819,0.1276522918975615,-0.94490089383598819,0.1276522918975615,0,0.89805555555555561,0.00013632029849922129,0.027264059699844259,0.0074265917091374525,8.7523222643914734e-05,8.7523222643915046e-05,0.00053009793173838023,6.766821591656134e-05,10,13822,1,2,0,1,4.0728651666666664
520,167.03871415383628,197.17226903217809,0.18039862813233798,0.49999923537847241,-7.646215275936008e-07,12.912371762284117,0.14999999999999999,0.03138888888888889,0.0050000000000000001,4,0,0,27906.889204719413,1.0440844530160866e-05,1,4,0.0050000000000000001,0.075000000000000011,1,1,1,0,0,0,0,0,0,0.0031655985032908026,-0.91946611787561827,0.12251856668731613,-0.82903953133111108,0.15543935921322199,0.075000000000000011,285,-0.91946611787561827,0.12251856668731613,-0.91946611787561827,0.12251856668731613,0,0.87722222222222224,0.00011754737390801604,0.023509474781603208,0.0031655985032908026,3.7306936136515194e-05,3.7306936136515574e-05,0.00053196496468903688,6.5175585001569537e-05,28,13850,1,2,0,1,9.5789050000000007
521,167.04653269432893,197.18016799580715,0.18039066609432972,0.49999949570074753,-5.0429925246842089e-07,12.897116500131581,0.14999999999999999,0.03138888888888889,0.0050000000000000001,4,0,0,27906.835279002484,-9.9642882366302812e-06,1,4,0.0050000000000000001,0.075000000000000011,1,1,1,0,0,0,0,0,0,0.0042920423745897961,0.83065345929757928,0.10816049811193917,-0.17522815187335219,0.1548472867770091,0.075000000000000011,285,0.83065345929757928,0.10816049811193917,0.83065345929757928,0.10816049811193916,0,0.11138888888888888,8.2643563708380377e-05,0.016528712741676076,0.0042920423745897961,5.0582204470207609e-05,5.0582204470207182e-05,0.00054737524981082991,5.9204379673686504e-05,54,13904,1,2,0,1,18.1874185
522,167.05238541032415,197.18569037292616,0.18038236861201815,0.49999943075394615,-5.6924605384978122e-07,12.925073990352143,0.14999999999999999,0.03138888888888889,0.0050000000000000001,4,0,0,27899.029895587279,-1.0818838004966553e-05,1,4,0.0050000000000000001,0.075000000000000011,1,1,1,0,0,0,0,0,0,0.0071845929938712493,-0.95102524229209018,0.10761532678797683,-0.82903953133111108,0.15054627084310712,0.075000000000000011,285,-0.95102524229209018,0.10761532678797683,-0.95102524229209018,0.10761532678797682,0,0.98111111111111116,0.00014195284423969875,0.028390568847939751,0.0071845929938712493,8.4671240433861991e-05,8.4671240433862411e-05,0.00053814117440669916,5.7912238341842563e-05,10,13914,1,2,0,1,4.0289143750000003
523,167.03847480160985,197.17138120345197,0.18039500443015127,0.49999926068848027,-7.3931151972628228e-07,12.914209400752483,0.14999999999999999,0.03138888888888889,0.0050000000000000001,4,0,0,27906.635305418327,1.8496463468796538e-05,1,4,0.0050000000000000001,0.075000000000000011,1,1,1,0,0,0,0,0,0,0.0029526725777350676,-0.88887863110963761,0.11539990326834505,-0.85845547956524659,0.14629263608221482,0.075000000000000011,285,-0.88887863110963761,0.11539990326834505,-0.88887863110963761,0.11539990326834505,0,0.83750000000000002,0.00010448927727117487,0.020897855454234976,0.0029526725777350676,3.4797580039000493e-05,3.4797580039000438e-05,0.00052053180642465998,6.0069320109502677e-05,27,13941,1,2,0,1,9.099266291666666
524,167.04597356101573,197.17873498761026,0.18038603855116653,0.49999947458634991,-5.2541365008762497e-07,12.907718782258376,0.14999999999999999,0.03138888888888889,0.0050000000000000001,4,0,0,27905.144034067271,6.1652823021138349e-06,1,4,0.0050000000000000001,0.075000000000000011,1,1,1,0,0,0,0,0,0,0.0025615550827328441,0.53083052328253166,0.12664339055396803,-0.82903953133111108,0.14136652441986736,0.075000000000000011,285,0.53083052328253166,0.12664339055396803,0.53083052328253166,0.12664339055396803,0,0.22166666666666668,0.00012568849543569721,0.025137699087139441,0.0025615550827328441,3.0188216156387697e-05,3.0188216156387819e-05,0.0005200401695328611,6.5859650293901878e-05,33,13974,1,2,0,1,10.921280833333334
525,167.04715670635119,197.18161250041581,0.18039490397934382,0.49999943772490524,-5.6227509476203252e-07,12.887851578261733,0.14999999999999999,0.03138888888888889,0.0050000000000000001,4,0,0,27907.166911747507,-2.3308683179509364e-05,1,4,0.0050000000000000001,0.075000000000000011,1,1,1,0,0,0,0,0,0,0.0054640401724072281,0.71370688972932017,0.2753355894295042,-0.14988406962398088,0.14200862313222168,0.075000000000000011,285,0.71370688972932017,0.2753355894295042,0.71370688972932017,0.2753355894295042,0,0.2036111111111111,0.00010487233330600359,0.020974466661200716,0.0054640401724072281,6.4394330976414387e-05,6.4394330976414482e-05,0.00049339506066319451,0.00013584921984930665,87,14061,1,2,0,1,30.828996
526,167.05542639296254,197.18889025872454,0.18038003623347976,0.49999953020025095,-4.6979974904770572e-07,12.921230299590849,0.14999999999999999,0.03138888888888889,0.0050000000000000001,4,0,0,27898.627596403261,1.8596544514343326e-05,1,4,0.0050000000000000001,0.075000000000000011,1,1,1,0,0,0,0,0,0,0.0085846896711180704,-0.95311520690555718,0.11206715859680182,-0.8588587106781338,0.13303301578924506,0.075000000000000011,285,-0.95311520690555718,0.11206715859680182,-0.95311520690555718,0.11206715859680182,0,0.85222222222222221,0.00018161535138813052,0.036323070277626102,0.0085846896711180704,0.00010117153801382832,0.00010117153801382864,0.00057164292059052116,6.4062397842556924e-05,8,14069,1,2,0,1,3.2321675833333332
527,167.03811316138561,197.17083329796975,0.18039427988192791,0.49999942057785979,-5.7942214021222682e-07,12.902535358372388,0.14999999999999999,0.03138888888888889,0.0050000000000000001,4,0,0,27908.758495312719,-6.0432597095249907e-06,1,4,0.0050000000000000001,0.075000000000000011,1,1,1,0,0,0,0,0,0,0.0049765360701396399,-0.9141166084428255,0.11245853404097865,-0.88799869496770589,0.12831790600308871,0.075000000000000011,285,-0.9141166084428255,0.11245853404097865,-0.9141166084428255,0.11245853404097864,0,0.83583333333333332,0.00014700485886123807,0.029400971772247615,0.0049765360701396399,5.864904003358652e-05,5.8649040033586432e-05,0.00059396152339962957,6.679604219826878e-05,44,14113,1,2,0,1,14.431199375
528,167.04988490085077,197.18221255650252,0.18037921830078607,0.49999924707788956,-7.5292211043631596e-07,12.920792563524685,0.14999999999999999,0.03138888888888889,0.0050000000000000001,4,0,0,27902.958303267271,1.2572563488848266e-05,1,4,0.0050000000000000001,0.075000000000000011,1,1,1,0,0,0,0,0,0,0.0056646691869518644,-0.75970276425559446,0.17075402827489236,-0.8588587106781338,0.12831790600308871,0.075000000000000011,285,-0.75970276425559446,0.17075402827489236,-0.75970276425559446,0.17075402827489233,0,0.77611111111111108,0.00011722502244931787,0.023445004489863572,0.0056646691869518644,6.6758766587869165e-05,6.6758766587869043e-05,0.00061604307549158698,0.0001051918367310421,28,14141,1,2,0,1,10.758004124999999
529,167.04338974980712,197.17376108927508,0.18037452056376715,0.49999958609393852,-4.1390606148050679e-07,12.912912214458681,0.14999999999999999,0.03138888888888889,0.0050000000000000001,4,0,0,27904.362576759868,-2.9330580329649548e-05,1,4,0.0050000000000000001,0.075000000000000011,1,1,1,0,0,0,0,0,0,0.0027217298404296868,-0.87233969171848347,0.13870788464660425,-0.85146917712448844,0.12831790600308871,0.075000000000000011,285,-0.87233969171848347,0.13870788464660425,-0.87233969171848347,0.13870788464660425,0,0.95750000000000002,0.00011402407226388295,0.02280481445277659,0.0027217298404296868,3.2075893778760191e-05,3.2075893778759947e-05,0.00056059574662643201,7.7759050156436118e-05,25,14166,1,2,0,1,8.0821346666666667
530,167.0463195968041,197.177589218946,0.18037673439839358,0.49999948397483562,-5.1602516437654344e-07,12.894699294964726,0.14999999999999999,0.03138888888888889,0.0050000000000000001,4,0,0,27907.65402679918,1.6323051582341804e-05,1,4,0.0050000000000000001,0.075000000000000011,1,1,1,0,0,0,0,0,0,0.0049365058918343224,0.85592023621753843,0.15345299990818037,-0.85146917712448844,0.12831790600308871,0.075000000000000011,285,0.85592023621753843,0.15345299990818037,0.85592023621753843,0.15345299990818037,0,0.080277777777777781,8.59270079527354e-05,0.017185401590547079,0.0049365058918343224,5.8177279858056578e-05,5.8177279858056978e-05,0.00058146609034797334,8.922771590877755e-05,65,14231,1,2,0,1,22.405126541666668
531,167.05412494803176,197.18540900059696,0.18036839295012103,0.49999938562114415,-6.1437885584547658e-07,12.924036248837758,0.14999999999999999,0.03138888888888889,0.0050000000000000001,4,0,0,27898.914973078427,1.5716021971720995e-05,1,4,0.0050000000000000001,0.075000000000000011,1,1,1,0,0,0,0,0,0,0.0074932103948779083,-0.96374662831414792,0.1682339703368782,-0.87972922527212882,0.12831790600308871,0.075000000000000011,285,-0.96374662831414792,0.1682339703368782,-0.96374662831414792,0.1682339703368782,0,0.96361111111111108,0.00015199534957372344,0.030399069914744687,0.0074932103948779083,8.8308331384594931e-05,8.8308331384595162e-05,0.00061919221726236138,0.00010416916511174194,9,14240,1,2,0,1,3.6421705000000002
532,167.03883632537165,197.16971260424077,0.18038246040087219,0.49999934613868624,-6.5386131375966272e-07,12.909533308054662,0.14999999999999999,0.03138888888888889,0.0050000000000000001,4,0,0,27907.504555739262,-1.2266061518292941e-05,1,4,0.0050000000000000001,0.075000000000000011,1,1,1,0,0,0,0,0,0,0.0039137241230999776,-0.90758923190846075,0.14351852203160168,-0.88060916141406054,0.12831790600308871,0.075000000000000011,285,-0.90758923190846075,0.14351852203160168,-0.90758923190846075,0.14351852203160168,0,0.92500000000000004,0.00011316888763679956,0.022633777527359913,0.0039137241230999776,4.6123681118956136e-05,4.6123681118956089e-05,0.00058064465794745504,8.3333263134163652e-05,39,14279,1,2,0,1,13.267599041666667
533,167.0477388794329,197.17822587323477,0.18037051681105734,0.4999995203753157,-4.7962468430196026e-07,12.899401298486286,0.14999999999999999,0.03138888888888889,0.0050000000000000001,4,0,0,27906.647208336308,1.4555847182590814e-05,1,4,0.0050000000000000001,0.075000000000000011,1,1,1,0,0,0,0,0,0,0.0028652168486622948,0.79285967889946352,0.14476912328754615,-0.85146917712448844,0.13303301578924506,0.075000000000000011,285,0.79285967889946352,0.14476912328754615,0.79285967889946352,0.14476912328754615,0,0.069722222222222227,9.8031503124540115e-05,0.019606300624908021,0.0028652168486622948,3.3766904387650972e-05,3.3766904387651385e-05,0.00057961398229610598,8.3910208062210555e-05,56,14335,1,2,0,1,18.779194083333334
534,167.05165791856768,197.18197252274805,0.1803652533569462,0.49999942633016176,-5.7366983824413964e-07,12.926058412605496,0.14999999999999999,0.03138888888888889,0.0050000000000000001,4,0,0,27899.907108970187,1.9176111266041422e-05,1,4,0.0050000000000000001,0.075000000000000011,1,1,1,0,0,0,0,0,0,0.0070617878603151784,-0.92029207316949713,0.14234072220160507,-0.88060916141406054,0.13303301578924506,0.075000000000000011,285,-0.92029207316949713,0.14234072220160507,-0.92029207316949713,0.14234072220160507,0,0.95638888888888884,0.0001310887829759781,0.02621775659519562,0.0070617878603151784,8.3223968055495045e-05,8.3223968055495045e-05,0.00063264973419521319,9.0051820066000128e-05,13,14348,1,2,0,1,5.3306599166666668
535,167.03922984863743,197.16871516928478,0.18037370830761837,0.49999930853302044,-6.9146697956323777e-07,12.918547805398422,0.14999999999999999,0.03138888888888889,0.0050000000000000001,4,0,0,27905.094636665024,5.3938424592616865e-06,1,4,0.0050000000000000001,0.075000000000000011,1,1,1,0,0,0,0,0,0,0.0021664761244961951,-0.86716491341343516,0.20276001043067762,-0.86975230256595926,0.13789519805823924,0.075000000000000011,285,-0.86716491341343516,0.20276001043067762,-0.86716491341343516,0.2027600104306776,0,0.9244444444444444,0.00011412743489073643,0.022825486978147284,0.0021664761244961951,2.5532165981833508e-05,2.5532165981833223e-05,0.00059378756920063197,0.00012039637372472684,21,14369,1,2,0,1,6.9520002083333337
536,167.04412193294993,197.17389200015276,0.18037013046946157,0.49999945822915759,-5.4177084241047169e-07,12.90810610945568,0.14999999999999999,0.03138888888888889,0.0050000000000000001,4,0,0,27905.669533122033,-2.7093269433761156e-05,1,4,0.0050000000000000001,0.075000000000000011,1,1,1,0,0,0,0,0,0,0.0029667040081051035,0.85335298110017355,0.15527691134933133,-0.86975230256595926,0.14052430342410466,0.075000000000000011,285,0.85335298110017355,0.15527691134933133,0.85335298110017355,0.1552769113493313,0,0.065833333333333327,9.8327816619984222e-05,0.019665563323996844,0.0029667040081051035,3.4962942031740478e-05,3.4962942031740525e-05,0.00052757897321854374,8.1920833454227063e-05,32,14401,1,2,0,1,10.487172624999999
537,167.04838047790014,197.17848399107717,0.18036752841888898,0.49999944434683025,-5.5565316975370038e-07,12.893250713072469,0.14999999999999999,0.03138888888888889,0.0050000000000000001,4,0,0,27906.868939881537,2.1776996868070682e-05,1,4,0.0050000000000000001,0.075000000000000011,1,1,1,0,0,0,0,0,0,0.0040625687299000561,0.92338155094234786,0.13438961187062301,-0.86975230256595926,0.14052430342410466,0.075000000000000011,285,0.92338155094234786,0.13438961187062301,0.92338155094234786,0.13438961187062304,0,0.097777777777777783,8.6518375893755034e-05,0.017303675178751008,0.0040625687299000561,4.7877831632479152e-05,4.7877831632479125e-05,0.00051680776481743647,6.945359492553951e-05,68,14469,1,2,0,1,23.210669708333334
538,167.0541753978691,197.18359885527337,0.18035720080414461,0.49999942708362027,-5.7291637972634035e-07,12.923902882751918,0.14999999999999999,0.03138888888888889,0.0050000000000000001,4,0,0,27899.536958102508,1.5033325841549097e-06,1,4,0.0050000000000000001,0.075000000000000011,1,1,1,0,0,0,0,0,0,0.0079596860986669935,-0.94455010361948188,0.11414199488069453,-0.88060916141406054,0.13654874825861363,0.075000000000000011,285,-0.94455010361948188,0.11414199488069453,-0.94455010361948188,0.11414199488069454,0,0.88416666666666666,0.00014883016066572711,0.029766032133145423,0.0079596860986669935,9.3805800274728756e-05,9.3805800274729094e-05,0.00054385479850429662,6.2076671626718575e-05,11,14480,1,2,0,1,4.4423642916666664
539,167.0392564943931,197.16790249083931,0.18036865482251185,0.4999994823792055,-5.1762079450456966e-07,12.908104201481086,0.14999999999999999,0.03138888888888889,0.0050000000000000001,4,0,0,27907.867449815989,3.2226509327590889e-06,1,4,0.0050000000000000001,0.075000000000000011,1,1,1,0,0,0,0,0,0,0.0041526594565663433,-0.9391434597761138,0.10189069725914125,-0.88060916141406054,0.13654874825861363,0.075000000000000011,285,-0.9391434597761138,0.10189069725914125,-0.9391434597761138,0.10189069725914128,0,0.92277777777777781,9.9113886069788693e-05,0.019822777213957737,0.0041526594565663433,4.8939561028275073e-05,4.8939561028274842e-05,0.00056071846575381148,5.7131995441731769e-05,39,14519,1,2,0,1,13.716249333333334
540,167.04912980254264,197.17746715449758,0.18035614664720245,0.49999938320524179,-6.1679475821252439e-07,12.894855743031819,0.14999999999999999,0.03138888888888889,0.0050000000000000001,4,0,0,27907.196214188014,-2.6598148361786278e-06,1,4,0.0050000000000000001,0.075000000000000011,1,1,1,0,0,0,0,0,0,0.0036917938572233028,0.85135960128157484,0.10337300476185712,-0.86975230256595926,0.13654874825861363,0.075000000000000011,285,0.85135960128157484,0.10337300476185712,0.85135960128157484,0.10337300476185714,0,0.11611111111111111,0.00011906602620143187,0.023813205240286375,0.0036917938572233028,4.3508207853090639e-05,4.3508207853090565e-05,0.00054604939374884511,5.644676658020856e-05,66,14585,1,2,0,1,22.361666875000001
541,167.05413280348486,197.18239808038243,0.18035031382515471,0.49999945621970104,-5.4378029895607582e-07,12.924605983590931,0.14999999999999999,0.03138888888888889,0.0050000000000000001,4,0,0,27900.352928926437,-7.0412699357690429e-06,1,4,0.0050000000000000001,0.075000000000000011,1,1,1,0,0,0,0,0,0,0.0080486098603178968,-0.94390894974540651,0.11086204625819499,-0.88060916141406054,0.13654874825861363,0.075000000000000011,285,-0.94390894974540651,0.11086204625819499,-0.94390894974540651,0.11086204625819499,0,0.90749999999999997,0.00014475971818821363,0.028951943637642724,0.0080486098603178968,9.4853776855928254e-05,9.4853776855928254e-05,0.00055259483922017816,6.126179462766721e-05,15,14600,1,2,0,1,6.1199945833333329
542,167.04105631077465,197.16764238011902,0.18035437954424091,0.49999920247529361,-7.975247063862767e-07,12.916832115023036,0.14999999999999999,0.03138888888888889,0.0050000000000000001,4,0,0,27905.951669625236,2.6495968757255702e-05,1,4,0.0050000000000000001,0.075000000000000011,1,1,1,0,0,0,0,0,0,0.0023140267191272979,-0.87514130923901601,0.12163908419783805,-0.87374050047874974,0.13654874825861363,0.075000000000000011,285,-0.87514130923901601,0.12163908419783805,-0.87514130923901601,0.12163908419783805,0,0.91972222222222222,0.00013076700330716477,0.026153400661432954,0.0023140267191272979,2.7271066415696178e-05,2.727106641569564e-05,0.00053374222451691778,6.4923915387954742e-05,22,14622,1,2,0,1,7.2382160000000004
543,167.04548342836432,197.17266118212598,0.18035314176382014,0.49999944690455816,-5.5309544183534953e-07,12.903911427621075,0.14999999999999999,0.03138888888888889,0.0050000000000000001,4,0,0,27906.187925019884,-9.4397148123116306e-06,1,4,0.0050000000000000001,0.075000000000000011,1,1,1,0,0,0,0,0,0,0.0039052601078609071,0.8696397360173298,0.11398845810758224,-0.86975230256595926,0.13654874825861363,0.075000000000000011,285,0.8696397360173298,0.11398845810758224,0.8696397360173298,0.11398845810758225,0,0.085277777777777772,0.00011763466354086279,0.023526932708172559,0.0039052601078609071,4.6023931742762591e-05,4.6023931742762415e-05,0.0005459992518720288,6.2237612848785995e-05,40,14662,1,2,0,1,13.317164666666667
544,167.0500782029147,197.17755478751792,0.18034996995336663,0.49999939227176998,-6.0772823001764564e-07,12.89310843182388,0.14999999999999999,0.03138888888888889,0.0050000000000000001,4,0,0,27907.131286315842,-1.1128265037386426e-05,1,4,0.0050000000000000001,0.075000000000000011,1,1,1,0,0,0,0,0,0,0.0031089840619416618,0.88785873857538844,0.23921130603901664,-0.86975230256595926,0.14052430342410466,0.075000000000000011,285,0.88785873857538844,0.23921130603901664,0.88785873857538844,0.23921130603901661,0,0.10861111111111112,8.6066398657425172e-05,0.017213279731485034,0.0031089840619416618,3.6639728546664104e-05,3.6639728546664037e-05,0.00049941501236319772,0.00011946571736289216,66,14728,1,2,0,1,22.404431083333332
545,167.05418601606172,197.18200548647027,0.18034758774324794,0.49999951391762276,-4.8608237723790637e-07,12.923271865353184,0.14999999999999999,0.03138888888888889,0.0050000000000000001,4,0,0,27898.432242439692,3.3528172911655963e-05,1,4,0.0050000000000000001,0.075000000000000011,1,1,1,0,0,0,0,0,0,0.0076693414989711002,-0.89868098859870948,0.11524609612402061,-0.87374050047874974,0.13654874825861363,0.075000000000000011,285,-0.89868098859870948,0.11524609612402061,-0.89868098859870948,0.11524609612402059,0,0.88888888888888884,0.00013870525885047001,0.027741051770094002,0.0076693414989711002,9.0384056352631106e-05,9.0384056352631214e-05,0.00056426690273399575,6.5029557712085461e-05,8,14736,1,2,0,1,3.2398323333333332
546,167.03828633832472,197.16579686857855,0.18036290476084388,0.49999932997464114,-6.7002535886206971e-07,12.908437576533217,0.14999999999999999,0.03138888888888889,0.0050000000000000001,4,0,0,27908.112504951205,1.7078765663452563e-05,1,4,0.0050000000000000001,0.075000000000000011,1,1,1,0,0,0,0,0,0,0.0039830542662545676,-0.92709947227446443,0.1044232242030515,-0.87374050047874974,0.13654874825861363,0.075000000000000011,285,-0.92709947227446443,0.1044232242030515,-0.92709947227446443,0.1044232242030515,0,0.88361111111111112,9.5642916053196491e-05,0.019128583210639299,0.0039830542662545676,4.6940744691710215e-05,4.6940744691710493e-05,0.00057624470539396574,6.0173330067175443e-05,34,14770,1,2,0,1,11.308584625
547,167.0483423753808,197.17610648977856,0.18035356523739995,0.49999952974306261,-4.7025693739044527e-07,12.892305578969463,0.14999999999999999,0.03138888888888889,0.0050000000000000001,4,0,0,27907.007002585404,5.9739375276063345e-07,1,4,0.0050000000000000001,0.075000000000000011,1,1,1,0,0,0,0,0,0,0.0044547975520875145,0.82533877923129106,0.10773512226186659,-0.86975230256595926,0.13654874825861363,0.075000000000000011,285,0.82533877923129106,0.10773512226186659,0.82533877923129106,0.10773512226186661,0,0.15722222222222224,9.9048233248704603e-05,0.019809646649740921,0.0044547975520875145,5.250029263157189e-05,5.2500292631571646e-05,0.00058086716639305829,6.257979518926014e-05,76,14846,1,2,0,1,25.913139041666668
548,167.05471431530577,197.18151922081881,0.18034094415707719,0.49999932003973291,-6.7996026709149504e-07,12.923430954145006,0.14999999999999999,0.03138888888888889,0.0050000000000000001,4,0,0,27899.264304418371,7.8636591787750433e-06,1,4,0.0050000000000000001,0.075000000000000011,1,1,1,0,0,0,0,0,0,0.0080109515202781961,-0.93907194426623686,0.10712683770455068,-0.87374050047874974,0.12801434803423054,0.075000000000000011,285,-0.93907194426623686,0.10712683770455068,-0.93907194426623686,0.10712683770455066,0,0.88444444444444448,0.00015702755309771868,0.031405510619543733,0.0080109515202781961,9.4409969062423239e-05,9.4409969062423808e-05,0.00058147133518075291,6.229118535375691e-05,9,14855,1,2,0,1,3.6117957083333332
549,167.03852765087888,197.16491227638673,0.18035590380965227,0.49999949115058767,-5.0884941232842706e-07,12.906557022584794,0.14999999999999999,0.03138888888888889,0.0050000000000000001,4,0,0,27908.275315815183,1.9147682994712732e-05,1,4,0.0050000000000000001,0.075000000000000011,1,1,1,0,0,0,0,0,0,0.0045341924600265111,-0.93949173136092667,0.11293479173775452,-0.8869111489188628,0.11844259016092933,0.075000000000000011,285,-0.93949173136092667,0.11293479173775452,-0.93949173136092667,0.1129347917377545,0,0.92861111111111116,0.0001031368351741108,0.02062736703482216,0.0045341924600265111,5.343597059482766e-05,5.3435970594827856e-05,0.00058596774474730588,6.617614521807869e-05,38,14893,1,2,0,1,12.377800833333334
550,167.04943669117685,197.17609427493295,0.18034575979714942,0.4999994897116436,-5.1028835640343218e-07,12.895930068268994,0.14999999999999999,0.03138888888888889,0.0050000000000000001,4,0,0,27906.792426437099,8.0488753395877957e-06,1,4,0.0050000000000000001,0.075000000000000011,1,1,1,0,0,0,0,0,0,0.0030584501815049043,0.81396867992808586,0.11313899038938988,-0.8869111489188628,0.11469404550235757,0.075000000000000011,285,0.81396867992808586,0.11313899038938988,0.81396867992808586,0.11313899038938985,0,0.11055555555555556,0.00010153432707673957,0.020306865415347916,0.0030584501815049043,3.6044181054389081e-05,3.6044181054388844e-05,0.00057850371794860417,6.5451326585213443e-05,62,14955,1,2,0,1,20.656657625000001
551,167.05314415733196,197.17916304250988,0.18033793399784806,0.49999943804829577,-5.619517042254607e-07,12.91528970294371,0.14999999999999999,0.03138888888888889,0.0050000000000000001,4,0,0,27903.410930212012,8.2424946658783866e-06,1,4,0.0050000000000000001,0.075000000000000011,1,1,1,0,0,0,0,0,0,0.0052016490408940781,-0.89289381169630433,0.15123949473713247,-0.88401756046766011,0.11469404550235757,0.075000000000000011,285,-0.89289381169630433,0.15123949473713247,-0.89289381169630433,0.15123949473713244,0,0.81416666666666671,9.7753700913661649e-05,0.01955074018273233,0.0052016490408940781,6.1302021836145065e-05,6.1302021836144943e-05,0.00054495196292882089,8.2418259529363409e-05,32,14987,1,2,0,1,11.338249458333333
552,167.04417931844412,197.16990684921117,0.18034586810317388,0.49999957815433205,-4.2184566795278045e-07,12.905552041244887,0.14999999999999999,0.03138888888888889,0.0050000000000000001,4,0,0,27905.652890453261,1.4048096027702942e-05,1,4,0.0050000000000000001,0.075000000000000011,1,1,1,0,0,0,0,0,0,0.0031042738144780105,-0.82397745201825512,0.16023177993858415,-0.87115311132622564,0.11469404550235757,0.075000000000000011,285,-0.82397745201825512,0.16023177993858415,-0.82397745201825512,0.16023177993858412,0,0.86111111111111116,9.600081646344884e-05,0.019200163292689768,0.0031042738144780105,3.6584217747953865e-05,3.6584217747954278e-05,0.00055426511426107951,8.881088581591549e-05,34,15021,1,2,0,1,11.475495541666668
553,167.04851054151496,197.17549544212926,0.18034871908137806,0.49999943644194722,-5.6355805277963356e-07,12.90668123089292,0.14999999999999999,0.03138888888888889,0.0050000000000000001,4,0,0,27905.096622548324,1.8542454789545195e-05,1,4,0.0050000000000000001,0.075000000000000011,1,1,1,0,0,0,0,0,0,0.0019239331331431084,-0.17046681315942022,0.15129269234426712,-0.87115311132622564,0.11469404550235757,0.075000000000000011,285,-0.17046681315942022,0.15129269234426712,-0.17046681315942022,0.15129269234426712,0,0.6825,0.00011086571311529116,0.02217314262305823,0.0019239331331431084,2.2673769416582877e-05,2.2673769416582287e-05,0.00053091495193489946,8.0323552484058106e-05,58,15079,1,2,0,1,19.638696124999999
554,167.04818972352072,197.17440372143275,0.18034445059101531,0.49999948011249973,-5.1988750027209818e-07,12.929430710009074,0.14999999999999999,0.03138888888888889,0.0050000000000000001,4,0,0,27898.499853947334,1.6277546013827075e-05,1,4,0.0050000000000000001,0.075000000000000011,1,1,1,0,0,0,0,0,0,0.0059777935039615005,0.093949646404405895,0.23248917378718606,-0.84557118271584519,0.11469404550235757,0.075000000000000011,285,0.093949646404405895,0.23248917378718606,0.093949646404405895,0.23248917378718606,0,0.33055555555555555,0.00013938578656271793,0.027877157312543588,0.0059777935039615005,7.0448972053067826e-05,7.0448972053067406e-05,0.00056472419544130285,0.00013129226161578188,11,15090,1,2,0,1,4.5264333749999999
555,167.03776269560774,197.163447544109,0.18035254042164814,0.49999923195169255,-7.6804830745347275e-07,12.914770210621329,0.14999999999999999,0.03138888888888889,0.0050000000000000001,4,0,0,27907.124574849844,-4.0542456711560984e-05,1,4,0.0050000000000000001,0.075000000000000011,1,1,1,0,0,0,0,0,0,0.0038693768542711819,-0.917809856087071,0.16714519395296751,-0.84955938062863556,0.11469404550235757,0.075000000000000011,285,-0.917809856087071,0.16714519395296751,-0.917809856087071,0.16714519395296751,0,0.88833333333333331,0.0001137745488068342,0.022754909761366841,0.0038693768542711819,4.5601043543690402e-05,4.5601043543690584e-05,0.00051994118263236214,8.6905669815221472e-05,32,15122,1,2,0,1,10.550858291666668
556,167.04650965474798,197.1716306583379,0.18033972134977605,0.49999935255074229,-6.47449257706878e-07,12.902277108309123,0.14999999999999999,0.03138888888888889,0.0050000000000000001,4,0,0,27905.705764545397,1.4482524161322214e-05,1,4,0.0050000000000000001,0.075000000000000011,1,1,1,0,0,0,0,0,0,0.0035819852105652113,0.83822478675118728,0.16022573137277299,-0.84955938062863556,0.11469404550235757,0.075000000000000011,285,0.83822478675118728,0.16022573137277299,0.83822478675118728,0.16022573137277296,0,0.15222222222222223,9.6589982961004265e-05,0.019317996592200851,0.0035819852105652113,4.2214100541676404e-05,4.2214100541676722e-05,0.00051521453848232834,8.2550626242216749e-05,46,15168,1,2,0,1,15.773679041666666
557,167.05091862304184,197.17637469863513,0.18033696745824418,0.4999994024518839,-5.9754811609913361e-07,12.927735484870514,0.14999999999999999,0.03138888888888889,0.0050000000000000001,4,0,0,27900.517199458391,-2.8971162759081477e-06,1,4,0.0050000000000000001,0.075000000000000011,1,1,1,0,0,0,0,0,0,0.0067813676987429072,-0.93550732324031483,0.24115793354824883,-0.88401756046766011,0.11469404550235757,0.075000000000000011,285,-0.93550732324031483,0.24115793354824883,-0.93550732324031483,0.24115793354824877,0,0.9211111111111111,0.00014311109597348707,0.028622219194697415,0.0067813676987429072,7.991918475834204e-05,7.9919184758342162e-05,0.00054263343060909877,0.00013086035679988733,13,15181,1,2,0,1,5.3264819166666664
558,167.0390774140437,197.16330782196772,0.1803424137290604,0.49999925953333596,-7.4046666403981831e-07,12.916738729611833,0.14999999999999999,0.03138888888888889,0.0050000000000000001,4,0,0,27905.773644016612,-2.6648839086660406e-05,1,4,0.0050000000000000001,0.075000000000000011,1,1,1,0,0,0,0,0,0,0.0030178433675536833,-0.92959762250292077,0.17043092707470081,-0.88401756046766011,0.11844259016092933,0.075000000000000011,285,-0.92959762250292077,0.17043092707470081,-0.92959762250292077,0.17043092707470081,0,0.97416666666666663,0.00012413000396338956,0.02482600079267791,0.0030178433675536833,3.5565625162600936e-05,3.5565625162600421e-05,0.00048378908670927549,8.2452622556484638e-05,26,15207,1,2,0,1,8.4606360416666675
559,167.04533814151011,197.16955402196942,0.18033556767049672,0.49999953091372806,-4.6908627193698038e-07,12.908259362883371,0.14999999999999999,0.03138888888888889,0.0050000000000000001,4,0,0,27905.525167032567,-2.3447835739184196e-06,1,4,0.0050000000000000001,0.075000000000000011,1,1,1,0,0,0,0,0,0,0.0025743116796702044,0.84100544668639521,0.16322618416659737,-0.84955938062863556,0.13643928946748526,0.075000000000000011,285,0.84100544668639521,0.16322618416659737,0.84100544668639521,0.1632261841665974,0,0.03833333333333333,9.4729393189492758e-05,0.018945878637898553,0.0025743116796702044,3.0338554093042214e-05,3.0338554093042441e-05,0.00046069167020749009,7.5196943405305119e-05,28,15235,1,2,0,1,9.2310710416666666
560,167.04834733632291,197.17340864170154,0.18033738008031319,0.49999939679033201,-6.0320966799309872e-07,12.8969881121968,0.14999999999999999,0.03138888888888889,0.0050000000000000001,4,0,0,27906.494947120736,-1.3661886108982846e-05,1,4,0.0050000000000000001,0.075000000000000011,1,1,1,0,0,0,0,0,0,0.0033214701676518217,0.88427270258199164,0.16158731148096608,-0.84955938062863556,0.15126609354069981,0.075000000000000011,285,0.88427270258199164,0.16158731148096608,0.88427270258199164,0.16158731148096606,0,0.12611111111111112,8.0397904152818814e-05,0.016079580830563763,0.0033214701676518217,3.9143901317590368e-05,3.9143901317590591e-05,0.00046379139047069188,7.4942803874178054e-05,62,15297,1,2,0,1,21.43769825
561,167.05250902192273,197.17722350719495,0.1803308113218394,0.49999969271887068,-3.0728112931921459e-07,12.916978993441566,0.14999999999999999,0.03138888888888889,0.0050000000000000001,4,0,0,27903.265326425048,-1.3280936933381065e-05,1,4,0.0050000000000000001,0.075000000000000011,1,1,1,0,0,0,0,0,0,0.0054917693173094041,-0.91758489687503353,0.15596641972778702,-0.84955938062863556,0.15362955603602707,0.075000000000000011,285,-0.91758489687503353,0.15596641972778702,-0.91758489687503353,0.15596641972778702,0,0.87694444444444442,9.8126672624510494e-05,0.019625334524902099,0.0054917693173094041,6.4721122083028263e-05,6.4721122083028019e-05,0.00046721049071757489,7.2869147496482621e-05,26,15323,1,2,0,1,9.4240754166666658
562,167.04428195466136,197.1680211340466,0.18033385415468056,0.49999948208516826,-5.1791483174357111e-07,12.906237933839643,0.14999999999999999,0.03138888888888889,0.0050000000000000001,4,0,0,27905.743398924475,-2.4761166161448627e-05,1,4,0.0050000000000000001,0.075000000000000011,1,1,1,0,0,0,0,0,0,0.0032150197267180576,-0.89045889289579105,0.15374001634778253,-0.85721817245702314,0.15485321803778479,0.075000000000000011,285,-0.89045889289579105,0.15374001634778253,-0.89045889289579105,0.15374001634778253,0,0.95166666666666666,0.00011280450149413696,0.022560900298827392,0.0032150197267180576,3.7889370840180987e-05,3.7889370840180642e-05,0.00046851564380980134,7.2029602738510711e-05,33,15356,1,2,0,1,10.590651166666667
563,167.04886129904281,197.17336703370589,0.1803334994348488,0.49999925581929106,-7.4418070894477495e-07,12.924259934912172,0.14999999999999999,0.03138888888888889,0.0050000000000000001,4,0,0,27902.521023492467,-2.336614780330057e-05,1,4,0.0050000000000000001,0.075000000000000011,1,1,1,0,0,0,0,0,0,0.0052992822082279884,-0.92359289574849879,0.17366599265745677,-0.89167635229604769,0.15809607555027999,0.075000000000000011,285,-0.92359289574849879,0.17366599265745677,-0.92359289574849879,0.17366599265745683,0,0.94333333333333336,0.00012005566582634813,0.024011133165269625,0.0052992822082279884,6.2452639747653877e-05,6.2452639747653755e-05,0.00050829451414087284,8.8273471360614386e-05,21,15377,1,2,0,1,8.1984581666666667
564,167.04254550217561,197.16574746521286,0.18033251272888987,0.49999926227025437,-7.377297456256926e-07,12.913918954143039,0.14999999999999999,0.03138888888888889,0.0050000000000000001,4,0,0,27904.922043552226,-2.8685361095996854e-05,1,4,0.0050000000000000001,0.075000000000000011,1,1,1,0,0,0,0,0,0,0.0030995396676259325,-0.92450095518700037,0.17555862923116758,-0.89578740014750691,0.15809607555027999,0.075000000000000011,285,-0.92450095518700037,0.17555862923116758,-0.92450095518700037,0.17555862923116758,0,0.98250000000000004,0.00011170316368223439,0.022340632736446878,0.0030995396676259325,3.652842529224991e-05,3.6528425292249788e-05,0.00047437396738005518,8.3280443456193088e-05,26,15403,1,2,0,1,8.2158014166666664
565,167.04651918913672,197.17021333614616,0.18033116938463231,0.49999963575726103,-3.6424273897051052e-07,12.903244248742347,0.14999999999999999,0.03138888888888889,0.0050000000000000001,4,0,0,27906.034886949357,2.5261546248524042e-05,1,4,0.0050000000000000001,0.075000000000000011,1,1,1,0,0,0,0,0,0,0.0030884623743999903,0.90916718623846393,0.16685110338628109,-0.89167635229604769,0.16022875565567857,0.075000000000000011,285,0.90916718623846393,0.16685110338628109,0.90916718623846393,0.16685110338628109,0,0.085277777777777772,9.0008445009087166e-05,0.018001689001817433,0.0030884623743999903,3.6397878139628983e-05,3.6397878139628671e-05,0.00046517080197599326,7.7614261572775734e-05,51,15454,1,2,0,1,17.457502250000001
566,167.0510466835953,197.17442330502493,0.18032438119639627,0.49999944378412348,-5.5621587652376903e-07,12.928757169413766,0.14999999999999999,0.03138888888888889,0.0050000000000000001,4,0,0,27898.967940462324,-9.7940590548019724e-06,1,4,0.0050000000000000001,0.075000000000000011,1,1,1,0,0,0,0,0,0,0.0065498891494569318,-0.93552571728606138,0.20189006399536985,-0.89167635229604769,0.16090954570977511,0.075000000000000011,285,-0.93552571728606138,0.20189006399536985,-0.93552571728606138,0.20189006399536988,0,0.87888888888888894,0.00014707409829895244,0.029414819659790488,0.0065498891494569318,7.7191183893353073e-05,7.7191183893353087e-05,0.00050014788532766962,0.00010097488857595212,10,15464,1,2,0,1,4.1024808750000004
567,167.03817989433028,197.16117627238145,0.1803359950228578,0.49999936232371667,-6.3767628333266657e-07,12.915557376684102,0.14999999999999999,0.03138888888888889,0.0050000000000000001,4,0,0,27906.951594155995,-2.5315135763960926e-05,1,4,0.0050000000000000001,0.075000000000000011,1,1,1,0,0,0,0,0,0,0.0034822165623510878,-0.94709345010534918,0.16696464048786794,-0.90523935428566893,0.16240674782378173,0.075000000000000011,285,-0.94709345010534918,0.16696464048786794,-0.94709345010534918,0.16696464048786797,0,0.97638888888888886,0.00010796175115442817,0.021592350230885633,0.0034822165623510878,4.1038315746642701e-05,4.1038315746642457e-05,0.00046126701631596986,7.7015281548107426e-05,28,15492,1,2,0,1,9.1173091250000002
568,167.0457306001006,197.16897396213142,0.18032932211924893,0.49999936940533379,-6.3059466620662974e-07,12.904433643871698,0.14999999999999999,0.03138888888888889,0.0050000000000000001,4,0,0,27905.853057268258,2.1000868365634054e-05,1,4,0.0050000000000000001,0.075000000000000011,1,1,1,0,0,0,0,0,0,0.0033111222957503397,0.86460027937872896,0.17459653776971498,-0.89167635229604769,0.16503864377643923,0.075000000000000011,285,0.86460027937872896,0.17459653776971498,0.86460027937872896,0.17459653776971498,0,0.048888888888888891,0.00011578153105474851,0.0231563062109497,0.0033111222957503397,3.9021950477717234e-05,3.9021950477717431e-05,0.00046472334163108687,8.1139086469560214e-05,42,15534,1,2,0,1,13.69191925
569,167.04978304864127,197.17366003118465,0.1803287405274388,0.49999942357350535,-5.7642649464728635e-07,12.92908149629203,0.14999999999999999,0.03138888888888889,0.0050000000000000001,4,0,0,27899.784219122466,-2.0420832617147968e-06,1,4,0.0050000000000000001,0.075000000000000011,1,1,1,0,0,0,0,0,0,0.0066054774790003414,-0.94543476285609751,0.17385095249980093,-0.89167635229604769,0.16690787193707451,0.075000000000000011,285,-0.94543476285609751,0.17385095249980093,-0.94543476285609751,0.17385095249980095,0,0.93472222222222223,0.00012536504178108969,0.025073008356217938,0.0066054774790003414,7.7846298639602698e-05,7.7846298639602766e-05,0.00051223108617764719,8.9051862231991573e-05,13,15547,1,2,0,1,5.2437924583333331
570,167.03856968090193,197.16112045002509,0.18033290650576719,0.49999924836078491,-7.5163921509080467e-07,12.917884389693905,0.14999999999999999,0.03138888888888889,0.0050000000000000001,4,0,0,27905.666517900387,-1.2760119419442867e-05,1,4,0.0050000000000000001,0.075000000000000011,1,1,1,0,0,0,0,0,0,0.0030233946224346624,-0.9330054289570443,0.18027438963915743,-0.90523935428566893,0.16705491722041771,0.075000000000000011,285,-0.9330054289570443,0.18027438963915743,-0.9330054289570443,0.18027438963915748,0,0.9802777777777778,0.00012177576350057172,0.024355152700114343,0.0030233946224346624,3.5631047328774856e-05,3.5631047328774673e-05,0.00050871823218883133,9.1708868806152736e-05,26,15573,1,2,0,1,8.5573022083333328
571,167.04495701713074,197.16763612248906,0.1803267793488024,0.49999953141048037,-4.6858951963102413e-07,12.909483004033095,0.14999999999999999,0.03138888888888889,0.0050000000000000001,4,0,0,27905.33545136252,-1.466288055152549e-05,1,4,0.0050000000000000001,0.075000000000000011,1,1,1,0,0,0,0,0,0,0.0025051030637805679,0.86891563844108166,0.14505147557342271,-0.90402189488541229,0.16705491722041771,0.075000000000000011,285,0.86891563844108166,0.14505147557342271,0.86891563844108166,0.14505147557342274,0,0.018055555555555554,9.2751016033203038e-05,0.018550203206640609,0.0025051030637805679,2.9522922732840595e-05,2.9522922732840805e-05,0.00047352003283864408,6.8684779476820907e-05,28,15601,1,2,0,1,9.3640775416666671
572,167.04788729991097,197.17105510939459,0.18032654166647263,0.49999945615760927,-5.4384239073224094e-07,12.895510016581085,0.14999999999999999,0.03138888888888889,0.0050000000000000001,4,0,0,27906.755222915872,-6.7224506513877008e-06,1,4,0.0050000000000000001,0.075000000000000011,1,1,1,0,0,0,0,0,0,0.0038390342649437846,0.86301765484484538,0.14168489404139428,-0.90402189488541229,0.16705491722041771,0.075000000000000011,285,0.86301765484484538,0.14168489404139428,0.86301765484484538,0.14168489404139428,0,0.13916666666666666,8.7713822473218118e-05,0.017542764494643624,0.0038390342649437846,4.5243452699154381e-05,4.5243452699154314e-05,0.00048087411469761773,6.8132597988181248e-05,70,15671,1,2,0,1,25.39261175
573,167.05384114346836,197.17617353247334,0.18031511387478644,0.49999942582034446,-5.7417965554362738e-07,12.92621703692453,0.14999999999999999,0.03138888888888889,0.0050000000000000001,4,0,0,27899.196255409523,-3.4207600019080392e-06,1,4,0.0050000000000000001,0.075000000000000011,1,1,1,0,0,0,0,0,0,0.0080148240974277814,-0.92887336761483985,0.11643593471315697,-0.91769737648105232,0.16705491722041771,0.075000000000000011,285,-0.92887336761483985,0.11643593471315697,-0.92887336761483985,0.11643593471315695,0,0.84638888888888886,0.00015026923766198598,0.030053847532397194,0.0080148240974277814,9.4455607821808906e-05,9.4455607821808865e-05,0.00051287708277177285,5.9717322525488546e-05,11,15682,1,2,0,1,4.4335576666666663
574,167.03878842464428,197.16019994095043,0.18032585006382956,0.49999932748894171,-6.7251105828614044e-07,12.912906773785588,0.14999999999999999,0.03138888888888889,0.0050000000000000001,4,0,0,27907.124774048134,-6.1055890371340036e-06,1,4,0.0050000000000000001,0.075000000000000011,1,1,1,0,0,0,0,0,0,0.0037186570775872554,-0.91194814249051481,0.11121037847533942,-0.91769737648105232,0.16690787193707451,0.075000000000000011,285,-0.91194814249051481,0.11121037847533942,-0.91194814249051481,0.11121037847533942,0,0.91916666666666669,0.00012373223073583751,0.024746446147167502,0.0037186570775872554,4.3824793941154959e-05,4.3824793941154728e-05,0.00052017345142067782,5.7848686405317167e-05,32,15714,1,2,0,1,10.277856708333333
575,167.04682227550322,197.16816345647834,0.18031675652768345,0.49999946562904785,-5.3437095215436159e-07,12.909544955578312,0.14999999999999999,0.03138888888888889,0.0050000000000000001,4,0,0,27905.143900460178,-2.1226378473111761e-05,1,4,0.0050000000000000001,0.075000000000000011,1,1,1,0,0,0,0,0,0,0.0013405600150343349,0.69278584488070449,0.12442932006544434,-0.91476651968277412,0.16503864377643923,0.075000000000000011,285,0.69278584488070449,0.12442932006544434,0.69278584488070449,0.12442932006544434,0,0.12888888888888889,9.9297402186768787e-05,0.019859480437353756,0.0013405600150343349,1.5798651286971972e-05,1.5798651286972202e-05,0.00049957422456802132,6.2161681085220493e-05,33,15747,1,2,0,1,10.697977666666667
576,167.04789165182277,197.16958163737326,0.18031769026054517,0.49999953548027481,-4.6451972518513074e-07,12.896001440298324,0.14999999999999999,0.03138888888888889,0.0050000000000000001,4,0,0,27906.790414310381,-2.0514388612166335e-05,1,4,0.0050000000000000001,0.075000000000000011,1,1,1,0,0,0,0,0,0,0.0037253009344720548,0.76394544789948204,0.25447162225088171,-0.91476651968277412,0.16690787193707451,0.075000000000000011,285,0.76394544789948204,0.25447162225088171,0.76394544789948204,0.25447162225088166,0,0.18777777777777777,0.0001284219632435158,0.025684392648703161,0.0037253009344720548,4.3903092545429534e-05,4.3903092545429602e-05,0.00046628613322009782,0.00011865658875360904,68,15815,1,2,0,1,22.979836666666667
577,167.05315193760487,197.17353915195153,0.18030421374866826,0.49999937007717299,-6.2992282701124225e-07,12.918440094244952,0.14999999999999999,0.03138888888888889,0.0050000000000000001,4,0,0,27903.195839274023,3.1665126657617001e-05,1,4,0.0050000000000000001,0.075000000000000011,1,1,1,0,0,0,0,0,0,0.0061227701166837777,-0.92603630162364559,0.1297609929322347,-0.91476651968277412,0.16503864377643923,0.075000000000000011,285,-0.92603630162364559,0.1297609929322347,-0.92603630162364559,0.12976099293223467,0,0.87972222222222218,0.00011086454189373697,0.022172908378747393,0.0061227701166837777,7.2157537819224127e-05,7.2157537819224127e-05,0.00049740535529267953,6.4543812792589074e-05,23,15838,1,2,0,1,8.4026193750000004
578,167.04384402787622,197.1637350184167,0.18031128992406381,0.49999949774639796,-5.0225360204159131e-07,12.904581265783257,0.14999999999999999,0.03138888888888889,0.0050000000000000001,4,0,0,27906.076308849661,-4.8533900844718948e-06,1,4,0.0050000000000000001,0.075000000000000011,1,1,1,0,0,0,0,0,0,0.0040526308533610535,-0.9336630406008174,0.13092640213529722,-0.91476651968277412,0.16240674782378173,0.075000000000000011,285,-0.9336630406008174,0.13092640213529722,-0.9336630406008174,0.13092640213529719,0,0.97694444444444439,0.00011352623974235131,0.022705247948470262,0.0040526308533610535,4.7760712634290429e-05,4.7760712634290551e-05,0.00050614411744925262,6.6267628259575949e-05,39,15877,1,2,0,1,12.490727041666666
579,167.04993941042369,197.1708665054669,0.18031091302008403,0.4999994717286505,-5.282713494980662e-07,12.929092880132789,0.14999999999999999,0.03138888888888889,0.0050000000000000001,4,0,0,27900.061683093336,-4.3379246370806662e-06,1,4,0.0050000000000000001,0.075000000000000011,1,1,1,0,0,0,0,0,0,0.0066490705664600221,-0.9487842082336414,0.1308555245755964,-0.9205888963117661,0.15877686560437654,0.075000000000000011,285,-0.9487842082336414,0.1308555245755964,-0.9487842082336414,0.1308555245755964,0,0.94638888888888884,0.00013830940340109552,0.027661880680219103,0.0066490705664600221,7.8360048102196002e-05,7.8360048102195745e-05,0.00050665786691184557,6.6298980955102258e-05,14,15891,1,2,0,1,5.7183215000000001
580,167.03912997786796,197.15858729566926,0.18031378229635187,0.49999916802030719,-8.3197969280579542e-07,12.92120397642341,0.14999999999999999,0.03138888888888889,0.0050000000000000001,4,0,0,27905.026434838801,1.7230221019352599e-05,1,4,0.0050000000000000001,0.075000000000000011,1,1,1,0,0,0,0,0,0,0.0023380326911201818,-0.89847531485935084,0.13277457526600947,-0.9205888963117661,0.15485321803778479,0.075000000000000011,285,-0.89847531485935084,0.13277457526600947,-0.89847531485935084,0.13277457526600953,0,0.92361111111111116,0.00012135604668330118,0.024271209336660236,0.0023380326911201818,2.7553979508781887e-05,2.755397950878187e-05,0.0004985807990918529,6.6198853835208366e-05,21,15912,1,2,0,1,6.716577375
581,167.04377585093326,197.16355131883313,0.18031067194492895,0.49999949056634724,-5.0943365276223673e-07,12.909483157069824,0.14999999999999999,0.03138888888888889,0.0050000000000000001,4,0,0,27905.614236240675,1.7905251941936676e-05,1,4,0.0050000000000000001,0.075000000000000011,1,1,1,0,0,0,0,0,0,0.0032784390419294033,0.87765849857083444,0.13367095490141193,-0.9177705191195068,0.14939574596060262,0.075000000000000011,285,0.87765849857083444,0.13367095490141193,0.87765849857083444,0.13367095490141193,0,0.13472222222222222,0.0001076720194396709,0.021534403887934178,0.0032784390419294033,3.8636774637583483e-05,3.8636774637583605e-05,0.00050769465099659555,6.7864028797053988e-05,33,15945,1,2,0,1,10.783513791666667
582,167.04874793788383,197.16835820793341,0.18030431620624532,0.49999946211584467,-5.3788415532718403e-07,12.890504960811588,0.14999999999999999,0.03138888888888889,0.0050000000000000001,4,0,0,27907.751700892961,1.1485506753086187e-05,1,4,0.0050000000000000001,0.075000000000000011,1,1,1,0,0,0,0,0,0,0.0052801330789670215,0.91961928757225953,0.13419203636329724,-0.9177705191195068,0.14336818480740848,0.075000000000000011,285,0.91961928757225953,0.13419203636329724,0.91961928757225953,0.13419203636329727,0,0.10111111111111111,0.0001084808663423897,0.02169617326847794,0.0052801330789670215,6.2226965095083084e-05,6.2226965095082474e-05,0.00052467816339252379,7.0407631180997569e-05,87,16032,1,2,0,1,30.230568125000001
583,167.05595805899534,197.17521344028432,0.18029440991654094,0.4999993944039085,-6.0559609149635207e-07,12.924024355038563,0.14999999999999999,0.03138888888888889,0.0050000000000000001,4,0,0,27899.924028492653,1.1430469905508218e-05,1,4,0.0050000000000000001,0.075000000000000011,1,1,1,0,0,0,0,0,0,0.0089401286601544748,-0.93295329893222911,0.12975245292034274,-0.91822454883875759,0.13793846520234576,0.075000000000000011,285,-0.93295329893222911,0.12975245292034274,-0.93295329893222911,0.12975245292034274,0,0.88277777777777777,0.00021315309616754262,0.042630619233508527,0.0089401286601544748,0.0001053604266712572,0.00010536042667125675,0.00053558298224197162,6.9493205688288186e-05,13,16045,1,2,0,1,5.308631375
584,167.04041185013475,197.1579580132522,0.18030095729252812,0.49999935765513592,-6.4234486407688252e-07,12.908016606887724,0.14999999999999999,0.03138888888888889,0.0050000000000000001,4,0,0,27907.606842984933,2.5953788812965929e-05,1,4,0.0050000000000000001,0.075000000000000011,1,1,1,0,0,0,0,0,0,0.0041840571604139232,-0.94307348545912606,0.12759483502064548,-0.9189922220570802,0.13393149563235457,0.075000000000000011,285,-0.94307348545912606,0.12759483502064548,-0.94307348545912606,0.12759483502064548,0,0.94916666666666671,0.00011896481068843687,0.023792962137687373,0.0041840571604139232,4.9309586516680253e-05,4.9309586516680714e-05,0.0005410677748174976,6.9037453462826367e-05,37,16082,1,2,0,1,12.243033708333334
585,167.04978913469708,197.16729412652793,0.18029058969686121,0.49999936784406263,-6.3215593737453446e-07,12.895685288973519,0.14999999999999999,0.03138888888888889,0.0050000000000000001,4,0,0,27907.337724007597,1.9787259173080006e-05,1,4,0.0050000000000000001,0.075000000000000011,1,1,1,0,0,0,0,0,0,0.0033643075517927404,0.89741510550735748,0.1402921275224018,-0.9189922220570802,0.13393149563235457,0.075000000000000011,285,0.89741510550735748,0.1402921275224018,0.89741510550735748,0.14029212752240178,0,0.090277777777777776,0.00014650940714221639,0.029301881428443276,0.0033643075517927404,3.9648744731162641e-05,3.964874473116283e-05,0.0005649178682616882,7.9253529613852145e-05,66,16148,1,2,0,1,22.244938583333333
586,167.05459863419765,197.17166886687994,0.18028279663602775,0.4999994354569901,-5.6454300989550177e-07,12.924779910189224,0.14999999999999999,0.03138888888888889,0.0050000000000000001,4,0,0,27899.321778171525,3.084237333443511e-05,1,4,0.0050000000000000001,0.075000000000000011,1,1,1,0,0,0,0,0,0,0.0074501926276859688,-0.94059261121610582,0.17965185995545888,-0.9189922220570802,0.13393149563235457,0.075000000000000011,285,-0.94059261121610582,0.17965185995545888,-0.94059261121610582,0.17965185995545885,0,0.91666666666666663,0.00013371492314838076,0.026742984629676152,0.0074501926276859688,8.7801362136379527e-05,8.7801362136379594e-05,0.00060881613785263814,0.00010937495153612549,10,16158,1,2,0,1,4.0448057083333335
587,167.03999136477469,197.15682678745517,0.18029715624752782,0.49999953879312647,-4.6120687352546597e-07,12.906541048175621,0.14999999999999999,0.03138888888888889,0.0050000000000000001,4,0,0,27908.661277788662,-2.3955791478068134e-05,1,4,0.0050000000000000001,0.075000000000000011,1,1,1,0,0,0,0,0,0,0.0046985807985771427,-0.96826405331946375,0.12200283722248716,-0.9189922220570802,0.1332227650837107,0.075000000000000011,285,-0.96826405331946375,0.12200283722248716,-0.96826405331946375,0.12200283722248713,0,0.9325,0.00010139939958236921,0.020279879916473842,0.0046985807985771427,5.5373305743780018e-05,5.5373305743780208e-05,0.00059203190577719427,7.2229572231053885e-05,39,16197,1,2,0,1,13.127375958333333
588,167.05051219493214,197.16721098897634,0.18028498325644676,0.49999945146195462,-5.485380453751354e-07,12.901939133377031,0.14999999999999999,0.03138888888888889,0.0050000000000000001,4,0,0,27906.354718057344,9.0894468347769689e-06,1,4,0.0050000000000000001,0.075000000000000011,1,1,1,0,0,0,0,0,0,0.0020224766106753935,0.65037811136426926,0.11340484861289159,-0.9189922220570802,0.13185048870065336,0.075000000000000011,285,0.65037811136426926,0.11340484861289159,0.65037811136426926,0.11340484861289157,0,0.17055555555555554,0.0001080381174424728,0.02160762348849456,0.0020224766106753935,2.3835115436662597e-05,2.3835115436662875e-05,0.0005681063085795666,6.4426009920494421e-05,51,16248,1,2,0,1,16.784178666666666
589,167.05162041911467,197.16832143141463,0.18028380052070353,0.49999931952940668,-6.8047059331721726e-07,12.927047547670917,0.14999999999999999,0.03138888888888889,0.0050000000000000001,4,0,0,27901.982570829241,9.2871052175225636e-06,1,4,0.0050000000000000001,0.075000000000000011,1,1,1,0,0,0,0,0,0,0.0080898675258234687,-0.77526513898049776,0.1289047079922403,-0.90521172867493283,0.13089096335544681,0.075000000000000011,285,-0.77526513898049776,0.1289047079922403,-0.77526513898049776,0.1289047079922403,0,0.84277777777777774,0.0001576090314963947,0.031521806299278941,0.0080898675258234687,9.5340003106843537e-05,9.5340003106843659e-05,0.00058508626358421453,7.5420373957594118e-05,23,16271,1,2,0,1,8.9996414166666661
590,167.04354409804,197.15659699921753,0.18027067770726768,0.49999922378933009,-7.7621066990607446e-07,12.919546825286455,0.14999999999999999,0.03138888888888889,0.0050000000000000001,4,0,0,27905.392255995619,1.5176546520327622e-05,1,4,0.0050000000000000001,0.075000000000000011,1,1,1,0,0,0,0,0,0,0.0023519713928748702,-0.92786304713840762,0.12554340992419397,-0.90521172867493283,0.13030825875391555,0.075000000000000011,285,-0.92786304713840762,0.12554340992419397,-0.92786304713840762,0.12554340992419399,0,0.97250000000000003,0.00010986716727930328,0.021973433455860655,0.0023519713928748702,2.7718248684309837e-05,2.7718248684309746e-05,0.00058525053275974251,7.347434754260927e-05,22,16293,1,2,0,1,7.3556150416666668
591,167.04681953930242,197.16052133353955,0.18027102747174448,0.49999941554813959,-5.8445186040811947e-07,12.910468681073823,0.14999999999999999,0.03138888888888889,0.0050000000000000001,4,0,0,27905.901856497301,1.8781395169748129e-05,1,4,0.0050000000000000001,0.075000000000000011,1,1,1,0,0,0,0,0,0,0.0031174454335509,0.92445055625532624,0.11990425983459141,-0.90521172867493283,0.1297567229262887,0.075000000000000011,285,0.92445055625532624,0.11990425983459141,0.92445055625532624,0.11990425983459141,0,0.061666666666666668,0.00013143747463609565,0.026287494927219129,0.0031174454335509,3.6739446767381298e-05,3.6739446767381128e-05,0.00058335320488954001,6.9946534254417044e-05,34,16327,1,2,0,1,11.411638125
592,167.04947883053276,197.16421457083138,0.18027434716422677,0.49999933336087488,-6.6663912512421319e-07,12.900988414840784,0.14999999999999999,0.03138888888888889,0.0050000000000000001,4,0,0,27906.674604118973,1.8813039323810224e-05,1,4,0.0050000000000000001,0.075000000000000011,1,1,1,0,0,0,0,0,0,0.00287566951083935,0.81402282861870967,0.14130678961160392,-0.90521172867493283,0.1297567229262887,0.075000000000000011,285,0.81402282861870967,0.14130678961160392,0.81402282861870967,0.14130678961160392,0,0.1075,9.2553052208056081e-05,0.018510610441611217,0.00287566951083935,3.3890090192765104e-05,3.3890090192765158e-05,0.00055501632998722263,7.8427575772509002e-05,55,16382,1,2,0,1,19.175696416666668
593,167.05274874222334,197.16736643736905,0.18027011181728675,0.49999931423343841,-6.8576656159224925e-07,12.896002341976157,0.14999999999999999,0.03138888888888889,0.0050000000000000001,4,0,0,27907.098280269802,1.1382029257683806e-05,1,4,0.0050000000000000001,0.075000000000000011,1,1,1,0,0,0,0,0,0,0.0020490554725742295,0.77126057916366431,0.2294456947561718,-0.8368702269199243,0.13030825875391555,0.075000000000000011,285,0.77126057916366431,0.2294456947561718,0.77126057916366431,0.22944569475617177,0,0.22222222222222221,8.3261806468528231e-05,0.016652361293705644,0.0020490554725742295,2.4148350328077389e-05,2.4148350328077803e-05,0.00047380425364404363,0.00010871234615578703,62,16444,1,2,0,1,20.854177041666667
594,167.05387982530777,197.16861473839299,0.18026959292760461,0.49999942706833789,-5.7293166211280777e-07,12.925215125703938,0.14999999999999999,0.03138888888888889,0.0050000000000000001,4,0,0,27899.538353379485,3.4483790343150763e-05,1,4,0.0050000000000000001,0.075000000000000011,1,1,1,0,0,0,0,0,0,0.0075484290215233531,-0.73518903257887824,0.16017890072992877,-0.755227085779688,0.13089096335544681,0.075000000000000011,285,-0.73518903257887824,0.16017890072992877,-0.73518903257887824,0.16017890072992874,0,0.77722222222222226,0.00014497561430909024,0.028995122861818046,0.0075484290215233531,8.8959089140408311e-05,8.895908914040865e-05,0.00051345375626777158,8.2244458254624426e-05,11,16455,1,2,0,1,4.4649092916666664
595,167.04021719387617,197.15437758982739,0.18028089822823354,0.49999929109782748,-7.0890217251928789e-07,12.913439602800491,0.14999999999999999,0.03138888888888889,0.0050000000000000001,4,0,0,27907.351147317124,3.8417504675834357e-06,1,4,0.0050000000000000001,0.075000000000000011,1,1,1,0,0,0,0,0,0,0.0032376630955425487,-0.8766843241997474,0.16613936217647257,-0.82597473159012258,0.13185048870065336,0.075000000000000011,285,-0.8766843241997474,0.16613936217647257,-0.8766843241997474,0.16613936217647257,0,0.90666666666666662,0.00014844328375300013,0.029688656750600024,0.0032376630955425487,3.8156225500926084e-05,3.8156225500925623e-05,0.00051196123703753436,8.5056913380493845e-05,27,16482,1,2,0,1,8.8552647916666665
596,167.04769823071138,197.16192975704305,0.18027325036673411,0.49999939700647422,-6.0299352577786181e-07,12.904334328565289,0.14999999999999999,0.03138888888888889,0.0050000000000000001,4,0,0,27906.378066248439,-3.9719512697621378e-06,1,4,0.0050000000000000001,0.075000000000000011,1,1,1,0,0,0,0,0,0,0.00290112810570178,0.79961969926071041,0.20513696331849038,-0.82597473159012258,0.13185048870065336,0.075000000000000011,285,0.79961969926071041,0.20513696331849038,0.79961969926071041,0.20513696331849041,0,0.14305555555555555,9.3483671734154465e-05,0.018696734346830893,0.00290112810570178,3.4190122610543527e-05,3.4190122610543188e-05,0.00045834999751169806,9.4024526626587356e-05,42,16524,1,2,0,1,14.024217791666667
597,167.05102612656572,197.16613535159425,0.18027491314068259,0.49999933310403372,-6.6689596628366488e-07,12.92793451411276,0.14999999999999999,0.03138888888888889,0.0050000000000000001,4,0,0,27901.194807814307,4.8080782344211692e-05,1,4,0.0050000000000000001,0.075000000000000011,1,1,1,0,0,0,0,0,0,0.006478111169100755,-0.93313932725697224,0.19200382813516945,-0.82597473159012258,0.1332227650837107,0.075000000000000011,285,-0.93313932725697224,0.19200382813516945,-0.93313932725697224,0.19200382813516947,0,0.91583333333333339,0.0001365356988012946,0.027307139760258919,0.006478111169100755,7.6345272282524288e-05,7.6345272282524152e-05,0.00047932196405044202,9.2031652006952931e-05,16,16540,1,2,0,1,6.4338529166666669
598,167.04119565986616,197.15486826628117,0.1802769220338514,0.49999943485585008,-5.6514414992214768e-07,12.917784390399561,0.14999999999999999,0.03138888888888889,0.0050000000000000001,4,0,0,27905.536197098721,1.7367844963614346e-06,1,4,0.0050000000000000001,0.075000000000000011,1,1,1,0,0,0,0,0,0,0.0028112933356171776,-0.90957493994646643,0.16513034604917282,-0.82597473159012258,0.13393149563235457,0.075000000000000011,285,-0.90957493994646643,0.16513034604917282,-0.90957493994646643,0.16513034604917284,0,0.97777777777777775,0.00010137471352835239,0.020274942705670478,0.0028112933356171776,3.3131409691990916e-05,3.3131409691990624e-05,0.0004886182583057698,8.068570207997588e-05,28,16568,1,2,0,1,9.658885333333334
599,167.04645887276189,197.16045486235927,0.18027317785009142,0.49999947706864473,-5.2293135527348156e-07,12.910716616462143,0.14999999999999999,0.03138888888888889,0.0050000000000000001,4,0,0,27905.471420799138,-2.1941950654014067e-06,1,4,0.0050000000000000001,0.075000000000000011,1,1,1,0,0,0,0,0,0,0.0025469532943133829,0.77764320276587673,0.22576412586665651,-0.755227085779688,0.13724208194284954,0.075000000000000011,285,0.77764320276587673,0.22576412586665651,0.77764320276587673,0.22576412586665648,0,0.050277777777777775,9.6608565369011949e-05,0.019321713073802389,0.0025469532943133829,3.0016132429573494e-05,3.0016132429573758e-05,0.00042329438762849978,9.5564687407209911e-05,27,16595,1,2,0,1,8.8150882916666671
600,167.04811464131703,197.16282856455925,0.18027568876131311,0.49999938909027475,-6.1090972525157383e-07,12.897310569476719,0.14999999999999999,0.03138888888888889,0.0050000000000000001,4,0,0,27907.013400558244,3.4247578154152441e-06,1,4,0.0050000000000000001,0.075000000000000011,1,1,1,0,0,0,0,0,0,0.0036934128275706093,0.81245570269025325,0.23825319208440912,-0.04240546060730449,0.14079945856700288,0.075000000000000011,285,0.81245570269025325,0.23825319208440912,0.81245570269025325,0.23825319208440912,0,0.11694444444444445,8.8078217511155388e-05,0.017615643502231076,0.0036934128275706093,4.3527287601609308e-05,4.3527287601609322e-05,0.00043910342654579937,0.00010461779302973858,66,16661,1,2,0,1,22.930394458333332
601,167.05374053162689,197.16769052537688,0.18026504463723023,0.49999939887470329,-6.0112529670641734e-07,12.926723938402901,0.14999999999999999,0.03138888888888889,0.0050000000000000001,4,0,0,27899.203035232094,7.9233150302358272e-06,1,4,0.0050000000000000001,0.075000000000000011,1,1,1,0,0,0,0,0,0,0.0076386481964783697,-0.94268633490980003,0.15092737743266843,-0.755227085779688,0.14611708352213618,0.075000000000000011,285,-0.94268633490980003,0.15092737743266843,-0.94268633490980003,0.15092737743266843,0,0.89277777777777778,0.00014750752271077585,0.029501504542155169,0.0076386481964783697,9.0022332313804105e-05,9.0022332313804078e-05,0.00049238631209222233,7.4314574767822509e-05,11,16672,1,2,0,1,4.463764583333333
602,167.03937572663415,197.15254863901779,0.18027589471876931,0.49999935836658888,-6.4163341112477568e-07,12.91193396517577,0.14999999999999999,0.03138888888888889,0.0050000000000000001,4,0,0,27907.792013104612,-1.711319428098352e-05,1,4,0.0050000000000000001,0.075000000000000011,1,1,1,0,0,0,0,0,0,0.0038877102541295151,-0.9278786444510343,0.13368131580122858,-0.82597473159012258,0.14611708352213618,0.075000000000000011,285,-0.9278786444510343,0.13368131580122858,-0.9278786444510343,0.13368131580122861,0,0.87444444444444447,9.6872702795983631e-05,0.019374540559196726,0.0038877102541295151,4.58171047330576e-05,4.5817104733057667e-05,0.00050431332663251481,6.7417269080329356e-05,34,16706,1,2,0,1,11.368785083333334
603,167.04860330099118,197.16136151370634,0.18026345397487373,0.49999945042129862,-5.4957870138094833e-07,12.899170726298262,0.14999999999999999,0.03138888888888889,0.0050000000000000001,4,0,0,27907.008088704497,-9.2490339106739691e-06,1,4,0.0050000000000000001,0.075000000000000011,1,1,1,0,0,0,0,0,0,0.0034902533931091685,0.85593434158703185,0.11872097049418548,-0.755227085779688,0.14611708352213618,0.075000000000000011,285,0.85593434158703185,0.11872097049418548,0.85593434158703185,0.11872097049418548,0,0.1463888888888889,0.00010218473604450323,0.020436947208900644,0.0034902533931091685,4.1133030705447497e-05,4.1133030705448215e-05,0.00052129800700988519,6.1889005308898276e-05,58,16764,1,2,0,1,19.770921874999999
604,167.05365746339399,197.16611030408811,0.18025617216607531,0.49999939547924871,-6.0452075129058258e-07,12.926763503112335,0.14999999999999999,0.03138888888888889,0.0050000000000000001,4,0,0,27900.507920476208,-3.5280971397557445e-05,1,4,0.0050000000000000001,0.075000000000000011,1,1,1,0,0,0,0,0,0,0.0072534271027879455,-0.94899341086849376,0.11645943786974614,-0.755227085779688,0.14611708352213618,0.075000000000000011,285,-0.94899341086849376,0.11645943786974614,-0.94899341086849376,0.11645943786974614,0,0.91083333333333338,0.00014207815546218909,0.028415631092437818,0.0072534271027879455,8.5482458187060821e-05,8.5482458187060578e-05,0.00051782137605653716,6.030518637248274e-05,13,16777,1,2,0,1,5.2957710000000002
605,167.04059193638975,197.15228154904241,0.18026570226786204,0.49999938008816308,-6.1991183691878504e-07,12.916067643198737,0.14999999999999999,0.03138888888888889,0.0050000000000000001,4,0,0,27906.100276920552,-2.8931259142427224e-06,1,4,0.0050000000000000001,0.075000000000000011,1,1,1,0,0,0,0,0,0,0.0033578029561549174,-0.84848067822505879,0.12240595942517483,-0.81187290860277828,0.14611708352213618,0.075000000000000011,285,-0.84848067822505879,0.12240595942517483,-0.84848067822505879,0.12240595942517486,0,0.89222222222222225,0.00012889089500127269,0.025778179000254538,0.0033578029561549174,3.9572087336422958e-05,3.9572087336422911e-05,0.0005192372378920345,6.3557732273452231e-05,33,16810,1,2,0,1,10.879858375
606,167.04685181313735,197.15948974342194,0.18026462398686399,0.4999994647592364,-5.3524076359945383e-07,12.925263266097668,0.14999999999999999,0.03138888888888889,0.0050000000000000001,4,0,0,27902.381563521962,-7.4238604581879605e-06,1,4,0.0050000000000000001,0.075000000000000011,1,1,1,0,0,0,0,0,0,0.0034595666891189748,-0.74192690288101748,0.18375808598746768,-0.75859602093075762,0.14611708352213618,0.075000000000000011,285,-0.74192690288101748,0.18375808598746768,-0.74192690288101748,0.18375808598746768,0,0.79833333333333334,0.00011705178681000631,0.023410357362001262,0.0034595666891189748,4.0771384430718656e-05,4.0771384430718846e-05,0.00052581849971221014,9.6623401083917556e-05,22,16832,1,2,0,1,8.372326291666667
607,167.04395609075755,197.15457629829388,0.18025566989790859,0.49999917288086898,-8.2711913101940482e-07,12.913248935382764,0.14999999999999999,0.03138888888888889,0.0050000000000000001,4,0,0,27906.834576235306,-4.7031555084479924e-05,1,4,0.0050000000000000001,0.075000000000000011,1,1,1,0,0,0,0,0,0,0.0033633741664429867,-0.83204377762695581,0.16006208661180021,-0.75859602093075762,0.15549473202223432,0.075000000000000011,285,-0.83204377762695581,0.16006208661180021,-0.83204377762695581,0.16006208661180021,0,0.85388888888888892,0.00010462055015395506,0.020924110030791011,0.0033633741664429867,3.9637744679324796e-05,3.9637744679324356e-05,0.00048911097210901032,7.8288122780494207e-05,32,16864,1,2,0,1,10.749407208333333
608,167.04930680362995,197.15996788465384,0.18025014085463772,0.49999965144551939,-3.4855448061144045e-07,12.904322272621735,0.14999999999999999,0.03138888888888889,0.0050000000000000001,4,0,0,27905.882745850689,-6.5106666287414314e-08,1,4,0.0050000000000000001,0.075000000000000011,1,1,1,0,0,0,0,0,0,0.0032762466964499836,0.87159206443688098,0.16458192980976041,-0.75859602093075762,0.16012049367086451,0.075000000000000011,285,0.87159206443688098,0.16458192980976041,0.87159206443688098,0.16458192980976041,0,0.11777777777777777,0.00010431660972491064,0.020863321944982128,0.0032762466964499836,3.861093759833013e-05,3.8610937598329926e-05,0.00049459050001534959,8.1400658958100569e-05,45,16909,1,2,0,1,16.292993166666665
609,167.05113826635247,197.16265090348048,0.18025326226222485,0.4999994240718954,-5.7592810459583532e-07,12.886387043518674,0.14999999999999999,0.03138888888888889,0.0050000000000000001,4,0,0,27908.637499591052,4.1100661767862058e-06,1,4,0.0050000000000000001,0.075000000000000011,1,1,1,0,0,0,0,0,0,0.0050420879694256307,0.87543567255201693,0.19645250622880284,-0.73855796772994786,0.16238041526984459,0.075000000000000011,285,0.87543567255201693,0.19645250622880284,0.87543567255201693,0.19645250622880289,0,0.16277777777777777,0.0001115649015387168,0.022312980307743358,0.0050420879694256307,5.9421576575332887e-05,5.9421576575332691e-05,0.00052399594416110864,0.00010294031648417762,89,16998,1,2,0,1,30.424997749999999
610,167.05715882333467,197.16863418499608,0.18024654300211534,0.49999949797858873,-5.0202141127497768e-07,12.921439053726058,0.14999999999999999,0.03138888888888889,0.0050000000000000001,4,0,0,27898.330566651723,2.953338363533663e-06,1,4,0.0050000000000000001,0.075000000000000011,1,1,1,0,0,0,0,0,0,0.0090098269795721025,-0.92794216489901071,0.16732294032760314,-0.73855796772994786,0.16485613792946663,0.075000000000000011,285,-0.92794216489901071,0.16732294032760314,-0.92794216489901071,0.16732294032760317,0,0.92555555555555558,0.00019321905689964332,0.038643811379928665,0.0090098269795721025,0.00010618182924288239,0.00010618182924288221,0.00058665048580238159,9.8160084229071291e-05,8,17006,1,2,0,1,3.2310729166666667
611,167.03937458075879,197.15027044046877,0.18026226412355384,0.49999936287881902,-6.3712118097969395e-07,12.906439773083969,0.14999999999999999,0.03138888888888889,0.0050000000000000001,4,0,0,27909.151656908303,-3.3971598271304815e-05,1,4,0.0050000000000000001,0.075000000000000011,1,1,1,0,0,0,0,0,0,0.0041545120171520237,-0.89075219867567923,0.16977356095740434,-0.78698534025398659,0.16563485411282269,0.075000000000000011,285,-0.89075219867567923,0.16977356095740434,-0.89075219867567923,0.16977356095740431,0,0.85194444444444439,0.00010522443966973417,0.021044887933946831,0.0041545120171520237,4.8961393664153299e-05,4.8961393664153549e-05,0.00054558954715273086,9.2626680241256787e-05,39,17045,1,2,0,1,13.270374125
612,167.05015187834269,197.16144118612655,0.18025298971121534,0.49999934292303655,-6.5707696345063127e-07,12.897871842913252,0.14999999999999999,0.03138888888888889,0.0050000000000000001,4,0,0,27907.142346431214,2.5686119910971012e-05,1,4,0.0050000000000000001,0.075000000000000011,1,1,1,0,0,0,0,0,0,0.0025207321224658486,0.75479684024607951,0.15541931604279383,-0.78698534025398659,0.16563485411282269,0.075000000000000011,285,0.75479684024607951,0.15541931604279383,0.75479684024607951,0.15541931604279383,0,0.16638888888888889,8.8588192371381343e-05,0.017717638474276268,0.0025207321224658486,2.9707112955839339e-05,2.97071129558396e-05,0.00052947955537551285,8.2291350355104793e-05,60,17105,1,2,0,1,20.364773666666668
613,167.05403915756452,197.16504727261966,0.18024711205369057,0.49999945450055167,-5.4549944833448549e-07,12.92695778682655,0.14999999999999999,0.03138888888888889,0.0050000000000000001,4,0,0,27900.439217863197,1.9353469707304494e-05,1,4,0.0050000000000000001,0.075000000000000011,1,1,1,0,0,0,0,0,0,0.0079051662925577939,-0.87808428016736695,0.18715879880965722,-0.84026222792600724,0.16563485411282269,0.075000000000000011,285,-0.87808428016736695,0.18715879880965722,-0.87808428016736695,0.18715879880965727,0,0.87250000000000005,0.00014437890583125266,0.028875781166250534,0.0079051662925577939,9.316327819791558e-05,9.3163278197915444e-05,0.00058150980286798023,0.00010883467620081174,15,17120,1,2,0,1,6.1440444999999997
614,167.04147265349928,197.15053081540267,0.18024899854876039,0.49999949474667327,-5.0525332673245771e-07,12.910589940806721,0.14999999999999999,0.03138888888888889,0.0050000000000000001,4,0,0,27907.865247057973,-3.8637282981031219e-06,1,4,0.0050000000000000001,0.075000000000000011,1,1,1,0,0,0,0,0,0,0.004570922770210253,-0.94298569599262005,0.16108425030342804,-0.8625825012124031,0.16563485411282269,0.075000000000000011,285,-0.94298569599262005,0.16108425030342804,-0.94298569599262005,0.1610842503034281,0,0.9752777777777778,0.00013465534522544726,0.026931069045089451,0.004570922770210253,5.3868841451594485e-05,5.3868841451594248e-05,0.00054989618613251383,8.8579614887870323e-05,38,17158,1,2,0,1,12.414708458333333
615,167.05017190521301,197.15960628283216,0.18024186407125481,0.49999955153910053,-4.4846089947148116e-07,12.90903234929559,0.14999999999999999,0.03138888888888889,0.0050000000000000001,4,0,0,27905.323891315427,1.902758675116778e-05,1,4,0.0050000000000000001,0.075000000000000011,1,1,1,0,0,0,0,0,0,0.0011892135666053208,0.49782318764838812,0.14030213837526082,-0.84026222792600724,0.16485613792946663,0.075000000000000011,285,0.49782318764838812,0.14030213837526082,0.49782318764838812,0.14030213837526082,0,0.27694444444444444,0.00011825130628112609,0.023650261256225217,0.0011892135666053208,1.4015016287094371e-05,1.4015016287094099e-05,0.00052433911508318492,7.3565899079962814e-05,42,17200,1,2,0,1,14.134969291666666
616,167.05009687427449,197.15943084903586,0.18024134399288799,0.49999911415455145,-8.8584544855052627e-07,12.890307548050069,0.14999999999999999,0.03138888888888889,0.0050000000000000001,4,0,0,27907.612921711596,2.0728052780238061e-05,1,4,0.0050000000000000001,0.075000000000000011,1,1,1,0,0,0,0,0,0,0.0053009808984167241,0.49345753865444408,0.25269469428083541,-0.84026222792600724,0.16485613792946663,0.075000000000000011,285,0.49345753865444408,0.25269469428083541,0.49345753865444408,0.25269469428083535,0,0.22138888888888889,0.00011724614320776261,0.023449228641552522,0.0053009808984167241,6.2472659003513713e-05,6.2472659003513727e-05,0.00054604038965597981,0.00013798150932910606,87,17287,1,2,0,1,29.4381685
617,167.05620249089264,197.16511075305743,0.18023220816243699,0.49999941133860881,-5.8866139118762817e-07,12.923621917603409,0.14999999999999999,0.03138888888888889,0.0050000000000000001,4,0,0,27900.976447558129,5.3798116975962569e-05,1,4,0.0050000000000000001,0.075000000000000011,1,1,1,0,0,0,0,0,0,0.0089082408519717618,-0.93224665921749383,0.12735937135825084,-0.84026222792600724,0.16283309005659424,0.075000000000000011,285,-0.93224665921749383,0.12735937135825084,-0.93224665921749383,0.12735937135825084,0,0.89722222222222225,0.00021014221853132213,0.042028443706264428,0.0089082408519717618,0.000104984625247871,0.00010498462524787078,0.00061138727022452626,7.7865898392232705e-05,13,17300,1,2,0,1,5.2921567500000002
618,167.0414204799458,197.14880549829664,0.18023903850820874,0.49999919537598619,-8.0462401380598791e-07,12.911210529088981,0.14999999999999999,0.03138888888888889,0.0050000000000000001,4,0,0,27907.64460305624,1.2592995455920807e-05,1,4,0.0050000000000000001,0.075000000000000011,1,1,1,0,0,0,0,0,0,0.003432354726191399,-0.87772149051562842,0.11691584579006054,-0.84026222792600724,0.16057316845761413,0.075000000000000011,285,-0.87772149051562842,0.11691584579006054,-0.87772149051562842,0.11691584579006054,0,0.92194444444444446,0.00012564588614275888,0.025129177228551777,0.003432354726191399,4.0450688372127231e-05,4.0450688372127082e-05,0.00061322702099832346,7.1695955821338199e-05,34,17334,1,2,0,1,11.526709083333333
619,167.04944093154901,197.15697188447083,0.18023125839288998,0.49999966708539245,-3.329146075481404e-07,12.905199368830189,0.14999999999999999,0.03138888888888889,0.0050000000000000001,4,0,0,27906.595745104471,1.7664893839543067e-05,1,4,0.0050000000000000001,0.075000000000000011,1,1,1,0,0,0,0,0,0,0.0020987730653994987,0.73752322742209675,0.15424381694024836,-0.84026222792600724,0.15774070132729701,0.075000000000000011,285,0.73752322742209675,0.15424381694024836,0.73752322742209675,0.15424381694024838,0,0.16944444444444445,9.7834135329555435e-05,0.019566827065911088,0.0020987730653994987,2.4734277778594381e-05,2.4734277778594913e-05,0.00057853972220158574,8.9236175003923527e-05,48,17382,1,2,0,1,16.03389125
620,167.05191120920611,197.16007422234858,0.18023237684145235,0.49999947712336595,-5.2287663404593232e-07,12.890915515335355,0.14999999999999999,0.03138888888888889,0.0050000000000000001,4,0,0,27907.264389385098,-9.9794007739776965e-07,1,4,0.0050000000000000001,0.075000000000000011,1,1,1,0,0,0,0,0,0,0.0040227504236713205,0.73564509538218514,0.21640326542077323,-0.84026222792600724,0.15774070132729701,0.075000000000000011,285,0.73564509538218514,0.21640326542077323,0.73564509538218514,0.21640326542077321,0,0.15388888888888888,9.1548552469158419e-05,0.018309710493831684,0.0040227504236713205,4.7408568393317463e-05,4.7408568393317429e-05,0.00051976646135202089,0.00011247915949277744,82,17464,1,2,0,1,28.010603916666668
621,167.0568245085706,197.16474347397295,0.18022561516999089,0.49999953933846036,-4.6066153963630896e-07,12.923469910258992,0.14999999999999999,0.03138888888888889,0.0050000000000000001,4,0,0,27899.410372915227,6.2134510066363819e-05,1,4,0.0050000000000000001,0.075000000000000011,1,1,1,0,0,0,0,0,0,0.008314853574360433,-0.90919688521021269,0.14085190468080658,-0.84026222792600724,0.15774070132729701,0.075000000000000011,285,-0.90919688521021269,0.14085190468080658,-0.90919688521021269,0.14085190468080661,0,0.86138888888888887,0.00018136753240762527,0.036273506481525053,0.008314853574360433,9.7991489116724422e-05,9.7991489116724056e-05,0.00056879655680459136,8.0116078401811292e-05,8,17472,1,2,0,1,3.2123333333333335
622,167.03961310963479,197.14717323534896,0.18024203699486166,0.49999936792010569,-6.320798943137973e-07,12.907052906393728,0.14999999999999999,0.03138888888888889,0.0050000000000000001,4,0,0,27909.090264515849,-8.4275342339189242e-06,1,4,0.0050000000000000001,0.075000000000000011,1,1,1,0,0,0,0,0,0,0.0044921940811343958,-0.92372190783083208,0.11835452015351679,-0.84026222792600724,0.15774070132729701,0.075000000000000011,285,-0.92372190783083208,0.11835452015351679,-0.92372190783083208,0.1183545201535168,0,0.91194444444444445,0.00010458921107197461,0.020917842214394921,0.0044921940811343958,5.2941014952936716e-05,5.2941014952936499e-05,0.00059203045880168827,7.0069480867740208e-05,40,17512,1,2,0,1,13.131406125
623,167.05074344512218,197.15871187379952,0.18023247192891484,0.49999934691481812,-6.5308518187867648e-07,12.898767173668869,0.14999999999999999,0.03138888888888889,0.0050000000000000001,4,0,0,27906.959873938355,8.8105160229825005e-07,1,4,0.0050000000000000001,0.075000000000000011,1,1,1,0,0,0,0,0,0,0.0024571386217230574,0.76603754989385786,0.21177326477283764,-0.84026222792600724,0.16057316845761413,0.075000000000000011,285,0.76603754989385786,0.21177326477283764,0.76603754989385786,0.21177326477283764,0,0.1361111111111111,9.4993248083467753e-05,0.01899864961669355,0.0024571386217230574,2.8957656362262346e-05,2.8957656362262766e-05,0.00052782483696603563,0.00011177918895248812,60,17572,1,2,0,1,20.160603458333334
624,167.05371677336686,197.16076104424985,0.18022373193724067,0.49999942824588256,-5.7175411743992655e-07,12.926880219607211,0.14999999999999999,0.03138888888888889,0.0050000000000000001,4,0,0,27900.373799091823,4.7789304923766276e-05,1,4,0.0050000000000000001,0.075000000000000011,1,1,1,0,0,0,0,0,0,0.0074292120649861321,-0.90414238527715063,0.13864426212824371,-0.84026222792600724,0.16057316845761413,0.075000000000000011,285,-0.90414238527715063,0.13864426212824371,-0.90414238527715063,0.13864426212824371,0,0.87749999999999995,0.00013292321501253413,0.026584643002506826,0.0074292120649861321,8.7554103833743465e-05,8.7554103833743709e-05,0.00056151009934818504,7.7850153401685934e-05,13,17585,1,2,0,1,5.2676981249999999
625,167.04065226887809,197.14681399177408,0.18023254407816491,0.49999930306296519,-6.9693703480533387e-07,12.919431498694564,0.14999999999999999,0.03138888888888889,0.0050000000000000001,4,0,0,27906.219778343795,-5.4233056460254184e-06,1,4,0.0050000000000000001,0.075000000000000011,1,1,1,0,0,0,0,0,0,0.0023052541272587292,-0.80676179600868914,0.11689707193154841,-0.81940278681782241,0.16057316845761413,0.075000000000000011,285,-0.80676179600868914,0.11689707193154841,-0.80676179600868914,0.11689707193154843,0,0.87,0.00010968265847881272,0.021936531695762543,0.0023052541272587292,2.716768042904873e-05,2.7167680429048638e-05,0.00057466276349013958,6.7176394400089243e-05,23,17608,1,2,0,1,7.5945701249999997
626,167.04597104142411,197.15248816672795,0.18022893301531956,0.49999937514287329,-6.2485712670756755e-07,12.909565235356583,0.14999999999999999,0.03138888888888889,0.0050000000000000001,4,0,0,27905.567609712209,5.693712991953858e-07,1,4,0.0050000000000000001,0.075000000000000011,1,1,1,0,0,0,0,0,0,0.0029704434557873351,0.76087442717006293,0.15416721081557477,-0.81940278681782241,0.15774070132729701,0.075000000000000011,285,0.76087442717006293,0.15416721081557477,0.76087442717006293,0.15416721081557475,0,0.17305555555555555,0.00010249032814041893,0.020498065628083786,0.0029704434557873351,3.5007011845307116e-05,3.5007011845307232e-05,0.00054719711633193305,8.435985319121971e-05,33,17641,1,2,0,1,10.843025583333333
627,167.04973497803655,197.15720843353904,0.18023059695042898,0.49999954196509727,-4.5803490272833258e-07,12.894764624026827,0.14999999999999999,0.03138888888888889,0.0050000000000000001,4,0,0,27907.46447937948,-2.5506546572090487e-05,1,4,0.0050000000000000001,0.075000000000000011,1,1,1,0,0,0,0,0,0,0.0041117251380969645,0.8729768209561265,0.22191590485534718,-0.15665212867712253,0.15825178317311095,0.075000000000000011,285,0.8729768209561265,0.22191590485534718,0.8729768209561265,0.22191590485534718,0,0.043333333333333335,7.8204425535806935e-05,0.015640885107161388,0.0041117251380969645,4.845714545872595e-05,4.845714545872599e-05,0.00049066963654278832,0.0001088873963784372,70,17711,1,2,0,1,23.839867291666668
628,167.05503735072827,197.16151689054774,0.18021892675173634,0.49999946167425013,-5.3832574986589776e-07,12.926119921731537,0.14999999999999999,0.03138888888888889,0.0050000000000000001,4,0,0,27899.708806386316,1.8736244308560285e-05,1,4,0.0050000000000000001,0.075000000000000011,1,1,1,0,0,0,0,0,0,0.0082294862082027895,-0.94165416127390844,0.12994164155122714,-0.84224164326215878,0.15483156649152108,0.075000000000000011,285,-0.94165416127390844,0.12994164155122714,-0.94165416127390844,0.12994164155122712,0,0.90611111111111109,0.00015798053755267655,0.031596107510535307,0.0082294862082027895,9.6985425058356006e-05,9.6985425058356101e-05,0.00054720437322901727,7.1104634521388871e-05,12,17723,1,2,0,1,4.8669869583333334
629,167.04037831190911,197.14597548999464,0.18022945998045048,0.4999992594671388,-7.4053286119868389e-07,12.91438021401917,0.14999999999999999,0.03138888888888889,0.0050000000000000001,4,0,0,27907.423161107137,-1.6015872898068892e-05,1,4,0.0050000000000000001,0.075000000000000011,1,1,1,0,0,0,0,0,0,0.0031317715994332055,-0.90536575280975928,0.11281214412001478,-0.87790288534149763,0.15420551387791157,0.075000000000000011,285,-0.90536575280975928,0.11281214412001478,-0.90536575280975928,0.11281214412001478,0,0.92472222222222222,0.00015555263967257453,0.031110527934514905,0.0031317715994332055,3.6908282251444323e-05,3.6908282251444012e-05,0.00055937837770186644,6.3104674162923021e-05,27,17750,1,2,0,1,8.9755414166666672
630,167.04794460531522,197.15358239893197,0.18022153977857944,0.49999935668248946,-6.4331751054025332e-07,12.89965184810778,0.14999999999999999,0.03138888888888889,0.0050000000000000001,4,0,0,27907.265434242061,-5.7341074180231463e-06,1,4,0.0050000000000000001,0.075000000000000011,1,1,1,0,0,0,0,0,0,0.0042021429800956694,0.82483666771471909,0.11311826558743616,-0.84224164326215878,0.14750955774819069,0.075000000000000011,285,0.82483666771471909,0.11311826558743616,0.82483666771471909,0.11311826558743614,0,0.12111111111111111,8.4303332453985113e-05,0.016860666490797021,0.0042021429800956694,4.9522729945684922e-05,4.9522729945685227e-05,0.00056149253925423417,6.3515062180724387e-05,51,17801,1,2,0,1,18.021411833333332
631,167.0537364231796,197.16007434382698,0.18021948245672378,0.49999938817790152,-6.1182209848409386e-07,12.927353944943276,0.14999999999999999,0.03138888888888889,0.0050000000000000001,4,0,0,27900.60788919068,-3.7744163039654622e-05,1,4,0.0050000000000000001,0.075000000000000011,1,1,1,0,0,0,0,0,0,0.0072946731100128788,-0.95868096931447389,0.11297695621876763,-0.84224164326215878,0.1405770215280337,0.075000000000000011,285,-0.95868096931447389,0.11297695621876763,-0.95868096931447389,0.11297695621876759,0,0.92833333333333334,0.00013594201540125184,0.027188403080250369,0.0072946731100128788,8.5968547043821145e-05,8.5968547043821321e-05,0.00054946959718133142,6.2077402624299171e-05,13,17814,1,2,0,1,5.4062089166666665
632,167.04085364355311,197.14576509826347,0.18022484199554528,0.49999938554402834,-6.1445597165921129e-07,12.916856517517836,0.14999999999999999,0.03138888888888889,0.0050000000000000001,4,0,0,27906.223200831642,1.454625009422568e-06,1,4,0.0050000000000000001,0.075000000000000011,1,1,1,0,0,0,0,0,0,0.003356294048443034,-0.82583360685070595,0.12507772115361537,-0.85177754868316713,0.13947320025175225,0.075000000000000011,285,-0.82583360685070595,0.12507772115361537,-0.82583360685070595,0.12507772115361537,0,0.89027777777777772,0.00012794322863161794,0.025588645726323588,0.003356294048443034,3.9554304688502003e-05,3.9554304688501921e-05,0.00053608288691689692,6.7052025845016754e-05,33,17847,1,2,0,1,10.918657749999999
633,167.0470518417757,197.15295696302093,0.18022410326499544,0.4999995073882546,-4.9261174539516617e-07,12.911774569561352,0.14999999999999999,0.03138888888888889,0.0050000000000000001,4,0,0,27905.513683823534,-1.5800154575776124e-05,1,4,0.0050000000000000001,0.075000000000000011,1,1,1,0,0,0,0,0,0,0.0023314855509529572,0.55611734395461965,0.13691660907256017,-0.81629770142969749,0.13778043560040193,0.075000000000000011,285,0.55611734395461965,0.13691660907256017,0.55611734395461965,0.13691660907256017,0,0.20055555555555554,9.7999810733141504e-05,0.019599962146628302,0.0023314855509529572,2.747682072195483e-05,2.7476820721955037e-05,0.00053460205127658922,7.3195900064025528e-05,31,17878,1,2,0,1,10.338312208333333
634,167.04763390576107,197.15483135251191,0.18023121155810939,0.49999938750377237,-6.1249622762549194e-07,12.915765485557499,0.14999999999999999,0.03138888888888889,0.0050000000000000001,4,0,0,27904.678200964467,-4.434877862281919e-05,1,4,0.0050000000000000001,0.075000000000000011,1,1,1,0,0,0,0,0,0,0.0020508491434736735,-0.74340130719575181,0.15942356801448271,-0.77508155160222048,0.13778043560040193,0.075000000000000011,285,-0.74340130719575181,0.15942356801448271,-0.74340130719575181,0.15942356801448274,0,0.84611111111111115,0.00010196841957880896,0.020393683915761792,0.0020508491434736735,2.416948894234762e-05,2.4169488942347207e-05,0.0004712174363851927,7.5123165019164951e-05,39,17917,1,2,0,1,14.035195083333333
635,167.04776952859996,197.15364229682609,0.1802231352934752,0.49999943202799979,-5.6797200020941574e-07,12.905545248286248,0.14999999999999999,0.03138888888888889,0.0050000000000000001,4,0,0,27906.312662844703,-2.0787027690345664e-06,1,4,0.0050000000000000001,0.075000000000000011,1,1,1,0,0,0,0,0,0,0.003019969654751594,-0.67598448433703195,0.1646966101994593,-0.77508155160222048,0.13778043560040193,0.075000000000000011,285,-0.67598448433703195,0.1646966101994593,-0.67598448433703195,0.16469661019945928,0,0.79416666666666669,8.976023243277994e-05,0.017952046486555989,0.003019969654751594,3.5590683697540812e-05,3.5590683697540934e-05,0.00047964043965368497,7.899515452554023e-05,42,17959,1,2,0,1,14.425162625
636,167.05137857001779,197.15725286841413,0.18021925084430113,0.49999923165565846,-7.6834434153960629e-07,12.92644339144681,0.14999999999999999,0.03138888888888889,0.0050000000000000001,4,0,0,27902.507065580514,-4.9563034981474211e-06,1,4,0.0050000000000000001,0.075000000000000011,1,1,1,0,0,0,0,0,0,0.0059366504639584913,-0.92267816126707047,0.15796749060968351,-0.81629770142969749,0.13778043560040193,0.075000000000000011,285,-0.92267816126707047,0.15796749060968351,-0.92267816126707047,0.15796749060968351,0,0.95583333333333331,0.0001226562851667734,0.024531257033354681,0.0059366504639584913,6.9964096676655216e-05,6.9964096676655e-05,0.00051459752448503276,8.1289679616855794e-05,21,17980,1,2,0,1,8.1279474999999994
637,167.04339157694091,197.14784122983795,0.18021933923097344,0.49999941214867188,-5.8785132811545182e-07,12.912876694786995,0.14999999999999999,0.03138888888888889,0.0050000000000000001,4,0,0,27906.163302224162,-8.5945113293178063e-06,1,4,0.0050000000000000001,0.075000000000000011,1,1,1,0,0,0,0,0,0,0.0037072724449104563,-0.93316872711438514,0.17217110808057479,-0.81629770142969749,0.13974808340452516,0.075000000000000011,285,-0.93316872711438514,0.17217110808057479,-0.93316872711438514,0.17217110808057479,0,0.97805555555555557,0.00010967436378021031,0.02193487275604206,0.0037072724449104563,4.3690624758370252e-05,4.3690624758370082e-05,0.00050983100378467687,8.7778168855439531e-05,34,18014,1,2,0,1,11.309726333333334
638,167.04947694833314,197.15363009537853,0.18021099914222619,0.49999943512571465,-5.6487428534701678e-07,12.905633335178502,0.14999999999999999,0.03138888888888889,0.0050000000000000001,4,0,0,27906.269028312752,-3.6506961595064974e-05,1,4,0.0050000000000000001,0.075000000000000011,1,1,1,0,0,0,0,0,0,0.0023640208613853941,0.81235902994562115,0.20821801646013255,-0.77508155160222048,0.14750955774819069,0.075000000000000011,285,0.81235902994562115,0.20821801646013255,0.81235902994562115,0.20821801646013255,0,0.098333333333333328,0.00013307641894546568,0.026615283789093135,0.0023640208613853941,2.7860253032534589e-05,2.7860253032534379e-05,0.0004407058317588551,9.1762894131241696e-05,51,18065,1,2,0,1,17.225839125
639,167.05154064295652,197.15531515405269,0.18020650629878188,0.49999941232603989,-5.8767396010628303e-07,12.901942263303454,0.14999999999999999,0.03138888888888889,0.0050000000000000001,4,0,0,27906.666029795582,1.5439996824809293e-05,1,4,0.0050000000000000001,0.075000000000000011,1,1,1,0,0,0,0,0,0,0.0013161877966636698,0.71130551175287238,0.18867961886197673,-0.77508155160222048,0.14750955774819069,0.075000000000000011,285,0.71130551175287238,0.18867961886197673,0.71130551175287238,0.18867961886197668,0,0.10805555555555556,0.00011872785915944169,0.023745571831888336,0.0013161877966636698,1.5511421938931027e-05,1.551142193893122e-05,0.00041930897144634233,7.9115056917903351e-05,51,18116,1,2,0,1,17.066333791666668
640,167.05299893844418,197.15716410729516,0.18020727170509396,0.49999946180486959,-5.3819513040620492e-07,12.928690783526422,0.14999999999999999,0.03138888888888889,0.0050000000000000001,4,0,0,27899.2755509612,9.7615770868360206e-06,1,4,0.0050000000000000001,0.075000000000000011,1,1,1,0,0,0,0,0,0,0.0068960329284626937,-0.77916559626577453,0.24032458598369022,-0.79296369613723183,0.14750955774819069,0.075000000000000011,285,-0.77916559626577453,0.24032458598369022,-0.77916559626577453,0.24032458598369022,0,0.83138888888888884,0.00013466826894629631,0.02693365378925926,0.0068960329284626937,8.1270527450028274e-05,8.1270527450028233e-05,0.00045105676895068538,0.00010840003125321449,11,18127,1,2,0,1,4.4731973749999998
641,167.0399497674332,197.14350741719846,0.18021771253929328,0.49999942793428886,-5.7206571113521676e-07,12.910785953923327,0.14999999999999999,0.03138888888888889,0.0050000000000000001,4,0,0,27908.484153056037,-1.8874663502102316e-05,1,4,0.0050000000000000001,0.075000000000000011,1,1,1,0,0,0,0,0,0,0.0048339182643805873,-0.94242637001568497,0.21295948644482735,-0.79296369613723183,0.15606735071262914,0.075000000000000011,285,-0.94242637001568497,0.21295948644482735,-0.94242637001568497,0.21295948644482732,0,0.95777777777777773,0.00010964694759415953,0.021929389518831905,0.0048339182643805873,5.6968273074083657e-05,5.6968273074083854e-05,0.00042205649498094791,8.9880934421846513e-05,38,18165,1,2,0,1,12.270802874999999
642,167.04959776613589,197.15287232777237,0.18020560937704325,0.4999993835755755,-6.164244245043804e-07,12.897108832971938,0.14999999999999999,0.03138888888888889,0.0050000000000000001,4,0,0,27907.37212673972,5.0592332594274046e-06,1,4,0.0050000000000000001,0.075000000000000011,1,1,1,0,0,0,0,0,0,0.0037636512922548048,0.87996016804851973,0.21706956280347467,-0.76128345173076317,0.15869552931208311,0.075000000000000011,285,0.87996016804851973,0.21706956280347467,0.87996016804851973,0.2170695628034747,0,0.11055555555555556,8.8365762684095212e-05,0.017673152536819042,0.0037636512922548048,4.4355055846248082e-05,4.4355055846247675e-05,0.00042685724613869362,9.2657715798821397e-05,70,18235,1,2,0,1,24.026772291666667
643,167.05517437557083,197.1582412181821,0.18019835036617318,0.49999931480225002,-6.8519774998332394e-07,12.926323447799312,0.14999999999999999,0.03138888888888889,0.0050000000000000001,4,0,0,27899.569300674957,1.9451046760662857e-05,1,4,0.0050000000000000001,0.075000000000000011,1,1,1,0,0,0,0,0,0,0.0074773425362090499,-0.93766133011989694,0.16206892075548276,-0.79296369613723183,0.15869552931208311,0.075000000000000011,285,-0.93766133011989694,0.16206892075548276,-0.93766133011989694,0.16206892075548274,0,0.87027777777777782,0.0001411878439747753,0.028237568794955058,0.0074773425362090499,8.8121326876800616e-05,8.8121326876800467e-05,0.00048750175229353903,7.9008882860620561e-05,9,18244,1,2,0,1,3.6451067083333335
644,167.03987269805239,197.14274921711703,0.18021371803533243,0.49999948148380086,-5.1851619914389246e-07,12.912318681105594,0.14999999999999999,0.03138888888888889,0.0050000000000000001,4,0,0,27907.954278946301,3.3312709016561752e-06,1,4,0.0050000000000000001,0.075000000000000011,1,1,1,0,0,0,0,0,0,0.0037425559072632726,-0.93229519075025791,0.12791417152721496,-0.79296369613723183,0.15869552931208311,0.075000000000000011,285,-0.93229519075025791,0.12791417152721496,-0.93229519075025791,0.12791417152721493,0,0.91166666666666663,9.3009829767161994e-05,0.018601965953432397,0.0037425559072632726,4.4106444349927195e-05,4.4106444349927148e-05,0.00050743870770111898,6.4908601896429232e-05,34,18278,1,2,0,1,11.152408250000001
645,167.04905632528477,197.15192640522687,0.18020377212622241,0.49999932288931304,-6.771106869640775e-07,12.901910625792368,0.14999999999999999,0.03138888888888889,0.0050000000000000001,4,0,0,27906.656140579944,-3.5385990875389564e-07,1,4,0.0050000000000000001,0.075000000000000011,1,1,1,0,0,0,0,0,0,0.0029067547779133107,0.78794750424721027,0.12877097428275333,-0.76128345173076317,0.15869552931208311,0.075000000000000011,285,0.78794750424721027,0.12877097428275333,0.78794750424721027,0.12877097428275336,0,0.14777777777777779,0.0001070647507130243,0.021412950142604859,0.0029067547779133107,3.4256433578481649e-05,3.425643357848173e-05,0.00050610445758205976,6.5171564091686247e-05,57,18335,1,2,0,1,19.318429125000002
646,167.05299556681234,197.15546107795387,0.18019710097986325,0.49999935794577544,-6.4205422456442562e-07,12.928832828524975,0.14999999999999999,0.03138888888888889,0.0050000000000000001,4,0,0,27899.865138842681,5.4416044640904068e-07,1,4,0.0050000000000000001,0.075000000000000011,1,1,1,0,0,0,0,0,0,0.0071116929965064678,-0.91726665701883314,0.12003109833930427,-0.80249960155824018,0.15869552931208311,0.075000000000000011,285,-0.91726665701883314,0.12003109833930427,-0.91726665701883314,0.1200310983393043,0,0.88083333333333336,0.00012900797101132489,0.025801594202264976,0.0071116929965064678,8.3812105725776688e-05,8.3812105725776973e-05,0.00051995246663118179,6.24104656539712e-05,13,18348,1,2,0,1,5.2968637083333334
647,167.04068126621652,197.14202182240376,0.18020365055991391,0.49999937504253722,-6.2495746278035114e-07,12.916722430445446,0.14999999999999999,0.03138888888888889,0.0050000000000000001,4,0,0,27907.181803685056,2.0443306769088456e-06,1,4,0.0050000000000000001,0.075000000000000011,1,1,1,0,0,0,0,0,0,0.0033403474197683147,-0.9279714450290808,0.11700205656959922,-0.86559967983023256,0.14744204984112186,0.075000000000000011,285,-0.9279714450290808,0.11700205656959922,-0.9279714450290808,0.11700205656959926,0,0.98138888888888887,0.00011946528792156941,0.023893057584313881,0.0033403474197683147,3.9366371867286037e-05,3.9366371867285773e-05,0.00051562821374009752,6.032956143290029e-05,28,18376,1,2,0,1,9.2159507083333327
648,167.04730381084775,197.1492263612036,0.18019999044367149,0.49999953329728997,-4.66702710033573e-07,12.909473046019567,0.14999999999999999,0.03138888888888889,0.0050000000000000001,4,0,0,27905.890267368639,1.035721788109877e-05,1,4,0.0050000000000000001,0.075000000000000011,1,1,1,0,0,0,0,0,0,0.0023460328996272356,0.86716628855239763,0.12017021633949447,-0.80249960155824018,0.14744204984112186,0.075000000000000011,285,0.86716628855239763,0.12017021633949447,0.86716628855239763,0.1201702163394945,0,0.024444444444444446,9.5625052480614086e-05,0.019125010496122818,0.0023460328996272356,2.7648262870219289e-05,2.7648262870219109e-05,0.00051541622357778225,6.1937679092227344e-05,28,18404,1,2,0,1,9.1429743749999997
649,167.04955946041164,197.15201917390215,0.1802007728169098,0.49999936821003327,-6.3178996673185495e-07,12.896668860055094,0.14999999999999999,0.03138888888888889,0.0050000000000000001,4,0,0,27907.180360780581,-1.4509211509097503e-05,1,4,0.0050000000000000001,0.075000000000000011,1,1,1,0,0,0,0,0,0,0.0035453071256358716,0.87739094807822571,0.11711135740111729,-0.76128345173076317,0.14744204984112186,0.075000000000000011,285,0.87739094807822571,0.11711135740111729,0.87739094807822571,0.11711135740111732,0,0.11527777777777778,0.00012455343937685693,0.024910687875371387,0.0035453071256358716,4.1781845165435201e-05,4.1781845165435106e-05,0.00054168664680428612,6.3437658493309545e-05,66,18470,1,2,0,1,21.841676625000002
650,167.05480326010706,197.15670184880321,0.1801917574427776,0.49999942788707785,-5.7211292214809362e-07,12.920982180219315,0.15027777777777779,0.03138888888888889,0.0050000000000000001,4,0,0,27903.482521346476,-9.9528909296939526e-06,1,4,0.0050000000000000001,0.075000000000000011,1,1,1,0,0,0,0,0,0,0.0066433452705153282,-0.93955298101674489,0.12258530485314174,-0.80249960155824018,0.14744204984112186,0.075000000000000011,285,-0.93955298101674489,0.12258530485314174,-0.93955298101674489,0.12258530485314177,0,0.91888888888888887,0.00012095672631617987,0.024191345263235974,0.0066433452705153282,7.8292574842416128e-05,7.8292574842415979e-05,0.00053870869419667382,6.6037769505137173e-05,19,18489,1,2,0,1,7.2110710833333336
651,167.04459299696288,197.14535924908637,0.18019599265132016,0.49999943990107654,-5.6009892346331469e-07,12.910484205446227,0.15027777777777779,0.03138888888888889,0.0050000000000000001,4,0,0,27905.921907174925,3.3756218299086083e-05,1,4,0.0050000000000000001,0.075000000000000011,1,1,1,0,0,0,0,0,0,0.0030370611777016305,-0.94240783676116069,0.10810467895130045,-0.80249960155824018,0.14744204984112186,0.075000000000000011,285,-0.94240783676116069,0.10810467895130045,-0.94240783676116069,0.10810467895130045,0,0.98555555555555552,0.00010478458028151348,0.020956916056302694,0.0030370611777016305,3.5792109227187088e-05,3.5792109227187406e-05,0.00051753253034977735,5.5947688040316837e-05,32,18521,1,2,0,1,10.615872875000001
652,167.04978989883926,197.15146241877383,0.18019581190831374,0.49999935789613192,-6.4210386807594944e-07,12.892911827859182,0.15027777777777779,0.03138888888888889,0.0050000000000000001,4,0,0,27907.877446102597,-3.651763528341775e-06,1,4,0.0050000000000000001,0.075000000000000011,1,1,1,0,0,0,0,0,0,0.0047892183928015964,0.88396833186136081,0.1090718580258359,-0.76128345173076317,0.14744204984112186,0.075000000000000011,285,0.88396833186136081,0.1090718580258359,0.88396833186136081,0.10907185802583587,0,0.091388888888888895,9.0986410333068453e-05,0.018197282066613689,0.0047892183928015964,5.6441480035555784e-05,5.6441480035556007e-05,0.00052961895453908561,5.776652341727878e-05,80,18601,1,2,0,1,27.537577124999999
653,167.05658645677391,197.15749274616076,0.18018389413922023,0.49999931671305226,-6.832869477446657e-07,12.925194720031364,0.15027777777777779,0.03138888888888889,0.0050000000000000001,4,0,0,27899.301269964963,-5.9581418576853804e-06,1,4,0.0050000000000000001,0.075000000000000011,1,1,1,0,0,0,0,0,0,0.0082903255684757312,-0.949308706511094,0.10393676937473387,-0.84821612664230384,0.14336923244621841,0.075000000000000011,285,-0.949308706511094,0.10393676937473387,-0.949308706511094,0.10393676937473384,0,0.87361111111111112,0.00017537572229242229,0.035075144458484454,0.0082903255684757312,9.7702423795223477e-05,9.7702423795223233e-05,0.00053920005145750838,5.6042711395183684e-05,9,18610,1,2,0,1,3.6190967500000002
654,167.03989038955464,197.1405080587642,0.18020017613165179,0.49999949135231586,-5.0864768413871886e-07,12.908949769243232,0.15027777777777779,0.03138888888888889,0.0050000000000000001,4,0,0,27908.684161325829,1.4383632004839328e-05,1,4,0.0050000000000000001,0.075000000000000011,1,1,1,0,0,0,0,0,0,0.0044219763640819575,-0.92935586548292182,0.10950083134021242,-0.91997240914295175,0.12834257290498413,0.075000000000000011,285,-0.92935586548292182,0.10950083134021242,-0.92935586548292182,0.10950083134021242,0,0.96194444444444449,0.00010116247740340162,0.020232495480680325,0.0044219763640819575,5.2113491221483094e-05,5.2113491221483256e-05,0.00054720709832906458,5.9919632182297939e-05,38,18648,1,2,0,1,12.377688875
655,167.05055001416409,197.15149005970358,0.18019060723228539,0.49999937800879313,-6.2199120687278509e-07,12.913864560910932,0.15027777777777779,0.03138888888888889,0.0050000000000000001,4,0,0,27905.496567775761,5.2589679977584179e-06,1,4,0.0050000000000000001,0.075000000000000011,1,1,1,0,0,0,0,0,0,0.0039120140335163565,-0.29535116891281399,0.14332081447199777,-0.91997240914295175,0.12834257290498413,0.075000000000000011,285,-0.29535116891281399,0.14332081447199777,-0.29535116891281399,0.14332081447199771,0,0.7038888888888889,0.00010135617540719193,0.020271235081438386,0.0039120140335163565,4.6103527519939225e-05,4.6103527519939347e-05,0.00055905419227052211,8.0124102170196071e-05,73,18721,1,2,0,1,25.304847666666667
656,167.05136689372978,197.14922117488052,0.18017125415260796,0.49999895317547322,-1.0468245267847287e-06,12.926239054146613,0.15027777777777779,0.03138888888888889,0.0050000000000000001,4,0,0,27903.416628315517,-1.2733340577564083e-07,1,4,0.0050000000000000001,0.075000000000000011,1,1,1,0,0,0,0,0,0,0.0036063047832484551,-0.10417437602239717,0.11410647256992461,-0.84821612664230384,0.12524973819017834,0.075000000000000011,285,-0.10417437602239717,0.11410647256992461,-0.10417437602239717,0.11410647256992458,0,0.50472222222222218,0.0001340304276410249,0.02680608552820498,0.0036063047832484551,4.2500709454341083e-05,4.2500709454341103e-05,0.00051774279599908627,5.9077804149945807e-05,15,18736,1,2,0,1,5.238322291666667
657,167.04377113444949,197.14250243916953,0.1801846971024996,0.49999910825901867,-8.9174098133470991e-07,12.92149239335024,0.15027777777777779,0.03138888888888889,0.0050000000000000001,4,0,0,27904.589845282564,2.2067449461613389e-05,1,4,0.0050000000000000001,0.075000000000000011,1,1,1,0,0,0,0,0,0,0.0016258476196445736,-0.54035420305053405,0.10904739676444461,-0.65975989965815429,0.12137776059631811,0.075000000000000011,285,-0.54035420305053405,0.10904739676444461,-0.54035420305053405,0.10904739676444458,0,0.68388888888888888,0.00012237824808292099,0.024475649616584196,0.0016258476196445736,1.9160797950444743e-05,1.9160797950444926e-05,0.00049753722208224543,5.425513886148221e-05,20,18756,1,2,0,1,6.6955027500000002
658,167.0456138702512,197.14457393984964,0.18018407890061156,0.49999949999798204,-5.0000201795574739e-07,12.91026667489224,0.15027777777777779,0.03111111111111111,0.0050000000000000001,4,0,0,27906.084116570848,9.1289385155624045e-06,1,4,0.0050000000000000001,0.075000000000000011,1,1,1,0,0,0,0,0,0,0.00317388147602864,0.85662484422467167,0.10366550213062189,-0.65975989965815429,0.12010065733939937,0.075000000000000011,285,0.85662484422467167,0.10366550213062189,0.85662484422467167,0.10366550213062189,0,0.13222222222222221,9.7990571146405102e-05,0.019598114229281021,0.00317388147602864,3.7404551906370333e-05,3.7404551906370489e-05,0.00050729351111839687,5.2588836557694833e-05,34,18790,1,2,0,1,11.281061916666667
659,167.05020239880929,197.14959350747768,0.18018170990784102,0.49999940889564892,-5.9110435107756487e-07,12.900834988567226,0.15027777777777779,0.03111111111111111,0.0050000000000000001,4,0,0,27906.822894374942,1.118095726066004e-05,1,4,0.0050000000000000001,0.075000000000000011,1,1,1,0,0,0,0,0,0,0.0026496745984991178,0.91026087991685012,0.10417814235156575,-0.65975989965815429,0.11857122787021078,0.075000000000000011,285,0.91026087991685012,0.10417814235156575,0.91026087991685012,0.10417814235156574,0,0.10361111111111111,9.1896093142818181e-05,0.018379218628563634,0.0026496745984991178,3.1226714608941143e-05,3.1226714608941176e-05,0.00049673838056190289,5.1749281721664161e-05,62,18852,1,2,0,1,21.187244499999998
660,167.05418596219923,197.15323396858111,0.18017535946805097,0.49999941599036479,-5.840096352072166e-07,12.895328748372545,0.15027777777777779,0.03111111111111111,0.0050000000000000001,4,0,0,27907.912103468476,8.0567683165489158e-06,1,4,0.0050000000000000001,0.075000000000000011,1,1,1,0,0,0,0,0,0,0.0018336687690509788,0.8598759168901392,0.22244976015349022,-0.41785268598167402,0.11857122787021078,0.075000000000000011,285,0.8598759168901392,0.22244976015349022,0.8598759168901392,0.22244976015349016,0,0.12694444444444444,9.2361249584297896e-05,0.018472249916859577,0.0018336687690509788,2.1609993684098939e-05,2.1609993684099362e-05,0.00044005579940358626,9.7890307031480169e-05,68,18920,1,2,0,1,22.606261916666668
661,167.05576209899147,197.15443490271139,0.1801714135779674,0.49999932954679682,-6.7045320317760115e-07,12.926572827340388,0.15027777777777779,0.03111111111111111,0.0050000000000000001,4,0,0,27899.117088355477,8.8543850230895202e-06,1,4,0.0050000000000000001,0.075000000000000011,1,1,1,0,0,0,0,0,0,0.0080239196357119388,-0.76374811394250197,0.14083106579804305,-0.41785268598167402,0.11857122787021078,0.075000000000000011,285,-0.76374811394250197,0.14083106579804305,-0.76374811394250197,0.14083106579804305,0,0.90361111111111114,0.00016439299377668474,0.032878598755336948,0.0080239196357119388,9.4562799768463404e-05,9.4562799768463187e-05,0.00049882648994486209,7.0250266227231734e-05,9,18929,1,2,0,1,3.6271942500000001
662,167.03946012898086,197.13778999442727,0.18018694410414002,0.4999994816971271,-5.1830287289833521e-07,12.912075313963733,0.15027777777777779,0.03111111111111111,0.0050000000000000001,4,0,0,27908.065095103389,-6.3491051222691605e-06,1,4,0.0050000000000000001,0.075000000000000011,1,1,1,0,0,0,0,0,0,0.0039840193931299202,-0.91085960978596547,0.16492272849402831,-0.65205115849651807,0.11857122787021078,0.075000000000000011,285,-0.91085960978596547,0.16492272849402831,-0.91085960978596547,0.16492272849402834,0,0.88527777777777783,9.6954206467106507e-05,0.0193908412934213,0.0039840193931299202,4.6952118821014673e-05,4.6952118821014612e-05,0.00048933712873032074,8.0702814423638068e-05,34,18963,1,2,0,1,11.0308695
663,167.04898346696777,197.14737017073381,0.18017701203023295,0.49999938135862049,-6.1864137951284093e-07,12.900091203974362,0.15027777777777779,0.03111111111111111,0.0050000000000000001,4,0,0,27907.153408232403,-7.4874866167580026e-06,1,4,0.0050000000000000001,0.075000000000000011,1,1,1,0,0,0,0,0,0,0.0032810999596995911,0.77985739491776362,0.21771142938053728,-0.41785268598167402,0.11857122787021078,0.075000000000000011,285,0.77985739491776362,0.21771142938053728,0.77985739491776362,0.21771142938053734,0,0.12277777777777778,9.2621300504833372e-05,0.018524260100966673,0.0032810999596995911,3.8668133854241476e-05,3.8668133854241455e-05,0.0004303028387893389,9.3681846099329881e-05,60,19023,1,2,0,1,20.683850499999998
664,167.05429155400623,197.15214450565236,0.18016809189194599,0.49999945820587033,-5.4179412967148011e-07,12.928491543347651,0.15027777777777779,0.03111111111111111,0.0050000000000000001,4,0,0,27900.688992682262,2.1611702838644425e-05,1,4,0.0050000000000000001,0.075000000000000011,1,1,1,0,0,0,0,0,0,0.0077023361285934793,-0.89938102799601349,0.17337990565154807,-0.41785268598167402,0.11857122787021078,0.075000000000000011,285,-0.89938102799601349,0.17337990565154807,-0.89938102799601349,0.17337990565154804,0,0.83833333333333337,0.00014070385111987951,0.028140770223975903,0.0077023361285934793,9.0772901791776484e-05,9.0772901791776498e-05,0.00046896224935963208,8.130863054811077e-05,15,19038,1,2,0,1,6.1133497083333337
665,167.04193294281598,197.13791071896839,0.18017019586605998,0.49999912658552659,-8.7341447341238165e-07,12.922305731462888,0.15027777777777779,0.03111111111111111,0.0050000000000000001,4,0,0,27905.944299066057,-9.6551059086668105e-06,1,4,0.0050000000000000001,0.075000000000000011,1,1,1,0,0,0,0,0,0,0.002246568552913223,-0.79519340850134945,0.15055806717634129,-0.65205115849651807,0.11857122787021078,0.075000000000000011,285,-0.79519340850134945,0.15055806717634129,-0.79519340850134945,0.15055806717634129,0,0.86833333333333329,0.00013257004700329699,0.0265140094006594,0.002246568552913223,2.6476064302756484e-05,2.6476064302756393e-05,0.00044933478614244912,6.7650976916701808e-05,21,19059,1,2,0,1,6.724843083333333
666,167.04542260237699,197.14224034995837,0.1801714604249989,0.49999949601889188,-5.0398110812421848e-07,12.912875154559107,0.15027777777777779,0.03111111111111111,0.0050000000000000001,4,0,0,27905.845137235479,-3.8952498910573494e-06,1,4,0.0050000000000000001,0.075000000000000011,1,1,1,0,0,0,0,0,0,0.0027930120069145706,0.76836291326264416,0.1685264129228593,-0.41785268598167402,0.11864078687030588,0.075000000000000011,285,0.76836291326264416,0.1685264129228593,0.76836291326264416,0.16852641292285928,0,0.13222222222222221,9.6453298235901517e-05,0.019290659647180304,0.0027930120069145706,3.2915962167079022e-05,3.2915962167078913e-05,0.00043975003885518695,7.4109496630952662e-05,29,19088,1,2,0,1,9.5910025833333332
667,167.04914221329881,197.14639856189433,0.18017007420586129,0.4999993858985784,-6.1410142160323034e-07,12.896684392214294,0.15027777777777779,0.03111111111111111,0.0050000000000000001,4,0,0,27907.35856733024,-7.919435090763507e-06,1,4,0.0050000000000000001,0.075000000000000011,1,1,1,0,0,0,0,0,0,0.0044310924710786589,0.89024348844708878,0.21059114235767987,-0.19976277246760557,0.12137776059631811,0.075000000000000011,285,0.89024348844708878,0.21059114235767987,0.89024348844708878,0.21059114235767984,0,0.11833333333333333,9.8085869016298422e-05,0.019617173803259683,0.0044310924710786589,5.2220925572739591e-05,5.2220925572739761e-05,0.00047281016647748181,9.9569633076817689e-05,73,19161,1,2,0,1,25.241417999999999
668,167.05569042227955,197.15281571191611,0.18016222741983662,0.49999943083471882,-5.69165281183448e-07,12.926811332874724,0.15027777777777779,0.03111111111111111,0.0050000000000000001,4,0,0,27899.94086559135,1.1290830301340264e-05,1,4,0.0050000000000000001,0.075000000000000011,1,1,1,0,0,0,0,0,0,0.0078148995272551026,-0.954545683589474,0.14553933872959846,-0.41785268598167402,0.13170818532559239,0.075000000000000011,285,-0.954545683589474,0.14553933872959846,-0.954545683589474,0.14553933872959846,0,0.88055555555555554,0.00014855662645464905,0.029711325290929808,0.0078148995272551026,9.2099474166893792e-05,9.2099474166893629e-05,0.00052750508873800495,7.6772741791427399e-05,11,19172,1,2,0,1,4.4550443749999999
669,167.04103689373247,197.13734815745275,0.18017315878413062,0.49999917277909045,-8.2722090954945315e-07,12.91393492353734,0.15027777777777779,0.03111111111111111,0.0050000000000000001,4,0,0,27908.109183661727,-1.1418562856822018e-05,1,4,0.0050000000000000001,0.075000000000000011,1,1,1,0,0,0,0,0,0,0.0034165544228411285,-0.9177469290629886,0.13131523857155808,-0.65205115849651807,0.13607315218480057,0.075000000000000011,285,-0.9177469290629886,0.13131523857155808,-0.9177469290629886,0.13131523857155813,0,0.88555555555555554,0.00013121641517695371,0.026243283035390742,0.0034165544228411285,4.0264480011397546e-05,4.0264480011398027e-05,0.0005365428541404619,7.045625289531945e-05,32,19204,1,2,0,1,10.833278125
670,167.04945588655082,197.14554482457493,0.18016274748277794,0.49999949382130771,-5.0617869229441226e-07,12.909079399968485,0.15027777777777779,0.03111111111111111,0.0050000000000000001,4,0,0,27905.912847245792,-5.5280710804249511e-06,1,4,0.0050000000000000001,0.075000000000000011,1,1,1,0,0,0,0,0,0,0.0024435182497869403,0.53090256427428495,0.13638814771372434,-0.41785268598167402,0.13860960675588369,0.075000000000000011,285,0.53090256427428495,0.13638814771372434,0.53090256427428495,0.13638814771372434,0,0.20583333333333334,0.00011426794642260372,0.022853589284520744,0.0024435182497869403,2.8797138739623826e-05,2.879713873962405e-05,0.00054372999919598654,7.4158327446725432e-05,39,19243,1,2,0,1,12.515194624999999
671,167.04999386994953,197.14634993861537,0.18016376637580858,0.49999929533904403,-7.0466095597465639e-07,12.903407476279968,0.15027777777777779,0.03111111111111111,0.0050000000000000001,4,0,0,27906.599382836579,-2.8565781769396304e-05,1,4,0.0050000000000000001,0.075000000000000011,1,1,1,0,0,0,0,0,0,0.0019493817677360965,0.40762026902703041,0.20227404897371484,-0.19976277246760557,0.1420759401350204,0.075000000000000011,285,0.40762026902703041,0.20227404897371484,0.40762026902703041,0.20227404897371484,0,0.27638888888888891,0.00010580149663141397,0.021160299326282793,0.0019493817677360965,2.2973684451460219e-05,2.2973684451459856e-05,0.0004721408838789832,9.5501848268230458e-05,55,19298,1,2,0,1,18.907489916666666
672,167.05304120224736,197.14950198083184,0.18016110668794935,0.499999214563002,-7.8543699799649147e-07,12.924949596355425,0.15027777777777779,0.03111111111111111,0.0050000000000000001,4,0,0,27903.203897640451,2.2632765609179535e-05,1,4,0.0050000000000000001,0.075000000000000011,1,1,1,0,0,0,0,0,0,0.0060766447004295746,-0.70845169088191451,0.14872583569676581,-0.41785268598167402,0.1444300766007981,0.075000000000000011,285,-0.70845169088191451,0.14872583569676581,-0.70845169088191451,0.14872583569676578,0,0.78249999999999997,0.00011452136607566185,0.02290427321513237,0.0060766447004295746,7.1613944575584139e-05,7.1613944575584179e-05,0.00049680270963355273,7.3887398166667815e-05,21,19319,1,2,0,1,8.0883482083333327
673,167.04460777130564,197.13956423955892,0.18016119687895066,0.49999922338187186,-7.7661812813989428e-07,12.915639922028783,0.15027777777777779,0.03111111111111111,0.0050000000000000001,4,0,0,27905.508129746446,4.5397358926083747e-06,1,4,0.0050000000000000001,0.075000000000000011,1,1,1,0,0,0,0,0,0,0.0029402633857214212,-0.91876216611962325,0.15972749109289669,-0.41785268598167402,0.14713258721318212,0.075000000000000011,285,-0.91876216611962325,0.15972749109289669,-0.91876216611962325,0.15972749109289672,0,0.96777777777777774,0.00011061458337514646,0.022122916675029292,0.0029402633857214212,3.4651336308635573e-05,3.4651336308635533e-05,0.00049278591208794687,7.8711457383732504e-05,26,19345,1,2,0,1,8.3601154583333326
674,167.04807361559546,197.14352113174999,0.18016039852940186,0.49999936858631178,-6.314136882235033e-07,12.901751408745884,0.15027777777777779,0.03111111111111111,0.0050000000000000001,4,0,0,27907.063215496779,-2.9494317233985438e-05,1,4,0.0050000000000000001,0.075000000000000011,1,1,1,0,0,0,0,0,0,0.0039568779220020339,0.89920078511908408,0.24990607586918445,-0.19976277246760557,0.14964195143655357,0.075000000000000011,285,0.89920078511908408,0.24990607586918445,0.89920078511908408,0.24990607586918445,0,0.068333333333333329,9.1981009867173768e-05,0.018396201973434754,0.0039568779220020339,4.6632253516249548e-05,4.6632253516249609e-05,0.00044864526381241995,0.00011211917733665689,51,19396,1,2,0,1,17.533814374999999
675,167.05364663209315,197.1497375543,0.18015823975688663,0.49999946116376115,-5.388362388503154e-07,12.929480883604178,0.15027777777777779,0.03111111111111111,0.0050000000000000001,4,0,0,27899.641710314947,2.1998925139826456e-05,1,4,0.0050000000000000001,0.075000000000000011,1,1,1,0,0,0,0,0,0,0.0071769792357861302,-0.94455110201633707,0.13302357749703486,-0.32226428953646558,0.14964195143655357,0.075000000000000011,285,-0.94455110201633707,0.13302357749703486,-0.94455110201633707,0.13302357749703486,0,0.90527777777777774,0.00014729418322294147,0.029458836644588295,0.0071769792357861302,8.4581511434323638e-05,8.4581511434323598e-05,0.00050675071094398721,6.7409792468934988e-05,11,19407,1,2,0,1,4.4430750416666669
676,167.04020595411944,197.13521764749729,0.18016627506819508,0.49999907617262251,-9.2382737748586408e-07,12.915846052009252,0.15027777777777779,0.03111111111111111,0.0050000000000000001,4,0,0,27907.333255142676,-2.1914882731552982e-06,1,4,0.0050000000000000001,0.075000000000000011,1,1,1,0,0,0,0,0,0,0.0036260826156925283,-0.92635252479872088,0.12189408503656293,-0.62440294696622423,0.14964195143655357,0.075000000000000011,285,-0.92635252479872088,0.12189408503656293,-0.92635252479872088,0.12189408503656292,0,0.9325,0.00012554232096578555,0.025108464193157109,0.0036260826156925283,4.2733793444980676e-05,4.2733793444980636e-05,0.00051656854222188883,6.2966649812808264e-05,32,19439,1,2,0,1,10.620878291666667
677,167.04854975862642,197.14339439253121,0.18015627598916453,0.49999944252561507,-5.5747438493236601e-07,12.914909626002268,0.15027777777777779,0.03111111111111111,0.0050000000000000001,4,0,0,27905.848380777115,-5.5614155239452722e-06,1,4,0.0050000000000000001,0.075000000000000011,1,1,1,0,0,0,0,0,0,0.001788444051351724,0.3150023722516091,0.18448598675476496,-0.19672465931515271,0.15514277913461899,0.075000000000000011,285,0.3150023722516091,0.18448598675476496,0.3150023722516091,0.18448598675476496,0,0.21888888888888888,9.7130180749319077e-05,0.019426036149863816,0.001788444051351724,2.1077015274725768e-05,2.1077015274725625e-05,0.00048542463192387481,8.9554042215544621e-05,43,19482,1,2,0,1,13.991242124999999
678,167.04866552248944,197.14428507514089,0.18016079002199348,0.49999927091448731,-7.2908551268513477e-07,12.909213218122545,0.15027777777777779,0.03111111111111111,0.0050000000000000001,4,0,0,27905.948678147266,-2.0894928021770561e-05,1,4,0.0050000000000000001,0.075000000000000011,1,1,1,0,0,0,0,0,0,0.0017695294118601364,0.23656366710188739,0.22682903911419949,-0.23594401189001357,0.16232510979346249,0.075000000000000011,285,0.23656366710188739,0.22682903911419949,0.23656366710188739,0.22682903911419952,0,0.29194444444444445,0.0001068578504133922,0.02137157008267844,0.0017695294118601364,2.0854104110589094e-05,2.0854104110589348e-05,0.00041417926186757047,9.3947883990449417e-05,43,19525,1,2,0,1,14.497574500000001
679,167.05076614887855,197.14626703156128,0.18015781415729093,0.49999940729633796,-5.9270366203900693e-07,12.894181642269542,0.15027777777777779,0.03111111111111111,0.0050000000000000001,4,0,0,27907.792827359837,2.2649187068116764e-05,1,4,0.0050000000000000001,0.075000000000000011,1,1,1,0,0,0,0,0,0,0.0040994639265419068,0.88702786056655281,0.23771602557445898,-0.23594401189001357,0.16672457070844382,0.075000000000000011,285,0.88702786056655281,0.23771602557445898,0.88702786056655281,0.23771602557445903,0,0.13027777777777777,8.6739875387238226e-05,0.017347975077447644,0.0040994639265419068,4.8312645694790219e-05,4.8312645694790469e-05,0.00042222742755096296,0.00010037022596594274,77,19602,1,2,0,1,26.478360833333333
680,167.05652933197024,197.15125585083715,0.18014696366080654,0.49999953995717195,-4.6004282805434116e-07,12.926515847989418,0.15027777777777779,0.03111111111111111,0.0050000000000000001,4,0,0,27898.66026191914,1.6905865268333449e-05,1,4,0.0050000000000000001,0.075000000000000011,1,1,1,0,0,0,0,0,0,0.0082705706579820799,-0.92345618253475437,0.16782019980745733,-0.73609990241220824,0.16637146415074283,0.075000000000000011,285,-0.92345618253475437,0.16782019980745733,-0.92345618253475437,0.16782019980745733,0,0.85999999999999999,0.00018490013401413564,0.03698002680282713,0.0082705706579820799,9.7469609942360248e-05,9.7469609942360465e-05,0.00049089989875369933,8.2382919094306398e-05,8,19610,1,2,0,1,3.2170223333333334
681,167.03937567363224,197.13367011514282,0.18016287668788908,0.49999943847965123,-5.6152034877410273e-07,12.911177900517878,0.15027777777777779,0.03111111111111111,0.0050000000000000001,4,0,0,27908.789676481134,-1.9199021774960019e-06,1,4,0.0050000000000000001,0.075000000000000011,1,1,1,0,0,0,0,0,0,0.0041658858956465537,-0.91928650032889736,0.13126590627778775,-0.75182254969163198,0.16637146415074283,0.075000000000000011,285,-0.91928650032889736,0.13126590627778775,-0.91928650032889736,0.13126590627778775,0,0.86222222222222222,0.0001058565531011532,0.02117131062023064,0.0041658858956465537,4.9095436107684535e-05,4.9095436107684589e-05,0.00051702165040992405,6.7867315506296239e-05,39,19649,1,2,0,1,12.912413375
682,167.05008289473631,197.14455634541125,0.18015240058059981,0.49999937356989754,-6.2643010245722053e-07,12.89854697182084,0.15027777777777779,0.03111111111111111,0.0050000000000000001,4,0,0,27907.410954009458,-2.0883815226111352e-05,1,4,0.0050000000000000001,0.075000000000000011,1,1,1,0,0,0,0,0,0,0.0034939375801842868,0.75100984496011036,0.2231991643755209,-0.23594401189001357,0.16817330636515831,0.075000000000000011,285,0.75100984496011036,0.2231991643755209,0.75100984496011036,0.2231991643755209,0,0.13916666666666666,0.00010048099175976672,0.020096198351953344,0.0034939375801842868,4.1176449266513762e-05,4.1176449266513782e-05,0.00048658415510085368,0.0001086051768168794,66,19715,1,2,0,1,22.722360541666667
683,167.05501326451468,197.14864744047662,0.18014205971964289,0.49999935285635472,-6.471436452826218e-07,12.928113403725943,0.15027777777777779,0.03111111111111111,0.0050000000000000001,4,0,0,27901.043173954302,1.1612610953530671e-05,1,4,0.0050000000000000001,0.075000000000000011,1,1,1,0,0,0,0,0,0,0.0079136605293023219,-0.91572920270137237,0.13383009854378292,-0.75182254969163198,0.16377384545017701,0.075000000000000011,285,-0.91572920270137237,0.13383009854378292,-0.91572920270137237,0.13383009854378292,0,0.89388888888888884,0.000139642676653713,0.027928535330742601,0.0079136605293023219,9.3263383737966578e-05,9.3263383737966348e-05,0.00054519620253018443,7.2963661510310816e-05,14,19729,1,2,0,1,5.6607674583333329
684,167.04154237491551,197.13388845993896,0.18014887588551382,0.49999942207667059,-5.7792332941453139e-07,12.920299270613789,0.15027777777777779,0.03111111111111111,0.0050000000000000001,4,0,0,27905.686286715361,1.508087821133205e-06,1,4,0.0050000000000000001,0.075000000000000011,1,1,1,0,0,0,0,0,0,0.0026641162239876988,-0.77355486168044463,0.16367944354489711,-0.74100327628117957,0.1617034673188969,0.075000000000000011,285,-0.77355486168044463,0.16367944354489711,-0.77355486168044463,0.16367944354489711,0,0.86527777777777781,0.00010174585916483168,0.020349171832966337,0.0026641162239876988,3.1396910797513346e-05,3.1396910797513482e-05,0.00052996085981144839,8.6743698634513094e-05,28,19757,1,2,0,1,9.2895362499999994
685,167.04657426605041,197.13926343570176,0.18014550314407266,0.49999948725363946,-5.1274636053699751e-07,12.909938332153741,0.15027777777777779,0.03111111111111111,0.0050000000000000001,4,0,0,27906.331143620468,-2.6268328020433772e-05,1,4,0.0050000000000000001,0.075000000000000011,1,1,1,0,0,0,0,0,0,0.0030560878279516754,0.70254148438856068,0.18365231986695518,-0.23594401189001357,0.16574982167617722,0.075000000000000011,285,0.70254148438856068,0.18365231986695518,0.70254148438856068,0.18365231986695518,0,0.13166666666666665,9.8375443599547685e-05,0.019675088719909535,0.0030560878279516754,3.6016340450771607e-05,3.601634045077175e-05,0.00048139568882789644,8.8409435027194064e-05,32,19789,1,2,0,1,10.703043375
686,167.050442291759,197.14391983372005,0.18014605127115926,0.49999952686095528,-4.7313904472101598e-07,12.897616306391566,0.15027777777777779,0.03111111111111111,0.0050000000000000001,4,0,0,27907.362609399206,2.0289258572242412e-05,1,4,0.0050000000000000001,0.075000000000000011,1,1,1,0,0,0,0,0,0,0.0034357543983741844,0.87499613190150449,0.18447601615502171,-0.23594401189001357,0.16574982167617722,0.075000000000000011,285,0.87499613190150449,0.18447601615502171,0.87499613190150449,0.18447601615502171,0,0.13444444444444445,7.9045141619985988e-05,0.015809028323997196,0.0034357543983741844,4.0490753893031546e-05,4.0490753893031763e-05,0.00047915264927594762,8.839217186855116e-05,70,19859,1,2,0,1,25.426268166666667
687,167.05567749799124,197.14821976895456,0.18013480727899936,0.49999942279741039,-5.7720258961335702e-07,12.928183086809161,0.15027777777777779,0.03111111111111111,0.0050000000000000001,4,0,0,27899.973403175271,1.5061556241102934e-05,1,4,0.0050000000000000001,0.075000000000000011,1,1,1,0,0,0,0,0,0,0.0079414500201258949,-0.93609785871472007,0.13365622752029868,-0.74100327628117957,0.1617034673188969,0.075000000000000011,285,-0.93609785871472007,0.13365622752029868,-0.93609785871472007,0.13365622752029871,0,0.8586111111111111,0.00015200339871856709,0.030400679743713417,0.0079414500201258949,9.3590886028084401e-05,9.3590886028084347e-05,0.00055166652002930643,7.3733665916368387e-05,11,19870,1,2,0,1,5.0962231666666664
688,167.04055243635733,197.13234666394013,0.18014663977507983,0.49999945520614753,-5.4479385247496737e-07,12.911559362329411,0.15027777777777779,0.03111111111111111,0.0050000000000000001,4,0,0,27908.322429289117,-5.8001848838096535e-07,1,4,0.0050000000000000001,0.075000000000000011,1,1,1,0,0,0,0,0,0,0.0043509536827107103,-0.94911176173939871,0.10298472651657359,-0.74100327628117957,0.1617034673188969,0.075000000000000011,285,-0.94911176173939871,0.10298472651657359,-0.94911176173939871,0.10298472651657359,0,0.93027777777777776,0.00010882171849448253,0.021764343698896505,0.0043509536827107103,5.127648089455542e-05,5.1276480894555746e-05,0.00058208889681327276,5.9946265846648919e-05,39,19909,1,2,0,1,13.043751625000001
689,167.05058328268996,197.14204257992051,0.18013381758930189,0.49999936690881269,-6.330911873075884e-07,12.904804184815816,0.15027777777777779,0.03111111111111111,0.0050000000000000001,4,0,0,27906.995309182861,-1.3602740649681271e-05,1,4,0.0050000000000000001,0.075000000000000011,1,1,1,0,0,0,0,0,0,0.0019554218078513225,0.8302367153068696,0.1218627355504113,-0.23594401189001357,0.1617034673188969,0.075000000000000011,285,0.8302367153068696,0.1218627355504113,0.8302367153068696,0.12186273555041127,0,0.12722222222222221,9.732245730055608e-05,0.019464491460111217,0.0019554218078513225,2.3044867006862136e-05,2.3044867006862122e-05,0.00055682111812534435,6.7855744666993169e-05,57,19966,1,2,0,1,19.887844041666668
690,167.05358694778045,197.14512488881164,0.18013104950830869,0.49999946938645662,-5.3061354338135303e-07,12.905874819144902,0.15027777777777779,0.03111111111111111,0.0050000000000000001,4,0,0,27906.521017659728,-1.5327011610650095e-05,1,4,0.0050000000000000001,0.075000000000000011,1,1,1,0,0,0,0,0,0,0.00090194647921872648,-0.038454371599018579,0.18043301478175994,-0.37345303124046653,0.16574982167617722,0.075000000000000011,285,-0.038454371599018579,0.18043301478175994,-0.038454371599018579,0.18043301478175988,0,0.30555555555555558,9.1839641718659073e-05,0.018367928343731812,0.00090194647921872648,1.0629541195381549e-05,1.0629541195380962e-05,0.00046998104937836485,8.4800097629633559e-05,45,20011,1,2,0,1,15.102357208333334
691,167.05227052848997,197.14374667671288,0.18013209909105038,0.49999925802319922,-7.4197680077769945e-07,12.913146267795621,0.15027777777777779,0.03111111111111111,0.0050000000000000001,4,0,0,27905.496192913448,3.8833031051899393e-05,1,4,0.0050000000000000001,0.075000000000000011,1,1,1,0,0,0,0,0,0,0.002901473379205623,-0.088667793097917433,0.14110580401952674,-0.39855974198991595,0.1617034673188969,0.075000000000000011,285,-0.088667793097917433,0.14110580401952674,-0.088667793097917433,0.14110580401952674,0,0.72472222222222227,0.00010472162722083066,0.020944325444166131,0.002901473379205623,3.4194191697809053e-05,3.4194191697808619e-05,0.00045507980496848894,6.4214401773128051e-05,49,20060,1,2,0,1,17.66979375
692,167.05022674897626,197.14078249864846,0.18012879320953457,0.49999936096340836,-6.3903659164310511e-07,12.907069727203051,0.15027777777777779,0.03111111111111111,0.0050000000000000001,4,0,0,27906.697329137518,1.9181117795473166e-05,1,4,0.0050000000000000001,0.075000000000000011,1,1,1,0,0,0,0,0,0,0.0021212041865306904,-0.74363278986072012,0.15570170716899182,-0.41615029147931876,0.1617034673188969,0.075000000000000011,285,-0.74363278986072012,0.15570170716899182,-0.74363278986072012,0.15570170716899179,0,0.84638888888888886,0.00012479039895697957,0.024958079791395915,0.0021212041865306904,2.4998631076285755e-05,2.4998631076285664e-05,0.00043890198677826078,6.8337788621237479e-05,49,20109,1,2,0,1,16.181511958333335
693,167.05271942943105,197.14389135301161,0.18012979391390352,0.4999993877351,-6.1226490000176881e-07,12.89966630612451,0.14999999999999999,0.03111111111111111,0.0050000000000000001,4,0,0,27907.491178929573,1.5473910317816161e-06,1,4,0.0050000000000000001,0.075000000000000011,1,1,1,0,0,0,0,0,0,0.0023932871260276705,0.86777123300580283,0.29626063726196922,-0.063561082348468009,0.16574982167617722,0.075000000000000011,285,0.86777123300580283,0.29626063726196922,0.86777123300580283,0.29626063726196933,0,0.16222222222222221,0.00011145345127155007,0.022290690254310012,0.0023932871260276705,2.8205159269010485e-05,2.8205159269010532e-05,0.00037384376230930499,0.00011075519125816685,60,20169,1,2,0,1,20.003138333333332
694,167.05498671549205,197.14635566378178,0.18012852857567027,0.49999939989581293,-6.0010418706513136e-07,12.928954852245752,0.15027777777777779,0.03111111111111111,0.0050000000000000001,4,0,0,27900.429839023847,4.0655027561175472e-05,1,4,0.0050000000000000001,0.075000000000000011,1,1,1,0,0,0,0,0,0,0.0077255434287664491,-0.85293680384379778,0.15290502442646897,-0.41615029147931876,0.15969057535694448,0.075000000000000011,285,-0.85293680384379778,0.15290502442646897,-0.85293680384379778,0.152905024426469,0,0.88583333333333336,0.00014111592411670393,0.028223184823340786,0.0077255434287664491,9.1046402447198785e-05,9.1046402447198419e-05,0.00043349325395898987,6.6283296585308859e-05,13,20182,1,2,0,1,5.4194167916666665
695,167.04116561029261,197.13136296247913,0.18013641872199943,0.49999934366900184,-6.5633099816109208e-07,12.922369720051449,0.15027777777777779,0.03111111111111111,0.0050000000000000001,4,0,0,27906.076599538799,2.675254206338312e-05,1,4,0.0050000000000000001,0.075000000000000011,1,1,1,0,0,0,0,0,0,0.0020236284231639444,-0.81186481875414218,0.16673578783021939,-0.41615029147931876,0.16520761568755826,0.075000000000000011,285,-0.81186481875414218,0.16673578783021939,-0.81186481875414218,0.16673578783021942,0,0.85777777777777775,0.00010678061119634518,0.021356122239269037,0.0020236284231639444,2.3848689677017755e-05,2.3848689677017772e-05,0.00042132560318523598,7.0250056380132713e-05,22,20204,1,2,0,1,7.3853710416666667
696,167.0460323739315,197.1365526830877,0.18013310392071308,0.49999943761067933,-5.6238932066854375e-07,12.912560702418293,0.14999999999999999,0.03111111111111111,0.0050000000000000001,4,0,0,27905.884852300303,1.867984493653212e-06,1,4,0.0050000000000000001,0.075000000000000011,1,1,1,0,0,0,0,0,0,0.0033074642744536395,0.73324430646133065,0.17846688375582428,-0.063561082348468009,0.16727799381883834,0.075000000000000011,285,0.73324430646133065,0.17846688375582428,0.73324430646133065,0.17846688375582431,0,0.14749999999999999,0.00010901449304275446,0.021802898608550891,0.0033074642744536395,3.8978840283306876e-05,3.8978840283306855e-05,0.00041981368957551106,7.4922840936576435e-05,33,20237,1,2,0,1,10.824996583333334
697,167.04912762053593,197.14101977319768,0.1801379784575568,0.49999937282646473,-6.2717353527252939e-07,12.899944124537146,0.14999999999999999,0.03111111111111111,0.0050000000000000001,4,0,0,27907.085384000849,-3.5327862894058618e-06,1,4,0.0050000000000000001,0.075000000000000011,1,1,1,0,0,0,0,0,0,0.0035241839162931912,0.8480187009318908,0.29888400437593732,-0.063561082348468009,0.16727799381883834,0.075000000000000011,285,0.8480187009318908,0.29888400437593732,0.8480187009318908,0.29888400437593726,0,0.10388888888888889,0.00012691677486753467,0.025383354973506932,0.0035241839162931912,4.1532905755991329e-05,4.153290575599078e-05,0.00036775570930341748,0.00010991629902871856,66,20303,1,2,0,1,22.597927041666665
698,167.05397513711779,197.14502790911138,0.18012772666615609,0.49999944355686859,-5.5644313140534862e-07,12.929216672478249,0.14999999999999999,0.03111111111111111,0.0050000000000000001,4,0,0,27899.738081651914,4.3007203885741566e-05,1,4,0.0050000000000000001,0.075000000000000011,1,1,1,0,0,0,0,0,0,0.0077293803050983564,-0.93144959516045389,0.19737077010557566,-0.41615029147931876,0.16727799381883834,0.075000000000000011,285,-0.93144959516045389,0.19737077010557566,-0.93144959516045389,0.19737077010557569,0,0.90138888888888891,0.00014553156724808237,0.029106313449616474,0.0077293803050983564,9.109162046841322e-05,9.1091620468413545e-05,0.00040757084887727528,8.0442572315491019e-05,12,20315,1,2,0,1,4.8836822083333331
699,167.04038247489314,197.13062834997288,0.18013755374154769,0.4999994398754547,-5.6012454530129929e-07,12.911615488168321,0.14999999999999999,0.03111111111111111,0.0050000000000000001,4,0,0,27908.161721082379,3.7377290254713293e-06,1,4,0.0050000000000000001,0.075000000000000011,1,1,1,0,0,0,0,0,0,0.0045603805364716182,-0.94534926175395051,0.14804108965613175,-0.75859382577058243,0.16520761568755826,0.075000000000000011,285,-0.94534926175395051,0.14804108965613175,-0.94534926175395051,0.14804108965613175,0,0.95527777777777778,0.00010722830165067881,0.021445660330135761,0.0045603805364716182,5.3744600035503779e-05,5.3744600035503441e-05,0.00043827058190591656,6.4882054509578823e-05,39,20354,1,2,0,1,13.053249958333334
700,167.05065433201108,197.14063602890997,0.18012489575225146,0.49999937035560027,-6.2964439973001163e-07,12.892977551634683,0.14999999999999999,0.03111111111111111,0.0050000000000000001,4,0,0,27908.147447404488,1.0775639825882461e-05,1,4,0.0050000000000000001,0.075000000000000011,1,1,1,0,0,0,0,0,0,0.0051544075789763241,0.87245779233906084,0.15419138971751153,-0.41615029147931876,0.15969057535694448,0.075000000000000011,285,0.87245779233906084,0.15419138971751153,0.87245779233906084,0.15419138971751153,0,0.089444444444444438,0.00011185450940760626,0.02237090188152125,0.0051544075789763241,6.0745275868224893e-05,6.0745275868224954e-05,0.00048838631657876054,7.5304964872295637e-05,83,20437,1,2,0,1,28.488844416666666
701,167.05684672455513,197.14647709838789,0.18011611594372318,0.49999945167439602,-5.4832560397732877e-07,12.926397626349265,0.14999999999999999,0.03111111111111111,0.0050000000000000001,4,0,0,27899.813097098879,-1.1565238987125578e-05,1,4,0.0050000000000000001,0.075000000000000011,1,1,1,0,0,0,0,0,0,0.0087952195824090931,-0.94685235234901077,0.13080511362159267,-0.41615029147931876,0.15969057535694448,0.075000000000000011,285,-0.94685235234901077,0.13080511362159267,-0.94685235234901077,0.13080511362159267,0,0.91722222222222227,0.00021412316211708241,0.042824632423416484,0.0087952195824090931,0.00010365265681243641,0.00010365265681243642,0.00055784478169338834,7.2968950052616218e-05,12,20449,1,2,0,1,4.9275764999999998
702,167.04156766095457,197.1301549891939,0.18012634669060543,0.4999994819148742,-5.1808512580020505e-07,12.911185840406256,0.14999999999999999,0.03111111111111111,0.0050000000000000001,4,0,0,27908.594038575699,-2.0128601465456956e-05,1,4,0.0050000000000000001,0.075000000000000011,1,1,1,0,0,0,0,0,0,0.0040682611003189165,-0.93506522662556468,0.10718596112848844,-0.75859382577058243,0.15494654844325167,0.075000000000000011,285,-0.93506522662556468,0.10718596112848844,-0.93506522662556468,0.10718596112848841,0,0.95916666666666661,9.8940303421582345e-05,0.019788060684316468,0.0040682611003189165,4.7944916861215849e-05,4.7944916861216073e-05,0.00058079106747831871,6.2252648782504377e-05,34,20483,1,2,0,1,11.321277958333333
703,167.05060572047901,197.13945602229688,0.18011817539988259,0.49999952394075181,-4.7605924818894252e-07,12.898070367006586,0.14999999999999999,0.03111111111111111,0.0050000000000000001,4,0,0,27907.702178333846,-1.0774440858789572e-05,1,4,0.0050000000000000001,0.075000000000000011,1,1,1,0,0,0,0,0,0,0.0036983437479882618,0.88001768053687501,0.099968895127657428,-0.41615029147931876,0.15494654844325167,0.075000000000000011,285,0.88001768053687501,0.099968895127657428,0.88001768053687501,0.099968895127657401,0,0.080277777777777781,8.6576173496737843e-05,0.017315234699347568,0.0036983437479882618,4.3585399056022863e-05,4.3585399056023127e-05,0.00059617130726533128,5.9598586894126337e-05,68,20551,1,2,0,1,23.576669416666668
704,167.05540396664927,197.14379607725868,0.18011025920847332,0.49999940632035439,-5.9367964561074515e-07,12.928221408437905,0.14999999999999999,0.03111111111111111,0.0050000000000000001,4,0,0,27900.471345008638,-3.3124173887005005e-05,1,4,0.0050000000000000001,0.075000000000000011,1,1,1,0,0,0,0,0,0,0.0079660016542700222,-0.95337579264934524,0.098394309681010705,-0.41615029147931876,0.15354820707199024,0.075000000000000011,285,-0.95337579264934524,0.098394309681010705,-0.95337579264934524,0.098394309681010705,0,0.9080555555555555,0.0001391455587010578,0.027829111740211559,0.0079660016542700222,9.3880229811293126e-05,9.3880229811293045e-05,0.00059900513462942599,5.8938696717243249e-05,13,20564,1,2,0,1,5.3419474583333333
705,167.0414817239724,197.1291471031366,0.18012092007710129,0.49999934677385377,-6.5322614622997932e-07,12.914675004115376,0.14999999999999999,0.03111111111111111,0.0050000000000000001,4,0,0,27907.56605097709,-1.4139501397122148e-05,1,4,0.0050000000000000001,0.075000000000000011,1,1,1,0,0,0,0,0,0,0.0037131319539196162,-0.90430345317304861,0.10782023142800599,-0.77774880430743121,0.15047305704130037,0.075000000000000011,285,-0.90430345317304861,0.10782023142800599,-0.90430345317304861,0.10782023142800599,0,0.91527777777777775,0.00011946273233478535,0.023892546466957067,0.0037131319539196162,4.3759679734283595e-05,4.3759679734283195e-05,0.00061891612468669137,6.6731679798243679e-05,33,20597,1,2,0,1,10.944447791666667
706,167.04989775161022,197.13772068688658,0.18011278869511516,0.49999944014761966,-5.5985238034406137e-07,12.911111965832871,0.14999999999999999,0.03111111111111111,0.0050000000000000001,4,0,0,27906.039799372076,-7.8898744991250479e-06,1,4,0.0050000000000000001,0.075000000000000011,1,1,1,0,0,0,0,0,0,0.0022003004966849359,0.49859635592491314,0.10882199315202472,-0.77774880430743121,0.14457344683782924,0.075000000000000011,285,0.49859635592491314,0.10882199315202472,0.49859635592491314,0.10882199315202473,0,0.2088888888888889,0.00010848144800449028,0.021696289600898058,0.0022003004966849359,2.593079003090078e-05,2.5930790030900479e-05,0.00060586807443428509,6.5931771447118171e-05,38,20635,1,2,0,1,12.594936375
707,167.0500899543579,197.13831829671508,0.18011500832222246,0.49999956051230304,-4.3948769695711931e-07,12.906527067039567,0.14999999999999999,0.03111111111111111,0.0050000000000000001,4,0,0,27906.53420667223,-2.0390600839135028e-06,1,4,0.0050000000000000001,0.075000000000000011,1,1,1,0,0,0,0,0,0,0.0014581726893643694,0.61627550881739168,0.11819848442853245,-0.41615029147931876,0.14457344683782924,0.075000000000000011,285,0.61627550881739168,0.11819848442853245,0.61627550881739168,0.11819848442853247,0,0.22555555555555556,9.9713620759868881e-05,0.019942724151973776,0.0014581726893643694,1.7184729946509511e-05,1.7184729946509724e-05,0.00058151989862480398,6.8734770682485666e-05,48,20683,1,2,0,1,16.167917333333332
708,167.05226989073984,197.14009389167617,0.18011023747606189,0.4999995397953037,-4.602046962953743e-07,12.930163049860424,0.14999999999999999,0.03111111111111111,0.0050000000000000001,4,0,0,27901.429883152407,-2.9499520875158801e-05,1,4,0.0050000000000000001,0.075000000000000011,1,1,1,0,0,0,0,0,0,0.0065702574064712416,-0.81266271070334484,0.12004821569539663,-0.41615029147931876,0.14457344683782924,0.075000000000000011,285,-0.81266271070334484,0.12004821569539663,-0.81266271070334484,0.12004821569539666,0,0.86388888888888893,0.00013047340835110457,0.026094681670220912,0.0065702574064712416,7.7431226104282552e-05,7.7431226104282579e-05,0.00056785950426067313,6.8170520252166291e-05,17,20700,1,2,0,1,6.8213274999999998
709,167.04255984755545,197.12906232155356,0.18011279581356585,0.49999910118989593,-8.9881010406633877e-07,12.924295028066233,0.14999999999999999,0.03111111111111111,0.0050000000000000001,4,0,0,27905.418144136645,7.3247290591348044e-06,1,4,0.0050000000000000001,0.075000000000000011,1,1,1,0,0,0,0,0,0,0.0019086591345817971,-0.83357537051200747,0.14364119896969907,-0.77774880430743121,0.14584114431291539,0.075000000000000011,285,-0.83357537051200747,0.14364119896969907,-0.83357537051200747,0.14364119896969904,0,0.90111111111111108,0.00014090543168032227,0.028181086336064455,0.0019086591345817971,2.2493763617273932e-05,2.2493763617273648e-05,0.00053660866784244329,7.7079112426421551e-05,20,20720,1,2,0,1,6.8016575000000001
710,167.04554854230096,197.13212842002338,0.18011003669519265,0.49999934174607341,-6.582539265886922e-07,12.913825712189098,0.14999999999999999,0.03111111111111111,0.0050000000000000001,4,0,0,27905.756049805412,-6.6869075525159733e-06,1,4,0.0050000000000000001,0.075000000000000011,1,1,1,0,0,0,0,0,0,0.0031011857157713309,0.83925339190506598,0.18569529510459162,-0.77774880430743121,0.14584114431291539,0.075000000000000011,285,0.83925339190506598,0.18569529510459162,0.83925339190506598,0.18569529510459162,0,0.1238888888888889,0.00010300966347376714,0.020601932694753428,0.0031011857157713309,3.6547824155679419e-05,3.6547824155679595e-05,0.00051241121612989788,9.5152351994144064e-05,31,20751,1,2,0,1,10.167832791666667
711,167.04966083658292,197.13672212019162,0.18010848470408752,0.49999938044257786,-6.1955742214347964e-07,12.901066165411091,0.14999999999999999,0.03111111111111111,0.0050000000000000001,4,0,0,27907.336387454146,-2.1084834356492018e-05,1,4,0.0050000000000000001,0.075000000000000011,1,1,1,0,0,0,0,0,0,0.0035579890944013094,0.91766344102051411,0.23832463461107775,-0.77774880430743121,0.15047305704130037,0.075000000000000011,285,0.91766344102051411,0.23832463461107775,0.91766344102051411,0.23832463461107775,0,0.090555555555555556,0.00011213319977062694,0.022426639954125388,0.0035579890944013094,4.1931303600649146e-05,4.1931303600649065e-05,0.0004506898629181105,0.0001074104969028754,60,20811,1,2,0,1,20.126361416666665
712,167.05449639289299,197.141454792502,0.18010265541639744,0.49999938275025424,-6.1724974576016223e-07,12.929535010978569,0.14999999999999999,0.03111111111111111,0.0050000000000000001,4,0,0,27900.523626819293,2.6241052751239556e-05,1,4,0.0050000000000000001,0.075000000000000011,1,1,1,0,0,0,0,0,0,0.0075211926124219182,-0.93855148661201437,0.17429829822618934,-0.81226376472874351,0.15047305704130037,0.075000000000000011,285,-0.93855148661201437,0.17429829822618934,-0.93855148661201437,0.17429829822618934,0,0.91527777777777775,0.00014559982215596768,0.029119964431193537,0.0075211926124219182,8.8638104980895044e-05,8.8638104980895112e-05,0.00049138305103778952,8.5647229573079448e-05,13,20824,1,2,0,1,5.3027532916666669
713,167.04136379832732,197.12712765352114,0.18010966368496018,0.49999941027388434,-5.897261156628808e-07,12.919983182908567,0.14999999999999999,0.03111111111111111,0.0050000000000000001,4,0,0,27906.709273016175,-9.4769912073337785e-06,1,4,0.0050000000000000001,0.075000000000000011,1,1,1,0,0,0,0,0,0,0.0029324038112581415,-0.83071084719384025,0.20148910232867936,-0.82168677894859254,0.15047305704130037,0.075000000000000011,285,-0.83071084719384025,0.20148910232867936,-0.83071084719384025,0.20148910232867939,0,0.90277777777777779,0.00010229660391807717,0.020459320783615433,0.0029324038112581415,3.4558710335298479e-05,3.4558710335298364e-05,0.00048235636231706478,9.7189550445792605e-05,29,20853,1,2,0,1,9.6466747083333342
714,167.04732478604322,197.13322048670327,0.18010402584533769,0.49999948104254816,-5.1895745184493691e-07,12.908118400643041,0.14999999999999999,0.03111111111111111,0.0050000000000000001,4,0,0,27906.415307417468,-1.3791256307085936e-05,1,4,0.0050000000000000001,0.075000000000000011,1,1,1,0,0,0,0,0,0,0.0034711629644737152,0.79768218622881359,0.23277618835689767,-0.81226376472874351,0.15111623968682164,0.075000000000000011,285,0.79768218622881359,0.23277618835689767,0.79768218622881359,0.23277618835689776,0,0.12444444444444444,0.00012854472989402298,0.025708945978804597,0.0034711629644737152,4.0908047846382715e-05,4.0908047846382518e-05,0.00042938418035215432,9.9950412843125195e-05,38,20891,1,2,0,1,13.112698
715,167.0519076359891,197.13869588938425,0.18010442789408387,0.49999942546924836,-5.7453075164026757e-07,12.89477909612109,0.14999999999999999,0.03111111111111111,0.0050000000000000001,4,0,0,27908.075345109355,7.3605859168766787e-06,1,4,0.0050000000000000001,0.075000000000000011,1,1,1,0,0,0,0,0,0,0.003861850461434026,0.90278597162893359,0.22905517389171776,-0.15703317738921585,0.15111623968682164,0.075000000000000011,285,0.90278597162893359,0.22905517389171776,0.90278597162893359,0.22905517389171778,0,0.11638888888888889,9.3112664908994995e-05,0.018622532981798997,0.003861850461434026,4.5512344153473292e-05,4.5512344153473386e-05,0.00043113684477134444,9.8754124950226825e-05,74,20965,1,2,0,1,25.662492749999998
716,167.05654231983306,197.14255982607844,0.18009481752977449,0.49999941183896224,-5.8816103776226925e-07,12.927267979438318,0.14999999999999999,0.03111111111111111,0.0050000000000000001,4,0,0,27899.765989542473,3.8481073102641304e-06,1,4,0.0050000000000000001,0.075000000000000011,1,1,1,0,0,0,0,0,0,0.0084691519860185631,-0.91236113423462639,0.15625755963547136,-0.82168677894859254,0.15111623968682164,0.075000000000000011,285,-0.91236113423462639,0.15625755963547136,-0.91236113423462639,0.15625755963547136,0,0.8963888888888889,0.00015512516762238688,0.031025033524477375,0.0084691519860185631,9.9809913336887368e-05,9.9809913336887599e-05,0.00050501596807733156,7.8912562748708939e-05,11,20976,1,2,0,1,4.4454743333333333
717,167.04100497104793,197.12602053064865,0.18010557087354179,0.49999951164797912,-4.8835202087760265e-07,12.91156268464464,0.14999999999999999,0.03111111111111111,0.0050000000000000001,4,0,0,27908.481358603214,-1.9189631560860943e-05,1,4,0.0050000000000000001,0.075000000000000011,1,1,1,0,0,0,0,0,0,0.0042642583575302649,-0.91854045899216774,0.11931403148220605,-0.83214310885292386,0.14584114431291539,0.075000000000000011,285,-0.91854045899216774,0.11931403148220605,-0.91854045899216774,0.11931403148220607,0,0.95250000000000001,9.596484736384747e-05,0.019192969472769494,0.0042642583575302649,5.0254766689017656e-05,5.0254766689017317e-05,0.0005380860048198392,6.4201210519208773e-05,40,21016,1,2,0,1,13.7079115
718,167.0505880563332,197.13581992421123,0.18009653373822679,0.49999939499053547,-6.0500946452712867e-07,12.888640319157108,0.14999999999999999,0.03111111111111111,0.0050000000000000001,4,0,0,27908.558738128151,-1.0236777586952017e-05,1,4,0.0050000000000000001,0.075000000000000011,1,1,1,0,0,0,0,0,0,0.0064318792631886538,0.79700616776050404,0.27814955554301724,-0.82168677894859254,0.14584114431291539,0.075000000000000011,285,0.79700616776050404,0.27814955554301724,0.79700616776050404,0.27814955554301729,0,0.11833333333333333,0.0001775054132172455,0.035501082643449096,0.0064318792631886538,7.5800424046230529e-05,7.580042404623038e-05,0.00053645520276178699,0.00014921477621693025,97,21113,1,2,0,1,32.430516750000002
719,167.05819070925918,197.14290021066321,0.18008521086979901,0.49999927154516816,-7.2845483184424964e-07,12.92594093795342,0.14999999999999999,0.03111111111111111,0.0050000000000000001,4,0,0,27899.471209662592,9.2471281652609932e-06,1,4,0.0050000000000000001,0.075000000000000011,1,1,1,0,0,0,0,0,0,0.010030999090205522,-0.93384764463798142,0.11108409999313358,-0.82168677894859254,0.13722315629564585,0.075000000000000011,285,-0.93384764463798142,0.11108409999313358,-0.93384764463798142,0.11108409999313359,0,0.88694444444444442,0.00022578268849553698,0.045156537699107394,0.010030999090205522,0.00011821645797934022,0.00011821645797933999,0.00063217789712385333,7.0224912737555035e-05,13,21126,1,2,0,1,5.2827908749999999
720,167.04154103728601,197.12434390758813,0.18009174654098298,0.49999920520639229,-7.9479360770573493e-07,12.917285729774362,0.14999999999999999,0.03111111111111111,0.0050000000000000001,4,0,0,27907.780773401078,-2.2322212606272432e-06,1,4,0.0050000000000000001,0.075000000000000011,1,1,1,0,0,0,0,0,0,0.0026124489844936527,-0.76925875873879945,0.10443020776256665,-0.82168677894859254,0.12542666465849464,0.075000000000000011,285,-0.76925875873879945,0.10443020776256665,-0.76925875873879945,0.10443020776256669,0,0.86750000000000005,0.00014934299366397197,0.029868598732794394,0.0026124489844936527,3.0788006540656191e-05,3.0788006540655703e-05,0.00062641807950882943,6.5416970189335051e-05,22,21148,1,2,0,1,7.4093281666666666
721,167.04849408550584,197.13164715453095,0.18008634698392839,0.49999949575791919,-5.0424208081212285e-07,12.911792023384102,0.14999999999999999,0.03111111111111111,0.0050000000000000001,4,0,0,27906.042403891981,1.3593353160112169e-05,1,4,0.0050000000000000001,0.075000000000000011,1,1,1,0,0,0,0,0,0,0.0021784696543983911,0.57452579654133396,0.11472585306022669,-0.79096073472107209,0.11968112358880134,0.075000000000000011,285,0.57452579654133396,0.11472585306022669,0.57452579654133396,0.11472585306022669,0,0.2038888888888889,9.918202825762832e-05,0.019836405651525665,0.0021784696543983911,2.5673511087236947e-05,2.5673511087236653e-05,0.00061016028699541701,7.0001159429021955e-05,27,21175,1,2,0,1,8.9810447916666671
722,167.05010469220653,197.13465579241796,0.18009297962214912,0.49999938372791158,-6.1627208841619208e-07,12.897234652094111,0.14999999999999999,0.03111111111111111,0.0050000000000000001,4,0,0,27907.755057956543,-1.8003707598789174e-05,1,4,0.0050000000000000001,0.075000000000000011,1,1,1,0,0,0,0,0,0,0.0040238215561555976,0.73861738481285455,0.20912946665345072,-0.13533120140694316,0.13184470733254786,0.075000000000000011,285,0.73861738481285455,0.20912946665345072,0.73861738481285455,0.20912946665345075,0,0.14305555555555555,9.7407965407320706e-05,0.019481593081464139,0.0040238215561555976,4.7421191810703821e-05,4.7421191810703868e-05,0.0005689433738252258,0.0001189828243240843,72,21247,1,2,0,1,24.625645833333333
723,167.05600113014711,197.13999926607141,0.18008331297531169,0.49999944155867088,-5.5844132912374889e-07,12.928076926472778,0.14999999999999999,0.03111111111111111,0.0050000000000000001,4,0,0,27900.122510079495,3.6831499793776305e-05,1,4,0.0050000000000000001,0.075000000000000011,1,1,1,0,0,0,0,0,0,0.008059278125558662,-0.94827982425418167,0.10661164014516551,-0.79096073472107209,0.13184470733254786,0.075000000000000011,285,-0.94827982425418167,0.10661164014516551,-0.94827982425418167,0.1066116401451655,0,0.90055555555555555,0.00014349121308461618,0.028698242616923237,0.008059278125558662,9.4979503567515621e-05,9.497950356751554e-05,0.00062936416705744284,6.7097546098589931e-05,12,21259,1,2,0,1,4.8601159999999997
724,167.04162732623939,197.1246085984663,0.18009272151949024,0.49999924608259633,-7.5391740367303228e-07,12.916960802714891,0.14999999999999999,0.03111111111111111,0.0050000000000000001,4,0,0,27907.617324111972,1.6785395311883969e-05,1,4,0.0050000000000000001,0.075000000000000011,1,1,1,0,0,0,0,0,0,0.0030054120446360408,-0.8939099052679812,0.10610056139104984,-0.79096073472107209,0.13184470733254786,0.075000000000000011,285,-0.8939099052679812,0.10610056139104984,-0.8939099052679812,0.10610056139104984,0,0.90888888888888886,0.00012101532545682778,0.024203065091365557,0.0030054120446360408,3.5419120617031189e-05,3.5419120617031148e-05,0.0006238752398280916,6.6193513183736372e-05,27,21286,1,2,0,1,9.0110306666666666
725,167.04899161228943,197.13202764871517,0.18008511003913535,0.49999915221142066,-8.4778857933898166e-07,12.915483614306087,0.14999999999999999,0.03111111111111111,0.0050000000000000001,4,0,0,27905.515570653366,-2.0791098687361556e-07,1,4,0.0050000000000000001,0.075000000000000011,1,1,1,0,0,0,0,0,0,0.0013889946134510748,0.37921005670860003,0.14294135919379977,-0.19502435101509971,0.14329127908174943,0.075000000000000011,285,0.37921005670860003,0.14294135919379977,0.37921005670860003,0.14294135919379974,0,0.31472222222222224,0.00012719605880129195,0.025439211760258391,0.0013889946134510748,1.6369458503380705e-05,1.636945850338045e-05,0.00059473235417799861,8.5011851062731441e-05,26,21312,1,2,0,1,8.9089388750000005
726,167.04883027585561,197.13263388937156,0.18008987889251993,0.49999946883162327,-5.3116837672728678e-07,12.907124221028706,0.14999999999999999,0.03111111111111111,0.0050000000000000001,4,0,0,27906.828361103413,-1.1206018394410785e-05,1,4,0.0050000000000000001,0.075000000000000011,1,1,1,0,0,0,0,0,0,0.0025720408331359537,0.52974769623958617,0.16725007129688757,-0.19502435101509971,0.14994937930258523,0.075000000000000011,285,0.52974769623958617,0.16725007129688757,0.52974769623958617,0.16725007129688757,0,0.30583333333333335,9.4827027671147361e-05,0.018965405534229471,0.0025720408331359537,3.0311791909985502e-05,3.0311791909985614e-05,0.00052523423275109657,8.7845462875186947e-05,51,21363,1,2,0,1,16.889889
727,167.05261818213498,197.13612673776376,0.18008402911009261,0.49999957150017743,-4.28499822568984e-07,12.930751949741801,0.14999999999999999,0.03111111111111111,0.0050000000000000001,4,0,0,27901.574370145594,3.6585446860286495e-05,1,4,0.0050000000000000001,0.075000000000000011,1,1,1,0,0,0,0,0,0,0.0070608073231032461,-0.85972119756839749,0.16198837087840984,-0.79096073472107209,0.15912296525694059,0.075000000000000011,285,-0.85972119756839749,0.16198837087840984,-0.85972119756839749,0.16198837087840987,0,0.91583333333333339,0.00013046577097927439,0.026093154195854878,0.0070608073231032461,8.3212412313632322e-05,8.3212412313631996e-05,0.00055819187837571134,9.0420593015640965e-05,22,21385,1,2,0,1,8.8949583749999999
728,167.04386010454178,197.12497370012696,0.18007913356862915,0.49999926761478075,-7.3238521924867683e-07,12.915712928381387,0.14999999999999999,0.03111111111111111,0.0050000000000000001,4,0,0,27907.588218497938,4.8555975916647862e-06,1,4,0.0050000000000000001,0.075000000000000011,1,1,1,0,0,0,0,0,0,0.0040928620657389083,-0.93426249641861991,0.20586873020796023,-0.79998480296631991,0.1646192210876487,0.075000000000000011,285,-0.93426249641861991,0.20586873020796023,-0.93426249641861991,0.20586873020796026,0,0.9869444444444444,9.4510811050979389e-05,0.018902162210195878,0.0040928620657389083,4.8234842019086047e-05,4.8234842019086e-05,0.00053062629634856697,0.00010923936184423229,38,21423,1,2,0,1,12.715318375000001
729,167.0509986089404,197.13246653832877,0.18007355945119408,0.49999925541916518,-7.4458083482165094e-07,12.911037576325324,0.14999999999999999,0.03111111111111111,0.0050000000000000001,4,0,0,27906.421798858042,-2.4168609123859519e-05,1,4,0.0050000000000000001,0.075000000000000011,1,1,1,0,0,0,0,0,0,0.0018486906161983227,0.78703664544037888,0.18607460752809413,-0.19502435101509971,0.17077418476153844,0.075000000000000011,285,0.78703664544037888,0.18607460752809413,0.78703664544037888,0.18607460752809413,0,0.18333333333333332,0.00010287219999592599,0.020574439999185196,0.0018486906161983227,2.1787027850496184e-05,2.1787027850495889e-05,0.00043419686621972288,8.0793011471763329e-05,49,21472,1,2,0,1,16.665573458333334
730,167.05216556444714,197.13434331802929,0.18007655065074113,0.49999935134563139,-6.4865436860683801e-07,12.902185935972454,0.14999999999999999,0.03111111111111111,0.0050000000000000001,4,0,0,27907.56458172412,2.2050095087129892e-05,1,4,0.0050000000000000001,0.075000000000000011,1,1,1,0,0,0,0,0,0,0.0026581915462400188,0.69039195630699479,0.18380105298080784,-0.19502435101509971,0.17077418476153844,0.075000000000000011,285,0.69039195630699479,0.18380105298080784,0.69039195630699479,0.18380105298080787,0,0.20000000000000001,9.01194341855902e-05,0.018023886837118041,0.0026581915462400188,3.132708780065119e-05,3.1327087800651115e-05,0.00043473594747971828,7.9904924915381398e-05,57,21529,1,2,0,1,19.802340458333333
731,167.05522501433001,197.13739135369795,0.18007318440226874,0.49999932387458185,-6.7612541815309513e-07,12.929113285161955,0.14999999999999999,0.03111111111111111,0.0050000000000000001,4,0,0,27901.788368145873,1.4019509606147017e-05,1,4,0.0050000000000000001,0.075000000000000011,1,1,1,0,0,0,0,0,0,0.0072480967214041828,-0.89053695955334011,0.16700818556224342,-0.79998480296631991,0.16712912842956551,0.075000000000000011,285,-0.89053695955334011,0.16700818556224342,-0.89053695955334011,0.16700818556224345,0,0.9211111111111111,0.00013296370228272733,0.026592740456545465,0.0072480967214041828,8.5419639040014661e-05,8.5419639040015013e-05,0.0004944820754324967,8.2582554211033663e-05,16,21545,1,2,0,1,6.4620520416666665
732,167.04338452216984,197.1242981558083,0.18007844919860413,0.49999932141090708,-6.7858909291729219e-07,12.922862032329419,0.14999999999999999,0.03111111111111111,0.0050000000000000001,4,0,0,27905.538109020257,3.4120389207891783e-06,1,4,0.0050000000000000001,0.075000000000000011,1,1,1,0,0,0,0,0,0,0.0019940549369430139,-0.84982217453024345,0.21511478414158886,-0.79998480296631991,0.16712912842956551,0.075000000000000011,285,-0.84982217453024345,0.21511478414158886,-0.84982217453024345,0.21511478414158886,0,0.92249999999999999,0.0001188287778482941,0.02376575556965882,0.0019940549369430139,2.3500162799515309e-05,2.350016279951518e-05,0.00047056104642130792,0.00010122463792635983,21,21566,1,2,0,1,7.2476761249999999
733,167.04666069113614,197.12775724497519,0.18007601247089888,0.49999940693799799,-5.9306200200781589e-07,12.913006547617206,0.14999999999999999,0.03111111111111111,0.0050000000000000001,4,0,0,27906.355020658477,-3.0446044386853547e-05,1,4,0.0050000000000000001,0.075000000000000011,1,1,1,0,0,0,0,0,0,0.0029677575246809052,0.87358094387733753,0.19497749813917872,-0.19502435101509971,0.16712912842956551,0.075000000000000011,285,0.87358094387733753,0.19497749813917872,0.87358094387733753,0.1949774981391787,0,0.068611111111111109,0.00010039655121822202,0.020079310243644403,0.0029677575246809052,3.4975357843654512e-05,3.4975357843654553e-05,0.00041055690069744693,8.0049357341763444e-05,32,21598,1,2,0,1,10.649327208333334
734,167.05036111147774,197.13204523985743,0.18007554086222705,0.49999934380994732,-6.5619005268358066e-07,12.899685579312361,0.14999999999999999,0.03111111111111111,0.0050000000000000001,4,0,0,27907.57012463142,1.5491814664780461e-05,1,4,0.0050000000000000001,0.075000000000000011,1,1,1,0,0,0,0,0,0,0.0037531783141425694,0.90670050827346138,0.20746550192180155,-0.19502435101509971,0.16712912842956551,0.075000000000000011,285,0.90670050827346138,0.20746550192180155,0.90670050827346138,0.20746550192180152,0,0.094166666666666662,0.00010954243716386777,0.021908487432773554,0.0037531783141425694,4.423163061554175e-05,4.4231630615542035e-05,0.00041936941069595788,8.7004685280687037e-05,66,21664,1,2,0,1,22.460273458333333
735,167.05537189824912,197.13652925896574,0.1800669862866702,0.49999941959672406,-5.8040327594044427e-07,12.929484055690313,0.14999999999999999,0.03111111111111111,0.0050000000000000001,4,0,0,27899.821374586372,1.101513176228341e-05,1,4,0.0050000000000000001,0.075000000000000011,1,1,1,0,0,0,0,0,0,0.0077201641483186046,-0.94173261342927705,0.15652867653563521,-0.80954046663452139,0.16449827822032664,0.075000000000000011,285,-0.94173261342927705,0.15652867653563521,-0.94173261342927705,0.15652867653563518,0,0.89694444444444443,0.00014932021130414713,0.029864042260829424,0.0077201641483186046,9.0983007019155879e-05,9.0983007019155879e-05,0.00049398295921173328,7.7322498836569276e-05,11,21675,1,2,0,1,4.4552992500000004
736,167.04100626039241,197.12173334128212,0.1800798962740818,0.49999923709463717,-7.6290536282774823e-07,12.914717544855488,0.14999999999999999,0.03111111111111111,0.0050000000000000001,4,0,0,27908.303797332581,-2.1719554959648625e-07,1,4,0.0050000000000000001,0.075000000000000011,1,1,1,0,0,0,0,0,0,0.0039184933923214482,-0.92979055119738174,0.13187941609696976,-0.80954046663452139,0.16449827822032664,0.075000000000000011,285,-0.92979055119738174,0.13187941609696976,-0.92979055119738174,0.13187941609696976,0,0.92500000000000004,0.00012177745637006667,0.024355491274013333,0.0039184933923214482,4.6179887495752906e-05,4.6179887495753218e-05,0.00050985105479750092,6.7238859403118557e-05,34,21709,1,2,0,1,11.342451375
737,167.05015124305714,197.13086707664988,0.18006997066303423,0.49999954367214222,-4.563278577784935e-07,12.902580723264892,0.14999999999999999,0.03111111111111111,0.0050000000000000001,4,0,0,27906.862148696739,-2.023787343036624e-05,1,4,0.0050000000000000001,0.075000000000000011,1,1,1,0,0,0,0,0,0,0.0033957301006148004,0.83675765362919008,0.2388943298372754,-0.19502435101509971,0.16712912842956551,0.075000000000000011,285,0.83675765362919008,0.2388943298372754,0.83675765362919008,0.23889432983727538,0,0.13777777777777778,0.00010131163801306812,0.020262327602613626,0.0033957301006148004,4.001906302040004e-05,4.0019063020400026e-05,0.00046665770550426887,0.00011148187981984294,59,21768,1,2,0,1,20.621653208333335
738,167.05498007547376,197.13536200515864,0.18006276685732361,0.49999947080038232,-5.2919961768260748e-07,12.930329685743933,0.14999999999999999,0.03111111111111111,0.0050000000000000001,4,0,0,27900.588221932096,2.3462437938455648e-05,1,4,0.0050000000000000001,0.075000000000000011,1,1,1,0,0,0,0,0,0,0.0071581350677011506,-0.92464168194177132,0.1491651569906389,-0.80954046663452139,0.16449827822032664,0.075000000000000011,285,-0.92464168194177132,0.1491651569906389,-0.92464168194177132,0.14916515699063887,0,0.89611111111111108,0.00014205033106793759,0.028410066213587517,0.0071581350677011506,8.4359430783678501e-05,8.4359430783678433e-05,0.00050278229426886135,7.4997599856728309e-05,11,21779,1,2,0,1,4.4936370833333337
739,167.04125822902702,197.12123203171367,0.18007511510386603,0.49999925512642807,-7.4487357193397941e-07,12.92429713921463,0.14999999999999999,0.03111111111111111,0.0050000000000000001,4,0,0,27906.346842752358,1.8553862503003779e-06,1,4,0.0050000000000000001,0.075000000000000011,1,1,1,0,0,0,0,0,0,0.0021124877396103531,-0.7472666208203893,0.13968441422832195,-0.75826268977959432,0.16449827822032664,0.075000000000000011,285,-0.7472666208203893,0.13968441422832195,-0.7472666208203893,0.13968441422832198,0,0.85444444444444445,0.00012688010055753501,0.025376020111507001,0.0021124877396103531,2.4895906764198705e-05,2.4895906764198817e-05,0.00050589117318256428,7.0665112189285072e-05,22,21801,1,2,0,1,7.2163178333333331
740,167.04565441852057,197.12604142861107,0.18007284963382714,0.49999944143881525,-5.5856118474917338e-07,12.913469921784523,0.14999999999999999,0.03111111111111111,0.0050000000000000001,4,0,0,27906.201422181359,-2.3320660199288596e-05,1,4,0.0050000000000000001,0.075000000000000011,1,1,1,0,0,0,0,0,0,0.0033705734713697895,0.69860113820628367,0.13926363127766536,-0.18402828205589464,0.16449827822032664,0.075000000000000011,285,0.69860113820628367,0.13926363127766536,0.69860113820628367,0.13926363127766533,0,0.14305555555555555,0.00010979908392828341,0.021959816785656682,0.0033705734713697895,3.9722589301550995e-05,3.9722589301550791e-05,0.00051428667468346391,7.1621429834134551e-05,33,21834,1,2,0,1,10.630941708333333
741,167.04966970146552,197.13108983148763,0.1800747058271987,0.49999949740029059,-5.025997094065815e-07,12.895201237807161,0.14999999999999999,0.03111111111111111,0.0050000000000000001,4,0,0,27908.043275831136,-2.7430834046947805e-05,1,4,0.0050000000000000001,0.075000000000000011,1,1,1,0,0,0,0,0,0,0.0049965739239300347,0.88095521361579132,0.26531595231136812,-0.18402828205589464,0.16712912842956551,0.075000000000000011,285,0.88095521361579132,0.26531595231136812,0.88095521361579132,0.26531595231136806,0,0.10861111111111112,0.00011281132753289879,0.022562265506579759,0.0049965739239300347,5.8885188405180071e-05,5.88851884051802e-05,0.00048775222404862908,0.00012940844581544982,79,21913,1,2,0,1,26.893685083333335
742,167.05675565388367,197.13785632037062,0.18006515539431664,0.49999935584722111,-6.4415277889473543e-07,12.92802239808195,0.14999999999999999,0.03111111111111111,0.0050000000000000001,4,0,0,27900.524444636554,1.0228087982883595e-05,1,4,0.0050000000000000001,0.075000000000000011,1,1,1,0,0,0,0,0,0,0.0087676979801260477,-0.94384377861715341,0.10959160363410947,-0.79854439767531638,0.16449827822032664,0.075000000000000011,285,-0.94384377861715341,0.10959160363410947,-0.94384377861715341,0.10959160363410947,0,0.88888888888888884,0.00020783472565110984,0.041566945130221966,0.0087676979801260477,0.0001033283116190454,0.00010332831161904528,0.00056758037286815924,6.2202043253867364e-05,13,21926,1,2,0,1,5.3020444583333335
743,167.04189129107283,197.12136770998632,0.18007145504895883,0.49999940229249545,-5.9770750454601895e-07,12.914540016481112,0.14999999999999999,0.03111111111111111,0.0050000000000000001,4,0,0,27907.803348614449,2.0591572797765423e-07,1,4,0.0050000000000000001,0.075000000000000011,1,1,1,0,0,0,0,0,0,0.0037119726022349971,-0.90436119020727002,0.10067907792380988,-0.79854439767531638,0.16449827822032664,0.075000000000000011,285,-0.90436119020727002,0.10067907792380988,-0.90436119020727002,0.10067907792380987,0,0.94638888888888884,9.5140147116895652e-05,0.019028029423379129,0.0037119726022349971,4.3746016643650689e-05,4.3746016643650506e-05,0.0005763510316681552,5.8026490428786411e-05,40,21966,1,2,0,1,13.3973665
744,167.05031492185319,197.12971482574716,0.18006191678216971,0.49999937819028911,-6.2180971088787729e-07,12.911662943240131,0.14999999999999999,0.03111111111111111,0.0050000000000000001,4,0,0,27906.154904748189,-1.6938207075533789e-05,1,4,0.0050000000000000001,0.075000000000000011,1,1,1,0,0,0,0,0,0,0.0011314703431839592,0.56497355596980092,0.12336396582692732,-0.18402828205589464,0.16449827822032664,0.075000000000000011,285,0.56497355596980092,0.12336396582692732,0.56497355596980092,0.12336396582692732,0,0.23277777777777778,0.00010481644570126637,0.020963289140253274,0.0011314703431839592,1.3334505872947461e-05,1.3334505872947179e-05,0.00054545390692556036,6.7289357134128828e-05,40,22006,1,2,0,1,13.640547583333333
745,167.05139077235236,197.1308806092936,0.1800612954963767,0.49999942037624712,-5.7962375288322932e-07,12.908458117574195,0.14999999999999999,0.03111111111111111,0.0050000000000000001,4,0,0,27906.511899270528,-2.184051181801519e-05,1,4,0.0050000000000000001,0.075000000000000011,1,1,1,0,0,0,0,0,0,0.0011984529014508673,0.78481128472524997,0.18706839324813837,-0.10875946229040157,0.16712912842956551,0.075000000000000011,285,0.78481128472524997,0.18706839324813837,0.78481128472524997,0.18706839324813837,0,0.14277777777777778,0.0001371797911443976,0.027435958228879519,0.0011984529014508673,1.4123902892476691e-05,1.4123902892476406e-05,0.00046859480279888083,8.7659276844014885e-05,47,22053,1,2,0,1,16.257568708333334
746,167.05237003187506,197.13175302641716,0.18005960040436836,0.49999911335795016,-8.8664204983546213e-07,12.923860992713335,0.14999999999999999,0.03111111111111111,0.0050000000000000001,4,0,0,27904.136724684595,2.2540601861828514e-05,1,4,0.0050000000000000001,0.075000000000000011,1,1,1,0,0,0,0,0,0,0.0046952055950272272,-0.7695068890980401,0.14069342038708571,-0.7583867549592147,0.16449827822032664,0.075000000000000011,285,-0.7695068890980401,0.14069342038708571,-0.7695068890980401,0.14069342038708568,0,0.8569444444444444,0.00011188798537145474,0.022377597074290947,0.0046952055950272272,5.5333528588479519e-05,5.5333528588479262e-05,0.00047774844389160686,6.7216062655717869e-05,30,22083,1,2,0,1,11.36275775
747,167.04700066307663,197.12509840906964,0.18005769410166575,0.49999937354082885,-6.2645917114911853e-07,12.914471155190355,0.14999999999999999,0.03111111111111111,0.0050000000000000001,4,0,0,27906.300876925539,2.3202432785777357e-06,1,4,0.0050000000000000001,0.075000000000000011,1,1,1,0,0,0,0,0,0,0.0030294815290690153,-0.90207649653179456,0.14295150721782662,-0.7583867549592147,0.16176843104893932,0.075000000000000011,285,-0.90207649653179456,0.14295150721782662,-0.90207649653179456,0.14295150721782662,0,0.93972222222222224,0.00012256591982403672,0.024513183964807346,0.0030294815290690153,3.5702782211401525e-05,3.5702782211401674e-05,0.00047343216308260854,6.7677841278054784e-05,34,22117,1,2,0,1,11.087139791666667
748,167.0506129812382,197.12978475478337,0.18006022987131107,0.49999937043482873,-6.2956517127288336e-07,12.900830666990149,0.14999999999999999,0.03111111111111111,0.0050000000000000001,4,0,0,27907.479734429104,-1.8639795492509239e-05,1,4,0.0050000000000000001,0.075000000000000011,1,1,1,0,0,0,0,0,0,0.0038709142418093118,0.82399355644346373,0.25360145645907273,-0.091146532425294191,0.16176843104893932,0.075000000000000011,285,0.82399355644346373,0.25360145645907273,0.82399355644346373,0.25360145645907273,0,0.12916666666666668,0.00010655360161076654,0.021310720322153309,0.0038709142418093118,4.5619161829582454e-05,4.561916182958259e-05,0.00043469189412851273,0.00011023849746194387,68,22185,1,2,0,1,23.852721124999999
749,167.05527716534885,197.13422582591679,0.18005386702508194,0.49999943851936279,-5.6148063720673491e-07,12.930047717084262,0.14999999999999999,0.03111111111111111,0.0050000000000000001,4,0,0,27899.696112554411,3.1141025455046645e-05,1,4,0.0050000000000000001,0.075000000000000011,1,1,1,0,0,0,0,0,0,0.0075518522046262027,-0.93517195650057106,0.12409907653680707,-0.7583867549592147,0.15284691676313705,0.075000000000000011,285,-0.93517195650057106,0.12409907653680707,-0.93517195650057106,0.12409907653680707,0,0.89083333333333337,0.00014267806849009395,0.02853561369801879,0.0075518522046262027,8.8999431740162778e-05,8.8999431740163212e-05,0.00049879541910447715,6.190005089165527e-05,11,22196,1,2,0,1,4.4667855416666669
750,167.04157080010293,197.11986299667825,0.1800647111524695,0.49999932540734676,-6.7459265323810413e-07,12.917921091571257,0.14999999999999999,0.03111111111111111,0.0050000000000000001,4,0,0,27908.344863418777,7.5762365163056809e-06,1,4,0.0050000000000000001,0.075000000000000011,1,1,1,0,0,0,0,0,0,0.0032319383544222647,-0.90988046601359873,0.12157264848816626,-0.80966453181414177,0.14605833210423275,0.075000000000000011,285,-0.90988046601359873,0.12157264848816626,-0.90988046601359873,0.12157264848816628,0,0.87444444444444447,0.00012442648835312646,0.024885297670625292,0.0032319383544222647,3.808875877981458e-05,3.8088758779814519e-05,0.0004971615885827409,6.044125105058789e-05,28,22224,1,2,0,1,9.5022347499999995
751,167.04947717707344,197.12774024816258,0.18005601441784821,0.49999942865893998,-5.7134106001832663e-07,12.910987178027675,0.14999999999999999,0.03111111111111111,0.0050000000000000001,4,0,0,27906.4911773571,2.0142511220850586e-05,1,4,0.0050000000000000001,0.075000000000000011,1,1,1,0,0,0,0,0,0,0.0024072400366410862,0.72309482989165497,0.15795629723326776,-0.7583867549592147,0.14605833210423275,0.075000000000000011,285,0.72309482989165497,0.15795629723326776,0.72309482989165497,0.15795629723326776,0,0.18944444444444444,9.2416328991103719e-05,0.018483265798220742,0.0024072400366410862,2.8369595897544419e-05,2.8369595897544449e-05,0.00046664599607510506,7.3709673658753599e-05,42,22266,1,2,0,1,15.292987791666667
752,167.05168983685709,197.13057533017499,0.18005735543706849,0.49999930887991928,-6.9112008072025333e-07,12.910697783903538,0.14999999999999999,0.03111111111111111,0.0050000000000000001,4,0,0,27906.280057225242,-7.8344629023691255e-06,1,4,0.0050000000000000001,0.075000000000000011,1,1,1,0,0,0,0,0,0,0.00081331007610354255,0.30720757747814637,0.21667310607795962,-0.22002952167112147,0.14605833210423275,0.075000000000000011,285,0.30720757747814637,0.21667310607795962,0.30720757747814637,0.21667310607795959,0,0.24666666666666667,0.00010383735419178544,0.020767470838357088,0.00081331007610354255,9.5849511670026996e-06,9.5849511670027843e-06,0.00037290263562306253,8.0797972325106544e-05,43,22309,1,2,0,1,14.577278541666667
753,167.05168668012828,197.13039245189486,0.18005628299558263,0.49999934510154248,-6.548984575194261e-07,12.902159037273691,0.14999999999999999,0.03111111111111111,0.0050000000000000001,4,0,0,27907.346324921127,3.0757953847837931e-05,1,4,0.0050000000000000001,0.075000000000000011,1,1,1,0,0,0,0,0,0,0.0024247284799054354,0.26340503880985017,0.20505170947443341,-0.24193079100526957,0.14605833210423275,0.075000000000000011,285,0.26340503880985017,0.20505170947443341,0.26340503880985017,0.20505170947443341,0,0.21138888888888888,9.9018945372563388e-05,0.019803789074512676,0.0024247284799054354,2.8575699177954709e-05,2.8575699177954455e-05,0.00035773231815736654,7.33536233724199e-05,63,22372,1,2,0,1,21.759255875000001
754,167.05507713119357,197.13349420668663,0.18005090052947953,0.4999991690055417,-8.3099445830070451e-07,12.930486865686671,0.14999999999999999,0.03111111111111111,0.0050000000000000001,4,0,0,27901.591664237843,2.3929851010409881e-05,1,4,0.0050000000000000001,0.075000000000000011,1,1,1,0,0,0,0,0,0,0.0075841892065620859,-0.91017578927175169,0.181995734895772,-0.7583867549592147,0.14605833210423275,0.075000000000000011,285,-0.91017578927175169,0.181995734895772,-0.91017578927175169,0.18199573489577198,0,0.87250000000000005,0.00013950580413087235,0.02790116082617447,0.0075841892065620859,8.9380526962697871e-05,8.9380526962697736e-05,0.00043377833924711706,7.8945807633146569e-05,14,22386,1,2,0,1,5.7464062083333332
755,167.04223250354042,197.11948490727048,0.18005777313286672,0.49999905507682024,-9.4492317975758411e-07,12.924851195262505,0.14999999999999999,0.03111111111111111,0.0050000000000000001,4,0,0,27905.312337240073,1.2648792307894521e-05,1,4,0.0050000000000000001,0.075000000000000011,1,1,1,0,0,0,0,0,0,0.0018168282297506217,-0.80713553971002072,0.16563204435304815,-0.7583867549592147,0.14605833210423275,0.075000000000000011,285,-0.80713553971002072,0.16563204435304815,-0.80713553971002072,0.16563204435304818,0,0.87861111111111112,0.00013113364246389157,0.026226728492778312,0.0018168282297506217,2.1411526025130256e-05,2.1411526025130279e-05,0.00044106596237977096,7.3054657043506092e-05,20,22406,1,2,0,1,7.392214375
756,167.04591943038204,197.1234522733009,0.18005547783197393,0.49999936247250742,-6.3752749257517394e-07,12.919653510076772,0.14999999999999999,0.03111111111111111,0.0050000000000000001,4,0,0,27905.068269716106,-1.5625580740644379e-05,1,4,0.0050000000000000001,0.075000000000000011,1,1,1,0,0,0,0,0,0,0.0017601625440560743,0.73520256415146024,0.14268202192439775,-0.24193079100526957,0.14605833210423275,0.075000000000000011,285,0.73520256415146024,0.14268202192439775,0.73520256415146024,0.14268202192439775,0,0.17222222222222222,0.00011103720422727011,0.022207440845454021,0.0017601625440560743,2.0743714514876923e-05,2.0743714514876984e-05,0.00040647614830616869,5.7996838704365512e-05,21,22427,1,2,0,1,8.0095568749999995
757,167.04766944882829,197.12604890652341,0.18005865964450962,0.49999894335314721,-1.0566468527928308e-06,12.916598672050256,0.14999999999999999,0.03111111111111111,0.0050000000000000001,4,0,0,27905.347130903858,2.6453190578960112e-06,1,4,0.0050000000000000001,0.075000000000000011,1,1,1,0,0,0,0,0,0,0.0014275820520886187,0.83649548839487431,0.13615925666068374,-0.24193079100526957,0.1428167645711122,0.075000000000000011,285,0.83649548839487431,0.13615925666068374,0.83649548839487431,0.13615925666068374,0,0.1738888888888889,0.00012684017990110844,0.025368035980221689,0.0014275820520886187,1.6824215828867823e-05,1.682421582886785e-05,0.00038759758192363482,5.2774998638200589e-05,28,22455,1,2,0,1,9.9016682500000002
758,167.04828374432427,197.12776940884413,0.18006461958362899,0.49999950444388158,-4.955561184183388e-07,12.906463190715794,0.14999999999999999,0.03111111111111111,0.0050000000000000001,4,0,0,27906.81087969584,1.2388718543622619e-06,1,4,0.0050000000000000001,0.075000000000000011,1,1,1,0,1,1,0,1,0,0.0030553550762645819,0.68305721317708878,0.15600158686183213,0.28530630814399827,0.1428167645711122,0.075000000000000011,285,0.68305721317708878,0.15600158686183213,0.68305721317708878,0.1560015868618321,0,0.22111111111111112,0.00012653478035441854,0.025306956070883707,0.0030553550762645819,3.6007704889323779e-05,3.600770488932403e-05,0.00037798612498337626,5.8966435309161511e-05,55,22510,1,2,0,1,18.206951499999999
759,167.05291388630724,197.13188111563204,0.18005652538210692,0.49999931710574552,-6.8289425447787266e-07,12.916053789792938,0.15027777777777779,0.03111111111111111,0.0050000000000000001,4,0,0,27905.264485078507,-2.5853471082657422e-05,1,4,0.0050000000000000001,0.075000000000000011,1,1,1,0,1,1,0,2,0,0.0029794632237270611,-0.6381686063056542,0.25950934179161989,0.28530630814399827,0.14947654703982938,0.075000000000000011,285,-0.6381686063056542,0.25950934179161989,-0.6381686063056542,0.25950934179161989,0,0.81527777777777777,0.00012659275728452418,0.025318551456904835,0.0029794632237270611,3.5113310829888942e-05,3.5113310829888867e-05,0.00032410000407310201,8.4106978731672026e-05,45,22555,1,2,0,1,15.369099374999999
760,167.04904563843772,197.12752748612127,0.18005778921231105,0.4999994666990949,-5.3330090510339545e-07,12.910195105007304,0.15027777777777779,0.03111111111111111,0.0050000000000000001,4,0,0,27906.146062173848,1.7933684853586208e-05,1,4,0.0050000000000000001,0.075000000000000011,1,1,1,0,0,0,0,0,0,0.0018470196122000705,-0.69357470084652517,0.25035247422676626,-0.18738178374790201,0.15697894204754995,0.075000000000000011,285,-0.69357470084652517,0.25035247422676626,-0.69357470084652517,0.25035247422676632,0,0.77972222222222221,0.0001408580413870109,0.028171608277402178,0.0018470196122000705,2.1767334879520283e-05,2.176733487952027e-05,0.00030777858017280778,7.705312906026357e-05,47,22602,1,2,0,1,16.103541583333332
761,167.0515643092898,197.12962697941339,0.18005256517344048,0.49999944509076172,-5.5490923828172001e-07,12.934684523930995,0.14999999999999999,0.03111111111111111,0.0050000000000000001,4,0,0,27901.014875932302,2.373021251538918e-06,1,4,0.0050000000000000001,0.075000000000000011,1,1,1,0,0,0,0,0,0,0.0069062314534682669,-0.81944658319838393,0.26804682487539117,-0.66587165357608968,0.15697894204754995,0.075000000000000011,285,-0.81944658319838393,0.26804682487539117,-0.81944658319838393,0.26804682487539111,0,0.82499999999999996,0.00014399939183549077,0.028799878367098155,0.0069062314534682669,8.1390718219853957e-05,8.1390718219853943e-05,0.00036079970249511723,9.6711214669801916e-05,16,22618,1,2,0,1,6.7583247083333333
762,167.04159148213319,197.11808128820269,0.18005389878775485,0.49999887850049723,-1.1214995027652996e-06,12.928701862594295,0.15027777777777779,0.03111111111111111,0.0050000000000000001,4,0,0,27905.195140718246,-1.1689515336917851e-05,1,4,0.0050000000000000001,0.075000000000000011,1,1,1,0,0,0,0,0,0,0.0021281038375602647,-0.80711420882174711,0.22690010365988611,-0.66587165357608968,0.16179417079315794,0.075000000000000011,285,-0.80711420882174711,0.22690010365988611,-0.80711420882174711,0.22690010365988611,0,0.88694444444444442,0.00015897818895585969,0.031795637791171935,0.0021281038375602647,2.5079944243466303e-05,2.5079944243466424e-05,0.00037629469557158086,8.5381305431856986e-05,21,22639,1,2,0,1,6.7578913749999998
763,167.04469826522518,197.12120558719508,0.18005065491043559,0.49999932829364624,-6.717063537609036e-07,12.922224452308562,0.15027777777777779,0.03111111111111111,0.0050000000000000001,4,0,0,27904.936067142418,-3.6202098411515939e-05,1,4,0.0050000000000000001,0.075000000000000011,1,1,1,0,0,0,0,0,0,0.002094451779645087,0.7216089389169188,0.2438993440982567,-0.18738178374790201,0.17381388962441008,0.075000000000000011,285,0.7216089389169188,0.2438993440982567,0.7216089389169188,0.24389934409825673,0,0.17472222222222222,0.00011217227821788278,0.022434455643576556,0.002094451779645087,2.4683350937587893e-05,2.4683350937588177e-05,0.0003724023473312146,9.0828688254734419e-05,23,22662,1,2,0,1,7.6196260833333334
764,167.04705633520862,197.12415780317073,0.18005167003725728,0.49999927475806127,-7.2524193872602893e-07,12.919717020609619,0.15027777777777779,0.03111111111111111,0.0050000000000000001,4,0,0,27904.871915494157,-4.3201523019763318e-05,1,4,0.0050000000000000001,0.075000000000000011,1,1,1,0,0,0,0,0,0,0.0015770804820300095,0.68122234175299357,0.28626158168490673,-0.18738178374790201,0.18453206407195519,0.075000000000000011,285,0.68122234175299357,0.28626158168490673,0.68122234175299357,0.28626158168490673,0,0.18166666666666667,0.00013151733215516884,0.026303466431033769,0.0015770804820300095,1.8586071722006146e-05,1.8586071722006387e-05,0.00030160789209052321,8.633875223848385e-05,26,22688,1,2,0,1,8.8292198333333332
765,167.04712646394043,197.1250789956479,0.18005668920141668,0.49999950705430568,-4.9294569431923563e-07,12.915330250863091,0.15027777777777779,0.03111111111111111,0.0050000000000000001,4,0,0,27905.59057394004,-1.5094813979990508e-05,1,4,0.0050000000000000001,0.075000000000000011,1,1,1,0,0,0,0,0,0,0.0020438736183695703,0.68250344385600692,0.2981612364636313,-0.18738178374790201,0.19352372218510272,0.075000000000000011,285,0.68250344385600692,0.2981612364636313,0.68250344385600692,0.2981612364636313,0,0.16722222222222222,0.0001066048027612604,0.021320960552252081,0.0020438736183695703,2.4087281590623481e-05,2.408728159062302e-05,0.00030428364765601592,9.0725588620781629e-05,40,22728,1,2,0,1,13.151039875
766,167.04898901600691,197.1267453328316,0.18005350702207834,0.49999956230115788,-4.3769884211508625e-07,12.905664551990693,0.15027777777777779,0.03111111111111111,0.0050000000000000001,4,0,0,27906.180775125376,-9.7991148480381847e-06,1,4,0.0050000000000000001,0.075000000000000011,1,1,1,0,1,1,0,1,0,0.002904301067901485,0.33808124448307114,0.29008049790841461,0.28530630814399827,0.21086240777619653,0.075000000000000011,285,0.33808124448307114,0.29008049790841461,0.33808124448307114,0.29008049790841467,0,0.36972222222222223,9.4326820529044115e-05,0.018865364105808823,0.002904301067901485,3.4227516328674528e-05,3.4227516328674832e-05,0.00031776744946981379,9.2178139961290574e-05,59,22787,1,2,0,1,20.783383041666667
767,167.05343926618886,197.13003772488005,0.18004177938992372,0.49999950555439832,-4.9444560168421248e-07,12.921746179502239,0.14999999999999999,0.03111111111111111,0.0050000000000000001,4,0,0,27904.977325082957,-9.1506039379909043e-06,1,4,0.0050000000000000001,0.075000000000000011,1,1,1,0,1,1,0,2,0,0.0046968965837759294,-0.75889259202127601,0.23605767200648597,0.28530630814399827,0.22178660486892288,0.075000000000000011,285,-0.75889259202127601,0.23605767200648597,-0.75889259202127601,0.23605767200648597,0,0.74222222222222223,9.7007220517371224e-05,0.019401444103474243,0.0046968965837759294,5.5353457081998143e-05,5.5353457081997899e-05,0.00035629669072294383,8.4106567355673046e-05,35,22822,1,2,0,1,12.658372708333333
768,167.04711605585413,197.12217685101359,0.18003938951632972,0.49999951723739572,-4.8276260428137263e-07,12.913694807720388,0.15027777777777779,0.03111111111111111,0.0050000000000000001,4,0,0,27905.491097635739,-7.0580567804197672e-06,1,4,0.0050000000000000001,0.075000000000000011,1,1,1,0,0,0,0,0,0,0.0024698827665664592,-0.89560724144748116,0.23125860957064881,-0.18738178374790201,0.22178660486892288,0.075000000000000011,285,-0.89560724144748116,0.23125860957064881,-0.89560724144748116,0.23125860957064889,0,0.93305555555555553,0.00013062658561408533,0.026125317122817068,0.0024698827665664592,2.9107847549582232e-05,2.9107847549582333e-05,0.00034939683338320221,8.0801025876586993e-05,39,22861,1,2,0,1,13.437970458333334
769,167.0506357849797,197.12606522913626,0.18003780292622373,0.4999993198781823,-6.8012181769772084e-07,12.907606261384636,0.15027777777777779,0.03111111111111111,0.0050000000000000001,4,0,0,27907.212462455191,-9.390709382544832e-06,1,4,0.0050000000000000001,0.075000000000000011,1,1,1,0,1,1,0,1,0,0.0019821180761513957,0.87045269564113348,0.22731385948914451,0.28530630814399827,0.22710698157451531,0.075000000000000011,285,0.87045269564113348,0.22731385948914451,0.87045269564113348,0.22731385948914459,0,0.11972222222222222,9.6660721828494708e-05,0.019332144365698942,0.0019821180761513957,2.3359485545984757e-05,2.335948554598473e-05,0.00033764300809929808,7.6750935300575929e-05,54,22915,1,2,0,1,18.562560250000001
770,167.05256847364964,197.1281016285682,0.18003634083400868,0.49999947106294584,-5.2893705415613113e-07,12.933979754856026,0.14999999999999999,0.03111111111111111,0.0050000000000000001,4,0,0,27900.693623589563,-2.2364158304209139e-05,1,4,0.0050000000000000001,0.075000000000000011,1,1,1,0,1,1,0,2,0,0.0071398396828625471,-0.8522851015671965,0.24981665518804086,0.28530630814399827,0.22928623452989666,0.075000000000000011,285,-0.8522851015671965,0.24981665518804086,-0.8522851015671965,0.24981665518804091,0,0.89416666666666667,0.00012892988101316283,0.025785976202632566,0.0071398396828625471,8.4143817605615261e-05,8.4143817605615153e-05,0.00040001949082539296,9.9931531208022871e-05,14,22929,1,2,0,1,5.8300623749999998
771,167.0410045047353,197.11526276326509,0.18004117221216331,0.49999953819486631,-4.6180513368909715e-07,12.925416479813027,0.14999999999999999,0.03111111111111111,0.0050000000000000001,4,0,0,27905.220345666308,-3.4023791126187641e-05,1,4,0.0050000000000000001,0.075000000000000011,1,1,1,0,0,0,0,0,0,0.0024961368379597475,-0.87281749070972225,0.21710704694092328,-0.18738178374790201,0.22928623452989666,0.075000000000000011,285,-0.87281749070972225,0.21710704694092328,-0.87281749070972225,0.21710704694092336,0,0.95194444444444448,0.0001187485886118895,0.023749717722377901,0.0024961368379597475,2.9417254748181395e-05,2.9417254748181425e-05,0.00034804602735372044,7.5563245198286054e-05,25,22954,1,2,0,1,8.56140525
772,167.04587471968449,197.12048576964239,0.18003803506327437,0.49999932432051691,-6.7567948308644432e-07,12.918255149312042,0.14999999999999999,0.03111111111111111,0.0050000000000000001,4,0,0,27905.902177049848,6.7098943924883459e-07,1,4,0.0050000000000000001,0.075000000000000011,1,1,1,0,0,0,0,0,0,0.0022351454558972019,0.82683470061953634,0.22170726666269497,-0.18738178374790201,0.22928623452989666,0.075000000000000011,285,0.82683470061953634,0.22170726666269497,0.82683470061953634,0.22170726666269497,0,0.056388888888888891,0.00010954613137687102,0.021909226275374203,0.0022351454558972019,2.6341441813386814e-05,2.6341441813386939e-05,0.00034930752492364089,7.7444016575531623e-05,26,22980,1,2,0,1,8.8039845000000003
773,167.04840887999597,197.12371600106687,0.18003947073016632,0.49999949242523617,-5.0757476383056499e-07,12.90749208804657,0.15027777777777779,0.03111111111111111,0.0050000000000000001,4,0,0,27906.930050807587,7.092632027282e-06,1,4,0.0050000000000000001,0.075000000000000011,1,1,1,0,0,0,0,0,0,0.003075777489245945,0.84294258019487733,0.23151091650217601,-0.15004368091129153,0.23138476303641242,0.075000000000000011,285,0.84294258019487733,0.23151091650217601,0.84294258019487733,0.23151091650217595,0,0.11138888888888888,0.00010328280864967819,0.020656561729935637,0.003075777489245945,3.6248385334445683e-05,3.6248385334445642e-05,0.00036087255932049832,8.3545936948774439e-05,56,23036,1,2,0,1,19.077326166666666
774,167.05307925394166,197.1278787155928,0.18003139837927601,0.49999942453965202,-5.7546034798461321e-07,12.934303899196923,0.14999999999999999,0.03111111111111111,0.0050000000000000001,4,0,0,27900.244706427151,2.2875863814457701e-05,1,4,0.0050000000000000001,0.075000000000000011,1,1,1,0,0,0,0,0,0,0.0071319271316548248,-0.91932422429255889,0.18480146557815497,-0.15004368091129153,0.23138476303641242,0.075000000000000011,285,-0.91932422429255889,0.18480146557815497,-0.91932422429255889,0.18480146557815494,0,0.89027777777777772,0.00013409671210451855,0.026819342420903711,0.0071319271316548248,8.4050567295357496e-05,8.4050567295357334e-05,0.00042633705489384928,7.8787712574657649e-05,13,23049,1,2,0,1,5.2908514166666665
775,167.04063984685484,197.11429213063872,0.1800379375423598,0.4999990668660258,-9.3313397420136113e-07,12.927430760054351,0.14999999999999999,0.03111111111111111,0.0050000000000000001,4,0,0,27905.747555036749,-5.4614817952702106e-06,1,4,0.0050000000000000001,0.075000000000000011,1,1,1,0,0,0,0,0,0,0.0019986430882859177,-0.84588918337479491,0.17434459881206812,-0.15004368091129153,0.23138476303641242,0.075000000000000011,285,-0.84588918337479491,0.17434459881206812,-0.84588918337479491,0.17434459881206812,0,0.9080555555555555,0.000125047100416314,0.0250094200832628,0.0019986430882859177,2.3554234681643264e-05,2.3554234681643275e-05,0.00042580400798486955,7.4236628944692739e-05,20,23069,1,2,0,1,6.7968225833333333
776,167.04526579833126,197.11896833794722,0.18003325263897657,0.49999939076588451,-6.0923411548952089e-07,12.921470245778483,0.14999999999999999,0.03111111111111111,0.0050000000000000001,4,0,0,27904.965137572814,-5.896005991551821e-06,1,4,0.0050000000000000001,0.075000000000000011,1,1,1,0,0,0,0,0,0,0.0018775933819621224,0.71824982616808331,0.18376405669432005,-0.15004368091129153,0.23138476303641242,0.075000000000000011,285,0.71824982616808331,0.18376405669432005,0.71824982616808331,0.18376405669432003,0,0.13555555555555557,0.00010389561804129525,0.020779123608259047,0.0018775933819621224,2.212765021160667e-05,2.2127650211606735e-05,0.0004137041418678014,7.6023951380869688e-05,21,23090,1,2,0,1,7.2468465000000002
777,167.04728058339808,197.12169873906871,0.18003536514116447,0.4999993897227763,-6.1027722370043946e-07,12.909334961097189,0.14999999999999999,0.03111111111111111,0.0050000000000000001,4,0,0,27906.797063301357,-1.4239045136679193e-05,1,4,0.0050000000000000001,0.075000000000000011,1,1,1,0,0,0,0,0,0,0.0033745482336561276,0.87940589135585656,0.16924295469362893,-0.15004368091129153,0.23138476303641242,0.075000000000000011,285,0.87940589135585656,0.16924295469362893,0.87940589135585656,0.16924295469362891,0,0.091111111111111115,8.8944952686599728e-05,0.017788990537319947,0.0033745482336561276,3.9769432324322227e-05,3.9769432324322688e-05,0.00039812011711012625,6.7379024942691338e-05,48,23138,1,2,0,1,16.101568083333333
778,167.0526472258648,197.1271647702344,0.18003017637731367,0.4999994581735423,-5.4182645770062265e-07,12.935612332876333,0.14999999999999999,0.03111111111111111,0.0050000000000000001,4,0,0,27899.219621521315,-6.3926698610360824e-06,1,4,0.0050000000000000001,0.075000000000000011,1,1,1,0,0,0,0,0,0,0.0068001026543383289,-0.9641402949066461,0.18378849018886714,-0.66587165357608968,0.23138476303641242,0.075000000000000011,285,-0.9641402949066461,0.18378849018886714,-0.9641402949066461,0.18378849018886712,0,0.91111111111111109,0.00013863591708523248,0.027727183417046494,0.0068001026543383289,8.0139978327454557e-05,8.0139978327454394e-05,0.00044915224788799829,8.2549013504270996e-05,11,23149,1,2,0,1,4.5296779999999996
779,167.03997179344495,197.11379092200386,0.18003965641078418,0.49999935435442361,-6.4564557639146258e-07,12.926042378893049,0.14999999999999999,0.03111111111111111,0.0050000000000000001,4,0,0,27906.970074629717,-2.4137548474116848e-05,1,4,0.0050000000000000001,0.075000000000000011,1,1,1,0,0,0,0,0,0,0.0025651920741188387,-0.91273231420111256,0.16849716903354289,-0.72623364643390054,0.22928623452989666,0.075000000000000011,285,-0.91273231420111256,0.16849716903354289,-0.91273231420111256,0.16849716903354287,0,0.95527777777777778,0.00012792921752015682,0.025585843504031362,0.0025651920741188387,3.0231078510923591e-05,3.0231078510923327e-05,0.00045602384085293687,7.6838726195522768e-05,22,23171,1,2,0,1,7.366740375
780,167.04595775889644,197.11980507308755,0.18003337355578397,0.49999952370116768,-4.7629883231925518e-07,12.917491000177044,0.14999999999999999,0.03111111111111111,0.0050000000000000001,4,0,0,27905.706192370595,-3.1986699150481902e-05,1,4,0.0050000000000000001,0.075000000000000011,1,1,1,0,0,0,0,0,0,0.0025186299941953368,0.80876941406271086,0.18746263385183753,-0.21040567376910244,0.22710698157451531,0.075000000000000011,285,0.80876941406271086,0.18746263385183753,0.80876941406271086,0.18746263385183751,0,0.033611111111111112,0.00010572762295189311,0.021145524590378623,0.0025186299941953368,2.9682339136589289e-05,2.9682339136589486e-05,0.00040156236238391124,7.5277938108254047e-05,27,23198,1,2,0,1,8.9984862916666675
781,167.04910110492651,197.12377067731538,0.18003490814056183,0.49999927432004343,-7.2567995657024653e-07,12.91332398139865,0.14999999999999999,0.03111111111111111,0.0050000000000000001,4,0,0,27905.974140555543,5.5154575364981901e-06,1,4,0.0050000000000000001,0.075000000000000011,1,1,1,0,1,1,0,1,0,0.0013801165997126509,0.78914151362591489,0.17046681563315125,0.50965179311803233,0.22430368516129054,0.075000000000000011,285,0.78914151362591489,0.17046681563315125,0.78914151362591489,0.17046681563315122,0,0.20027777777777778,9.492380981421029e-05,0.018984761962842059,0.0013801165997126509,1.6264830108082257e-05,1.6264830108082325e-05,0.00038840993774381211,6.6211005247458169e-05,43,23241,1,2,0,1,14.769692833333334
782,167.05104558613343,197.12519951941917,0.18002972581084006,0.49999906699426205,-9.3300573794641295e-07,12.906503995035424,0.14999999999999999,0.03111111111111111,0.0050000000000000001,4,0,0,27906.405972593129,-6.8539869050466387e-06,1,4,0.0050000000000000001,0.075000000000000011,1,1,1,0,1,1,0,2,0,0.0024053318157279176,0.77770029043069966,0.17022310160209314,0.6818628928045003,0.21940715680180911,0.075000000000000011,285,0.77770029043069966,0.17022310160209314,0.77770029043069966,0.17022310160209311,0,0.14222222222222222,0.00015015296465606225,0.030030592931212449,0.0024053318157279176,2.8347107298416027e-05,2.8347107298416315e-05,0.00039041560322884147,6.6457754895465559e-05,58,23299,1,2,0,1,20.849043999999999
783,167.05341070940247,197.12709862307051,0.18002438732593543,0.49999947405862288,-5.259413771163679e-07,12.934192916581011,0.14999999999999999,0.03111111111111111,0.0050000000000000001,4,0,0,27901.216256011376,-7.5822978116504442e-06,1,4,0.0050000000000000001,0.075000000000000011,1,1,1,0,1,1,0,3,0,0.0075554061788990707,-0.82170706712452879,0.21710303749741303,0.50965179311803233,0.21710504221916815,0.075000000000000011,285,-0.82170706712452879,0.21710303749741303,-0.82170706712452879,0.21710303749741305,0,0.8419444444444445,0.00013538354547696006,0.027076709095392011,0.0075554061788990707,8.9041315728637899e-05,8.9041315728637926e-05,0.00044320853362303378,9.6221918894334943e-05,14,23313,1,2,0,1,5.7739594583333336
784,167.04128030196182,197.11334406397293,0.1800277375008717,0.499999109398858,-8.9060114200067986e-07,12.927737727900645,0.14999999999999999,0.03111111111111111,0.0050000000000000001,4,0,0,27905.615836850207,-3.5203435729170608e-05,1,4,0.0050000000000000001,0.075000000000000011,1,1,1,0,0,0,0,0,0,0.0019227075129781379,-0.82402715789955172,0.14142088561479377,-0.21040567376910244,0.20228283567462529,0.075000000000000011,285,-0.82402715789955172,0.14142088561479377,-0.82402715789955172,0.14142088561479377,0,0.91138888888888892,0.00012406848749230623,0.024813697498461244,0.0019227075129781379,2.2659325344419385e-05,2.2659325344419439e-05,0.00038181729167209588,5.3996939531309823e-05,20,23333,1,2,0,1,6.8073758333333334
785,167.04540923190632,197.11755038699386,0.1800237509870079,0.49999919095074968,-8.0904925031655139e-07,12.920639298009812,0.14999999999999999,0.03111111111111111,0.0050000000000000001,4,0,0,27905.17204139163,6.2610155117550167e-07,1,4,0.0050000000000000001,0.075000000000000011,1,1,1,0,0,0,0,0,0,0.0020550461265882712,0.79292987235381895,0.14437473981542659,-0.21040567376910244,0.18613204971499625,0.075000000000000011,285,0.79292987235381895,0.14437473981542659,0.79292987235381895,0.14437473981542659,0,0.1125,0.0001056668074296383,0.021133361485927659,0.0020550461265882712,2.4218950862695243e-05,2.4218950862694918e-05,0.00038248200785314751,5.5220740367880118e-05,26,23359,1,2,0,1,8.9478623749999997
786,167.04821299737642,197.12074791280656,0.18002308660376057,0.4999995852336227,-4.1476637729909172e-07,12.927448961332791,0.14999999999999999,0.03111111111111111,0.0050000000000000001,4,0,0,27903.818180790007,-1.9988707291748649e-06,1,4,0.0050000000000000001,0.075000000000000011,1,1,1,0,0,0,0,0,0,0.0024534687033926548,-0.7786848734307571,0.14950026608335118,-0.76878873272601655,0.18429497788351107,0.075000000000000011,285,-0.7786848734307571,0.14950026608335118,-0.7786848734307571,0.14950026608335115,0,0.89249999999999996,9.539003892796741e-05,0.01907800778559348,0.0024534687033926548,2.8914405959965207e-05,2.8914405959965379e-05,0.00038926876360150615,5.8195783736362295e-05,26,23385,1,2,0,1,9.7460569583333339
787,167.04630635095918,197.11792846256739,0.18001967698961657,0.49999935661735306,-6.4338264693653002e-07,12.917384955492262,0.14999999999999999,0.03111111111111111,0.0050000000000000001,4,0,0,27906.282009092294,-1.7527536045667968e-06,1,4,0.0050000000000000001,0.075000000000000011,1,1,1,0,0,0,0,0,0,0.0030621066166253439,-0.86573721824207694,0.15521494682101775,-0.80019597027764289,0.18377627344159359,0.075000000000000011,285,-0.86573721824207694,0.15521494682101775,-0.86573721824207694,0.15521494682101775,0,0.93138888888888893,0.00011688198044298293,0.023376396088596586,0.0030621066166253439,3.6087272555532941e-05,3.6087272555532778e-05,0.0003855866038327163,5.98488042087919e-05,32,23417,1,2,0,1,11.173040041666667
788,167.04980123949173,197.12160801255607,0.18001701618280738,0.49999935776076604,-6.4223923396111715e-07,12.904586981112059,0.14999999999999999,0.03111111111111111,0.0050000000000000001,4,0,0,27907.432269741366,-1.0119698224652938e-05,1,4,0.0050000000000000001,0.075000000000000011,1,1,1,0,0,0,0,0,0,0.0035284018053342169,0.86893202139784997,0.31209360638445344,-0.030217523631336896,0.18377627344159359,0.075000000000000011,285,0.86893202139784997,0.31209360638445344,0.86893202139784997,0.31209360638445344,0,0.11416666666666667,8.8656662091044709e-05,0.017731332418208942,0.0035284018053342169,4.1582614055044689e-05,4.1582614055044777e-05,0.00034702923956030671,0.00010830560689523055,66,23483,1,2,0,1,22.793938874999998
789,167.05500483629555,197.1268159285803,0.18001143468735595,0.49999943941367492,-5.6058632508237949e-07,12.933393393089961,0.14999999999999999,0.03111111111111111,0.0050000000000000001,4,0,0,27899.483922382824,4.1786511069648565e-05,1,4,0.0050000000000000001,0.075000000000000011,1,1,1,0,0,0,0,0,0,0.007421146420029813,-0.94267748050097155,0.14826680352974284,-0.80019597027764289,0.17905432775319408,0.075000000000000011,285,-0.94267748050097155,0.14826680352974284,-0.94267748050097155,0.14826680352974284,0,0.88361111111111112,0.0001382441912381435,0.027648838247628701,0.007421146420029813,8.7459049296355861e-05,8.7459049296356226e-05,0.00040425721034573962,5.9937924381813694e-05,11,23494,1,2,0,1,4.4702919999999997
790,167.04109504079597,197.11218667447284,0.1800221174695526,0.4999992939978169,-7.060021831040153e-07,12.921618756031839,0.14999999999999999,0.03111111111111111,0.0050000000000000001,4,0,0,27907.930193542474,1.5827206120318296e-05,1,4,0.0050000000000000001,0.075000000000000011,1,1,1,0,0,0,0,0,0,0.0030910245753147133,-0.92305507828144129,0.13988438729864938,-0.80019597027764289,0.17240570722260967,0.075000000000000011,285,-0.92305507828144129,0.13988438729864938,-0.92305507828144129,0.13988438729864941,0,0.89916666666666667,0.00012341783727515699,0.024683567455031398,0.0030910245753147133,3.6428073966988368e-05,3.6428073966988707e-05,0.00041100294517613885,5.7492895163904568e-05,28,23522,1,2,0,1,9.6051159583333341
791,167.04848221887673,197.1191047069575,0.1800113481347318,0.49999933141354402,-6.6858645597633881e-07,12.909940871245029,0.14999999999999999,0.03111111111111111,0.0050000000000000001,4,0,0,27907.04890164053,5.8337644434579787e-06,1,4,0.0050000000000000001,0.075000000000000011,1,1,1,0,0,0,0,0,0,0.0034094385174486637,0.83086919704402007,0.12595050449490883,-0.030217523631336896,0.17034495861762219,0.075000000000000011,285,0.83086919704402007,0.12595050449490883,0.83086919704402007,0.12595050449490885,0,0.12972222222222221,9.1035582878186145e-05,0.018207116575637228,0.0034094385174486637,4.018061826210932e-05,4.0180618262109672e-05,0.00043491873333016614,5.4778233877221148e-05,46,23568,1,2,0,1,16.078389208333334
792,167.05329680590663,197.12510172604675,0.18001323826059837,0.49999936071271289,-6.3928728710749283e-07,12.90637562822012,0.14999999999999999,0.03111111111111111,0.0050000000000000001,4,0,0,27907.091235204785,6.9839653873034634e-06,1,4,0.0050000000000000001,0.075000000000000011,1,1,1,0,0,0,0,0,0,0.0013277388238333476,0.69427033673921223,0.12826073979736624,-0.042207268345772431,0.16973302814786104,0.075000000000000011,285,0.69427033673921223,0.12826073979736624,0.69427033673921223,0.12826073979736624,0,0.17722222222222223,9.7850243533499878e-05,0.019570048706699976,0.0013277388238333476,1.5647552099620183e-05,1.5647552099620291e-05,0.00042221917813137011,5.415414414376549e-05,57,23625,1,2,0,1,20.424180208333333
793,167.0544736966504,197.12579949453445,0.18000910201596715,0.49999939672947818,-6.0327052181508023e-07,12.934228075097026,0.14999999999999999,0.03111111111111111,0.0050000000000000001,4,0,0,27900.863253107997,7.6342582593625532e-06,1,4,0.0050000000000000001,0.075000000000000011,1,1,1,0,0,0,0,0,0,0.0073439167086534318,-0.72670584783309633,0.12287620315234932,-0.75269536063192666,0.16887006186358591,0.075000000000000011,285,-0.72670584783309633,0.12287620315234932,-0.72670584783309633,0.12287620315234932,0,0.80805555555555553,0.00013656953704780129,0.027313907409560259,0.0073439167086534318,8.6548888419300541e-05,8.6548888419300013e-05,0.00041972675082203219,5.1574429502483531e-05,13,23638,1,2,0,1,5.3291556250000003
794,167.04140593321233,197.11151470854756,0.18001589849739452,0.49999934047815126,-6.5952184874484843e-07,12.926034808624021,0.14999999999999999,0.03111111111111111,0.0050000000000000001,4,0,0,27906.099519807503,2.6845744566030106e-05,1,4,0.0050000000000000001,0.075000000000000011,1,1,1,0,0,0,0,0,0,0.0023221304792932361,-0.88727256709226976,0.12331959670763956,-0.75269536063192666,0.16185605792728031,0.075000000000000011,285,-0.88727256709226976,0.12331959670763956,-0.88727256709226976,0.12331959670763955,0,0.96166666666666667,0.00012812691505117928,0.025625383010235855,0.0023221304792932361,2.7366570145136915e-05,2.7366570145137043e-05,0.00042443399562274982,5.2341029169209561e-05,22,23660,1,2,0,1,7.3541288749999998
795,167.04651991639491,197.11689670676722,0.18001199190155071,0.49999944147486125,-5.5852513874965481e-07,12.916684544961434,0.14999999999999999,0.03111111111111111,0.0050000000000000001,4,0,0,27906.018341484367,9.330547051775033e-06,1,4,0.0050000000000000001,0.075000000000000011,1,1,1,0,0,0,0,0,0,0.0027537201411294422,0.84968750357559664,0.12626324497752348,-0.016217755546942048,0.15235760645218446,0.075000000000000011,285,0.84968750357559664,0.12626324497752348,0.84968750357559664,0.1262632449775235,0,0.046944444444444441,0.00010698572241982101,0.021397144483964202,0.0027537201411294422,3.2452903088043421e-05,3.2452903088043326e-05,0.00043266794784809826,5.4630059093066788e-05,32,23692,1,2,0,1,10.77003225
796,167.05001575210377,197.12084099746127,0.18001090936729705,0.49999937500720859,-6.2499279140926234e-07,12.904079916071201,0.14999999999999999,0.03111111111111111,0.0050000000000000001,4,0,0,27907.402267353398,1.4425795510730174e-05,1,4,0.0050000000000000001,0.075000000000000011,1,1,1,0,0,0,0,0,0,0.0034921104027243197,0.90266056633169878,0.21092974074769863,-0.016217755546942048,0.15235760645218446,0.075000000000000011,285,0.90266056633169878,0.21092974074769863,0.90266056633169878,0.21092974074769866,0,0.10249999999999999,8.3149833584359565e-05,0.016629966716871912,0.0034921104027243197,4.1154915773640865e-05,4.1154915773640526e-05,0.00044490845766177338,9.3844425631056311e-05,66,23758,1,2,0,1,22.550362583333332
797,167.05499371429394,197.12521809295586,0.18000194852055465,0.49999943419055443,-5.6580944557405033e-07,12.933681709321174,0.14999999999999999,0.03111111111111111,0.0050000000000000001,4,0,0,27899.724787489631,3.1380149672254389e-05,1,4,0.0050000000000000001,0.075000000000000011,1,1,1,0,0,0,0,0,0,0.0076653256807302063,-0.93822432123353983,0.13934708936478282,-0.75269536063192666,0.14888353480654701,0.075000000000000011,285,-0.93822432123353983,0.13934708936478282,-0.93822432123353983,0.13934708936478279,0,0.89388888888888884,0.00015110356753636237,0.030220713507272474,0.0076653256807302063,9.0336729480795292e-05,9.033672948079517e-05,0.00049915791458703574,6.9556202531098293e-05,11,23769,1,2,0,1,4.496753916666667
798,167.04064495910853,197.11023157267599,0.18001359262548627,0.49999915334529221,-8.4665470778677587e-07,12.919850129778585,0.14999999999999999,0.03111111111111111,0.0050000000000000001,4,0,0,27907.448170490541,9.7272931687399864e-06,1,4,0.0050000000000000001,0.075000000000000011,1,1,1,0,0,0,0,0,0,0.0037043362297533482,-0.92300607994939043,0.13708342170135304,-0.75269536063192666,0.14632077167258473,0.075000000000000011,285,-0.92300607994939043,0.13708342170135304,-0.92300607994939043,0.13708342170135304,0,0.92277777777777781,0.00017212095093710391,0.034424190187420781,0.0037043362297533482,4.3656021130893351e-05,4.3656021130893703e-05,0.00050123132166288468,6.8710504637439757e-05,33,23802,1,2,0,1,10.986810208333333
799,167.04931929523505,197.11909341637971,0.18000536756453803,0.49999957176642651,-4.2823357349064395e-07,12.924214250639993,0.14999999999999999,0.03111111111111111,0.0050000000000000001,4,0,0,27905.338873924891,-1.964626872256354e-05,1,4,0.0050000000000000001,0.075000000000000011,1,1,1,0,0,0,0,0,0,0.0020247571831759252,-0.59647210070743384,0.13854147626588409,-0.66158897427026508,0.14289781271511018,0.075000000000000011,285,-0.59647210070743384,0.13854147626588409,-0.59647210070743384,0.13854147626588406,0,0.73777777777777775,9.9578857552677565e-05,0.019915771510535512,0.0020247571831759252,2.3861992241331153e-05,2.3861992241330818e-05,0.00043763426460785923,6.0630497083307364e-05,31,23833,1,2,0,1,11.14465225
800,167.04842126728451,197.11749884167085,0.18000216551747322,0.49999948674206013,-5.1325793987144763e-07,12.916397356275052,0.14999999999999999,0.03111111111111111,0.0050000000000000001,4,0,0,27906.120274818193,2.8162708284859636e-05,1,4,0.0050000000000000001,0.075000000000000011,1,1,1,0,0,0,0,0,0,0.0029021883419818322,-0.75592036474461066,0.13839429838010819,-0.7413131062888535,0.14065263645672157,0.075000000000000011,285,-0.75592036474461066,0.13839429838010819,-0.75592036474461066,0.13839429838010819,0,0.80249999999999999,0.00011612968541857095,0.02322593708371419,0.0029021883419818322,3.4202617614931605e-05,3.4202617614931523e-05,0.00043540880825580205,6.025809652708078e-05,33,23866,1,2,0,1,11.189661291666667
801,167.05023335943224,197.11966979536132,0.18000236115342877,0.49999935127180178,-6.4872819821593097e-07,12.905942084990821,0.14999999999999999,0.03111111111111111,0.0050000000000000001,4,0,0,27907.424503554324,1.3706545576636994e-05,1,4,0.0050000000000000001,0.075000000000000011,1,1,1,0,0,0,0,0,0,0.0029220740009081336,0.76777395978031659,0.14235493441370531,-0.7413131062888535,0.14065263645672157,0.075000000000000011,285,0.76777395978031659,0.14235493441370531,0.76777395978031659,0.14235493441370528,0,0.17249999999999999,0.00010447140682940757,0.020894281365881513,0.0029220740009081336,3.4436972352850784e-05,3.4436972352850906e-05,0.0004296651623465433,6.1164956005696209e-05,66,23932,1,2,0,1,22.712332750000002
802,167.05502900855481,197.12400263969013,0.17999442345190042,0.49999944718721662,-5.5281278338314976e-07,12.934280807778087,0.14999999999999999,0.03111111111111111,0.0050000000000000001,4,0,0,27899.517959196128,1.1200998591064074e-05,1,4,0.0050000000000000001,0.075000000000000011,1,1,1,0,0,0,0,0,0,0.007307905318187276,-0.92760830603444544,0.20495008912512222,-0.76730261908768393,0.14065263645672157,0.075000000000000011,285,-0.92760830603444544,0.20495008912512222,-0.92760830603444544,0.20495008912512219,0,0.88138888888888889,0.00013273430202250119,0.026546860404500237,0.007307905318187276,8.6124490112657616e-05,8.6124490112657535e-05,0.00050014210035958053,0.00010250416804392186,11,23943,1,2,0,1,4.6827386666666664
803,167.0410244482789,197.1094532150619,0.18000625215330335,0.49999951820987448,-4.8179012551718969e-07,12.915370175617232,0.14999999999999999,0.03111111111111111,0.0050000000000000001,4,0,0,27908.969608532392,-1.8394106272671924e-05,1,4,0.0050000000000000001,0.075000000000000011,1,1,1,0,0,0,0,0,0,0.0048463798666791838,-0.97292209891035097,0.17531281945432198,-0.76730261908768393,0.14065263645672157,0.075000000000000011,285,-0.97292209891035097,0.17531281945432198,-0.97292209891035097,0.17531281945432198,0,0.97305555555555556,0.00010055265862097344,0.020110531724194688,0.0048463798666791838,5.7115134465580114e-05,5.7115134465580053e-05,0.00047070834640586061,8.2521207349093087e-05,40,23983,1,2,0,1,13.29979075
804,167.05123407735775,197.11921610168034,0.17999257647147204,0.49999939476673039,-6.0523326961270385e-07,12.91269614432721,0.14999999999999999,0.03111111111111111,0.0050000000000000001,4,0,0,27906.553227210385,1.1920638278714621e-05,1,4,0.0050000000000000001,0.075000000000000011,1,1,1,0,0,0,0,0,0,0.001038558039810161,0.68822192112924241,0.15848348192284317,-0.7413131062888535,0.14111966085617733,0.075000000000000011,285,0.68822192112924241,0.15848348192284317,0.68822192112924241,0.15848348192284314,0,0.18861111111111112,0.00011056390702916688,0.022112781405833375,0.001038558039810161,1.2239523876759553e-05,1.2239523876759573e-05,0.0004555813001374831,7.2202110744724193e-05,45,24028,1,2,0,1,15.565660583333333
805,167.05243337104659,197.12048103169437,0.17999167718714087,0.49999951218575733,-4.8781424266675089e-07,12.910317815132002,0.14999999999999999,0.03111111111111111,0.0050000000000000001,4,0,0,27906.500282505494,1.1813198074471239e-05,1,4,0.0050000000000000001,0.075000000000000011,1,1,1,0,0,0,0,0,0,0.0010581504338480019,0.82574037571758796,0.1419097411772838,-0.7413131062888535,0.14089706423796661,0.075000000000000011,285,0.82574037571758796,0.1419097411772838,0.82574037571758796,0.14190974117728378,0,0.16750000000000001,0.00010199681157077253,0.020399362314154505,0.0010581504338480019,1.2470422454823489e-05,1.2470422454823525e-05,0.00043559881950426332,6.1815715732980374e-05,47,24075,1,2,0,1,15.877792749999999
806,167.05281695092884,197.12083750940167,0.17999110166041196,0.49999926737474759,-7.3262525240869181e-07,12.925873368213162,0.14999999999999999,0.03111111111111111,0.0050000000000000001,4,0,0,27904.454291361475,1.0507459428785939e-05,1,4,0.0050000000000000001,0.075000000000000011,1,1,1,0,0,0,0,0,0,0.0047599567234298769,-0.73220254390700523,0.20880440229096844,-0.72945419587005078,0.14089706423796661,0.075000000000000011,285,-0.73220254390700523,0.20880440229096844,-0.73220254390700523,0.20880440229096842,0,0.85888888888888892,0.00011202982233910353,0.022405964467820706,0.0047599567234298769,5.6096627954862757e-05,5.6096627954862635e-05,0.00045054053168548539,9.40748464264429e-05,30,24105,1,2,0,1,11.303849166666666
807,167.0475037285585,197.11420399738336,0.17998892289753293,0.49999925019717967,-7.4980282033232371e-07,12.915995294746892,0.14999999999999999,0.03111111111111111,0.0050000000000000001,4,0,0,27906.543216947899,-1.2900416993450644e-05,1,4,0.0050000000000000001,0.075000000000000011,1,1,1,0,0,0,0,0,0,0.0032264169542112037,-0.90892390230222408,0.20946140599459315,-0.72945419587005078,0.14089706423796661,0.075000000000000011,285,-0.90892390230222408,0.20946140599459315,-0.90892390230222408,0.20946140599459315,0,0.93527777777777776,0.00010977451844722326,0.021954903689444652,0.0032264169542112037,3.8023688454299813e-05,3.8023688454299793e-05,0.00039822749065899002,8.3413290099130762e-05,32,24137,1,2,0,1,10.720086208333333
808,167.05077170002482,197.118416755445,0.17999105750563679,0.49999925008112694,-7.499188730553108e-07,12.905126297305387,0.14999999999999999,0.03111111111111111,0.0050000000000000001,4,0,0,27907.178594567038,3.5032246915504006e-05,1,4,0.0050000000000000001,0.075000000000000011,1,1,1,0,0,0,0,0,0,0.0031022896551979231,0.83366258069732724,0.2057444897824266,-0.72945419587005078,0.14089706423796661,0.075000000000000011,285,0.83366258069732724,0.2057444897824266,0.83366258069732724,0.20574448978242657,0,0.1238888888888889,9.7779804435919082e-05,0.019555960887183817,0.0031022896551979231,3.6560834206588792e-05,3.6560834206589178e-05,0.0003911323037346855,8.0473316269317972e-05,66,24203,1,2,0,1,22.845188125
809,167.05520259920783,197.12294294162811,0.17998685389378505,0.49999938669232186,-6.1330767814338216e-07,12.933301681175699,0.14999999999999999,0.03111111111111111,0.0050000000000000001,4,0,0,27899.658779984675,3.4009211117209034e-05,1,4,0.0050000000000000001,0.075000000000000011,1,1,1,0,0,0,0,0,0,0.00718882913984109,-0.92577434507715917,0.15287520917887484,-0.72945419587005078,0.14089706423796661,0.075000000000000011,285,-0.92577434507715917,0.15287520917887484,-0.92577434507715917,0.15287520917887484,0,0.87666666666666671,0.00013383503450781485,0.02676700690156297,0.00718882913984109,8.4721163892884836e-05,8.4721163892884877e-05,0.00045199147538623955,6.9098291346739629e-05,9,24212,1,2,0,1,3.6714829999999998
810,167.04067424881731,197.10815452190889,0.18000095131503255,0.4999994436786307,-5.5632136930494624e-07,12.917548656855249,0.14999999999999999,0.03111111111111111,0.0050000000000000001,4,0,0,27908.712752356787,-7.3276078931099386e-06,1,4,0.0050000000000000001,0.075000000000000011,1,1,1,0,0,0,0,0,0,0.0041843829333982332,-0.9413397762161978,0.12564290119641389,-0.72945419587005078,0.14062841527103331,0.075000000000000011,285,-0.9413397762161978,0.12564290119641389,-0.9413397762161978,0.12564290119641386,0,0.94777777777777783,0.00010507773511145822,0.021015547022291643,0.0041843829333982332,4.9313425788119139e-05,4.9313425788119606e-05,0.00046710228355942768,5.8688086061876468e-05,40,24252,1,2,0,1,13.134688166666667
811,167.0505758583918,197.11797938780708,0.17998982269240019,0.49999945282640534,-5.4717359465605853e-07,12.902615872566175,0.14999999999999999,0.03111111111111111,0.0050000000000000001,4,0,0,27907.77964323814,8.4485369442742734e-06,1,4,0.0050000000000000001,0.075000000000000011,1,1,1,0,0,0,0,0,0,0.0041821804780179219,0.80654350897675586,0.1224433961414422,-0.72945419587005078,0.14062841527103331,0.075000000000000011,285,0.80654350897675586,0.1224433961414422,0.80654350897675586,0.1224433961414422,0,0.105,9.0851178140168511e-05,0.018170235628033701,0.0041821804780179219,4.9287469602541157e-05,4.9287469602540764e-05,0.00048195278080911757,5.9011935262080443e-05,70,24322,1,2,0,1,23.954051
812,167.05611351265335,197.1233857088109,0.17998307014295623,0.49999944962787135,-5.5037212864927909e-07,12.933265972152592,0.14999999999999999,0.03111111111111111,0.0050000000000000001,4,0,0,27900.110798748818,8.3751983158526503e-06,1,4,0.0050000000000000001,0.075000000000000011,1,1,1,0,0,0,0,0,0,0.0080148489285419688,-0.93464534952655964,0.11688116113214042,-0.74406145432580795,0.14062841527103331,0.075000000000000011,285,-0.93464534952655964,0.11688116113214042,-0.93464534952655964,0.11688116113214045,0,0.89583333333333337,0.00013837488033803947,0.027674976067607895,0.0080148489285419688,9.4455900459296011e-05,9.4455900459296173e-05,0.00049028419115575627,5.7304985547017083e-05,12,24334,1,2,0,1,4.9033146250000001
813,167.04141377832136,197.1076021264565,0.17999242025115769,0.49999927941748595,-7.2058251404660822e-07,12.922684967147418,0.14999999999999999,0.03111111111111111,0.0050000000000000001,4,0,0,27907.427178605845,3.7639836474409124e-05,1,4,0.0050000000000000001,0.075000000000000011,1,1,1,0,0,0,0,0,0,0.0029713863759079913,-0.87147162883425,0.13444326395724979,-0.81369599678943039,0.14062841527103331,0.075000000000000011,285,-0.87147162883425,0.13444326395724979,-0.87147162883425,0.13444326395724976,0,0.88888888888888884,0.00015045895091156356,0.030091790182312714,0.0029713863759079913,3.5018124265497675e-05,3.5018124265497363e-05,0.00046818718095567347,6.2944612750624274e-05,27,24361,1,2,0,1,9.1608092083333332
814,167.04853459468796,197.11469484394613,0.17998457946493263,0.49999928175089342,-7.1824910657936059e-07,12.910227326902019,0.14999999999999999,0.03111111111111111,0.0050000000000000001,4,0,0,27907.093517569079,3.0619832660108405e-06,1,4,0.0050000000000000001,0.075000000000000011,1,1,1,0,0,0,0,0,0,0.0036760814300370215,0.77507829100247516,0.12155428910007321,-0.74406145432580795,0.14062841527103331,0.075000000000000011,285,0.77507829100247516,0.12155428910007321,0.77507829100247516,0.12155428910007321,0,0.16583333333333333,9.1940135908043938e-05,0.018388027181608788,0.0036760814300370215,4.3323035122885311e-05,4.33230351228846e-05,0.00049927069220179849,6.0688494059091082e-05,46,24407,1,2,0,1,15.870546166666667
815,167.05330956416651,197.12010135978213,0.17998321538231316,0.49999951530808051,-4.8469191948896651e-07,12.914956003089998,0.14999999999999999,0.03111111111111111,0.0050000000000000001,4,0,0,27906.193251660294,3.3722508337299257e-06,1,4,0.0050000000000000001,0.075000000000000011,1,1,1,0,0,0,0,0,0,0.0015326116129635663,-0.59499708026196496,0.12299014718469294,-0.74406145432580795,0.14062841527103331,0.075000000000000011,285,-0.59499708026196496,0.12299014718469294,-0.59499708026196496,0.12299014718469294,0,0.73111111111111116,9.9132300620331904e-05,0.019826460124066379,0.0015326116129635663,1.8062001074196502e-05,1.8062001074196329e-05,0.00050486227082117128,6.2093084996294159e-05,39,24446,1,2,0,1,13.252048916666666
816,167.05101384285746,197.11815164440341,0.17998776008524969,0.49999947612335105,-5.2387664895015007e-07,12.90615250679287,0.14999999999999999,0.03111111111111111,0.0050000000000000001,4,0,0,27907.129893308978,5.4494621025761796e-07,1,4,0.0050000000000000001,0.075000000000000011,1,1,1,0,0,0,0,0,0,0.0024987032430774082,-0.59717521242722904,0.19705583181711614,-0.74406145432580795,0.14062841527103331,0.075000000000000011,285,-0.59717521242722904,0.19705583181711614,-0.59717521242722904,0.19705583181711611,0,0.73750000000000004,9.5361857423495455e-05,0.019072371484699091,0.0024987032430774082,2.9447500122547557e-05,2.9447500122547574e-05,0.00047821314298885623,9.4234688677546569e-05,61,24507,1,2,0,1,20.568109791666668
817,167.0546292195973,197.1214514520465,0.17998197579383235,0.49999937747889145,-6.225211085508775e-07,12.934606420893507,0.14999999999999999,0.03111111111111111,0.0050000000000000001,4,0,0,27900.756789432882,2.0697385534783726e-05,1,4,0.0050000000000000001,0.075000000000000011,1,1,1,0,0,0,0,0,0,0.0075672987158475463,-0.92994251115286319,0.14645020799828232,-0.74406145432580795,0.14213233779549456,0.075000000000000011,285,-0.92994251115286319,0.14645020799828232,-0.92994251115286319,0.14645020799828229,0,0.86611111111111116,0.00013580246870516829,0.027160493741033659,0.0075672987158475463,8.9181470620667544e-05,8.9181470620667869e-05,0.00052937092515522428,7.7526482097225736e-05,13,24520,1,2,0,1,5.3175726666666669
818,167.04132923786648,197.10699745878844,0.17998939758260976,0.49999934726819339,-6.5273180660518904e-07,12.920450047785097,0.14999999999999999,0.03111111111111111,0.0050000000000000001,4,0,0,27907.333166455719,-2.4472288084535819e-05,1,4,0.0050000000000000001,0.075000000000000011,1,1,1,0,0,0,0,0,0,0.0038273582242693443,-0.9234738896960919,0.1403437182092416,-0.74406145432580795,0.14213233779549456,0.075000000000000011,285,-0.9234738896960919,0.1403437182092416,-0.9234738896960919,0.14034371820924157,0,0.96750000000000003,0.00011310355602194061,0.022620711204388123,0.0038273582242693443,4.5105849240182601e-05,4.5105849240182553e-05,0.00053791594018881767,7.5493123130118694e-05,38,24558,1,2,0,1,12.668691041666667
819,167.04971720811824,197.11513031416496,0.17997883270038609,0.49999955458491424,-4.4541508575912658e-07,12.899445033963824,0.14999999999999999,0.03111111111111111,0.0050000000000000001,4,0,0,27908.366485072114,-2.2952387913927613e-05,1,4,0.0050000000000000001,0.075000000000000011,1,1,1,0,0,0,0,0,0,0.0057040482168543788,0.8487436950417625,0.23092313365547204,-0.74406145432580795,0.14440257120599381,0.075000000000000011,285,0.8487436950417625,0.23092313365547204,0.8487436950417625,0.23092313365547204,0,0.057500000000000002,0.00013252796369897071,0.026505592739794141,0.0057040482168543788,6.7222852905879428e-05,6.7222852905879536e-05,0.00052041762920181241,0.00012017646974483401,78,24636,1,2,0,1,27.061529916666668
820,167.05735846996186,197.12260082868013,0.17996957831776222,0.49999932938844499,-6.7061155500924841e-07,12.931652260657359,0.14999999999999999,0.03111111111111111,0.0050000000000000001,4,0,0,27899.428626339923,2.8606537245775137e-05,1,4,0.0050000000000000001,0.075000000000000011,1,1,1,0,0,0,0,0,0,0.0082513905865221997,-0.93457538633587656,0.13278648393429046,-0.80183708637062767,0.14440257120599381,0.075000000000000011,285,-0.93457538633587656,0.13278648393429046,-0.93457538633587656,0.13278648393429046,0,0.93527777777777776,0.00017329701419796988,0.034659402839593977,0.0082513905865221997,9.7243570632478177e-05,9.7243570632478407e-05,0.00056834777404617121,7.5468902567471651e-05,9,24645,1,2,0,1,3.6477296666666668
821,167.04070421045682,197.10540062999158,0.17998425330903683,0.49999945166520959,-5.4833479040672373e-07,12.91683377957229,0.14999999999999999,0.03111111111111111,0.0050000000000000001,4,0,0,27908.881204658079,-1.3953731785697746e-05,1,4,0.0050000000000000001,0.075000000000000011,1,1,1,0,0,0,0,0,0,0.0042482395743507475,-0.88622658486697836,0.13757386028053398,-0.87884910685061413,0.14417997458778306,0.075000000000000011,285,-0.88622658486697836,0.13757386028053398,-0.88622658486697836,0.137573860280534,0,0.93944444444444442,0.00010180800647024208,0.020361601294048414,0.0042482395743507475,5.006598351880776e-05,5.0065983518807272e-05,0.00056912628796243763,7.8296900422123347e-05,40,24685,1,2,0,1,13.111896625
822,167.05098747462679,197.11631113895214,0.17997692871400678,0.49999932748251708,-6.7251748292473934e-07,12.9058453632616,0.14999999999999999,0.03111111111111111,0.0050000000000000001,4,0,0,27907.327655880479,-1.1278902920531582e-05,1,4,0.0050000000000000001,0.075000000000000011,1,1,1,0,0,0,0,0,0,0.0033288111189282853,0.65364937583242078,0.21083356837729889,-0.80183708637062767,0.14417997458778306,0.075000000000000011,285,0.65364937583242078,0.21083356837729889,0.65364937583242078,0.21083356837729886,0,0.17611111111111111,9.0423364077260417e-05,0.018084672815452084,0.0033288111189282853,3.9230415258056154e-05,3.923041525805635e-05,0.00051390080276119776,0.00010834754003810177,67,24752,1,2,0,1,23.295101500000001
823,167.05502783196519,197.12014858842403,0.17997136121338589,0.49999944265665885,-5.5734334114543316e-07,12.934398554333876,0.14999999999999999,0.03111111111111111,0.0050000000000000001,4,0,0,27899.590590982622,1.2458315838516732e-05,1,4,0.0050000000000000001,0.075000000000000011,1,1,1,0,0,0,0,0,0,0.0073669061876797254,-0.88300365188223062,0.12364216564536736,-0.80183708637062767,0.1411267296932627,0.075000000000000011,285,-0.88300365188223062,0.12364216564536736,-0.88300365188223062,0.12364216564536736,0,0.84805555555555556,0.00014061172809344506,0.02812234561868901,0.0073669061876797254,8.6819822027891174e-05,8.6819822027890605e-05,0.00056570250052359107,6.9944682275736362e-05,11,24763,1,2,0,1,4.5179838333333331
824,167.04134154686679,197.10549625625865,0.17998032361920871,0.49999928336000521,-7.1663999479110174e-07,12.922898006253302,0.14999999999999999,0.03111111111111111,0.0050000000000000001,4,0,0,27908.062115494151,-1.0096880495444592e-05,1,4,0.0050000000000000001,0.075000000000000011,1,1,1,0,0,0,0,0,0,0.0030662981371012052,-0.8999887659802478,0.12976707590046968,-0.87723764035824026,0.1389587892448878,0.075000000000000011,285,-0.8999887659802478,0.12976707590046968,-0.8999887659802478,0.12976707590046968,0,0.88749999999999996,0.00010221187247540404,0.020442374495080809,0.0030662981371012052,3.6136670098065667e-05,3.613667009806564e-05,0.00055851613549877215,7.247700574690617e-05,27,24790,1,2,0,1,9.1023311249999992
825,167.04887267495249,197.11282468022043,0.17997099605554992,0.49999950931722631,-4.9068277369057611e-07,12.911490122908335,0.14999999999999999,0.03111111111111111,0.0050000000000000001,4,0,0,27906.651369587617,-8.5620134726128352e-06,1,4,0.0050000000000000001,0.075000000000000011,1,1,1,0,0,0,0,0,0,0.0035156118341418633,0.76224098318948386,0.10429988244129823,-0.87723764035824026,0.1360085621188919,0.075000000000000011,285,0.76224098318948386,0.10429988244129823,0.76224098318948386,0.10429988244129824,0,0.16555555555555557,9.6516500724768651e-05,0.019303300144953729,0.0035156118341418633,4.1431882799023123e-05,4.1431882799023414e-05,0.00058188601722359927,6.0690643190656643e-05,44,24834,1,2,0,1,14.895494875000001
826,167.05289294758683,197.11772232668002,0.17997191696959175,0.49999944669023705,-5.5330976295175915e-07,12.901069599330883,0.14999999999999999,0.03111111111111111,0.0050000000000000001,4,0,0,27907.939454076241,-5.8200961912648755e-06,1,4,0.0050000000000000001,0.075000000000000011,1,1,1,0,0,0,0,0,0,0.0029954126247522229,0.92487917718360968,0.10658770676873737,-0.87723764035824026,0.13361487394577012,0.075000000000000011,285,0.92487917718360968,0.10658770676873737,0.92487917718360968,0.1065877067687374,0,0.079444444444444443,8.1584281160266046e-05,0.016316856232053208,0.0029954126247522229,3.53012763235682e-05,3.5301276323568234e-05,0.00058773979342461994,6.264583675786167e-05,72,24906,1,2,0,1,24.491270875000001
827,167.05676909865414,197.12133163501903,0.17996614383587464,0.49999953871709446,-4.6128290553948403e-07,12.932927878793162,0.14999999999999999,0.03111111111111111,0.0050000000000000001,4,0,0,27899.413399012978,-1.2506974047010499e-05,1,4,0.0050000000000000001,0.075000000000000011,1,1,1,0,0,0,0,0,0,0.0081549865496852933,-0.90755532380316573,0.1040935256453973,-0.87723764035824026,0.13127677991738007,0.075000000000000011,285,-0.90755532380316573,0.1040935256453973,-0.90755532380316573,0.10409352564539731,0,0.87361111111111112,0.00017828926336313497,0.035657852672626993,0.0081549865496852933,9.6107438162792609e-05,9.6107438162792636e-05,0.00059466576096674467,6.1900855639631535e-05,8,24914,1,2,0,1,3.2233948749999999
828,167.03992166742799,197.10406210716511,0.17998176806855798,0.49999941809256004,-5.8190743995600869e-07,12.919853622583769,0.14999999999999999,0.03111111111111111,0.0050000000000000001,4,0,0,27908.745770734986,3.4146608757069648e-06,1,4,0.0050000000000000001,0.075000000000000011,1,1,1,0,0,0,0,0,0,0.003648946646988021,-0.88379697755989206,0.091124452312606838,-0.8834003147210614,0.12770498854844178,0.075000000000000011,285,-0.88379697755989206,0.091124452312606838,-0.88379697755989206,0.091124452312606852,0,0.81166666666666665,0.00010000715391188532,0.020001430782377063,0.003648946646988021,4.3003248637885747e-05,4.3003248637886059e-05,0.00059256316036444823,5.3996993448837757e-05,34,24948,1,2,0,1,11.273143791666667
829,167.04986139892677,197.11391856678259,0.17997056038293111,0.49999938419707252,-6.1580292748386611e-07,12.900710161187195,0.14999999999999999,0.03111111111111111,0.0050000000000000001,4,0,0,27907.955165627096,7.9228922453048867e-06,1,4,0.0050000000000000001,0.075000000000000011,1,1,1,0,0,0,0,0,0,0.0052615556243173446,0.72175297672603955,0.093524618759769029,-0.87723764035824026,0.12464253342089063,0.075000000000000011,285,0.72175297672603955,0.093524618759769029,0.72175297672603955,0.093524618759769043,0,0.21861111111111112,0.000111151415913204,0.022230283182640802,0.0052615556243173446,6.2008027692416875e-05,6.2008027692416916e-05,0.00058734833515098554,5.4931529124180973e-05,83,25031,1,2,0,1,28.018375083333332
830,167.05650776483739,197.11955731471707,0.17995736863001424,0.49999953816788117,-4.6183211882544484e-07,12.932545651226668,0.14999999999999999,0.03111111111111111,0.0050000000000000001,4,0,0,27898.950711190191,-2.4754897473644e-05,1,4,0.0050000000000000001,0.075000000000000011,1,1,1,0,0,0,0,0,0,0.0081573860898127258,-0.93526864192798798,0.092185860001870304,-0.87723764035824026,0.12331615641503015,0.075000000000000011,285,-0.93526864192798798,0.092185860001870304,-0.93526864192798798,0.092185860001870304,0,0.875,0.00017633259935244063,0.035266519870488129,0.0081573860898127258,9.6135717014389892e-05,9.6135717014390461e-05,0.00058624048153289757,5.4043082958020726e-05,8,25039,1,2,0,1,3.2353296666666669
831,167.04013309825388,197.10313163596865,0.17997470416305023,0.49999947097438102,-5.2902561897827383e-07,12.917627923638387,0.14999999999999999,0.03111111111111111,0.0050000000000000001,4,0,0,27909.046202929083,6.8019200784367965e-06,1,4,0.0050000000000000001,0.075000000000000011,1,1,1,0,0,0,0,0,0,0.0040232919182949098,-0.92131916595816599,0.086202720304358896,-0.8834003147210614,0.12331615641503015,0.075000000000000011,285,-0.92131916595816599,0.086202720304358896,-0.92131916595816599,0.08620272030435891,0,0.84722222222222221,9.7289690344796068e-05,0.019457938068959214,0.0040232919182949098,4.7414949968656063e-05,4.741494996865584e-05,0.00058358944798274619,5.0306997957031874e-05,35,25074,1,2,0,1,11.642300791666667
832,167.05061950001905,197.11377832483015,0.17996436597954471,0.49999953234502803,-4.6765497196954442e-07,12.902121656278922,0.14999999999999999,0.03111111111111111,0.0050000000000000001,4,0,0,27907.436496671624,3.4456702679821691e-06,1,4,0.0050000000000000001,0.075000000000000011,1,1,1,0,0,0,0,0,0,0.0043781123412699073,0.76393572404604415,0.096440969646202482,-0.87723764035824026,0.12331615641503015,0.075000000000000011,285,0.76393572404604415,0.096440969646202482,0.76393572404604415,0.096440969646202496,0,0.16166666666666665,0.00011775739273782462,0.023551478547564925,0.0043781123412699073,5.1596548755141058e-05,5.1596548755141153e-05,0.00059595558147983098,5.747453414398133e-05,76,25150,1,2,0,1,25.973438874999999
833,167.05599458976886,197.11853413242207,0.17995486852463033,0.49999933003461594,-6.6996538405916795e-07,12.9332973578957,0.14999999999999999,0.03111111111111111,0.0050000000000000001,4,0,0,27899.662651076404,-2.202570790357507e-05,1,4,0.0050000000000000001,0.075000000000000011,1,1,1,0,0,0,0,0,0,0.0080243774165337477,-0.92506680508002403,0.092232588648392552,-0.8834003147210614,0.12227221814238307,0.075000000000000011,285,-0.92506680508002403,0.092232588648392552,-0.92506680508002403,0.09223258864839258,0,0.90694444444444444,0.00016018283187171084,0.032036566374342171,0.0080243774165337477,9.4568194767186706e-05,9.4568194767186449e-05,0.00060370395421912681,5.5681178474900736e-05,9,25159,1,2,0,1,3.8117795416666667
834,167.04010475126782,197.10237000308445,0.17997034482575933,0.49999947171484627,-5.2828515373359863e-07,12.916966322428799,0.14999999999999999,0.03111111111111111,0.0050000000000000001,4,0,0,27908.822265258845,6.3147886461801086e-06,1,4,0.0050000000000000001,0.075000000000000011,1,1,1,0,0,0,0,0,0,0.0044671880739631485,-0.91806957236960551,0.10126634270661924,-0.88501178121343527,0.11478892697671515,0.075000000000000011,285,-0.91806957236960551,0.10126634270661924,-0.91806957236960551,0.10126634270661926,0,0.92944444444444441,0.00010102720826864474,0.020205441653728947,0.0044671880739631485,5.264631633225024e-05,5.2646316332250308e-05,0.00062021360045331141,6.2806763014811254e-05,38,25197,1,2,0,1,12.447889166666666
835,167.05102366192983,197.11378944431053,0.17996157774657123,0.49999941691122457,-5.8308877542989634e-07,12.90326963242914,0.14999999999999999,0.03111111111111111,0.0050000000000000001,4,0,0,27907.8271693147,5.5677827915937339e-06,1,4,0.0050000000000000001,0.075000000000000011,1,1,1,0,0,0,0,0,0,0.0038155750910323599,0.7998506493764248,0.10588944525253233,-0.88501178121343527,0.10623857601063486,0.075000000000000011,285,0.7998506493764248,0.10588944525253233,0.7998506493764248,0.10588944525253234,0,0.092222222222222219,9.221986934509776e-05,0.018443973869019553,0.0038155750910323599,4.4966983683257668e-05,4.496698368325798e-05,0.00062374870133754601,6.6048403961620219e-05,72,25269,1,2,0,1,23.961142833333334
836,167.05612980718166,197.1183273631155,0.17995267573019924,0.49999944174593047,-5.5825406952703105e-07,12.934137218307473,0.14999999999999999,0.03138888888888889,0.0050000000000000001,4,0,0,27899.947560039382,8.1396164265051425e-06,1,4,0.0050000000000000001,0.075000000000000011,1,1,1,0,0,0,0,0,0,0.0080986335988207647,-0.93899513585152217,0.1718722047955325,-0.89310767542361313,0.10623857601063486,0.075000000000000011,285,-0.93899513585152217,0.1718722047955325,-0.93899513585152217,0.17187220479553253,0,0.89777777777777779,0.00014866434795465146,0.029732869590930293,0.0080986335988207647,9.5443312267856268e-05,9.5443312267855969e-05,0.00068389073728183372,0.00011754180885587104,12,25281,1,2,0,1,4.8860340000000004
837,167.04139751786403,197.10256531608701,0.17996238204968398,0.49999934764721393,-6.5235278606801117e-07,12.918643012167269,0.14999999999999999,0.03111111111111111,0.0050000000000000001,4,0,0,27908.288687670338,-2.3400697455522762e-05,1,4,0.0050000000000000001,0.075000000000000011,1,1,1,0,0,0,0,0,0,0.0042126924455287542,-0.92707938020161973,0.12040507332325574,-0.89310767542361313,0.10623857601063486,0.075000000000000011,285,-0.92707938020161973,0.12040507332325574,-0.92707938020161973,0.12040507332325574,0,0.95638888888888884,0.00012933745311581056,0.025867490623162112,0.0042126924455287542,4.9647056588112039e-05,4.9647056588111937e-05,0.000637430355707153,7.6749848717388747e-05,39,25320,1,2,0,1,12.964254291666666
838,167.0505566031664,197.11170329575626,0.17995238868913807,0.49999936070028017,-6.3929971982901179e-07,12.905773148973701,0.14999999999999999,0.03111111111111111,0.0050000000000000001,4,0,0,27907.766887716905,1.3218324229218768e-05,1,4,0.0050000000000000001,0.075000000000000011,1,1,1,0,0,0,0,0,0,0.0035116245494438703,0.83616734152325711,0.11981910792280265,-0.88501178121343527,0.10623857601063486,0.075000000000000011,285,0.83616734152325711,0.11981910792280265,0.83616734152325711,0.11981910792280266,0,0.091111111111111115,8.9251643986788541e-05,0.017850328797357706,0.0035116245494438703,4.1384892198215253e-05,4.1384892198214887e-05,0.00063581199926748193,7.6182426558843338e-05,66,25386,1,2,0,1,22.547017875000002
839,167.05586534752925,197.11701809689248,0.17994670637170679,0.49999943362965071,-5.6637034928641583e-07,12.934696419593717,0.14999999999999999,0.03111111111111111,0.0050000000000000001,4,0,0,27899.687355348291,4.6482894531976312e-06,1,4,0.0050000000000000001,0.075000000000000011,1,1,1,0,0,0,0,0,0,0.0074469275641605211,-0.94120448673743662,0.18182332113361566,-0.89310767542361313,0.10623857601063486,0.075000000000000011,285,-0.94120448673743662,0.18182332113361566,-0.94120448673743662,0.18182332113361568,0,0.90583333333333338,0.00013302832498010862,0.026605664996021725,0.0074469275641605211,8.7762882993715381e-05,8.7762882993715368e-05,0.00066156685456878037,0.00012028828264961535,11,25397,1,2,0,1,4.583752416666667
840,167.04165890796065,197.10219333045262,0.17995830871779844,0.49999938746708172,-6.1253291827600975e-07,12.918685062033688,0.14999999999999999,0.03111111111111111,0.0050000000000000001,4,0,0,27908.850917736869,-2.3505720353929731e-05,1,4,0.0050000000000000001,0.075000000000000011,1,1,1,0,0,0,0,0,0,0.004222179897398896,-0.94930900155236575,0.12331423913924801,-0.89310767542361313,0.10623857601063486,0.075000000000000011,285,-0.94930900155236575,0.12331423913924801,-0.94930900155236575,0.12331423913924802,0,0.98083333333333333,0.00010188026144603044,0.020376052289206088,0.004222179897398896,4.9758867280671345e-05,4.9758867280671542e-05,0.00061519000483506144,7.5861687372305909e-05,40,25437,1,2,0,1,13.576765375000001
841,167.05067789819367,197.11091188348917,0.17994679437107833,0.49999898109942253,-1.0189005774652315e-06,12.905748098633316,0.14999999999999999,0.03111111111111111,0.0050000000000000001,4,0,0,27907.724318324927,1.3684674370288732e-05,1,4,0.0050000000000000001,0.075000000000000011,1,1,1,0,0,0,0,0,0,0.0035988192846511473,0.85986014322489979,0.11839775444773937,-0.89189287177006993,0.10623857601063486,0.075000000000000011,285,0.85986014322489979,0.11839775444773937,0.85986014322489979,0.1183977544477394,0,0.088333333333333333,0.00013237983720756449,0.026475967441512899,0.0035988192846511473,4.2412492007362436e-05,4.2412492007361881e-05,0.0006101875468737674,7.2244835341828771e-05,66,25503,1,2,0,1,22.954814166666665
842,167.05587703889736,197.11646228547409,0.17994329669453893,0.49999944004233537,-5.5995766462535457e-07,12.934676352500283,0.14999999999999999,0.03111111111111111,0.0050000000000000001,4,0,0,27899.629122550465,8.3563621969852584e-06,1,4,0.0050000000000000001,0.075000000000000011,1,1,1,0,0,0,0,0,0,0.0074538336650195906,-0.94095315645063249,0.18003006526968693,-0.90377204489170682,0.10623857601063486,0.075000000000000011,285,-0.94095315645063249,0.18003006526968693,-0.94095315645063249,0.1800300652696869,0,0.90694444444444444,0.0001444789788454377,0.028895795769087539,0.0074538336650195906,8.7844272172865484e-05,8.7844272172865118e-05,0.00064643527029149134,0.0001163777839032049,11,25514,1,2,0,1,4.5251703333333335
843,167.04175536826645,197.10179966668409,0.17995527065760383,0.49999930865994907,-6.91340050928968e-07,12.918568571068811,0.14999999999999999,0.03111111111111111,0.0050000000000000001,4,0,0,27908.959279686605,-2.0011701844000521e-05,1,4,0.0050000000000000001,0.075000000000000011,1,1,1,0,0,0,0,0,0,0.0042941402322591218,-0.94403316379183544,0.13010779642291359,-0.91281244808638562,0.10623857601063486,0.075000000000000011,285,-0.94403316379183544,0.13010779642291359,-0.94403316379183544,0.13010779642291356,0,0.96750000000000003,9.9202057865793473e-05,0.019840411573158693,0.0042941402322591218,5.0606927959940019e-05,5.0606927959940256e-05,0.00060247400348424521,7.838656499542591e-05,38,25552,1,2,0,1,12.720068749999999
844,167.05089328755048,197.11077198107418,0.17994443550673261,0.49999931645316703,-6.8354683296911745e-07,12.937349242794497,0.14999999999999999,0.03111111111111111,0.0050000000000000001,4,0,0,27904.160751479983,1.3044891059320492e-05,1,4,0.0050000000000000001,0.075000000000000011,1,1,1,0,0,0,0,0,0,0.0060137936223640838,-0.66318241485976537,0.15519493331037049,-0.91281244808638562,0.10623857601063486,0.075000000000000011,285,-0.66318241485976537,0.15519493331037049,-0.66318241485976537,0.15519493331037051,0,0.81888888888888889,0.00014962683984048124,0.029925367968096247,0.0060137936223640838,7.0873237517167579e-05,7.0873237517167742e-05,0.00062070092466916271,9.6329638609716004e-05,48,25600,1,2,0,1,17.573543874999999
845,167.04650793335733,197.10781573023851,0.17995771458373763,0.49999915561596986,-8.443840301408656e-07,12.934172017865883,0.14999999999999999,0.03111111111111111,0.0050000000000000001,4,0,0,27904.326051211807,-6.3838264867466836e-06,1,4,0.0050000000000000001,0.075000000000000011,1,1,1,0,0,0,0,0,0,0.0023734143066002807,-0.73822995264752655,0.19267597296735814,-0.91281244808638562,0.11249273060823836,0.075000000000000011,285,-0.73822995264752655,0.19267597296735814,-0.73822995264752655,0.19267597296735814,0,0.73750000000000004,0.00011575695040854617,0.023151390081709234,0.0023734143066002807,2.7970955846037101e-05,2.7970955846037051e-05,0.00060370489683194176,0.00011631942838225294,26,25626,1,2,0,1,9.3623778333333334
846,167.04589291142565,197.10571338173852,0.17994947344351517,0.49999930187535507,-6.981246449266898e-07,12.924031414867393,0.14999999999999999,0.03111111111111111,0.0050000000000000001,4,0,0,27905.777649106654,-2.3143594016250154e-05,1,4,0.0050000000000000001,0.075000000000000011,1,1,1,0,0,0,0,0,0,0.0029704355093517158,0.47697914415525056,0.13066581914598574,-0.91281244808638562,0.11910843118527101,0.075000000000000011,285,0.47697914415525056,0.13066581914598574,0.47697914415525056,0.13066581914598574,0,0.30138888888888887,0.00010341203550298721,0.02068240710059744,0.0029704355093517158,3.5006918195665242e-05,3.5006918195665188e-05,0.000543268502759751,7.0986623929316078e-05,29,25655,1,2,0,1,9.6635602083333332
847,167.04947904237912,197.10946090988696,0.17994657654623314,0.49999934583189165,-6.5416810834939554e-07,12.908582678135916,0.14999999999999999,0.03111111111111111,0.0050000000000000001,4,0,0,27907.479712117256,2.6388413678409835e-05,1,4,0.0050000000000000001,0.075000000000000011,1,1,1,0,0,0,0,0,0,0.0044057619842144801,0.95161296979630483,0.12043367711921063,-0.90093327496474873,0.12011209062302919,0.075000000000000011,285,0.95161296979630483,0.12043367711921063,0.95161296979630483,0.12043367711921063,0,0.090833333333333335,9.1601290823944672e-05,0.018320258164788935,0.0044057619842144801,5.1922402922199296e-05,5.1922402922199581e-05,0.00054554384909383865,6.570185177613873e-05,57,25712,1,2,0,1,20.038543624999999
848,167.05505190107289,197.11530192977787,0.17994217886033248,0.49999948109135073,-5.189086492718431e-07,12.906501543327945,0.14999999999999999,0.03111111111111111,0.0050000000000000001,4,0,0,27907.43828652423,-8.3159994970767317e-06,1,4,0.0050000000000000001,0.075000000000000011,1,1,1,0,0,0,0,0,0,0.0014405825917822572,0.61615222842126927,0.11116097547389157,-0.82814976250856609,0.12011209062302919,0.075000000000000011,285,0.61615222842126927,0.11116097547389157,0.61615222842126927,0.11116097547389157,0,0.23000000000000001,9.1101982544545447e-05,0.018220396508909088,0.0014405825917822572,1.6977428658475435e-05,1.6977428658475201e-05,0.00052113638555409891,5.793002897313169e-05,56,25768,1,2,0,1,18.984810791666668
849,167.05494045807833,197.11517961921388,0.17994223384658906,0.49999944879641511,-5.512035848864727e-07,12.936043937007224,0.14999999999999999,0.03111111111111111,0.0050000000000000001,4,0,0,27899.910559796717,-5.9857346928640026e-06,1,4,0.0050000000000000001,0.075000000000000011,1,1,1,0,0,0,0,0,0,0.0077515237998449895,-0.48658954687343914,0.10715349465265332,-0.82814976250856609,0.12011209062302919,0.075000000000000011,285,-0.48658954687343914,0.10715349465265332,-0.48658954687343914,0.10715349465265334,0,0.75555555555555554,0.00014389790447776553,0.028779580895553106,0.0077515237998449895,9.1352584056655106e-05,9.1352584056655242e-05,0.00052472608661703884,5.6226233916426573e-05,12,25780,1,2,0,1,4.9308770833333337
850,167.04107141926943,197.09999293695265,0.1799492858988912,0.49999924225788317,-7.5774211683032888e-07,12.929451831425315,0.14999999999999999,0.03111111111111111,0.0050000000000000001,4,0,0,27906.561772964113,2.4442658989353453e-05,1,4,0.0050000000000000001,0.075000000000000011,1,1,1,0,0,0,0,0,0,0.002161826223574922,-0.75183096259064375,0.12756601003578635,-0.74503045761908515,0.12041937522123319,0.075000000000000011,285,-0.75183096259064375,0.12756601003578635,-0.75183096259064375,0.12756601003578638,0,0.86416666666666664,0.00012480249052043273,0.024960498104086546,0.002161826223574922,2.5477366373945546e-05,2.5477366373945556e-05,0.00050044458571031289,6.3839719043076718e-05,22,25802,1,2,0,1,7.3622456666666665
851,167.04590122253035,197.10496988192426,0.17994496386565451,0.49999933120916357,-6.687908364333417e-07,12.919964841740935,0.14999999999999999,0.03111111111111111,0.0050000000000000001,4,0,0,27905.820496526198,-1.9238662824130764e-05,1,4,0.0050000000000000001,0.075000000000000011,1,1,1,0,0,0,0,0,0,0.0030723478923187779,0.70295003794650457,0.1447770505013094,-0.70070618375364591,0.12187395812922933,0.075000000000000011,285,0.70295003794650457,0.1447770505013094,0.70295003794650457,0.14477705050130943,0,0.13416666666666666,0.00010838691462186592,0.021677382924373184,0.0030723478923187779,3.6207967147046742e-05,3.6207967147046979e-05,0.00049424006084999796,7.1554618249450387e-05,32,25834,1,2,0,1,10.493260125000001
852,167.04917321965161,197.10934816703917,0.17994806180729603,0.49999948606750272,-5.1393249728137747e-07,12.907595651291947,0.14999999999999999,0.03111111111111111,0.0050000000000000001,4,0,0,27907.029283004173,-2.1324131676384346e-05,1,4,0.0050000000000000001,0.075000000000000011,1,1,1,0,0,0,0,0,0,0.0033911920351815377,0.82907819367014635,0.2417834023427847,-0.70070618375364591,0.12544012458751719,0.075000000000000011,285,0.82907819367014635,0.2417834023427847,0.82907819367014635,0.2417834023427847,0,0.12083333333333333,0.00010098539685623921,0.020197079371247841,0.0033911920351815377,3.9965581406377904e-05,3.9965581406378162e-05,0.00044636137008351097,0.00010792277073317815,62,25896,1,2,0,1,20.718391791666665
853,167.05449686181277,197.11401440190176,0.17993839199045433,0.49999938054523602,-6.194547639837289e-07,12.93603960762651,0.14999999999999999,0.03111111111111111,0.0050000000000000001,4,0,0,27900.941221996247,3.3173147687754118e-05,1,4,0.0050000000000000001,0.075000000000000011,1,1,1,0,0,0,0,0,0,0.0075937652292314564,-0.92683109252105855,0.15336819419532535,-0.70070618375364591,0.12883690322934999,0.075000000000000011,285,-0.92683109252105855,0.15336819419532535,-0.92683109252105855,0.15336819419532538,0,0.85972222222222228,0.0001339660858433083,0.026793217168661659,0.0075937652292314564,8.9493381472136342e-05,8.9493381472136152e-05,0.00048524782359570684,7.442158244208535e-05,13,25909,1,2,0,1,5.3120898333333333
854,167.04148251080505,197.09997669311855,0.17994628478209995,0.49999907460151638,-9.2539848361994359e-07,12.92562032492379,0.14999999999999999,0.03111111111111111,0.0050000000000000001,4,0,0,27906.792588275097,-2.8874976723309191e-05,1,4,0.0050000000000000001,0.075000000000000011,1,1,1,0,0,0,0,0,0,0.0027793483707395528,-0.89922307494567733,0.17572037830792739,-0.70070618375364591,0.13038680778444967,0.075000000000000011,285,-0.89922307494567733,0.17572037830792739,-0.89922307494567733,0.17572037830792739,0,0.8586111111111111,0.00013718542285334444,0.027437084570668888,0.0027793483707395528,3.2754934670495337e-05,3.2754934670495127e-05,0.00044712952074903427,7.8569768538662573e-05,26,25935,1,2,0,1,8.9272507916666672
855,167.04824268076729,197.10661613952362,0.17993827996262446,0.49999947635532277,-5.236446772305392e-07,12.922703087763338,0.14999999999999999,0.03111111111111111,0.0050000000000000001,4,0,0,27904.832621042879,-2.7393677137358206e-06,1,4,0.0050000000000000001,0.075000000000000011,1,1,1,0,0,0,0,0,0,0.0018008551133949164,0.44344119836703133,0.17664427904983562,-0.70070618375364591,0.13772143482364757,0.075000000000000011,285,0.44344119836703133,0.17664427904983562,0.44344119836703133,0.17664427904983565,0,0.30861111111111111,0.00012827085957640839,0.025654171915281677,0.0018008551133949164,2.1223281043600237e-05,2.1223281043600061e-05,0.00044038184594659727,7.7790933683872458e-05,28,25963,1,2,0,1,9.5903165416666667
856,167.04825507683526,197.10772954920324,0.17994485760142703,0.49999934204114599,-6.5795885401120913e-07,12.921576939565757,0.14999999999999999,0.03111111111111111,0.0050000000000000001,4,0,0,27905.519649451024,1.1622530901347117e-05,1,4,0.0050000000000000001,0.075000000000000011,1,1,1,0,0,0,0,0,0,0.0013886600418415566,0.83141583062283897,0.16540036626154858,-0.57488598086660225,0.13772143482364757,0.075000000000000011,285,0.83141583062283897,0.16540036626154858,0.83141583062283897,0.16540036626154858,0,0.26472222222222225,0.00010400101151817152,0.020800202303634302,0.0013886600418415566,1.6365515539149324e-05,1.6365515539149182e-05,0.00042174044329008128,6.9756023787487307e-05,27,25990,1,2,0,1,8.7321484583333326
857,167.04790621693567,197.10775612621563,0.17994748087559345,0.49999943604712366,-5.6395287634236624e-07,12.909063143964044,0.14999999999999999,0.03111111111111111,0.0050000000000000001,4,0,0,27907.140223171067,-1.0194504278405952e-05,1,4,0.0050000000000000001,0.075000000000000011,1,1,1,0,0,0,0,0,0,0.0034839407306564551,0.24854368123880191,0.15524752878242923,-0.11902293281731861,0.14907262234831736,0.075000000000000011,285,0.24854368123880191,0.15524752878242923,0.24854368123880191,0.15524752878242926,0,0.43166666666666664,9.8827732196602198e-05,0.01976554643932044,0.0034839407306564551,4.1058635264986576e-05,4.1058635264986739e-05,0.00041087667563286846,6.3787588526342587e-05,62,26052,1,2,0,1,21.348747500000002
858,167.05451273814023,197.11360974434638,0.17993585754444183,0.49999931466956499,-6.853304350129541e-07,12.937061458076213,0.14999999999999999,0.03111111111111111,0.0050000000000000001,4,0,0,27899.589856188002,-8.5121139503317034e-06,1,4,0.0050000000000000001,0.075000000000000011,1,1,1,0,0,0,0,0,0,0.0071893185990945198,-0.92884038925444545,0.22280104930499167,-0.57488598086660225,0.15428156375284791,0.075000000000000011,285,-0.92884038925444545,0.22280104930499167,-0.92884038925444545,0.2228010493049917,0,0.72361111111111109,0.00014207049584189687,0.028414099168379371,0.0071893185990945198,8.4726932225505085e-05,8.472693222550522e-05,0.00047862617919989847,0.00010663841495057636,9,26061,1,2,0,1,3.6727716250000002
859,167.03995166846403,197.09856964285953,0.17994867499755365,0.49999938964077351,-6.1035922649388397e-07,12.922692221660231,0.14999999999999999,0.03111111111111111,0.0050000000000000001,4,0,0,27907.829824654254,-3.5459697713141095e-05,1,4,0.0050000000000000001,0.075000000000000011,1,1,1,0,0,0,0,0,0,0.0036539537636140172,-0.95977395614212146,0.17162694736222978,-0.57488598086660225,0.15428156375284791,0.075000000000000011,285,-0.95977395614212146,0.17162694736222978,-0.95977395614212146,0.17162694736222978,0,0.84722222222222221,0.00011143112849714455,0.02228622569942891,0.0036539537636140172,4.3062258073226311e-05,4.3062258073225999e-05,0.00043033585321646916,7.3857228828063195e-05,29,26090,1,2,0,1,10.143287958333334
860,167.04895263960546,197.10726897719732,0.1799371732814167,0.49999933293080129,-6.6706919871206694e-07,12.910113066454848,0.14999999999999999,0.03111111111111111,0.0050000000000000001,4,0,0,27907.066751858147,-7.8805866961654531e-06,1,4,0.0050000000000000001,0.075000000000000011,1,1,1,0,0,0,0,0,0,0.0034229870203881588,0.87966894037597709,0.19599606345890158,-0.11902293281731861,0.15522123104639984,0.075000000000000011,285,0.87966894037597709,0.19599606345890158,0.87966894037597709,0.19599606345890158,0,0.17861111111111111,9.6078491424290825e-05,0.019215698284858165,0.0034229870203881588,4.0340288900500036e-05,4.034028890049984e-05,0.00044519877574302348,8.725720750235492e-05,60,26150,1,2,0,1,20.760660666666666
861,167.05389559410187,197.11193522507415,0.17993019273256342,0.49999943466257296,-5.6533742703868128e-07,12.90570683040492,0.14999999999999999,0.03111111111111111,0.0050000000000000001,4,0,0,27907.505555031945,2.132263784628015e-06,1,4,0.0050000000000000001,0.075000000000000011,1,1,1,0,0,0,0,0,0,0.0015812738083172883,0.81519824851052103,0.17576113557272743,-0.11902293281731861,0.16032394752198892,0.075000000000000011,285,0.81519824851052103,0.17576113557272743,0.81519824851052103,0.17576113557272743,0,0.11916666666666667,0.00011623059079518677,0.023246118159037352,0.0015812738083172883,1.8635490546230525e-05,1.8635490546230681e-05,0.00042762629914220717,7.516008393799717e-05,62,26212,1,2,0,1,21.837899374999999
862,167.05550907150624,197.11367061755038,0.17992918469499913,0.49999933210473035,-6.6789526964594614e-07,12.936294425932884,0.14999999999999999,0.03111111111111111,0.0050000000000000001,4,0,0,27899.297736498196,1.4993340813413166e-05,1,4,0.0050000000000000001,0.075000000000000011,1,1,1,0,0,0,0,0,0,0.007859760122227024,-0.78478736414701511,0.21141393052137569,-0.11902293281731861,0.16032394752198892,0.075000000000000011,285,-0.78478736414701511,0.21141393052137569,-0.78478736414701511,0.21141393052137566,0,0.83277777777777773,0.00016951200143079979,0.033902400286159956,0.007859760122227024,9.2628161348772269e-05,9.262816134877212e-05,0.00048028887908460106,0.00010153975971298126,9,26221,1,2,0,1,3.6487485
863,167.03980037070565,197.09732434541354,0.17994228865217912,0.49999947978793591,-5.2021206409236243e-07,12.921653713411347,0.14999999999999999,0.03111111111111111,0.0050000000000000001,4,0,0,27908.185212799031,-3.9231397362118623e-05,1,4,0.0050000000000000001,0.075000000000000011,1,1,1,0,0,0,0,0,0,0.0039944674121845805,-0.90854772758124147,0.17104341358497369,-0.11902293281731861,0.16822188992326115,0.075000000000000011,285,-0.90854772758124147,0.17104341358497369,-0.90854772758124147,0.17104341358497371,0,0.9291666666666667,9.8223983111585912e-05,0.019644796622317183,0.0039944674121845805,4.7075249906406616e-05,4.7075249906406806e-05,0.00043787074751887176,7.4894907364631976e-05,34,26255,1,2,0,1,11.272199583333334
864,167.04937398884923,197.10696019065765,0.17993234864690247,0.4999993922280766,-6.0777192339989128e-07,12.917200207427262,0.14999999999999999,0.03111111111111111,0.0050000000000000001,4,0,0,27906.169470112462,1.5460465187927459e-05,1,4,0.0050000000000000001,0.075000000000000011,1,1,1,0,1,1,0,1,0,0.0014225355274119472,0.67803605870284867,0.15737456810039005,0.34599243980291661,0.16822188992326115,0.075000000000000011,285,0.67803605870284867,0.15737456810039005,0.67803605870284867,0.15737456810039002,0,0.17916666666666667,9.648855329944298e-05,0.019297710659888594,0.0014225355274119472,1.6764741965196162e-05,1.6764741965195708e-05,0.00042188055481357238,6.6393270103738881e-05,45,26300,1,2,0,1,15.69148275
865,167.05131160983444,197.10855344943545,0.17992820020355657,0.49999934784036454,-6.5215963546139122e-07,12.906338321544528,0.14999999999999999,0.03111111111111111,0.0050000000000000001,4,0,0,27907.482731931232,3.7959913919736864e-06,1,4,0.0050000000000000001,0.075000000000000011,1,1,1,0,1,1,0,2,0,0.0031686401299584792,0.81344883045955829,0.17743596448232454,0.46021017126114094,0.16822188992326115,0.075000000000000011,285,0.81344883045955829,0.17743596448232454,0.81344883045955829,0.17743596448232457,0,0.10055555555555555,0.00014172827988736617,0.028345655977473232,0.0031686401299584792,3.7342782050557731e-05,3.7342782050557216e-05,0.00043800005582052954,7.7716962347827647e-05,66,26366,1,2,0,1,23.297662875
866,167.05546419725911,197.11285162968997,0.17992459915551814,0.49999931266074271,-6.8733925728814427e-07,12.931462922806858,0.14999999999999999,0.03111111111111111,0.0050000000000000001,4,0,0,27903.370046309032,1.1477479597887324e-05,1,4,0.0050000000000000001,0.075000000000000011,1,1,1,0,1,1,0,3,0,0.006875522325941576,-0.90982477267049544,0.1342389127469302,0.34599243980291661,0.16822188992326115,0.075000000000000011,285,-0.90982477267049544,0.1342389127469302,-0.90982477267049544,0.1342389127469302,0,0.86972222222222217,0.00012538976827504704,0.025077953655009408,0.006875522325941576,8.1028807681213209e-05,8.1028807681213574e-05,0.00050266334796259394,6.7476981308230464e-05,18,26384,1,2,0,1,6.9956796250000002
867,167.04475016386849,197.100583346984,0.1799268348968236,0.49999944841456889,-5.5158543110778169e-07,12.919999310366602,0.14999999999999999,0.03111111111111111,0.0050000000000000001,4,0,0,27906.330996478893,4.6988207315675406e-06,1,4,0.0050000000000000001,0.075000000000000011,1,1,1,0,0,0,0,0,0,0.0032507274094246402,-0.94746806075080758,0.12718153399034637,-0.11902293281731861,0.16822188992326115,0.075000000000000011,285,-0.94746806075080758,0.12718153399034637,-0.94746806075080758,0.12718153399034637,0,0.98166666666666669,0.00013627191845205436,0.027254383690410871,0.0032507274094246402,3.8310189916552358e-05,3.8310189916552642e-05,0.0004999149026141598,6.3579944179103468e-05,32,26416,1,2,0,1,10.600150791666668
868,167.05053623113719,197.10739610188799,0.17992674880829498,0.49999938736675631,-6.1263324369065231e-07,12.91408666234844,0.14999999999999999,0.03111111111111111,0.0050000000000000001,4,0,0,27906.293525525831,3.0154922723157138e-06,1,4,0.0050000000000000001,0.075000000000000011,1,1,1,0,0,0,0,0,0,0.001813556726943121,0.83498957735805268,0.20055950516878959,-0.11902293281731861,0.17133518047360174,0.075000000000000011,285,0.83498957735805268,0.20055950516878959,0.83498957735805268,0.20055950516878959,0,0.11222222222222222,0.00011939322992421723,0.023878645984843443,0.001813556726943121,2.1372970994799344e-05,2.1372970994799808e-05,0.00043656094138345438,8.7556446379886572e-05,49,26465,1,2,0,1,17.211037291666667
869,167.05295118359032,197.10942290112979,0.17992182421553007,0.4999994869851257,-5.1301487430377435e-07,12.913479231792907,0.14999999999999999,0.03111111111111111,0.0050000000000000001,4,0,0,27906.837028310565,5.5165390245360032e-05,1,4,0.0050000000000000001,0.075000000000000011,1,1,1,0,1,1,0,1,0,0.00087086061094910293,0.3406970394730901,0.15764460351797652,0.29462036035594602,0.17133518047360174,0.075000000000000011,285,0.3406970394730901,0.15764460351797652,0.3406970394730901,0.15764460351797652,0,0.23499999999999999,8.8814706255021758e-05,0.01776294125100435,0.00087086061094910293,1.0263190724506173e-05,1.0263190724506011e-05,0.00040376187403473444,6.3650880547880883e-05,47,26512,1,2,0,1,16.167505916666666
870,167.05310231911773,197.10977426285902,0.17992286001564173,0.4999993255854373,-6.7441456269579092e-07,12.938318443350665,0.14999999999999999,0.03111111111111111,0.0050000000000000001,4,0,0,27901.973510503358,2.3226911994578006e-05,1,4,0.0050000000000000001,0.075000000000000011,1,1,1,0,1,1,0,2,0,0.0067905780834728573,-0.33404694119136424,0.23281911955696821,0.29462036035594602,0.17367366283507857,0.075000000000000011,285,-0.33404694119136424,0.23281911955696821,-0.33404694119136424,0.23281911955696821,0,0.74555555555555553,0.00013538260213014319,0.027076520426028636,0.0067905780834728573,8.0027730183340114e-05,8.0027730183339802e-05,0.0004434493153175743,0.00010324347916037803,16,26528,1,2,0,1,6.7824601250000001
871,167.04254651953659,197.09783182497429,0.1799259286431111,0.4999991961825494,-8.0381745060087439e-07,12.93430023203736,0.15027777777777779,0.03111111111111111,0.0050000000000000001,4,0,0,27904.822572609715,3.1653439246589777e-06,1,4,0.0050000000000000001,0.075000000000000011,1,1,1,0,0,0,0,0,0,0.0014070414588720252,-0.78298837077237249,0.23555552734652757,-0.042751629976281166,0.17574075694032743,0.075000000000000011,285,-0.78298837077237249,0.23555552734652757,-0.78298837077237249,0.23555552734652757,0,0.86611111111111116,0.00012846719475913016,0.02569343895182603,0.0014070414588720252,1.6582142616317029e-05,1.6582142616317815e-05,0.00044139596738766148,0.00010397325986663128,16,26544,1,2,0,1,5.1892918333333338
872,167.04461687140352,197.09999378121938,0.17992424702289861,0.49999958497817654,-4.1502182346331296e-07,12.926150729928478,0.15027777777777779,0.03111111111111111,0.0050000000000000001,4,0,0,27904.942533550049,-1.2487692356641771e-05,1,4,0.0050000000000000001,0.075000000000000011,1,1,1,0,0,0,0,0,0,0.0026684171678764278,0.81906394839283325,0.1744914122895711,-0.042751629976281166,0.17510589529874926,0.075000000000000011,285,0.81906394839283325,0.1744914122895711,0.81906394839283325,0.17449141228957107,0,0.15638888888888888,0.00013787126992173348,0.027574253984346694,0.0026684171678764278,3.1447597907333736e-05,3.1447597907334062e-05,0.00038021540394622341,6.6344322808826287e-05,25,26569,1,2,0,1,8.3008944166666669
873,167.04765194550663,197.10432729775792,0.17992875088155214,0.49999937791418608,-6.2208581391720585e-07,12.921374275985082,0.15027777777777779,0.03111111111111111,0.0050000000000000001,4,0,0,27905.753825362008,3.5447853297348708e-05,1,4,0.0050000000000000001,0.075000000000000011,1,1,1,0,1,1,0,1,0,0.001758894438757176,0.88349125229496139,0.16135319019144911,0.29462036035594602,0.17510589529874926,0.075000000000000011,285,0.88349125229496139,0.16135319019144911,0.88349125229496139,0.16135319019144911,0,0.13666666666666666,0.00016462939357327717,0.032925878714655431,0.001758894438757176,2.072876975060843e-05,2.0728769750608484e-05,0.00035386892379042509,5.7097879763199871e-05,30,26599,1,2,0,1,10.513161
874,167.04920051744287,197.10644971625402,0.17993051810908034,0.4999993207058015,-6.7929419850232264e-07,12.912831415920673,0.15027777777777779,0.03111111111111111,0.0050000000000000001,4,0,0,27906.931014696227,7.7483895376808104e-07,1,4,0.0050000000000000001,0.075000000000000011,1,1,1,0,1,1,0,2,0,0.0024472247572430413,0.80243976322067034,0.16875023577904991,0.39206911892006069,0.17305917982590044,0.075000000000000011,285,0.80243976322067034,0.16875023577904991,0.80243976322067034,0.16875023577904991,0,0.11777777777777777,0.00010096883196291594,0.02019376639258319,0.0024472247572430413,2.8840820348902617e-05,2.8840820348902363e-05,0.00036594500217413176,6.1753305399049667e-05,54,26653,1,2,0,1,18.593657624999999
875,167.05279431743671,197.10966992596173,0.17992441091054368,0.49999915619566537,-8.4380433462705184e-07,12.935731899776551,0.15027777777777779,0.03111111111111111,0.0050000000000000001,4,0,0,27902.50737520332,5.7368445583404182e-06,1,4,0.0050000000000000001,0.075000000000000011,1,1,1,0,1,1,0,3,0,0.0072801329831597783,-0.81673230797430119,0.27585843092201967,0.29462036035594602,0.17305917982590044,0.075000000000000011,285,-0.81673230797430119,0.27585843092201967,-0.81673230797430119,0.27585843092201973,0,0.92277777777777781,0.00014869435827072862,0.029738871654145724,0.0072801329831597783,8.5797190005535481e-05,8.5797190005535318e-05,0.00041439941012910996,0.00011431557105322678,27,26680,1,2,0,1,10.625777708333333
876,167.04546892476674,197.09932926955679,0.17991425052256635,0.49999953864992663,-4.6135007336634004e-07,12.928215171693974,0.15027777777777779,0.03111111111111111,0.0050000000000000001,4,0,0,27905.69737929535,-2.1589171150446503e-05,1,4,0.0050000000000000001,0.075000000000000011,1,1,1,0,0,0,0,0,0,0.0024544828496334656,-0.89016525252961709,0.166311311926228,-0.042751629976281166,0.17305917982590044,0.075000000000000011,285,-0.89016525252961709,0.166311311926228,-0.89016525252961709,0.166311311926228,0,0.93055555555555558,0.00013134274891736473,0.026268549783472945,0.0024544828496334656,2.8926357788031743e-05,2.8926357788031611e-05,0.0003622969602359279,6.0254082763721626e-05,25,26705,1,2,0,1,9.0913373750000002
877,167.04842304956543,197.10238884946094,0.17991170016000754,0.49999931065257452,-6.8934742547543948e-07,12.920708458926997,0.15027777777777779,0.03111111111111111,0.0050000000000000001,4,0,0,27906.432772514658,-5.5460557060763416e-06,1,4,0.0050000000000000001,0.075000000000000011,1,1,1,0,1,1,0,1,0,0.0023815106860715575,0.90210382925695698,0.17083895242581709,0.003325049140862929,0.17305917982590044,0.075000000000000011,285,0.90210382925695698,0.17083895242581709,0.90210382925695698,0.17083895242581704,0,0.085000000000000006,0.00013208128167715289,0.026416256335430578,0.0023815106860715575,2.8066372593157091e-05,2.8066372593157393e-05,0.00035205314291253262,6.0144390133393546e-05,32,26737,1,2,0,1,10.850194041666667
878,167.050550943232,197.10506326165182,0.1799126800164407,0.49999933683399322,-6.6316600677573945e-07,12.919118453280449,0.15027777777777779,0.03111111111111111,0.0050000000000000001,4,0,0,27906.098858507481,-2.2814471877817365e-06,1,4,0.0050000000000000001,0.075000000000000011,1,1,1,0,1,1,0,2,0,0.0010792319691031679,0.58484167351457339,0.17874884635560664,0.46276935649383177,0.17305917982590044,0.075000000000000011,285,0.58484167351457339,0.17874884635560664,0.58484167351457339,0.17874884635560664,0,0.2525,0.00010382820203119702,0.020765640406239405,0.0010792319691031679,1.2718870730436008e-05,1.2718870730435951e-05,0.00034339904264816878,6.1382182712979935e-05,41,26778,1,2,0,1,14.225146666666667
879,167.05094618023813,197.10567260398986,0.17991353602585675,0.49999935156518688,-6.4843481312193418e-07,12.915650159984951,0.15027777777777779,0.03111111111111111,0.0050000000000000001,4,0,0,27906.535601839831,-2.700133765825613e-05,1,4,0.0050000000000000001,0.075000000000000011,1,1,1,0,1,1,0,3,0,0.0013114800387585095,0.42075997184967712,0.17141167442929225,0.50280082268212523,0.17295154335943169,0.075000000000000011,285,0.42075997184967712,0.17141167442929225,0.42075997184967712,0.17141167442929223,0,0.25166666666666665,0.00012841399796896446,0.025682799593792893,0.0013114800387585095,1.5455940479948971e-05,1.5455940479948887e-05,0.00034859179240361168,5.9752702828211313e-05,45,26823,1,2,0,1,15.628458875
880,167.05249676675302,197.10773749285696,0.17991494474978456,0.49999931899151046,-6.8100848954477655e-07,12.917114931715762,0.15027777777777779,0.03111111111111111,0.0050000000000000001,4,0,0,27906.322530698606,-2.4523925326108392e-05,1,4,0.0050000000000000001,0.075000000000000011,1,1,1,0,1,1,0,4,0,0.001002940314698039,-0.073968215578606958,0.33372080841993712,0.38072850566138361,0.17295154335943169,0.075000000000000011,285,-0.073968215578606958,0.33372080841993712,-0.073968215578606958,0.33372080841993718,0,0.56527777777777777,0.00011137910770455132,0.022275821540910266,0.001002940314698039,1.1819764960805889e-05,1.1819764960805493e-05,0.00028038382718107742,9.3569917474745101e-05,43,26866,1,2,0,1,14.697004625
881,167.05170513240506,197.10642797452732,0.17991269719935457,0.49999942280098175,-5.7719901824793141e-07,12.916025629112859,0.15027777777777779,0.03111111111111111,0.0050000000000000001,4,0,0,27906.451787974071,9.3123765918617445e-06,1,4,0.0050000000000000001,0.075000000000000011,1,1,1,0,1,1,0,5,0,0.00076307705624261237,0.27353481700566606,0.32443942245863511,0.30711592823937806,0.17295154335943169,0.075000000000000011,285,0.27353481700566606,0.32443942245863511,0.27353481700566606,0.32443942245863527,0,0.56777777777777783,0.00016774797103646228,0.033549594207292456,0.00076307705624261237,8.9929493506169953e-06,8.9929493506172376e-06,0.00027279463391537687,8.8505333477319672e-05,45,26911,1,2,0,1,15.140028624999999
882,167.05206918300212,197.10701308107431,0.17991362839778788,0.49999934514499683,-6.5485500316819767e-07,12.921378741848887,0.15027777777777779,0.03111111111111111,0.0050000000000000001,4,0,0,27905.83317497871,2.4765560549361866e-05,1,4,0.0050000000000000001,0.075000000000000011,1,1,1,0,1,1,0,6,0,0.0022848522036108205,-0.23534435472617179,0.24332370373326068,0.30711592823937806,0.17295154335943169,0.075000000000000011,285,-0.23534435472617179,0.24332370373326068,-0.23534435472617179,0.24332370373326076,0,0.69361111111111107,8.6105254086773624e-05,0.017221050817354724,0.0022848522036108205,2.6927241453037287e-05,2.6927241453037206e-05,0.00026827427746107998,6.5277490808194399e-05,52,26963,1,2,0,1,18.137912
883,167.05080145257966,197.10561018174795,0.17991418459431863,0.49999911549526949,-8.845047305139353e-07,12.927685877529585,0.15027777777777779,0.03111111111111111,0.0050000000000000001,4,0,0,27904.720016905248,7.7285196867927443e-06,1,4,0.0050000000000000001,0.075000000000000011,1,1,1,0,1,1,0,7,0,0.001781985272709925,0.4303852474488602,0.23946683617802073,0.38072850566138361,0.17596368838594784,0.075000000000000011,285,0.4303852474488602,0.23946683617802073,0.4303852474488602,0.23946683617802078,0,0.2747222222222222,0.00013430526503908783,0.026861053007817565,0.001781985272709925,2.100089783846245e-05,2.1000897838462444e-05,0.00026854640554893394,6.4307958103782881e-05,26,26989,1,2,0,1,9.1126976666666675
884,167.04727568587526,197.10273044365675,0.17992184927516802,0.49999926525812755,-7.3474187245459177e-07,12.919859463365221,0.15027777777777779,0.03111111111111111,0.0050000000000000001,4,0,0,27905.870252934303,1.2736861765052179e-05,1,4,0.0050000000000000001,0.075000000000000011,1,1,1,0,1,1,0,8,0,0.002315684055646285,-0.72456879817621578,0.23963474554277978,0.30711592823937806,0.17809240541896559,0.075000000000000011,285,-0.72456879817621578,0.23963474554277978,-0.72456879817621578,0.2396347455427798,0,0.75944444444444448,0.00010702817787232202,0.021405635574464402,0.002315684055646285,2.7290598313884244e-05,2.7290598313884356e-05,0.0002669961835139159,6.398156249725057e-05,37,27026,1,2,0,1,12.899597416666667
885,167.05052561326292,197.10649587342749,0.17992143484628634,0.49999944726202272,-5.5273797727739549e-07,12.912390911419392,0.15027777777777779,0.03111111111111111,0.0050000000000000001,4,0,0,27907.115594772768,6.206544237032366e-06,1,4,0.0050000000000000001,0.075000000000000011,1,1,1,0,1,1,0,9,0,0.0021575932910350383,0.88159631306799124,0.50875619550141038,0.30711592823937806,0.18965417576219812,0.075000000000000011,285,0.88159631306799124,0.50875619550141038,0.88159631306799124,0.50875619550141027,0,0.13500000000000001,0.00010155711327391807,0.020311422654783612,0.0021575932910350383,2.5427480785557927e-05,2.5427480785557876e-05,0.00020662647429393844,0.00010512249895165408,58,27084,1,2,0,1,20.069635708333333
886,167.05394892834389,197.10900028065129,0.17991224718189219,0.49999942637020667,-5.7362979333230868e-07,12.940108714463348,0.15027777777777779,0.03111111111111111,0.0050000000000000001,4,0,0,27899.516423525612,4.0550265205693679e-05,1,4,0.0050000000000000001,0.075000000000000011,1,1,1,0,1,1,0,10,0,0.0071357422583998038,-0.90287883105971789,0.25513433860466456,0.30711592823937806,0.21668931236287892,0.075000000000000011,285,-0.90287883105971789,0.25513433860466456,-0.90287883105971789,0.25513433860466456,0,0.88,0.00013432165249661652,0.026864330499323304,0.0071357422583998038,8.4095528995231842e-05,8.4095528995232181e-05,0.00026179564550113903,6.6793058864514333e-05,10,27094,1,2,0,1,4.0443283333333335
887,167.03981096694844,197.09441761383522,0.17992481237202537,0.49999896945825251,-1.0305417474931744e-06,12.928863067093374,0.15027777777777779,0.03111111111111111,0.0050000000000000001,4,0,0,27907.280443187974,1.0059960913998063e-05,1,4,0.0050000000000000001,0.075000000000000011,1,1,1,0,1,1,0,11,0,0.0030020137256556272,-0.91490564129198104,0.21326928092569405,0.30711592823937806,0.22304420024133115,0.075000000000000011,285,-0.91490564129198104,0.21326928092569405,-0.91490564129198104,0.21326928092569405,0,0.80888888888888888,0.00011594072794808235,0.023188145589616471,0.0030020137256556272,3.5379071043769766e-05,3.5379071043769644e-05,0.0002691083439517513,5.7392543005694346e-05,26,27120,1,2,0,1,9.117041583333334
888,167.04746452316107,197.10187382494897,0.17991538744738544,0.49999944014573144,-5.598542685558705e-07,12.910776974859417,0.15027777777777779,0.03111111111111111,0.0050000000000000001,4,0,0,27906.926149952396,1.273291470653197e-05,1,4,0.0050000000000000001,0.075000000000000011,1,1,1,0,1,1,0,12,0,0.005118078728417989,0.80257031191277017,0.20486131575143326,0.30711592823937806,0.22304420024133115,0.075000000000000011,285,0.80257031191277017,0.20486131575143326,0.80257031191277017,0.20486131575143324,0,0.25583333333333336,9.9401656882150974e-05,0.019880331376430194,0.005118078728417989,6.0317136258516371e-05,6.0317136258516296e-05,0.00031670660947983161,6.488093272521365e-05,61,27181,1,2,0,1,22.132488166666668
889,167.05463422004894,197.10912595523848,0.17990815924089207,0.49999943371562189,-5.6628437811179211e-07,12.939395743522361,0.15027777777777779,0.03111111111111111,0.0050000000000000001,4,0,0,27899.80705884453,1.6395174620294849e-05,1,4,0.0050000000000000001,0.075000000000000011,1,1,1,0,1,1,0,13,0,0.0073837884908319364,-0.95361970509008731,0.21932958581379886,0.09978330071352956,0.22607435268538353,0.075000000000000011,285,-0.95361970509008731,0.21932958581379886,-0.95361970509008731,0.21932958581379886,0,0.91583333333333339,0.00014907265572860264,0.029814531145720528,0.0073837884908319364,8.7018781878574092e-05,8.7018781878574498e-05,0.00038826945087845724,8.5158977845323146e-05,10,27191,1,2,0,1,4.2308501249999999
890,167.04026908943345,197.09430175940537,0.17992088275361298,0.49999918517289227,-8.148271077312863e-07,12.929360647133089,0.15027777777777779,0.03111111111111111,0.0050000000000000001,4,0,0,27907.115796899514,-6.6368000551127346e-06,1,4,0.0050000000000000001,0.075000000000000011,1,1,1,0,1,1,0,14,0,0.0025896116161481975,-0.92147459269730547,0.15480701880795364,0.09978330071352956,0.21629943336974644,0.075000000000000011,285,-0.92147459269730547,0.15480701880795364,-0.92147459269730547,0.15480701880795361,0,0.84777777777777774,0.00012309497058667554,0.024618994117335105,0.0025896116161481975,3.051886557363075e-05,3.0518865573631171e-05,0.00040696855149128288,6.3001588204956681e-05,22,27213,1,2,0,1,7.6172897916666669
891,167.04656173768552,197.1004135752309,0.17991302260228001,0.49999944136616398,-5.5863383602305916e-07,12.923127301072256,0.15027777777777779,0.03111111111111111,0.0050000000000000001,4,0,0,27905.592125306379,-1.9378775014495434e-05,1,4,0.0050000000000000001,0.075000000000000011,1,1,1,0,1,1,0,15,0,0.0020001259758302657,0.7973589802331752,0.13253778768031385,0.34714739442767162,0.20906529833856366,0.075000000000000011,285,0.7973589802331752,0.13253778768031385,0.7973589802331752,0.13253778768031385,0,0.17027777777777778,0.00010506385546282594,0.021012771092565188,0.0020001259758302657,2.3571710678949024e-05,2.3571710678949373e-05,0.00042154731281961503,5.5870948243692984e-05,26,27239,1,2,0,1,8.991749041666667
892,167.04894579153409,197.10379854749092,0.17991644672492141,0.49999949054764031,-5.0945235968713476e-07,12.911896404475954,0.15027777777777779,0.03111111111111111,0.0050000000000000001,4,0,0,27907.042663860273,-2.8297527998429382e-05,1,4,0.0050000000000000001,0.075000000000000011,1,1,1,0,1,1,0,16,0,0.0031028424789538633,0.80234549204988503,0.14250036666417257,0.34714739442767162,0.20906529833856366,0.075000000000000011,285,0.80234549204988503,0.14250036666417257,0.80234549204988503,0.14250036666417257,0,0.12944444444444445,9.221931016333331e-05,0.018443862032666663,0.0031028424789538633,3.6567349297032566e-05,3.6567349297032891e-05,0.00043118742066361075,6.1444365545543355e-05,62,27301,1,2,0,1,21.884124833333335
893,167.05371017851493,197.10803259253939,0.17990814081236606,0.49999946009728868,-5.3990271131620915e-07,12.940235787018386,0.15027777777777779,0.03111111111111111,0.0050000000000000001,4,0,0,27900.574947143785,-2.71548551098097e-05,1,4,0.0050000000000000001,0.075000000000000011,1,1,1,0,1,1,0,17,0,0.0077568663589559009,-0.92126309275396989,0.12516673636612874,0.09978330071352956,0.20906529833856366,0.075000000000000011,285,-0.92126309275396989,0.12516673636612874,-0.92126309275396989,0.12516673636612874,0,0.88249999999999995,0.00014135519167645991,0.02827103833529198,0.0077568663589559009,9.1415546719592021e-05,9.1415546719591845e-05,0.00050160206954474016,6.2783893999411065e-05,15,27316,1,2,0,1,6.3363327500000004
894,167.04168741308354,197.0938365108924,0.1799080790143828,0.49999909809297638,-9.0190702362047404e-07,12.93387308429203,0.15027777777777779,0.03111111111111111,0.0050000000000000001,4,0,0,27905.804108873181,-3.8304130930679606e-05,1,4,0.0050000000000000001,0.075000000000000011,1,1,1,0,0,0,0,0,0,0.0019427776665863468,-0.83728073155013261,0.13323145673624728,-0.15465628515238938,0.20906529833856366,0.075000000000000011,285,-0.83728073155013261,0.13323145673624728,-0.83728073155013261,0.13323145673624726,0,0.9341666666666667,0.00013282242101487698,0.026564484202975396,0.0019427776665863468,2.2895854373016389e-05,2.2895854373016386e-05,0.00049720732560387204,6.6243656290137492e-05,20,27336,1,2,0,1,6.9395717499999998
895,167.04532923695072,197.09775749971837,0.17990582795726562,0.49999938423799489,-6.1576200510726764e-07,12.924807751011455,0.15027777777777779,0.03111111111111111,0.0050000000000000001,4,0,0,27905.660597846327,-3.474005993763846e-05,1,4,0.0050000000000000001,0.075000000000000011,1,1,1,0,1,1,0,1,0,0.0026067828141635007,0.81291185641699515,0.12257230536643068,0.09978330071352956,0.19180508105351995,0.075000000000000011,285,0.81291185641699515,0.12257230536643068,0.81291185641699515,0.12257230536643068,0,0.095000000000000001,0.00013187210410802393,0.026374420821604787,0.0026067828141635007,3.0721230082926052e-05,3.0721230082925869e-05,0.00050250107490124019,6.159271519975447e-05,28,27364,1,2,0,1,9.6911779583333342
896,167.04908827761975,197.10220976007557,0.17990592940268182,0.49999949290465123,-5.0709534876736129e-07,12.911211457652588,0.15027777777777779,0.03111111111111111,0.0050000000000000001,4,0,0,27907.264660898669,-5.6466688567483269e-05,1,4,0.0050000000000000001,0.075000000000000011,1,1,1,0,1,1,0,2,0,0.0037417598803288219,0.8857578075842738,0.21417757405383456,0.34714739442767162,0.20906529833856366,0.075000000000000011,285,0.8857578075842738,0.21417757405383456,0.8857578075842738,0.21417757405383447,0,0.077777777777777779,8.2208853025923846e-05,0.016441770605184768,0.0037417598803288219,4.4097063082537906e-05,4.4097063082538008e-05,0.0004625026089885459,9.9057686786735972e-05,62,27426,1,2,0,1,21.506653499999999
897,167.05437554305831,197.10705858278607,0.17989761083499226,0.49999938801331989,-6.1198668011019919e-07,12.939014473763946,0.15027777777777779,0.03111111111111111,0.0050000000000000001,4,0,0,27899.306670787177,-6.5523373997914995e-06,1,4,0.0050000000000000001,0.075000000000000011,1,1,1,0,1,1,0,3,0,0.007074127619680402,-0.9442369635652138,0.11127574691347192,0.09978330071352956,0.20906529833856366,0.075000000000000011,285,-0.9442369635652138,0.11127574691347192,-0.9442369635652138,0.11127574691347189,0,0.90138888888888891,0.00013412533669391187,0.026825067338782371,0.007074127619680402,8.3369393514251032e-05,8.3369393514250964e-05,0.00051049293145902729,5.6805482242151088e-05,9,27435,1,2,0,1,3.6626542500000001
898,167.04017456559825,197.0926834337663,0.17991186219915103,0.49999926766747554,-7.3233252445570329e-07,12.927810574934503,0.15027777777777779,0.03111111111111111,0.0050000000000000001,4,0,0,27907.641521682795,-3.8164076945980413e-05,1,4,0.0050000000000000001,0.075000000000000011,1,1,1,0,0,0,0,0,0,0.0030933376110731897,-0.87849888201084181,0.15230004509711792,-0.15465628515238938,0.20906529833856366,0.075000000000000011,285,-0.87849888201084181,0.15230004509711792,-0.87849888201084181,0.15230004509711789,0,0.83027777777777778,0.00016070804028763718,0.032141608057527436,0.0030933376110731897,3.6455333354820794e-05,3.6455333354820631e-05,0.00048663112855533159,7.4113942824638389e-05,27,27462,1,2,0,1,9.1238575833333329
899,167.04800807868992,197.10019336989839,0.17990148842153234,0.49999938735289617,-6.1264710382591403e-07,12.91917304224404,0.15027777777777779,0.03111111111111111,0.0050000000000000001,4,0,0,27906.266378047731,-3.8565028412469068e-05,1,4,0.0050000000000000001,0.075000000000000011,1,1,1,0,0,0,0,0,0,0.0027013667848980257,0.70629873106024499,0.18651207168967993,-0.15465628515238938,0.20906529833856366,0.075000000000000011,285,0.70629873106024499,0.18651207168967993,0.70629873106024499,0.18651207168967998,0,0.16,0.00014503394485996539,0.029006788971993078,0.0027013667848980257,3.1835912867891592e-05,3.1835912867891605e-05,0.00043144825954464881,8.0470308714579176e-05,36,27498,1,2,0,1,12.272574833333334
900,167.05092883108009,197.10363240271445,0.17990144551679388,0.49999938193573684,-6.1806426315813567e-07,12.932752194233766,0.15027777777777779,0.03111111111111111,0.0050000000000000001,4,0,0,27904.380055556456,8.693921995133955e-06,1,4,0.0050000000000000001,0.075000000000000011,1,1,1,0,0,0,0,0,0,0.0063342433248866348,-0.75098590747419824,0.15172050270568907,-0.47995657645119377,0.19568669372055658,0.075000000000000011,285,-0.75098590747419824,0.15172050270568907,-0.75098590747419824,0.15172050270568907,0,0.74111111111111116,0.00016050300568949474,0.032100601137898949,0.0063342433248866348,7.4649773478549381e-05,7.4649773478549814e-05,0.0004755791674495674,7.2155110361801447e-05,67,27565,1,2,0,1,23.972077333333335
901,167.0500786243966,197.10083364931782,0.17989069668436836,0.49999960883032513,-3.9116967487373699e-07,12.945289422962503,0.15027777777777779,0.03111111111111111,0.0050000000000000001,4,0,0,27901.158768471396,-3.9525800241404622e-06,1,4,0.0050000000000000001,0.075000000000000011,1,1,1,0,0,0,0,0,0,0.0039302886905787492,0.13154313567298098,0.18705330154356195,-0.47995657645119377,0.18678268661662095,0.075000000000000011,285,0.13154313567298098,0.18705330154356195,0.13154313567298098,0.18705330154356198,0,0.48416666666666669,0.00018892256282623996,0.037784512565247994,0.0039302886905787492,4.6318896418817166e-05,4.6318896418816698e-05,0.00049832635318943473,9.3213589610246887e-05,11,27576,1,2,0,1,4.2566936249999996
902,167.04109394365221,197.09086445060828,0.17989447864303812,0.49999939390838177,-6.0609161822711144e-07,12.930122381809742,0.15027777777777779,0.03111111111111111,0.0050000000000000001,4,0,0,27907.743604379451,-1.6759247003574817e-05,1,4,0.0050000000000000001,0.075000000000000011,1,1,1,0,0,0,0,0,0,0.0040918945109899556,-0.71846998626203751,0.16255563631828529,-0.72151939221912664,0.17453385400398261,0.075000000000000011,285,-0.71846998626203751,0.16255563631828529,-0.71846998626203751,0.16255563631828535,0,0.73583333333333334,0.00011502635466204056,0.02300527093240811,0.0040918945109899556,4.8223439277016823e-05,4.8223439277017189e-05,0.0005099824431694191,8.2900520560558685e-05,33,27609,1,2,0,1,11.404607041666667
903,167.04920161076896,197.09906160651957,0.17988628323868278,0.49999931253102492,-6.8746897508020766e-07,12.931617189362631,0.15027777777777779,0.03111111111111111,0.0050000000000000001,4,0,0,27904.933047170529,-1.8581595308394025e-05,1,4,0.0050000000000000001,0.075000000000000011,1,1,1,0,0,0,0,0,0,0.0020868728128966524,-0.33121674548075142,0.14018116132643929,-0.72151939221912664,0.15868132756311948,0.075000000000000011,285,-0.33121674548075142,0.14018116132643929,-0.33121674548075142,0.14018116132643929,0,0.70999999999999996,0.00011058977489775254,0.022117954979550509,0.0020868728128966524,2.4594031957884468e-05,2.4594031957884244e-05,0.00044316092840771145,6.2122813598696009e-05,33,27642,1,2,0,1,11.763483291666667
904,167.04858673708509,197.09759045614331,0.179881819451438,0.49999957231569592,-4.2768430408290925e-07,12.929844768599624,0.15027777777777779,0.03111111111111111,0.0050000000000000001,4,0,0,27904.582249906129,1.189032374926351e-05,1,4,0.0050000000000000001,0.075000000000000011,1,1,1,0,0,0,0,0,0,0.0021062781146979864,-0.51692346490917762,0.12615279763110862,-0.61769672558560762,0.15355353195253579,0.075000000000000011,285,-0.51692346490917762,0.12615279763110862,-0.51692346490917762,0.12615279763110862,0,0.71722222222222221,0.0001086915552995571,0.021738311059911419,0.0021062781146979864,2.4822725632796049e-05,2.4822725632795625e-05,0.00044508779966749063,5.6149071119528365e-05,19,27661,1,2,0,1,6.4083541666666664
905,167.04747387207948,197.09752480201271,0.1798892867601504,0.49999944174731031,-5.5825268968634489e-07,12.923299703875738,0.15027777777777779,0.03111111111111111,0.0050000000000000001,4,0,0,27906.333098839386,7.7486735969674831e-06,1,4,0.0050000000000000001,0.075000000000000011,1,1,1,0,0,0,0,0,0,0.0022714631530614828,0.73194948086045875,0.12420221373703384,-0.61769672558560762,0.15201027390140348,0.075000000000000011,285,0.73194948086045875,0.12420221373703384,0.73194948086045875,0.12420221373703384,0,0.24416666666666667,0.00010295384870268559,0.02059076974053712,0.0022714631530614828,2.6769449979085854e-05,2.6769449979085854e-05,0.00044113601956365063,5.479007018894888e-05,27,27688,1,2,0,1,9.0623500000000003
906,167.04974897662149,197.10089592274412,0.17989339780647182,0.49999954266419511,-4.5733580489315528e-07,12.915741920302409,0.15027777777777779,0.03111111111111111,0.0050000000000000001,4,0,0,27906.261746285512,1.5372916108382304e-05,1,4,0.0050000000000000001,0.075000000000000011,1,1,1,0,0,0,0,0,0,0.0022169880786395003,0.850435013818855,0.13665210858582102,-0.42407010519496452,0.14711043468493082,0.075000000000000011,285,0.850435013818855,0.13665210858582102,0.850435013818855,0.13665210858582102,0,0.16916666666666666,9.6327321564259257e-05,0.019265464312851852,0.0022169880786395003,2.6127455070262091e-05,2.6127455070262183e-05,0.00042316641155137479,5.7826582421190694e-05,53,27741,1,2,0,1,18.211101416666665
907,167.0528884304799,197.10395011462512,0.17988950664957321,0.49999930218761107,-6.9781238892785424e-07,12.91660901848217,0.15027777777777779,0.03111111111111111,0.0050000000000000001,4,0,0,27906.901207778574,-1.5987681875834247e-05,1,4,0.0050000000000000001,0.075000000000000011,1,1,1,0,0,0,0,0,0,0.0010658475293519542,0.091872949659410522,0.25904452512954351,-0.11967189791067046,0.14711043468493082,0.075000000000000011,285,0.091872949659410522,0.25904452512954351,0.091872949659410522,0.25904452512954357,0,0.36333333333333334,0.00013154375084348241,0.026308750168696483,0.0010658475293519542,1.2561133595261575e-05,1.2561133595261087e-05,0.00035235815163238491,9.1276450065134844e-05,43,27784,1,2,0,1,14.484524
908,167.05202978309876,197.10329255060915,0.1798916349985637,0.499999358822035,-6.4117796499951751e-07,12.925830412848265,0.15027777777777779,0.03111111111111111,0.0050000000000000001,4,0,0,27905.274517385733,3.9803235797779426e-05,1,4,0.0050000000000000001,0.075000000000000011,1,1,1,0,0,0,0,0,0,0.0033783815024131881,-0.10767216841023106,0.17733967167106768,-0.21944445694549125,0.14711043468493082,0.075000000000000011,285,-0.10767216841023106,0.17733967167106768,-0.10767216841023106,0.17733967167106765,0,0.68638888888888894,0.0001026668534125142,0.020533370682502838,0.0033783815024131881,3.9814607829859363e-05,3.9814607829859248e-05,0.00035571742610742351,6.3082811553567759e-05,43,27827,1,2,0,1,15.635270458333334
909,167.04972876204917,197.09944946645032,0.17988488174802672,0.49999947338328615,-5.2661671384734987e-07,12.925199546978941,0.15027777777777779,0.03111111111111111,0.0050000000000000001,4,0,0,27905.024225439545,2.8757004715220872e-05,1,4,0.0050000000000000001,0.075000000000000011,1,1,1,0,0,0,0,0,0,0.0017437060420270119,-0.60997257835072849,0.18166609652587645,-0.21944445694549125,0.14711043468493082,0.075000000000000011,285,-0.60997257835072849,0.18166609652587645,-0.60997257835072849,0.18166609652587648,0,0.80472222222222223,0.00013189410285207714,0.026378820570415427,0.0017437060420270119,2.0549772778554251e-05,2.0549772778554258e-05,0.00034443128601808625,6.2571487252293412e-05,30,27857,1,2,0,1,10.4640345
910,167.04878285249549,197.09978496953633,0.17989357123048272,0.49999955669240581,-4.4330759418897969e-07,12.904738564675105,0.15027777777777779,0.03111111111111111,0.0050000000000000001,4,0,0,27908.154167761946,1.1576679433738147e-06,1,4,0.0050000000000000001,0.075000000000000011,1,1,1,0,0,0,0,0,0,0.0056147606221219866,0.2447156414164455,0.3800455170431723,-0.0078996093754102673,0.14711043468493082,0.075000000000000011,285,0.2447156414164455,0.3800455170431723,0.2447156414164455,0.38004551704317241,0,0.31388888888888888,0.0001230294115162154,0.024605882303243079,0.0056147606221219866,6.617058851069425e-05,6.6170588510693884e-05,0.00033595210105023029,0.00012767708994537483,82,27939,1,2,0,1,28.451013124999999
911,167.05641068465351,197.10639483070284,0.17987926367443402,0.49999954316070538,-4.568392946158184e-07,12.936893643199982,0.15027777777777779,0.03111111111111111,0.0050000000000000001,4,0,0,27899.149342261844,2.4486345933477856e-05,1,4,0.0050000000000000001,0.075000000000000011,1,1,1,0,0,0,0,0,0,0.0082672788220278445,-0.94655925031117027,0.21896668934065983,-0.21944445694549125,0.15201027390140348,0.075000000000000011,285,-0.94655925031117027,0.21896668934065983,-0.94655925031117027,0.21896668934065983,0,0.91916666666666669,0.0001880212417088992,0.03760424834177984,0.0082672788220278445,9.7430815283597015e-05,9.7430815283597083e-05,0.00038706401991501062,8.4754127003677102e-05,8,27947,1,2,0,1,3.2986162916666668
912,167.03996188044133,197.08974498081869,0.17989577321554628,0.49999957961805602,-4.2038194397742146e-07,12.922363368883442,0.15027777777777779,0.03111111111111111,0.0050000000000000001,4,0,0,27908.991657472139,3.3173254174620474e-05,1,4,0.0050000000000000001,0.075000000000000011,1,1,1,0,0,0,0,0,0,0.0039925311707175578,-0.88720804577552737,0.20604951366840765,-0.42407010519496452,0.15742784070770161,0.075000000000000011,285,-0.88720804577552737,0.20604951366840765,-0.88720804577552737,0.20604951366840765,0,0.85750000000000004,9.6960034056995051e-05,0.01939200681139901,0.0039925311707175578,4.7052431081884174e-05,4.7052431081884093e-05,0.00038589301171987756,7.9513067392917902e-05,35,27982,1,2,0,1,11.817342333333333
913,167.05006761858118,197.10024738662804,0.17988726491664311,0.49999953205707964,-4.6794292035690077e-07,12.912557436828747,0.15027777777777779,0.03111111111111111,0.0050000000000000001,4,0,0,27906.369410537751,3.5133825946205727e-05,1,4,0.0050000000000000001,0.075000000000000011,1,1,1,0,0,0,0,0,0,0.0027876277680267208,0.75571862707257731,0.25983179533868866,-0.21944445694549125,0.16994765399467648,0.075000000000000011,285,0.75571862707257731,0.25983179533868866,0.75571862707257731,0.25983179533868861,0,0.18944444444444444,0.00012799656533631396,0.025599313067262791,0.0027876277680267208,3.2852508303260238e-05,3.2852508303260211e-05,0.00039415148806525344,0.00010241308877941052,59,28041,1,2,0,1,19.969279958333335
914,167.05369405480445,197.10318451062304,0.17987923359516014,0.4999994056919369,-5.9430806309546114e-07,12.923110626864313,0.15027777777777779,0.03111111111111111,0.0050000000000000001,4,0,0,27905.852035489934,2.4662985211519072e-05,1,4,0.0050000000000000001,0.075000000000000011,1,1,1,0,0,0,0,0,0,0.0032009188633517977,-0.75791593505026877,0.20030517282016783,-0.21944445694549125,0.17950288409847207,0.075000000000000011,285,-0.75791593505026877,0.20030517282016783,-0.75791593505026877,0.2003051728201678,0,0.74194444444444441,9.1490151676593045e-05,0.01829803033531861,0.0032009188633517977,3.7723190571733197e-05,3.7723190571733197e-05,0.00040705195300419104,8.1534611793291316e-05,46,28087,1,2,0,1,15.530423916666667
915,167.04904157346834,197.09877524794089,0.17988569938161927,0.4999994745686111,-5.2543138889804553e-07,12.908960522375953,0.15027777777777779,0.03111111111111111,0.0050000000000000001,4,0,0,27907.16096514809,3.3592152644843224e-05,1,4,0.0050000000000000001,0.075000000000000011,1,1,1,0,0,0,0,0,0,0.0039043657766276831,-0.86381280791542603,0.19889743773697444,-0.42407010519496452,0.18408908410777819,0.075000000000000011,285,-0.86381280791542603,0.19889743773697444,-0.86381280791542603,0.19889743773697441,0,0.77888888888888885,9.9930005106579764e-05,0.019986001021315952,0.0039043657766276831,4.6013391948101926e-05,4.6013391948101668e-05,0.00042629589497320686,8.4789161227961202e-05,70,28157,1,2,0,1,24.248801125
916,167.05534965962008,197.10498659562305,0.17987832773526821,0.49999952830740702,-4.7169259298485144e-07,12.938861537703627,0.15027777777777779,0.03111111111111111,0.0050000000000000001,4,0,0,27899.171640775545,3.4148837618786796e-05,1,4,0.0050000000000000001,0.075000000000000011,1,1,1,0,0,0,0,0,0,0.0076373634687760608,-0.92507103234542387,0.19206052259315051,-0.56344802162995311,0.18408908410777819,0.075000000000000011,285,-0.92507103234542387,0.19206052259315051,-0.92507103234542387,0.19206052259315051,0,0.80972222222222223,0.00013964202688769551,0.027928405377539101,0.0076373634687760608,9.0007191652632763e-05,9.000719165263256e-05,0.00049017563155557729,9.4143387958991778e-05,8,28165,1,2,0,1,3.2358642916666667
917,167.03941914696617,197.08870403214399,0.17989337510051795,0.49999948506873609,-5.1493126390633748e-07,12.924518191153799,0.15027777777777779,0.03111111111111111,0.0050000000000000001,4,0,0,27908.401848965907,1.2334872264048045e-05,1,4,0.0050000000000000001,0.075000000000000011,1,1,1,0,0,0,0,0,0,0.0039737351012594799,-0.90874028427569331,0.13230967662708729,-0.56344802162995311,0.18408908410777819,0.075000000000000011,285,-0.90874028427569331,0.13230967662708729,-0.90874028427569331,0.13230967662708726,0,0.90638888888888891,9.5178374782260919e-05,0.019035674956452184,0.0039737351012594799,4.683091727899317e-05,4.6830917278993475e-05,0.00052444541523930964,6.9389203298871575e-05,34,28199,1,2,0,1,10.916858541666667
918,167.04903549858778,197.0985001902153,0.17988409572039435,0.49999933650767753,-6.634923224724254e-07,12.909027865858372,0.15027777777777779,0.03111111111111111,0.0050000000000000001,4,0,0,27907.292692162417,-9.5029849314285538e-06,1,4,0.0050000000000000001,0.075000000000000011,1,1,1,0,0,0,0,0,0,0.0042440303368177449,0.76896775202967182,0.168795639728437,-0.42407010519496452,0.18408908410777819,0.075000000000000011,285,0.76896775202967182,0.168795639728437,0.76896775202967182,0.168795639728437,0,0.12194444444444444,0.00010173656286927967,0.020347312573855934,0.0042440303368177449,5.0016377178754243e-05,5.0016377178754419e-05,0.00053464718458820482,9.0246113551573773e-05,66,28265,1,2,0,1,22.451593208333332
919,167.054816688465,197.10294888342492,0.17986989414974899,0.49999931280730658,-6.8719269341599443e-07,12.934015064014535,0.14999999999999999,0.03111111111111111,0.0050000000000000001,4,0,0,27903.344930540032,6.2113899859300362e-06,1,4,0.0050000000000000001,0.075000000000000011,1,1,1,0,0,0,0,0,0,0.0068686947738879206,-0.91931758126265006,0.12203251316483547,-0.56344802162995311,0.17950288409847207,0.075000000000000011,285,-0.91931758126265006,0.12203251316483547,-0.91931758126265006,0.12203251316483546,0,0.90833333333333333,0.00012676268700193845,0.02535253740038769,0.0068686947738879206,8.0948344208612471e-05,8.0948344208612254e-05,0.00059504575601826274,7.2614929054978125e-05,18,28283,1,2,0,1,6.9269839166666669
920,167.04465249146295,197.09192682671485,0.17987570321526758,0.49999939177922431,-6.0822077568856159e-07,12.925634252658632,0.15027777777777779,0.03111111111111111,0.0050000000000000001,4,0,0,27905.574491264364,4.6448946816027222e-06,1,4,0.0050000000000000001,0.075000000000000011,1,1,1,0,0,0,0,0,0,0.0028108711822280633,-0.89543018977615696,0.1638448685709103,-0.56344802162995311,0.17950288409847207,0.075000000000000011,285,-0.89543018977615696,0.1638448685709103,-0.89543018977615696,0.1638448685709103,0,0.93916666666666671,0.00010986717265989944,0.021973434531979887,0.0028108711822280633,3.3126434566588519e-05,3.3126434566588343e-05,0.00056200160207415726,9.2081078628481318e-05,28,28311,1,2,0,1,9.3561911666666671
921,167.04828948908113,197.09703631257258,0.17988060168347639,0.49999953471900799,-4.6528099201248452e-07,12.922859024519054,0.15027777777777779,0.03111111111111111,0.0050000000000000001,4,0,0,27905.408347754972,-1.8124004340834059e-05,1,4,0.0050000000000000001,0.075000000000000011,1,1,1,0,0,0,0,0,0,0.0016856695392846767,0.80519893471577131,0.17670578787967745,-0.56344802162995311,0.17702272977537256,0.075000000000000011,285,0.80519893471577131,0.17670578787967745,0.80519893471577131,0.17670578787967742,0,0.20972222222222223,0.00010819738362912414,0.021639476725824825,0.0016856695392846767,1.9865806034463303e-05,1.9865806034462845e-05,0.0004844365928250231,8.5602749812892207e-05,30,28341,1,2,0,1,9.5777742916666675
922,167.04871434174231,197.09831102212672,0.17988523167505507,0.49999927093247504,-7.290675249627121e-07,12.914519615560829,0.14999999999999999,0.03111111111111111,0.0050000000000000001,4,0,0,27906.673939222655,1.1506048264853078e-05,1,4,0.0050000000000000001,0.075000000000000011,1,1,1,0,0,0,0,0,0,0.0025109674975863057,0.47787167318027907,0.16164732550502164,-0.42407010519496452,0.17702272977537256,0.075000000000000011,285,0.47787167318027907,0.16164732550502164,0.47787167318027907,0.16164732550502164,0,0.33333333333333331,0.00010213734545736595,0.02042746909147319,0.0025109674975863057,2.9592035748038211e-05,2.959203574803837e-05,0.00046697619749117735,7.5485453398953622e-05,54,28395,1,2,0,1,18.887478916666666
923,167.05300968598979,197.10228547138118,0.17987868546562036,0.49999944764283089,-5.5235716911461452e-07,12.941817128875263,0.14999999999999999,0.03111111111111111,0.0050000000000000001,4,0,0,27900.624295588259,-1.2719989598761823e-06,1,4,0.0050000000000000001,0.075000000000000011,1,1,1,0,0,0,0,0,0,0.0075400977909862443,-0.81795177315772372,0.21534327469850378,-0.56344802162995311,0.17950288409847207,0.075000000000000011,285,-0.81795177315772372,0.21534327469850378,-0.81795177315772372,0.21534327469850373,0,0.77111111111111108,0.00013535138766453285,0.02707027753290657,0.0075400977909862443,8.8860904646934674e-05,8.8860904646934945e-05,0.00052298459383485205,0.00011262121505326398,15,28410,1,2,0,1,6.2171395416666666
924,167.04161651826058,197.08883080488951,0.17987861296435814,0.49999932984737988,-6.7015262011915766e-07,12.934123970207439,0.14999999999999999,0.03111111111111111,0.0050000000000000001,4,0,0,27906.116176179432,-2.7006796576670791e-05,1,4,0.0050000000000000001,0.075000000000000011,1,1,1,0,0,0,0,0,0,0.002410757956856534,-0.8617701636806866,0.14122100425920137,-0.68394425670049863,0.17950288409847207,0.075000000000000011,285,-0.8617701636806866,0.14122100425920137,-0.8617701636806866,0.14122100425920137,0,0.89361111111111113,0.00013205653200044971,0.026411306400089943,0.002410757956856534,2.8411054984878026e-05,2.8411054984877748e-05,0.00051367245824799669,7.2541340414074772e-05,22,28432,1,2,0,1,7.0538681250000002
925,167.04587121510133,197.09370827002402,0.17987775954205268,0.49999947223790842,-5.2776209158444942e-07,12.922682924548942,0.14999999999999999,0.03111111111111111,0.0050000000000000001,4,0,0,27905.944037622579,-3.0610382495204265e-05,1,4,0.0050000000000000001,0.075000000000000011,1,1,1,0,0,0,0,0,0,0.0034649479699234678,0.83188492691456695,0.15368858089052842,-0.68394425670049863,0.17950288409847207,0.075000000000000011,285,0.83188492691456695,0.15368858089052842,0.83188492691456695,0.15368858089052845,0,0.11916666666666667,0.00010233206523517858,0.020466413047035715,0.0034649479699234678,4.0834803433190761e-05,4.0834803433191073e-05,0.00050849386973308606,7.8149701230811224e-05,33,28465,1,2,0,1,10.717832791666666
926,167.04970742114264,197.09825683678298,0.17987789311049845,0.49999936782884535,-6.3217115464642148e-07,12.904184164472573,0.14999999999999999,0.03111111111111111,0.0050000000000000001,4,0,0,27907.298138764752,-3.793774865186343e-05,1,4,0.0050000000000000001,0.075000000000000011,1,1,1,0,0,0,0,0,0,0.005213606420480423,0.90261699641733162,0.26760318620125201,-0.68394425670049863,0.18686330955951347,0.075000000000000011,285,0.90261699641733162,0.26760318620125201,0.90261699641733162,0.26760318620125206,0,0.092222222222222219,0.00010079442314555664,0.020158884629111327,0.005213606420480423,6.1442940905990489e-05,6.1442940905990679e-05,0.00047992961898644422,0.00012843069519312536,81,28546,1,2,0,1,27.275862333333333
927,167.0558912187085,197.10415399918486,0.17986951888537336,0.49999952869043829,-4.7130956171148597e-07,12.93667690531414,0.14999999999999999,0.03111111111111111,0.0050000000000000001,4,0,0,27899.323982366739,1.6590912082770054e-05,1,4,0.0050000000000000001,0.075000000000000011,1,1,1,0,0,0,0,0,0,0.0084193579772314248,-0.93587506600030346,0.1420817704932254,-0.78793385410399619,0.17950288409847207,0.075000000000000011,285,-0.93587506600030346,0.1420817704932254,-0.93587506600030346,0.1420817704932254,0,0.87138888888888888,0.0001734659085692596,0.034693181713851919,0.0084193579772314248,9.9223085315623241e-05,9.9223085315623363e-05,0.00053232178702307409,7.5633221972356022e-05,8,28554,1,2,0,1,3.2323584166666666
928,167.03986539042907,197.0875367544395,0.17988323502164458,0.49999924911340377,-7.508865962346789e-07,12.921366521303826,0.14999999999999999,0.03111111111111111,0.0050000000000000001,4,0,0,27909.018441833203,-2.1317699689845535e-05,1,4,0.0050000000000000001,0.075000000000000011,1,1,1,0,0,0,0,0,0,0.0040473711727605352,-0.9121131224235195,0.1350821405017068,-0.8398609684192051,0.17918594220277695,0.075000000000000011,285,-0.9121131224235195,0.1350821405017068,-0.9121131224235195,0.13508214050170678,0,0.81777777777777783,0.00010325642929107009,0.020651285858214016,0.0040473711727605352,4.7698726703965399e-05,4.7698726703965297e-05,0.00053000413654828498,7.1594093239701231e-05,37,28591,1,2,0,1,12.474755999999999
929,167.05072376551701,197.09822746566817,0.17987053885697465,0.49999935390840017,-6.4609159983186615e-07,12.907711509458458,0.14999999999999999,0.03111111111111111,0.0050000000000000001,4,0,0,27907.653736048891,-2.2365455465293597e-05,1,4,0.0050000000000000001,0.075000000000000011,1,1,1,0,0,0,0,0,0,0.0038902799671729142,0.7716941414172015,0.21566232128576848,-0.8398609684192051,0.18438315523641396,0.075000000000000011,285,0.7716941414172015,0.21566232128576848,0.7716941414172015,0.21566232128576845,0,0.23777777777777778,8.7277717277651931e-05,0.017455543455530385,0.0038902799671729142,4.5847389091702451e-05,4.5847389091702383e-05,0.00049490318143137501,0.00010673196891920217,74,28665,1,2,0,1,25.568059833333333
930,167.05591196592246,197.10344968868486,0.17986515633694999,0.49999945855787969,-5.4144212030537986e-07,12.939434283153428,0.14999999999999999,0.03111111111111111,0.0050000000000000001,4,0,0,27899.73877347714,-9.0700929128359594e-07,1,4,0.0050000000000000001,0.075000000000000011,1,1,1,0,0,0,0,0,0,0.0083241624819082628,-0.93792024090921389,0.13124594541478776,-0.86279148579805631,0.17275071380405721,0.075000000000000011,285,-0.93792024090921389,0.13124594541478776,-0.93792024090921389,0.13124594541478773,0,0.87916666666666665,0.00015392557730640468,0.030785115461280935,0.0083241624819082628,9.8101195644266238e-05,9.8101195644266495e-05,0.00055987794250905319,7.3481709881486869e-05,12,28677,1,2,0,1,4.8776203750000002
931,167.04105416222453,197.08725076912859,0.1798731261461283,0.49999929610734495,-7.0389265505177434e-07,12.927572090299568,0.14999999999999999,0.03111111111111111,0.0050000000000000001,4,0,0,27907.815873732208,-1.2575270733574396e-05,1,4,0.0050000000000000001,0.075000000000000011,1,1,1,0,0,0,0,0,0,0.0034892141615002446,-0.84978398598501248,0.10329218596598896,-0.85577707483284948,0.16632025414967366,0.075000000000000011,285,-0.84978398598501248,0.10329218596598896,-0.84978398598501248,0.10329218596598895,0,0.91527777777777775,0.00010736956400526799,0.0214739128010536,0.0034892141615002446,4.1120783243482603e-05,4.1120783243482373e-05,0.00058113291971807269,6.0026489614477296e-05,33,28710,1,2,0,1,10.786535875
932,167.04866571570676,197.09534668343622,0.17986782976683374,0.49999949044582237,-5.0955417763010047e-07,12.920453004130003,0.14999999999999999,0.03111111111111111,0.0050000000000000001,4,0,0,27906.302548004638,-2.6376726951037404e-05,1,4,0.0050000000000000001,0.075000000000000011,1,1,1,0,0,0,0,0,0,0.0023895674306453284,0.73733511748624492,0.10346070295386382,-0.8338678795713681,0.16274609703796597,0.075000000000000011,285,0.73733511748624492,0.10346070295386382,0.73733511748624492,0.1034607029538638,0,0.073888888888888893,0.00010328329452499058,0.020656658904998116,0.0023895674306453284,2.8161322238530446e-05,2.8161322238530466e-05,0.00057970220620856474,5.9976397758243826e-05,42,28752,1,2,0,1,14.125831458333334
933,167.05070825163679,197.09805871803124,0.17986963827254554,0.4999991483464401,-8.5165355989680336e-07,12.934700208647548,0.14999999999999999,0.03111111111111111,0.0050000000000000001,4,0,0,27903.791138845416,-1.9402244673614267e-05,1,4,0.0050000000000000001,0.075000000000000011,1,1,1,0,0,0,0,0,0,0.0045213928555512982,-0.87799469156007715,0.11670655567244051,-0.85577707483284948,0.15766795319777505,0.075000000000000011,285,-0.87799469156007715,0.11670655567244051,-0.87799469156007715,0.11670655567244051,0,0.96722222222222221,0.00011308741750015792,0.022617483500031583,0.0045213928555512982,5.3285125809478851e-05,5.3285125809479014e-05,0.0005441264273711088,6.3503121188832466e-05,30,28782,1,2,0,1,11.135997124999999
934,167.04620356881884,197.09237172908175,0.17986741104166815,0.49999940749013372,-5.9250986628178737e-07,12.924636153613017,0.14999999999999999,0.03111111111111111,0.0050000000000000001,4,0,0,27905.852728770293,1.2534191596244091e-05,1,4,0.0050000000000000001,0.075000000000000011,1,1,1,0,0,0,0,0,0,0.003025530121054598,-0.91498387419191607,0.12288673899000846,-0.86279148579805631,0.14788517569187692,0.075000000000000011,285,-0.91498387419191607,0.12288673899000846,-0.91498387419191607,0.12288673899000849,0,0.94416666666666671,0.00011710614921902041,0.023421229843804084,0.003025530121054598,3.565621442136437e-05,3.5656214421364282e-05,0.0005513715868075954,6.7756256274531767e-05,31,28813,1,2,0,1,10.29815
935,167.04973604743998,197.096197762202,0.17986536480506146,0.4999993674245215,-6.3257547849859819e-07,12.913945811245226,0.14999999999999999,0.03111111111111111,0.0050000000000000001,4,0,0,27907.289123117484,1.0643520227149714e-05,1,4,0.0050000000000000001,0.075000000000000011,1,1,1,0,0,0,0,0,0,0.002950096257220672,0.92062887835012042,0.11842228683931189,-0.85577707483284948,0.14165138737621338,0.075000000000000011,285,0.92062887835012042,0.11842228683931189,0.92062887835012042,0.11842228683931189,0,0.10666666666666667,8.16399124687198e-05,0.01632798249374396,0.002950096257220672,3.4767217810563173e-05,3.476721781056303e-05,0.00054530400118496731,6.4576146842950668e-05,60,28873,1,2,0,1,20.250708958333334
936,167.05445705796032,197.10108074146888,0.1798612513109048,0.49999942486365512,-5.7513634488248755e-07,12.906853245720795,0.14999999999999999,0.03111111111111111,0.0050000000000000001,4,0,0,27907.891468003239,1.9824811262866559e-05,1,4,0.0050000000000000001,0.075000000000000011,1,1,1,0,0,0,0,0,0,0.0022412118424957055,0.90361323167328911,0.1177087947890553,-0.8338678795713681,0.13815157238045409,0.075000000000000011,285,0.90361323167328911,0.1177087947890553,0.90361323167328911,0.11770879478905534,0,0.050833333333333335,8.3003806968684317e-05,0.016600761393736865,0.0022412118424957055,2.6412934865071831e-05,2.6412934865072095e-05,0.00051027399514404887,6.0063736980602248e-05,68,28941,1,2,0,1,22.508896458333332
937,167.05642607167732,197.10283761360085,0.17985786149304908,0.49999932111215245,-6.7888784754943643e-07,12.938564298110125,0.14999999999999999,0.03111111111111111,0.0050000000000000001,4,0,0,27899.307654038141,-7.1708868392880018e-06,1,4,0.0050000000000000001,0.075000000000000011,1,1,1,0,0,0,0,0,0,0.0081589548035747566,-0.83501719531910779,0.11568868724062374,-0.82648448423841581,0.13815157238045409,0.075000000000000011,285,-0.83501719531910779,0.11568868724062374,-0.83501719531910779,0.11568868724062374,0,0.91111111111111109,0.00017103453598914773,0.034206907197829546,0.0081589548035747566,9.6154204483371101e-05,9.6154204483371304e-05,0.00050720511431179673,5.8677893836462264e-05,9,28950,1,2,0,1,3.8032595833333334
938,167.04005295706165,197.08598224245506,0.17987260392641785,0.49999934601753093,-6.5398246906767099e-07,12.922693676531328,0.14999999999999999,0.03111111111111111,0.0050000000000000001,4,0,0,27908.475480910896,2.5301971342628056e-05,1,4,0.0050000000000000001,0.075000000000000011,1,1,1,0,0,0,0,0,0,0.0044218941610232989,-0.90428923323222377,0.12596261133328263,-0.84240059065206019,0.1331640429582473,0.075000000000000011,285,-0.90428923323222377,0.12596261133328263,-0.90428923323222377,0.12596261133328257,0,0.93999999999999995,0.0001073180640405794,0.02146361280811588,0.0044218941610232989,5.2112522449146233e-05,5.2112522449146396e-05,0.00051161891005697784,6.4444853918264774e-05,39,28989,1,2,0,1,12.808861916666666
939,167.05023052680093,197.0964489936417,0.17986337625568416,0.49999943793025725,-5.6206974274886079e-07,12.911260830235882,0.14999999999999999,0.03111111111111111,0.0050000000000000001,4,0,0,27907.424901250917,1.7171673075289997e-05,1,4,0.0050000000000000001,0.075000000000000011,1,1,1,0,0,0,0,0,0,0.0031228461444191831,0.78556967051011206,0.13344534753676587,-0.82648448423841581,0.13426374401923635,0.075000000000000011,285,0.78556967051011206,0.13344534753676587,0.78556967051011206,0.13344534753676585,0,0.087499999999999994,0.00011173102115420559,0.022346204230841119,0.0031228461444191831,3.6803094755351148e-05,3.6803094755351053e-05,0.0005025746157206266,6.7066244257995569e-05,63,29052,1,2,0,1,21.538459541666668
940,167.05492383689398,197.10041114258649,0.17985394632862051,0.49999943583285017,-5.641671498302081e-07,12.940358939402469,0.14999999999999999,0.03111111111111111,0.0050000000000000001,4,0,0,27900.92416978511,9.1059019527657227e-07,1,4,0.0050000000000000001,0.075000000000000011,1,1,1,0,0,0,0,0,0,0.0078431599395427879,-0.91164317183953203,0.13220865051471184,-0.82648448423841581,0.13282699902573886,0.075000000000000011,285,-0.91164317183953203,0.13220865051471184,-0.91164317183953203,0.13220865051471184,0,0.90611111111111109,0.00013879068980904394,0.027758137961808788,0.0078431599395427879,9.2432526319689625e-05,9.2432526319689341e-05,0.00049690594639604938,6.5695264605757431e-05,14,29066,1,2,0,1,5.6904816250000003
941,167.04159154920805,197.08565300977483,0.17985976535500281,0.49999933845362748,-6.6154637251569781e-07,12.93239492162421,0.14999999999999999,0.03111111111111111,0.0050000000000000001,4,0,0,27906.009167957276,2.6071582012570874e-05,1,4,0.0050000000000000001,0.075000000000000011,1,1,1,0,0,0,0,0,0,0.0023099718764513217,-0.8699911313391645,0.13649532024966524,-0.84240059065206019,0.13282699902573886,0.075000000000000011,285,-0.8699911313391645,0.13649532024966524,-0.8699911313391645,0.13649532024966524,0,0.89805555555555561,0.00011475479418910079,0.022950958837820157,0.0023099718764513217,2.722327963648239e-05,2.7223279636482091e-05,0.00048300844278904907,6.5928392081783364e-05,22,29088,1,2,0,1,7.2706507916666663
942,167.04683485517771,197.0912774293291,0.17985640135114567,0.49999944969270932,-5.5030729068095141e-07,12.922890227156131,0.14999999999999999,0.03111111111111111,0.0050000000000000001,4,0,0,27906.06174341965,1.0969301460317771e-05,1,4,0.0050000000000000001,0.075000000000000011,1,1,1,0,0,0,0,0,0,0.0031896336043032597,0.79209847189930704,0.13290878708709478,-0.84240059065206019,0.13255871880090331,0.075000000000000011,285,0.79209847189930704,0.13290878708709478,0.79209847189930704,0.13290878708709475,0,0.11472222222222223,0.00010175824250171879,0.020351648500343756,0.0031896336043032597,3.7590192518388734e-05,3.7590192518388863e-05,0.00049243731306890736,6.5449245996416437e-05,33,29121,1,2,0,1,10.781325499999999
943,167.04980956221459,197.09567258413389,0.17986170173231644,0.49999938062494714,-6.1937505285714067e-07,12.90562706606071,0.14999999999999999,0.03111111111111111,0.0050000000000000001,4,0,0,27908.031723756139,1.1437284917434346e-05,1,4,0.0050000000000000001,0.075000000000000011,1,1,1,0,0,0,0,0,0,0.0046577529742363169,0.81474932006210665,0.23214156007138287,-0.84240059065206019,0.13255871880090331,0.075000000000000011,285,0.81474932006210665,0.23214156007138287,0.81474932006210665,0.23214156007138287,0,0.12111111111111111,9.1880344660776584e-05,0.018376068932155317,0.0046577529742363169,5.4892145219571837e-05,5.4892145219571783e-05,0.00049404433247900018,0.00011468822208610008,80,29201,1,2,0,1,26.893662708333334
944,167.05696659119488,197.10195193899875,0.17984874238335094,0.49999953524938695,-4.6475061304951382e-07,12.937789644059929,0.14999999999999999,0.03111111111111111,0.0050000000000000001,4,0,0,27898.970144992418,1.5284960529700528e-05,1,4,0.0050000000000000001,0.075000000000000011,1,1,1,0,0,0,0,0,0,0.0082295911843788712,-0.94192872441460906,0.13332830827452039,-0.84240059065206019,0.13255871880090331,0.075000000000000011,285,-0.94192872441460906,0.13332830827452039,-0.94192872441460906,0.13332830827452041,0,0.87416666666666665,0.00016811420541388382,0.033622841082776765,0.0082295911843788712,9.6986662214455509e-05,9.6986662214455671e-05,0.0005553747802720917,7.4047179912011468e-05,8,29209,1,2,0,1,3.2707783333333333
945,167.04002211132834,197.08476483921234,0.1798655337093997,0.49999946072499479,-5.392750052068962e-07,12.92169958147373,0.14999999999999999,0.03111111111111111,0.0050000000000000001,4,0,0,27908.814990330065,-8.435044356430148e-06,1,4,0.0050000000000000001,0.075000000000000011,1,1,1,0,0,0,0,0,0,0.0042984756006742902,-0.93285693746316378,0.11709230370858645,-0.85988755866208844,0.1317272979647498,0.075000000000000011,285,-0.93285693746316378,0.11709230370858645,-0.93285693746316378,0.11709230370858645,0,0.86083333333333334,0.00010107111305931666,0.020214222611863331,0.0042984756006742902,5.0658020766695142e-05,5.0658020766695115e-05,0.00057126558322822369,6.6890803169621934e-05,39,29248,1,2,0,1,12.912304833333334
946,167.05084792087305,197.0959007484181,0.17985573375704436,0.49999947604339728,-5.2395660271598032e-07,12.911042160676601,0.14999999999999999,0.03111111111111111,0.0050000000000000001,4,0,0,27907.50168834877,-7.7871661360485389e-06,1,4,0.0050000000000000001,0.075000000000000011,1,1,1,0,0,0,0,0,0,0.00307523095851464,0.78215229844066447,0.11081356145260625,-0.85988755866208844,0.12860427837403521,0.075000000000000011,285,0.78215229844066447,0.11081356145260625,0.78215229844066447,0.11081356145260622,0,0.15694444444444444,8.2704361559969762e-05,0.016540872311993953,0.00307523095851464,3.6241944408008469e-05,3.6241944408008198e-05,0.00058109459277115984,6.4393161365824123e-05,62,29310,1,2,0,1,21.696789916666667
947,167.05505103346459,197.09964313113477,0.17984845062632449,0.4999993433631289,-6.5663687109918101e-07,12.929215714985101,0.14999999999999999,0.03111111111111111,0.0050000000000000001,4,0,0,27904.723434169453,-1.1310146938098497e-05,1,4,0.0050000000000000001,0.075000000000000011,1,1,1,0,0,0,0,0,0,0.0051189066115810535,-0.8653740879537174,0.13949087659958181,-0.85757903696936499,0.12860427837403521,0.075000000000000011,285,-0.8653740879537174,0.13949087659958181,-0.8653740879537174,0.13949087659958184,0,0.86638888888888888,0.00010244692372500946,0.020489384745001893,0.0051189066115810535,6.0326892955160252e-05,6.0326892955160374e-05,0.00054526728124294896,7.6059811041649664e-05,34,29344,1,2,0,1,12.219324458333332
948,167.04778685075817,197.09091855867794,0.17984752910710838,0.49999957168649289,-4.2831350710592631e-07,12.923262106532976,0.14999999999999999,0.03111111111111111,0.0050000000000000001,4,0,0,27905.623104766597,8.1559614087870733e-06,1,4,0.0050000000000000001,0.075000000000000011,1,1,1,0,0,0,0,0,0,0.0022587105125753781,-0.80238255264707203,0.12927076260534476,-0.84240059065206019,0.12761668696931369,0.075000000000000011,285,-0.80238255264707203,0.12927076260534476,-0.80238255264707203,0.12927076260534479,0,0.93055555555555558,9.3375860867431695e-05,0.01867517217348634,0.0022587105125753781,2.6619158669656539e-05,2.6619158669656787e-05,0.00051977391746345933,6.7191570692868912e-05,33,29377,1,2,0,1,11.609395875000001
949,167.05004012101716,197.09402899096361,0.17985023438594497,0.4999994581447158,-5.4185528419736784e-07,12.91323197821597,0.14999999999999999,0.03111111111111111,0.0050000000000000001,4,0,0,27907.495007832964,-1.1989133896521102e-07,1,4,0.0050000000000000001,0.075000000000000011,1,1,1,0,0,0,0,0,0,0.0028943606108734333,0.75815411982842351,0.12802606076542503,-0.84240059065206019,0.12699433604935384,0.075000000000000011,285,0.75815411982842351,0.12802606076542503,0.75815411982842351,0.12802606076542505,0,0.13555555555555557,8.4844909053108413e-05,0.016968981810621682,0.0028943606108734333,3.4110366919130716e-05,3.4110366919130547e-05,0.00051708118962723879,6.6199867803875141e-05,62,29439,1,2,0,1,21.867713916666666
950,167.05453291625213,197.09831109285358,0.17984413623581835,0.49999944182576894,-5.581742310578619e-07,12.941655241580625,0.14999999999999999,0.03111111111111111,0.0050000000000000001,4,0,0,27899.983817365188,9.5137612466767532e-07,1,4,0.0050000000000000001,0.075000000000000011,1,1,1,0,0,0,0,0,0,0.0073596002330174074,-0.91480274339522094,0.12751883104216469,-0.84240059065206019,0.12674072118772367,0.075000000000000011,285,-0.91480274339522094,0.12751883104216469,-0.91480274339522094,0.12751883104216472,0,0.91305555555555551,0.00014380676972909631,0.028761353945819263,0.0073596002330174074,8.6733720526478405e-05,8.6733720526477795e-05,0.00051138238383402728,6.5210883802070734e-05,11,29450,1,2,0,1,4.6082376250000001
951,167.04073774250065,197.08390236563423,0.17985531571014854,0.49999921040020961,-7.8959979038506489e-07,12.926573735189855,0.14999999999999999,0.03111111111111111,0.0050000000000000001,4,0,0,27908.249611535499,-6.6662952438149082e-06,1,4,0.0050000000000000001,0.075000000000000011,1,1,1,0,0,0,0,0,0,0.0039660718623904453,-0.92647264856104927,0.12836804732200938,-0.85019564163641259,0.12777244590379486,0.075000000000000011,285,-0.92647264856104927,0.12836804732200938,-0.92647264856104927,0.1283680473220094,0,0.88166666666666671,0.00011663483920614196,0.023326967841228393,0.0039660718623904453,4.6740605142824058e-05,4.6740605142824274e-05,0.00053089970934036947,6.8150559011845578e-05,34,29484,1,2,0,1,11.305475749999999
952,167.05002536728784,197.09302222893248,0.17984431187957026,0.49999946133180401,-5.3866819599290849e-07,12.910141514451979,0.14999999999999999,0.03111111111111111,0.0050000000000000001,4,0,0,27907.76588467183,7.8368042276964968e-06,1,4,0.0050000000000000001,0.075000000000000011,1,1,1,0,0,0,0,0,0,0.0046230021600099846,0.83389093586323293,0.14182371144136235,-0.85019564163641259,0.1281970540437172,0.075000000000000011,285,0.83389093586323293,0.14182371144136235,0.83389093586323293,0.14182371144136235,0,0.14527777777777778,0.00012443514276922903,0.024887028553845805,0.0046230021600099846,5.4482602946385275e-05,5.4482602946385607e-05,0.00054779211976836619,7.7689911523880974e-05,66,29550,1,2,0,1,22.142094749999998
953,167.05598200235619,197.09923802416813,0.17983945059440137,0.49999941913396395,-5.8086603604845521e-07,12.940671119190645,0.14999999999999999,0.03111111111111111,0.0050000000000000001,4,0,0,27899.800239930384,1.4806618320607358e-05,1,4,0.0050000000000000001,0.075000000000000011,1,1,1,0,0,0,0,0,0,0.0079133625782871111,-0.94215775581712824,0.20912127567572306,-0.85019564163641259,0.12881940496367705,0.075000000000000011,285,-0.94215775581712824,0.20912127567572306,-0.94215775581712824,0.20912127567572308,0,0.92194444444444446,0.00015051719117675322,0.030103438235350641,0.0079133625782871111,9.325987235157796e-05,9.3259872351577811e-05,0.00058615984690037226,0.00012257849493369237,11,29561,1,2,0,1,4.6215993749999997
954,167.04093008766455,197.08324793749682,0.17985003935302443,0.49999922631774335,-7.7368225664953272e-07,12.9265933031798,0.14999999999999999,0.03111111111111111,0.0050000000000000001,4,0,0,27907.957288498914,-2.9887188106594879e-05,1,4,0.0050000000000000001,0.075000000000000011,1,1,1,0,0,0,0,0,0,0.0037481979262651145,-0.92330307567216352,0.13895673470987663,-0.85019564163641259,0.13073970656002831,0.075000000000000011,285,-0.92330307567216352,0.13895673470987663,-0.92330307567216352,0.13895673470987666,0,0.89444444444444449,0.00015098574189633987,0.030197148379267975,0.0037481979262651145,4.4172936181523623e-05,4.4172936181523657e-05,0.00053334612086744016,7.411203542591868e-05,33,29594,1,2,0,1,11.043540166666666
955,167.04975889840833,197.09226254500112,0.17984164625381593,0.49999948232237917,-5.1767762082599589e-07,12.923765476879598,0.14999999999999999,0.03111111111111111,0.0050000000000000001,4,0,0,27906.046736151209,2.6982547266023074e-05,1,4,0.0050000000000000001,0.075000000000000011,1,1,1,0,0,0,0,0,0,0.0014082451342020998,0.52552418945419943,0.12994886528220995,-0.85019564163641259,0.13107875789846091,0.075000000000000011,285,0.52552418945419943,0.12994886528220995,0.52552418945419943,0.12994886528220997,0,0.17722222222222223,0.00010132802746295836,0.020265605492591671,0.0014082451342020998,1.6596328066121071e-05,1.6596328066121085e-05,0.00049928442816686612,6.4881444893361318e-05,33,29627,1,2,0,1,11.164501375
956,167.05024146299007,197.09305433780921,0.17984297784732692,0.4999992861349466,-7.1386505340331752e-07,12.914019869032787,0.14999999999999999,0.03111111111111111,0.0050000000000000001,4,0,0,27907.112709178837,1.1594146802968625e-05,1,4,0.0050000000000000001,0.075000000000000011,1,1,1,0,0,0,0,0,0,0.0028507766353692019,0.61311684903018415,0.12555673981912047,-0.85019564163641259,0.13107875789846091,0.075000000000000011,285,0.61311684903018415,0.12555673981912047,0.61311684903018415,0.12555673981912049,0,0.19777777777777777,0.00010125863513211426,0.020251727026422851,0.0028507766353692019,3.3596724841962204e-05,3.3596724841962698e-05,0.00049663920860082064,6.235639989826714e-05,60,29687,1,2,0,1,20.550112375000001
957,167.05429500586541,197.09696909086625,0.17983778318268331,0.49999945568975074,-5.4431024926193672e-07,12.941897433388331,0.14999999999999999,0.03111111111111111,0.0050000000000000001,4,0,0,27900.856846993669,1.1597031588114822e-05,1,4,0.0050000000000000001,0.075000000000000011,1,1,1,0,0,0,0,0,0,0.0076256912713452436,-0.89389144304298085,0.13101048004961952,-0.86768260964644095,0.13160956528216566,0.075000000000000011,285,-0.89389144304298085,0.13101048004961952,-0.89389144304298085,0.13101048004961952,0,0.84750000000000003,0.00014245636143996634,0.028491272287993266,0.0076256912713452436,8.9869633486721443e-05,8.9869633486721172e-05,0.00052618194913238144,6.8935349749277774e-05,15,29702,1,2,0,1,6.2135933333333337
958,167.0424019423088,197.08303116653428,0.17983834568303544,0.49999931523225277,-6.8476774722769918e-07,12.93478244305461,0.14999999999999999,0.03111111111111111,0.0050000000000000001,4,0,0,27906.030314109521,-2.1666538918406448e-05,1,4,0.0050000000000000001,0.075000000000000011,1,1,1,0,0,0,0,0,0,0.0020945537728827911,-0.87371858355040366,0.12779202834540124,-0.86768260964644095,0.13160956528216566,0.075000000000000011,285,-0.87371858355040366,0.12779202834540124,-0.87371858355040366,0.12779202834540121,0,0.93000000000000005,0.00011770819741250791,0.02354163948250158,0.0020945537728827911,2.4684552939421487e-05,2.4684552939421585e-05,0.00052424734340214627,6.6994631368048367e-05,21,29723,1,2,0,1,7.3091947083333331
959,167.04642101375364,197.08748052796972,0.17983659471364946,0.49999925470320472,-7.4529679527923776e-07,12.923780456227805,0.14999999999999999,0.03111111111111111,0.0050000000000000001,4,0,0,27906.511869858521,-9.9859226490177681e-06,1,4,0.0050000000000000001,0.075000000000000011,1,1,1,0,0,0,0,0,0,0.0032649609758175907,0.86382221497328116,0.12781944661737799,-0.86768260964644095,0.13047967266591473,0.075000000000000011,285,0.86382221497328116,0.12781944661737799,0.86382221497328116,0.12781944661737801,0,0.066111111111111107,0.00010452953330897191,0.020905906661794382,0.0032649609758175907,3.8477934105167759e-05,3.8477934105167949e-05,0.00052861491058818369,6.7567265345076381e-05,32,29755,1,2,0,1,10.551500208333334
960,167.05061375603364,197.09217917372828,0.17983510950500523,0.49999942211562243,-5.7788437757277933e-07,12.907586388608596,0.14999999999999999,0.03111111111111111,0.0050000000000000001,4,0,0,27907.479024651991,-1.3760257619074121e-05,1,4,0.0050000000000000001,0.075000000000000011,1,1,1,0,0,0,0,0,0,0.0044623944142839992,0.88620507530584558,0.2403041680290513,-0.83387832030039477,0.13047967266591473,0.075000000000000011,285,0.88620507530584558,0.2403041680290513,0.88620507530584558,0.24030416802905127,0,0.1075,9.2914932284610254e-05,0.018582986456922052,0.0044623944142839992,5.2589822511153128e-05,5.2589822511153527e-05,0.00049447101257285933,0.00011882344529080352,78,29833,1,2,0,1,27.754192916666668
961,167.05705556303309,197.09825414064576,0.17982597907262701,0.49999953757096249,-4.6242903750659536e-07,12.939054839276809,0.14999999999999999,0.03111111111111111,0.0050000000000000001,4,0,0,27899.604703937825,1.6468911296127574e-05,1,4,0.0050000000000000001,0.075000000000000011,1,1,1,0,0,0,0,0,0,0.0080424808732697684,-0.93743592781682639,0.12761106245762846,-0.83387832030039477,0.12960981394377735,0.075000000000000011,285,-0.93743592781682639,0.12761106245762846,-0.93743592781682639,0.12761106245762843,0,0.88083333333333336,0.00016732300362756684,0.033464600725513369,0.0080424808732697684,9.4781546050869329e-05,9.4781546050869302e-05,0.00054251195348090434,6.9230526779661707e-05,8,29841,1,2,0,1,3.2162875416666665
962,167.04026040466931,197.0812267280925,0.17984266936992543,0.49999945426265907,-5.4573734092899784e-07,12.923865762961583,0.14999999999999999,0.03111111111111111,0.0050000000000000001,4,0,0,27909.051313838281,-2.2539063169606206e-05,1,4,0.0050000000000000001,0.075000000000000011,1,1,1,0,0,0,0,0,0,0.0040557716539867741,-0.93283689225709809,0.12776706257380382,-0.86954633575206053,0.12881940496367705,0.075000000000000011,285,-0.93283689225709809,0.12776706257380382,-0.93283689225709809,0.12776706257380382,0,0.8569444444444444,9.6130889714254666e-05,0.019226177942850933,0.0040557716539867741,4.7797727324637126e-05,4.7797727324638068e-05,0.00053582707785915684,6.8461051785569343e-05,35,29876,1,2,0,1,11.82618375
963,167.05078407528035,197.09190497573715,0.17983226518062298,0.49999948305127018,-5.1694872982288587e-07,12.915379737824706,0.14999999999999999,0.03111111111111111,0.0050000000000000001,4,0,0,27907.000843267218,-2.4039378290864814e-05,1,4,0.0050000000000000001,0.075000000000000011,1,1,1,0,0,0,0,0,0,0.0028108239418955018,0.6918843240978052,0.20615557706680093,-0.86954633575206053,0.12881940496367705,0.075000000000000011,285,0.6918843240978052,0.20615557706680093,0.6918843240978052,0.20615557706680096,0,0.20749999999999999,8.8463353097503218e-05,0.017692670619500642,0.0028108239418955018,3.3125877833930192e-05,3.312587783393066e-05,0.00047569308334150965,9.8066782102954752e-05,57,29933,1,2,0,1,19.086128250000002
964,167.05327852441226,197.09452845715387,0.17983035231691991,0.49999945078695918,-5.492130408235596e-07,12.916054393652953,0.14999999999999999,0.03111111111111111,0.0050000000000000001,4,0,0,27906.635384977559,3.1262354626304708e-05,1,4,0.0050000000000000001,0.075000000000000011,1,1,1,0,0,0,0,0,0,0.0017624392239866556,-0.043645117918329361,0.16679966214571113,-0.83387832030039477,0.12881940496367705,0.075000000000000011,285,-0.043645117918329361,0.16679966214571113,-0.043645117918329361,0.1667996621457111,0,0.67416666666666669,9.3895768094743253e-05,0.018779153618948649,0.0017624392239866556,2.0770545445168679e-05,2.0770545445168791e-05,0.00045229069260515481,7.5441934718189512e-05,64,29997,1,2,0,1,21.720675499999999
965,167.05351794996014,197.09465573694965,0.17982942326295787,0.49999944310370942,-5.5689629058219836e-07,12.942829499830305,0.14999999999999999,0.030833333333333334,0.0050000000000000001,4,0,0,27899.804016338247,-5.6809730148001904e-06,1,4,0.0050000000000000001,0.075000000000000011,1,1,1,0,0,0,0,0,0,0.0069571013858038856,0.080946552540207425,0.15983460375506925,-0.4230138352827007,0.12960981394377735,0.075000000000000011,285,0.080946552540207425,0.15983460375506925,0.080946552540207425,0.15983460375506922,0,0.26166666666666666,0.000154277908384773,0.0308555816769546,0.0069571013858038856,8.1990226121737578e-05,8.1990226121737484e-05,0.00051768459066077119,8.2743911418369585e-05,11,30008,1,2,0,1,4.4440668333333333
966,167.04049071845131,197.08108767636557,0.17984021017124546,0.49999906459107152,-9.354089284818734e-07,12.931118437069195,0.14999999999999999,0.030833333333333334,0.0050000000000000001,4,0,0,27907.518149254509,-1.8131850198459103e-05,1,4,0.0050000000000000001,0.075000000000000011,1,1,1,0,0,0,0,0,0,0.0031261841693617626,-0.89979580454870534,0.15534772199723274,-0.83387832030039477,0.13047967266591473,0.075000000000000011,285,-0.89979580454870534,0.15534772199723274,-0.89979580454870534,0.15534772199723271,0,0.83916666666666662,0.00011058696817256655,0.022117393634513309,0.0031261841693617626,3.6842433756562275e-05,3.6842433756561943e-05,0.00052093029957537044,8.0925335358369806e-05,26,30034,1,2,0,1,8.8183391666666662
967,167.0481770118927,197.0885187592242,0.17983040751886101,0.49999947872418371,-5.2127581628980124e-07,12.939535710663094,0.14999999999999999,0.030833333333333334,0.0050000000000000001,4,0,0,27903.215620276565,-1.528505339461189e-05,1,4,0.0050000000000000001,0.075000000000000011,1,1,1,0,0,0,0,0,0,0.0039090677281079771,-0.43953036679897228,0.14190914938504676,-0.62095645972302216,0.13047967266591473,0.075000000000000011,285,-0.43953036679897228,0.14190914938504676,-0.43953036679897228,0.14190914938504673,0,0.63916666666666666,0.00013422676782045583,0.026845353564091165,0.0039090677281079771,4.6068804977710696e-05,4.6068804977710642e-05,0.00047712947106635993,6.770903738556441e-05,30,30064,1,2,0,1,11.456403625
968,167.04663785148293,197.08472909073316,0.17981859213446946,0.49999942882116583,-5.7117883417445725e-07,12.925272836387105,0.14999999999999999,0.030833333333333334,0.0050000000000000001,4,0,0,27907.44617226495,7.0237854335206097e-06,1,4,0.0050000000000000001,0.075000000000000011,1,1,1,0,0,0,0,0,0,0.0043231829711774415,-0.82922573053639237,0.14521508501307803,-0.63437804866768233,0.13498360737974807,0.075000000000000011,285,-0.82922573053639237,0.14521508501307803,-0.82922573053639237,0.14521508501307806,0,0.79583333333333328,0.00010698111665518171,0.021396223331036343,0.0043231829711774415,5.0949199920496258e-05,5.0949199920496515e-05,0.00050339411804743489,7.3100419647341699e-05,39,30103,1,2,0,1,13.458944833333334
969,167.05207511045691,197.09120312015392,0.17981894561821374,0.49999921943359821,-7.805664017923597e-07,12.925362796744993,0.14999999999999999,0.030833333333333334,0.0050000000000000001,4,0,0,27906.338891041818,1.0638339309051124e-05,1,4,0.0050000000000000001,0.075000000000000011,1,1,1,0,0,0,0,0,0,0.00090525510172010867,0.37831017557771396,0.13642235545201187,-0.63437804866768233,0.13768954508094425,0.075000000000000011,285,0.37831017557771396,0.13642235545201187,0.37831017557771396,0.1364223554520119,0,0.27277777777777779,9.4307291926770277e-05,0.018861458385354055,0.00090525510172010867,1.0668533685500112e-05,1.0668533685499998e-05,0.00047558471762776698,6.4880387395759923e-05,37,30140,1,2,0,1,13.117717541666666
970,167.05131433985906,197.09088878714275,0.17982243699184192,0.49999924802443185,-7.519755681473228e-07,12.92615894873588,0.14999999999999999,0.030833333333333334,0.0050000000000000001,4,0,0,27905.906522610792,1.3541649473300345e-05,1,4,0.0050000000000000001,0.075000000000000011,1,1,1,0,0,0,0,0,0,0.00079341843627839497,0.67856027703314703,0.197370653363722,-0.24158774235865083,0.14039022307561949,0.075000000000000011,285,0.67856027703314703,0.197370653363722,0.67856027703314703,0.19737065336372203,0,0.20611111111111111,0.00011127871282769906,0.022255742565539811,0.00079341843627839497,9.3505259435146617e-06,9.3505259435146177e-06,0.00043234542106012806,8.5332298233450972e-05,37,30177,1,2,0,1,12.867979041666667
971,167.05068541459556,197.0905837625115,0.17982505293744391,0.49999938962293972,-6.1037706028388428e-07,12.911332970762496,0.14999999999999999,0.030833333333333334,0.0050000000000000001,4,0,0,27907.826282335533,-1.895273155979633e-05,1,4,0.0050000000000000001,0.075000000000000011,1,1,1,0,0,0,0,0,0,0.0040664056032274189,-0.040316472479993662,0.2754712483758206,-0.041980795199161508,0.14186643041320457,0.075000000000000011,285,-0.040316472479993662,0.2754712483758206,-0.040316472479993662,0.27547124837582065,0,0.28388888888888891,7.9985651541833724e-05,0.015997130308366744,0.0040664056032274189,4.7923049618284689e-05,4.7923049618284479e-05,0.00038548692462754325,0.00010619056435970519,66,30243,1,2,0,1,22.702692666666668
972,167.05621831011251,197.09579106371703,0.17981714812818861,0.49999943335787,-5.6664212999546493e-07,12.940580165442359,0.14999999999999999,0.030833333333333334,0.0050000000000000001,4,0,0,27899.783309883496,4.1489384844232811e-05,1,4,0.0050000000000000001,0.075000000000000011,1,1,1,0,0,0,0,0,0,0.0074913501438591502,-0.95061036504496066,0.18815071987692478,-0.24158774235865083,0.14356211719906239,0.075000000000000011,285,-0.95061036504496066,0.18815071987692478,-0.95061036504496066,0.18815071987692478,0,0.90138888888888891,0.00013522230322871086,0.027044460645742171,0.0074913501438591502,8.8286408116093723e-05,8.8286408116094089e-05,0.00042597560541899921,8.0147616809593558e-05,10,30253,1,2,0,1,4.0477250416666664
973,167.04150371562682,197.08074641612725,0.17983101224734874,0.49999939580484049,-6.0419515951481984e-07,12.926420957898344,0.14999999999999999,0.030833333333333334,0.0050000000000000001,4,0,0,27908.572467130383,3.6701073146564004e-06,1,4,0.0050000000000000001,0.075000000000000011,1,1,1,0,0,0,0,0,0,0.0038498592972791542,-0.91433391668872666,0.15900636487108011,-0.24158774235865083,0.14356211719906239,0.075000000000000011,285,-0.91433391668872666,0.15900636487108011,-0.91433391668872666,0.15900636487108014,0,0.96305555555555555,0.00010156032463358707,0.020312064926717412,0.0038498592972791542,4.5371026928669442e-05,4.5371026928669611e-05,0.00043822075451373823,6.9679889186291487e-05,40,30293,1,2,0,1,13.452034416666667
974,167.05016248451074,197.08940009267403,0.17982166052037571,0.49999948329834315,-5.1670165684969405e-07,12.916685597470707,0.14999999999999999,0.030833333333333334,0.0050000000000000001,4,0,0,27907.025754259954,-1.6501372905968823e-05,1,4,0.0050000000000000001,0.075000000000000011,1,1,1,0,0,0,0,0,0,0.0029216600402660045,0.75390019079329917,0.12669384126333724,-0.041980795199161508,0.14356211719906239,0.075000000000000011,285,0.75390019079329917,0.12669384126333724,0.75390019079329917,0.12669384126333727,0,0.10388888888888889,0.00013348120948216753,0.026696241896433503,0.0029216600402660045,3.4432093779897556e-05,3.4432093779897386e-05,0.00045188230284846687,5.7250704746794948e-05,57,30350,1,2,0,1,19.251687041666667
975,167.05401546136807,197.09352223857195,0.17981912433676664,0.49999938852151321,-6.1147848678944072e-07,12.908962240531519,0.14999999999999999,0.030833333333333334,0.0050000000000000001,4,0,0,27907.900745245326,-1.0365511404197478e-05,1,4,0.0050000000000000001,0.075000000000000011,1,1,1,0,0,0,0,0,0,0.0023621528918590404,0.82190641099881012,0.296830588112452,-0.041980795199161508,0.1502814035051554,0.075000000000000011,285,0.82190641099881012,0.296830588112452,0.82190641099881012,0.29683058811245205,0,0.115,9.487455666912704e-05,0.018974911333825409,0.0023621528918590404,2.7838238800549014e-05,2.7838238800548959e-05,0.0003977303155272783,0.00011805852346811311,68,30418,1,2,0,1,24.295503125
976,167.05652476505597,197.09548760616423,0.17981316732976632,0.49999943737458763,-5.6262541237028785e-07,12.939904059515101,0.14999999999999999,0.030833333333333334,0.0050000000000000001,4,0,0,27900.113213357297,4.1020905148475585e-05,1,4,0.0050000000000000001,0.075000000000000011,1,1,1,0,0,0,0,0,0,0.0080432925375703134,-0.85377455422789561,0.13676010550352533,-0.24158774235865083,0.1502814035051554,0.075000000000000011,285,-0.85377455422789561,0.13676010550352533,-0.85377455422789561,0.13676010550352533,0,0.87027777777777782,0.00014614684930894432,0.029229369861788864,0.0080432925375703134,9.4791111606385369e-05,9.4791111606385382e-05,0.00045567899337710171,6.2318707209992643e-05,11,30429,1,2,0,1,4.4726468333333331
977,167.04157101417735,197.0798423439835,0.17982512465269324,0.49999927714317211,-7.2285682789496875e-07,12.926962517464109,0.14999999999999999,0.030833333333333334,0.0050000000000000001,4,0,0,27907.808814557044,1.3031731808314191e-05,1,4,0.0050000000000000001,0.075000000000000011,1,1,1,0,0,0,0,0,0,0.0036111858859035274,-0.89460249791533863,0.17594984346536952,-0.24158774235865083,0.15717704343415642,0.075000000000000011,285,-0.89460249791533863,0.17594984346536952,-0.89460249791533863,0.17594984346536954,0,0.92388888888888887,0.00011698330799187648,0.023396661598375296,0.0036111858859035274,4.2558233800792238e-05,4.2558233800792733e-05,0.0004521684222001838,7.955896310610546e-05,39,30468,1,2,0,1,12.919986041666666
978,167.04994352947062,197.08827301912632,0.1798164600059047,0.49999947104547293,-5.2895452706813728e-07,12.922093583754135,0.14999999999999999,0.030833333333333334,0.0050000000000000001,4,0,0,27906.641907955975,2.1038782260307966e-05,1,4,0.0050000000000000001,0.075000000000000011,1,1,1,0,0,0,0,0,0,0.001913634438815389,0.60892980334938474,0.14968092598107288,-0.041980795199161508,0.15717704343415642,0.075000000000000011,285,0.60892980334938474,0.14968092598107288,0.60892980334938474,0.14968092598107291,0,0.12333333333333334,0.00011124407179209956,0.022248814358419911,0.001913634438815389,2.2552398139974582e-05,2.2552398139974447e-05,0.0004237716204196617,6.3430528548914699e-05,39,30507,1,2,0,1,12.609688541666667
979,167.05139358396045,197.08988913752768,0.17981589323569341,0.49999938416849798,-6.1583150201549586e-07,12.908371023778772,0.14999999999999999,0.030833333333333334,0.0050000000000000001,4,0,0,27908.007462592537,1.3082794790912759e-05,1,4,0.0050000000000000001,0.075000000000000011,1,1,1,0,0,0,0,0,0,0.0037954909690683675,0.73556531639058653,0.17740398328329254,-0.041980795199161508,0.15942048431307468,0.075000000000000011,285,0.73556531639058653,0.17740398328329254,0.73556531639058653,0.17740398328329254,0,0.13944444444444445,9.0201201142823371e-05,0.018040240228564673,0.0037954909690683675,4.4730290036009051e-05,4.4730290036008557e-05,0.00045783337677017023,8.1221464719068661e-05,74,30581,1,2,0,1,25.200045041666666
980,167.05683813420629,197.09478970184662,0.17980677656253216,0.49999953747207743,-4.6252792257339692e-07,12.939847915501385,0.14999999999999999,0.030833333333333334,0.0050000000000000001,4,0,0,27899.077246292218,1.968206234957118e-05,1,4,0.0050000000000000001,0.075000000000000011,1,1,1,0,0,0,0,0,0,0.0080304003935084099,-0.92956354205767577,0.12868807938351798,-0.24158774235865083,0.15717704343415642,0.075000000000000011,285,-0.92956354205767577,0.12868807938351798,-0.92956354205767577,0.12868807938351801,0,0.85611111111111116,0.00017025312000849325,0.03405062400169865,0.0080304003935084099,9.46391762315486e-05,9.4639176231547923e-05,0.0005431220270582036,6.9893330533003301e-05,8,30589,1,2,0,1,3.2555122500000002
981,167.04018758104505,197.0778451955955,0.1798229399136462,0.49999948381498122,-5.1618501878403222e-07,12.923517962852923,0.14999999999999999,0.030833333333333334,0.0050000000000000001,4,0,0,27909.229720487947,8.44234628793423e-07,1,4,0.0050000000000000001,0.075000000000000011,1,1,1,0,0,0,0,0,0,0.0044610022963640535,-0.92588482701505581,0.12689715577993507,-0.24158774235865083,0.15717704343415642,0.075000000000000011,285,-0.92588482701505581,0.12689715577993507,-0.92588482701505581,0.1268971557799351,0,0.91666666666666663,0.00010169546491715369,0.020339092983430739,0.0044610022963640535,5.2573416244129713e-05,5.2573416244129814e-05,0.00054777239368404898,6.9510758773272692e-05,38,30627,1,2,0,1,12.344895458333333
982,167.05117530778753,197.08920856811397,0.17981336081582266,0.49999939749279576,-6.0250720423926651e-07,12.911094993778066,0.14999999999999999,0.030833333333333334,0.0050000000000000001,4,0,0,27907.613154537899,-2.3588249525438532e-05,1,4,0.0050000000000000001,0.075000000000000011,1,1,1,0,0,0,0,0,0,0.0037299824952344717,0.71743443310687838,0.21927118612301744,-0.041980795199161508,0.15942048431307468,0.075000000000000011,285,0.71743443310687838,0.21927118612301744,0.71743443310687838,0.21927118612301746,0,0.15583333333333332,8.6023940926100638e-05,0.017204788185220126,0.0037299824952344717,4.395826526812357e-05,4.3958265268123888e-05,0.00050344425083607871,0.0001103908180276409,68,30695,1,2,0,1,23.043744749999998
983,167.05545467227458,197.09347413173887,0.1798086720268558,0.49999943925071244,-5.6074928755922571e-07,12.941368621649532,0.14999999999999999,0.030833333333333334,0.0050000000000000001,4,0,0,27900.067568108472,3.7682274063166498e-05,1,4,0.0050000000000000001,0.075000000000000011,1,1,1,0,0,0,0,0,0,0.0079520951066883935,-0.89923457948217056,0.13610712317533602,-0.24158774235865083,0.15717704343415642,0.075000000000000011,285,-0.89923457948217056,0.13610712317533602,-0.89923457948217056,0.13610712317533602,0,0.86722222222222223,0.00014521047979394801,0.0290420959587896,0.0079520951066883935,9.3716339576328748e-05,9.3716339576328938e-05,0.00055178956348373809,7.5102490083946028e-05,12,30707,1,2,0,1,4.8428965833333333
984,167.04145729545795,197.07813317765306,0.17981569586684781,0.49999936802893341,-6.3197106658918756e-07,12.925639615409679,0.14999999999999999,0.030833333333333334,0.0050000000000000001,4,0,0,27908.250776495999,1.5723579650180001e-06,1,4,0.0050000000000000001,0.075000000000000011,1,1,1,0,0,0,0,0,0,0.0042426128492116279,-0.91699612942526543,0.11312443490496098,-0.63437804866768233,0.15251432398915282,0.075000000000000011,285,-0.91699612942526543,0.11312443490496098,-0.91699612942526543,0.113124434904961,0,0.96944444444444444,9.9671427029050143e-05,0.019934285405810027,0.0042426128492116279,4.999967192711202e-05,4.9999671927111587e-05,0.0005673571416309523,6.4181956036295392e-05,39,30746,1,2,0,1,13.111125749999999
985,167.05065785806391,197.08744352507026,0.17980644944557694,0.49999931001333031,-6.8998666968855815e-07,12.904017130417857,0.14999999999999999,0.030833333333333334,0.0050000000000000001,4,0,0,27908.377664813219,4.5633705406977439e-06,1,4,0.0050000000000000001,0.075000000000000011,1,1,1,0,0,0,0,0,0,0.0059283847272747952,0.8339289359197517,0.10309538885131778,-0.63437804866768233,0.14744800549707546,0.075000000000000011,285,0.8339289359197517,0.10309538885131778,0.8339289359197517,0.1030953888513178,0,0.11555555555555555,0.00012460926578047453,0.024921853156094905,0.0059283847272747952,6.9866684035646144e-05,6.9866684035646605e-05,0.00060938558686604995,6.2824844038343903e-05,95,30841,1,2,0,1,33.419156208333334
986,167.05792652468998,197.09409128207159,0.17979490936003256,0.49999953991280915,-4.6008719084555949e-07,12.937371629271471,0.14999999999999999,0.030833333333333334,0.0050000000000000001,4,0,0,27899.317498941091,-2.2741884256420068e-05,1,4,0.0050000000000000001,0.075000000000000011,1,1,1,0,0,0,0,0,0,0.0085729671236247518,-0.93386780877874243,0.10035340916478977,-0.63437804866768233,0.14356211719906239,0.075000000000000011,285,-0.93386780877874243,0.10035340916478977,-0.93386780877874243,0.1003534091647898,0,0.88194444444444442,0.00018509423236596025,0.037018846473192049,0.0085729671236247518,0.00010103338646673988,0.00010103338646673976,0.00061562786172640431,6.1780354701074469e-05,8,30849,1,2,0,1,3.3366751666666667
987,167.04102276525228,197.07689464618056,0.17981135043179536,0.4999994995884775,-5.0041152249713505e-07,12.923522057870429,0.14999999999999999,0.030833333333333334,0.0050000000000000001,4,0,0,27909.247226974152,9.4188312928279723e-07,1,4,0.0050000000000000001,0.075000000000000011,1,1,1,0,0,0,0,0,0,0.003854468162763369,-0.90244079561980506,0.099581671559622831,-0.84150014238214399,0.14098759525830168,0.075000000000000011,285,-0.90244079561980506,0.099581671559622831,-0.90244079561980506,0.099581671559622845,0,0.87638888888888888,9.586601605442925e-05,0.01917320321088585,0.003854468162763369,4.5425342929293855e-05,4.5425342929293753e-05,0.00061849497085490529,6.1590763048951673e-05,34,30883,1,2,0,1,11.373377833333333
988,167.05110988663361,197.08733833993634,0.17980262731379815,0.49999949364734381,-5.0635265619325409e-07,12.913665994046793,0.14999999999999999,0.030833333333333334,0.0050000000000000001,4,0,0,27907.580294154461,-1.0363214826684699e-05,1,4,0.0050000000000000001,0.075000000000000011,1,1,1,0,0,0,0,0,0,0.0027299703587865512,0.79013040260786904,0.099579522350170729,-0.44704551335394466,0.13659123047776861,0.075000000000000011,285,0.79013040260786904,0.099579522350170729,0.79013040260786904,0.099579522350170729,0,0.14055555555555554,0.00010333771911449085,0.02066754382289817,0.0027299703587865512,3.2173009218937373e-05,3.2173009218937481e-05,0.00062811558193386833,6.2547449629674133e-05,61,30944,1,2,0,1,20.497304750000001
989,167.05520728032681,197.09089307016879,0.17979496885386295,0.49999922437841865,-7.7562158135036086e-07,12.941208203664612,0.14999999999999999,0.030833333333333334,0.0050000000000000001,4,0,0,27901.582925786719,-4.1184818847284648e-06,1,4,0.0050000000000000001,0.075000000000000011,1,1,1,0,0,0,0,0,0,0.0073629636007406032,-0.92982014845766037,0.17519118917102741,-0.87418852607161712,0.1432205157422991,0.075000000000000011,285,-0.92982014845766037,0.17519118917102741,-0.92982014845766037,0.17519118917102744,0,0.89749999999999996,0.00013192621080494263,0.026385242160988524,0.0073629636007406032,8.6773358195223324e-05,8.677335819522331e-05,0.00067015865009308311,0.00011740589084305769,14,30958,1,2,0,1,5.6417615416666669
990,167.04269381990568,197.07713338625314,0.17980097710067219,0.49999908956817218,-9.1043182781636034e-07,12.931021119668282,0.14999999999999999,0.030833333333333334,0.0050000000000000001,4,0,0,27906.525781584751,-3.3119820224760669e-05,1,4,0.0050000000000000001,0.075000000000000011,1,1,1,0,0,0,0,0,0,0.002770620604297678,-0.90132542927846382,0.10996094956152598,-0.8969185386987546,0.13643361433943069,0.075000000000000011,285,-0.90132542927846382,0.10996094956152598,-0.90132542927846382,0.10996094956152599,0,0.92694444444444446,0.00010551725354888576,0.02110345070977715,0.002770620604297678,3.2652076956567636e-05,3.2652076956567507e-05,0.00060817155081810273,6.6875121224264431e-05,26,30984,1,2,0,1,8.9222414583333336
991,167.04906132599456,197.08348109503487,0.17979400501047083,0.499999455795827,-5.4420417300304891e-07,12.922865629282789,0.14999999999999999,0.030833333333333334,0.0050000000000000001,4,0,0,27906.450226651708,1.8044646200185594e-05,1,4,0.0050000000000000001,0.075000000000000011,1,1,1,0,0,0,0,0,0,0.0027385921651277281,0.80002833621305658,0.095151424200429047,-0.8969185386987546,0.13239760127942701,0.075000000000000011,285,0.80002833621305658,0.095151424200429047,0.80002833621305658,0.095151424200429033,0,0.10194444444444445,0.0001066762588149003,0.021335251762980061,0.0027385921651277281,3.2274618181102766e-05,3.2274618181102658e-05,0.00058787275275507553,5.5936929673272137e-05,32,31016,1,2,0,1,10.404127541666666
992,167.0515682009414,197.08685861682739,0.17979651875974859,0.49999945655735573,-5.4344264427408362e-07,12.906707603348769,0.14999999999999999,0.030833333333333334,0.0050000000000000001,4,0,0,27908.258151714188,3.0548775345691733e-06,1,4,0.0050000000000000001,0.075000000000000011,1,1,1,0,0,0,0,0,0,0.0044484682348691759,0.84797364212769966,0.10110442689483665,-0.87418852607161712,0.12779261758172653,0.075000000000000011,285,0.84797364212769966,0.10110442689483665,0.84797364212769966,0.10110442689483665,0,0.096111111111111105,8.6060549338807786e-05,0.017212109867761557,0.0044484682348691759,5.2425700912815757e-05,5.2425700912815351e-05,0.00059634018839976703,6.0292632982517358e-05,77,31093,1,2,0,1,26.519465666666665
993,167.05759525545326,197.09244548668883,0.1797873971866307,0.49999953966307054,-4.6033692946423344e-07,12.938947156064984,0.14999999999999999,0.030833333333333334,0.0050000000000000001,4,0,0,27899.180227693138,-2.2691629127931554e-05,1,4,0.0050000000000000001,0.075000000000000011,1,1,1,0,0,0,0,0,0,0.0082365923586303659,-0.93201316709051163,0.098944385506731597,-0.87418852607161712,0.12679549852163616,0.075000000000000011,285,-0.93201316709051163,0.098944385506731597,-0.93201316709051163,0.098944385506731597,0,0.88277777777777777,0.00016932148939485453,0.033864297878970905,0.0082365923586303659,9.706917184428052e-05,9.7069171844280683e-05,0.00059969302066771872,5.933625742264312e-05,8,31101,1,2,0,1,3.2482498333333334
994,167.04071291833401,197.07524591196974,0.17980366863208719,0.49999948798715282,-5.1201284717583562e-07,12.924320032947229,0.14999999999999999,0.030833333333333334,0.0050000000000000001,4,0,0,27909.166904924394,4.6055236045201967e-06,1,4,0.0050000000000000001,0.075000000000000011,1,1,1,0,0,0,0,0,0,0.0039689025512298316,-0.92124982630574248,0.095724435197949445,-0.8969185386987546,0.12001079534244802,0.075000000000000011,285,-0.92124982630574248,0.095724435197949445,-0.92124982630574248,0.095724435197949431,0,0.85194444444444439,9.645574060417709e-05,0.019291148120835419,0.0039689025512298316,4.6773965130720048e-05,4.677396513072017e-05,0.00059646731387132731,5.7096496734370844e-05,34,31135,1,2,0,1,11.151274583333333
995,167.05101030935506,197.08588726560359,0.17979464416664193,0.49999940964540224,-5.9035459776257682e-07,12.91901119624335,0.14999999999999999,0.030833333333333334,0.0050000000000000001,4,0,0,27906.764794586124,3.4985741862526784e-06,1,4,0.0050000000000000001,0.075000000000000011,1,1,1,0,0,0,0,0,0,0.0016932342357778199,0.7048424496216622,0.13240451696318206,-0.8969185386987546,0.12001079534244802,0.075000000000000011,285,0.7048424496216622,0.13240451696318206,0.7048424496216622,0.13240451696318209,0,0.20749999999999999,9.1727966428678984e-05,0.018345593285735796,0.0016932342357778199,1.9954956837595297e-05,1.9954956837595439e-05,0.00054655558667327615,7.236642844700371e-05,51,31186,1,2,0,1,17.380768083333333
996,167.05306696789762,197.08734096102387,0.17978882123066856,0.49999936034894749,-6.3965105251417853e-07,12.932762683803256,0.14999999999999999,0.030833333333333334,0.0050000000000000001,4,0,0,27904.749277491064,-3.9902364752965511e-06,1,4,0.0050000000000000001,0.075000000000000011,1,1,1,0,0,0,0,0,0,0.0043060994643477754,-0.81488268169238254,0.13222157960438027,-0.8969185386987546,0.12001079534244802,0.075000000000000011,285,-0.81488268169238254,0.13222157960438027,-0.81488268169238254,0.1322215796043803,0,0.91111111111111109,0.00010722723221148978,0.021445446442297955,0.0043060994643477754,5.0747868861734527e-05,5.074786886173448e-05,0.0004962700690682709,6.561761244258168e-05,33,31219,1,2,0,1,12.044640125000001
997,167.04833965470013,197.08151846756871,0.17978735301978538,0.49999939956992012,-6.0043007987786723e-07,12.924365018850562,0.14999999999999999,0.030833333333333334,0.0050000000000000001,4,0,0,27906.298414582321,1.8326164820466889e-05,1,4,0.0050000000000000001,0.075000000000000011,1,1,1,0,0,0,0,0,0,0.002667209270991738,-0.88184151454473325,0.1236751909819294,-0.89053804701345185,0.11839981294344519,0.075000000000000011,285,-0.88184151454473325,0.1236751909819294,-0.88184151454473325,0.12367519098192944,0,0.89777777777777779,9.5840977615436809e-05,0.019168195523087361,0.002667209270991738,3.143336270603143e-05,3.1433362706031309e-05,0.00048227808884500844,5.9645834744306333e-05,32,31251,1,2,0,1,10.59906325
998,167.0511539092675,197.08502303359009,0.17978845653849987,0.49999934190399503,-6.5809600496846699e-07,12.911226741243365,0.14999999999999999,0.030833333333333334,0.0050000000000000001,4,0,0,27908.006257237404,2.6043962916998879e-06,1,4,0.0050000000000000001,0.075000000000000011,1,1,1,0,0,0,0,0,0,0.003628827008978229,0.86541628579506946,0.12019397296518007,-0.89053804701345185,0.11665920393507052,0.075000000000000011,285,0.86541628579506946,0.12019397296518007,0.86541628579506946,0.12019397296518007,0,0.12944444444444445,8.6427114661477976e-05,0.017285422932295593,0.003628827008978229,4.2766136430023369e-05,4.2766136430023972e-05,0.00049287121605609487,5.9240149617961692e-05,69,31320,1,2,0,1,23.393573708333335
999,167.05656681052486,197.09000812179701,0.17978007021619216,0.49999938659862719,-6.1340137280652129e-07,12.940547438575962,0.14999999999999999,0.030833333333333334,0.0050000000000000001,4,0,0,27899.771433726732,7.6811917139187956e-07,1,4,0.0050000000000000001,0.075000000000000011,1,1,1,0,0,0,0,0,0,0.0074551343898269637,-0.94626966378872268,0.11786816643211706,-0.90028000438031719,0.11549630066853903,0.075000000000000011,285,-0.94626966378872268,0.11786816643211706,-0.94626966378872268,0.11786816643211703,0,0.90194444444444444,0.00014452225239348909,0.028904450478697819,0.0074551343898269637,8.7859601361728006e-05,8.785960136172802e-05,0.00049395745922259956,5.8221860014035041e-05,9,31329,1,2,0,1,3.800175125
1000,167.0415941498193,197.07504942495842,0.17979626827676326,0.49999944712376315,-5.5287623684785459e-07,12.926584837321764,0.14999999999999999,0.030833333333333334,0.0050000000000000001,4,0,0,27908.788846842221,1.7299364441078838e-05,1,4,0.0050000000000000001,0.075000000000000011,1,1,1,0,0,0,0,0,0,0.0037345945158892262,-0.9217537715326195,0.11720631520993983,-0.90028000438031719,0.11516537505745041,0.075000000000000011,285,-0.9217537715326195,0.11720631520993983,-0.9217537715326195,0.11720631520993985,0,0.93305555555555553,0.00011010017246722122,0.022020034493444241,0.0037345945158892262,4.4012618452789392e-05,4.4012618452789928e-05,0.00050531800071882207,5.9226460873506864e-05,35,31364,1,2,0,1,12.096067833333333
1001,167.05081096907068,197.08424656057767,0.17978623041265962,0.49999934006039803,-6.599396019657533e-07,12.913628999792342,0.14999999999999999,0.030833333333333334,0.0050000000000000001,4,0,0,27907.635061755474,-1.2831622871133003e-06,1,4,0.0050000000000000001,0.075000000000000011,1,1,1,0,0,0,0,0,0,0.0036437469928871269,0.76984876475996578,0.12114611452632422,-0.89053804701345185,0.11516537505745041,0.075000000000000011,285,0.76984876475996578,0.12114611452632422,0.76984876475996578,0.12114611452632423,0,0.1275,9.5789053157660538e-05,0.019157810631532109,0.0036437469928871269,4.2941970126642967e-05,4.294197012664298e-05,0.00051598535266436239,6.250962062778264e-05,66,31430,1,2,0,1,22.619800125000001
1002,167.05580097220331,197.08924440660257,0.17978090709580671,0.49999950497482815,-4.9502517185384676e-07,12.94244486007598,0.14999999999999999,0.030833333333333334,0.0050000000000000001,4,0,0,27901.430240704874,1.2923088047347138e-05,1,4,0.0050000000000000001,0.075000000000000011,1,1,1,0,0,0,0,0,0,0.0078980125081702292,-0.9224815087833943,0.22465850207741311,-0.90028000438031719,0.11516537505745041,0.075000000000000011,285,-0.9224815087833943,0.22465850207741311,-0.9224815087833943,0.22465850207741303,0,0.8880555555555556,0.00014399043195878909,0.028798086391757818,0.0078980125081702292,9.307897004038903e-05,9.3078970040389112e-05,0.00055663862179193601,0.00012505359897021202,16,31446,1,2,0,1,6.6820496666666669
1003,167.04391999309047,197.07548475195603,0.17978244739531837,0.4999993872874417,-6.1271255830108728e-07,12.932591228136667,0.14999999999999999,0.030833333333333334,0.0050000000000000001,4,0,0,27907.122724887922,-1.3856216738858854e-05,1,4,0.0050000000000000001,0.075000000000000011,1,1,1,0,0,0,0,0,0,0.0033523525434768137,-0.87910564603729824,0.12776535252494933,-0.89158347191159848,0.11516537505745041,0.075000000000000011,285,-0.87910564603729824,0.12776535252494933,-0.87910564603729824,0.12776535252494933,0,0.96250000000000002,0.00010110091589481078,0.020220183178962153,0.0033523525434768137,3.9507853607007086e-05,3.9507853607007242e-05,0.00049907730355466264,6.3764787625862624e-05,28,31474,1,2,0,1,9.3942162083333329
1004,167.04839709091254,197.08157119866573,0.17978726303735956,0.49999952432477551,-4.7567522448721533e-07,12.925414715951947,0.14999999999999999,0.030833333333333334,0.0050000000000000001,4,0,0,27906.223489895136,1.7785691014375067e-05,1,4,0.0050000000000000001,0.075000000000000011,1,1,1,0,0,0,0,0,0,0.0023362227331597753,0.91321980919713241,0.12083004436691258,-0.88047358029101574,0.11753724082102845,0.075000000000000011,285,0.91321980919713241,0.12083004436691258,0.91321980919713241,0.12083004436691257,0,0.037222222222222219,9.139410581002395e-05,0.018278821162004789,0.0023362227331597753,2.7532648949657453e-05,2.753264894965728e-05,0.00047983598737359978,5.7978603643193366e-05,28,31502,1,2,0,1,9.2026621666666664
1005,167.05045059192659,197.0843166485401,0.17978919512154262,0.49999941961749805,-5.8038250194680785e-07,12.911148827492905,0.14999999999999999,0.030833333333333334,0.0050000000000000001,4,0,0,27907.791393297088,3.9549040683564636e-06,1,4,0.0050000000000000001,0.075000000000000011,1,1,1,0,0,0,0,0,0,0.0038960845900526957,0.83166294447429479,0.12656784578290012,-0.88047358029101574,0.11903106969864857,0.075000000000000011,285,0.83166294447429479,0.12656784578290012,0.83166294447429479,0.12656784578290009,0,0.10000000000000001,8.886043761575498e-05,0.017772087523150997,0.0038960845900526957,4.5915797228377854e-05,4.5915797228377799e-05,0.00050579682776438208,6.4017614893962401e-05,72,31574,1,2,0,1,25.475413625000002
1006,167.05650681551276,197.08986856161346,0.17977965850362085,0.49999951732046954,-4.8267953045577627e-07,12.941302894423659,0.14999999999999999,0.030833333333333334,0.0050000000000000001,4,0,0,27899.140313165328,1.3413555858461306e-05,1,4,0.0050000000000000001,0.075000000000000011,1,1,1,0,0,0,0,0,0,0.0076815388402744818,-0.93512268103412866,0.11497441434727843,-0.88047358029101574,0.11903106969864857,0.075000000000000011,285,-0.93512268103412866,0.11497441434727843,-0.93512268103412866,0.11497441434727843,0,0.88527777777777783,0.00014473760518411184,0.028947521036822368,0.0076815388402744818,9.0527803398432236e-05,9.0527803398432358e-05,0.00054557676230107999,6.2727368727051006e-05,8,31582,1,2,0,1,3.2544750416666668
1007,167.04035428450746,197.07336740991445,0.17979495585991148,0.49999935363130632,-6.4636869367973304e-07,12.924712480330152,0.14972222222222223,0.030833333333333334,0.0050000000000000001,4,0,0,27909.038073660318,-2.615082200816983e-05,1,4,0.0050000000000000001,0.075000000000000011,1,1,1,0,0,0,0,0,0,0.0045869856876954856,-0.91398217313242724,0.10469203664607961,-0.88047358029101574,0.11903106969864857,0.075000000000000011,285,-0.91398217313242724,0.10469203664607961,-0.91398217313242724,0.10469203664607964,0,0.93111111111111111,0.0001031885911012481,0.02063771822024962,0.0045869856876954856,5.405814474958528e-05,5.4058144749585056e-05,0.00056820154434463377,5.9486176902887425e-05,39,31621,1,2,0,1,12.485306916666667
1008,167.05089536937984,197.08414522769183,0.17978502774201255,0.49999931467378139,-6.8532621860795118e-07,12.908143874619077,0.14972222222222223,0.030833333333333334,0.0050000000000000001,4,0,0,27908.18956794724,-5.766443955806786e-06,1,4,0.0050000000000000001,0.075000000000000011,1,1,1,0,0,0,0,0,0,0.0045719730853464825,0.77632251154236953,0.10468183016816222,-0.88047358029101574,0.11903106969864857,0.075000000000000011,285,0.77632251154236953,0.10468183016816222,0.77632251154236953,0.10468183016816224,0,0.10083333333333333,0.00010861996940357564,0.021723993880715126,0.0045719730853464825,5.3881219534181329e-05,5.3881219534180773e-05,0.00057931662744879059,6.0643924808186806e-05,80,31701,1,2,0,1,27.850302833333334
1009,167.05732884781446,197.0898450847485,0.17977371267735881,0.49999953608288578,-4.639171142239995e-07,12.940209799108752,0.14972222222222223,0.030833333333333334,0.0050000000000000001,4,0,0,27899.152039567616,-6.6359793253290519e-06,1,4,0.0050000000000000001,0.075000000000000011,1,1,1,0,0,0,0,0,0,0.0081991509699867217,-0.92845899636604223,0.10035854687871938,-0.88047358029101574,0.11753724082102845,0.075000000000000011,285,-0.92845899636604223,0.10035854687871938,-0.92845899636604223,0.1003585468787194,0,0.86805555555555558,0.00017519077501525616,0.035038155003051234,0.0081991509699867217,9.6627920847497831e-05,9.6627920847497682e-05,0.00058808494693456028,5.9019350715601267e-05,8,31709,1,2,0,1,3.409210125
1010,167.04045084599022,197.07268129585998,0.17979016638047271,0.49999948898640834,-5.1101359166416671e-07,12.925517904312494,0.14972222222222223,0.030833333333333334,0.0050000000000000001,4,0,0,27909.064526289891,-2.3641148276178106e-06,1,4,0.0050000000000000001,0.075000000000000011,1,1,1,0,0,0,0,0,0,0.0039604137270755155,-0.92599290763118403,0.10037146921940564,-0.88047358029101574,0.11753724082102845,0.075000000000000011,285,-0.92599290763118403,0.10037146921940564,-0.92599290763118403,0.10037146921940565,0,0.84916666666666663,9.7127372598985716e-05,0.019425474519797144,0.0039604137270755155,4.6673923378656426e-05,4.6673923378656264e-05,0.00059074625186042668,5.9294069235088066e-05,34,31743,1,2,0,1,11.355958416666667
1011,167.05076560481953,197.08318877831425,0.17978021869435995,0.4999994920420392,-5.0795796080471689e-07,12.915086975275376,0.14972222222222223,0.030833333333333334,0.0050000000000000001,4,0,0,27907.496231192748,-9.4858762062595677e-06,1,4,0.0050000000000000001,0.075000000000000011,1,1,1,0,0,0,0,0,0,0.0028598924262501265,0.80770934737624722,0.10521050699295073,-0.88047358029101574,0.11753724082102845,0.075000000000000011,285,0.80770934737624722,0.10521050699295073,0.80770934737624722,0.10521050699295074,0,0.16027777777777777,0.00010230594432890577,0.020461188865781153,0.0028598924262501265,3.3704155467758541e-05,3.3704155467758101e-05,0.00058150843720154168,6.1180797498652654e-05,61,31804,1,2,0,1,20.797040083333332
1012,167.05503251388245,197.08680206742355,0.17977171415680293,0.49999938754168533,-6.1245831467493517e-07,12.942893684403902,0.14972222222222223,0.030833333333333334,0.0050000000000000001,4,0,0,27900.890522414371,-1.4229160718604416e-05,1,4,0.0050000000000000001,0.075000000000000011,1,1,1,0,0,0,0,0,0,0.007352936954542688,-0.9346284695993341,0.10656994320687085,-0.89791184383858025,0.11753724082102845,0.075000000000000011,285,-0.9346284695993341,0.10656994320687085,-0.9346284695993341,0.1065699432068709,0,0.90333333333333332,0.0001308331215229487,0.026166624304589738,0.007352936954542688,8.6655193036571594e-05,8.6655193036571431e-05,0.00057508466019772408,6.1286739576414076e-05,13,31817,1,2,0,1,5.3029477500000004
1013,167.04206211831826,197.0727989852999,0.17977949078304867,0.49999923964523407,-7.603547659273957e-07,12.931341929196845,0.14972222222222223,0.030833333333333334,0.0050000000000000001,4,0,0,27906.866305404157,8.3046332073371995e-06,1,4,0.0050000000000000001,0.075000000000000011,1,1,1,0,0,0,0,0,0,0.0030299288943856882,-0.92677429065718653,0.097513892511261871,-0.89791184383858025,0.11753724082102845,0.075000000000000011,285,-0.92677429065718653,0.097513892511261871,-0.92677429065718653,0.097513892511261857,0,0.93694444444444447,0.00015520455727089763,0.031040911454179525,0.0030299288943856882,3.5708054462219644e-05,3.5708054462220105e-05,0.00057128486105293677,5.5708210534027246e-05,27,31844,1,2,0,1,9.1535451250000008
1014,167.04896090106101,197.07959809634863,0.17977146959372009,0.4999994531318705,-5.4686812950288655e-07,12.917520536862783,0.14972222222222223,0.030833333333333334,0.0050000000000000001,4,0,0,27907.339183227556,-2.1076110914471519e-05,1,4,0.0050000000000000001,0.075000000000000011,1,1,1,0,0,0,0,0,0,0.0040522126496564063,0.86756104291409775,0.10279503075724379,-0.88047358029101574,0.11753724082102845,0.075000000000000011,285,0.86756104291409775,0.10279503075724379,0.86756104291409775,0.10279503075724379,0,0.060555555555555557,0.00010231952202878236,0.020463904405756472,0.0040522126496564063,4.7755784056365872e-05,4.7755784056365751e-05,0.00059150799615964524,6.0804082658386377e-05,49,31893,1,2,0,1,17.170155250000001
1015,167.05369344151637,197.08505221676148,0.17977069621485953,0.49999942760647242,-5.7239352757587625e-07,12.943796966905294,0.14972222222222223,0.030833333333333334,0.0050000000000000001,4,0,0,27900.813329151006,-6.5305185348544014e-06,1,4,0.0050000000000000001,0.075000000000000011,1,1,1,0,0,0,0,0,0,0.0069610143215402152,-0.95776453301649589,0.18255815481490331,-0.89791184383858025,0.11753724082102845,0.075000000000000011,285,-0.95776453301649589,0.18255815481490331,-0.95776453301649589,0.18255815481490331,0,0.99694444444444441,0.00014448149542588813,0.028896299085177626,0.0069610143215402152,8.2036340511629335e-05,8.2036340511629281e-05,0.00062762853944289679,0.00011457870806986801,13,31906,1,2,0,1,5.479958166666667
1016,167.04171520065873,197.07220475433343,0.17977838360675713,0.49999933355930359,-6.6644069640631187e-07,12.935393539956161,0.14972222222222223,0.030833333333333334,0.0050000000000000001,4,0,0,27906.332270126713,-3.5215098077891607e-05,1,4,0.0050000000000000001,0.075000000000000011,1,1,1,0,0,0,0,0,0,0.0023702068818937387,-0.88021161574316731,0.11031920786128399,-0.89791184383858025,0.11609036477860912,0.075000000000000011,285,-0.88021161574316731,0.11031920786128399,-0.88021161574316731,0.11031920786128398,0,0.93388888888888888,0.00011379942723070722,0.022759885446141444,0.0023702068818937387,2.7933155983368083e-05,2.7933155983367785e-05,0.00056503389202783218,6.2334091383288716e-05,22,31928,1,2,0,1,7.4271993333333333
1017,167.0471120847323,197.07804909948911,0.17977525405841216,0.49999951042084834,-4.8957915166347732e-07,12.924011212915614,0.14972222222222223,0.030833333333333334,0.0050000000000000001,4,0,0,27906.735809700378,1.0657048394625734e-05,1,4,0.0050000000000000001,0.075000000000000011,1,1,1,0,0,0,0,0,0,0.0032478993320389743,0.85923635216304062,0.096130445377065693,-0.89709689443779728,0.11264681110428121,0.075000000000000011,285,0.85923635216304062,0.096130445377065693,0.85923635216304062,0.096130445377065679,0,0.049444444444444444,9.8321945438485905e-05,0.01966438908769718,0.0032478993320389743,3.8276860704933612e-05,3.8276860704933477e-05,0.00054925260798318069,5.2799897829938028e-05,34,31962,1,2,0,1,11.176952208333333
1018,167.05157056516583,197.08301410682301,0.17977348815132566,0.49999935967721654,-6.4032278346282112e-07,12.909305538634333,0.14972222222222223,0.030833333333333334,0.0050000000000000001,4,0,0,27907.890428748771,-7.4109065858929397e-06,1,4,0.0050000000000000001,0.075000000000000011,1,1,1,0,0,0,0,0,0,0.0041533982487370561,0.92273698919946323,0.098977849800865769,-0.89709689443779728,0.10844457553407742,0.075000000000000011,285,0.92273698919946323,0.098977849800865769,0.92273698919946323,0.098977849800865755,0,0.10638888888888889,8.9946937782497025e-05,0.017989387556499405,0.0041533982487370561,4.8948267777505051e-05,4.8948267777505125e-05,0.00054431965622650492,5.3875589177645895e-05,74,32036,1,2,0,1,25.103586499999999
1019,167.05696837428187,197.08822578350708,0.17976656527096704,0.49999945878980762,-5.4121019238406731e-07,12.941382831453016,0.14972222222222223,0.030833333333333334,0.0050000000000000001,4,0,0,27899.986271176153,-9.1397712293224975e-06,1,4,0.0050000000000000001,0.075000000000000011,1,1,1,0,0,0,0,0,0,0.0084085901896613271,-0.93540082639576605,0.10094980817726429,-0.89709689443779728,0.10589022509991079,0.075000000000000011,285,-0.93540082639576605,0.10094980817726429,-0.93540082639576605,0.10094980817726429,0,0.87805555555555559,0.00015818436446102518,0.031636872892205035,0.0084085901896613271,9.90961857221367e-05,9.9096185722137188e-05,0.00054678792110114454,5.5198135748805665e-05,12,32048,1,2,0,1,4.8797667499999999
1020,167.04195907456722,197.07190226986097,0.17977485035294902,0.49999931559064109,-6.8440935890867749e-07,12.927725876547704,0.14972222222222223,0.030833333333333334,0.0050000000000000001,4,0,0,27908.364431762391,-3.9306810864598208e-06,1,4,0.0050000000000000001,0.075000000000000011,1,1,1,0,0,0,0,0,0,0.0038300343791773518,-0.87761276132645327,0.10989066171886193,-0.87965863089023277,0.10589022509991079,0.075000000000000011,285,-0.87761276132645327,0.10989066171886193,-0.87761276132645327,0.10989066171886192,0,0.93944444444444442,0.00014099303651254433,0.028198607302508866,0.0038300343791773518,4.5137388028231899e-05,4.5137388028232177e-05,0.00054525138575072039,5.9918035583273108e-05,33,32081,1,2,0,1,10.7119175
1021,167.05045627195381,197.08053956562381,0.1797665445749026,0.49999929282376648,-7.0717623351645997e-07,12.909214043879688,0.14972222222222223,0.030833333333333334,0.0050000000000000001,4,0,0,27908.437188152653,-7.4273883124308689e-06,1,4,0.0050000000000000001,0.075000000000000011,1,1,1,0,0,0,0,0,0,0.0050407429247690573,0.76800921901955066,0.10602463951395047,-0.87965863089023277,0.1056175732534506,0.075000000000000011,285,0.76800921901955066,0.10602463951395047,0.76800921901955066,0.10602463951395047,0,0.090277777777777776,0.00011786379312260559,0.023572758624521118,0.0050407429247690573,5.940572507203852e-05,5.9405725072038242e-05,0.00057095295535500052,6.053508127093859e-05,78,32159,1,2,0,1,27.092078666666666
1022,167.05762140151072,197.08698349374779,0.17975451727559147,0.49999954142504288,-4.5857495711842944e-07,12.940694571599032,0.14972222222222223,0.030833333333333334,0.0050000000000000001,4,0,0,27899.281652624639,-3.5579437538538499e-06,1,4,0.0050000000000000001,0.075000000000000011,1,1,1,0,0,0,0,0,0,0.0080041630250695158,-0.94118147421253451,0.10056502588597897,-0.87965863089023277,0.10495127181951516,0.075000000000000011,285,-0.94118147421253451,0.10056502588597897,-0.94118147421253451,0.10056502588597897,0,0.9244444444444444,0.00016361413476176343,0.032722826952352686,0.0080041630250695158,9.4329965879154731e-05,9.4329965879154528e-05,0.00057862772819758357,5.8189712464535198e-05,8,32167,1,2,0,1,3.3684832500000002
1023,167.04095919570764,197.07028751699036,0.17977224547723003,0.49999947866135591,-5.2133864408832054e-07,12.922877194730074,0.14972222222222223,0.030833333333333334,0.0050000000000000001,4,0,0,27909.492865503289,-7.3892918167209712e-06,1,4,0.0050000000000000001,0.075000000000000011,1,1,1,0,0,0,0,0,0,0.0046351160194578423,-0.95448417320288936,0.10486348237254073,-0.89709689443779728,0.10477775950931018,0.075000000000000011,285,-0.95448417320288936,0.10486348237254073,-0.95448417320288936,0.10486348237254071,0,0.89611111111111108,0.00010167794021177785,0.020335588042355572,0.0046351160194578423,5.4625366149083959e-05,5.4625366149083898e-05,0.00059754503988444741,6.2660653756721894e-05,39,32206,1,2,0,1,13.005687375000001
1024,167.05236815883916,197.08178335601525,0.17976048785266599,0.49999949194668314,-5.0805331686110122e-07,12.909161388622156,0.14972222222222223,0.030833333333333334,0.0050000000000000001,4,0,0,27908.410738934435,2.9419674100873343e-06,1,4,0.0050000000000000001,0.075000000000000011,1,1,1,0,0,0,0,0,0,0.0038364310367779556,0.85526119519566368,0.10439764030414782,-0.89709689443779728,0.10468693340712092,0.075000000000000011,285,0.85526119519566368,0.10439764030414782,0.85526119519566368,0.10439764030414779,0,0.12111111111111111,8.8427799303242042e-05,0.017685559860648407,0.0038364310367779556,4.5212773361003824e-05,4.5212773361003641e-05,0.00059500202918908525,6.211680782352018e-05,74,32280,1,2,0,1,24.660597124999999
1025,167.05747068690974,197.08636943009739,0.1797519058544004,0.49999932131414082,-6.786858591789624e-07,12.940739676920387,0.14972222222222223,0.030833333333333334,0.0050000000000000001,4,0,0,27899.663385773107,2.7837874352115276e-06,1,4,0.0050000000000000001,0.075000000000000011,1,1,1,0,0,0,0,0,0,0.0080972141637800157,-0.93532133129505146,0.09672578753139309,-0.91998754038180564,0.10453973523615502,0.075000000000000011,285,-0.93532133129505146,0.09672578753139309,-0.93532133129505146,0.096725787531393062,0,0.91666666666666663,0.00017256836580506973,0.034513673161013947,0.0080972141637800157,9.5426584065476814e-05,9.5426584065476421e-05,0.00060839227274293243,5.8847221709074237e-05,9,32289,1,2,0,1,3.6496309166666667
1026,167.04109550758676,197.06984905551101,0.17976865786635357,0.49999943924936396,-5.6075063603611142e-07,12.924996840747847,0.14972222222222223,0.030833333333333334,0.0050000000000000001,4,0,0,27908.877038698094,2.3669586296153631e-05,1,4,0.0050000000000000001,0.075000000000000011,1,1,1,0,0,0,0,0,0,0.0042284911573358735,-0.93991809727835518,0.10309308811347971,-0.91998754038180564,0.10374536420881376,0.075000000000000011,285,-0.93991809727835518,0.10309308811347971,-0.93991809727835518,0.10309308811347971,0,0.91249999999999998,0.0001050394898535938,0.02100789797071876,0.0042284911573358735,4.9833246192325805e-05,4.9833246192325744e-05,0.00063029236295189051,6.4978786111052583e-05,39,32328,1,2,0,1,12.925527625000001
1027,167.05166910711995,197.0804519383986,0.17975745463532625,0.49999947538450701,-5.2461549299165355e-07,12.909757411686835,0.14972222222222223,0.030833333333333334,0.0050000000000000001,4,0,0,27907.87044390825,7.0156808338198651e-06,1,4,0.0050000000000000001,0.075000000000000011,1,1,1,0,0,0,0,0,0,0.0041810636518650078,0.79960274643412943,0.11109151187890769,-0.90310226168717567,0.10374536420881376,0.075000000000000011,285,0.79960274643412943,0.11109151187890769,0.79960274643412943,0.11109151187890767,0,0.14611111111111111,9.3024046941303e-05,0.018604809388260601,0.0041810636518650078,4.9274307680105619e-05,4.927430768010568e-05,0.00064128980992706267,7.1241854537334738e-05,76,32404,1,2,0,1,26.232314708333334
1028,167.05730198919198,197.08557651348619,0.17974835081579929,0.49999913813052022,-8.6186947978461603e-07,12.934797427587096,0.14972222222222223,0.030833333333333334,0.0050000000000000001,4,0,0,27904.566070581455,1.933203579270937e-05,1,4,0.0050000000000000001,0.075000000000000011,1,1,1,0,0,0,0,0,0,0.0067881272184777477,-0.94944568429735232,0.1480833372916964,-0.92638359914418533,0.10374536420881376,0.075000000000000011,285,-0.94944568429735232,0.1480833372916964,-0.94944568429735232,0.14808333729169643,0,0.92722222222222217,0.00012473362661103484,0.024946725322206969,0.0067881272184777477,7.9998846462376539e-05,7.9998846462376769e-05,0.0006723403886119343,9.9562408541651308e-05,19,32423,1,2,0,1,7.4487386249999998
1029,167.04670682096906,197.07403325610801,0.17975407601013341,0.49999943892401538,-5.6107598461752062e-07,12.925333556765226,0.14972222222222223,0.030833333333333334,0.0050000000000000001,4,0,0,27906.286784865435,8.491020888415845e-06,1,4,0.0050000000000000001,0.075000000000000011,1,1,1,0,0,0,0,0,0,0.0033143553985713475,-0.86550426467528829,0.12689960146825083,-0.90310226168717567,0.10463056133834428,0.075000000000000011,285,-0.86550426467528829,0.12689960146825083,-0.86550426467528829,0.12689960146825086,0,0.90749999999999997,0.00010602265026145908,0.021204530052291816,0.0033143553985713475,3.9060052959867369e-05,3.9060052959867749e-05,0.00061230425584966484,7.7701166044636367e-05,33,32456,1,2,0,1,10.856454208333334
1030,167.0507022032028,197.07985290362524,0.17976069722768695,0.49999948658465171,-5.1341534829107971e-07,12.91151749144146,0.14972222222222223,0.030833333333333334,0.0050000000000000001,4,0,0,27907.4460704919,2.8079654124464365e-05,1,4,0.0050000000000000001,0.075000000000000011,1,1,1,0,0,0,0,0,0,0.0038461341619053548,0.77793863708917621,0.12673279371475538,-0.87891218853481035,0.10503699468274573,0.075000000000000011,285,0.77793863708917621,0.12673279371475538,0.77793863708917621,0.12673279371475538,0,0.16333333333333333,9.283601483918174e-05,0.018567202967836347,0.0038461341619053548,4.5327125787275251e-05,4.5327125787275163e-05,0.00061249399360870788,7.7623074943539071e-05,70,32526,1,2,0,1,23.677605958333334
1031,167.05612633137287,197.08482917425104,0.17975217971541602,0.49999941378216911,-5.8621783088907975e-07,12.933847131945864,0.14972222222222223,0.030833333333333334,0.0050000000000000001,4,0,0,27904.466512756073,2.7297554281012188e-05,1,4,0.0050000000000000001,0.075000000000000011,1,1,1,0,0,0,0,0,0,0.0062293317867107498,-0.93314206165197311,0.1499948864250443,-0.90349295320017697,0.1054440609432456,0.075000000000000011,285,-0.93314206165197311,0.1499948864250443,-0.93314206165197311,0.14999488642504427,0,0.9094444444444445,0.00011420859636225668,0.022841719272451336,0.0062293317867107498,7.3413379144068053e-05,7.3413379144067985e-05,0.0006265016476807375,9.3972043488975334e-05,27,32553,1,2,0,1,10.160495791666667
1032,167.04744486837896,197.07482501602925,0.17975360336286286,0.49999961372271778,-3.8627728221607427e-07,12.922114837287108,0.14972222222222223,0.030833333333333334,0.0050000000000000001,4,0,0,27907.205434430402,9.6964301196885045e-06,1,4,0.0050000000000000001,0.075000000000000011,1,1,1,0,0,0,0,0,0,0.0037325868804083469,-0.91922794986414957,0.14754497900144836,-0.8997197828036585,0.1054440609432456,0.075000000000000011,285,-0.91922794986414957,0.14754497900144836,-0.91922794986414957,0.14754497900144836,0,0.93055555555555558,0.00011763222858293376,0.023526445716586752,0.0037325868804083469,4.3988958241744715e-05,4.398895824174504e-05,0.00057616064004332806,8.5009609536653883e-05,36,32589,1,2,0,1,11.737555208333333
1033,167.05199035173217,197.08120534174802,0.17975969592932461,0.49999936619293789,-6.3380706211146887e-07,12.946427000532424,0.14972222222222223,0.030833333333333334,0.0050000000000000001,4,0,0,27899.912411779213,4.3857323410437588e-05,1,4,0.0050000000000000001,0.075000000000000011,1,1,1,0,0,0,0,0,0,0.00647717751613806,-0.91940898895584711,0.15227853133861086,-0.8997197828036585,0.10795765061640619,0.075000000000000011,285,-0.91940898895584711,0.15227853133861086,-0.91940898895584711,0.15227853133861086,0,0.97638888888888886,0.0001321518174607989,0.02643036349215978,0.00647717751613806,7.633426907683768e-05,7.6334269076837598e-05,0.00059786954297108184,9.1042695935722828e-05,13,32602,1,2,0,1,5.2915731250000002
1034,167.04131757406174,197.06933783909415,0.17976402905058969,0.49999933060380702,-6.6939619297601283e-07,12.931106467628863,0.14972222222222223,0.030833333333333334,0.0050000000000000001,4,0,0,27908.135983878197,1.1274509199021695e-07,1,4,0.0050000000000000001,0.075000000000000011,1,1,1,0,0,0,0,0,0,0.0040090527911458779,-0.92971115531387649,0.15160922651428366,-0.91931846940999828,0.11010493479007297,0.075000000000000011,285,-0.92971115531387649,0.15160922651428366,-0.92971115531387649,0.15160922651428366,0,0.96722222222222221,9.1361411701662367e-05,0.018272282340332471,0.0040090527911458779,4.7247140245901762e-05,4.7247140245901918e-05,0.0005999039098559801,9.0950967756159689e-05,34,32636,1,2,0,1,11.586577958333333
1035,167.0500980022637,197.07751157004245,0.17975094852905654,0.49999932926625257,-6.7073374743209513e-07,12.917400491682624,0.14972222222222223,0.030833333333333334,0.0050000000000000001,4,0,0,27907.463893491215,-4.7117779941195121e-06,1,4,0.0050000000000000001,0.075000000000000011,1,1,1,0,0,0,0,0,0,0.0039723534044994683,0.8445389912512784,0.17291519267946992,-0.8997197828036585,0.11010493479007297,0.075000000000000011,285,0.8445389912512784,0.17291519267946992,0.8445389912512784,0.17291519267946986,0,0.082500000000000004,8.7858398398499179e-05,0.017571679679699834,0.0039723534044994683,4.6814633826517377e-05,4.6814633826517526e-05,0.00055129195961702102,9.5326755419819744e-05,51,32687,1,2,0,1,17.529268458333334
1036,167.05496501071113,197.08314066535215,0.17975027352653475,0.49999938725298382,-6.1274701618208027e-07,12.944353092465152,0.14972222222222223,0.030833333333333334,0.0050000000000000001,4,0,0,27899.65140035755,2.736239615241374e-05,1,4,0.0050000000000000001,0.075000000000000011,1,1,1,0,0,0,0,0,0,0.0068410051813385924,-0.9124754373089532,0.14034541698287667,-0.91585169358655139,0.11049108679888481,0.075000000000000011,285,-0.9124754373089532,0.14034541698287667,-0.9124754373089532,0.14034541698287667,0,0.91805555555555551,0.00013760251676049246,0.027520503352098491,0.0068410051813385924,8.0622019230947091e-05,8.062201923094682e-05,0.00058208073265564222,8.169236314225447e-05,9,32696,1,2,0,1,3.6351521666666669
1037,167.04092188149721,197.06881262212272,0.179763679476865,0.49999933325220797,-6.6674779203301782e-07,12.929839511619109,0.14972222222222223,0.030833333333333334,0.0050000000000000001,4,0,0,27908.439591009304,-1.4817053371433216e-05,1,4,0.0050000000000000001,0.075000000000000011,1,1,1,0,0,0,0,0,0,0.0038351376889151907,-0.94386914856294934,0.14906438739754138,-0.91931846940999828,0.11891215279683154,0.075000000000000011,285,-0.94386914856294934,0.14906438739754138,-0.94386914856294934,0.14906438739754138,0,0.87916666666666665,0.00011293781434137915,0.022587562868275832,0.0038351376889151907,4.5197531110267251e-05,4.5197531110267474e-05,0.00057800395608580406,8.6159805627285789e-05,33,32729,1,2,0,1,10.980412333333334
1038,167.0502086825511,197.07789445131692,0.17975245888993793,0.49999938021452361,-6.1978547638563697e-07,12.926729651085719,0.14972222222222223,0.030833333333333334,0.0050000000000000001,4,0,0,27905.976864559303,-1.6843405379623669e-05,1,4,0.0050000000000000001,0.075000000000000011,1,1,1,0,0,0,0,0,0,0.0022550771894478657,0.39736048492249487,0.15172938442297035,-0.91931846940999828,0.12681619759150309,0.075000000000000011,285,0.39736048492249487,0.15172938442297035,0.39736048492249487,0.15172938442297032,0,0.30055555555555558,0.00010570951845797555,0.021141903691595111,0.0022550771894478657,2.6576339545961441e-05,2.6576339545961647e-05,0.00052458144916938884,7.9594420362181083e-05,34,32763,1,2,0,1,10.719901416666668
1039,167.04972696343381,197.07872443606968,0.17976082941583635,0.49999961686590583,-3.831340941728989e-07,12.915571367522324,0.14972222222222223,0.030833333333333334,0.0050000000000000001,4,0,0,27907.790788802835,1.2492343933747017e-07,1,4,0.0050000000000000001,0.075000000000000011,1,1,1,0,0,0,0,0,0,0.0031257926483209582,0.47643469101945968,0.14063450433119803,-0.91585169358655139,0.13362250922556373,0.075000000000000011,285,0.47643469101945968,0.14063450433119803,0.47643469101945968,0.14063450433119803,0,0.26166666666666666,7.5647259796978909e-05,0.015129451959395782,0.0031257926483209582,3.6837819636846777e-05,3.6837819636847061e-05,0.00052235921584636825,7.3461729403387279e-05,58,32821,1,2,0,1,19.806369958333335
1040,167.05502805243614,197.08387876732863,0.17975424663941791,0.49999932782181755,-6.7217818244813543e-07,12.92058425958642,0.14972222222222223,0.030833333333333334,0.0050000000000000001,4,0,0,27906.302280426851,-1.7063097214276585e-05,1,4,0.0050000000000000001,0.075000000000000011,1,1,1,0,0,0,0,0,0,0.0021379522011990147,-0.61611939317486419,0.14418334767056482,-0.91585169358655139,0.14048996065703734,0.075000000000000011,285,-0.61611939317486419,0.14418334767056482,-0.61611939317486419,0.14418334767056482,0,0.78111111111111109,0.00012605402783489512,0.025210805566979026,0.0021379522011990147,2.519600832200882e-05,2.5196008322008736e-05,0.00050222809838110184,7.2412928518809038e-05,62,32883,1,2,0,1,21.589970583333333
1041,167.0533009763582,197.08177944703363,0.17975387672779439,0.49999955337184676,-4.4662815323892602e-07,12.941063002062869,0.14972222222222223,0.030833333333333334,0.0050000000000000001,4,0,0,27903.114992853025,-1.787096719287737e-05,1,4,0.0050000000000000001,0.075000000000000011,1,1,1,0,0,0,0,0,0,0.005775545372884606,0.67418529341233258,0.13992879821046969,-0.91585169358655139,0.14048996065703734,0.075000000000000011,285,0.67418529341233258,0.13992879821046969,0.67418529341233258,0.13992879821046975,0,0.18611111111111112,0.00010637093432834859,0.021274186865669717,0.005775545372884606,6.8065454970288203e-05,6.8065454970288216e-05,0.00049688017420732207,6.9527845631439398e-05,22,32905,1,2,0,1,8.3568678333333342
1042,167.04525201209668,197.07235350770137,0.17975429492261324,0.49999925962827957,-7.4037172043128763e-07,12.931431777896348,0.14972222222222223,0.030833333333333334,0.0050000000000000001,4,0,0,27906.000163274781,-8.4854634221290802e-06,1,4,0.0050000000000000001,0.075000000000000011,1,1,1,0,0,0,0,0,0,0.0029558422059243771,-0.92103349073074814,0.14487636108862811,-0.91585169358655139,0.14240892600088143,0.075000000000000011,285,-0.92103349073074814,0.14487636108862811,-0.92103349073074814,0.14487636108862814,0,0.96499999999999997,0.00010374193988991796,0.020748387977983593,0.0029558422059243771,3.4834934465442172e-05,3.4834934465442071e-05,0.00048772615043101905,7.065998988221087e-05,26,32931,1,2,0,1,8.514206333333334
1043,167.04895685367492,197.07689300607589,0.17975530477992555,0.49999948777722969,-5.1222277031026664e-07,12.926798976334902,0.14972222222222223,0.030833333333333334,0.0050000000000000001,4,0,0,27906.419389108247,-4.11983048847482e-05,1,4,0.0050000000000000001,0.075000000000000011,1,1,1,0,0,0,0,0,0,0.0019200713710661929,0.38463357228612272,0.2144577833958394,-0.8889898509921208,0.14452985437959648,0.075000000000000011,285,0.38463357228612272,0.2144577833958394,0.38463357228612272,0.2144577833958394,0,0.26777777777777778,9.546329466344759e-05,0.019092658932689518,0.0019200713710661929,2.2628258114050947e-05,2.2628258114050513e-05,0.00043402013946823196,9.3078997059510102e-05,46,32977,1,2,0,1,15.897337625
1044,167.05210565495224,197.078866938364,0.17974488358400179,0.49999927582414949,-7.24175850508324e-07,12.90765622542043,0.14972222222222223,0.030833333333333334,0.0050000000000000001,4,0,0,27908.313218170217,1.6450020237797867e-05,1,4,0.0050000000000000001,0.075000000000000011,1,1,1,0,0,0,0,0,0,0.0055319190060370916,0.45972206048099934,0.23591985798186563,-0.8889898509921208,0.14621067004503824,0.075000000000000011,285,0.45972206048099934,0.23591985798186563,0.45972206048099934,0.23591985798186557,0,0.3288888888888889,0.00011996689571250963,0.023993379142501926,0.0055319190060370916,6.5194290702392889e-05,6.5194290702393092e-05,0.00045196728992472307,0.00010662805885148935,91,33068,1,2,0,1,32.069569791666666
1045,167.05820958464574,197.08495822882014,0.17973824045420725,0.4999995394248189,-4.6057518110487194e-07,12.940499924478569,0.14972222222222223,0.030833333333333334,0.0050000000000000001,4,0,0,27899.530024039057,1.8069753950085875e-05,1,4,0.0050000000000000001,0.075000000000000011,1,1,1,0,0,0,0,0,0,0.008415193317025919,-0.90538851829806044,0.19260148785274783,-0.88544639148667437,0.14781415814657239,0.075000000000000011,285,-0.90538851829806044,0.19260148785274783,-0.90538851829806044,0.1926014878527478,0,0.88527777777777783,0.00018638365411576159,0.037276730823152318,0.008415193317025919,9.9174004324412393e-05,9.9174004324412393e-05,0.000504326660422618,9.7134065161203739e-05,8,33076,1,2,0,1,3.2113314583333334
1046,167.04113122255808,197.06745550163711,0.17975407649193487,0.49999942040591244,-5.7959408755747788e-07,12.927786232381827,0.14972222222222223,0.03111111111111111,0.0050000000000000001,4,0,0,27909.112921599251,-3.8313792068292394e-05,1,4,0.0050000000000000001,0.075000000000000011,1,1,1,0,0,0,0,0,0,0.0035892293916974577,-0.86823611138277257,0.18455154843711205,-0.86687018802903038,0.14857386234461889,0.075000000000000011,285,-0.86823611138277257,0.18455154843711205,-0.86823611138277257,0.18455154843711202,0,0.82611111111111113,0.00010020915628938667,0.020041831257877334,0.0035892293916974577,4.229947403505565e-05,4.2299474035055732e-05,0.00046600411522672687,8.6001781043158824e-05,34,33110,1,2,0,1,11.38547
1047,167.0508928805277,197.07746177419634,0.17974503683223766,0.49999945387346567,-5.4612653432872804e-07,12.911670307111905,0.14972222222222223,0.03111111111111111,0.0050000000000000001,4,0,0,27908.13285607428,2.8651285454054502e-05,1,4,0.0050000000000000001,0.075000000000000011,1,1,1,0,0,0,0,0,0,0.0045472598702833954,0.69866089814001409,0.19908286136861081,-0.86687018802903038,0.14952963691129284,0.075000000000000011,285,0.69866089814001409,0.19908286136861081,0.69866089814001409,0.19908286136861081,0,0.19166666666666668,9.9018879046783762e-05,0.019803775809356751,0.0045472598702833954,5.358997150158082e-05,5.3589971501581003e-05,0.00047439655561804048,9.4444223715852815e-05,72,33182,1,2,0,1,24.510464208333332
1048,167.05694500528688,197.08378715148496,0.17974016072931187,0.49999933378882699,-6.6621117300602606e-07,12.942805687380558,0.14972222222222223,0.03111111111111111,0.0050000000000000001,4,0,0,27899.627757908631,2.5512467592235641e-05,1,4,0.0050000000000000001,0.075000000000000011,1,1,1,0,0,0,0,0,0,0.007971632072750378,-0.93548858328675921,0.15535587340661688,-0.86687018802903038,0.15080205646966399,0.075000000000000011,285,-0.93548858328675921,0.15535587340661688,-0.93548858328675921,0.15535587340661686,0,0.90583333333333338,0.00015477210677540827,0.030954421355081654,0.007971632072750378,9.3946584929432755e-05,9.3946584929432742e-05,0.00054176680100151149,8.4166654552298613e-05,9,33191,1,2,0,1,3.6232679583333334
1049,167.0407605040208,197.06705935162404,0.17975432317838669,0.49999946731801126,-5.3268198874079076e-07,12.926345532690469,0.14972222222222223,0.03111111111111111,0.0050000000000000001,4,0,0,27908.940849443865,-2.2954449696738702e-06,1,4,0.0050000000000000001,0.075000000000000011,1,1,1,0,0,0,0,0,0,0.0044544906600641017,-0.92590246329182313,0.13932621816435986,-0.88681231484041656,0.15080205646966399,0.075000000000000011,285,-0.92590246329182313,0.13932621816435986,-0.92590246329182313,0.13932621816435989,0,0.9408333333333333,0.00010224650627007577,0.020449301254015152,0.0044544906600641017,5.2496675874391102e-05,5.2496675874390776e-05,0.00055742565723905534,7.7664008730900301e-05,38,33229,1,2,0,1,12.447535166666666
1050,167.05148603874028,197.07814051986654,0.17974491094417974,0.49999933264518581,-6.6735481418778164e-07,12.921983640712792,0.14972222222222223,0.03111111111111111,0.0050000000000000001,4,0,0,27906.622208827001,-3.5637897601155351e-06,1,4,0.0050000000000000001,0.075000000000000011,1,1,1,0,0,0,0,0,0,0.0017794098186729962,0.56813897402573177,0.12163573980034924,-0.88681231484041656,0.15080205646966399,0.075000000000000011,285,0.56813897402573177,0.12163573980034924,0.56813897402573177,0.12163573980034925,0,0.2525,0.00010590415528953718,0.021180831057907436,0.0017794098186729962,2.0970545821560009e-05,2.0970545821560212e-05,0.00055320019473860675,6.7288914944727698e-05,50,33279,1,2,0,1,17.404874875000001
1051,167.05259628909673,197.07905698266504,0.17974255630008484,0.4999992217693518,-7.7823064820181642e-07,12.937349905874035,0.14972222222222223,0.03111111111111111,0.0050000000000000001,4,0,0,27904.211977289633,1.68145787405525e-06,1,4,0.0050000000000000001,0.075000000000000011,1,1,1,0,0,0,0,0,0,0.0047852508796078965,-0.74078523596208079,0.12418738072934427,-0.80451067367242668,0.15033680695591251,0.075000000000000011,285,-0.74078523596208079,0.12418738072934427,-0.74078523596208079,0.12418738072934427,0,0.75027777777777782,0.00011596142963311099,0.023192285926622196,0.0047852508796078965,5.6394722444160582e-05,5.6394722444160507e-05,0.00054152946221247902,6.7251125499938184e-05,30,33309,1,2,0,1,11.166260291666667
1052,167.04752773015136,197.0724487343133,0.17973879297791351,0.49999937350292595,-6.2649707405215693e-07,12.928222598905881,0.14972222222222223,0.03111111111111111,0.0050000000000000001,4,0,0,27906.401366130216,1.0455769182637807e-05,1,4,0.0050000000000000001,0.075000000000000011,1,1,1,0,0,0,0,0,0,0.0028898622169398333,-0.87138316001109484,0.11821353600813643,-0.80451067367242668,0.15033680695591251,0.075000000000000011,285,-0.87138316001109484,0.11821353600813643,-0.87138316001109484,0.11821353600813643,0,0.94222222222222218,0.00014006805612212057,0.028013611224424112,0.0028898622169398333,3.405735283821576e-05,3.4057352838215896e-05,0.00054075188058525284,6.3924191907032278e-05,32,33341,1,2,0,1,10.800645916666667
1053,167.05088881379265,197.07639654387262,0.17973868887072267,0.4999994171651152,-5.8283488479915491e-07,12.92269541617091,0.14972222222222223,0.03111111111111111,0.0050000000000000001,4,0,0,27906.703034075144,1.621269647411662e-05,1,4,0.0050000000000000001,0.075000000000000011,1,1,1,0,0,0,0,0,0,0.0019912105869459153,0.78367381406449266,0.12064531021891726,-0.67845231456847244,0.14697037424308473,0.075000000000000011,285,0.78367381406449266,0.12064531021891726,0.78367381406449266,0.12064531021891726,0,0.21388888888888888,9.3891677306872832e-05,0.018778335461374567,0.0019912105869459153,2.3466641813331701e-05,2.3466641813331565e-05,0.00054159026428453382,6.5340325446152972e-05,52,33393,1,2,0,1,17.738799416666666
1054,167.05292028778987,197.07853528552423,0.17973714524719364,0.4999994194081781,-5.8059182189706959e-07,12.909271124432928,0.14972222222222223,0.03111111111111111,0.0050000000000000001,4,0,0,27908.344527293983,-6.0887927129377043e-06,1,4,0.0050000000000000001,0.075000000000000011,1,1,1,0,0,0,0,0,0,0.0038042877378302916,0.76516694186939926,0.11774525333050506,-0.11574291044437074,0.14452985437959648,0.075000000000000011,285,0.76516694186939926,0.11774525333050506,0.76516694186939926,0.11774525333050509,0,0.13944444444444445,8.7166676529486863e-05,0.017433335305897371,0.0038042877378302916,4.4833960950077164e-05,4.4833960950077211e-05,0.000521229934532218,6.1372350684938575e-05,74,33467,1,2,0,1,24.849513375000001
1055,167.05753724117409,197.08314864272543,0.17973215634206677,0.49999954232072275,-4.5767927725481883e-07,12.941528865652282,0.14972222222222223,0.03111111111111111,0.0050000000000000001,4,0,0,27899.107002235298,-6.6117066559654039e-06,1,4,0.0050000000000000001,0.075000000000000011,1,1,1,0,0,0,0,0,0,0.0082387257265984573,-0.90452835461290571,0.11615702814728462,-0.67845231456847244,0.14240892600088143,0.075000000000000011,285,-0.90452835461290571,0.11615702814728462,-0.90452835461290571,0.11615702814728462,0,0.90861111111111115,0.00016870265724483585,0.033740531448967166,0.0082387257265984573,9.7094313826897252e-05,9.7094313826897455e-05,0.00051915024403470305,6.0302949509008684e-05,8,33475,1,2,0,1,3.2416879583333333
1056,167.04060489007739,197.06577971960681,0.17974776162531117,0.49999946595996347,-5.3404003652612886e-07,12.925449155857422,0.14972222222222223,0.03111111111111111,0.0050000000000000001,4,0,0,27909.075975605669,2.030373422152517e-05,1,4,0.0050000000000000001,0.075000000000000011,1,1,1,0,0,0,0,0,0,0.0043149740175267874,-0.92585092571761507,0.12034077121531644,-0.67845231456847244,0.14240892600088143,0.075000000000000011,285,-0.92585092571761507,0.12034077121531644,-0.92585092571761507,0.12034077121531644,0,0.86805555555555558,0.00010306990956016048,0.020613981912032096,0.0043149740175267874,5.0852456473949196e-05,5.0852456473949474e-05,0.00052770322647359685,6.3504213246643441e-05,39,33514,1,2,0,1,12.760735875
1057,167.05150116901103,197.07696864368108,0.17973778903245163,0.49999947242924708,-5.2757075291731681e-07,12.913787461599465,0.14972222222222223,0.03111111111111111,0.0050000000000000001,4,0,0,27908.124290058386,-1.3734197741628882e-05,1,4,0.0050000000000000001,0.075000000000000011,1,1,1,0,0,0,0,0,0,0.0031846916909777133,0.8200033392127829,0.11953172493346526,-0.11574291044437074,0.14028165127083386,0.075000000000000011,285,0.8200033392127829,0.11953172493346526,0.8200033392127829,0.11953172493346524,0,0.12027777777777778,9.5310788132815067e-05,0.019062157626563013,0.0031846916909777133,3.7531951511313233e-05,3.7531951511313138e-05,0.00051164520648332894,6.1157834084891308e-05,68,33582,1,2,0,1,23.2028
1058,167.0563199384608,197.08086332972024,0.17972707289565401,0.49999940950521116,-5.9049478884354301e-07,12.943909339158816,0.14972222222222223,0.03111111111111111,0.0050000000000000001,4,0,0,27900.652399959745,-1.2665739469533657e-05,1,4,0.0050000000000000001,0.075000000000000011,1,1,1,0,0,0,0,0,0,0.0079750179671593119,-0.93112260261999746,0.12122891076198659,-0.67845231456847244,0.13962750818741476,0.075000000000000011,285,-0.93112260261999746,0.12122891076198659,-0.93112260261999746,0.12122891076198658,0,0.93027777777777776,0.00013948789702714212,0.027897579405428422,0.0079750179671593119,9.3986488077715076e-05,9.3986488077715049e-05,0.0005116851096316113,6.2031028493767936e-05,13,33595,1,2,0,1,5.2791920416666667
1059,167.04210281057649,197.06557507481261,0.17973595733694955,0.49999931294626099,-6.8705373901245537e-07,12.932687393965775,0.14972222222222223,0.03111111111111111,0.0050000000000000001,4,0,0,27907.354834457885,1.3758032221942031e-05,1,4,0.0050000000000000001,0.075000000000000011,1,1,1,0,0,0,0,0,0,0.003070692921471229,-0.89057737509713131,0.12614592983730938,-0.80451067367242668,0.13273607400083462,0.075000000000000011,285,-0.89057737509713131,0.12614592983730938,-0.89057737509713131,0.12614592983730935,0,0.90222222222222226,0.00010894036591833995,0.021788073183667989,0.003070692921471229,3.6188463128563941e-05,3.618846312856346e-05,0.00049537689688578391,6.248977927757814e-05,27,33622,1,2,0,1,9.3429714583333325
1060,167.04960806781719,197.07319554142575,0.17972857177503745,0.49999934033538934,-6.5966461065825044e-07,12.922260110505507,0.14972222222222223,0.03111111111111111,0.0050000000000000001,4,0,0,27907.107962037844,3.9532030607350181e-06,1,4,0.0050000000000000001,0.075000000000000011,1,1,1,0,0,0,0,0,0,0.0031738869789616746,0.7935575082806946,0.11803510288915398,-0.80451067367242668,0.12516665528332682,0.075000000000000011,285,0.7935575082806946,0.11803510288915398,0.7935575082806946,0.11803510288915399,0,0.11444444444444445,9.7254798928702479e-05,0.019450959785740494,0.0031738869789616746,3.7404616759058087e-05,3.7404616759058359e-05,0.00051181096782328215,6.0411660246818584e-05,40,33662,1,2,0,1,13.55671575
1061,167.05329881370935,197.07741640227064,0.17972777431975709,0.49999935303048176,-6.469695182365065e-07,12.92279317657604,0.14972222222222223,0.03111111111111111,0.0050000000000000001,4,0,0,27906.752277357464,4.5474338107239501e-06,1,4,0.0050000000000000001,0.075000000000000011,1,1,1,0,0,0,0,0,0,0.00084009831426518143,0.1009293457602089,0.16445032663495959,-0.80451067367242668,0.12516665528332682,0.075000000000000011,285,0.1009293457602089,0.16445032663495959,0.1009293457602089,0.16445032663495959,0,0.36055555555555557,9.1111990394194758e-05,0.01822239807883895,0.00084009831426518143,9.9006535813382846e-06,9.9006535813382897e-06,0.00046531689896045985,7.6521516022814114e-05,45,33707,1,2,0,1,15.641190458333334
1062,167.05311655990545,197.0775728646839,0.17972999799744321,0.49999936952883434,-6.3047116566350425e-07,12.914886982778775,0.14972222222222223,0.03111111111111111,0.0050000000000000001,4,0,0,27907.659956694544,9.7195352139961603e-06,1,4,0.0050000000000000001,0.075000000000000011,1,1,1,0,0,0,0,0,0,0.0024205903232063326,0.040665466060885468,0.16591311149663715,-0.35005988495059764,0.12516665528332682,0.075000000000000011,285,0.040665466060885468,0.16591311149663715,0.040665466060885468,0.16591311149663712,0,0.315,0.00011232386683271417,0.022464773366542835,0.0024205903232063326,2.852693053356224e-05,2.8526930533562566e-05,0.00045978647665580652,7.6284604966040781e-05,60,33767,1,2,0,1,20.224290208333333
1063,167.05561636484907,197.0799680239501,0.1797266821220061,0.49999934064113777,-6.5935886223167373e-07,12.933554859670778,0.14972222222222223,0.03111111111111111,0.0050000000000000001,4,0,0,27904.680380261034,1.2791964319770442e-05,1,4,0.0050000000000000001,0.075000000000000011,1,1,1,0,0,0,0,0,0,0.005257387688491255,-0.85888770156037708,0.14317866624806222,-0.79983646876122894,0.12516665528332682,0.075000000000000011,285,-0.85888770156037708,0.14317866624806222,-0.85888770156037708,0.14317866624806225,0,0.92972222222222223,0.00010938683012120069,0.021877366024240136,0.005257387688491255,6.1958908097647241e-05,6.1958908097647689e-05,0.00049827874294012273,7.1342885833927826e-05,34,33801,1,2,0,1,11.996602583333333
1064,167.04823564503531,197.07118018558791,0.17972619958913577,0.49999934442276034,-6.5557723966103154e-07,12.923352502592349,0.14972222222222223,0.03111111111111111,0.0050000000000000001,4,0,0,27906.801165886398,4.5273535704561967e-06,1,4,0.0050000000000000001,0.075000000000000011,1,1,1,0,0,0,0,0,0,0.0031006888468851678,-0.90092517800254091,0.15575621962768973,-0.86356190647157482,0.12516665528332682,0.075000000000000011,285,-0.90092517800254091,0.15575621962768973,-0.90092517800254091,0.15575621962768973,0,0.94999999999999996,0.00010963827375449296,0.021927654750898591,0.0031006888468851678,3.6541968499699975e-05,3.6541968499699954e-05,0.00048998675048974542,7.63184839239388e-05,40,33841,1,2,0,1,13.471492208333334
1065,167.05244613782412,197.07596230701895,0.17972509151062885,0.49999929308889668,-7.0691110332088414e-07,12.946483779474487,0.14972222222222223,0.03111111111111111,0.0050000000000000001,4,0,0,27901.679735306523,-1.115461811926127e-06,1,4,0.0050000000000000001,0.075000000000000011,1,1,1,0,0,0,0,0,0,0.0063626515099167611,-0.93514344804946992,0.15414640676490268,-0.86356190647157482,0.12516665528332682,0.075000000000000011,285,-0.93514344804946992,0.15414640676490268,-0.93514344804946992,0.15414640676490268,0,0.97083333333333333,0.00013575339331999903,0.027150678663999808,0.0063626515099167611,7.4984567149816123e-05,7.4984567149815852e-05,0.00046787700381266373,7.2121558945650787e-05,16,33857,1,2,0,1,6.426797333333333
1066,167.04287427498053,197.06522992904706,0.17972844267900173,0.49999921799020347,-7.8200979652942593e-07,12.940286048041438,0.14972222222222223,0.03111111111111111,0.0050000000000000001,4,0,0,27905.301800810023,9.619808071321676e-06,1,4,0.0050000000000000001,0.075000000000000011,1,1,1,0,0,0,0,0,0,0.0020813100677541854,-0.80671404301221727,0.17591713589920974,-0.83280087228629718,0.12516665528332682,0.075000000000000011,285,-0.80671404301221727,0.17591713589920974,-0.80671404301221727,0.17591713589920974,0,0.90249999999999997,0.0001082401732649263,0.02164803465298526,0.0020813100677541854,2.4528474377680285e-05,2.4528474377680508e-05,0.00044155302171639487,7.767674292798975e-05,22,33879,1,2,0,1,7.2878741666666667
1067,167.04616302368021,197.06868450990922,0.17972589697838831,0.49999943104121897,-5.6895878103313535e-07,12.92686597316739,0.14972222222222223,0.03111111111111111,0.0050000000000000001,4,0,0,27906.964847137391,-3.7725318546687308e-06,1,4,0.0050000000000000001,0.075000000000000011,1,1,1,0,0,0,0,0,0,0.0040155463976946021,0.76331456729444225,0.17088208436756933,-0.83280087228629718,0.12516665528332682,0.075000000000000011,285,0.76331456729444225,0.17088208436756933,0.76331456729444225,0.17088208436756927,0,0.090833333333333335,0.00010947354294804407,0.021894708589608812,0.0040155463976946021,4.7323668132984432e-05,4.7323668132984486e-05,0.0004513447383380662,7.7126729655543932e-05,44,33923,1,2,0,1,14.383850458333333
1068,167.05172432676272,197.07531636069911,0.1797263222210656,0.4999993970169459,-6.0298305409878239e-07,12.920710377260303,0.14972222222222223,0.03111111111111111,0.0050000000000000001,4,0,0,27906.839884346213,-7.8966938778571362e-06,1,4,0.0050000000000000001,0.075000000000000011,1,1,1,0,0,0,0,0,0,0.0020927541244186955,0.62302207836202461,0.26644553309469926,-0.77374963948714903,0.12516665528332682,0.075000000000000011,285,0.62302207836202461,0.26644553309469926,0.62302207836202461,0.26644553309469915,0,0.1925,9.4248576292708117e-05,0.018849715258541622,0.0020927541244186955,2.4663343878876256e-05,2.4663343878876289e-05,0.00038202159413922742,0.00010178794730411328,51,33974,1,2,0,1,16.953201916666668
1069,167.05367586647642,197.0767849755926,0.17972133180184083,0.49999952805791104,-4.7194208896428336e-07,12.945035665623008,0.14972222222222223,0.03111111111111111,0.0050000000000000001,4,0,0,27902.006524801553,1.0604288101773653e-05,1,4,0.0050000000000000001,0.075000000000000011,1,1,1,0,0,0,0,0,0,0.0069066283096816576,-0.7579348642029704,0.17471929524900731,-0.7493600500825256,0.12516665528332682,0.075000000000000011,285,-0.7579348642029704,0.17471929524900731,-0.7579348642029704,0.17471929524900734,0,0.8125,0.00012767727936387226,0.025535455872774452,0.0069066283096816576,8.1395395215181371e-05,8.139539521518152e-05,0.00042722852622584554,7.4645067012451768e-05,19,33993,1,2,0,1,7.5713324166666665
1070,167.0440035112432,197.06546107203334,0.17972185130709878,0.49999919527267894,-8.0472732105763001e-07,12.939831635374876,0.14972222222222223,0.03111111111111111,0.0050000000000000001,4,0,0,27905.371194577016,-2.8778437810064083e-06,1,4,0.0050000000000000001,0.075000000000000011,1,1,1,0,0,0,0,0,0,0.0018360105280075623,-0.81964772689213106,0.20086499720260945,-0.78232445360759384,0.13466229804268581,0.075000000000000011,285,-0.81964772689213106,0.20086499720260945,-0.81964772689213106,0.20086499720260947,0,0.90055555555555555,0.00014382212758866304,0.028764425517732607,0.0018360105280075623,2.1637591578067348e-05,2.163759157806724e-05,0.00041146150104485438,8.2648213256356163e-05,22,34015,1,2,0,1,7.2143564166666669
1071,167.0464108995439,197.06813625902211,0.17972086438619905,0.49999939214548678,-6.0785451322376005e-07,12.92967771704504,0.14972222222222223,0.03111111111111111,0.0050000000000000001,4,0,0,27906.445665561489,-1.0842233169901143e-05,1,4,0.0050000000000000001,0.075000000000000011,1,1,1,0,0,0,0,0,0,0.0031354247011245243,0.78918211918364267,0.15528775262410852,-0.78232445360759384,0.14866253650648245,0.075000000000000011,285,0.78918211918364267,0.15528775262410852,0.78918211918364267,0.15528775262410854,0,0.096666666666666665,0.00010029947638264848,0.020059895276529696,0.0031354247011245243,3.6951334467749252e-05,3.6951334467748988e-05,0.00043851218193126514,6.8095571230400375e-05,32,34047,1,2,0,1,10.414800708333333
1072,167.05020224190113,197.07321706374,0.17972450448376776,0.49999946430045195,-5.3569954805432474e-07,12.915847482738,0.14972222222222223,0.03111111111111111,0.0050000000000000001,4,0,0,27907.673750423226,-2.10439394715699e-05,1,4,0.0050000000000000001,0.075000000000000011,1,1,1,0,0,0,0,0,0,0.0038196103001951493,0.83410397344242226,0.13543904495003722,-0.35863469907104245,0.14866253650648245,0.075000000000000011,285,0.83410397344242226,0.13543904495003722,0.83410397344242226,0.1354390449500372,0,0.1275,8.9447460601189608e-05,0.01788949212023792,0.0038196103001951493,4.5014539079299571e-05,4.5014539079299761e-05,0.00045499979047700231,6.162473707467223e-05,62,34109,1,2,0,1,21.255574541666668
1073,167.05578446255555,197.07867974359417,0.17971778335977373,0.49999944277375202,-5.5722624797693854e-07,12.944855847901845,0.14972222222222223,0.03111111111111111,0.0050000000000000001,4,0,0,27899.67553182504,-2.550450857696352e-05,1,4,0.0050000000000000001,0.075000000000000011,1,1,1,0,0,0,0,0,0,0.0074982114409001951,-0.93317364808455605,0.1334881843776955,-0.78232445360759384,0.14866253650648245,0.075000000000000011,285,-0.93317364808455605,0.1334881843776955,-0.93317364808455605,0.13348818437769547,0,0.86972222222222217,0.00013663337737113005,0.027326675474226011,0.0074982114409001951,8.8367269277184687e-05,8.8367269277184768e-05,0.00048140815165653933,6.4262300109253721e-05,11,34120,1,2,0,1,4.7432906250000002
1074,167.04182702212933,197.06382678053853,0.17972743889129014,0.49999929745625993,-7.0254374007205911e-07,12.930210233226422,0.14972222222222223,0.03111111111111111,0.0050000000000000001,4,0,0,27908.852749451809,-3.6191308533733636e-05,1,4,0.0050000000000000001,0.075000000000000011,1,1,1,0,0,0,0,0,0,0.0038439207274269375,-0.92855677630548183,0.12303927618786571,-0.81318088495217422,0.14866253650648245,0.075000000000000011,285,-0.92855677630548183,0.12303927618786571,-0.92855677630548183,0.12303927618786573,0,0.89694444444444443,0.00013373912256158871,0.026747824512317744,0.0038439207274269375,4.5301040211785235e-05,4.5301040211785323e-05,0.00049016722336862471,6.0309820374291484e-05,34,34154,1,2,0,1,11.347667625
1075,167.05072534218652,197.07251393743437,0.17971660125241146,0.49999954755672027,-4.5244327973037457e-07,12.917306138461287,0.14972222222222223,0.03111111111111111,0.0050000000000000001,4,0,0,27907.719765561065,-2.3309047766687358e-05,1,4,0.0050000000000000001,0.075000000000000011,1,1,1,0,0,0,0,0,0,0.0037268496262112668,0.79908569444939936,0.23491374966696463,-0.78232445360759384,0.1547170796945056,0.075000000000000011,285,0.79908569444939936,0.23491374966696463,0.79908569444939936,0.23491374966696463,0,0.11694444444444445,8.3317721383519301e-05,0.01666354427670386,0.0037268496262112668,4.3921344052608941e-05,4.3921344052608853e-05,0.00045910400027141771,0.00010784984219086188,63,34217,1,2,0,1,21.548070708333334
1076,167.05543307929861,197.07742523027807,0.17971275520700059,0.4999994318265063,-5.6817349369797654e-07,12.945275184151994,0.14972222222222223,0.03111111111111111,0.0050000000000000001,4,0,0,27899.912498176862,-1.0883911485257287e-05,1,4,0.0050000000000000001,0.075000000000000011,1,1,1,0,0,0,0,0,0,0.0071820899223711022,-0.91546936530804923,0.1142888079582495,-0.78232445360759384,0.1547170796945056,0.075000000000000011,285,-0.91546936530804923,0.1142888079582495,-0.91546936530804923,0.1142888079582495,0,0.93361111111111106,0.00014037363438936456,0.028074726877872911,0.0071820899223711022,8.4641741453336179e-05,8.4641741453336138e-05,0.00051921726734707339,5.9340722556436759e-05,10,34227,1,2,0,1,4.0552859999999997
1077,167.04125542150126,197.06258072192489,0.17972401622982134,0.49999924342529228,-7.5657470771650637e-07,12.930665032395236,0.14972222222222223,0.03111111111111111,0.0050000000000000001,4,0,0,27908.087326223431,-1.6671883257276326e-05,1,4,0.0050000000000000001,0.075000000000000011,1,1,1,0,0,0,0,0,0,0.0038541979530341596,-0.93423700949648625,0.11309461813789735,-0.81318088495217422,0.1547170796945056,0.075000000000000011,285,-0.93423700949648625,0.11309461813789735,-0.93423700949648625,0.11309461813789734,0,0.89944444444444449,0.00014303369220650973,0.028606738441301946,0.0038541979530341596,4.5422158477096077e-05,4.5422158477096097e-05,0.00051731575769118493,5.8505628072801595e-05,33,34260,1,2,0,1,11.001944666666667
1078,167.0502611190515,197.07157220949838,0.17971424222468971,0.49999951149330663,-4.8850669337463515e-07,12.926879081284337,0.14972222222222223,0.03111111111111111,0.0050000000000000001,4,0,0,27906.463052037638,-8.4946313104119115e-06,1,4,0.0050000000000000001,0.075000000000000011,1,1,1,0,0,0,0,0,0,0.001580541159821845,0.60679448254222434,0.11826767507005262,-0.78232445360759384,0.1547170796945056,0.075000000000000011,285,0.60679448254222434,0.11826767507005262,0.60679448254222434,0.11826767507005259,0,0.12972222222222221,0.00010175130162109947,0.020350260324219892,0.001580541159821845,1.8626856200907954e-05,1.8626856200908032e-05,0.00051127927001321666,6.0467810575976805e-05,34,34294,1,2,0,1,11.194128166666667
1079,167.05118132470017,197.0728530898497,0.17971541133130875,0.49999936603402817,-6.3396597183018599e-07,12.911477618774352,0.14972222222222223,0.03111111111111111,0.0050000000000000001,4,0,0,27907.935920488126,-3.201730475671045e-05,1,4,0.0050000000000000001,0.075000000000000011,1,1,1,0,0,0,0,0,0,0.0043255642067696089,0.71774259535011586,0.25470289659707307,-0.35863469907104245,0.15552198612589913,0.075000000000000011,285,0.71774259535011586,0.25470289659707307,0.71774259535011586,0.25470289659707301,0,0.15138888888888888,8.925943196977872e-05,0.017851886393955744,0.0043255642067696089,5.0977263051076659e-05,5.0977263051077113e-05,0.0004808611378491123,0.00012247672467113335,74,34368,1,2,0,1,25.436124374999999
1080,167.05690429646961,197.07773519082764,0.17970422126990446,0.49999945333377799,-5.4666622201215986e-07,12.943418891741789,0.14972222222222223,0.03111111111111111,0.0050000000000000001,4,0,0,27900.04499476069,8.3958825891819043e-06,1,4,0.0050000000000000001,0.075000000000000011,1,1,1,0,0,0,0,0,0,0.008400957101293547,-0.93658284951250004,0.10656776841595762,-0.78232445360759384,0.15552198612589913,0.075000000000000011,285,-0.93658284951250004,0.10656776841595762,-0.93658284951250004,0.10656776841595761,0,0.86416666666666664,0.00015794321134923839,0.031588642269847679,0.008400957101293547,9.9006228913032471e-05,9.9006228913032214e-05,0.00055822977518407723,5.9489301404708828e-05,12,34380,1,2,0,1,4.8715137083333335
1081,167.04211229268745,197.06196789544612,0.17971429593849095,0.49999947317664978,-5.2682335022202764e-07,12.927786764626067,0.14972222222222223,0.03111111111111111,0.0050000000000000001,4,0,0,27908.9035134021,-4.4669218529834574e-06,1,4,0.0050000000000000001,0.075000000000000011,1,1,1,0,0,0,0,0,0,0.004206379137790657,-0.90784357451532116,0.1001110237318068,-0.81318088495217422,0.1547170796945056,0.075000000000000011,285,-0.90784357451532116,0.1001110237318068,-0.90784357451532116,0.10011102373180679,0,0.9555555555555556,0.00010381244596156523,0.020762489192313046,0.004206379137790657,4.9572653542889944e-05,4.9572653542889903e-05,0.0005708510942592182,5.7148487444712478e-05,40,34420,1,2,0,1,13.449632041666666
1082,167.05166491993518,197.07154355729105,0.17970415710459309,0.499999435829033,-5.6417096699901137e-07,12.912011856515711,0.14972222222222223,0.03111111111111111,0.0050000000000000001,4,0,0,27908.303737477738,5.4396221570648863e-06,1,4,0.0050000000000000001,0.075000000000000011,1,1,1,0,0,0,0,0,0,0.0043367131296926835,0.80128951285221683,0.098511940654217645,-0.81318088495217422,0.14866253650648245,0.075000000000000011,285,0.80128951285221683,0.098511940654217645,0.80128951285221683,0.098511940654217645,0,0.10722222222222222,9.59084070765572e-05,0.019181681415311441,0.0043367131296926835,5.1108654367773867e-05,5.1108654367773955e-05,0.00057694520954769239,5.6835992243697438e-05,74,34494,1,2,0,1,25.228322208333335
1083,167.05764586731431,197.07715238988246,0.17969549592726317,0.4999994426236089,-5.5737639109709747e-07,12.943647921831175,0.14972222222222223,0.03111111111111111,0.0050000000000000001,4,0,0,27900.321255423332,7.6477745929245746e-06,1,4,0.0050000000000000001,0.075000000000000011,1,1,1,0,0,0,0,0,0,0.0082521747100924338,-0.94114018784096931,0.095623771880974193,-0.81318088495217422,0.14479272585746994,0.075000000000000011,285,-0.94114018784096931,0.095623771880974193,-0.94114018784096931,0.095623771880974193,0,0.90500000000000003,0.00014732589022411493,0.029465178044822984,0.0082521747100924338,9.7252811617374866e-05,9.7252811617374514e-05,0.00058583075188788211,5.6019346179386433e-05,12,34506,1,2,0,1,4.9652189166666663
1084,167.0424271679114,197.06121522137693,0.1797075662896743,0.49999931962107824,-6.8037892175798476e-07,12.927731587851069,0.14972222222222223,0.03111111111111111,0.0050000000000000001,4,0,0,27908.5100549913,2.7897319182442945e-05,1,4,0.0050000000000000001,0.075000000000000011,1,1,1,0,0,0,0,0,0,0.0041405989284215988,-0.95135393538395807,0.092206460490144942,-0.81318088495217422,0.13446361466386636,0.075000000000000011,285,-0.95135393538395807,0.092206460490144942,-0.95135393538395807,0.092206460490144956,0,0.95972222222222225,0.00010602858661129484,0.021205717322258968,0.0041405989284215988,4.8797426341011073e-05,4.8797426341011188e-05,0.000589327138017108,5.4339769467344662e-05,38,34544,1,2,0,1,12.853412458333333
1085,167.05218296001249,197.07104796870956,0.17969753209320669,0.49999940927167458,-5.9072832542250708e-07,12.914567158412712,0.14972222222222223,0.03111111111111111,0.0050000000000000001,4,0,0,27908.433195592534,1.9317035021297004e-05,1,4,0.0050000000000000001,0.075000000000000011,1,1,1,0,0,0,0,0,0,0.0036908819408455439,0.86353467473428336,0.090246380731340767,-0.78232445360759384,0.1282637302827806,0.075000000000000011,285,0.86353467473428336,0.090246380731340767,0.86353467473428336,0.090246380731340781,0,0.093333333333333338,8.8097760455998526e-05,0.017619552091199704,0.0036908819408455439,4.3497460815514159e-05,4.3497460815513949e-05,0.00058890325478001306,5.3146387344802835e-05,66,34610,1,2,0,1,23.055558874999999
1086,167.05697373444127,197.07623995611658,0.1796947804728872,0.49999950958496131,-4.904150386897399e-07,12.944033704446376,0.14972222222222223,0.03111111111111111,0.0050000000000000001,4,0,0,27901.791464961752,2.2874936955961515e-07,1,4,0.0050000000000000001,0.075000000000000011,1,1,1,0,0,0,0,0,0,0.0080287702105922981,-0.94602212847625899,0.098933831965084901,-0.78879129554755067,0.12065347562895917,0.075000000000000011,285,-0.94602212847625899,0.098933831965084901,-0.94602212847625899,0.098933831965084928,0,0.9127777777777778,0.00014240629018311983,0.028481258036623967,0.0080287702105922981,9.4619964341639322e-05,9.4619964341639565e-05,0.00059888147766831658,5.9249639478638982e-05,16,34626,1,2,0,1,6.5939537916666664
1087,167.04487448106099,197.06216523212382,0.17969596998599377,0.4999993731043702,-6.2689562979612035e-07,12.930611604388517,0.14972222222222223,0.03111111111111111,0.0050000000000000001,4,0,0,27908.140839793112,2.6275094327119132e-05,1,4,0.0050000000000000001,0.075000000000000011,1,1,1,0,0,0,0,0,0,0.0038947934773375776,-0.929795003431234,0.090821066276615112,-0.86374565070372611,0.11627824151415106,0.075000000000000011,285,-0.929795003431234,0.090821066276615112,-0.929795003431234,0.090821066276615126,0,0.97805555555555557,0.00014642074544444459,0.029284149088888916,0.0038947934773375776,4.5900581319108916e-05,4.5900581319108787e-05,0.00059935990051032922,5.443450524779405e-05,34,34660,1,2,0,1,11.436074208333334
1088,167.05147156954851,197.06980310700504,0.17969510388275153,0.49999938614706724,-6.1385293276261521e-07,12.928654006419531,0.14972222222222223,0.03111111111111111,0.0050000000000000001,4,0,0,27906.099838763585,2.2444293010408668e-05,1,4,0.0050000000000000001,0.075000000000000011,1,1,1,0,0,0,0,0,0,0.0017612871652702854,0.57513422285196769,0.089800776399840174,-0.86374565070372611,0.11369171304807343,0.075000000000000011,285,0.57513422285196769,0.089800776399840174,0.57513422285196769,0.089800776399840174,0,0.37277777777777776,0.00012846108758678821,0.025692217517357639,0.0017612871652702854,2.0756968302990838e-05,2.0756968302990587e-05,0.00060149001261241176,5.4014270129344235e-05,33,34693,1,2,0,1,11.018435666666667
1089,167.0509132498097,197.06945400447046,0.17969695687787543,0.49999940707049695,-5.9292950305156467e-07,12.916235148794325,0.14972222222222223,0.03111111111111111,0.0050000000000000001,4,0,0,27907.552714707319,2.249312793022745e-05,1,4,0.0050000000000000001,0.075000000000000011,1,1,1,0,0,0,0,0,0,0.0034595595100608331,0.465747935028758,0.094522888536551983,-0.86374565070372611,0.10983119327692749,0.075000000000000011,285,0.465747935028758,0.094522888536551983,0.465747935028758,0.094522888536551997,0,0.32000000000000001,8.4682430000042287e-05,0.016936486000008456,0.0034595595100608331,4.0771299824707081e-05,4.077129982470767e-05,0.00059128404938604232,5.588987629355798e-05,64,34757,1,2,0,1,21.801897
1090,167.05600835621334,197.07460633471075,0.17969181877307153,0.49999942544560655,-5.745543934509989e-07,12.9446601512689,0.14972222222222223,0.03111111111111111,0.0050000000000000001,4,0,0,27900.571481743475,-1.2844797351857379e-07,1,4,0.0050000000000000001,0.075000000000000011,1,1,1,0,0,0,0,0,0,0.0072834456687382292,-0.94008163302303815,0.08979512000621262,-0.91165646991168514,0.10333939607388221,0.075000000000000011,285,-0.94008163302303815,0.08979512000621262,-0.94008163302303815,0.08979512000621262,0,0.89611111111111108,0.0001394754532746213,0.027895090654924262,0.0072834456687382292,8.5836230379476505e-05,8.5836230379476709e-05,0.00057811405085248684,5.1911820573576757e-05,10,34767,1,2,0,1,4.0830349166666666
1091,167.04182155085221,197.06013924681804,0.1797054020201008,0.49999931157881389,-6.884211861124534e-07,12.931105161023693,0.14972222222222223,0.03111111111111111,0.0050000000000000001,4,0,0,27908.244248734049,2.0844951608681952e-05,1,4,0.0050000000000000001,0.075000000000000011,1,1,1,0,0,0,0,0,0,0.0037301319029355538,-0.90574861226843917,0.095659202607713614,-0.91165646991168514,0.099522427848445852,0.075000000000000011,285,-0.90574861226843917,0.095659202607713614,-0.90574861226843917,0.095659202607713642,0,0.9375,0.00010579186508852518,0.021158373017705037,0.0037301319029355538,4.3960026054766843e-05,4.396002605476725e-05,0.00057250142336436429,5.4765029650816153e-05,33,34800,1,2,0,1,10.994707666666667
1092,167.05061651381311,197.06924644089105,0.17969780988264566,0.49999950072016447,-4.9927983553077482e-07,12.92892355999761,0.14972222222222223,0.03111111111111111,0.0050000000000000001,4,0,0,27906.056077857887,9.6745345354901516e-06,1,4,0.0050000000000000001,0.075000000000000011,1,1,1,0,0,0,0,0,0,0.0021930870319540226,0.2717343456065669,0.14091181435441077,-0.91165646991168514,0.099522427848445852,0.075000000000000011,285,0.2717343456065669,0.14091181435441077,0.2717343456065669,0.14091181435441083,0,0.26833333333333331,0.00010542840814453292,0.021085681628906585,0.0021930870319540226,2.5845778533782798e-05,2.5845778533782995e-05,0.00054723854753037328,7.7112376617177362e-05,28,34828,1,2,0,1,9.1130298750000005
1093,167.0494622749514,197.07008430939305,0.1797109767706398,0.49999942925528446,-5.7074471554452444e-07,12.923172723168969,0.14972222222222223,0.03111111111111111,0.0050000000000000001,4,0,0,27906.642321726908,-6.3756701324182486e-07,1,4,0.0050000000000000001,0.075000000000000011,1,1,1,0,0,0,0,0,0,0.0023179830450369959,0.13108468645608282,0.20434408506250676,-0.90679609339188016,0.099522427848445852,0.075000000000000011,285,0.13108468645608282,0.20434408506250676,0.13108468645608282,0.20434408506250681,0,0.41944444444444445,9.4911678774333317e-05,0.018982335754866662,0.0023179830450369959,2.7317692163685033e-05,2.7317692163684088e-05,0.00047730342807668276,9.7534132307527745e-05,64,34892,1,2,0,1,22.255962833333335
1094,167.05332983004936,197.0728863713548,0.17970043800890192,0.49999943687910803,-5.6312089197207982e-07,12.911630355974554,0.14972222222222223,0.03111111111111111,0.0050000000000000001,4,0,0,27907.749638766672,1.9700042773736411e-05,1,4,0.0050000000000000001,0.075000000000000011,1,1,1,0,0,0,0,0,0,0.0033936637177093424,0.48020728550612568,0.19511361803520308,-0.38733196290617816,0.099522427848445852,0.075000000000000011,285,0.48020728550612568,0.19511361803520308,0.48020728550612568,0.19511361803520308,0,0.23305555555555554,9.0191724607718125e-05,0.018038344921543624,0.0033936637177093424,3.9994710464317088e-05,3.9994710464316898e-05,0.0004685007121999885,9.1410869009409158e-05,72,34964,1,2,0,1,24.395027875
1095,167.05717588228674,197.07582377818474,0.17969086175053023,0.49999939368607715,-6.0631392284626884e-07,12.943454950252109,0.14972222222222223,0.03111111111111111,0.0050000000000000001,4,0,0,27900.233810958111,1.8203157881753723e-05,1,4,0.0050000000000000001,0.075000000000000011,1,1,1,0,0,0,0,0,0,0.0082733397414452986,-0.87177461391727173,0.20765534327754384,-0.88876161309285551,0.099522427848445852,0.075000000000000011,285,-0.87177461391727173,0.20765534327754384,-0.87177461391727173,0.20765534327754384,0,0.83944444444444444,0.00015426146229461125,0.030852292458922251,0.0082733397414452986,9.7502243903935476e-05,9.750224390393553e-05,0.00052250549528841004,0.00010850105798851786,10,34974,1,2,0,1,4.0539424583333332
1096,167.0414832399897,197.05933645859741,0.17970298536849583,0.49999951511921531,-4.8488078469022255e-07,12.926905466736574,0.14972222222222223,0.03111111111111111,0.0050000000000000001,4,0,0,27908.853464150434,-1.3735945419269632e-05,1,4,0.0050000000000000001,0.075000000000000011,1,1,1,0,0,0,0,0,0,0.0044862510111028193,-0.92475909500705067,0.20881364393975532,-0.88876161309285551,0.099522427848445852,0.075000000000000011,285,-0.92475909500705067,0.20881364393975532,-0.92475909500705067,0.20881364393975532,0,0.94694444444444448,0.00010296853690315069,0.020593707380630138,0.0044862510111028193,5.2870975200930148e-05,5.2870975200930128e-05,0.00048075650614770062,0.00010038851789644674,39,35013,1,2,0,1,12.932981208333333
1097,167.05162080960889,197.06955268646968,0.17969255090959368,0.4999994458052201,-5.5419477990037436e-07,12.916816478314452,0.14972222222222223,0.03111111111111111,0.0050000000000000001,4,0,0,27907.338445567515,4.8374101424217896e-06,1,4,0.0050000000000000001,0.075000000000000011,1,1,1,0,0,0,0,0,0,0.002812910038030149,0.82710818496502092,0.19452529696882578,-0.37034496373059445,0.099522427848445852,0.075000000000000011,285,0.82710818496502092,0.19452529696882578,0.82710818496502092,0.19452529696882573,0,0.10305555555555555,9.4151044870720231e-05,0.018830208974144044,0.002812910038030149,3.3150462712647128e-05,3.3150462712647047e-05,0.00046800638754123882,9.1039081519766855e-05,62,35075,1,2,0,1,21.420926833333333
1098,167.05553648426434,197.0727173428842,0.17968384341124372,0.49999953883704684,-4.6116295315812295e-07,12.925928232814703,0.14972222222222223,0.03111111111111111,0.0050000000000000001,4,0,0,27906.532487228498,1.770286271540017e-06,1,4,0.0050000000000000001,0.075000000000000011,1,1,1,0,0,0,0,0,0,0.0029083649449156345,-0.72798703726706682,0.16369523360617649,-0.79988082559216922,0.099522427848445852,0.075000000000000011,285,-0.72798703726706682,0.16369523360617649,-0.72798703726706682,0.16369523360617649,0,0.72666666666666668,8.5747827034213429e-05,0.017149565406842687,0.0029083649449156345,3.4275409578584745e-05,3.4275409578585362e-05,0.00048152482881683363,7.8823319340345726e-05,52,35127,1,2,0,1,17.589988041666668
1099,167.05159613597431,197.06894161853057,0.1796890671916907,0.49999909267862586,-9.0732137414395453e-07,12.930650058301197,0.14972222222222223,0.03111111111111111,0.0050000000000000001,4,0,0,27905.322894648249,4.6222417766457096e-06,1,4,0.0050000000000000001,0.075000000000000011,1,1,1,0,0,0,0,0,0,0.001592504765841317,0.49394019134067729,0.18891696383740894,-0.79988082559216922,0.099522427848445852,0.075000000000000011,285,0.49394019134067729,0.18891696383740894,0.49394019134067729,0.18891696383740891,0,0.22750000000000001,0.00015117217906513876,0.03023443581302775,0.001592504765841317,1.8767848649971503e-05,1.8767848649971377e-05,0.00045952137764209729,8.6811383482528426e-05,33,35160,1,2,0,1,11.753262749999999
1100,167.04979788297507,197.06754776819332,0.17969342235449373,0.4999994896102683,-5.1038973170047797e-07,12.950406840016274,0.14972222222222223,0.03111111111111111,0.0050000000000000001,4,0,0,27899.853021522722,-1.9950629940907723e-06,1,4,0.0050000000000000001,0.075000000000000011,1,1,1,0,0,0,0,0,0,0.0051758908311373003,0.70733785915905423,0.17696341530790313,-0.29845117540549199,0.099522427848445852,0.075000000000000011,285,0.70733785915905423,0.17696341530790313,0.70733785915905423,0.1769634153079031,0,0.10861111111111112,0.00013881706598859803,0.027763413197719605,0.0051758908311373003,6.0998458422974339e-05,6.0998458422974312e-05,0.00043468360568559494,7.6923095440476738e-05,11,35171,1,2,0,1,4.5111144583333331
1101,167.04053736524335,197.05776824930945,0.17970027729515597,0.49999938709856717,-6.1290143282821674e-07,12.934747706173169,0.14972222222222223,0.03111111111111111,0.0050000000000000001,4,0,0,27908.216481109434,-6.4562981174696512e-06,1,4,0.0050000000000000001,0.075000000000000011,1,1,1,0,0,0,0,0,0,0.0041407757216604217,-0.92971145332837368,0.17027010213807239,-0.29845117540549199,0.11992282315974784,0.075000000000000011,285,-0.92971145332837368,0.17027010213807239,-0.92971145332837368,0.17027010213807239,0,0.96472222222222226,9.6269984277710669e-05,0.019253996855542133,0.0041407757216604217,4.8799509869311734e-05,4.8799509869312066e-05,0.00043952308950013976,7.4837641341229935e-05,34,35205,1,2,0,1,11.247598791666666
1102,167.04974588503384,197.06688425535756,0.17968981761266473,0.49999944958240239,-5.5041759761120801e-07,12.926432777020459,0.14944444444444444,0.03111111111111111,0.0050000000000000001,4,0,0,27906.460345567164,-4.1933532905242051e-06,1,4,0.0050000000000000001,0.075000000000000011,1,1,1,0,0,0,0,0,0,0.0029398799292529162,0.72614423400025474,0.16773231235043395,-0.29845117540549199,0.15230352398029362,0.075000000000000011,285,0.72614423400025474,0.16773231235043395,0.72614423400025474,0.16773231235043398,0,0.10000000000000001,0.00010033108199227011,0.020066216398454021,0.0029398799292529162,3.4646817230816073e-05,3.4646817230816188e-05,0.00044832412819717298,7.5198442705004214e-05,36,35241,1,2,0,1,12.386648916666667
1103,167.05159294186794,197.06975657886065,0.1796939682427254,0.49999930091301004,-6.9908698996368202e-07,12.944836340728049,0.14972222222222223,0.03111111111111111,0.0050000000000000001,4,0,0,27903.067828918574,5.3098308506092567e-06,1,4,0.0050000000000000001,0.075000000000000011,1,1,1,0,0,0,0,0,0,0.0076230945029939221,-0.72582485725546275,0.22522732466247242,-0.29737008539968995,0.16571377297830522,0.075000000000000011,285,-0.72582485725546275,0.22522732466247242,-0.72582485725546275,0.22522732466247239,0,0.76249999999999996,0.00017220006309667332,0.034440012619334666,0.0076230945029939221,8.9839030278214945e-05,8.9839030278214863e-05,0.00051084546631170367,0.0001150563576933382,68,35309,1,2,0,1,24.693049291666668
1104,167.04802343821513,197.06480620744676,0.17968954167442594,0.49999894049920407,-1.0595007959302016e-06,12.947181523219351,0.14972222222222223,0.03111111111111111,0.0050000000000000001,4,0,0,27905.159359636553,-3.0150357845304957e-05,1,4,0.0050000000000000001,0.075000000000000011,1,1,1,0,0,0,0,0,0,0.0029621601501923413,-0.44337240596129229,0.26653861428514797,-0.15614385975260475,0.16900120724425316,0.075000000000000011,285,-0.44337240596129229,0.26653861428514797,-0.44337240596129229,0.26653861428514797,0,0.96250000000000002,0.00014234589848400098,0.028469179696800195,0.0029621601501923413,3.4909392152692779e-05,3.4909392152693071e-05,0.00050576014800007992,0.00013480460900859264,16,35325,1,2,0,1,5.5380491666666662
1105,167.0455480495493,197.06019356901149,0.17967941001671714,0.49999952392151487,-4.760784851343125e-07,12.935685197600721,0.14944444444444444,0.03111111111111111,0.0050000000000000001,4,0,0,27905.654054387705,-3.6707648130706845e-05,1,4,0.0050000000000000001,0.075000000000000011,1,1,1,0,0,0,0,0,0,0.0033608231335299846,-0.0098392615510434402,0.16234820427654204,-0.22660583375616786,0.16900120724425316,0.075000000000000011,285,-0.0098392615510434402,0.16234820427654204,-0.0098392615510434402,0.16234820427654206,0,0.26250000000000001,0.00010987754318232511,0.021975508636465021,0.0033608231335299846,3.9607680468127892e-05,3.9607680468127939e-05,0.0004478655845642724,7.2710173411273405e-05,31,35356,1,2,0,1,10.746347541666667
1106,167.05051023039817,197.06519492317977,0.17967430719837352,0.49999926615046092,-7.3384953908073314e-07,12.941595536708233,0.14972222222222223,0.03111111111111111,0.0050000000000000001,4,0,0,27905.042034452763,1.2097858567034067e-05,1,4,0.0050000000000000001,0.075000000000000011,1,1,1,0,0,0,0,0,0,0.0027388907723198876,-0.66465499012568086,0.20418181919705564,-0.22660583375616786,0.17361675872298776,0.075000000000000011,285,-0.66465499012568086,0.20418181919705564,-0.66465499012568086,0.20418181919705566,0,0.87361111111111112,0.00011987270923359618,0.023974541846719235,0.0027388907723198876,3.2278137300610881e-05,3.2278137300610976e-05,0.00042727274666395324,8.7241326707168657e-05,27,35383,1,2,0,1,10.086433875000001
1107,167.04808808499217,197.06140787500647,0.17966874170235253,0.49999908991990366,-9.1008009633908316e-07,12.934382328771447,0.14944444444444444,0.03111111111111111,0.0050000000000000001,4,0,0,27906.287773105283,-2.6866911351795194e-05,1,4,0.0050000000000000001,0.075000000000000011,1,1,1,0,0,0,0,0,0,0.0026922372212674003,-0.74521697317995506,0.19959727371390687,-0.22660583375616786,0.18294018957265604,0.075000000000000011,285,-0.74521697317995506,0.19959727371390687,-0.74521697317995506,0.19959727371390693,0,0.74361111111111111,0.00013210233511061405,0.02642046702212281,0.0026922372212674003,3.1728319928683438e-05,3.1728319928683506e-05,0.00042585060387998971,8.499861954386684e-05,26,35409,1,2,0,1,8.869516083333334
1108,167.05046959590578,197.06494264433539,0.1796730839550135,0.49999941198106623,-5.8801893376703163e-07,12.929551949658666,0.14944444444444444,0.03111111111111111,0.0050000000000000001,4,0,0,27906.312932465877,-2.7756685521739197e-05,1,4,0.0050000000000000001,0.075000000000000011,1,1,1,0,0,0,0,0,0,0.0020838961759148942,0.66398837638973451,0.15651938572552138,-0.22660583375616786,0.18294018957265604,0.075000000000000011,285,0.66398837638973451,0.15651938572552138,0.66398837638973451,0.15651938572552138,0,0.26861111111111113,0.00010808854710378491,0.02161770942075698,0.0020838961759148942,2.4558951954635604e-05,2.4558951954635282e-05,0.00041613414625603964,6.5133060951409597e-05,44,35453,1,2,0,1,15.655454750000001
1109,167.05153779837559,197.06633420052529,0.17967387069717572,0.49999934793702316,-6.5206297683584324e-07,12.918686428334993,0.14944444444444444,0.03111111111111111,0.0050000000000000001,4,0,0,27907.79892783568,-3.0093787740847112e-05,1,4,0.0050000000000000001,0.075000000000000011,1,1,1,0,0,0,0,0,0,0.0033096724020118613,0.56545737233618554,0.16250042142418231,-0.22660583375616786,0.18294018957265604,0.075000000000000011,285,0.56545737233618554,0.16250042142418231,0.56545737233618554,0.16250042142418231,0,0.26305555555555554,0.00010271764371857313,0.020543528743714626,0.0033096724020118613,3.9004863316142608e-05,3.9004863316142805e-05,0.00043637116092221101,7.0910497547218957e-05,60,35513,1,2,0,1,20.383570208333332
1110,167.05595912424477,197.071327067656,0.17967253668028604,0.499999332625926,-6.6737407400374593e-07,12.946695678757617,0.14944444444444444,0.03111111111111111,0.0050000000000000001,4,0,0,27900.612098452082,-1.3230648831770768e-05,1,4,0.0050000000000000001,0.075000000000000011,1,1,1,0,0,0,0,0,0,0.0073426713362283527,-0.88926332821273302,0.13417834309273072,-0.22660583375616786,0.18294018957265604,0.075000000000000011,285,-0.88926332821273302,0.13417834309273072,-0.88926332821273302,0.13417834309273069,0,0.84166666666666667,0.00013653722947002081,0.027307445894004162,0.0073426713362283527,8.6534211564519262e-05,8.6534211564519127e-05,0.00046190691406375583,6.1977904392151114e-05,13,35526,1,2,0,1,5.3097131666666666
1111,167.04278628299051,197.05710606664644,0.1796804306940144,0.49999935513798915,-6.4486201084568151e-07,12.935854863995235,0.14944444444444444,0.03111111111111111,0.0050000000000000001,4,0,0,27907.323333199554,-7.9359292456636247e-06,1,4,0.0050000000000000001,0.075000000000000011,1,1,1,0,0,0,0,0,0,0.0030220069776980729,-0.93369786229484486,0.13576481936136986,-0.22660583375616786,0.18294018957265604,0.075000000000000011,285,-0.93369786229484486,0.13576481936136986,-0.93369786229484486,0.13576481936136983,0,0.96722222222222221,0.00010246142353493518,0.020492284706987038,0.0030220069776980729,3.5614693778722848e-05,3.5614693778722956e-05,0.00044872209797316667,6.0920674574781884e-05,27,35553,1,2,0,1,9.0257100833333332
1112,167.04886488455259,197.0635398079819,0.17967601841636244,0.49999947448838572,-5.2551161427993875e-07,12.92668778792884,0.14944444444444444,0.03111111111111111,0.0050000000000000001,4,0,0,27906.901222629182,-1.1037020169739291e-05,1,4,0.0050000000000000001,0.075000000000000011,1,1,1,0,0,0,0,0,0,0.0030088761556372862,0.85405384935056883,0.13219774191558528,-0.22660583375616786,0.18294018957265604,0.075000000000000011,285,0.85405384935056883,0.13219774191558528,0.85405384935056883,0.13219774191558525,0,0.061944444444444448,9.3866118079003022e-05,0.018773223615800604,0.0030088761556372862,3.5459945556693911e-05,3.5459945556693654e-05,0.00044953522629904416,5.942754182824526e-05,34,35587,1,2,0,1,10.994907083333333
1113,167.05173995535421,197.0673029469086,0.17967824219955009,0.49999930106906093,-6.989309390692533e-07,12.914068955938479,0.14944444444444444,0.03111111111111111,0.0050000000000000001,4,0,0,27908.049706303198,-1.0905814760327788e-05,1,4,0.0050000000000000001,0.075000000000000011,1,1,1,0,0,0,0,0,0,0.0034513512644932802,0.78260514659570601,0.33409388962735409,-0.22660583375616786,0.18294018957265604,0.075000000000000011,285,0.78260514659570601,0.33409388962735409,0.78260514659570601,0.33409388962735415,0,0.17472222222222222,8.7750829694499484e-05,0.017550165938899895,0.0034513512644932802,4.0674564722999399e-05,4.0674564722999555e-05,0.00040037076074382887,0.00013376142474996855,72,35659,1,2,0,1,25.003245249999999
1114,167.05720436221455,197.07237185568479,0.17966999752007795,0.49999932845049172,-6.7154950827985616e-07,12.944910019368496,0.14944444444444444,0.03111111111111111,0.0050000000000000001,4,0,0,27899.693693516787,1.9756145303541855e-05,1,4,0.0050000000000000001,0.075000000000000011,1,1,1,0,0,0,0,0,0,0.0079185513707349057,-0.92914794449033467,0.17192081272702225,-0.55401369804348655,0.17444211401746268,0.075000000000000011,285,-0.92914794449033467,0.17192081272702225,-0.92914794449033467,0.17192081272702225,0,0.85333333333333339,0.00015205910585168418,0.030411821170336834,0.0079185513707349057,9.3321022857011378e-05,9.3321022857011975e-05,0.00045878239144814779,7.8874241602612432e-05,9,35668,1,2,0,1,3.613953875
1115,167.04109061358284,197.05577779271647,0.17968445409978068,0.49999946118762029,-5.3881237971342699e-07,12.930331274176678,0.14944444444444444,0.03111111111111111,0.0050000000000000001,4,0,0,27908.79182977623,9.4521670960724238e-06,1,4,0.0050000000000000001,0.075000000000000011,1,1,1,0,0,0,0,0,0,0.0039240993937092756,-0.9286917584939709,0.1513874272115325,-0.55401369804348655,0.17109545743254734,0.075000000000000011,285,-0.9286917584939709,0.1513874272115325,-0.9286917584939709,0.15138742721153248,0,0.87611111111111106,9.8828829083128129e-05,0.019765765816625626,0.0039240993937092756,4.6245954855697476e-05,4.6245954855697584e-05,0.00046542066583571743,7.0458837171947659e-05,35,35703,1,2,0,1,11.586282541666666
1116,167.05110138256688,197.06572739365137,0.17967332009591142,0.49999958141418732,-4.1858581267817385e-07,12.91779448909435,0.14944444444444444,0.03111111111111111,0.0050000000000000001,4,0,0,27907.657668307267,1.2727496140467883e-06,1,4,0.0050000000000000001,0.075000000000000011,1,1,1,0,0,0,0,0,0,0.0037327762652103764,0.76733568155063103,0.2360797213955568,-0.22660583375616786,0.17109545743254734,0.075000000000000011,285,0.76733568155063103,0.2360797213955568,0.76733568155063103,0.23607972139555677,0,0.16500000000000001,8.2536127332178503e-05,0.016507225466435699,0.0037327762652103764,4.3991190163040858e-05,4.3991190163041028e-05,0.00047713371869814746,0.00011264159537868462,64,35767,1,2,0,1,20.769769833333335
1117,167.05544536110148,197.07043601353507,0.17967083076851637,0.49999936486815627,-6.3513184372920861e-07,12.92807138039835,0.14944444444444444,0.030833333333333334,0.0050000000000000001,4,0,0,27905.91357155281,2.4304491019934774e-05,1,4,0.0050000000000000001,0.075000000000000011,1,1,1,0,0,0,0,0,0,0.0032801681441913051,-0.64578053002903668,0.17767615049201133,-0.54457646799516446,0.17109545743254734,0.075000000000000011,285,-0.64578053002903668,0.17767615049201133,-0.64578053002903668,0.17767615049201133,0,0.77666666666666662,0.0001069334319235876,0.02138668638471752,0.0032801681441913051,3.8657152303162743e-05,3.8657152303163366e-05,0.00048406255107262731,8.6006370671927047e-05,52,35819,1,2,0,1,17.78530975
1118,167.05045568200441,197.06449908880776,0.17967052699298103,0.49999969891793727,-3.010820627258326e-07,12.944023212828471,0.14944444444444444,0.03111111111111111,0.0050000000000000001,4,0,0,27903.096873456456,2.6728761136242316e-05,1,4,0.0050000000000000001,0.075000000000000011,1,1,1,0,0,0,0,0,0,0.0045814634685160541,0.7113228823656601,0.15790296646079705,-0.22660583375616786,0.17109545743254734,0.075000000000000011,285,0.7113228823656601,0.15790296646079705,0.7113228823656601,0.15790296646079707,0,0.20222222222222222,0.00010712839126516192,0.021425678253032383,0.0045814634685160541,5.3993064772435709e-05,5.3993064772436251e-05,0.00051349666389042831,8.1082646496021479e-05,21,35840,1,2,0,1,8.2327688749999997
1119,167.044665060802,197.05820955940948,0.17967376861561515,0.49999933168070693,-6.6831929307342719e-07,12.931882056832922,0.14944444444444444,0.030833333333333334,0.0050000000000000001,4,0,0,27906.238254773198,1.5990600968656954e-05,1,4,0.0050000000000000001,0.075000000000000011,1,1,1,0,0,0,0,0,0,0.0033559628245890347,-0.89697083807768396,0.15071387666692063,-0.54457646799516446,0.16900120724425316,0.075000000000000011,285,-0.89697083807768396,0.15071387666692063,-0.89697083807768396,0.15071387666692063,0,0.97416666666666663,9.8381182362021702e-05,0.019676236472404341,0.0033559628245890347,3.9550401177947774e-05,3.9550401177947713e-05,0.00051404220175223323,7.7473292996478406e-05,32,35872,1,2,0,1,10.538769458333332
1120,167.05009802416637,197.06363558095919,0.17966788353785276,0.49999936765291764,-6.3234708236326043e-07,12.918417581683375,0.14944444444444444,0.030833333333333334,0.0050000000000000001,4,0,0,27907.579466935807,1.524770078991569e-06,1,4,0.0050000000000000001,0.075000000000000011,1,1,1,0,0,0,0,0,0,0.0037604654310287918,0.92137721964071218,0.24083037883460717,-0.54457646799516446,0.16900120724425316,0.075000000000000011,285,0.92137721964071218,0.24083037883460717,0.92137721964071218,0.2408303788346072,0,0.079722222222222222,9.3921602665243283e-05,0.018784320533048657,0.0037604654310287918,4.4317510111634197e-05,4.431751011163417e-05,0.00047182550029934822,0.00011362991398092009,60,35932,1,2,0,1,20.482224625000001
1121,167.05536007930445,197.06931357108257,0.17966471400576381,0.49999942116696633,-5.7883303367090022e-07,12.946380082033727,0.14944444444444444,0.030833333333333334,0.0050000000000000001,4,0,0,27900.044419314672,2.37723522138828e-05,1,4,0.0050000000000000001,0.075000000000000011,1,1,1,0,0,0,0,0,0,0.0071741045132673129,-0.92895656158924267,0.14206907687435197,-0.54457646799516446,0.16511636688730813,0.075000000000000011,285,-0.92895656158924267,0.14206907687435197,-0.92895656158924267,0.142069076874352,0,0.90916666666666668,0.00014479699153199842,0.028959398306399684,0.0071741045132673129,8.4547632504538872e-05,8.454763250453871e-05,0.00052075843902516395,7.398367070683355e-05,10,35942,1,2,0,1,4.0427403750000002
1122,167.0414816087777,197.05479563680308,0.17967581309125694,0.49999933806842406,-6.6193157594041097e-07,12.931401178907448,0.14944444444444444,0.030833333333333334,0.0050000000000000001,4,0,0,27908.480747935602,8.8878422956365906e-07,1,4,0.0050000000000000001,0.075000000000000011,1,1,1,0,0,0,0,0,0,0.0039615066088986564,-0.92610081340730266,0.12524057105647868,-0.65521776007735877,0.16242431285036218,0.075000000000000011,285,-0.92610081340730266,0.12524057105647868,-0.92610081340730266,0.12524057105647865,0,0.85222222222222221,0.00011999407215946992,0.023998814431893983,0.0039615066088986564,4.6686803114459403e-05,4.6686803114459382e-05,0.00053198529658292967,6.6626142337696285e-05,34,35976,1,2,0,1,11.456897375
1123,167.05110053283363,197.06422460287106,0.17966433010202409,0.49999931240045159,-6.8759954841013382e-07,12.907825783791793,0.14944444444444444,0.030833333333333334,0.0050000000000000001,4,0,0,27908.50849475589,4.9691672434448275e-06,1,4,0.0050000000000000001,0.075000000000000011,1,1,1,0,0,0,0,0,0,0.0066172531591800129,0.80209523595330934,0.12225121300969824,-0.54457646799516446,0.16012558536866955,0.075000000000000011,285,0.80209523595330934,0.12225121300969824,0.80209523595330934,0.12225121300969824,0,0.20222222222222222,0.00012905280041750454,0.025810560083500907,0.0066172531591800129,7.7985076361404863e-05,7.7985076361404741e-05,0.00056929580822133495,6.9597103116394741e-05,86,36062,1,2,0,1,29.514632958333333
1124,167.05921889981417,197.07255270925262,0.17965685465964928,0.49999950668734294,-4.9331265705720995e-07,12.942099146176469,0.14944444444444444,0.030833333333333334,0.0050000000000000001,4,0,0,27899.449687804852,-1.123927396512024e-05,1,4,0.0050000000000000001,0.075000000000000011,1,1,1,0,0,0,0,0,0,0.00878109330496726,-0.93059929525991703,0.11462550538230167,-0.65521776007735877,0.15721117609315921,0.075000000000000011,285,-0.93059929525991703,0.11462550538230167,-0.93059929525991703,0.11462550538230164,0,0.89388888888888884,0.00018529239789513751,0.037058479579027498,0.00878109330496726,0.00010348617703623569,0.00010348617703623594,0.00057946096240055883,6.6421005664478957e-05,8,36070,1,2,0,1,3.2457531249999998
1125,167.04145614868881,197.05422051752299,0.17967254992149306,0.49999928839750446,-7.116024955400313e-07,12.928402826764126,0.14944444444444444,0.030833333333333334,0.0050000000000000001,4,0,0,27909.782212099399,7.472534661647845e-06,1,4,0.0050000000000000001,0.075000000000000011,1,1,1,0,0,0,0,0,0,0.00391646246432593,-0.86573224171903473,0.11186959389822568,-0.70493598165281801,0.15395340646852695,0.075000000000000011,285,-0.86573224171903473,0.11186959389822568,-0.86573224171903473,0.11186959389822566,0,0.81055555555555558,0.00010832563370187455,0.021665126740374911,0.00391646246432593,4.61559527797907e-05,4.6155952779790544e-05,0.00057937096032465189,6.481399404794383e-05,37,36107,1,2,0,1,12.739062375
1126,167.05206841667979,197.06507842943978,0.17966260637909742,0.49999944343510078,-5.5656489922339958e-07,12.914183065194523,0.14944444444444444,0.030833333333333334,0.0050000000000000001,4,0,0,27908.400454435905,-2.2273170779042953e-07,1,4,0.0050000000000000001,0.075000000000000011,1,1,1,0,0,0,0,0,0,0.0040143339160883607,0.66941385940207287,0.11075477776692373,-0.69549875160449592,0.15105065193922657,0.075000000000000011,285,0.66941385940207287,0.11075477776692373,0.66941385940207287,0.1107547777669237,0,0.16833333333333333,9.5925775380555255e-05,0.01918515507611105,0.0040143339160883607,4.7309378900220482e-05,4.7309378900220305e-05,0.00058268914906183108,6.4535607211540995e-05,69,36176,1,2,0,1,23.741625916666667
1127,167.05731883751386,197.0701580750486,0.17965593753319084,0.49999950846788715,-4.9153211284513887e-07,12.944580449998499,0.14944444444444444,0.030833333333333334,0.0050000000000000001,4,0,0,27899.362081706899,-6.9340159267382218e-06,1,4,0.0050000000000000001,0.075000000000000011,1,1,1,0,0,0,0,0,0,0.0077277879112626711,-0.92504598780589709,0.11536071881388898,-0.75575638587403571,0.1463914767706363,0.075000000000000011,285,-0.92504598780589709,0.11536071881388898,-0.92504598780589709,0.11536071881388898,0,0.93694444444444447,0.00014293034477249556,0.028586068954499111,0.0077277879112626711,9.1072853927087676e-05,9.1072853927087676e-05,0.0006351048506857554,7.3266152097296373e-05,8,36184,1,2,0,1,3.2270511666666666
1128,167.04119955598944,197.05385936907808,0.17967219998937389,0.49999941693997607,-5.8306002392871648e-07,12.927340598811609,0.14944444444444444,0.030833333333333334,0.0050000000000000001,4,0,0,27909.502109994435,-2.9070158000720273e-05,1,4,0.0050000000000000001,0.075000000000000011,1,1,1,0,0,0,0,0,0,0.0047140482678698003,-0.92220410453928481,0.12225624838927081,-0.87749778496588382,0.13891694811786093,0.075000000000000011,285,-0.92220410453928481,0.12225624838927081,-0.92220410453928481,0.12225624838927079,0,0.95944444444444443,0.00010651447495620912,0.021302894991241824,0.0047140482678698003,5.5555591617523904e-05,5.5555591617523511e-05,0.00063666737753084268,7.7836565048756352e-05,40,36224,1,2,0,1,12.895808916666667
1129,167.05191678836115,197.06508712386929,0.1796637291718835,0.49999947557084984,-5.244291501615983e-07,12.918213020983957,0.14944444444444444,0.030833333333333334,0.0050000000000000001,4,0,0,27907.406729462633,5.4075368328659812e-06,1,4,0.0050000000000000001,0.075000000000000011,1,1,1,0,0,0,0,0,0,0.0026267593237553977,0.79355455002475128,0.11394426908487831,-0.87749778496588382,0.13497158122705027,0.075000000000000011,285,0.79355455002475128,0.11394426908487831,0.79355455002475128,0.11394426908487833,0,0.10055555555555555,9.9954840220839192e-05,0.019990968044167837,0.0026267593237553977,3.0956655506207189e-05,3.0956655506207535e-05,0.00062807363185910252,7.1565390913670381e-05,62,36286,1,2,0,1,20.950579166666667
1130,167.05513170049872,197.06781306478177,0.17965734460699273,0.49999960523175219,-3.9476824781337072e-07,12.937771037173516,0.14944444444444444,0.030833333333333334,0.0050000000000000001,4,0,0,27904.307211856154,1.5187556004565709e-05,1,4,0.0050000000000000001,0.075000000000000011,1,1,1,0,0,0,0,0,0,0.0052980390204316573,-0.89054371021717471,0.12747066299091336,-0.87813797596810472,0.13398128063847758,0.075000000000000011,285,-0.89054371021717471,0.12747066299091336,-0.89054371021717471,0.12747066299091339,0,0.85444444444444445,9.6018402758098006e-05,0.019203680551619601,0.0052980390204316573,6.24379886389693e-05,6.2437988638969273e-05,0.00064619411038643762,8.2370791671782667e-05,26,36312,1,2,0,1,9.5069065833333326
1131,167.04695738034073,197.05907863582047,0.17966278300506047,0.49999944486368753,-5.5513631247450235e-07,12.927713189249165,0.14944444444444444,0.030833333333333334,0.0050000000000000001,4,0,0,27906.542430471138,-2.1505928100748416e-05,1,4,0.0050000000000000001,0.075000000000000011,1,1,1,0,0,0,0,0,0,0.0031055453738877792,-0.87514025963492981,0.14506514122422254,-0.87043625067698227,0.13713340939496863,0.075000000000000011,285,-0.87514025963492981,0.14506514122422254,-0.87514025963492981,0.14506514122422254,0,0.91000000000000003,0.00010535652868531581,0.021071305737063162,0.0031055453738877792,3.6599203219309348e-05,3.6599203219309117e-05,0.00059824568110120806,8.6784594215727948e-05,33,36345,1,2,0,1,10.878532166666666
1132,167.05148964001256,197.06451674755681,0.17966333118142669,0.49999934855820133,-6.5144179867138163e-07,12.91865791171028,0.14944444444444444,0.030833333333333334,0.0050000000000000001,4,0,0,27907.594696134929,2.7863620965850694e-05,1,4,0.0050000000000000001,0.075000000000000011,1,1,1,0,0,0,0,0,0,0.0026520011388220578,0.81252877118198252,0.13494588690957182,-0.87043625067698227,0.13850748189196188,0.075000000000000011,285,0.81252877118198252,0.13494588690957182,0.81252877118198252,0.13494588690957177,0,0.13305555555555557,8.3938333364931995e-05,0.016787666672986399,0.0026520011388220578,3.1254133149592063e-05,3.1254133149592069e-05,0.00058281301113634061,7.8648218690231637e-05,60,36405,1,2,0,1,20.330076666666667
1133,167.05569566524133,197.06835389560817,0.1796565996199761,0.49999941809575105,-5.8190424895299131e-07,12.94767003966043,0.14944444444444444,0.030833333333333334,0.0050000000000000001,4,0,0,27899.927097427924,1.9028028368729401e-05,1,4,0.0050000000000000001,0.075000000000000011,1,1,1,0,0,0,0,0,0,0.0075196101432282092,-0.89073401822850728,0.22584190068874269,-0.88284198492605226,0.13850748189196188,0.075000000000000011,285,-0.89073401822850728,0.22584190068874269,-0.89073401822850728,0.22584190068874266,0,0.84888888888888892,0.00014679840797060027,0.029359681594120054,0.0075196101432282092,8.8619455402596872e-05,8.8619455402597183e-05,0.00059344739017753317,0.00013402528655646797,11,36416,1,2,0,1,4.4635946249999998
1134,167.04153338829713,197.05336808239713,0.17966690131092045,0.49999942043984058,-5.7956015941940109e-07,12.929733855915639,0.14944444444444444,0.030833333333333334,0.0050000000000000001,4,0,0,27908.766667090349,-1.336759956192539e-05,1,4,0.0050000000000000001,0.075000000000000011,1,1,1,0,0,0,0,0,0,0.0045955512480776641,-0.96380443093095136,0.13937758769839292,-0.88284198492605226,0.13716173730398237,0.075000000000000011,285,-0.96380443093095136,0.13937758769839292,-0.96380443093095136,0.1393775876983929,0,0.96583333333333332,0.00010012532804252681,0.020025065608505362,0.0045955512480776641,5.4159090846766966e-05,5.4159090846766478e-05,0.00054412030398806371,7.5838175387572563e-05,39,36455,1,2,0,1,12.973946541666667
1135,167.05168905085131,197.06312205565138,0.1796535741441348,0.49999936659886113,-6.3340113887200289e-07,12.911924258814439,0.14944444444444444,0.030833333333333334,0.0050000000000000001,4,0,0,27908.634214758804,2.0894304585508653e-05,1,4,0.0050000000000000001,0.075000000000000011,1,1,1,0,0,0,0,0,0,0.0048768060420208313,0.89067173059099791,0.15038109722380089,-0.87043625067698227,0.13716173730398237,0.075000000000000011,285,0.89067173059099791,0.15038109722380089,0.89067173059099791,0.15038109722380086,0,0.081944444444444445,9.4516624806652598e-05,0.018903324961330518,0.0048768060420208313,5.7473710380740943e-05,5.7473710380740984e-05,0.00055543806158901406,8.3527385141617032e-05,80,36535,1,2,0,1,27.608340375000001
1136,167.05831517002738,197.06918069090881,0.17964305153165938,0.49999931802504244,-6.8197495756150417e-07,12.944209386332068,0.14944444444444444,0.030833333333333334,0.0050000000000000001,4,0,0,27899.849552296288,1.323134589920718e-05,1,4,0.0050000000000000001,0.075000000000000011,1,1,1,0,0,0,0,0,0,0.0082759098488208848,-0.93899976470213842,0.1781539729254821,-0.88284198492605226,0.13716173730398237,0.075000000000000011,285,-0.93899976470213842,0.1781539729254821,-0.93899976470213842,0.1781539729254821,0,0.91249999999999998,0.00015068959017350901,0.030137918034701804,0.0082759098488208848,9.7532532909829709e-05,9.7532532909829262e-05,0.00060566121559862312,0.00010790095180577168,9,36544,1,2,0,1,3.6268934166666669
1137,167.04164382008793,197.05228145109507,0.17965961627706487,0.49999945980932869,-5.4019067130539611e-07,12.929073784953356,0.14944444444444444,0.030833333333333334,0.0050000000000000001,4,0,0,27909.136342620364,-2.0072536956783423e-05,1,4,0.0050000000000000001,0.075000000000000011,1,1,1,0,0,0,0,0,0,0.0042168817173896282,-0.90408744364675908,0.1430935761862645,-0.890638864222841,0.13716173730398237,0.075000000000000011,285,-0.90408744364675908,0.1430935761862645,-0.90408744364675908,0.14309357618626453,0,0.95916666666666661,0.00010188484749309269,0.020376969498618537,0.0042168817173896282,4.9696427630463009e-05,4.9696427630463517e-05,0.00056428478930199894,8.0745528488735806e-05,38,36582,1,2,0,1,12.37451575
1138,167.05194572680023,197.06318474709238,0.17965213688305717,0.49999941053989522,-5.8946010478289068e-07,12.917358013446044,0.14944444444444444,0.030833333333333334,0.0050000000000000001,4,0,0,27908.059925714766,3.8431545117986461e-05,1,4,0.0050000000000000001,0.075000000000000011,1,1,1,0,0,0,0,0,0,0.0032585199177725525,0.7835816583386368,0.1243590490912983,-0.890638864222841,0.13120827495024259,0.075000000000000011,285,0.7835816583386368,0.1243590490912983,0.7835816583386368,0.12435904909129834,0,0.10361111111111111,9.3515890349397997e-05,0.018703178069879599,0.0032585199177725525,3.840202550814005e-05,3.8402025508139596e-05,0.00054713122319261518,6.8040718644392522e-05,72,36654,1,2,0,1,24.523092958333333
1139,167.05679961270047,197.06730933468717,0.17964255146490396,0.49999943646706763,-5.6353293237387803e-07,12.946171607988093,0.14944444444444444,0.030833333333333334,0.0050000000000000001,4,0,0,27899.948542950868,1.0309486913595009e-05,1,4,0.0050000000000000001,0.075000000000000011,1,1,1,0,0,0,0,0,0,0.0073940905656175648,-0.93138506385716946,0.16818462512020765,-0.890638864222841,0.13120827495024259,0.075000000000000011,285,-0.93138506385716946,0.16818462512020765,-0.93138506385716946,0.16818462512020768,0,0.90166666666666662,0.00015764605415953078,0.031529210831906157,0.0073940905656175648,8.7140192994260908e-05,8.7140192994260827e-05,0.00060331476068066839,0.00010146826685456602,10,36664,1,2,0,1,4.3487943749999998
1140,167.04215594794263,197.05240810510028,0.17965675782172083,0.4999993487203851,-6.5127961490496489e-07,12.931752726802728,0.14944444444444444,0.030833333333333334,0.0050000000000000001,4,0,0,27908.805008654137,-2.0604005205140895e-05,1,4,0.0050000000000000001,0.075000000000000011,1,1,1,0,0,0,0,0,0,0.0037826583542277222,-0.94019864993195945,0.098643905244834643,-0.89741073093763313,0.12635561702369602,0.075000000000000011,285,-0.94019864993195945,0.098643905244834643,-0.94019864993195945,0.098643905244834643,0,0.88416666666666666,9.9688455658332461e-05,0.019937691131666491,0.0037826583542277222,4.4579056219772796e-05,4.4579056219773148e-05,0.00058545582826147224,5.7751649248060848e-05,34,36698,1,2,0,1,11.553993125
1141,167.05118312847313,197.06137069472456,0.17964666280257149,0.499999421338785,-5.7866121500049772e-07,12.924993619620501,0.14944444444444444,0.030833333333333334,0.0050000000000000001,4,0,0,27906.827030612738,7.2398881420601253e-06,1,4,0.0050000000000000001,0.075000000000000011,1,1,1,0,0,0,0,0,0,0.0020055968026463089,0.78573600961010059,0.091935839170289135,-0.890638864222841,0.12479981007388849,0.075000000000000011,285,0.78573600961010059,0.091935839170289135,0.78573600961010059,0.091935839170289149,0,0.14749999999999999,0.00012062398760162388,0.024124797520324776,0.0020055968026463089,2.3636184991287715e-05,2.3636184991287329e-05,0.00057249281003345044,5.2632606909382193e-05,47,36745,1,2,0,1,16.053147166666665
1142,167.05339023658496,197.06311984569069,0.17964154793030687,0.49999938946918415,-6.1053081584772073e-07,12.920092018092186,0.14944444444444444,0.030833333333333334,0.0050000000000000001,4,0,0,27907.521752126002,-1.5025643534457617e-05,1,4,0.0050000000000000001,0.075000000000000011,1,1,1,0,0,0,0,0,0,0.0016895728806212301,0.88762728010577241,0.094713698225725881,-0.88284198492605226,0.12330764874028455,0.075000000000000011,285,0.88762728010577241,0.094713698225725881,0.88762728010577241,0.094713698225725895,0,0.11416666666666667,0.00011459746944642237,0.022919493889284475,0.0016895728806212301,1.9911807353269348e-05,1.9911807353269098e-05,0.00056115048423712745,5.3148637623255241e-05,54,36799,1,2,0,1,18.089197625000001
1143,167.05509873204963,197.0654267086874,0.17964329256883835,0.49999944472117475,-5.5527882525385763e-07,12.941413527687315,0.14944444444444444,0.030833333333333334,0.0050000000000000001,4,0,0,27903.91898852769,-1.2111961946460043e-05,1,4,0.0050000000000000001,0.075000000000000011,1,1,1,0,0,0,0,0,0,0.0057465701875591465,-0.80186819266466236,0.10826327031781946,-0.88284198492605226,0.12330764874028455,0.075000000000000011,285,-0.80186819266466236,0.10826327031781946,-0.80186819266466236,0.10826327031781943,0,0.85750000000000004,0.00012491268441373234,0.024982536882746466,0.0057465701875591465,6.7723979136458709e-05,6.7723979136458736e-05,0.0005402550079709889,5.8489773968518874e-05,24,36823,1,2,0,1,8.8687317916666668
1144,167.04581584162653,197.05581744594809,0.17965132172345796,0.49999939276896971,-6.0723103029181047e-07,12.933514254530406,0.14944444444444444,0.030833333333333334,0.0050000000000000001,4,0,0,27905.739295538795,3.2944773402182353e-05,1,4,0.0050000000000000001,0.075000000000000011,1,1,1,0,0,0,0,0,0,0.0023741527842184073,-0.87264262909358992,0.11285700145465086,-0.87389144436425981,0.12330764874028455,0.075000000000000011,285,-0.87264262909358992,0.11285700145465086,-0.87264262909358992,0.11285700145465086,0,0.92194444444444446,0.00010896984831861957,0.021793969663723912,0.0023741527842184073,2.7979658888229297e-05,2.7979658888229358e-05,0.00051407557601245183,5.8017028029837752e-05,27,36850,1,2,0,1,9.1232699583333332
1145,167.04971600714399,197.05979406604968,0.17964758501967337,0.49999952155605559,-4.7844394440721416e-07,12.926320138936267,0.14944444444444444,0.030833333333333334,0.0050000000000000001,4,0,0,27906.847999762333,-1.1291546286477306e-05,1,4,0.0050000000000000001,0.075000000000000011,1,1,1,0,0,0,0,0,0,0.0025709177991292864,0.88527900768352774,0.15950467069955376,-0.87389144436425981,0.12591485604110583,0.075000000000000011,285,0.88527900768352774,0.15950467069955376,0.88527900768352774,0.15950467069955379,0,0.10861111111111112,9.9362364979637511e-05,0.019872472995927502,0.0025709177991292864,3.0298556827291877e-05,3.0298556827291846e-05,0.00048690042245900275,7.7662891547796841e-05,40,36890,1,2,0,1,13.267498208333333
1146,167.05185551616248,197.06221296630989,0.17964695667354541,0.49999939100595964,-6.0899404036307558e-07,12.945988811270162,0.14944444444444444,0.030833333333333334,0.0050000000000000001,4,0,0,27903.003849279008,-1.3578615747441637e-05,1,4,0.0050000000000000001,0.075000000000000011,1,1,1,0,0,0,0,0,0,0.0059645586495104498,-0.86519539842678284,0.1552670389323946,-0.87389144436425981,0.13120827495024259,0.075000000000000011,285,-0.86519539842678284,0.1552670389323946,-0.86519539842678284,0.15526703893239455,0,0.94194444444444447,0.00012557025467155631,0.025114050934311263,0.0059645586495104498,7.0292997797561911e-05,7.0292997797561938e-05,0.00045966088734673534,7.1370184891364605e-05,24,36914,1,2,0,1,9.7146889166666668
1147,167.04534593363567,197.05398975410517,0.17964369885762296,0.49999951257619774,-4.8742380226451942e-07,12.929831411582072,0.14944444444444444,0.030833333333333334,0.0050000000000000001,4,0,0,27907.146955587807,2.8367285052143908e-05,1,4,0.0050000000000000001,0.075000000000000011,1,1,1,0,0,0,0,0,0,0.0044633901205103476,-0.91989052900289459,0.14639065070491783,-0.87389144436425981,0.13716173730398237,0.075000000000000011,285,-0.91989052900289459,0.14639065070491783,-0.91989052900289459,0.14639065070491777,0,0.9458333333333333,0.00010005893829503131,0.020011787659006262,0.0044633901205103476,5.2601557021565137e-05,5.2601557021564961e-05,0.00046256601673783679,6.7715340184233835e-05,38,36952,1,2,0,1,12.265338583333333
1148,167.05248913749281,197.06154209530692,0.17963846640510162,0.49999951091238676,-4.8908761324240047e-07,12.918154961224806,0.14944444444444444,0.030833333333333334,0.0050000000000000001,4,0,0,27907.886894050629,-1.3788003918588626e-05,1,4,0.0050000000000000001,0.075000000000000011,1,1,1,0,0,0,0,0,0,0.0033746751332196815,0.94136849024236136,0.14574854261666526,-0.86891901376018632,0.14123558194232871,0.075000000000000011,285,0.94136849024236136,0.14574854261666526,0.94136849024236136,0.14574854261666526,0,0.074166666666666672,9.4426485768920525e-05,0.018885297153784106,0.0033746751332196815,3.9770927850020876e-05,3.9770927850020639e-05,0.00046393491907971787,6.7617838324849413e-05,62,37014,1,2,0,1,20.936133208333334
1149,167.05628246355738,197.06536052004782,0.17963453761780429,0.49999943542753372,-5.6457246627727997e-07,12.946639735508757,0.14944444444444444,0.030833333333333334,0.0050000000000000001,4,0,0,27899.983674072064,-9.2401227888891905e-06,1,4,0.0050000000000000001,0.075000000000000011,1,1,1,0,0,0,0,0,0,0.0073088503910096209,-0.91557537546977874,0.14481798544154373,-0.87389144436425981,0.14395578081390412,0.075000000000000011,285,-0.91557537546977874,0.14481798544154373,-0.91557537546977874,0.1448179854415437,0,0.88416666666666666,0.00014821610234929739,0.029643220469859479,0.0073088503910096209,8.6135627902680874e-05,8.613562790268086e-05,0.00046293035398813786,6.704064126430283e-05,10,37024,1,2,0,1,4.050942833333333
1150,167.04215793215528,197.05079642948942,0.17964709549263758,0.49999946013822683,-5.3986177317444373e-07,12.929267445683351,0.14944444444444444,0.030833333333333334,0.0050000000000000001,4,0,0,27909.226793279748,1.7612320953328713e-05,1,4,0.0050000000000000001,0.075000000000000011,1,1,1,0,0,0,0,0,0,0.0045021002806061115,-0.9552947966536407,0.14579260851675149,-0.87389144436425981,0.14494156333288313,0.075000000000000011,285,-0.9552947966536407,0.14579260851675149,-0.9552947966536407,0.14579260851675149,0,0.90638888888888891,0.0001002890304227316,0.020057806084546319,0.0045021002806061115,5.3057760633307327e-05,5.3057760633307489e-05,0.00047140905840167228,6.8727956302805452e-05,39,37063,1,2,0,1,13.03955975
1151,167.05243847568931,197.06097867935603,0.17963545146354612,0.49999957102217857,-4.2897782143169749e-07,12.920316478015401,0.14944444444444444,0.030833333333333334,0.0050000000000000001,4,0,0,27907.843821886101,3.0056723975863556e-06,1,4,0.0050000000000000001,0.075000000000000011,1,1,1,0,0,0,0,0,0,0.0028057764804443391,0.80965388286932427,0.15561233173308989,-0.86891901376018632,0.14528326402910449,0.075000000000000011,285,0.80965388286932427,0.15561233173308989,0.80965388286932427,0.15561233173308986,0,0.084166666666666667,0.00010345718895665274,0.02069143779133055,0.0028057764804443391,3.3066392930265275e-05,3.306639293026497e-05,0.00048083926634064983,7.4824519424096766e-05,56,37119,1,2,0,1,18.469849750000002
1152,167.05555732268178,197.06394217872247,0.17963116784003172,0.49999937402796502,-6.2597203498437892e-07,12.948059657742567,0.14944444444444444,0.030833333333333334,0.0050000000000000001,4,0,0,27900.90593715373,5.6294690978319897e-06,1,4,0.0050000000000000001,0.075000000000000011,1,1,1,0,0,0,0,0,0,0.0073360268999967367,-0.88813283702631574,0.20256311906439234,-0.88038773305995277,0.14577057556670836,0.075000000000000011,285,-0.88813283702631574,0.20256311906439234,-0.88813283702631574,0.20256311906439234,0,0.95083333333333331,0.00014151524271380876,0.02830304854276175,0.0073360268999967367,8.6455906132576983e-05,8.6455906132577363e-05,0.00054738336511995817,0.00011087968176266183,13,37132,1,2,0,1,5.249003375
1153,167.04247858001503,197.04973248823734,0.17963846180508231,0.49999950067769799,-4.9932230200555594e-07,12.934471336315291,0.14944444444444444,0.030833333333333334,0.0050000000000000001,4,0,0,27907.39804133719,-1.781684971585149e-05,1,4,0.0050000000000000001,0.075000000000000011,1,1,1,0,0,0,0,0,0,0.0037163220470567116,-0.92058637529260945,0.14578722694750848,-0.88038773305995277,0.14576788478208685,0.075000000000000011,285,-0.92058637529260945,0.14578722694750848,-0.92058637529260945,0.14578722694750851,0,0.95777777777777773,0.00011540951929060759,0.023081903858121519,0.0037163220470567116,4.3797275342447872e-05,4.3797275342447811e-05,0.00052345666132594729,7.6313295081910959e-05,36,37168,1,2,0,1,12.0094215
1154,167.05014361983052,197.05711705651299,0.17962854018833865,0.49999936286671665,-6.3713328335435193e-07,12.91869242114227,0.14944444444444444,0.030833333333333334,0.0050000000000000001,4,0,0,27908.163798688012,-1.9654320044037033e-05,1,4,0.0050000000000000001,0.075000000000000011,1,1,1,0,0,0,0,0,0,0.0043964913833711454,0.85137586276527533,0.15583290017708679,-0.86891901376018632,0.14578991773212999,0.075000000000000011,285,0.85137586276527533,0.15583290017708679,0.85137586276527533,0.15583290017708681,0,0.035000000000000003,0.00012740187356038638,0.025480374712077276,0.0043964913833711454,5.1813147843499365e-05,5.1813147843499006e-05,0.00054729015028121691,8.52858113566757e-05,57,37225,1,2,0,1,20.129507083333333
1155,167.05614758790887,197.06351251993556,0.17962442786630231,0.49999944020282816,-5.5979717183962663e-07,12.94739888267333,0.14944444444444444,0.030833333333333334,0.0050000000000000001,4,0,0,27900.163932803098,-1.1785597181924702e-07,1,4,0.0050000000000000001,0.075000000000000011,1,1,1,0,0,0,0,0,0,0.0074236564854224573,-0.94644212352850954,0.15436696843957198,-0.88038773305995277,0.14578991773212999,0.075000000000000011,285,-0.94644212352850954,0.15436696843957198,-0.94644212352850954,0.15436696843957201,0,0.98055555555555551,0.00015626567685981196,0.031253135371962393,0.0074236564854224573,8.7488630700695202e-05,8.7488630700695175e-05,0.00060448022415462033,9.3311779684421669e-05,11,37236,1,2,0,1,4.5095927500000004
1156,167.04213004060952,197.04888363752528,0.17963584150669554,0.49999927747709028,-7.2252290972407707e-07,12.931093609666783,0.14944444444444444,0.030833333333333334,0.0050000000000000001,4,0,0,27908.73461773774,-1.7669317639045034e-05,1,4,0.0050000000000000001,0.075000000000000011,1,1,1,0,0,0,0,0,0,0.0042761356273874947,-0.94178379635428322,0.13912047095061733,-0.88038773305995277,0.14576788478208685,0.075000000000000011,285,-0.94178379635428322,0.13912047095061733,-0.94178379635428322,0.13912047095061733,0,0.90472222222222221,0.00010437062400965553,0.020874124801931106,0.0042761356273874947,5.039474165665149e-05,5.0394741656651158e-05,0.00058458196801370948,8.1327318699305975e-05,37,37273,1,2,0,1,12.407603541666667
1157,167.05187751471013,197.05851682556752,0.17962467562338588,0.49999948991562992,-5.1008437007560303e-07,12.916726257838237,0.14944444444444444,0.030833333333333334,0.0050000000000000001,4,0,0,27907.996770189966,-8.4364323234066629e-06,1,4,0.0050000000000000001,0.075000000000000011,1,1,1,0,0,0,0,0,0,0.0040678873439638505,0.83014210548442624,0.12965535876012313,-0.86891901376018632,0.14576788478208685,0.075000000000000011,285,0.83014210548442624,0.12965535876012313,0.83014210548442624,0.12965535876012313,0,0.1413888888888889,9.2401126547095284e-05,0.018480225309419056,0.0040678873439638505,4.794051210032954e-05,4.7940512100329385e-05,0.00057992092309247381,7.5189855336056473e-05,64,37337,1,2,0,1,21.681202875
1158,167.05699600064787,197.06378629532628,0.17962007586058856,0.49999942149176746,-5.7850823254046446e-07,12.94595437410559,0.14944444444444444,0.030833333333333334,0.0050000000000000001,4,0,0,27900.632087847265,1.7377489911688711e-06,1,4,0.0050000000000000001,0.075000000000000011,1,1,1,0,0,0,0,0,0,0.0075192386584247914,-0.93327956336705253,0.16410890928442906,-0.88038773305995277,0.14578991773212999,0.075000000000000011,285,-0.93327956336705253,0.16410890928442906,-0.93327956336705253,0.16410890928442903,0,0.9030555555555555,0.00014594292178318169,0.029188584356636339,0.0075192386584247914,8.8615077412203469e-05,8.8615077412203483e-05,0.00062876507265465669,0.00010318595026950049,10,37347,1,2,0,1,4.0791442499999997
1159,167.04250873497796,197.04871006057488,0.17963212809024195,0.49999953188380403,-4.6811619597297849e-07,12.929806565542137,0.14944444444444444,0.030833333333333334,0.0050000000000000001,4,0,0,27908.973094383065,-2.3639710942278296e-05,1,4,0.0050000000000000001,0.075000000000000011,1,1,1,0,0,0,0,0,0,0.0043202101990844509,-0.93073213784529574,0.13761036343430313,-0.88038773305995277,0.14576788478208685,0.075000000000000011,285,-0.93073213784529574,0.13761036343430313,-0.93073213784529574,0.13761036343430313,0,0.97750000000000004,0.00010370585558130808,0.020741171116261618,0.0043202101990844509,5.0914165465398328e-05,5.0914165465398491e-05,0.00059354361021737433,8.1677751916121242e-05,39,37386,1,2,0,1,12.732948875
1160,167.052083001764,197.05851614367239,0.17962322051136312,0.4999993804550707,-6.195449293033839e-07,12.923356050947065,0.14944444444444444,0.030833333333333334,0.0050000000000000001,4,0,0,27906.712792673028,8.4478846179197444e-06,1,4,0.0050000000000000001,0.075000000000000011,1,1,1,0,0,0,0,0,0,0.002194010358162132,0.6663171843734581,0.11849978895503357,-0.86891901376018632,0.14576788478208685,0.075000000000000011,285,0.6663171843734581,0.11849978895503357,0.6663171843734581,0.1184997889550336,0,0.20194444444444445,0.00010013837835839432,0.020027675671678864,0.002194010358162132,2.585666003749949e-05,2.5856660037499771e-05,0.00056634250962156669,6.7111467866419721e-05,56,37442,1,2,0,1,18.953253291666666
1161,167.05368292823621,197.05926848025931,0.17961642644486353,0.49999952616553628,-4.7383446372117888e-07,12.948294692020617,0.14944444444444444,0.030833333333333334,0.0050000000000000001,4,0,0,27901.634401281579,-2.0724649488357365e-06,1,4,0.0050000000000000001,0.075000000000000011,1,1,1,0,0,0,0,0,0,0.0067548937836853454,-0.81571087528127595,0.17219430468528446,-0.86891901376018632,0.14578991773212999,0.075000000000000011,285,-0.81571087528127595,0.17219430468528446,-0.81571087528127595,0.17219430468528452,0,0.78666666666666663,0.00012427904838211036,0.024855809676422071,0.0067548937836853454,7.9607186677312726e-05,7.9607186677312767e-05,0.00061288330336861457,0.00010553501427677884,14,37456,1,2,0,1,5.657673916666667
1162,167.04283565989076,197.04739078523582,0.17962192156768783,0.49999930234172402,-6.9765827598322616e-07,12.938058861664114,0.14944444444444444,0.030833333333333334,0.0050000000000000001,4,0,0,27906.634024258226,-2.7967371268225299e-05,1,4,0.0050000000000000001,0.075000000000000011,1,1,1,0,0,0,0,0,0,0.0032938752801690385,-0.81094656859067071,0.12757768680052023,-0.86891901376018632,0.14578991773212999,0.075000000000000011,285,-0.81094656859067071,0.12757768680052023,-0.81094656859067071,0.12757768680052026,0,0.90472222222222221,0.00012789879500696262,0.025579759001392522,0.0032938752801690385,3.8818692449837771e-05,3.8818692449838313e-05,0.00056524608968587541,7.2112788595163376e-05,33,37489,1,2,0,1,10.86918925
1163,167.04897519695189,197.05398285420947,0.17961802891566062,0.49999961413482108,-3.8586517892014172e-07,12.926107259659045,0.14944444444444444,0.030833333333333334,0.0050000000000000001,4,0,0,27907.395591959867,1.6267017829211156e-05,1,4,0.0050000000000000001,0.075000000000000011,1,1,1,0,0,0,0,0,0,0.0035310750596766025,0.77110287688914825,0.12339035963669978,-0.86891901376018632,0.14578991773212999,0.075000000000000011,285,0.77110287688914825,0.12339035963669978,0.77110287688914825,0.12339035963669981,0,0.080833333333333326,0.00010541930375676208,0.021083860751352417,0.0035310750596766025,4.1614118659600305e-05,4.1614118659600414e-05,0.00056306293300302794,6.9476537801338616e-05,35,37524,1,2,0,1,11.301073916666667
1164,167.05310693356589,197.05884733035361,0.1796179726769194,0.49999953517984236,-4.6482015764182094e-07,12.922408512845889,0.14944444444444444,0.030833333333333334,0.0050000000000000001,4,0,0,27906.715029331615,3.7908159573437022e-06,1,4,0.0050000000000000001,0.075000000000000011,1,1,1,0,0,0,0,0,0,0.001571808110194468,0.64999248577402291,0.11812640800113436,-0.84045313685402934,0.14578991773212999,0.075000000000000011,285,0.64999248577402291,0.11812640800113436,0.64999248577402291,0.11812640800113437,0,0.24138888888888888,0.00010673855067210443,0.021347710134420883,0.001571808110194468,1.8523936224042006e-05,1.8523936224041755e-05,0.0005297737213835707,6.258026676043495e-05,53,37577,1,2,0,1,18.526675291666667
1165,167.05493899793461,197.06040301209438,0.17961434839427731,0.49999938114621034,-6.1885378965786941e-07,12.91793141521212,0.14944444444444444,0.030833333333333334,0.0050000000000000001,4,0,0,27908.382676958809,-1.0089008440186985e-05,1,4,0.0050000000000000001,0.075000000000000011,1,1,1,0,0,0,0,0,0,0.001707604131402318,0.56949712460045876,0.2417963781044592,-0.84045313685402934,0.14578991773212999,0.075000000000000011,285,0.56949712460045876,0.2417963781044592,0.56949712460045876,0.24179637810445923,0,0.26555555555555554,8.5945102156705707e-05,0.017189020431341143,0.001707604131402318,2.0124307681612389e-05,2.0124307681612284e-05,0.00046240939836448782,0.0001118089177259952,60,37637,1,2,0,1,20.577107166666668
1166,167.05616907529085,197.06136392367202,0.17961141461862487,0.49999950945214766,-4.9054785233870746e-07,12.946970003612501,0.14944444444444444,0.030833333333333334,0.0050000000000000001,4,0,0,27899.324600771088,4.3315942734750583e-05,1,4,0.0050000000000000001,0.075000000000000011,1,1,1,0,0,0,0,0,0,0.0073872530140551441,-0.71663389955263768,0.15275472016358368,-0.81332872193597328,0.14578991773212999,0.075000000000000011,285,-0.71663389955263768,0.15275472016358368,-0.71663389955263768,0.15275472016358368,0,0.83583333333333332,0.00013948526623859046,0.027897053247718091,0.0073872530140551441,8.7059611676319236e-05,8.7059611676319195e-05,0.0004990742683841559,7.6235950207866998e-05,8,37645,1,2,0,1,3.3445797499999999
1167,167.04093864503324,197.04584928641421,0.17962608977636474,0.49999935947582275,-6.4052417725335431e-07,12.931053691792016,0.14944444444444444,0.030833333333333334,0.0050000000000000001,4,0,0,27909.20426637492,-1.0941821810445971e-05,1,4,0.0050000000000000001,0.075000000000000011,1,1,1,0,0,0,0,0,0,0.0042694301443909908,-0.91609559039167821,0.15236412268113372,-0.81332872193597328,0.14578991773212999,0.075000000000000011,285,-0.91609559039167821,0.15236412268113372,-0.91609559039167821,0.15236412268113375,0,0.8455555555555555,0.00010383055940782026,0.020766111881564051,0.0042694301443909908,5.0315716781685501e-05,5.0315716781685535e-05,0.00050144947306551206,7.6402909032543539e-05,39,37684,1,2,0,1,12.908309708333332
1168,167.05167939227039,197.05676884345641,0.17961561093156173,0.49999923117736533,-7.6882263466693246e-07,12.917225755277828,0.14944444444444444,0.030833333333333334,0.0050000000000000001,4,0,0,27908.126030582862,-9.6600435014111379e-06,1,4,0.0050000000000000001,0.075000000000000011,1,1,1,0,0,0,0,0,0,0.0037873256457926444,0.78212996929997347,0.23683236069918945,-0.81332872193597328,0.14907836559894261,0.075000000000000011,285,0.78212996929997347,0.23683236069918945,0.78212996929997347,0.23683236069918948,0,0.16972222222222222,9.9297760019285308e-05,0.01985955200385706,0.0037873256457926444,4.4634060778361653e-05,4.4634060778361761e-05,0.00045746845643167028,0.00010834333448212677,72,37756,1,2,0,1,25.445089249999999
1169,167.0570762047856,197.06144272954504,0.17960548099129195,0.49999943405340397,-5.6594659603170783e-07,12.946341839033057,0.14944444444444444,0.030833333333333334,0.0050000000000000001,4,0,0,27900.099269638824,4.3192934063041251e-05,1,4,0.0050000000000000001,0.075000000000000011,1,1,1,0,0,0,0,0,0,0.0074912386318407437,-0.92974303336179165,0.15373670423039423,-0.81332872193597328,0.1525594214223587,0.075000000000000011,285,-0.92974303336179165,0.15373670423039423,-0.92974303336179165,0.15373670423039423,0,0.88222222222222224,0.00014875807736057151,0.029751615472114301,0.0074912386318407437,8.828509393435373e-05,8.8285093934353974e-05,0.00049483938490062576,7.6074976158017717e-05,10,37766,1,2,0,1,4.051193333333333
1170,167.04255963937135,197.04640279224515,0.17961795615230741,0.49999940543352778,-5.945664722228905e-07,12.930039301051014,0.14944444444444444,0.030833333333333334,0.0050000000000000001,4,0,0,27909.100194961851,-2.0820650273228548e-05,1,4,0.0050000000000000001,0.075000000000000011,1,1,1,0,0,0,0,0,0,0.0042706366374513352,-0.94955047572639539,0.12273322495938388,-0.81332872193597328,0.1525594214223587,0.075000000000000011,285,-0.94955047572639539,0.12273322495938388,-0.94955047572639539,0.12273322495938388,0,0.93944444444444442,0.00010357780396249075,0.020715560792498151,0.0042706366374513352,5.0329935438759234e-05,5.0329935438759228e-05,0.00051931266030188529,6.3736917561087387e-05,39,37805,1,2,0,1,13.044196625
1171,167.05206921107253,197.05575088620168,0.17960676462629799,0.49999950174454422,-4.9825545578308095e-07,12.915937242681025,0.14944444444444444,0.030833333333333334,0.0050000000000000001,4,0,0,27908.058096568242,-3.2567069453588889e-06,1,4,0.0050000000000000001,0.075000000000000011,1,1,1,0,0,0,0,0,0,0.0039207146249101302,0.84332639753881655,0.24403736481924448,-0.81332872193597328,0.1525594214223587,0.075000000000000011,285,0.84332639753881655,0.24403736481924448,0.84332639753881655,0.24403736481924443,0,0.12583333333333332,8.5185676226094602e-05,0.01703713524521892,0.0039207146249101302,4.6206064972853735e-05,4.6206064972854263e-05,0.0004859115385974267,0.00011858057141458062,70,37875,1,2,0,1,23.694899916666667
1172,167.05757874208621,197.06081437614344,0.17959817124117475,0.49999942268196795,-5.7731803204674748e-07,12.94631383045639,0.14944444444444444,0.030833333333333334,0.0050000000000000001,4,0,0,27900.695729520503,4.2014879204974464e-05,1,4,0.0050000000000000001,0.075000000000000011,1,1,1,0,0,0,0,0,0,0.0078851804985142823,-0.93690772916573462,0.11384202371760402,-0.81332872193597328,0.1490756748143211,0.075000000000000011,285,-0.93690772916573462,0.11384202371760402,-0.93690772916573462,0.11384202371760403,0,0.88249999999999995,0.00014602622553901273,0.029205245107802546,0.0078851804985142823,9.292774335632284e-05,9.2927743356322514e-05,0.00054002058950391096,6.1477036758298737e-05,11,37886,1,2,0,1,4.4848244583333337
1173,167.04263747922508,197.04517065446228,0.17961003027726133,0.49999935046498029,-6.4953501971443117e-07,12.929430018421748,0.14944444444444444,0.030833333333333334,0.0050000000000000001,4,0,0,27909.031504552935,2.0757572970223092e-07,1,4,0.0050000000000000001,0.075000000000000011,1,1,1,0,0,0,0,0,0,0.0043894708115213314,-0.95251760829359577,0.098965049163172752,-0.81332872193597328,0.14574229681587553,0.075000000000000011,285,-0.95251760829359577,0.098965049163172752,-0.95251760829359577,0.098965049163172739,0,0.93277777777777782,0.0001120753854715842,0.022415077094316841,0.0043894708115213314,5.1730409610785849e-05,5.1730409610785904e-05,0.00055013688045509642,5.4444323420713106e-05,37,37923,1,2,0,1,12.250665083333333
1174,167.05273049397869,197.05528115909115,0.17959928327058317,0.49999925619072144,-7.4380927855832724e-07,12.910746355722305,0.14944444444444444,0.030833333333333334,0.0050000000000000001,4,0,0,27908.593672237163,6.0786405284262729e-06,1,4,0.0050000000000000001,0.075000000000000011,1,1,1,0,0,0,0,0,0,0.005141725614607958,0.88265590265795912,0.11239609878132581,-0.81332872193597328,0.13836541719246023,0.075000000000000011,285,0.88265590265795912,0.11239609878132581,0.88265590265795912,0.11239609878132581,0,0.13444444444444445,0.00010158789065662316,0.020317578131324631,0.005141725614607958,6.0595817484830932e-05,6.0595817484831074e-05,0.00059220876171588578,6.656195448098534e-05,85,38008,1,2,0,1,29.597318666666666
1175,167.05961161257747,197.06156242452187,0.17958829499448944,0.49999954411931125,-4.5588068875446197e-07,12.943639791808428,0.14944444444444444,0.030833333333333334,0.0050000000000000001,4,0,0,27900.183789816481,1.8002505018929153e-05,1,4,0.0050000000000000001,0.075000000000000011,1,1,1,0,0,0,0,0,0,0.008417532105450258,-0.93595206209619974,0.14419382282822923,-0.81332872193597328,0.13836541719246023,0.075000000000000011,285,-0.93595206209619974,0.14419382282822923,-0.93595206209619974,0.14419382282822926,0,0.87194444444444441,0.00017672863954393752,0.035345727908787504,0.008417532105450258,9.9201567210322562e-05,9.9201567210322345e-05,0.00067128602124459581,9.6795297614410178e-05,8,38016,1,2,0,1,3.2125527916666665
1176,167.04227597079446,197.04398236493356,0.17960546945244307,0.4999992952138545,-7.0478614550006924e-07,12.93117546750913,0.14944444444444444,0.030833333333333334,0.0050000000000000001,4,0,0,27909.624291589331,-4.0829126327616057e-05,1,4,0.0050000000000000001,0.075000000000000011,1,1,1,0,0,0,0,0,0,0.0035744073495062893,-0.8745601365412613,0.11551696365482748,-0.81332872193597328,0.13363286109721312,0.075000000000000011,285,-0.8745601365412613,0.11551696365482748,-0.8745601365412613,0.11551696365482747,0,0.8158333333333333,9.9933340496399055e-05,0.019986668099279809,0.0035744073495062893,4.2124794592648845e-05,4.2124794592649245e-05,0.00062635120416092572,7.2354189286215085e-05,34,38050,1,2,0,1,11.297294791666667
1177,167.05209218762909,197.05392999998401,0.17959570227146598,0.49999949884216965,-5.0115783034598849e-07,12.914100832022807,0.14944444444444444,0.030833333333333334,0.0050000000000000001,4,0,0,27908.584685623759,2.9799838872630425e-05,1,4,0.0050000000000000001,0.075000000000000011,1,1,1,0,0,0,0,0,0,0.0047198710631207235,0.71667377554963985,0.12232630882726454,-0.81332872193597328,0.1325940251174117,0.075000000000000011,285,0.71667377554963985,0.12232630882726454,0.71667377554963985,0.12232630882726454,0,0.19194444444444445,0.0001006473145919483,0.02012946291838966,0.0047198710631207235,5.5624213917647046e-05,5.5624213917646998e-05,0.00063165970129688723,7.7268599694580703e-05,74,38124,1,2,0,1,24.786428000000001
1178,167.05843109019546,197.0602270958924,0.17958863740016132,0.49999932736526298,-6.7263473702006138e-07,12.945593224778298,0.14944444444444444,0.030833333333333334,0.0050000000000000001,4,0,0,27899.93302534788,2.3252352052068389e-05,1,4,0.0050000000000000001,0.075000000000000011,1,1,1,0,0,0,0,0,0,0.0080721533815926016,-0.93869063008135922,0.14994873888352422,-0.81332872193597328,0.1325940251174117,0.075000000000000011,285,-0.93869063008135922,0.14994873888352422,-0.93869063008135922,0.14994873888352422,0,0.91388888888888886,0.0001587947114059247,0.031758942281184942,0.0080721533815926016,9.513123991503415e-05,9.5131239915034299e-05,0.00068215688043355978,0.00010228856394173131,9,38133,1,2,0,1,3.8031965833333334
1179,167.04196983763467,197.04339914581769,0.17960413982991524,0.49999949986115283,-5.0013884717037271e-07,12.931934653258322,0.14944444444444444,0.030833333333333334,0.0050000000000000001,4,0,0,27909.021510630344,-3.296117844103493e-05,1,4,0.0050000000000000001,0.075000000000000011,1,1,1,0,0,0,0,0,0,0.0037448114221926431,-0.91624421698011249,0.11055037988894062,-0.81332872193597328,0.12548402321861002,0.075000000000000011,285,-0.91624421698011249,0.11055037988894062,-0.91624421698011249,0.11055037988894062,0,0.89805555555555561,9.9300781685596963e-05,0.019860156337119392,0.0037448114221926431,4.4133025848287614e-05,4.4133025848287519e-05,0.00063800481234749338,7.0531674375987662e-05,35,38168,1,2,0,1,11.778396125
1180,167.05159776224792,197.05296588380176,0.17959342217278609,0.4999994876172752,-5.1238272480436109e-07,12.918051358527594,0.14944444444444444,0.030833333333333334,0.0050000000000000001,4,0,0,27908.087227056185,3.0810559862424634e-05,1,4,0.0050000000000000001,0.075000000000000011,1,1,1,0,0,0,0,0,0,0.0037777544218991544,0.79585848764698863,0.10530846284734885,-0.81332872193597328,0.12548402321861002,0.075000000000000011,285,0.79585848764698863,0.10530846284734885,0.79585848764698863,0.10530846284734886,0,0.15416666666666667,9.4271199017461303e-05,0.018854239803492261,0.0037777544218991544,4.4521262823039295e-05,4.4521262823039214e-05,0.00063219613973177337,6.6575603693180818e-05,68,38236,1,2,0,1,23.073028791666665
1181,167.05729399449353,197.05823087450563,0.17958471709113741,0.49999943536786218,-5.6463213782276256e-07,12.946872960751143,0.14944444444444444,0.030833333333333334,0.0050000000000000001,4,0,0,27900.229775743835,1.8625062168550187e-05,1,4,0.0050000000000000001,0.075000000000000011,1,1,1,0,0,0,0,0,0,0.0074241761899691647,-0.94762639627488987,0.16111887315085149,-0.84275335256596606,0.12548402321861002,0.075000000000000011,285,-0.94762639627488987,0.16111887315085149,-0.94762639627488987,0.16111887315085149,0,0.87916666666666665,0.00014744861421555193,0.029489722843110387,0.0074241761899691647,8.7494755477515032e-05,8.7494755477515059e-05,0.0006734848302364342,0.0001085111169318868,11,38247,1,2,0,1,4.7605235416666662
1182,167.04323294879984,197.04370823775577,0.17959707052695348,0.49999948806169886,-5.1193830113982486e-07,12.930322152444868,0.14944444444444444,0.030833333333333334,0.0050000000000000001,4,0,0,27909.417863067014,-3.2446322146430084e-05,1,4,0.0050000000000000001,0.075000000000000011,1,1,1,0,0,0,0,0,0,0.0043005265123228333,-0.96186945093626852,0.11598016477418277,-0.89532786346646975,0.12306179229804183,0.075000000000000011,285,-0.96186945093626852,0.11598016477418277,-0.96186945093626852,0.11598016477418277,0,0.97833333333333339,9.9562211520682486e-05,0.019912442304136496,0.0043005265123228333,5.0682190992266802e-05,5.0682190992266748e-05,0.00063123927787237845,7.3211235459574595e-05,39,38286,1,2,0,1,13.258561916666666
1183,167.05248920883437,197.05287119986303,0.17958656068587409,0.49999948645502035,-5.1354497965228063e-07,12.916182458297095,0.14944444444444444,0.030833333333333334,0.0050000000000000001,4,0,0,27908.607705800925,2.0088573150128142e-05,1,4,0.0050000000000000001,0.075000000000000011,1,1,1,0,0,0,0,0,0,0.0038912270321426377,0.88170534411780377,0.10991426679435752,-0.89532786346646975,0.1225297668933242,0.075000000000000011,285,0.88170534411780377,0.10991426679435752,0.88170534411780377,0.10991426679435753,0,0.06222222222222222,8.7214021773299738e-05,0.017442804354659946,0.0038912270321426377,4.5858550359407713e-05,4.5858550359407719e-05,0.00062536741862100032,6.8736801294807295e-05,69,38355,1,2,0,1,23.757880958333335
1184,167.05807424207612,197.0581758984703,0.17957887873723732,0.49999942586608781,-5.7413391219007792e-07,12.945667428059854,0.14944444444444444,0.030833333333333334,0.0050000000000000001,4,0,0,27900.572922671916,1.2707531340042068e-05,1,4,0.0050000000000000001,0.075000000000000011,1,1,1,0,0,0,0,0,0,0.0075586637243340504,-0.94382029874859408,0.17802805395643265,-0.91616990368589535,0.13346352389380656,0.075000000000000011,285,-0.94382029874859408,0.17802805395643265,-0.94382029874859408,0.17802805395643265,0,0.92749999999999999,0.00014345355035660923,0.028690710071321845,0.0075586637243340504,8.9079706269756199e-05,8.9079706269756727e-05,0.00065385130740592591,0.00011640387583434621,10,38365,1,2,0,1,4.0360898333333335
1185,167.04314524408423,197.04306045245593,0.17959381191329754,0.4999994583934102,-5.416065897989597e-07,12.929218024816262,0.14944444444444444,0.030833333333333334,0.0050000000000000001,4,0,0,27909.162426662348,-2.2766540508845572e-05,1,4,0.0050000000000000001,0.075000000000000011,1,1,1,0,0,0,0,0,0,0.004326798869838719,-0.95716773690960588,0.11436980026515357,-0.92299362517095207,0.1225297668933242,0.075000000000000011,285,-0.95716773690960588,0.11436980026515357,-0.95716773690960588,0.11436980026515353,0,0.95999999999999996,0.00010494539169230453,0.020989078338460906,0.004326798869838719,5.099181369488747e-05,5.0991813694887233e-05,0.00060564155389049063,6.9267103550732658e-05,39,38404,1,2,0,1,12.888927291666667
1186,167.05302573365182,197.05290079186554,0.17958294934475064,0.49999936858059923,-6.3141940076505421e-07,12.917652731443525,0.14944444444444444,0.030833333333333334,0.0050000000000000001,4,0,0,27908.302266357852,3.8789411964446163e-05,1,4,0.0050000000000000001,0.075000000000000011,1,1,1,0,0,0,0,0,0,0.0032121856623255128,0.87327403522023761,0.11311370408991583,-0.92299362517095207,0.11915323680072365,0.075000000000000011,285,0.87327403522023761,0.11311370408991583,0.87327403522023761,0.11311370408991582,0,0.094444444444444442,0.0001353300541603304,0.027066010832066081,0.0032121856623255128,3.7855971071009529e-05,3.7855971071009068e-05,0.00060137273036885044,6.8023497070686894e-05,66,38470,1,2,0,1,22.585353749999999
1187,167.05757978699759,197.05748369498792,0.17957822653866365,0.49999943769566724,-5.6230433276294178e-07,12.946359517625709,0.14944444444444444,0.030833333333333334,0.0050000000000000001,4,0,0,27900.434823769468,-2.8575543519964628e-06,1,4,0.0050000000000000001,0.075000000000000011,1,1,1,0,0,0,0,0,0,0.0073495448369857511,-0.9396727910870265,0.17158627988272915,-0.9328475477289957,0.11915323680072365,0.075000000000000011,285,-0.9396727910870265,0.17158627988272915,-0.9396727910870265,0.17158627988272912,0,0.8997222222222222,0.0001401645310670075,0.028032906213401501,0.0073495448369857511,8.6615216547786725e-05,8.661521654778705e-05,0.00063236373299899054,0.0001085049404780522,10,38480,1,2,0,1,4.0371333333333332
1188,167.04311891883268,197.04279307324111,0.17959239715217168,0.49999929251045161,-7.0748954839050526e-07,12.931874014804478,0.14944444444444444,0.030833333333333334,0.0050000000000000001,4,0,0,27909.240742631577,-2.9841809639597195e-05,1,4,0.0050000000000000001,0.075000000000000011,1,1,1,0,0,0,0,0,0,0.0038513081616025867,-0.93496499109800446,0.11569148445152946,-0.93545852659710205,0.11583582461285612,0.075000000000000011,285,-0.93496499109800446,0.11569148445152946,-0.93496499109800446,0.11569148445152948,0,0.90388888888888885,0.00012871785733623714,0.025743571467247428,0.0038513081616025867,4.538810195847141e-05,4.5388101958471247e-05,0.00058262059504242761,6.7404241512491857e-05,34,38514,1,2,0,1,11.393950791666667
1189,167.05212643212133,197.05169822946479,0.17958210073748004,0.49999948303858399,-5.1696141600832135e-07,12.916253894749538,0.14944444444444444,0.030833333333333334,0.0050000000000000001,4,0,0,27907.990533412009,3.2871801449349144e-05,1,4,0.0050000000000000001,0.075000000000000011,1,1,1,0,0,0,0,0,0,0.0043505556121764934,0.8300820483086353,0.12336256954570092,-0.93545852659710205,0.11583582461285612,0.075000000000000011,285,0.8300820483086353,0.12336256954570092,0.8300820483086353,0.12336256954570096,0,0.14694444444444443,0.00012591516515317268,0.025183033030634534,0.0043505556121764934,5.1271789588319835e-05,5.1271789588320018e-05,0.00058975935878246015,7.2754229913029223e-05,70,38584,1,2,0,1,24.936134875
1190,167.057903246736,197.05727908481128,0.17957471783760948,0.49999943054815049,-5.6945184950807359e-07,12.945731609485007,0.14944444444444444,0.030833333333333334,0.0050000000000000001,4,0,0,27901.014247512674,-2.7958352074634252e-06,1,4,0.0050000000000000001,0.075000000000000011,1,1,1,0,0,0,0,0,0,0.0076054717756578625,-0.94619472469712107,0.15290585505566867,-0.93545852659710205,0.11583582461285612,0.075000000000000011,285,-0.94619472469712107,0.15290585505566867,-0.94619472469712107,0.1529058550556687,0,0.89333333333333331,0.00014431864040986299,0.028863728081972597,0.0076054717756578625,8.9631344444842789e-05,8.96313444448431e-05,0.00063486944040426398,9.7075254633727869e-05,10,38594,1,2,0,1,4.0525457500000002
1191,167.04323604432579,197.04221561104575,0.17958811309641753,0.49999935477122376,-6.452287762415132e-07,12.930042497401267,0.14944444444444444,0.030833333333333334,0.0050000000000000001,4,0,0,27909.082280853319,-2.4511505987317634e-05,1,4,0.0050000000000000001,0.075000000000000011,1,1,1,0,0,0,0,0,0,0.0042528782086714212,-0.92960172739392621,0.12636796741962911,-0.93545852659710205,0.11583582461285612,0.075000000000000011,285,-0.92960172739392621,0.12636796741962911,-0.92960172739392621,0.12636796741962905,0,0.95583333333333331,0.00012032900841153933,0.024065801682307868,0.0042528782086714212,5.0120650348534311e-05,5.0120650348533871e-05,0.00059749533527528266,7.5504271061447282e-05,39,38633,1,2,0,1,12.817960749999999
1192,167.05269277792553,197.05176510696111,0.17957850202938894,0.49999937784742821,-6.2215257179421002e-07,12.91243705577374,0.14944444444444444,0.030833333333333334,0.0050000000000000001,4,0,0,27909.017340900635,3.5264146516968805e-05,1,4,0.0050000000000000001,0.075000000000000011,1,1,1,0,0,0,0,0,0,0.0048347900785792363,0.83967049061342935,0.13119092052033188,-0.93228335924596539,0.11915323680072365,0.075000000000000011,285,0.83967049061342935,0.13119092052033188,0.83967049061342935,0.13119092052033185,0,0.074166666666666672,9.6102931963411333e-05,0.019220586392682266,0.0048347900785792363,5.697854750294698e-05,5.6978547502946763e-05,0.00060379169178596272,7.9211987847928957e-05,80,38713,1,2,0,1,27.088672208333332
1193,167.05940278227118,197.05845749946738,0.17957118376805181,0.49999931710934403,-6.828906559674941e-07,12.94479224787578,0.14944444444444444,0.030833333333333334,0.0050000000000000001,4,0,0,27900.183197543141,2.5727010055880155e-06,1,4,0.0050000000000000001,0.075000000000000011,1,1,1,0,0,0,0,0,0,0.008296665955048672,-0.9439260340158383,0.15140571947532366,-0.93228335924596539,0.12284443918648273,0.075000000000000011,285,-0.9439260340158383,0.15140571947532366,-0.9439260340158383,0.15140571947532364,0,0.92388888888888887,0.00017083038195502326,0.034166076391004649,0.008296665955048672,9.7777145967574652e-05,9.7777145967574896e-05,0.00065571028739412997,9.9278287830279502e-05,9,38722,1,2,0,1,3.7428996250000002
1194,167.04258542965744,197.04123679512315,0.17958684779875081,0.49999943573955608,-5.6426044392487995e-07,12.929658633716686,0.14944444444444444,0.030833333333333334,0.0050000000000000001,4,0,0,27909.158482444956,-2.6097273000793749e-05,1,4,0.0050000000000000001,0.075000000000000011,1,1,1,0,0,0,0,0,0,0.0042691236746603281,-0.90336118554129607,0.12497622546378487,-0.93228335924596539,0.1241693975047429,0.075000000000000011,285,-0.90336118554129607,0.12497622546378487,-0.90336118554129607,0.12497622546378485,0,0.96638888888888885,9.9735203175774293e-05,0.019947040635154858,0.0042691236746603281,5.0312105001272504e-05,5.0312105001272402e-05,0.00061694268612564566,7.7103168239471749e-05,39,38761,1,2,0,1,12.8101085
1195,167.05260178984221,197.05182879736657,0.1795795257667665,0.4999993350550368,-6.6494496320235186e-07,12.912786883589344,0.14944444444444444,0.030833333333333334,0.0050000000000000001,4,0,0,27908.880917513747,3.3411224924276675e-05,1,4,0.0050000000000000001,0.075000000000000011,1,1,1,0,0,0,0,0,0,0.0046107933665167789,0.76469460743665563,0.1260230203819297,-0.92292297218701935,0.1241693975047429,0.075000000000000011,285,0.76469460743665563,0.1260230203819297,0.76469460743665563,0.12602302038192964,0,0.09166666666666666,9.5415827501503715e-05,0.019083165500300741,0.0046107933665167789,5.4338720935232743e-05,5.4338720935233102e-05,0.00062028959336599143,7.8170768067461214e-05,79,38840,1,2,0,1,26.998479458333332
1196,167.05876450823462,197.05719486805725,0.17956813249593953,0.49999931518076085,-6.8481923914953668e-07,12.944616968137437,0.14944444444444444,0.030833333333333334,0.0050000000000000001,4,0,0,27900.116140944665,2.2718415206829733e-07,1,4,0.0050000000000000001,0.075000000000000011,1,1,1,0,0,0,0,0,0,0.0081774269630793123,-0.93381608777020841,0.14271164404263378,-0.93170890758206726,0.12549962292285727,0.075000000000000011,285,-0.93381608777020841,0.14271164404263378,-0.93381608777020841,0.14271164404263376,0,0.90777777777777779,0.00015707319482829966,0.031414638965659929,0.0081774269630793123,9.6371900970851612e-05,9.6371900970851923e-05,0.0006788055232658343,9.6873452210487513e-05,9,38849,1,2,0,1,3.6340532083333335
1197,167.04249214921489,197.04043534932623,0.17958270865184964,0.49999964502935412,-3.5497064587719507e-07,12.930449759581014,0.14944444444444444,0.030833333333333334,0.0050000000000000001,4,0,0,27909.163301774395,-2.4369865477391533e-05,1,4,0.0050000000000000001,0.075000000000000011,1,1,1,0,0,0,0,0,0,0.0040802760018531807,-0.90727213314522015,0.12286388404966418,-0.93170890758206726,0.12549962292285727,0.075000000000000011,285,-0.90727213314522015,0.12286388404966418,-0.90727213314522015,0.12286388404966414,0,0.89833333333333332,9.6459525216735357e-05,0.019291905043347071,0.0040802760018531807,4.808651383371863e-05,4.8086513833719131e-05,0.00064027682055176635,7.8666897039959859e-05,35,38884,1,2,0,1,11.230830083333334
1198,167.05181098995101,197.04998618672866,0.17957407955656457,0.49999953377416811,-4.6622583188549171e-07,12.91884341655217,0.14944444444444444,0.030833333333333334,0.0050000000000000001,4,0,0,27907.291093680953,3.6113607925033255e-05,1,4,0.0050000000000000001,0.075000000000000011,1,1,1,0,0,0,0,0,0,0.0033332315240289638,0.76419806759183884,0.11944317287926678,-0.92292297218701935,0.1241693975047429,0.075000000000000011,285,0.76419806759183884,0.11944317287926678,0.76419806759183884,0.11944317287926678,0,0.14444444444444443,0.00011157824784115399,0.022315649568230799,0.0033332315240289638,3.9282510231760848e-05,3.9282510231760326e-05,0.00063417122882505547,7.5747423719608152e-05,65,38949,1,2,0,1,21.958835749999999
1199,167.05611282646998,197.05353265911523,0.17956493375255986,0.4999992904126887,-7.0958731129833197e-07,12.94739745871685,0.14944444444444444,0.030833333333333334,0.0050000000000000001,4,0,0,27900.55418586357,-4.2274593347265423e-06,1,4,0.0050000000000000001,0.075000000000000011,1,1,1,0,0,0,0,0,0,0.007342997754501689,-0.91391756952587078,0.16237506188412676,-0.92175964845989844,0.12549962292285727,0.075000000000000011,285,-0.91391756952587078,0.16237506188412676,-0.91391756952587078,0.1623750618841267,0,0.84527777777777779,0.00015001239252671487,0.030002478505342971,0.007342997754501689,8.6538058440762257e-05,8.6538058440762094e-05,0.00066943749767749746,0.00010869995511293862,9,38958,1,2,0,1,3.6213750833333331
1200,167.04174727759008,197.03898581202631,0.17957929094567482,0.49999946497049413,-5.350295058659249e-07,12.932054462880579,0.14944444444444444,0.030833333333333334,0.0050000000000000001,4,0,0,27909.05249388648,-2.7180687026472266e-05,1,4,0.0050000000000000001,0.075000000000000011,1,1,1,0,0,0,0,0,0,0.0040823394300714766,-0.93395741092184215,0.11824569155732748,-0.93170890758206726,0.12549962292285727,0.075000000000000011,285,-0.93395741092184215,0.11824569155732748,-0.93395741092184215,0.11824569155732748,0,0.87250000000000005,9.7620880924678395e-05,0.019524176184935679,0.0040823394300714766,4.8110831568479446e-05,4.8110831568480035e-05,0.00062791698480113448,7.4248478108402029e-05,35,38993,1,2,0,1,11.599114166666666
1201,167.05213771379081,197.04942117737957,0.17956839028892213,0.49999945885628599,-5.411437140057096e-07,12.92489176945012,0.14944444444444444,0.030833333333333334,0.0050000000000000001,4,0,0,27907.254040083688,2.6970054276574166e-05,1,4,0.0050000000000000001,0.075000000000000011,1,1,1,0,0,0,0,0,0,0.0021892399711345794,0.74483635916667867,0.10345798768345436,-0.92175964845989844,0.1241693975047429,0.075000000000000011,285,0.74483635916667867,0.10345798768345436,0.74483635916667867,0.10345798768345438,0,0.18166666666666667,8.4320388031107116e-05,0.016864077606221422,0.0021892399711345794,2.5800440487231709e-05,2.5800440487231096e-05,0.00060359677493983179,6.2446907707497889e-05,51,39044,1,2,0,1,17.363324916666667
1202,167.05451497941223,197.05138560648393,0.17956336367663281,0.49999956560355546,-4.3439644453746595e-07,12.944592835123386,0.14944444444444444,0.030833333333333334,0.0050000000000000001,4,0,0,27903.597637360836,-1.1304288879801464e-05,1,4,0.0050000000000000001,0.075000000000000011,1,1,1,0,0,0,0,0,0,0.0055644259760833006,-0.88122041522568673,0.19001598327677791,-0.91059485133554552,0.12549962292285727,0.075000000000000011,285,-0.88122041522568673,0.19001598327677791,-0.88122041522568673,0.19001598327677791,0,0.875,0.00011432276711933218,0.022864553423866434,0.0055644259760833006,6.5577389018317924e-05,6.5577389018317653e-05,0.0006121956164552027,0.00011632695201846853,22,39066,1,2,0,1,8.468803041666666
1203,167.04678917372888,197.04241092237851,0.17956419214651376,0.49999932752794218,-6.7247205781661989e-07,12.932221044428378,0.14944444444444444,0.030833333333333334,0.0050000000000000001,4,0,0,27907.172176102889,-2.9290113771567897e-05,1,4,0.0050000000000000001,0.075000000000000011,1,1,1,0,0,0,0,0,0,0.0037274950302683667,-0.91339720292131299,0.13922621458705298,-0.91365738622359194,0.12619549390077939,0.075000000000000011,285,-0.91339720292131299,0.13922621458705298,-0.91339720292131299,0.139226214587053,0,0.98250000000000004,0.00011169383345750988,0.022338766691501977,0.0037274950302683667,4.3928950212365291e-05,4.3928950212365264e-05,0.00055834742069999302,7.7736597808504768e-05,32,39098,1,2,0,1,10.167728
1204,167.05184510387477,197.04882814159751,0.17956690642399234,0.49999946534920281,-5.3465079719039466e-07,12.916217721848092,0.14944444444444444,0.030833333333333334,0.0050000000000000001,4,0,0,27908.543904119138,2.594358574814104e-05,1,4,0.0050000000000000001,0.075000000000000011,1,1,1,0,0,0,0,0,0,0.0043894216330817477,0.89408079271627083,0.13855394805139526,-0.91033466803326657,0.12619549390077939,0.075000000000000011,285,0.89408079271627083,0.13855394805139526,0.89408079271627083,0.13855394805139526,0,0.10000000000000001,8.6692550034424029e-05,0.017338510006884807,0.0043894216330817477,5.1729830037317225e-05,5.1729830037317232e-05,0.00055976514573603787,7.7557670923292688e-05,68,39166,1,2,0,1,23.278059500000001
1205,167.05819995895058,197.0547478141844,0.1795574707653054,0.49999951519548591,-4.8480451408927649e-07,12.946606970641231,0.14944444444444444,0.030833333333333334,0.0050000000000000001,4,0,0,27899.741465241783,-7.0251041468671274e-06,1,4,0.0050000000000000001,0.075000000000000011,1,1,1,0,0,0,0,0,0,0.0077198436442706443,-0.94338741112113911,0.19419292419586176,-0.91033466803326657,0.12877944396998048,0.075000000000000011,285,-0.94338741112113911,0.19419292419586176,-0.94338741112113911,0.19419292419586176,0,0.88500000000000001,0.00014183700159772471,0.02836740031954494,0.0077198436442706443,9.0979229842727368e-05,9.0979229842726934e-05,0.0005964056546435317,0.00011581775808217466,8,39174,1,2,0,1,3.235243375
1206,167.0420889219742,197.03818739141829,0.17957209864308718,0.49999945413647578,-5.4586352421504003e-07,12.929340525009426,0.14944444444444444,0.030833333333333334,0.0050000000000000001,4,0,0,27909.778311916929,-3.8766809156157701e-05,1,4,0.0050000000000000001,0.075000000000000011,1,1,1,0,0,0,0,0,0,0.0045018924647387479,-0.95533533878290278,0.14556180301856109,-0.91365738622359194,0.13487243428586357,0.075000000000000011,285,-0.95533533878290278,0.14556180301856109,-0.95533533878290278,0.14556180301856111,0,0.87583333333333335,0.00010219439276352218,0.020438878552704435,0.0045018924647387479,5.3055311499823148e-05,5.3055311499823487e-05,0.00055308906517250334,8.0508641556360021e-05,38,39212,1,2,0,1,12.5596345
1207,167.05318291220317,197.04919599052249,0.17955966211122174,0.49999942389597657,-5.7610402343089007e-07,12.911870813304132,0.14944444444444444,0.030833333333333334,0.0050000000000000001,4,0,0,27909.033035590834,2.519180632484598e-05,1,4,0.0050000000000000001,0.075000000000000011,1,1,1,0,0,0,0,0,0,0.0048309111886856854,0.84853448814549992,0.15318729575159232,-0.91033466803326657,0.13487243428586357,0.075000000000000011,285,0.84853448814549992,0.15318729575159232,0.84853448814549992,0.15318729575159235,0,0.15222222222222223,0.00010305357422692357,0.020610714845384712,0.0048309111886856854,5.6932834347160219e-05,5.693283434716032e-05,0.00056193538568594451,8.6081362120357874e-05,83,39295,1,2,0,1,27.7360945
1208,167.05948896899187,197.05503140942523,0.17955006701834736,0.49999953757760357,-4.6242239643001781e-07,12.944699264275231,0.14944444444444444,0.030833333333333334,0.0050000000000000001,4,0,0,27899.614276117296,-6.5534883951521385e-06,1,4,0.0050000000000000001,0.075000000000000011,1,1,1,0,0,0,0,0,0,0.0083880822616947594,-0.93262531503433843,0.15399644010319855,-0.91033466803326657,0.13889008131922412,0.075000000000000011,285,-0.93262531503433843,0.15399644010319855,-0.93262531503433843,0.15399644010319855,0,0.90083333333333337,0.00018123599760135883,0.036247199520271764,0.0083880822616947594,9.885449747324928e-05,9.8854497473248914e-05,0.00062150737292743295,9.5709922928715712e-05,8,39303,1,2,0,1,3.2329063333333332
1209,167.04221857724161,197.03742968466452,0.17956664706026332,0.49999948093489593,-5.1906510406540818e-07,12.928960269564904,0.14944444444444444,0.030833333333333334,0.0050000000000000001,4,0,0,27909.788012439894,-2.7076467134170534e-05,1,4,0.0050000000000000001,0.075000000000000011,1,1,1,0,0,0,0,0,0,0.0042450058907729429,-0.92709653135788406,0.14071209794539824,-0.91365738622359194,0.13996915626622561,0.075000000000000011,285,-0.92709653135788406,0.14071209794539824,-0.92709653135788406,0.14071209794539824,0,0.88222222222222224,0.00010141554449744774,0.02028310889948955,0.0042450058907729429,5.002787419237314e-05,5.0027874192373059e-05,0.00058499718867904393,8.231618171118824e-05,39,39342,1,2,0,1,12.837800291666667
1210,167.05300181207187,197.04858525110075,0.17955728489556111,0.49999950784750324,-4.9215249675604866e-07,12.916240509189814,0.14944444444444444,0.030833333333333334,0.0050000000000000001,4,0,0,27908.551378236069,3.2660878413808654e-05,1,4,0.0050000000000000001,0.075000000000000011,1,1,1,0,0,0,0,0,0,0.0036082208497819571,0.78832969893460692,0.14242449936646878,-0.91033466803326657,0.13996915626622561,0.075000000000000011,285,0.78832969893460692,0.14242449936646878,0.78832969893460692,0.14242449936646875,0,0.1225,9.5391161852082337e-05,0.019078232370416465,0.0036082208497819571,4.2523290514991816e-05,4.2523290514991945e-05,0.00057940964762555585,8.2522128991171877e-05,68,39410,1,2,0,1,22.877489291666667
1211,167.05802401824187,197.05334152656732,0.17955029508220524,0.49999931960762284,-6.8039237716144285e-07,12.9471174411945,0.14944444444444444,0.030833333333333334,0.0050000000000000001,4,0,0,27899.984747238115,2.0597601065072089e-06,1,4,0.0050000000000000001,0.075000000000000011,1,1,1,0,0,0,0,0,0,0.0079199360686227401,-0.91943015122930094,0.1374437235301231,-0.91033466803326657,0.13996915626622561,0.075000000000000011,285,-0.91943015122930094,0.1374437235301231,-0.91943015122930094,0.1374437235301231,0,0.91694444444444445,0.00015345734937160084,0.030691469874320167,0.0079199360686227401,9.3337341678117756e-05,9.3337341678118013e-05,0.00064694654881644283,8.8918742594294465e-05,9,39419,1,2,0,1,3.7544356250000002
1212,167.0420606356179,197.03685713931756,0.17956433481223444,0.49999934917044897,-6.508295510299078e-07,12.930606103729925,0.14944444444444444,0.030833333333333334,0.0050000000000000001,4,0,0,27909.214066046403,-1.7437965198010552e-05,1,4,0.0050000000000000001,0.075000000000000011,1,1,1,0,0,0,0,0,0,0.0045772031465425959,-0.91434490233441146,0.13148376573570184,-0.91365738622359194,0.13996915626622561,0.075000000000000011,285,-0.91434490233441146,0.13148376573570184,-0.91434490233441146,0.13148376573570186,0,0.93583333333333329,0.0001036447933031791,0.020728958660635819,0.0045772031465425959,5.3942856396477869e-05,5.3942856396478065e-05,0.00063531201619460324,8.3533216306407628e-05,39,39458,1,2,0,1,12.432828291666667
1213,167.05241860906412,197.04714343630144,0.17955277198009889,0.49999934614499253,-6.5385500747083825e-07,12.918480630598689,0.14944444444444444,0.030833333333333334,0.0050000000000000001,4,0,0,27908.169687294954,2.2109893721327573e-05,1,4,0.0050000000000000001,0.075000000000000011,1,1,1,0,0,0,0,0,0,0.0033066983886723801,0.80008651480725224,0.12212897561425165,-0.91033466803326657,0.13889008131922412,0.075000000000000011,285,0.80008651480725224,0.12212897561425165,0.80008651480725224,0.12212897561425165,0,0.065833333333333327,0.00012158525175293105,0.024317050350586209,0.0033066983886723801,3.8969814232814499e-05,3.8969814232814601e-05,0.00063035288021505258,7.698435153615745e-05,66,39524,1,2,0,1,22.577491666666667
1214,167.05718650032782,197.05144082758028,0.17954483105815747,0.49999940532645648,-5.9467354351916413e-07,12.948003027092883,0.14944444444444444,0.030833333333333334,0.0050000000000000001,4,0,0,27900.354974440914,6.3933617440746086e-07,1,4,0.0050000000000000001,0.075000000000000011,1,1,1,0,0,0,0,0,0,0.0076694320943646345,-0.92693670546497442,0.16955663810813792,-0.91365738622359194,0.13996915626622561,0.075000000000000011,285,-0.92693670546497442,0.16955663810813792,-0.92693670546497442,0.16955663810813792,0,0.90583333333333338,0.00014939814184211669,0.029879628368423335,0.0076694320943646345,9.0385124029582973e-05,9.0385124029582756e-05,0.00066900817420731807,0.00011343477688545633,11,39535,1,2,0,1,4.464446791666667
1215,167.0428245935685,197.03627982710245,0.17955548408925051,0.49999951046521895,-4.8953478104518666e-07,12.929333398030588,0.14944444444444444,0.030833333333333334,0.0050000000000000001,4,0,0,27909.427549913573,-2.6502879941115783e-05,1,4,0.0050000000000000001,0.075000000000000011,1,1,1,0,0,0,0,0,0,0.0047854084012777295,-0.96518003517668394,0.12827889003456872,-0.91413123593014112,0.13996915626622561,0.075000000000000011,285,-0.96518003517668394,0.12827889003456872,-0.96518003517668394,0.12827889003456869,0,0.94805555555555554,0.00010044926748861722,0.020089853497723444,0.0047854084012777295,5.6396578854842626e-05,5.6396578854842863e-05,0.00063442552321943402,8.1383401928189492e-05,39,39574,1,2,0,1,12.949117916666667
1216,167.05353534683923,197.04700621712468,0.17954406536810205,0.49999941072090526,-5.8927909474260076e-07,12.915857387297821,0.14944444444444444,0.030833333333333334,0.0050000000000000001,4,0,0,27908.686596885444,4.0958603603129721e-05,1,4,0.0050000000000000001,0.075000000000000011,1,1,1,0,0,0,0,0,0,0.0037856342758249908,0.89419619554546848,0.12137278194905654,-0.91365738622359194,0.13889008131922412,0.075000000000000011,285,0.89419619554546848,0.12137278194905654,0.89419619554546848,0.12137278194905651,0,0.096111111111111105,9.2403112994307788e-05,0.018480622598861556,0.0037856342758249908,4.4614127792134598e-05,4.4614127792134551e-05,0.000625984339511745,7.5977460743083207e-05,72,39646,1,2,0,1,24.089906708333334
1217,167.05847705570505,197.05165325679951,0.17953699045809773,0.49999932452645318,-6.7547354681840588e-07,12.946811138624378,0.14944444444444444,0.030833333333333334,0.0050000000000000001,4,0,0,27900.097266672459,2.4213752250842205e-06,1,4,0.0050000000000000001,0.075000000000000011,1,1,1,0,0,0,0,0,0,0.0079277844645853825,-0.93269044334478535,0.18331755724754975,-0.91413123593014112,0.13996915626622561,0.075000000000000011,285,-0.93269044334478535,0.18331755724754975,-0.93269044334478535,0.18331755724754975,0,0.90277777777777779,0.00015682552219258467,0.031365104438516936,0.0079277844645853825,9.3429835911561449e-05,9.3429835911561408e-05,0.0006624813410761462,0.00012144446116815996,9,39655,1,2,0,1,3.6711678750000001
1218,167.04235506713016,197.03520242014676,0.17955234970773265,0.49999945991038652,-5.4008961347662421e-07,12.93453570833362,0.14944444444444444,0.030833333333333334,0.0050000000000000001,4,0,0,27909.013264869613,-2.9132551288235394e-05,1,4,0.0050000000000000001,0.075000000000000011,1,1,1,0,0,0,0,0,0,0.0035333695256229824,-0.8748143902425437,0.11842967225179242,-0.91413123593014112,0.13996915626622561,0.075000000000000011,285,-0.8748143902425437,0.11842967225179242,-0.8748143902425437,0.11842967225179242,0,0.88166666666666671,9.3765073350971287e-05,0.018753014670194256,0.0035333695256229824,4.164115920009842e-05,4.164115920009825e-05,0.00060526800280299553,7.1681691196455737e-05,35,39690,1,2,0,1,11.786157958333334
1219,167.0516311641662,197.04484798977825,0.17954459119370644,0.49999928970785024,-7.102921497637027e-07,12.934790745553098,0.14944444444444444,0.030833333333333334,0.0050000000000000001,4,0,0,27905.515014518947,3.205833568135003e-05,1,4,0.0050000000000000001,0.075000000000000011,1,1,1,0,0,0,0,0,0,0.0018544756644094092,-0.058044744129052493,0.11436081712452774,-0.91387105262786217,0.13889008131922412,0.075000000000000011,285,-0.058044744129052493,0.11436081712452774,-0.058044744129052493,0.11436081712452772,0,0.48666666666666669,0.00010569794513256387,0.021139589026512775,0.0018544756644094092,2.1855205297488688e-05,2.1855205297489197e-05,0.00057709533390811157,6.5997093944483823e-05,25,39715,1,2,0,1,8.1205707916666672
1220,167.04920404419795,197.04400911295045,0.17955670750048267,0.49999939327774856,-6.0672225143942882e-07,12.924650110913927,0.14944444444444444,0.030833333333333334,0.0050000000000000001,4,0,0,27906.718763304874,-1.6343253459160377e-05,1,4,0.0050000000000000001,0.075000000000000011,1,1,1,0,0,0,0,0,0,0.0029908042944222983,0.19720434188683897,0.11710982278076368,-0.89730880907349986,0.13889008131922412,0.075000000000000011,285,0.19720434188683897,0.11710982278076368,0.19720434188683897,0.11710982278076368,0,0.37305555555555553,8.6243499941835523e-05,0.017248699988367103,0.0029908042944222983,3.5246966629797575e-05,3.5246966629797867e-05,0.00056981901002291755,6.673140328089408e-05,50,39765,1,2,0,1,17.013071875000001
1221,167.05453351522982,197.04966817609247,0.17955295213899769,0.49999945423523096,-5.4576476904433235e-07,12.950901668321219,0.14944444444444444,0.030833333333333334,0.0050000000000000001,4,0,0,27900.854994421901,-2.1114602998669109e-05,1,4,0.0050000000000000001,0.075000000000000011,1,1,1,0,0,0,0,0,0,0.0068714389324970497,-0.92093644567661026,0.11245120384340246,-0.91387105262786217,0.13889008131922412,0.075000000000000011,285,-0.92093644567661026,0.11245120384340246,-0.92093644567661026,0.11245120384340242,0,0.88888888888888884,0.00014122863643605449,0.028245727287210896,0.0068714389324970497,8.0980684427965245e-05,8.0980684427965435e-05,0.00055746235277276488,6.2687312666672912e-05,11,39776,1,2,0,1,4.4497813749999997
1222,167.04188716390831,197.03598948129832,0.1795603655265135,0.49999947266551403,-5.2733448596686827e-07,12.934451409558367,0.14944444444444444,0.030833333333333334,0.0050000000000000001,4,0,0,27908.68287662516,8.0529914285321667e-06,1,4,0.0050000000000000001,0.075000000000000011,1,1,1,0,0,0,0,0,0,0.0042741150400526593,-0.95902646389472468,0.10376344508069869,-0.91688752678185614,0.13799883579075917,0.075000000000000011,285,-0.95902646389472468,0.10376344508069869,-0.95902646389472468,0.10376344508069871,0,0.92888888888888888,9.6336605839070122e-05,0.019267321167814024,0.0042741150400526593,5.0370928806544128e-05,5.0370928806544338e-05,0.00055389042518283124,5.7473578714183559e-05,33,39809,1,2,0,1,10.702702708333334
1223,167.05130567203915,197.04502464251786,0.179547946960459,0.49999954272296143,-4.5727703856801583e-07,12.919876763709734,0.14944444444444444,0.030833333333333334,0.0050000000000000001,4,0,0,27908.200086277484,-1.3976794364051335e-05,1,4,0.0050000000000000001,0.075000000000000011,1,1,1,0,0,0,0,0,0,0.0040375940532811306,0.91037498056757382,0.10319587826658048,-0.91688752678185614,0.13446374463291247,0.075000000000000011,285,0.91037498056757382,0.10319587826658048,0.91037498056757382,0.10319587826658048,0,0.088055555555555554,8.0507707746147665e-05,0.016101541549229534,0.0040375940532811306,4.7583502245892765e-05,4.7583502245892772e-05,0.00056250411319590937,5.8048105989815873e-05,68,39877,1,2,0,1,22.959838583333333
1224,167.05705438528631,197.05065974738878,0.17954108835732102,0.49999928156804818,-7.1843195181831021e-07,12.949007848041658,0.14944444444444444,0.030833333333333334,0.0050000000000000001,4,0,0,27900.01104732959,-1.744232107812453e-05,1,4,0.0050000000000000001,0.075000000000000011,1,1,1,0,0,0,0,0,0,0.0074794992512069664,-0.93561138348640327,0.10294585438463882,-0.92018329845295566,0.12988132788513529,0.075000000000000011,285,-0.93561138348640327,0.10294585438463882,-0.93561138348640327,0.10294585438463885,0,0.89888888888888885,0.00015007618660349171,0.030015237320698343,0.0074794992512069664,8.8146744006802503e-05,8.8146744006802245e-05,0.00056026573317312898,5.7677034583943846e-05,9,39886,1,2,0,1,3.6419617083333335
1225,167.04174459129069,197.03492730789574,0.17955501356855949,0.49999929173051866,-7.0826948134206091e-07,12.934211777869486,0.14944444444444444,0.030833333333333334,0.0050000000000000001,4,0,0,27908.54020429252,1.0669991479191024e-05,1,4,0.0050000000000000001,0.075000000000000011,1,1,1,0,0,0,0,0,0,0.0038419798507295906,-0.94747211590452629,0.10482522399536323,-0.92018329845295566,0.12520393282441017,0.075000000000000011,285,-0.94747211590452629,0.10482522399536323,-0.94747211590452629,0.10482522399536323,0,0.90888888888888886,0.0001132810428342032,0.022656208566840641,0.0038419798507295906,4.5278166760549552e-05,4.5278166760549748e-05,0.00054914732107883587,5.7564490938542626e-05,33,39919,1,2,0,1,11.135837458333333
1226,167.0512307733598,197.04438813954673,0.17954466559350862,0.49999959588132969,-4.0411867030520909e-07,12.923182998718216,0.14944444444444444,0.030833333333333334,0.0050000000000000001,4,0,0,27907.815320189286,-2.7219298520651281e-05,1,4,0.0050000000000000001,0.075000000000000011,1,1,1,0,0,0,0,0,0,0.0032326806758065218,0.83978470260006155,0.11439562006360583,-0.91688752678185614,0.1217508787816541,0.075000000000000011,285,0.83978470260006155,0.11439562006360583,0.83978470260006155,0.11439562006360582,0,0.071388888888888891,9.0105415507891012e-05,0.018021083101578201,0.0032326806758065218,3.8097507121225043e-05,3.8097507121224928e-05,0.00054263070040792621,6.2074575438713446e-05,57,39976,1,2,0,1,19.104237041666668
1227,167.05532348605769,197.04874591075347,0.17954185355367624,0.49999945537627111,-5.4462372889307886e-07,12.950103462181515,0.14944444444444444,0.030833333333333334,0.0050000000000000001,4,0,0,27900.234721958157,-2.6429481316852924e-05,1,4,0.0050000000000000001,0.075000000000000011,1,1,1,0,0,0,0,0,0,0.0070088041521603056,-0.92570440543879073,0.1116753609376776,-0.92018329845295566,0.11990122710042447,0.075000000000000011,285,-0.92570440543879073,0.1116753609376776,-0.92570440543879073,0.11167536093767758,0,0.94666666666666666,0.00014467328082863858,0.028934656165727716,0.0070088041521603056,8.2599549066683043e-05,8.259954906668326e-05,0.00053180041356304798,5.93890031314596e-05,11,39987,1,2,0,1,4.4882128333333338
1228,167.04236867583134,197.03495417969089,0.17955076751853463,0.49999932517279083,-6.7482720916833827e-07,12.935584633815642,0.14944444444444444,0.030833333333333334,0.0050000000000000001,4,0,0,27908.520473382618,6.0839091373962233e-06,1,4,0.0050000000000000001,0.075000000000000011,1,1,1,0,0,0,0,0,0,0.0037997116059168973,-0.92141003255245313,0.11101899869782522,-0.92018329845295566,0.11776974751627806,0.075000000000000011,285,-0.92141003255245313,0.11101899869782522,-0.92141003255245313,0.11101899869782521,0,0.84916666666666663,0.00010220533547650769,0.020441067095301538,0.0037997116059168973,4.478003071828441e-05,4.4780030718284234e-05,0.00053493928508123402,5.9388423793849075e-05,33,40020,1,2,0,1,10.970866416666667
1229,167.05138759747163,197.04348600781839,0.17953815793865752,0.49999937610370887,-6.2389629112979961e-07,12.920231294561251,0.14944444444444444,0.030833333333333334,0.0050000000000000001,4,0,0,27908.242645675851,-2.9362664681000826e-05,1,4,0.0050000000000000001,0.075000000000000011,1,1,1,0,0,0,0,0,0,0.0042284962964054505,0.86791675730901152,0.13416839919527254,-0.91688752678185614,0.11776974751627806,0.075000000000000011,285,0.86791675730901152,0.13416839919527254,0.86791675730901152,0.13416839919527254,0,0.15416666666666667,0.00011709841973942167,0.023419683947884334,0.0042284962964054505,4.983330675684159e-05,4.9833306756841691e-05,0.00056291738654058656,7.5525724631336956e-05,60,40080,1,2,0,1,20.685179291666667
1230,167.0572220706911,197.04932166711052,0.1795318946685712,0.49999938538747757,-6.1461252243155684e-07,12.948513017360701,0.14944444444444444,0.030833333333333334,0.0050000000000000001,4,0,0,27900.20375405455,-4.2765601428906334e-06,1,4,0.0050000000000000001,0.075000000000000011,1,1,1,0,0,0,0,0,0,0.0072212538608818228,-0.93219435370652148,0.15267246055801342,-0.92018329845295566,0.11776974751627806,0.075000000000000011,285,-0.93219435370652148,0.15267246055801342,-0.93219435370652148,0.15267246055801342,0,0.9194444444444444,0.00014964445007814713,0.029928890015629428,0.0072212538608818228,8.5103292894984567e-05,8.5103292894984702e-05,0.00061277371280577333,9.3553670499326881e-05,9,40089,1,2,0,1,3.6422212916666665
1231,167.04261511771446,197.03440295473357,0.17954572739347965,0.49999935037281551,-6.4962718449024237e-07,12.931629389575624,0.14944444444444444,0.030833333333333334,0.0050000000000000001,4,0,0,27909.305847662046,-2.1055924586926949e-05,1,4,0.0050000000000000001,0.075000000000000011,1,1,1,0,0,0,0,0,0,0.0043941671515209954,-0.95437778694453534,0.14038335082007161,-0.92117323911453175,0.11776974751627806,0.075000000000000011,285,-0.95437778694453534,0.14038335082007161,-0.95437778694453534,0.14038335082007161,0,0.94305555555555554,9.9609630010194134e-05,0.019921926002038827,0.0043941671515209954,5.1785756508461187e-05,5.1785756508460964e-05,0.0005835787848862689,8.1924745289840189e-05,39,40128,1,2,0,1,13.244954041666666
1232,167.05273051569554,197.04435608106365,0.17953388413815977,0.49999960956688116,-3.9043311883535381e-07,12.918534008874861,0.14944444444444444,0.030833333333333334,0.0050000000000000001,4,0,0,27908.455619606397,6.1091198224578397e-06,1,4,0.0050000000000000001,0.075000000000000011,1,1,1,0,0,0,0,0,0,0.0036287025312476931,0.82748312024992088,0.13057029622223498,-0.92117323911453175,0.11776974751627806,0.075000000000000011,285,0.82748312024992088,0.13057029622223498,0.82748312024992088,0.13057029622223501,0,0.11472222222222223,8.0131988698755579e-05,0.016026397739751116,0.0036287025312476931,4.2764669445900562e-05,4.2764669445900623e-05,0.00057597252552562519,7.5204903273749682e-05,65,40193,1,2,0,1,22.832398416666667
1233,167.05801682815905,197.04918470428439,0.17952546334232589,0.49999942684625354,-5.7315374646371708e-07,12.947807806806876,0.14944444444444444,0.030833333333333334,0.0050000000000000001,4,0,0,27900.670585023683,7.1982703549955966e-06,1,4,0.0050000000000000001,0.075000000000000011,1,1,1,0,0,0,0,0,0,0.0075306482304243966,-0.92645011084647422,0.16654248284551162,-0.92355721899562193,0.11776974751627806,0.075000000000000011,285,-0.92645011084647422,0.16654248284551162,-0.92645011084647422,0.16654248284551165,0,0.88944444444444448,0.0001382148561834753,0.027642971236695058,0.0075306482304243966,8.8749540507726088e-05,8.8749540507726711e-05,0.00061713856378745914,0.0001027797886728766,10,40203,1,2,0,1,4.1138824583333333
1234,167.04319897175725,197.03392146129841,0.17953872216379083,0.49999924894719383,-7.510528061693833e-07,12.932448056252225,0.14944444444444444,0.030833333333333334,0.0050000000000000001,4,0,0,27909.035142502573,-1.9892558822106125e-05,1,4,0.0050000000000000001,0.075000000000000011,1,1,1,0,0,0,0,0,0,0.0041083836037859971,-0.93347704201643411,0.13361008437893798,-0.92355721899562193,0.11776974751627806,0.075000000000000011,285,-0.93347704201643411,0.13361008437893798,-0.93347704201643411,0.13361008437893795,0,0.9044444444444445,0.00013255037722920853,0.026510075445841705,0.0041083836037859971,4.8417765099211743e-05,4.8417765099212068e-05,0.0005774095848798689,7.7147743357006834e-05,37,40240,1,2,0,1,12.747015875000001
1235,167.05272635015351,197.04350656316913,0.17952882822249172,0.49999937617969487,-6.2382030513452591e-07,12.916208541707123,0.14944444444444444,0.030833333333333334,0.0050000000000000001,4,0,0,27908.813954955291,1.3677674063157662e-05,1,4,0.0050000000000000001,0.075000000000000011,1,1,1,0,0,0,0,0,0,0.0044410749191442353,0.83207979313521396,0.1379316474951697,-0.92117323911453175,0.11776974751627806,0.075000000000000011,285,0.83207979313521396,0.1379316474951697,0.83207979313521396,0.13793164749516967,0,0.1361111111111111,9.4996985059355343e-05,0.018999397011871068,0.0044410749191442353,5.2338569851406445e-05,5.2338569851406093e-05,0.0005844699879707252,8.0616908352284139e-05,74,40314,1,2,0,1,25.358246291666667
1236,167.05904965156986,197.04945049229693,0.17951976204388304,0.49999954089460869,-4.5910539131499561e-07,12.947440500229865,0.14944444444444444,0.030833333333333334,0.0050000000000000001,4,0,0,27899.810351471955,1.7838513065881305e-05,1,4,0.0050000000000000001,0.075000000000000011,1,1,1,0,0,0,0,0,0,0.0079608853452618963,-0.93594160759505585,0.14526683133905377,-0.92355721899562193,0.11776974751627806,0.075000000000000011,285,-0.93594160759505585,0.14526683133905377,-0.93594160759505585,0.14526683133905377,0,0.89916666666666667,0.00016834384789768731,0.033668769579537461,0.0079608853452618963,9.3819933531388277e-05,9.3819933531387993e-05,0.00064019241438088837,9.2998723484410137e-05,8,40322,1,2,0,1,3.2029456249999999
1237,167.04224129374435,197.03243311813867,0.17953657465393116,0.49999938227082191,-6.1772917808733396e-07,12.931072079395159,0.14944444444444444,0.030833333333333334,0.0050000000000000001,4,0,0,27909.6117478956,-7.725139278515973e-06,1,4,0.0050000000000000001,0.075000000000000011,1,1,1,0,0,0,0,0,0,0.0045371947402549021,-0.90628901894939795,0.13696054800504773,-0.92117323911453175,0.11776974751627806,0.075000000000000011,285,-0.90628901894939795,0.13696054800504773,-0.90628901894939795,0.13696054800504773,0,0.94333333333333336,0.00010500527033778295,0.02100105406755659,0.0045371947402549021,5.3471352806636286e-05,5.347135280663634e-05,0.00061106421812084141,8.3691690180106462e-05,39,40361,1,2,0,1,12.702757916666666
1238,167.05250205996362,197.04305123742674,0.17952768625218193,0.49999935414351138,-6.4585648862358624e-07,12.918787818683786,0.14944444444444444,0.030833333333333334,0.0050000000000000001,4,0,0,27908.298617375363,2.5385008546542856e-05,1,4,0.0050000000000000001,0.075000000000000011,1,1,1,0,0,0,0,0,0,0.0033363851523510774,0.78900805953412301,0.13242109587203019,-0.92117323911453175,0.12384005950149933,0.075000000000000011,285,0.78900805953412301,0.13242109587203019,0.78900805953412301,0.13242109587203019,0,0.088611111111111113,0.00010345565588557658,0.020691131177115317,0.0033363851523510774,3.9319676097959323e-05,3.9319676097959371e-05,0.00060560386350051666,8.0194727269073792e-05,66,40427,1,2,0,1,22.506314916666668
1239,167.0575856829754,197.04743629238652,0.17951804155917084,0.49999940572341001,-5.942765899935587e-07,12.9483945126281,0.14972222222222223,0.030833333333333334,0.0050000000000000001,4,0,0,27900.454169437693,2.635595656208904e-05,1,4,0.0050000000000000001,0.075000000000000011,1,1,1,0,0,0,0,0,0,0.0076877874694371252,-0.92828054404001026,0.15838053861931831,-0.92355721899562193,0.13149569604713257,0.075000000000000011,285,-0.92828054404001026,0.15838053861931831,-0.92828054404001026,0.15838053861931836,0,0.88888888888888884,0.00015171131922570542,0.030342263845141083,0.0076877874694371252,9.0601444199332653e-05,9.0601444199332775e-05,0.0006463720009430077,0.00010237274565780009,11,40438,1,2,0,1,4.5012572500000001
1240,167.04315188119602,197.03225198763235,0.17952906041766437,0.4999994535083499,-5.4649165009967859e-07,12.931081080412426,0.14972222222222223,0.030833333333333334,0.0050000000000000001,4,0,0,27909.487472563647,-1.1328632393809969e-05,1,4,0.0050000000000000001,0.075000000000000011,1,1,1,0,0,0,0,0,0,0.004479304378904681,-0.95579881180687687,0.12259018501339095,-0.92607725814263242,0.13149569604713257,0.075000000000000011,285,-0.95579881180687687,0.12259018501339095,-0.95579881180687687,0.12259018501339096,0,0.96250000000000002,0.00010107771497366927,0.020215542994733854,0.004479304378904681,5.2789108355368269e-05,5.2789108355368188e-05,0.00061405781640339117,7.5277461321810577e-05,40,40478,1,2,0,1,13.642027916666667
1241,167.05355558147855,197.04251392777829,0.17951703118149409,0.49999947836732955,-5.2163267044713635e-07,12.916707535680994,0.14944444444444444,0.030833333333333334,0.0050000000000000001,4,0,0,27908.700698432767,4.5286956232675995e-05,1,4,0.0050000000000000001,0.075000000000000011,1,1,1,0,0,0,0,0,0,0.0040111549418355092,0.86412634464928539,0.11944736557361502,-0.92607725814263242,0.13149569604713257,0.075000000000000011,285,0.86412634464928539,0.11944736557361502,0.86412634464928539,0.11944736557361502,0,0.13027777777777777,8.1827597527538246e-05,0.016365519505507648,0.0040111549418355092,4.7271914329363668e-05,4.7271914329363654e-05,0.00060954397422429384,7.2808421922363392e-05,70,40548,1,2,0,1,23.946722666666666
1242,167.058870595472,197.04772904062452,0.17951072180877858,0.49999931481275284,-6.8518724716248869e-07,12.947251978376141,0.14972222222222223,0.030833333333333334,0.0050000000000000001,4,0,0,27900.371384405891,1.2833745203904609e-05,1,4,0.0050000000000000001,0.075000000000000011,1,1,1,0,0,0,0,0,0,0.0078148176466011025,-0.93243040925256893,0.15600140052690362,-0.92607725814263242,0.13301559012548408,0.075000000000000011,285,-0.93243040925256893,0.15600140052690362,-0.93243040925256893,0.15600140052690364,0,0.8619444444444444,0.00014918738302954648,0.029837476605909297,0.0078148176466011025,9.2098509194132264e-05,9.2098509194132319e-05,0.00065887781397252565,0.00010278586175581867,9,40557,1,2,0,1,3.6254136666666668
1243,167.04288822120142,197.03149154070812,0.17952636977753406,0.49999944991445699,-5.5008554300517432e-07,12.931290320461663,0.14972222222222223,0.030833333333333334,0.0050000000000000001,4,0,0,27909.615783229056,-1.5321449040890993e-05,1,4,0.0050000000000000001,0.075000000000000011,1,1,1,0,0,0,0,0,0,0.0042580212702499299,-0.9385351331952565,0.1192123286231964,-0.92736532744324229,0.13301559012548408,0.075000000000000011,285,-0.9385351331952565,0.1192123286231964,-0.9385351331952565,0.11921232862319642,0,0.89555555555555555,0.00010753374755310209,0.021506749510620416,0.0042580212702499299,5.0181261910504704e-05,5.0181261910504385e-05,0.00062030953537530321,7.3948544179262921e-05,40,40597,1,2,0,1,13.336382208333333
1244,167.05355615270119,197.04199893527104,0.1795139443494268,0.49999933335574281,-6.6664425718565568e-07,12.921544415623574,0.14972222222222223,0.030833333333333334,0.0050000000000000001,4,0,0,27908.127826472035,4.3716235990326164e-05,1,4,0.0050000000000000001,0.075000000000000011,1,1,1,0,0,0,0,0,0,0.0028086037338906022,0.79208906472018525,0.10586450512375598,-0.92607725814263242,0.13301559012548408,0.075000000000000011,285,0.79208906472018525,0.10586450512375598,0.79208906472018525,0.10586450512375598,0,0.16055555555555556,9.185416147748311e-05,0.01837083229549662,0.0028086037338906022,3.3099712431665036e-05,3.3099712431664806e-05,0.00060499148270775596,6.404712392094396e-05,60,40657,1,2,0,1,20.564125000000001
1245,167.05719915155422,197.04594478032561,0.17951184253703201,0.49999939253741332,-6.0746258667698783e-07,12.949262124635668,0.14972222222222223,0.030833333333333334,0.0050000000000000001,4,0,0,27901.569551985525,8.1261505335008169e-06,1,4,0.0050000000000000001,0.075000000000000011,1,1,1,0,0,0,0,0,0,0.0072882400436298416,-0.93215809908658953,0.1790026429611756,-0.92607725814263242,0.13388924178710526,0.075000000000000011,285,-0.93215809908658953,0.1790026429611756,-0.93215809908658953,0.17900264296117563,0,0.88,0.00013257306423032834,0.026514612846065665,0.0072882400436298416,8.5892732629433327e-05,8.5892732629432852e-05,0.00063854564548578279,0.00011430135819330499,13,40670,1,2,0,1,5.2934173749999998
1246,167.0440714562634,197.03179253182452,0.17951981662164354,0.49999941228453842,-5.8771546157521115e-07,12.93717020902449,0.14972222222222223,0.030833333333333334,0.0050000000000000001,4,0,0,27907.746647907883,-1.8814725572300548e-05,1,4,0.0050000000000000001,0.075000000000000011,1,1,1,0,0,0,0,0,0,0.0033839109179342229,-0.90809448768972567,0.11577847421462099,-0.92607725814263242,0.13388924178710526,0.075000000000000011,285,-0.90809448768972567,0.11577847421462099,-0.90809448768972567,0.11577847421462101,0,0.92333333333333334,0.00011522479133538666,0.02304495826707733,0.0033839109179342229,3.9879772616708061e-05,3.9879772616708142e-05,0.00058460548457110284,6.7684731021141445e-05,28,40698,1,2,0,1,9.2275480833333337
1247,167.05094739440145,197.03835238932587,0.17951053533461983,0.49999944434129306,-5.5565870693552455e-07,12.922677585407341,0.14972222222222223,0.030833333333333334,0.0050000000000000001,4,0,0,27908.163869527361,3.8310973841964735e-05,1,4,0.0050000000000000001,0.075000000000000011,1,1,1,0,0,0,0,0,0,0.0042324894317795859,0.85780300354514416,0.10480088527968434,-0.92393007169946362,0.13388924178710526,0.075000000000000011,285,0.85780300354514416,0.10480088527968434,0.85780300354514416,0.10480088527968434,0,0.15388888888888888,8.7729544327616834e-05,0.017545908865523367,0.0042324894317795859,4.9880366308529039e-05,4.9880366308529221e-05,0.00058101449807299575,6.0890833758381408e-05,53,40751,1,2,0,1,18.324795208333335
1248,167.05659125218796,197.04459944982219,0.17950808150014538,0.49999942827339716,-5.7172660283821841e-07,12.950009294575441,0.14972222222222223,0.030833333333333334,0.0050000000000000001,4,0,0,27900.766067910306,-4.8054042213037201e-07,1,4,0.0050000000000000001,0.075000000000000011,1,1,1,0,0,0,0,0,0,0.0070171190963074668,-0.93720198923514275,0.16987004073669251,-0.92736532744324229,0.13556447360016013,0.075000000000000011,285,-0.93720198923514275,0.16987004073669251,-0.93720198923514275,0.16987004073669246,0,0.90694444444444444,0.00013921323088953745,0.027842646177907489,0.0070171190963074668,8.2697541623210459e-05,8.2697541623210418e-05,0.00062439236359824676,0.0001060655562401139,10,40761,1,2,0,1,4.0251769166666671
1249,167.04300540118422,197.03071402900648,0.17952088778456368,0.49999925467296924,-7.4532703076002349e-07,12.938434513469213,0.14972222222222223,0.030833333333333334,0.0050000000000000001,4,0,0,27908.204022574351,-2.6677879440095043e-05,1,4,0.0050000000000000001,0.075000000000000011,1,1,1,0,0,0,0,0,0,0.0031002900207103903,-0.91397550835110553,0.10766755574918416,-0.92736532744324229,0.13528531619199285,0.075000000000000011,285,-0.91397550835110553,0.10766755574918416,-0.91397550835110553,0.10766755574918416,0,0.8666666666666667,0.00010532416560079832,0.021064833120159662,0.0031002900207103903,3.6537268288154977e-05,3.6537268288155126e-05,0.00057032818768706917,6.1405841943128686e-05,27,40788,1,2,0,1,9.2307417083333334
1250,167.05076793740531,197.03817755529076,0.17951075585071161,0.49999958892914359,-4.110708564097898e-07,12.922169892057999,0.14972222222222223,0.030833333333333334,0.0050000000000000001,4,0,0,27908.415570318713,2.9003403955990691e-05,1,4,0.0050000000000000001,0.075000000000000011,1,1,1,0,0,0,0,0,0,0.0048657790142597772,0.76553156900629915,0.11664569993047953,-0.92021280959878982,0.13301559012548408,0.075000000000000011,285,0.76553156900629915,0.11664569993047953,0.76553156900629915,0.11664569993047955,0,0.12888888888888889,9.5445796389051864e-05,0.019089159277810373,0.0048657790142597772,5.7343755612304717e-05,5.7343755612304893e-05,0.00057488283494400584,6.7057610660061897e-05,55,40843,1,2,0,1,18.805820083333334
1251,167.05634768317447,197.04493456754648,0.17951180724509755,0.49999953621754384,-4.6378245616152114e-07,12.950361628155077,0.14972222222222223,0.030833333333333334,0.0050000000000000001,4,0,0,27899.332600220296,-8.1059763647234062e-06,1,4,0.0050000000000000001,0.075000000000000011,1,1,1,0,0,0,0,0,0,0.0071707272487387605,-0.90519238084963138,0.18094885379115919,-0.91103499802041554,0.13301559012548408,0.075000000000000011,285,-0.90519238084963138,0.18094885379115919,-0.90519238084963138,0.18094885379115921,0,0.97944444444444445,0.00014043609733262251,0.0280872194665245,0.0071707272487387605,8.4507831060372208e-05,8.4507831060372235e-05,0.00061211875167501437,0.00011076218649966906,8,40851,1,2,0,1,3.6654840416666667
1252,167.04130544153895,197.02964504419779,0.17952649210559568,0.49999956180054755,-4.3819945244605307e-07,12.934114163083157,0.14972222222222223,0.030833333333333334,0.0050000000000000001,4,0,0,27909.506072213284,-3.9507284541162286e-05,1,4,0.0050000000000000001,0.075000000000000011,1,1,1,0,0,0,0,0,0,0.00421213188388925,-0.95044465542129464,0.12423597170028247,-0.92021280959878982,0.13301559012548408,0.075000000000000011,285,-0.95044465542129464,0.12423597170028247,-0.95044465542129464,0.12423597170028251,0,0.84888888888888892,9.9898850447748206e-05,0.019979770089549639,0.00421213188388925,4.9640450305835933e-05,4.9640450305835689e-05,0.00056966069278671779,7.0772349707813983e-05,35,40886,1,2,0,1,12.098766625
1253,167.05194599557146,197.0400722206295,0.17951377965901111,0.49999937762923768,-6.2237076231541621e-07,12.918636320861228,0.14972222222222223,0.030833333333333334,0.0050000000000000001,4,0,0,27908.382472185964,2.2195920710163509e-05,1,4,0.0050000000000000001,0.075000000000000011,1,1,1,0,0,0,0,0,0,0.004196301239940776,0.85207520612292365,0.12386030413687252,-0.91103499802041554,0.12832853378615633,0.075000000000000011,285,0.85207520612292365,0.12386030413687252,0.85207520612292365,0.12386030413687253,0,0.20499999999999999,9.9364846408862655e-05,0.01987296928177253,0.004196301239940776,4.9453884377727337e-05,4.9453884377727662e-05,0.0005689333152539411,7.0468253460952317e-05,74,40960,1,2,0,1,25.738815291666668
1254,167.05845446297451,197.04595228131984,0.17950302434404192,0.49999954108990041,-4.5891009958776152e-07,12.949004845829295,0.14972222222222223,0.030833333333333334,0.0050000000000000001,4,0,0,27899.706022041879,-1.4278509976628534e-05,1,4,0.0050000000000000001,0.075000000000000011,1,1,1,0,0,0,0,0,0,0.0077432400336986821,-0.94191868878038199,0.15078418453958767,-0.91103499802041554,0.12832853378615633,0.075000000000000011,285,-0.94191868878038199,0.15078418453958767,-0.94191868878038199,0.1507841845395877,0,0.84750000000000003,0.00015936933220553755,0.031873866441107505,0.0077432400336986821,9.1254958936391479e-05,9.1254958936391709e-05,0.00062708856175866805,9.4555037418883616e-05,8,40968,1,2,0,1,3.2104308750000001
1255,167.04204223293993,197.02931497819597,0.1795193134877914,0.49999943191146279,-5.6808853721168617e-07,12.933338711330533,0.14972222222222223,0.030833333333333334,0.0050000000000000001,4,0,0,27909.571809448855,-4.1206097982591853e-05,1,4,0.0050000000000000001,0.075000000000000011,1,1,1,0,0,0,0,0,0,0.0041833415950135186,-0.94003167299087154,0.12720289523308034,-0.92112802619555789,0.12571943346668141,0.075000000000000011,285,-0.94003167299087154,0.12720289523308034,-0.94003167299087154,0.12720289523308037,0,0.87749999999999995,0.0001020946196812416,0.02041892393624832,0.0041833415950135186,4.9301153497563443e-05,4.9301153497563301e-05,0.00059049698262679843,7.5112925816526709e-05,39,41007,1,2,0,1,12.969807916666667
1256,167.05267686419663,197.04010429953735,0.17950881122197535,0.49999952089660876,-4.7910339123768964e-07,12.917984437359536,0.14972222222222223,0.030833333333333334,0.0050000000000000001,4,0,0,27908.319225770636,1.3429384926858352e-05,1,4,0.0050000000000000001,0.075000000000000011,1,1,1,0,0,0,0,0,0,0.0042468625141126844,0.78127535651427882,0.13589871812213139,-0.91103499802041554,0.12571943346668141,0.075000000000000011,285,0.78127535651427882,0.13589871812213139,0.78127535651427882,0.13589871812213142,0,0.16527777777777777,8.5625320114861967e-05,0.017125064022972394,0.0042468625141126844,5.0049754708267148e-05,5.0049754708267142e-05,0.00060066696471835742,8.16298705235363e-05,70,41077,1,2,0,1,24.042753958333332
1257,167.05816759919645,197.04514832239246,0.17950023727747538,0.49999930442562851,-6.9557437148981549e-07,12.948170301763543,0.14972222222222223,0.030833333333333334,0.0050000000000000001,4,0,0,27900.457908072451,-1.2958202069825796e-05,1,4,0.0050000000000000001,0.075000000000000011,1,1,1,0,0,0,0,0,0,0.007749765740651276,-0.92297986475656646,0.14056938892269938,-0.91847768655383599,0.12571943346668141,0.075000000000000011,285,-0.92297986475656646,0.14056938892269938,-0.92297986475656646,0.14056938892269938,0,0.89027777777777772,0.00015481433856294713,0.030962867712589423,0.007749765740651276,9.1331865130361728e-05,9.1331865130361525e-05,0.00064211846354018964,9.0262200035827079e-05,9,41086,1,2,0,1,3.6304411249999999
1258,167.04254772470699,197.02906609497089,0.17951425417482805,0.49999945965470438,-5.4034529561874933e-07,12.930985507024836,0.14972222222222223,0.030833333333333334,0.0050000000000000001,4,0,0,27909.489319416381,-3.5383648128916696e-05,1,4,0.0050000000000000001,0.075000000000000011,1,1,1,0,0,0,0,0,0,0.0045084783302560254,-0.95471157982279131,0.12577691918581502,-0.92563020439828836,0.12500644544304873,0.075000000000000011,285,-0.95471157982279131,0.12577691918581502,-0.95471157982279131,0.12577691918581504,0,0.90694444444444444,0.00010807667522616432,0.021615335045232862,0.0045084783302560254,5.3132926669277308e-05,5.3132926669277539e-05,0.00061255384858625687,7.7045135910593603e-05,39,41125,1,2,0,1,12.796090958333334
1259,167.053455289006,197.0399803710248,0.17950257317420631,0.49999947355553737,-5.2644446263405698e-07,12.917209046135063,0.14972222222222223,0.030833333333333334,0.0050000000000000001,4,0,0,27908.801951305555,2.2868432069731879e-05,1,4,0.0050000000000000001,0.075000000000000011,1,1,1,0,0,0,0,0,0,0.0038064243041252789,0.85802188267412915,0.13991748347275795,-0.91847768655383599,0.12500644544304873,0.075000000000000011,285,0.85802188267412915,0.13991748347275795,0.85802188267412915,0.13991748347275795,0,0.12527777777777777,9.7496070931731818e-05,0.019499214186346363,0.0038064243041252789,4.485914062533783e-05,4.4859140625337748e-05,0.00062087572092343944,8.6871368420942017e-05,74,41199,1,2,0,1,24.578711875
1260,167.05876959571489,197.0448360153691,0.17949411750260705,0.49999953962966492,-4.6037033507584368e-07,12.948096887770161,0.14972222222222223,0.030833333333333334,0.0050000000000000001,4,0,0,27899.752632239299,-2.7605762706973991e-06,1,4,0.0050000000000000001,0.075000000000000011,1,1,1,0,0,0,0,0,0,0.0078658534307655403,-0.93446744035646956,0.1422076747600759,-0.91847768655383599,0.12648990720944769,0.075000000000000011,285,-0.93446744035646956,0.1422076747600759,-0.93446744035646956,0.14220767476007587,0,0.90111111111111108,0.00015746682578380862,0.031493365156761724,0.0078658534307655403,9.2699971678563052e-05,9.2699971678562903e-05,0.00065623193698969749,9.3321217862605516e-05,8,41207,1,2,0,1,3.2143214583333335
1261,167.04230669078763,197.02820712503907,0.17951081392666837,0.49999960913738839,-3.9086261161003222e-07,12.932793781602687,0.14972222222222223,0.030833333333333334,0.0050000000000000001,4,0,0,27909.725032695391,-2.9962586789712349e-05,1,4,0.0050000000000000001,0.075000000000000011,1,1,1,0,0,0,0,0,0,0.0041638346261173003,-0.92595870323483898,0.12097616963797185,-0.92446928399570272,0.12648990720944769,0.075000000000000011,285,-0.92595870323483898,0.12097616963797185,-0.92595870323483898,0.12097616963797185,0,0.93777777777777782,9.8331298564589356e-05,0.019666259712917872,0.0041638346261173003,4.9071261664448259e-05,4.9071261664448476e-05,0.00062079536759377372,7.5101445700491459e-05,35,41242,1,2,0,1,11.415044208333333
1262,167.05238285697243,197.03849021583187,0.17950122498122681,0.49999918521647213,-8.1478352786934494e-07,12.91443002388738,0.14972222222222223,0.030833333333333334,0.0050000000000000001,4,0,0,27908.445743458225,4.0849404552562912e-05,1,4,0.0050000000000000001,0.075000000000000011,1,1,1,0,0,0,0,0,0,0.0050597607277912127,0.77733859754490953,0.13290893060482575,-0.91847768655383599,0.12648990720944769,0.075000000000000011,285,0.77733859754490953,0.13290893060482575,0.77733859754490953,0.13290893060482578,0,0.12027777777777778,0.00010379777108955913,0.020759554217911827,0.0050597607277912127,5.9629852030042455e-05,5.9629852030042366e-05,0.00063078476931798042,8.3836929131864479e-05,81,41323,1,2,0,1,27.624884208333334
1263,167.0590252424401,197.04445421938118,0.17949002715313045,0.49999953243810313,-4.6756189686636418e-07,12.946286525215605,0.14972222222222223,0.030833333333333334,0.0050000000000000001,4,0,0,27900.034214134877,4.3148356191704538e-06,1,4,0.0050000000000000001,0.075000000000000011,1,1,1,0,0,0,0,0,0,0.0081570217884778598,-0.93430282736704195,0.14733446148823723,-0.91847768655383599,0.13005591291895305,0.075000000000000011,285,-0.93430282736704195,0.14733446148823723,-0.93430282736704195,0.14733446148823726,0,0.86416666666666664,0.00016470169532505159,0.032940339065010316,0.0081570217884778598,9.6131423681985239e-05,9.613142368198509e-05,0.00067746230862223789,9.9813544419435384e-05,8,41331,1,2,0,1,3.2110185416666668
1264,167.04273369947907,197.027774456316,0.17950520859399963,0.49999948400226768,-5.1599773231991719e-07,12.931747677712554,0.14972222222222223,0.030833333333333334,0.0050000000000000001,4,0,0,27909.847325507664,-2.1181244837948018e-05,1,4,0.0050000000000000001,0.075000000000000011,1,1,1,0,0,0,0,0,0,0.0039598212277894103,-0.91658037557474814,0.11985801812782795,-0.91978012016565724,0.13005591291895305,0.075000000000000011,285,-0.91658037557474814,0.11985801812782795,-0.91658037557474814,0.11985801812782793,0,0.85555555555555551,9.7770522895685688e-05,0.019554104579137137,0.0039598212277894103,4.6666940707605539e-05,4.6666940707605498e-05,0.00063287429039345154,7.5855058170614563e-05,34,41365,1,2,0,1,11.102487166666666
1265,167.0530525548894,197.03844306668665,0.17949621424573975,0.49999952580465257,-4.7419534743298186e-07,12.91849533809892,0.14972222222222223,0.030833333333333334,0.0050000000000000001,4,0,0,27908.432931288426,4.5340203811293136e-05,1,4,0.0050000000000000001,0.075000000000000011,1,1,1,0,0,0,0,0,0,0.0038411214701731173,0.76739463808989361,0.1229617693806096,-0.91527794196292689,0.12648990720944769,0.075000000000000011,285,0.76739463808989361,0.1229617693806096,0.76739463808989361,0.1229617693806096,0,0.16500000000000001,9.1116992562615364e-05,0.018223398512523071,0.0038411214701731173,4.5268050648677534e-05,4.5268050648677758e-05,0.00062884118754456602,7.7323425079883597e-05,68,41433,1,2,0,1,22.203352791666667
1266,167.05773624508134,197.04282780572552,0.17948939231796293,0.49999942387634544,-5.7612365456094494e-07,12.948572627934428,0.14944444444444444,0.030833333333333334,0.0050000000000000001,4,0,0,27900.621710263858,1.258199712374115e-05,1,4,0.0050000000000000001,0.075000000000000011,1,1,1,0,0,0,0,0,0,0.0078554557488027064,-0.93286704052614655,0.16024370483778774,-0.91978012016565724,0.13005591291895305,0.075000000000000011,285,-0.93286704052614655,0.16024370483778774,-0.93286704052614655,0.16024370483778769,0,0.90027777777777773,0.00015107783105812111,0.030215566211624221,0.0078554557488027064,9.2577433821487365e-05,9.2577433821487487e-05,0.00067136886665778632,0.00010758263450599038,11,41444,1,2,0,1,4.6467662083333332
1267,167.04337632760468,197.02767853989533,0.17950009675023323,0.49999929984257829,-7.0015742170692619e-07,12.935466004807465,0.14944444444444444,0.030833333333333334,0.0050000000000000001,4,0,0,27908.675282696357,-1.7053528124497826e-05,1,4,0.0050000000000000001,0.075000000000000011,1,1,1,0,0,0,0,0,0,0.0036000059529564085,-0.9098742093271881,0.11708980421111853,-0.91978012016565724,0.13005591291895305,0.075000000000000011,285,-0.9098742093271881,0.11708980421111853,-0.9098742093271881,0.11708980421111852,0,0.88361111111111112,0.00010783467248447892,0.021566934496895784,0.0036000059529564085,4.2426477027456927e-05,4.2426477027457272e-05,0.0006224634785548821,7.2884126832562928e-05,33,41477,1,2,0,1,10.881681708333334
1268,167.05170236957969,197.03607583362694,0.17949157679166186,0.49999953193760421,-4.6806239578645048e-07,12.930392969574529,0.14972222222222223,0.030833333333333334,0.0050000000000000001,4,0,0,27907.095754706716,4.0008119537320106e-05,1,4,0.0050000000000000001,0.075000000000000011,1,1,1,0,0,0,0,0,0,0.0021071741721409528,0.72666002551881548,0.1119476045731905,-0.91527794196292689,0.12648990720944769,0.075000000000000011,285,0.72666002551881548,0.1119476045731905,0.72666002551881548,0.11194760457319049,0,0.115,9.6357734490483055e-05,0.019271546898096611,0.0021071741721409528,2.4833285771033618e-05,2.4833285771033476e-05,0.00059416383765663815,6.6515218349674681e-05,40,41517,1,2,0,1,12.866501083333333
1269,167.05310057737574,197.03755971250962,0.17949058731325765,0.49999939234699881,-6.0765300119447474e-07,12.921374910937855,0.14972222222222223,0.030833333333333334,0.0050000000000000001,4,0,0,27907.989566808323,1.7041423915231601e-07,1,4,0.0050000000000000001,0.075000000000000011,1,1,1,0,0,0,0,0,0,0.0027590938538717513,0.6184063742420034,0.11234910890329119,-0.91322729245096812,0.12648990720944769,0.075000000000000011,285,0.6184063742420034,0.11234910890329119,0.6184063742420034,0.11234910890329117,0,0.19833333333333333,9.9546927092798566e-05,0.019909385418559713,0.0027590938538717513,3.2516232900047343e-05,3.2516232900047242e-05,0.00058182092993134757,6.5367063019071121e-05,63,41580,1,2,0,1,21.766357041666666
1270,167.0573387852657,197.04157653331825,0.17948470846045306,0.49999930778147589,-6.9221852411205376e-07,12.949699222555811,0.14944444444444444,0.030833333333333334,0.0050000000000000001,4,0,0,27900.544951689895,-4.8833494997328567e-06,1,4,0.0050000000000000001,0.075000000000000011,1,1,1,0,0,0,0,0,0,0.0072646242346762306,-0.86963413206605822,0.1124390902390336,-0.91322729245096812,0.12648990720944769,0.075000000000000011,285,-0.86963413206605822,0.1124390902390336,-0.86963413206605822,0.11243909023903358,0,0.77694444444444444,0.00014426520469262171,0.028853040938524342,0.0072646242346762306,8.5614417651861592e-05,8.5614417651861579e-05,0.00057473537590464622,6.4622722794907414e-05,9,41589,1,2,0,1,3.7187697916666669
1271,167.04276527556837,197.02656539673271,0.17949774760792803,0.49999939821761669,-6.0178238331376477e-07,12.934177607599635,0.14944444444444444,0.030833333333333334,0.0050000000000000001,4,0,0,27909.010062637029,2.899983535324629e-05,1,4,0.0050000000000000001,0.075000000000000011,1,1,1,0,0,0,0,0,0,0.0041462540443455544,-0.92863010863470907,0.10939836547234416,-0.91978012016565724,0.12500644544304873,0.075000000000000011,285,-0.92863010863470907,0.10939836547234416,-0.92863010863470907,0.10939836547234418,0,0.93055555555555558,0.00010766261309540231,0.021532522619080462,0.0041462540443455544,4.8864072521314825e-05,4.886407252131452e-05,0.00057452818676151233,6.2852444549499128e-05,39,41628,1,2,0,1,12.962119541666667
1272,167.05241761008907,197.03598681729818,0.17948599389439945,0.49999940740127558,-5.9259872442485317e-07,12.925975481782743,0.14944444444444444,0.030833333333333334,0.0050000000000000001,4,0,0,27907.643154986668,-1.0803633951253836e-05,1,4,0.0050000000000000001,0.075000000000000011,1,1,1,0,0,0,0,0,0,0.0023535716544939964,0.80172873717273629,0.13292695716029634,-0.91322729245096812,0.12648990720944769,0.075000000000000011,285,0.80172873717273629,0.13292695716029634,0.80172873717273629,0.13292695716029632,0,0.098333333333333328,9.2817628631916042e-05,0.018563525726383208,0.0023535716544939964,2.7737107948352448e-05,2.7737107948352458e-05,0.00054263544267982235,7.2130878242759186e-05,51,41679,1,2,0,1,17.226723499999999
1273,167.0556238285298,197.03908113186739,0.17948187924588149,0.49999945205895291,-5.47941047090994e-07,12.9522469693611,0.14944444444444444,0.030833333333333334,0.0050000000000000001,4,0,0,27900.206352326688,-9.8800821030770822e-06,1,4,0.0050000000000000001,0.075000000000000011,1,1,1,0,0,0,0,0,0,0.0067979833863091189,-0.90889743781165833,0.12751613508664297,-0.91322729245096812,0.12735951515986166,0.075000000000000011,285,-0.90889743781165833,0.12751613508664297,-0.90889743781165833,0.12751613508664295,0,0.90583333333333338,0.0001357299804064111,0.027145996081282219,0.0067979833863091189,8.0115002514211117e-05,8.011500251421109e-05,0.00052661902151204842,6.7152422286326103e-05,11,41690,1,2,0,1,4.4515552916666667
1274,167.04295301422215,197.02591371081246,0.17949252066944446,0.49999933708064787,-6.6291935213458331e-07,12.938759321530899,0.14944444444444444,0.030833333333333334,0.0050000000000000001,4,0,0,27908.803223961495,2.0652734067843059e-05,1,4,0.0050000000000000001,0.075000000000000011,1,1,1,0,0,0,0,0,0,0.0037160457855412972,-0.92754736818376549,0.1307089595487643,-0.91322729245096812,0.12735951515986166,0.075000000000000011,285,-0.92754736818376549,0.1307089595487643,-0.92754736818376549,0.1307089595487643,0,0.94638888888888884,0.00011299742362305209,0.022599484724610416,0.0037160457855412972,4.3794019569265704e-05,4.3794019569265968e-05,0.00052374610037370887,6.8458307847570163e-05,34,41724,1,2,0,1,11.140025833333333
1275,167.05091356798977,197.03441096379976,0.17948718001836428,0.49999948070567346,-5.1929432653974317e-07,12.93282938388016,0.14944444444444444,0.030833333333333334,0.0050000000000000001,4,0,0,27905.907713371311,-1.9429815506503808e-05,1,4,0.0050000000000000001,0.075000000000000011,1,1,1,0,0,0,0,0,0,0.0025485394414422181,0.54997047614303773,0.14852099822137471,-0.90938582356942321,0.12911254731770364,0.075000000000000011,285,0.54997047614303773,0.14852099822137471,0.54997047614303773,0.14852099822137468,0,0.24888888888888888,0.00010006459776507675,0.020012919553015349,0.0025485394414422181,3.0034825352752808e-05,3.0034825352752422e-05,0.00050851287507778348,7.5524839814973617e-05,39,41763,1,2,0,1,13.457836
1276,167.05172958986279,197.03610593592819,0.17949156479661463,0.49999936761325725,-6.3238674274934681e-07,12.921400583123674,0.14944444444444444,0.030833333333333334,0.0050000000000000001,4,0,0,27908.839460015293,-2.4397727279998737e-05,1,4,0.0050000000000000001,0.075000000000000011,1,1,1,0,0,0,0,0,0,0.0032412803715310642,0.54713596711684964,0.23979714629871354,-0.90938582356942321,0.12911254731770364,0.075000000000000011,285,0.54713596711684964,0.23979714629871354,0.54713596711684964,0.23979714629871357,0,0.33833333333333332,9.0838368930229601e-05,0.018167673786045918,0.0032412803715310642,3.8198855507274461e-05,3.819885550727442e-05,0.00045413429676357045,0.0001089001084002773,66,41829,1,2,0,1,22.304154708333332
1277,167.05744798650335,197.04134649029183,0.17948256043161209,0.49999943147617948,-5.6852382052108297e-07,12.950390831078993,0.14944444444444444,0.030833333333333334,0.0050000000000000001,4,0,0,27900.310368708684,3.2634193800478642e-05,1,4,0.0050000000000000001,0.075000000000000011,1,1,1,0,0,0,0,0,0,0.00748409883364929,-0.91652384611836635,0.14308551728841373,-0.90938582356942321,0.12911254731770364,0.075000000000000011,285,-0.91652384611836635,0.14308551728841373,-0.91652384611836635,0.1430855172884137,0,0.85194444444444439,0.00014018536972981813,0.028037073945963626,0.00748409883364929,8.8200950605729064e-05,8.8200950605729105e-05,0.00049990877034184226,7.1529705001377317e-05,10,41839,1,2,0,1,4.209986625
1278,167.04308331259099,197.02624720184934,0.17949359706890866,0.49999927295710378,-7.2704289622027574e-07,12.935161581803614,0.14944444444444444,0.030833333333333334,0.0050000000000000001,4,0,0,27909.261189777284,-2.6787899733311793e-05,1,4,0.0050000000000000001,0.075000000000000011,1,1,1,0,0,0,0,0,0,0.0040690318593560064,-0.93150197807084245,0.10617614641353804,-0.90938582356942321,0.12911254731770364,0.075000000000000011,285,-0.93150197807084245,0.10617614641353804,-0.93150197807084245,0.10617614641353801,0,0.94305555555555554,0.00012624443112305568,0.025248886224611133,0.0040690318593560064,4.7954000343578968e-05,4.7954000343578683e-05,0.00052302948491438745,5.5533255168867384e-05,37,41876,1,2,0,1,12.241264125000001
1279,167.05234792455258,197.0357353937253,0.17948498085590756,0.49999928600735599,-7.1399264400806572e-07,12.927420954226369,0.14944444444444444,0.030833333333333334,0.0050000000000000001,4,0,0,27907.722939385814,-1.0451225691782344e-05,1,4,0.0050000000000000001,0.075000000000000011,1,1,1,0,0,0,0,0,0,0.0022627129723991135,0.78182185647563884,0.10573103201079614,-0.90938582356942321,0.1252389522336263,0.075000000000000011,285,0.78182185647563884,0.10573103201079614,0.78182185647563884,0.10573103201079612,0,0.096666666666666665,0.00011653567892865811,0.023307135785731622,0.0022627129723991135,2.6666328111036376e-05,2.6666328111036498e-05,0.00051717958012537665,5.4681930741566311e-05,55,41931,1,2,0,1,18.868693333333333
1280,167.05589025721079,197.0390585340385,0.17947986288100082,0.49999933828483173,-6.6171516827084886e-07,12.953741734526005,0.14944444444444444,0.030833333333333334,0.0050000000000000001,4,0,0,27900.70379605539,-8.4955624958516675e-06,1,4,0.0050000000000000001,0.075000000000000011,1,1,1,0,0,0,0,0,0,0.0069473332324333651,-0.87316030835309655,0.10691902497700033,-0.89102887308237744,0.12196896950929073,0.075000000000000011,285,-0.87316030835309655,0.10691902497700033,-0.87316030835309655,0.10691902497700032,0,0.88666666666666671,0.00013450686407664821,0.02690137281532964,0.0069473332324333651,8.1875107330271486e-05,8.1875107330271472e-05,0.00051344026980378662,5.4896533031348848e-05,13,41944,1,2,0,1,5.5138565000000002
1281,167.04331486566213,197.02523542240337,0.17948590508307979,0.499999319262736,-6.8073726400275092e-07,12.942263582782287,0.14944444444444444,0.030833333333333334,0.0050000000000000001,4,0,0,27907.674648162712,-1.0765558724219234e-05,1,4,0.0050000000000000001,0.075000000000000011,1,1,1,0,0,0,0,0,0,0.0030929456455995557,-0.94970937234286867,0.10884552591539134,-0.89102887308237744,0.12140989375421878,0.075000000000000011,285,-0.94970937234286867,0.10884552591539134,-0.94970937234286867,0.10884552591539134,0,0.98861111111111111,0.00012307166412567572,0.024614332825135143,0.0030929456455995557,3.6450713997414169e-05,3.6450713997414162e-05,0.00050102691127988631,5.4534537656023344e-05,27,41971,1,2,0,1,9.0256669583333338
1282,167.04965986837331,197.03170678154609,0.17947984411819287,0.4999994754944535,-5.245055464953019e-07,12.931804346062254,0.14944444444444444,0.030833333333333334,0.0050000000000000001,4,0,0,27907.239966678968,-1.2988917722671255e-05,1,4,0.0050000000000000001,0.075000000000000011,1,1,1,0,0,0,0,0,0,0.0031300333289491365,0.86443757389488907,0.10303301255416469,-0.89102887308237744,0.11847391116947324,0.075000000000000011,285,0.86443757389488907,0.10303301255416469,0.86443757389488907,0.10303301255416469,0,0.0094444444444444445,0.00010152104249890914,0.020304208499781828,0.0031300333289491365,3.6887796537330629e-05,3.6887796537330778e-05,0.00051017759986886466,5.2565135052142344e-05,33,42004,1,2,0,1,10.893153375000001
1283,167.05314739914655,197.03579330010211,0.17947968277015974,0.49999931340800929,-6.8659199070619792e-07,12.936121754342933,0.14944444444444444,0.030833333333333334,0.0050000000000000001,4,0,0,27906.190299319907,-1.1557720526989459e-05,1,4,0.0050000000000000001,0.075000000000000011,1,1,1,0,0,0,0,0,0,0.0013012976652441916,-0.74546774491941381,0.16287848695957258,-0.87139722020957744,0.11847391116947324,0.075000000000000011,285,-0.74546774491941381,0.16287848695957258,-0.74546774491941381,0.1628784869595726,0,0.78111111111111109,0.00010661752078997285,0.021323504157994569,0.0013012976652441916,1.5335940057273162e-05,1.5335940057273294e-05,0.00044539853741192682,7.2545839867661221e-05,34,42038,1,2,0,1,11.729843416666666
1284,167.05162721653983,197.03426727712929,0.17948128108758027,0.49999934827714909,-6.5172285090842053e-07,12.922784155776396,0.14944444444444444,0.030833333333333334,0.0050000000000000001,4,0,0,27907.847110378818,9.2686587234642284e-06,1,4,0.0050000000000000001,0.075000000000000011,1,1,1,0,0,0,0,0,0,0.0036959700160416834,-0.82520550485692334,0.16361234983635914,-0.84741981846149073,0.12002578679586406,0.075000000000000011,285,-0.82520550485692334,0.16361234983635914,-0.82520550485692334,0.16361234983635914,0,0.74722222222222223,0.00010283898680709111,0.020567797361418221,0.0036959700160416834,4.3557424356753787e-05,4.355742435675336e-05,0.00044516194219941415,7.2833991420963635e-05,67,42105,1,2,0,1,23.276159750000001
1285,167.05706814468144,197.03983608232258,0.17947620098105796,0.49999943478799974,-5.6521200025860807e-07,12.950974165249699,0.14944444444444444,0.030833333333333334,0.0050000000000000001,4,0,0,27900.45503848981,9.5839957442942811e-06,1,4,0.0050000000000000001,0.075000000000000011,1,1,1,0,0,0,0,0,0,0.007284575178407476,-0.94499481716665157,0.14649323547905871,-0.87139722020957744,0.12230296964888075,0.075000000000000011,285,-0.94499481716665157,0.14649323547905871,-0.94499481716665157,0.14649323547905874,0,0.88277777777777777,0.00014375730968022043,0.028751461936044085,0.007284575178407476,8.5849541778585506e-05,8.5849541778585317e-05,0.0005009766586252471,7.338969162150033e-05,10,42115,1,2,0,1,4.1395417083333337
1286,167.04305333921482,197.02525651628903,0.17948787799148561,0.49999943273917974,-5.6726082026115066e-07,12.933516320701502,0.14944444444444444,0.030833333333333334,0.0050000000000000001,4,0,0,27909.378915144818,-9.0647047349887155e-07,1,4,0.0050000000000000001,0.075000000000000011,1,1,1,0,0,0,0,0,0,0.0044582953657634058,-0.96686845478851458,0.11989239505838414,-0.87139722020957744,0.11849109963475134,0.075000000000000011,285,-0.96686845478851458,0.11989239505838414,-0.96686845478851458,0.11989239505838413,0,0.93888888888888888,9.7612789001720769e-05,0.019522557800344155,0.0044582953657634058,5.2541514761064392e-05,5.2541514761064277e-05,0.00051531931787903698,6.178286724037054e-05,39,42154,1,2,0,1,13.390969916666666
1287,167.05300986821962,197.03490653750097,0.179475345538118,0.49999935192804024,-6.4807195976346321e-07,12.921459289849052,0.14944444444444444,0.030833333333333334,0.0050000000000000001,4,0,0,27908.526026446681,-2.8420830927142721e-05,1,4,0.0050000000000000001,0.075000000000000011,1,1,1,0,0,0,0,0,0,0.0032834725113674826,0.89833474906416744,0.21315330346681058,-0.84741981846149073,0.12370426507251356,0.075000000000000011,285,0.89833474906416744,0.21315330346681058,0.89833474906416744,0.21315330346681052,0,0.06277777777777778,9.811979497703952e-05,0.019623958995407902,0.0032834725113674826,3.8696094643792834e-05,3.8696094643792515e-05,0.00046581446191710032,9.9289891360244761e-05,63,42217,1,2,0,1,21.67756125
1288,167.05784967158755,197.03949533259458,0.17946864346660019,0.49999942590012036,-5.7409987963552567e-07,12.950307166908198,0.14944444444444444,0.030833333333333334,0.0050000000000000001,4,0,0,27900.566031133971,3.0994889058006673e-05,1,4,0.0050000000000000001,0.075000000000000011,1,1,1,0,0,0,0,0,0,0.0074183155880369056,-0.94443146872611294,0.130961934883815,-0.87139722020957744,0.12911254731770364,0.075000000000000011,285,-0.94443146872611294,0.130961934883815,-0.94443146872611294,0.130961934883815,0,0.94833333333333336,0.00014670242470733659,0.029340484941467317,0.0074183155880369056,8.7425687621379443e-05,8.7425687621379348e-05,0.00050528614919490098,6.6173251768556258e-05,10,42227,1,2,0,1,4.0609259583333337
1289,167.04327306540907,197.02456661078395,0.17948219641047813,0.49999935049793842,-6.49502061578211e-07,12.934020381704075,0.14944444444444444,0.030833333333333334,0.0050000000000000001,4,0,0,27909.138891746505,-7.9240480351074035e-06,1,4,0.0050000000000000001,0.075000000000000011,1,1,1,0,0,0,0,0,0,0.0043099921695759595,-0.95162533143953421,0.10158508807180651,-0.89102887308237744,0.12911254731770364,0.075000000000000011,285,-0.95162533143953421,0.10158508807180651,-0.95162533143953421,0.10158508807180652,0,0.95777777777777773,0.00011528786813238436,0.023057573626476872,0.0043099921695759595,5.0793744832801352e-05,5.079374483280165e-05,0.00052941356591666624,5.3780523720053683e-05,39,42266,1,2,0,1,12.726915541666667
1290,167.05295854710275,197.03426453571643,0.17947186478687874,0.49999950794274606,-4.9205725394241284e-07,12.917726565816587,0.14944444444444444,0.030833333333333334,0.0050000000000000001,4,0,0,27908.489906158837,-1.894562528397735e-06,1,4,0.0050000000000000001,0.075000000000000011,1,1,1,0,0,0,0,0,0,0.0044759763778754518,0.8495303732693622,0.24361475420537027,-0.89102887308237744,0.13083544721628965,0.075000000000000011,285,0.8495303732693622,0.24361475420537027,0.8495303732693622,0.24361475420537024,0,0.11805555555555555,9.1569435558350417e-05,0.018313887111670084,0.0044759763778754518,5.2749887487108874e-05,5.2749887487108582e-05,0.00050028834607350318,0.0001218776224605077,76,42342,1,2,0,1,26.380135541666668
1291,167.05907109805551,197.04005963368283,0.17946339781830789,0.49999932419189708,-6.7580810292344751e-07,12.949042795856855,0.14944444444444444,0.030833333333333334,0.0050000000000000001,4,0,0,27900.679552942809,2.5437586631222102e-05,1,4,0.0050000000000000001,0.075000000000000011,1,1,1,0,0,0,0,0,0,0.0080498047634448688,-0.93536926664615039,0.10433711800023504,-0.89102887308237744,0.13083544721628965,0.075000000000000011,285,-0.93536926664615039,0.10433711800023504,-0.93536926664615039,0.10433711800023505,0,0.8666666666666667,0.00017043082393186797,0.034086164786373593,0.0080498047634448688,9.4867858924327304e-05,9.4867858924327426e-05,0.00055870549100041659,5.8293720741889726e-05,9,42351,1,2,0,1,3.6266126249999999
1292,167.042843785819,197.02344929155615,0.17947853871655847,0.49999945149228653,-5.4850771347147997e-07,12.931700858449648,0.14944444444444444,0.030833333333333334,0.0050000000000000001,4,0,0,27909.574144619502,5.1562631080450635e-06,1,4,0.0050000000000000001,0.075000000000000011,1,1,1,0,0,0,0,0,0,0.0045179928861507415,-0.95891028120245025,0.086241208383985204,-0.91271064196501239,0.12911254731770364,0.075000000000000011,285,-0.95891028120245025,0.086241208383985204,-0.95891028120245025,0.086241208383985232,0,0.87638888888888888,0.00010389568662851863,0.020779137325703724,0.0045179928861507415,5.3245056785829507e-05,5.3245056785829547e-05,0.00057506275124891539,4.959410656432556e-05,38,42389,1,2,0,1,12.963043750000001
1293,167.05389855657987,197.03446346553989,0.17946641873075372,0.49999947014163593,-5.2985836407337672e-07,12.917429080115292,0.14944444444444444,0.030833333333333334,0.0050000000000000001,4,0,0,27909.037362029812,1.4965626670349249e-05,1,4,0.0050000000000000001,0.075000000000000011,1,1,1,0,0,0,0,0,0,0.0039633361849982767,0.86245633179875891,0.12816235047904675,-0.8948420772357315,0.12943565501390553,0.075000000000000011,285,0.86245633179875891,0.12816235047904675,0.86245633179875891,0.12816235047904678,0,0.099166666666666667,8.8329864325180059e-05,0.01766597286503601,0.0039633361849982767,4.6708364875571706e-05,4.670836487557197e-05,0.00060643517606721398,7.7722157577948708e-05,74,42463,1,2,0,1,24.543762458333333
1294,167.05922997159036,197.03928402749614,0.17945763344536012,0.49999932214615556,-6.7785384444407626e-07,12.948909855732611,0.14944444444444444,0.030833333333333334,0.0050000000000000001,4,0,0,27900.275651134922,3.7245172054374749e-06,1,4,0.0050000000000000001,0.075000000000000011,1,1,1,0,0,0,0,0,0,0.0080716859673816456,-0.93904682747576007,0.14561097124394681,-0.8948420772357315,0.12956214268143088,0.075000000000000011,285,-0.93904682747576007,0.14561097124394681,-0.93904682747576007,0.14561097124394684,0,0.95305555555555554,0.0001791401506003815,0.0358280301200763,0.0080716859673816456,9.5125731385730986e-05,9.5125731385730809e-05,0.00065800348309619141,9.5812526255536378e-05,9,42472,1,2,0,1,3.6385262083333334
1295,167.04289678118406,197.0226778384262,0.17947354622635539,0.49999944213870473,-5.5786129526946837e-07,12.931854302479739,0.14944444444444444,0.030833333333333334,0.0050000000000000001,4,0,0,27909.55392944382,-1.9981144157976494e-05,1,4,0.0050000000000000001,0.075000000000000011,1,1,1,0,0,0,0,0,0,0.0044825194090781445,-0.95434991756905152,0.1228632142948286,-0.92401291209460434,0.12551278238693769,0.075000000000000011,285,-0.95434991756905152,0.1228632142948286,-0.95434991756905152,0.1228632142948286,0,0.87305555555555558,0.00010630758217017716,0.02126151643403543,0.0044825194090781445,5.282699784932453e-05,5.2826997849324814e-05,0.00062498093916693099,7.6787167059049884e-05,38,42510,1,2,0,1,12.715589083333333
1296,167.053883835204,197.03373138713167,0.17946214038041944,0.49999947653082738,-5.2346917261969494e-07,12.917486079043513,0.14944444444444444,0.030833333333333334,0.0050000000000000001,4,0,0,27909.087884241122,3.2164103100093999e-05,1,4,0.0050000000000000001,0.075000000000000011,1,1,1,0,0,0,0,0,0,0.0039836855207554187,0.85719111114511992,0.12087657521919572,-0.92401291209460434,0.12186989475701215,0.075000000000000011,285,0.85719111114511992,0.12087657521919572,0.85719111114511992,0.12087657521919573,0,0.10305555555555555,8.7674611168916055e-05,0.017534922233783209,0.0039836855207554187,4.6948184097346991e-05,4.6948184097347181e-05,0.00061938760850321385,7.4869452849076479e-05,74,42584,1,2,0,1,24.995740666666666
1297,167.059275641493,197.03859885903381,0.17945320966119857,0.49999932724047907,-6.7275952092549218e-07,12.949063934669189,0.14944444444444444,0.030833333333333334,0.0050000000000000001,4,0,0,27900.252691354483,2.9187994182290146e-05,1,4,0.0050000000000000001,0.075000000000000011,1,1,1,0,0,0,0,0,0,0.0080957091757816596,-0.94168965677565608,0.14651447338629681,-0.93343562235849642,0.12186989475701215,0.075000000000000011,285,-0.94168965677565608,0.14651447338629681,-0.94168965677565608,0.14651447338629683,0,0.95277777777777772,0.00017038524763035202,0.034077049526070401,0.0080957091757816596,9.5408847611822776e-05,9.54088476118226e-05,0.000676100361471244,9.9058488417244229e-05,9,42593,1,2,0,1,3.824260625
1298,167.04289045246688,197.02196100299179,0.17946929958719582,0.49999945284301034,-5.4715698966090187e-07,12.933376990959347,0.14944444444444444,0.030833333333333334,0.0050000000000000001,4,0,0,27909.49764108305,-2.989943216278569e-05,1,4,0.0050000000000000001,0.075000000000000011,1,1,1,0,0,0,0,0,0,0.0042372358904941843,-0.94027081904445542,0.11811983054296377,-0.93720804706095517,0.12186989475701215,0.075000000000000011,285,-0.94027081904445542,0.11811983054296377,-0.94027081904445542,0.11811983054296377,0,0.90638888888888891,0.00010650596520125255,0.021301193040250511,0.0042372358904941843,4.9936303860924281e-05,4.9936303860924355e-05,0.00063861097771078902,7.5432620470074807e-05,39,42632,1,2,0,1,13.046966958333334
1299,167.05343380520776,197.03245289270356,0.1794576645605068,0.49999938993583254,-6.100641674611218e-07,12.920750852108862,0.14944444444444444,0.030833333333333334,0.0050000000000000001,4,0,0,27908.683717872122,3.3265270840399161e-05,1,4,0.0050000000000000001,0.075000000000000011,1,1,1,0,0,0,0,0,0,0.0034178117895738969,0.83656340417524955,0.10814460403886038,-0.93720804706095517,0.12186989475701215,0.075000000000000011,285,0.83656340417524955,0.10814460403886038,0.83656340417524955,0.10814460403886039,0,0.11694444444444445,9.3096670115134123e-05,0.018619334023026825,0.0034178117895738969,4.027929822045053e-05,4.0279298220450401e-05,0.00062809653109843777,6.7925250653822308e-05,68,42700,1,2,0,1,23.52484875
1300,167.05855322328108,197.03724822320925,0.17945022521451101,0.49999943296852695,-5.6703147305325885e-07,12.950213430453141,0.14944444444444444,0.030833333333333334,0.0050000000000000001,4,0,0,27900.483815663032,2.6559943597684012e-05,1,4,0.0050000000000000001,0.075000000000000011,1,1,1,0,0,0,0,0,0,0.0075934379699214892,-0.94773862214137727,0.16741917452463131,-0.93965882326010775,0.12551278238693769,0.075000000000000011,285,-0.94773862214137727,0.16741917452463131,-0.94773862214137727,0.16741917452463131,0,0.91055555555555556,0.00015252660612989727,0.030505321225979456,0.0075934379699214892,8.9489524684181597e-05,8.9489524684181204e-05,0.00066483616829551037,0.0001113063224901532,11,42711,1,2,0,1,4.4553411250000003
1301,167.04419523096416,197.02236818951047,0.17946252437624005,0.49999945559737663,-5.4440262337029921e-07,12.933259126861174,0.14944444444444444,0.030833333333333334,0.0050000000000000001,4,0,0,27910.01462471734,-3.0030380219116851e-05,1,4,0.0050000000000000001,0.075000000000000011,1,1,1,0,0,0,0,0,0,0.0043807300594786306,-0.9628836597229965,0.11649161097563759,-0.93965882326010775,0.12551278238693769,0.075000000000000011,285,-0.9628836597229965,0.11649161097563759,-0.9628836597229965,0.11649161097563758,0,0.97777777777777775,9.591787135529152e-05,0.019183574271058303,0.0043807300594786306,5.1627398860084784e-05,5.1627398860084798e-05,0.00062159570823126765,7.2410685427402763e-05,40,42751,1,2,0,1,13.390290500000001
1302,167.05401560325942,197.03207432740243,0.1794512907450164,0.49999950866582415,-4.9133417584501515e-07,12.919089881286027,0.14944444444444444,0.030833333333333334,0.0050000000000000001,4,0,0,27908.544285306172,2.8487658980893467e-05,1,4,0.0050000000000000001,0.075000000000000011,1,1,1,0,0,0,0,0,0,0.0040027131615056845,0.86975393027678471,0.11004269512831966,-0.93965882326010775,0.12551278238693769,0.075000000000000011,285,0.86975393027678471,0.11004269512831966,0.86975393027678471,0.11004269512831967,0,0.10444444444444445,7.6657342862368333e-05,0.015331468572473667,0.0040027131615056845,4.717242699408856e-05,4.717242699408854e-05,0.00061552307843952667,6.773381846516562e-05,70,42821,1,2,0,1,24.106280458333334
1303,167.05906174033748,197.03689284624366,0.17944450779031185,0.49999953207335024,-4.6792664976091913e-07,12.949535971801476,0.14944444444444444,0.030833333333333334,0.0050000000000000001,4,0,0,27900.248909161488,1.6432568493124169e-05,1,4,0.0050000000000000001,0.075000000000000011,1,1,1,0,0,0,0,0,0,0.0077413114717011346,-0.91863798238778238,0.16410022423127543,-0.93965882326010775,0.12551278238693769,0.075000000000000011,285,-0.91863798238778238,0.16410022423127543,-0.91863798238778238,0.16410022423127543,0,0.88527777777777783,0.00014657838926542604,0.029315677853085208,0.0077413114717011346,9.1232230615284732e-05,9.1232230615284732e-05,0.00066004694417923942,0.00010831385154298133,8,42829,1,2,0,1,3.221780125
1304,167.04278694285657,197.02056394109184,0.17946166695895902,0.49999948598676597,-5.1401323403199584e-07,12.93492866243475,0.14944444444444444,0.030833333333333334,0.0050000000000000001,4,0,0,27909.80203399371,-2.5262437541826297e-05,1,4,0.0050000000000000001,0.075000000000000011,1,1,1,0,0,0,0,0,0,0.0039352687514447099,-0.93152048741774818,0.11256736170515023,-0.93965882326010775,0.12186989475701215,0.075000000000000011,285,-0.93152048741774818,0.11256736170515023,-0.93152048741774818,0.11256736170515023,0,0.89694444444444443,9.4369027498688701e-05,0.018873805499737741,0.0039352687514447099,4.6377586998967872e-05,4.6377586998967425e-05,0.00061129879979247609,6.881229310616387e-05,34,42863,1,2,0,1,11.271706625
1305,167.05296558817219,197.03098684491835,0.17945219440551308,0.49999951363964051,-4.8636035948623757e-07,12.922644993291804,0.14944444444444444,0.030833333333333334,0.0050000000000000001,4,0,0,27908.310949901483,3.6007140549272662e-05,1,4,0.0050000000000000001,0.075000000000000011,1,1,1,0,0,0,0,0,0,0.0034809873601705948,0.77985877885046273,0.10151695026485492,-0.93720804706095517,0.12038448513878994,0.075000000000000011,285,0.77985877885046273,0.10151695026485492,0.77985877885046273,0.10151695026485494,0,0.15777777777777777,9.1401948665996414e-05,0.018280389733199284,0.0034809873601705948,4.1023829460021437e-05,4.1023829460021315e-05,0.0005994956314031726,6.0858968197153675e-05,63,42926,1,2,0,1,21.422686083333332
1306,167.05738948874301,197.0349351345717,0.17944459528292037,0.49999929009733168,-7.0990266831660875e-07,12.950769337051376,0.14944444444444444,0.030833333333333334,0.0050000000000000001,4,0,0,27900.481857070856,-1.0530065598309907e-06,1,4,0.0050000000000000001,0.075000000000000011,1,1,1,0,0,0,0,0,0,0.0071802998952655711,-0.92774552886789885,0.17331812743551284,-0.93344487703194923,0.12186989475701215,0.075000000000000011,285,-0.92774552886789885,0.17331812743551284,-0.92774552886789885,0.17331812743551286,0,0.88,0.00014835275511856569,0.029670551023713139,0.0071802998952655711,8.4620645781589038e-05,8.4620645781589105e-05,0.00063716809308741454,0.00011043278075556722,9,42935,1,2,0,1,3.6447390416666665
1307,167.04291495576143,197.02051693005856,0.17946048165069559,0.49999946150467212,-5.3849532788419197e-07,12.933442924007451,0.14944444444444444,0.030833333333333334,0.0050000000000000001,4,0,0,27909.340128220363,-3.0848927500154513e-05,1,4,0.0050000000000000001,0.075000000000000011,1,1,1,0,0,0,0,0,0,0.0045420601651673578,-0.95975310290028082,0.12121179817890596,-0.93720804706095517,0.12104418669905084,0.075000000000000011,285,-0.95975310290028082,0.12121179817890596,-0.95975310290028082,0.12121179817890597,0,0.91027777777777774,0.00010330663686831853,0.020661327373663704,0.0045420601651673578,5.3528692389118811e-05,5.35286923891194e-05,0.00059528793786471136,7.21559213827945e-05,39,42974,1,2,0,1,13.246204333333333
1308,167.05356479502822,197.03112248183703,0.17944877574801077,0.4999994963097239,-5.0369027609908912e-07,12.918097410461693,0.14944444444444444,0.030833333333333334,0.0050000000000000001,4,0,0,27909.011754432209,3.1362513648130901e-05,1,4,0.0050000000000000001,0.075000000000000011,1,1,1,0,0,0,0,0,0,0.00423339580796452,0.86628935020550646,0.1221364702714903,-0.93344487703194923,0.12104418669905084,0.075000000000000011,285,0.86628935020550646,0.1221364702714903,0.86628935020550646,0.12213647027149031,0,0.11861111111111111,9.0860922513531474e-05,0.018172184502706294,0.00423339580796452,4.989104805430692e-05,4.9891048054306628e-05,0.00059524268205809366,7.2700840141510511e-05,74,43048,1,2,0,1,24.961637666666668
1309,167.05930982607649,197.03656936764204,0.17944081998647388,0.4999993258577643,-6.7414223570150256e-07,12.949622898305101,0.14944444444444444,0.030833333333333334,0.0050000000000000001,4,0,0,27900.270452564364,-2.3850250461781277e-06,1,4,0.0050000000000000001,0.075000000000000011,1,1,1,0,0,0,0,0,0,0.0080896534196188349,-0.9363663130328016,0.1535266676659241,-0.93344487703194923,0.12167413422519813,0.075000000000000011,285,-0.9363663130328016,0.1535266676659241,-0.9363663130328016,0.15352666766592413,0,0.90833333333333333,0.00016997595026947929,0.033995190053895855,0.0080896534196188349,9.5337479841023685e-05,9.5337479841023441e-05,0.0006503008636786667,9.9838524580858084e-05,9,43057,1,2,0,1,3.6217057499999998
1310,167.04294150638654,197.01991367638524,0.17945668281262034,0.49999946882663493,-5.3117336507035873e-07,12.935101277181104,0.14944444444444444,0.030833333333333334,0.0050000000000000001,4,0,0,27909.512508935477,-3.0901996866508131e-05,1,4,0.0050000000000000001,0.075000000000000011,1,1,1,0,0,0,0,0,0,0.0039631099960644525,-0.92722360469139931,0.11733950347352039,-0.93344487703194923,0.12104418669905084,0.075000000000000011,285,-0.92722360469139931,0.11733950347352039,-0.92722360469139931,0.11733950347352039,0,0.87749999999999995,9.6988492208950248e-05,0.01939769844179005,0.0039631099960644525,4.6705699213422765e-05,4.670569921342292e-05,0.00060751703820790832,7.1285747615019675e-05,35,43092,1,2,0,1,11.627544083333333
1311,167.05312668571796,197.03022838637577,0.17944651677819015,0.4999994859069628,-5.140930371960728e-07,12.921423959513218,0.14944444444444444,0.030833333333333334,0.0050000000000000001,4,0,0,27908.602594674321,3.0141190183883929e-05,1,4,0.0050000000000000001,0.075000000000000011,1,1,1,0,0,0,0,0,0,0.0038022403025788389,0.78580295196996319,0.11287833310389234,-0.92963300814282346,0.12104418669905084,0.075000000000000011,285,0.78580295196996319,0.11287833310389234,0.78580295196996319,0.11287833310389232,0,0.15222222222222223,9.4433381276209642e-05,0.018886676255241926,0.0038022403025788389,4.4809831694238121e-05,4.4809831694238175e-05,0.00060069947104206159,6.7805954987617759e-05,67,43159,1,2,0,1,22.276201541666666
1312,167.05815129722879,197.0348727371501,0.17943884334375829,0.49999929495995993,-7.0504004007210241e-07,12.950870294763728,0.14944444444444444,0.030833333333333334,0.0050000000000000001,4,0,0,27900.281220071094,-8.3707224672056922e-06,1,4,0.0050000000000000001,0.075000000000000011,1,1,1,0,0,0,0,0,0,0.0075278077256722455,-0.93273335918528566,0.16500859241125101,-0.92963300814282346,0.12167413422519813,0.075000000000000011,285,-0.93273335918528566,0.16500859241125101,-0.93273335918528566,0.16500859241125096,0,0.90388888888888885,0.00015560742238432119,0.031121484476864237,0.0075278077256722455,8.8716064838188769e-05,8.8716064838188538e-05,0.00064224310888616161,0.00010597563138313134,9,43168,1,2,0,1,3.6345730833333332
1313,167.04277707776606,197.01941182371417,0.17945483947499632,0.4999993403257974,-6.5967420259660514e-07,12.934420456145887,0.14944444444444444,0.030833333333333334,0.0050000000000000001,4,0,0,27909.320161487245,-3.4290143947864661e-05,1,4,0.0050000000000000001,0.075000000000000011,1,1,1,0,0,0,0,0,0,0.0044053549053103659,-0.94284175494063638,0.12106332928922482,-0.93212692330151692,0.1211375637340654,0.075000000000000011,285,-0.94284175494063638,0.12106332928922482,-0.94284175494063638,0.12106332928922482,0,0.9094444444444445,0.00011492095387360421,0.022984190774720841,0.0044053549053103659,5.1917605451306343e-05,5.1917605451306147e-05,0.00060292848372218305,7.299252956271167e-05,39,43207,1,2,0,1,13.060241375
1314,167.0532726514887,197.02973446521887,0.17944252954725357,0.49999939497326396,-6.0502673604467816e-07,12.919099068435219,0.14944444444444444,0.030833333333333334,0.0050000000000000001,4,0,0,27909.004026918414,2.9709062934243662e-05,1,4,0.0050000000000000001,0.075000000000000011,1,1,1,0,0,0,0,0,0,0.0041540414511487909,0.84582523463768966,0.12350822797474247,-0.92963300814282346,0.1211375637340654,0.075000000000000011,285,0.84582523463768966,0.12350822797474247,0.84582523463768966,0.12350822797474244,0,0.092222222222222219,8.7907367604510848e-05,0.017581473520902169,0.0041540414511487909,4.8955847990621937e-05,4.8955847990621991e-05,0.00060550674471383759,7.4785065066360838e-05,72,43279,1,2,0,1,24.628899666666666
1315,167.05933797949459,197.03563854421532,0.17943504940980984,0.49999932166541333,-6.783345866678836e-07,12.950271191880624,0.14944444444444444,0.030833333333333334,0.0050000000000000001,4,0,0,27900.271279109511,-7.2881588045822344e-06,1,4,0.0050000000000000001,0.075000000000000011,1,1,1,0,0,0,0,0,0,0.0079904125395792256,-0.9448779285919513,0.1466582518088474,-0.92963300814282346,0.1211375637340654,0.075000000000000011,285,-0.9448779285919513,0.1466582518088474,-0.9448779285919513,0.1466582518088474,0,0.93555555555555558,0.0001563285344467056,0.031265706889341119,0.0079904125395792256,9.4167914853574876e-05,9.4167914853574713e-05,0.00065865083010739102,9.6596579295996123e-05,9,43288,1,2,0,1,3.6102289583333333
1316,167.042967813133,197.01893220840077,0.1794506215239253,0.49999943727072643,-5.6272927356770808e-07,12.934697654146209,0.14944444444444444,0.030833333333333334,0.0050000000000000001,4,0,0,27909.471016698557,-3.1643424056021914e-05,1,4,0.0050000000000000001,0.075000000000000011,1,1,1,0,0,0,0,0,0,0.0041922070006632619,-0.93906510539694743,0.11661846684922746,-0.93212692330151692,0.1211375637340654,0.075000000000000011,285,-0.93906510539694743,0.11661846684922746,-0.93906510539694743,0.11661846684922746,0,0.92222222222222228,0.0001046378004768663,0.020927560095373259,0.0041922070006632619,4.9405633305111829e-05,4.9405633305112188e-05,0.00062343581763091413,7.270412923101177e-05,39,43327,1,2,0,1,13.297082958333334
1317,167.05335632493481,197.02949148614343,0.17944048428995438,0.49999941889466409,-5.8110533590616242e-07,12.923743370186616,0.14944444444444444,0.030833333333333334,0.0050000000000000001,4,0,0,27908.082235518963,3.1408057596773022e-05,1,4,0.0050000000000000001,0.075000000000000011,1,1,1,0,0,0,0,0,0,0.0030779130414709263,0.79532139758972009,0.10259615245104448,-0.92963300814282346,0.11959157991609429,0.075000000000000011,285,0.79532139758972009,0.10259615245104448,0.79532139758972009,0.10259615245104448,0,0.13055555555555556,0.00010006977592101207,0.020013955184202414,0.0030779130414709263,3.6273553058776723e-05,3.6273553058776954e-05,0.00060618067830057163,6.2191805283802994e-05,61,43388,1,2,0,1,21.164204250000001
1318,167.05733110176837,197.03284120945023,0.17943247333109438,0.4999994626038457,-5.3739615429870824e-07,12.951722376796196,0.14944444444444444,0.030833333333333334,0.0050000000000000001,4,0,0,27901.118086659171,-5.6643085610450293e-06,1,4,0.0050000000000000001,0.075000000000000011,1,1,1,0,0,0,0,0,0,0.0072502408869630393,-0.92413174778584484,0.17709084209617201,-0.92748456677964908,0.1211375637340654,0.075000000000000011,285,-0.92413174778584484,0.17709084209617201,-0.92413174778584484,0.17709084209617199,0,0.8880555555555556,0.00014637736939526923,0.029275473879053843,0.0072502408869630393,8.5444908273458903e-05,8.5444908273458889e-05,0.00064173453851972386,0.00011364530982865623,11,43399,1,2,0,1,4.6496730416666665
1319,167.04380051711485,197.0188592712741,0.17944430539395018,0.49999947912431203,-5.208756879704346e-07,12.936614584101028,0.14944444444444444,0.030833333333333334,0.0050000000000000001,4,0,0,27909.098149052861,-3.2209328334243375e-05,1,4,0.0050000000000000001,0.075000000000000011,1,1,1,0,0,0,0,0,0,0.0040100033070095799,-0.93237377697807489,0.11582870838039215,-0.92963300814282346,0.1211375637340654,0.075000000000000011,285,-0.93237377697807489,0.11582870838039215,-0.93237377697807489,0.11582870838039218,0,0.90361111111111114,9.9501256264239682e-05,0.019900251252847934,0.0040100033070095799,4.7258342182782584e-05,4.7258342182782733e-05,0.00059365540086148323,6.8762338304829547e-05,34,43433,1,2,0,1,11.341640291666666
1320,167.05300704339265,197.02787711427294,0.17943328648429657,0.49999935886931618,-6.411306838205455e-07,12.920933368036048,0.14944444444444444,0.030833333333333334,0.0050000000000000001,4,0,0,27908.782698180654,2.9572749009654085e-05,1,4,0.0050000000000000001,0.075000000000000011,1,1,1,0,0,0,0,0,0,0.0042797620038644568,0.84349836570913761,0.11873883675688886,-0.92748456677964908,0.11990108302305684,0.075000000000000011,285,0.84349836570913761,0.11873883675688886,0.84349836570913761,0.11873883675688889,0,0.12194444444444444,9.0019453739035066e-05,0.018003890747807012,0.0042797620038644568,5.043747891328474e-05,5.0437478913284489e-05,0.00059738718056134496,7.0933058913331631e-05,66,43499,1,2,0,1,22.514937374999999
1321,167.05892323764627,197.0334814086672,0.17942506506151265,0.49999938666034444,-6.1333965556409353e-07,12.949929536800974,0.14944444444444444,0.030833333333333334,0.0050000000000000001,4,0,0,27900.599925001938,-5.3967105582349075e-06,1,4,0.0050000000000000001,0.075000000000000011,1,1,1,0,0,0,0,0,0,0.0073668839406995385,-0.93856655284064838,0.15767604615122582,-0.92748456677964908,0.1211375637340654,0.075000000000000011,285,-0.93856655284064838,0.15767604615122582,-0.93856655284064838,0.15767604615122585,0,0.91055555555555556,0.00014878548089331464,0.029757096178662928,0.0073668839406995385,8.6819559844715329e-05,8.6819559844715234e-05,0.00063939690871182191,0.00010081757648699636,9,43508,1,2,0,1,3.6298235000000001
1322,167.04402587177785,197.01852665352706,0.17944072303883224,0.49999944335827651,-5.5664172349256802e-07,12.93268109161872,0.14944444444444444,0.030833333333333334,0.0050000000000000001,4,0,0,27909.805726182116,-2.9013674001581345e-05,1,4,0.0050000000000000001,0.075000000000000011,1,1,1,0,0,0,0,0,0,0.0044686445812058767,-0.96104127252794147,0.12916665580795073,-0.92963300814282346,0.12167413422519813,0.075000000000000011,285,-0.96104127252794147,0.12916665580795073,-0.96104127252794147,0.12916665580795073,0,0.92833333333333334,0.00010329176243417375,0.020658352486834751,0.0044686445812058767,5.2663481434719917e-05,5.2663481434719992e-05,0.0006033443253083533,7.7931968800784329e-05,38,43546,1,2,0,1,12.710655166666667
1323,167.05442589747491,197.02890518917164,0.17942942325929601,0.49999915893893743,-8.4106106257308966e-07,12.932904774070494,0.14944444444444444,0.030833333333333334,0.0050000000000000001,4,0,0,27907.394727267092,3.4727440235153861e-05,1,4,0.0050000000000000001,0.075000000000000011,1,1,1,0,0,0,0,0,0,0.00075531032288894662,0.051883789397863631,0.093390242876254081,-0.92963300814282346,0.1211375637340654,0.075000000000000011,285,0.051883789397863631,0.093390242876254081,0.051883789397863631,0.093390242876254068,0,0.28055555555555556,0.00010046802457623741,0.020093604915247483,0.00075531032288894662,8.9014175202495817e-06,8.9014175202495038e-06,0.00056032813737729662,5.2329180840064792e-05,40,43586,1,2,0,1,13.704140958333333
1324,167.05430117907636,197.02854612931225,0.17942815443048393,0.49999921369997613,-7.863000238694795e-07,12.936557949466302,0.14944444444444444,0.03111111111111111,0.0050000000000000001,4,0,0,27906.442180268175,-4.6791646112712094e-06,1,4,0.0050000000000000001,0.075000000000000011,1,1,1,0,0,0,0,0,0,0.0010252535062883498,0.37337373084859993,0.14136674449766357,-0.92748456677964908,0.12167413422519813,0.075000000000000011,285,0.37337373084859993,0.14136674449766357,0.37337373084859993,0.14136674449766357,0,0.56027777777777776,9.8706529740246487e-05,0.019741305948049296,0.0010252535062883498,1.2082728445529613e-05,1.2082728445529403e-05,0.00052345501783220407,7.3999131761905119e-05,34,43620,1,2,0,1,12.141296583333334
1325,167.05267947545573,197.02704695885714,0.17943062977212168,0.49999936746311668,-6.3253688331599278e-07,12.933695749738458,0.14944444444444444,0.03111111111111111,0.0050000000000000001,4,0,0,27906.975532024335,-1.0999730687577272e-05,1,4,0.0050000000000000001,0.075000000000000011,1,1,1,0,0,0,0,0,0,0.00097701103440243518,-0.53494195223515073,0.16847555274828804,-0.92748456677964908,0.12282234912311638,0.075000000000000011,285,-0.53494195223515073,0.16847555274828804,-0.53494195223515073,0.16847555274828807,0,0.69999999999999996,0.0001163323842982085,0.023266476859641699,0.00097701103440243518,1.1514185462000753e-05,1.151418546200048e-05,0.00044080128844062988,7.4264240722192673e-05,40,43660,1,2,0,1,13.459049333333333
1326,167.05382024736255,197.0281498003705,0.1794291774269148,0.4999993004649283,-6.9953507170206208e-07,12.94286646215283,0.14944444444444444,0.03111111111111111,0.0050000000000000001,4,0,0,27905.444843057678,4.1834934043762263e-05,1,4,0.0050000000000000001,0.075000000000000011,1,1,1,0,0,0,0,0,0,0.002366043987369287,-0.72884620962154412,0.13468749771335609,-0.92567767623862207,0.12282234912311638,0.075000000000000011,285,-0.72884620962154412,0.13468749771335609,-0.72884620962154412,0.13468749771335609,0,0.77416666666666667,0.0001057395879361688,0.02114791758723376,0.002366043987369287,2.7884095800908011e-05,2.7884095800908069e-05,0.00041927975093642572,5.6471740495506352e-05,23,43683,1,2,0,1,8.2651487083333333
1327,167.04937182354863,197.02399007286394,0.17943568372694621,0.49999940927494196,-5.9072505803614561e-07,12.940681111491681,0.14944444444444444,0.03111111111111111,0.0050000000000000001,4,0,0,27905.518657814209,-4.8054735971562579e-06,1,4,0.0050000000000000001,0.075000000000000011,1,1,1,0,0,0,0,0,0,0.0010525544577046676,-0.53465100201519766,0.17608237606063273,-0.82648897870369442,0.1263374418913466,0.075000000000000011,285,-0.53465100201519766,0.17608237606063273,-0.53465100201519766,0.17608237606063271,0,0.6825,0.00019112955789399953,0.038225911578799905,0.0010525544577046676,1.2404473243518326e-05,1.2404473243518704e-05,0.00039541067112116744,6.9624850490744572e-05,17,43700,1,2,0,1,5.9006147916666665
1328,167.04995340799186,197.0250634546681,0.17943800303533752,0.49999829266847989,-1.7073315201066031e-06,12.949730539398269,0.14944444444444444,0.03111111111111111,0.0050000000000000001,4,0,0,27903.520549947523,-9.4842994450813367e-06,1,4,0.0050000000000000001,0.075000000000000011,1,1,1,0,0,0,0,0,0,0.0031831300998557146,-0.44244684936206413,0.15550945805957053,-0.82648897870369442,0.13192707676065341,0.075000000000000011,285,-0.44244684936206413,0.15550945805957053,-0.44244684936206413,0.1555094580595705,0,0.7713888888888889,0.0003167956765094835,0.063359135301896699,0.0031831300998557146,3.75135479834498e-05,3.7513547983450112e-05,0.00034747931083115865,5.4036319314266538e-05,20,43720,1,2,0,1,7.7172132500000004
1329,167.04659423578892,197.02008918397419,0.17943194283791991,0.49999889710603468,-1.102893965321261e-06,12.947766288812993,0.14944444444444444,0.03111111111111111,0.0050000000000000001,4,0,0,27905.305166194539,2.7411730907757853e-05,1,4,0.0050000000000000001,0.075000000000000011,1,1,1,0,0,0,0,0,0,0.0012464764498819839,-0.66309834843810289,0.18975345128537938,-0.6959722790298235,0.13192707676065341,0.075000000000000011,285,-0.66309834843810289,0.18975345128537938,-0.66309834843810289,0.18975345128537935,0,0.81055555555555558,0.00017757846023653081,0.03551569204730616,0.0012464764498819839,1.4689865838348075e-05,1.4689865838348153e-05,0.00031491083448672408,5.9755417691014764e-05,12,43732,1,2,0,1,4.0670665416666667
1330,167.04709661896865,197.02087142431094,0.17943307852702112,0.49999900362611988,-9.9637388012441264e-07,12.946562107829553,0.14944444444444444,0.03111111111111111,0.0050000000000000001,4,0,0,27904.783501087524,-1.7814048483023215e-05,1,4,0.0050000000000000001,0.075000000000000011,1,1,1,0,0,0,0,0,0,0.00085061288528578884,0.37301870606809973,0.32966369377709542,-0.59902015033662681,0.13802712110550983,0.075000000000000011,285,0.37301870606809973,0.32966369377709542,0.37301870606809973,0.32966369377709542,0,0.35749999999999998,0.00020833785455513616,0.041667570911027234,0.00085061288528578884,1.0024568989170602e-05,1.0024568989171037e-05,0.00027449792456261067,9.049199974545672e-05,13,43745,1,2,0,1,4.617768083333333
1331,167.04772650686644,197.02211507352663,0.1794360761050412,0.49999904191815819,-9.5808184180645739e-07,12.946096331577788,0.14944444444444444,0.03111111111111111,0.0050000000000000001,4,0,0,27904.672954212849,-2.9529636916149682e-05,1,4,0.0050000000000000001,0.075000000000000011,1,1,1,0,0,0,0,0,0,0.00065147038534309101,0.4926344455385645,0.27379300639336113,-0.59902015033662681,0.14401249815325548,0.075000000000000011,285,0.4926344455385645,0.27379300639336113,0.4926344455385645,0.27379300639336113,0,0.21805555555555556,0.00022574692326318374,0.045149384652636744,0.00065147038534309101,7.6776521203052141e-06,7.6776521203050802e-06,0.00019535601683820053,5.3487111167163004e-05,13,43758,1,2,0,1,4.6191895416666666
1332,167.04791918920665,197.02275073097954,0.1794385209181919,0.49999915152994312,-8.4847005688004629e-07,12.944784896261346,0.14944444444444444,0.03111111111111111,0.0050000000000000001,4,0,0,27905.33282822894,1.3742900929838783e-05,1,4,0.0050000000000000001,0.075000000000000011,1,1,1,0,0,0,0,0,0,0.00070517257444023822,0.54189821925030801,0.4024746155650033,-0.5347964771251742,0.14401249815325548,0.075000000000000011,285,0.54189821925030801,0.4024746155650033,0.54189821925030801,0.40247461556500325,0,0.25944444444444442,0.00028082119028631107,0.056164238057262214,0.00070517257444023822,8.3105384882244647e-06,8.3105384882242852e-06,0.00015100307389170483,6.0774904113697684e-05,15,43773,1,2,0,1,5.298417791666667
1333,167.04869368615385,197.02319153137998,0.17943569137715812,0.49999934401198659,-6.5598801340938095e-07,12.942206362766248,0.14944444444444444,0.03111111111111111,0.0050000000000000001,4,0,0,27906.092352728112,-3.6415690099630607e-05,1,4,0.0050000000000000001,0.075000000000000011,1,1,1,0,0,0,0,0,0,0.00094104150720813681,0.85449056936174883,0.38996624927476392,-0.4885489256886309,0.15108385493420895,0.075000000000000011,285,0.85449056936174883,0.38996624927476392,0.85449056936174883,0.38996624927476398,0,0.17888888888888888,0.00034244313063275857,0.06848862612655171,0.00094104150720813681,1.1090280518748047e-05,1.1090280518748227e-05,0.00015319193689020358,5.9739685048209035e-05,17,43790,1,2,0,1,6.1298011250000002
1334,167.0499561345915,197.02427842335922,0.17943328440396314,0.49999936986368393,-6.3013631607100606e-07,12.940108664442143,0.14944444444444444,0.03111111111111111,0.0050000000000000001,4,0,0,27905.89189233696,-3.418326171066469e-05,1,4,0.0050000000000000001,0.075000000000000011,1,1,1,0,0,0,0,0,0,0.0009399755086582259,0.89146384951340762,0.38326098985520285,-0.4885489256886309,0.15659275210539819,0.075000000000000011,285,0.89146384951340762,0.38326098985520285,0.89146384951340762,0.38326098985520279,0,0.13083333333333333,0.00037723860835968729,0.075447721671937459,0.0009399755086582259,1.1077717605358431e-05,1.1077717605358729e-05,0.00015218692605003286,5.8327311920956152e-05,17,43807,1,2,0,1,6.1052654999999998
1335,167.05052608201348,197.02515552603421,0.17943451090542922,0.49999876545686489,-1.2345431351090674e-06,12.948341272403004,0.14944444444444444,0.03111111111111111,0.0050000000000000001,4,0,0,27903.783097388332,-2.6975265355442801e-05,1,4,0.0050000000000000001,0.075000000000000011,1,1,1,0,0,0,0,0,0,0.0021682676578705907,-0.30737026501024717,0.44370252501349278,-0.37490855718615568,0.16307579944975692,0.075000000000000011,285,-0.30737026501024717,0.44370252501349278,-0.30737026501024717,0.44370252501349272,0,0.74972222222222218,0.00036093941544284262,0.072187883088568522,0.0021682676578705907,2.5553279405129459e-05,2.5553279405129717e-05,0.0001662260199931621,7.3754904793909364e-05,13,43820,1,2,0,1,5.0231148750000001
1336,167.04577344549278,197.02061153883389,0.17944086506996795,0.49999847261209218,-1.5273879078181452e-06,12.947477456890116,0.14944444444444444,0.03111111111111111,0.0050000000000000001,4,0,0,27904.719106613655,-6.2438001493003123e-05,1,4,0.0050000000000000001,0.075000000000000011,1,1,1,0,0,0,0,0,0,0.00065127902188467945,-0.11490971606380387,0.43878001893911239,-0.21113999053702553,0.17227896440446039,0.075000000000000011,285,-0.11490971606380387,0.43878001893911239,-0.11490971606380387,0.43878001893911228,0,0.76138888888888889,0.00032016413931486716,0.064032827862973429,0.00065127902188467945,7.6753968803199785e-06,7.6753968803195702e-06,0.00014601732107257361,6.4069482905662302e-05,12,43832,1,2,0,1,4.1783140000000003
1337,167.04670076915164,197.02114450898023,0.1794375082046753,0.49999785223057325,-2.1477694267524328e-06,12.944663069695014,0.14944444444444444,0.03111111111111111,0.0050000000000000001,4,0,0,27905.040510743558,-5.0612080425332283e-05,1,4,0.0050000000000000001,0.075000000000000011,1,1,1,0,0,0,0,0,0,0.0010060683312446736,0.76392400471456245,0.44747446125346463,-0.21113999053702553,0.17658660907840237,0.075000000000000011,285,0.76392400471456245,0.44747446125346463,0.76392400471456245,0.44747446125346463,0,0.17944444444444443,0.00044611026972515117,0.08922205394503023,0.0010060683312446736,1.1856628989335706e-05,1.1856628989335883e-05,0.0001454694768183908,6.5093875768132786e-05,16,43848,1,2,0,1,5.6113974583333333
1338,167.04800500500687,197.02214540545361,0.1794342913556396,0.49999680935303759,-3.1906469624143341e-06,12.945232638745699,0.14944444444444444,0.03111111111111111,0.0050000000000000001,4,0,0,27904.24837045286,-4.3139522321126253e-05,1,4,0.0050000000000000001,0.075000000000000011,1,1,1,0,0,0,0,0,0,0.0008184408704551353,0.29678501579425359,0.59685060468445095,-0.031512963332970122,0.18291791367300606,0.075000000000000011,285,0.29678501579425359,0.59685060468445095,0.29678501579425359,0.59685060468445095,0,0.43388888888888888,0.00037791396013139497,0.075582792026278989,0.0008184408704551353,9.6454181583174476e-06,9.6454181583177492e-06,0.00011760134699325843,7.0190435064632233e-05,12,43860,1,2,0,1,4.3166183333333334
1339,167.04754927123261,197.02228314808275,0.17943833362188757,0.49999683238890408,-3.1676110959222292e-06,12.945396942272433,0.14944444444444444,0.03111111111111111,0.0050000000000000001,4,0,0,27904.39545412056,-4.9140087224722576e-05,1,4,0.0050000000000000001,0.075000000000000011,1,1,1,0,1,1,0,1,0,0.00073038314813899383,0.75984347588675694,0.6248490697188307,0.17433440259605859,0.23177322883937024,0.075000000000000011,285,0.75984347588675694,0.6248490697188307,0.75984347588675694,0.62484906971883059,0,0.084166666666666667,0.00044527682582856459,0.089055365165712913,0.00073038314813899383,8.6076479485576868e-06,8.60764794855768e-06,0.00011151912910346795,6.9682624076156124e-05,12,43872,1,2,0,1,4.3165864583333331
1340,167.04749586549397,197.02235112166676,0.17943911760466275,0.49999684558616986,-3.1544138301420332e-06,12.945447772725977,0.14944444444444444,0.03111111111111111,0.0050000000000000001,4,0,0,27904.414071545143,-3.8808665428442239e-05,1,4,0.0050000000000000001,0.075000000000000011,1,1,1,0,1,1,0,2,0,0.00073469331638048043,0.96061347603854064,0.65180152589775542,0.17433440259605859,0.30172835008522825,0.075000000000000011,285,0.96061347603854064,0.65180152589775542,0.96061347603854064,0.65180152589775542,0,0.13,0.00047007649729850765,0.094015299459701523,0.00073469331638048043,8.6584437684178553e-06,8.6584437684179315e-06,0.00011015300388271486,7.179789601297492e-05,12,43884,1,2,0,1,4.3048130416666668
1341,167.04750114569853,197.02242248886472,0.1794395075507422,0.49999695206031042,-3.0479396895821687e-06,12.945593219704174,0.14944444444444444,0.03111111111111111,0.0050000000000000001,4,0,0,27904.413417485459,-2.5801903100552358e-05,1,4,0.0050000000000000001,0.075000000000000011,1,1,1,0,1,1,0,3,0,0.00078857340470350399,0.93538746718330845,0.66821879470073675,0.33490186093117669,0.35646234181614911,0.075000000000000011,285,0.93538746718330845,0.66821879470073675,0.93538746718330845,0.66821879470073664,0,0.47055555555555556,0.00049387119816173062,0.09877423963234612,0.00078857340470350399,9.2934266988201887e-06,9.2934266988201226e-06,0.00011176877846122989,7.46859984285367e-05,12,43896,1,2,0,1,4.3248416666666669
1342,167.04753614127651,197.02240961846817,0.17943918341807283,0.4999969731808952,-3.0268191048010706e-06,12.945534909703794,0.14944444444444444,0.03111111111111111,0.0050000000000000001,4,0,0,27904.483353642543,-4.1327105423882283e-05,1,4,0.0050000000000000001,0.075000000000000011,1,1,1,0,1,1,0,4,0,0.0007856269150644966,0.95126551098660095,0.69046301209404914,0.37319621845834983,0.38661361956498341,0.075000000000000011,285,0.95126551098660095,0.69046301209404914,0.95126551098660095,0.69046301209404903,0,0.49444444444444446,0.00051609701529973465,0.10321940305994692,0.0007856269150644966,9.2587019854128886e-06,9.2587019854129869e-06,0.00011271694195841858,7.7826879258639811e-05,12,43908,1,2,0,1,4.3070253750000003
1343,167.0476731756261,197.02251267981936,0.17943883284551418,0.49999679215467824,-3.2078453217621039e-06,12.945559387824259,0.14944444444444444,0.03111111111111111,0.0050000000000000001,4,0,0,27904.424808343825,-2.8343165200846637e-05,1,4,0.0050000000000000001,0.075000000000000011,1,1,1,0,1,1,0,5,0,0.00081879722972326918,0.96920055618582457,0.72463651039543975,0.43300408819358222,0.39622043241988358,0.075000000000000011,285,0.96920055618582457,0.72463651039543975,0.96920055618582457,0.72463651039543964,0,0.1738888888888889,0.00053601152406251146,0.10720230481250229,0.00081879722972326918,9.6496178925680491e-06,9.649617892568127e-06,0.00011127627933223847,8.063485474510148e-05,12,43920,1,2,0,1,4.4057876666666669
1344,167.04769524193549,197.02258888779073,0.17943913325138999,0.49999934827344922,-6.5172655078216124e-07,12.941661492822911,0.14944444444444444,0.03111111111111111,0.0050000000000000001,4,0,0,27905.832150418086,-2.9651896280815206e-05,1,4,0.0050000000000000001,0.075000000000000011,1,1,1,0,1,1,0,6,0,0.0015010368890540624,0.69266022051606624,0.72257768345091378,0.5172663323944362,0.42062731725205782,0.075000000000000011,285,0.69266022051606624,0.72257768345091378,0.69266022051606624,0.72257768345091355,0,0.40583333333333332,0.00073247679469364566,0.14649535893872914,0.0015010368890540624,1.7689889384354781e-05,1.7689889384354605e-05,0.00011788845111123435,8.518356390957202e-05,17,43937,1,2,0,1,5.9301347499999997
1345,167.05029708374201,197.02521932077661,0.17943650960409985,0.49999915109396037,-8.4890603962994859e-07,12.943752594989121,0.14944444444444444,0.03111111111111111,0.0050000000000000001,4,0,0,27904.959904935378,-2.7894062647401668e-05,1,4,0.0050000000000000001,0.075000000000000011,1,1,1,0,1,1,0,7,0,0.0015075887076019337,0.37664738771336786,0.84603320868727505,0.5172663323944362,0.44124127197630258,0.075000000000000011,285,0.37664738771336786,0.84603320868727505,0.37664738771336786,0.84603320868727483,0,0.63944444444444448,0.00078947179454784736,0.15789435890956946,0.0015075887076019337,1.7767103306426508e-05,1.7767103306426565e-05,0.00011010227501253122,9.315018101262057e-05,18,43955,1,2,0,1,6.5105882499999996
1346,167.0485733412994,197.02370760646014,0.17943963043562242,0.49999937403340755,-6.259665924490676e-07,12.940364775900894,0.14944444444444444,0.03111111111111111,0.0050000000000000001,4,0,0,27906.126854645136,-1.2236840937513565e-05,1,4,0.0050000000000000001,0.075000000000000011,1,1,1,0,1,1,0,8,0,0.0015269331447397305,0.29680129640171227,0.84770606844780227,0.5172663323944362,0.4455884931334787,0.075000000000000011,285,0.29680129640171227,0.84770606844780227,0.29680129640171227,0.84770606844780261,0,0.73444444444444446,0.00079169887850714981,0.15833977570142996,0.0015269331447397305,1.7995079684399392e-05,1.7995079684399371e-05,0.00012042195781661104,0.00010208242441550643,17,43972,1,2,0,1,5.8725652500000001
1347,167.05064421260346,197.02646558990492,0.17944151917876813,0.49999915840216241,-8.4159783758641638e-07,12.943555639547263,0.14944444444444444,0.03111111111111111,0.0050000000000000001,4,0,0,27905.110092081624,-4.5913347585294723e-06,1,4,0.0050000000000000001,0.075000000000000011,1,1,1,0,1,1,0,9,0,0.0015532077764802905,0.32257394126265809,0.84744041446023466,0.5172663323944362,0.52216253296895776,0.075000000000000011,285,0.32257394126265809,0.84744041446023466,0.32257394126265809,0.84744041446023466,0,0.81694444444444447,0.00083604908023646651,0.16720981604729329,0.0015532077764802905,1.8304729189014877e-05,1.8304729189015264e-05,0.0001268700580162904,0.00010751481454791916,18,43990,1,2,0,1,6.1590805
1348,167.04904646378839,197.02535478421083,0.17944615042696746,0.49999938815630468,-6.1184369531952498e-07,12.940782494127816,0.14944444444444444,0.03111111111111111,0.0050000000000000001,4,0,0,27905.901858833389,-2.6285040914883099e-06,1,4,0.0050000000000000001,0.075000000000000011,1,1,1,0,1,1,0,10,0,0.0014277185817278169,0.40335232171147289,0.85736911990336195,0.5172663323944362,0.61084983720164088,0.075000000000000011,285,0.40335232171147289,0.85736911990336195,0.40335232171147289,0.85736911990336195,0,0.80305555555555552,0.00081932704038601583,0.16386540807720315,0.0014277185817278169,1.6825824846096322e-05,1.6825824846096339e-05,0.00013405046470406899,0.00011493072894596431,17,44007,1,2,0,1,5.9834581666666669
1349,167.05054725614346,197.02716209127456,0.17944637313379816,0.49999915808384326,-8.4191615673523401e-07,12.9437381939067,0.14944444444444444,0.03111111111111111,0.0050000000000000001,4,0,0,27905.299950358509,6.8871583427041899e-07,1,4,0.0050000000000000001,0.075000000000000011,1,1,1,0,1,1,0,11,0,0.001540340829976697,0.42661207862507428,0.84739469612896479,0.5172663323944362,0.63832529780829306,0.075000000000000011,285,0.42661207862507428,0.84739469612896479,0.42661207862507428,0.8473946961289649,0,0.83750000000000002,0.0008558011450755862,0.17116022901511724,0.001540340829976697,1.815309077025062e-05,1.8153090770250742e-05,0.00014359590752576206,0.00012168241042315606,18,44025,1,2,0,1,6.1967868749999999
1350,167.04915511483094,197.02612023738013,0.17944996550232642,0.49999918228907486,-8.1771092513838184e-07,12.941262717416727,0.14944444444444444,0.03111111111111111,0.0050000000000000001,4,0,0,27905.581096186026,7.1901159395969663e-06,1,4,0.0050000000000000001,0.075000000000000011,1,1,1,0,1,1,0,12,0,0.0014196664715562619,0.45473524273703553,0.84226014381851844,0.5172663323944362,0.66001016029924608,0.075000000000000011,285,0.45473524273703553,0.84226014381851844,0.45473524273703553,0.84226014381851833,0,0.79194444444444445,0.00082667940950108384,0.16533588190021675,0.0014196664715562619,1.6730929817676861e-05,1.6730929817676813e-05,0.00015166839357502092,0.00012774424298522079,17,44042,1,2,0,1,6.0617305416666669
1351,167.05038718278789,197.0277054013049,0.17945075569154825,0.49999915747590762,-8.425240923815025e-07,12.943992615930796,0.14944444444444444,0.03111111111111111,0.0050000000000000001,4,0,0,27905.568460452541,1.2696170766775408e-05,1,4,0.0050000000000000001,0.075000000000000011,1,1,1,0,1,1,0,13,0,0.001517194137187353,0.45093763705396622,0.83547767560750608,0.4983167309936718,0.67934090339739295,0.075000000000000011,285,0.45093763705396622,0.83547767560750608,0.45093763705396622,0.83547767560750608,0,0.84527777777777779,0.00084989856552932712,0.16997971310586543,0.001517194137187353,1.7880304379694174e-05,1.7880304379694204e-05,0.00016025527125589501,0.00013388970153272554,18,44060,1,2,0,1,6.1703894999999997
1352,167.0492876505424,197.02693386050589,0.1794539002924396,0.49999915361335501,-8.4638664499259164e-07,12.940859976494695,0.14944444444444444,0.03111111111111111,0.0050000000000000001,4,0,0,27906.232466762925,1.7765482538106688e-05,1,4,0.0050000000000000001,0.075000000000000011,1,1,1,0,1,1,0,14,0,0.001471523838640099,0.390153483899568,0.82669851705954078,0.45283643989550088,0.70652034777248152,0.075000000000000011,285,0.390153483899568,0.82669851705954078,0.390153483899568,0.82669851705954078,0,0.78722222222222227,0.00081297236838891206,0.1625944736777824,0.001471523838640099,1.7342074749667882e-05,1.7342074749667926e-05,0.00016833864402014995,0.0001391653073752719,17,44077,1,2,0,1,5.8965195000000001
1353,167.05104602019665,197.02909042079915,0.17945439501754523,0.49999916372262443,-8.3627737557101511e-07,12.944174951370632,0.14944444444444444,0.03111111111111111,0.0050000000000000001,4,0,0,27905.17120308317,2.7077886229827508e-05,1,4,0.0050000000000000001,0.075000000000000011,1,1,1,0,1,1,0,15,0,0.001547911078260001,0.30903205411602697,0.81486460742572542,0.43877485783952025,0.72360709692317671,0.075000000000000011,285,0.30903205411602697,0.81486460742572542,0.30903205411602697,0.81486460742572553,0,0.85750000000000004,0.00082226971000261522,0.16445394200052305,0.001547911078260001,1.8242307001857122e-05,1.824230700185722e-05,0.00017693133312943906,0.00014417508131183061,18,44095,1,2,0,1,6.1922857499999999
1354,167.04938624981969,197.02773417554567,0.17945799502007057,0.4999991569019136,-8.4309808640048445e-07,12.941006488924081,0.14944444444444444,0.03111111111111111,0.0050000000000000001,4,0,0,27906.270572986363,3.5728739083970871e-05,1,4,0.0050000000000000001,0.075000000000000011,1,1,1,0,1,1,0,16,0,0.0014390080756044421,0.28463044202799881,0.81928346267924079,0.41498220016827359,0.76975055891058264,0.075000000000000011,285,0.28463044202799881,0.81928346267924079,0.28463044202799881,0.8192834626792409,0,0.85638888888888887,0.0007783861002207739,0.15567722004415477,0.0014390080756044421,1.6958872807368418e-05,1.6958872807368361e-05,0.00017620031655245284,0.00014435800547027192,17,44112,1,2,0,1,5.8886720416666662
1355,167.0511928141616,197.02995685539793,0.17945854522922575,0.49999917004759814,-8.2995240185956831e-07,12.944421699206105,0.14944444444444444,0.03111111111111111,0.0050000000000000001,4,0,0,27905.213342238269,3.7513989760372766e-05,1,4,0.0050000000000000001,0.075000000000000011,1,1,1,0,1,1,0,17,0,0.0015146467100436551,0.24934525244642788,0.81763293392784331,0.41498220016827359,0.81624877067678436,0.075000000000000011,285,0.24934525244642788,0.81763293392784331,0.24934525244642788,0.81763293392784353,0,0.85583333333333333,0.00077848904296948349,0.1556978085938967,0.0015146467100436551,1.7850282662896047e-05,1.7850282662896101e-05,0.00017628349590892236,0.00014413519196306915,18,44130,1,2,0,1,6.1557272916666665
1356,167.04951467331765,197.02856248766176,0.17946204676482416,0.49999917446594333,-8.2553405666985213e-07,12.941248299554445,0.14944444444444444,0.03111111111111111,0.0050000000000000001,4,0,0,27906.283154239416,3.4204817403200722e-05,1,4,0.0050000000000000001,0.075000000000000011,1,1,1,0,1,1,0,18,0,0.0013925342870015609,0.22161403279940212,0.8177949540558348,0.41498220016827359,0.81771394399183905,0.075000000000000011,285,0.22161403279940212,0.8177949540558348,0.22161403279940212,0.81779495405583491,0,0.85250000000000004,0.00072956052565255596,0.1459121051305112,0.0013925342870015609,1.6411173956226295e-05,1.6411173956226345e-05,0.00017469959018074933,0.00014286844332543906,17,44147,1,2,0,1,6.1833946666666666
1357,167.05127504638932,197.0307678628065,0.17946281947319481,0.49999911337257003,-8.8662742997458466e-07,12.944445265229469,0.14944444444444444,0.03111111111111111,0.0050000000000000001,4,0,0,27905.263257071812,2.9719943585925762e-05,1,4,0.0050000000000000001,0.075000000000000011,1,1,1,0,1,1,0,19,0,0.001422269084880049,0.21815230555581142,0.81378304469748253,0.39675290280552045,0.81771394399183905,0.075000000000000011,285,0.21815230555581142,0.81378304469748253,0.21815230555581142,0.81378304469748264,0,0.84833333333333338,0.00072347801869022987,0.14469560373804596,0.001422269084880049,1.6761601909844467e-05,1.676160190984444e-05,0.0001731564629015785,0.00014091179358909322,18,44165,1,2,0,1,6.182522333333333
1358,167.04969317770568,197.02940533589373,0.17946583192042115,0.49999920062450726,-7.9937549274378128e-07,12.942486226218918,0.14944444444444444,0.03111111111111111,0.0050000000000000001,4,0,0,27905.64114434096,3.001946718682368e-05,1,4,0.0050000000000000001,0.075000000000000011,1,1,1,0,1,1,0,20,1,0.0011464042497461699,0.31125225583256771,0.81230853861635877,0.39675290280552045,0.81771394399183905,0.075000000000000011,285,0.31125225583256771,0.81230853861635877,0.31125225583256771,0.81230853861635888,0,0.78527777777777774,0.00064003865759750705,0.1280077315195014,0.0011464042497461699,1.3510503649609885e-05,1.3510503649609905e-05,0.00016984114170509208,0.00013796340961539725,16,44181,1,2,0,1,5.6119093749999998
