iteration,Mnd_percent,gray_fraction,mid_fraction,broad_core_fraction,omega1_preupdate,omega2_preupdate,omega3_preupdate,move,stage,exA,exB,exE,gap12_preupdate,gap23_preupdate,warning
1.000000000000000000e+00,9.995986278044006212e+01,1.000000000000000000e+00,1.000000000000000000e+00,1.000000000000000000e+00,6.814595542448824972e+01,2.504835518258443585e+02,3.716199425078202694e+02,4.000000000000000083e-02,1.000000000000000000e+00,0.000000000000000000e+00,0.000000000000000000e+00,0.000000000000000000e+00,2.675692126782231561e+00,4.836101604236247575e-01,0.000000000000000000e+00
2.000000000000000000e+00,9.983827309498548175e+01,1.000000000000000000e+00,1.000000000000000000e+00,1.000000000000000000e+00,7.046903779218364150e+01,2.553935411524689698e+02,3.872762067116991602e+02,4.000000000000000083e-02,1.000000000000000000e+00,0.000000000000000000e+00,0.000000000000000000e+00,0.000000000000000000e+00,2.624195095520333254e+00,5.163899798096175386e-01,0.000000000000000000e+00
3.000000000000000000e+00,9.963694832033091586e+01,1.000000000000000000e+00,9.992999999999999661e-01,1.000000000000000000e+00,7.286271547427593021e+01,2.603717224781684649e+02,3.997444688336926788e+02,4.000000000000000083e-02,1.000000000000000000e+00,0.000000000000000000e+00,0.000000000000000000e+00,0.000000000000000000e+00,2.573456201616481032e+00,5.352837283135086777e-01,0.000000000000000000e+00
4.000000000000000000e+00,9.935738615750909730e+01,1.000000000000000000e+00,9.637000000000000011e-01,1.000000000000000000e+00,7.527035104799462317e+01,2.652945185038382192e+02,4.095965616209721247e+02,4.000000000000000083e-02,1.000000000000000000e+00,0.000000000000000000e+00,0.000000000000000000e+00,0.000000000000000000e+00,2.524555350282324806e+00,5.439314914267486811e-01,0.000000000000000000e+00
5.000000000000000000e+00,9.900098967094646696e+01,1.000000000000000000e+00,9.322500000000000231e-01,1.000000000000000000e+00,7.769892418852495553e+01,2.701863158757038832e+02,4.173903806268776293e+02,4.000000000000000083e-02,1.000000000000000000e+00,0.000000000000000000e+00,0.000000000000000000e+00,0.000000000000000000e+00,2.477349508985950965e+00,5.448242790315601658e-01,0.000000000000000000e+00
6.000000000000000000e+00,9.856913161380195731e+01,1.000000000000000000e+00,9.059500000000000330e-01,1.000000000000000000e+00,8.015264428521102502e+01,2.750531998910261109e+02,4.236228407295300258e+02,4.000000000000000083e-02,1.000000000000000000e+00,0.000000000000000000e+00,0.000000000000000000e+00,0.000000000000000000e+00,2.431617289035294061e+00,5.401487453967669383e-01,0.000000000000000000e+00
7.000000000000000000e+00,9.806316809150764868e+01,1.000000000000000000e+00,8.858000000000000318e-01,1.000000000000000000e+00,8.263423671869546183e+01,2.798905724512488860e+02,4.286925545515063618e+02,4.000000000000000083e-02,1.000000000000000000e+00,0.000000000000000000e+00,0.000000000000000000e+00,0.000000000000000000e+00,2.387101806289516404e+00,5.316434233460138881e-01,0.000000000000000000e+00
8.000000000000000000e+00,9.745029812825075055e+01,1.000000000000000000e+00,8.612499999999999600e-01,1.000000000000000000e+00,8.514488614648324472e+01,2.846823561789591395e+02,4.329508318419044031e+02,4.000000000000000083e-02,1.000000000000000000e+00,0.000000000000000000e+00,0.000000000000000000e+00,0.000000000000000000e+00,2.343505042559944851e+00,5.208207408882749023e-01,0.000000000000000000e+00
9.000000000000000000e+00,9.671955177141208537e+01,1.000000000000000000e+00,7.950000000000000400e-01,1.000000000000000000e+00,8.782544987666109648e+01,2.896574407639188280e+02,4.367437691289946997e+02,4.000000000000000083e-02,1.000000000000000000e+00,0.000000000000000000e+00,0.000000000000000000e+00,0.000000000000000000e+00,2.298103695121440637e+00,5.077940617619296493e-01,0.000000000000000000e+00
1.000000000000000000e+01,9.590325719768696899e+01,1.000000000000000000e+00,7.410999999999999810e-01,1.000000000000000000e+00,9.068094729111342645e+01,2.947754890266191410e+02,4.403538591211076891e+02,4.000000000000000083e-02,1.000000000000000000e+00,0.000000000000000000e+00,0.000000000000000000e+00,0.000000000000000000e+00,2.250688240830790665e+00,4.938618559338302516e-01,0.000000000000000000e+00
1.100000000000000000e+01,9.500365411247268810e+01,9.999000000000000110e-01,6.947499999999999787e-01,9.979000000000000092e-01,9.357029006848641473e+01,2.997305009271714766e+02,4.438692490003112994e+02,4.000000000000000083e-02,1.000000000000000000e+00,0.000000000000000000e+00,0.000000000000000000e+00,0.000000000000000000e+00,2.203265702262879433e+00,4.808944956461493336e-01,0.000000000000000000e+00
1.200000000000000000e+01,9.402322730113900207e+01,9.998000000000000220e-01,6.551500000000000101e-01,9.974499999999999478e-01,9.649164107103020172e+01,3.044649989425703893e+02,4.474669029808837877e+02,4.000000000000000083e-02,1.000000000000000000e+00,0.000000000000000000e+00,0.000000000000000000e+00,0.000000000000000000e+00,2.155351028991673967e+00,4.696825728243629317e-01,0.000000000000000000e+00
1.300000000000000000e+01,9.296494800149943671e+01,9.889000000000000012e-01,6.213999999999999524e-01,9.563000000000000389e-01,9.944190436795769017e+01,3.089083966720661465e+02,4.512589479712166849e+02,4.000000000000000083e-02,1.000000000000000000e+00,0.000000000000000000e+00,0.000000000000000000e+00,0.000000000000000000e+00,2.106420765324794164e+00,4.608180057024101051e-01,0.000000000000000000e+00
1.400000000000000000e+01,9.183247416585440703e+01,9.779999999999999805e-01,5.914500000000000313e-01,9.336999999999999744e-01,1.024166200971249907e+02,3.129763752498947724e+02,4.553156171344238601e+02,4.000000000000000083e-02,1.000000000000000000e+00,0.000000000000000000e+00,0.000000000000000000e+00,0.000000000000000000e+00,2.055913922497043522e+00,4.547922883025240504e-01,0.000000000000000000e+00
1.500000000000000000e+01,9.063248382075671827e+01,9.674500000000000322e-01,5.657999999999999696e-01,9.153499999999999970e-01,1.054069066378277739e+02,3.165459163827152906e+02,4.592467601688348964e+02,4.000000000000000083e-02,1.000000000000000000e+00,0.000000000000000000e+00,0.000000000000000000e+00,0.000000000000000000e+00,2.003085153332023527e+00,4.508061434398326073e-01,0.000000000000000000e+00
1.600000000000000000e+01,8.942230497322431404e+01,9.574000000000000288e-01,5.426999999999999602e-01,8.992499999999999938e-01,1.083969541899357836e+02,3.195056340391871004e+02,4.630867344499348519e+02,4.000000000000000083e-02,1.000000000000000000e+00,0.000000000000000000e+00,0.000000000000000000e+00,0.000000000000000000e+00,1.947551768653402737e+00,4.493851911016306100e-01,0.000000000000000000e+00
1.700000000000000000e+01,8.824826273550927169e+01,9.500999999999999446e-01,5.138000000000000345e-01,8.865499999999999492e-01,1.112292810450972382e+02,3.218255575454851396e+02,4.674976592499647268e+02,4.000000000000000083e-02,1.000000000000000000e+00,0.000000000000000000e+00,0.000000000000000000e+00,0.000000000000000000e+00,1.893352852069617454e+00,4.526430492826569729e-01,0.000000000000000000e+00
1.800000000000000000e+01,8.711514631226924621e+01,9.405999999999999917e-01,4.930499999999999883e-01,8.728000000000000203e-01,1.138003527164404858e+02,3.232919895157833139e+02,4.726639299030246661e+02,4.000000000000000083e-02,1.000000000000000000e+00,0.000000000000000000e+00,0.000000000000000000e+00,0.000000000000000000e+00,1.840869837383887209e+00,4.620341525039516339e-01,0.000000000000000000e+00
1.900000000000000000e+01,8.602031109997724911e+01,9.342500000000000249e-01,4.758000000000000007e-01,8.628500000000000059e-01,1.161251863719396340e+02,3.236120019316334151e+02,4.784351234684091310e+02,4.000000000000000083e-02,1.000000000000000000e+00,0.000000000000000000e+00,0.000000000000000000e+00,0.000000000000000000e+00,1.786751195344739473e+00,4.784220628797438701e-01,0.000000000000000000e+00
2.000000000000000000e+01,8.491010196877175531e+01,9.254000000000000004e-01,4.618499999999999828e-01,8.505000000000000338e-01,1.182332005863225532e+02,3.225552453610426937e+02,4.847012803736784576e+02,4.000000000000000083e-02,1.000000000000000000e+00,0.000000000000000000e+00,0.000000000000000000e+00,0.000000000000000000e+00,1.728127495166163374e+00,5.026922902188193376e-01,0.000000000000000000e+00
2.100000000000000000e+01,8.383625014557912891e+01,9.191000000000000281e-01,4.485000000000000098e-01,8.411499999999999533e-01,1.202413706861465243e+02,3.197959399775101588e+02,4.916997415792571360e+02,4.000000000000000083e-02,1.000000000000000000e+00,0.000000000000000000e+00,0.000000000000000000e+00,0.000000000000000000e+00,1.659616554207786532e+00,5.375421639619196723e-01,0.000000000000000000e+00
2.200000000000000000e+01,8.279654442322306807e+01,9.129500000000000393e-01,4.369500000000000051e-01,8.325000000000000178e-01,1.220711077041890036e+02,3.152122453158345365e+02,4.989434591660878482e+02,4.000000000000000083e-02,1.000000000000000000e+00,0.000000000000000000e+00,0.000000000000000000e+00,0.000000000000000000e+00,1.582201892356693174e+00,5.828809526931905127e-01,0.000000000000000000e+00
2.300000000000000000e+01,8.178509198955001125e+01,9.057500000000000551e-01,4.283000000000000140e-01,8.231500000000000483e-01,1.237484480728864611e+02,3.087494911960989725e+02,5.063317265407155219e+02,4.000000000000000083e-02,1.000000000000000000e+00,0.000000000000000000e+00,0.000000000000000000e+00,0.000000000000000000e+00,1.494976672469047640e+00,6.399435172481767742e-01,0.000000000000000000e+00
2.400000000000000000e+01,8.079993314372508451e+01,9.004999999999999671e-01,4.178499999999999992e-01,8.156999999999999806e-01,1.252996860750316870e+02,3.004087184094723284e+02,5.137917364675780618e+02,4.000000000000000083e-02,1.000000000000000000e+00,0.000000000000000000e+00,0.000000000000000000e+00,0.000000000000000000e+00,1.397521716292108307e+00,7.103090056369597560e-01,0.000000000000000000e+00
2.500000000000000000e+01,7.983813624754444049e+01,8.961000000000000076e-01,4.093499999999999917e-01,8.094500000000000028e-01,1.267435048366970705e+02,2.902679621881251819e+02,5.212946827848462590e+02,4.000000000000000083e-02,1.000000000000000000e+00,0.000000000000000000e+00,0.000000000000000000e+00,0.000000000000000000e+00,1.290199900674370070e+00,7.959084387239080405e-01,0.000000000000000000e+00
2.600000000000000000e+01,7.889121245398837345e+01,8.897500000000000409e-01,4.011500000000000066e-01,8.015499999999999847e-01,1.280956391653795379e+02,2.784746295842375616e+02,5.287756251214614167e+02,4.000000000000000083e-02,1.000000000000000000e+00,0.000000000000000000e+00,0.000000000000000000e+00,0.000000000000000000e+00,1.173958703033670670e+00,8.988287224258924013e-01,1.000000000000000000e+00
2.700000000000000000e+01,7.800482453940459493e+01,8.846500000000000474e-01,3.958499999999999797e-01,7.952500000000000124e-01,1.293788488404139798e+02,2.652578656515149191e+02,5.361625128061677970e+02,4.000000000000000083e-02,1.000000000000000000e+00,0.000000000000000000e+00,0.000000000000000000e+00,0.000000000000000000e+00,1.050241349563287407e+00,1.021287894665323437e+00,1.000000000000000000e+00
2.800000000000000000e+01,7.708345899819366309e+01,8.805500000000000549e-01,3.898499999999999743e-01,7.898500000000000520e-01,1.305434720145458130e+02,2.516494513179769115e+02,5.359016468813811116e+02,4.000000000000000083e-02,1.000000000000000000e+00,0.000000000000000000e+00,0.000000000000000000e+00,0.000000000000000000e+00,9.277061306438736388e-01,1.129556190465249355e+00,1.000000000000000000e+00
2.900000000000000000e+01,7.621358655963413753e+01,8.702499999999999680e-01,3.864500000000000157e-01,7.695999999999999508e-01,1.317202566341179306e+02,2.366893318274485978e+02,5.276975525027047524e+02,4.000000000000000083e-02,1.000000000000000000e+00,0.000000000000000000e+00,0.000000000000000000e+00,0.000000000000000000e+00,7.969091305743917220e-01,1.229494453461075887e+00,1.000000000000000000e+00
3.000000000000000000e+01,7.531279730569931985e+01,8.551999999999999602e-01,3.832999999999999741e-01,7.489999999999999991e-01,1.328095004846224754e+02,2.222502568402513816e+02,5.200062572306285347e+02,4.000000000000000083e-02,1.000000000000000000e+00,0.000000000000000000e+00,0.000000000000000000e+00,0.000000000000000000e+00,6.734514927716704902e-01,1.339732986695253425e+00,0.000000000000000000e+00
3.100000000000000000e+01,7.433617205691425056e+01,8.409999999999999698e-01,3.801499999999999879e-01,7.307000000000000162e-01,1.340171943789271438e+02,2.068324621532823642e+02,5.135054391816584030e+02,4.000000000000000083e-02,1.000000000000000000e+00,0.000000000000000000e+00,0.000000000000000000e+00,0.000000000000000000e+00,5.433278029121664243e-01,1.482712016458530790e+00,0.000000000000000000e+00
3.200000000000000000e+01,7.336723139188717369e+01,8.237499999999999822e-01,3.778500000000000192e-01,7.101499999999999480e-01,1.353498902344092869e+02,1.910566000608762067e+02,5.079690058966153856e+02,4.000000000000000083e-02,1.000000000000000000e+00,0.000000000000000000e+00,0.000000000000000000e+00,0.000000000000000000e+00,4.115755818493075924e-01,1.658735713577869753e+00,0.000000000000000000e+00
3.300000000000000000e+01,7.243014706159154059e+01,8.090500000000000469e-01,3.749000000000000110e-01,6.926999999999999824e-01,1.366190671197520601e+02,1.791567821076791631e+02,5.020409055512637337e+02,4.000000000000000083e-02,1.000000000000000000e+00,0.000000000000000000e+00,0.000000000000000000e+00,0.000000000000000000e+00,3.113600164656453173e-01,1.802243373904318879e+00,0.000000000000000000e+00
3.400000000000000000e+01,7.153165716794833884e+01,7.969000000000000528e-01,3.712500000000000244e-01,6.778499999999999526e-01,1.378081007602630166e+02,1.700134651842157041e+02,4.959432560990288152e+02,4.000000000000000083e-02,1.000000000000000000e+00,0.000000000000000000e+00,0.000000000000000000e+00,0.000000000000000000e+00,2.336971792389661018e-01,1.917082217938775868e+00,0.000000000000000000e+00
3.500000000000000000e+01,7.066561801558431455e+01,7.854999999999999760e-01,3.677000000000000268e-01,6.642500000000000071e-01,1.389154810570739471e+02,1.627582062472121720e+02,4.898528285192988960e+02,4.000000000000000083e-02,1.000000000000000000e+00,0.000000000000000000e+00,0.000000000000000000e+00,0.000000000000000000e+00,1.716347595581687036e-01,2.009696652562422692e+00,0.000000000000000000e+00
3.600000000000000000e+01,6.983076456336320348e+01,7.752000000000000002e-01,3.645999999999999797e-01,6.520000000000000240e-01,1.399551387060638490e+02,1.568823368963707310e+02,4.838974687761196947e+02,4.000000000000000083e-02,1.000000000000000000e+00,0.000000000000000000e+00,0.000000000000000000e+00,0.000000000000000000e+00,1.209473145952694867e-01,2.084461121303669451e+00,0.000000000000000000e+00
3.700000000000000000e+01,6.902678346580934488e+01,7.638000000000000345e-01,3.618000000000000105e-01,6.388000000000000345e-01,1.409332535083478319e+02,1.520513216776936645e+02,4.781874728211392380e+02,4.000000000000000083e-02,1.000000000000000000e+00,0.000000000000000000e+00,0.000000000000000000e+00,0.000000000000000000e+00,7.888889167443566275e-02,2.144908360841236927e+00,1.000000000000000000e+00
3.800000000000000000e+01,6.825325174022350438e+01,7.533499999999999641e-01,3.573000000000000065e-01,6.281999999999999806e-01,1.418524852411281358e+02,1.480271419058097138e+02,4.709169296245569285e+02,4.000000000000000083e-02,1.000000000000000000e+00,0.000000000000000000e+00,0.000000000000000000e+00,0.000000000000000000e+00,4.352871685106947386e-02,2.181287725761829055e+00,1.000000000000000000e+00
3.900000000000000000e+01,6.768490821014420078e+01,7.460250000000000492e-01,3.535499999999999754e-01,6.216749999999999776e-01,1.427139815106577032e+02,1.446526102377921177e+02,4.564312866827756920e+02,4.000000000000000083e-02,1.000000000000000000e+00,0.000000000000000000e+00,0.000000000000000000e+00,0.000000000000000000e+00,1.358401403011547277e-02,2.155361565425301329e+00,1.000000000000000000e+00
4.000000000000000000e+01,6.725700989093400040e+01,7.409249999999999448e-01,3.501500000000000168e-01,6.181750000000000300e-01,1.433486648497174940e+02,1.437843058004569059e+02,4.532429368421482536e+02,4.000000000000000083e-02,1.000000000000000000e+00,0.000000000000000000e+00,0.000000000000000000e+00,0.000000000000000000e+00,3.039030403220881020e-03,2.152242063686396811e+00,1.000000000000000000e+00
4.100000000000000000e+01,6.684649362743682843e+01,7.362999999999999545e-01,3.451250000000000151e-01,6.152499999999999636e-01,1.438074170450620954e+02,1.441359742930528967e+02,4.552731632062438507e+02,4.000000000000000083e-02,1.000000000000000000e+00,0.000000000000000000e+00,0.000000000000000000e+00,0.000000000000000000e+00,2.284703075418201106e-03,2.158636596028387977e+00,1.000000000000000000e+00
4.200000000000000000e+01,6.644340365244944735e+01,7.324249999999999927e-01,3.404499999999999749e-01,6.125000000000000444e-01,1.442206997377868731e+02,1.445852935216854576e+02,4.575951042213942515e+02,4.000000000000000083e-02,1.000000000000000000e+00,0.000000000000000000e+00,0.000000000000000000e+00,0.000000000000000000e+00,2.528026729598914762e-03,2.164880003184849411e+00,1.000000000000000000e+00
4.300000000000000000e+01,6.606022095258160221e+01,7.284249999999999892e-01,3.347499999999999920e-01,6.101750000000000229e-01,1.446009348072939531e+02,1.449895528413709087e+02,4.593742115063873257e+02,4.000000000000000083e-02,1.000000000000000000e+00,0.000000000000000000e+00,0.000000000000000000e+00,0.000000000000000000e+00,2.687520897391549625e-03,2.168326286301303973e+00,1.000000000000000000e+00
4.400000000000000000e+01,6.569645143465668014e+01,7.247249999999999526e-01,3.302749999999999853e-01,6.071999999999999620e-01,1.449439667860536645e+02,1.453558011572256419e+02,4.608195476370291885e+02,4.000000000000000083e-02,1.000000000000000000e+00,0.000000000000000000e+00,0.000000000000000000e+00,0.000000000000000000e+00,2.841335036592938269e-03,2.170286593092895178e+00,1.000000000000000000e+00
4.500000000000000000e+01,6.535680332400673365e+01,7.203249999999999931e-01,3.266749999999999932e-01,6.040999999999999703e-01,1.452566579775702280e+02,1.456924193305261213e+02,4.620507113879210124e+02,4.000000000000000083e-02,1.000000000000000000e+00,0.000000000000000000e+00,0.000000000000000000e+00,0.000000000000000000e+00,2.999940650040160139e-03,2.171412167572607022e+00,1.000000000000000000e+00
4.600000000000000000e+01,6.503498516513181471e+01,7.169250000000000345e-01,3.235500000000000043e-01,6.012250000000000094e-01,1.455325645987599330e+02,1.459775582316813427e+02,4.629810267249051208e+02,4.000000000000000083e-02,1.000000000000000000e+00,0.000000000000000000e+00,0.000000000000000000e+00,0.000000000000000000e+00,3.057691137019937031e-03,2.171590430291392870e+00,1.000000000000000000e+00
4.700000000000000000e+01,6.475314104156488781e+01,7.141999999999999460e-01,3.204250000000000154e-01,5.989999999999999769e-01,1.457866757404774205e+02,1.462693745542302395e+02,4.638393498906566492e+02,4.000000000000000083e-02,1.000000000000000000e+00,0.000000000000000000e+00,0.000000000000000000e+00,0.000000000000000000e+00,3.310994034956230882e-03,2.171131012929063075e+00,1.000000000000000000e+00
4.800000000000000000e+01,6.446844179180494905e+01,7.111499999999999488e-01,3.171999999999999820e-01,5.967249999999999499e-01,1.459941741865017377e+02,1.465171395793198315e+02,4.644620389583493534e+02,4.000000000000000083e-02,1.000000000000000000e+00,0.000000000000000000e+00,0.000000000000000000e+00,0.000000000000000000e+00,3.582097681172033074e-03,2.170018472186348024e+00,1.000000000000000000e+00
4.900000000000000000e+01,6.421960494070386005e+01,7.086249999999999494e-01,3.139500000000000068e-01,5.945500000000000229e-01,1.461969085262073520e+02,1.467497604940465123e+02,4.648752613260725752e+02,4.000000000000000083e-02,1.000000000000000000e+00,0.000000000000000000e+00,0.000000000000000000e+00,0.000000000000000000e+00,3.781557171163135375e-03,2.167809335845097607e+00,1.000000000000000000e+00
5.000000000000000000e+01,6.397250097376703337e+01,7.063749999999999751e-01,3.108000000000000207e-01,5.929750000000000298e-01,1.463859297748022641e+02,1.468804571383523410e+02,4.650358361031573509e+02,4.000000000000000083e-02,1.000000000000000000e+00,0.000000000000000000e+00,0.000000000000000000e+00,0.000000000000000000e+00,3.378243826512901480e-03,2.166083801503437822e+00,1.000000000000000000e+00
5.100000000000000000e+01,6.375486011845801215e+01,7.045249999999999568e-01,3.079000000000000070e-01,5.912749999999999950e-01,1.465626555441349694e+02,1.471016488341838624e+02,4.655263414065585721e+02,4.000000000000000083e-02,1.000000000000000000e+00,0.000000000000000000e+00,0.000000000000000000e+00,0.000000000000000000e+00,3.677562255185693428e-03,2.164657535085210860e+00,1.000000000000000000e+00
5.200000000000000000e+01,6.354629168820859775e+01,7.027499999999999858e-01,3.047000000000000264e-01,5.898999999999999799e-01,1.467047791534133125e+02,1.472999797445386321e+02,4.659089513759220154e+02,4.000000000000000083e-02,1.000000000000000000e+00,0.000000000000000000e+00,0.000000000000000000e+00,0.000000000000000000e+00,4.057131571036970592e-03,2.162993994866426739e+00,1.000000000000000000e+00
5.300000000000000000e+01,6.332484018928107616e+01,7.008499999999999730e-01,3.024749999999999939e-01,5.880499999999999616e-01,1.468548656345422216e+02,1.473470042822704613e+02,4.657085052010302775e+02,4.000000000000000083e-02,1.000000000000000000e+00,0.000000000000000000e+00,0.000000000000000000e+00,0.000000000000000000e+00,3.351190616679724631e-03,2.160624184180083063e+00,1.000000000000000000e+00
5.400000000000000000e+01,6.312507556615242521e+01,6.989999999999999547e-01,3.013000000000000123e-01,5.865749999999999575e-01,1.470035340227136089e+02,1.475476856271607460e+02,4.659781462646633372e+02,4.000000000000000083e-02,1.000000000000000000e+00,0.000000000000000000e+00,0.000000000000000000e+00,0.000000000000000000e+00,3.701622604277390177e-03,2.158152866200468534e+00,1.000000000000000000e+00
5.500000000000000000e+01,6.292479182523519654e+01,6.966999999999999860e-01,2.990249999999999853e-01,5.849750000000000227e-01,1.471400079065832927e+02,1.475704968057325743e+02,4.655757360152861111e+02,4.000000000000000083e-02,1.000000000000000000e+00,0.000000000000000000e+00,0.000000000000000000e+00,0.000000000000000000e+00,2.925709365345364067e-03,2.154937782910548716e+00,1.000000000000000000e+00
5.600000000000000000e+01,6.277832965621202987e+01,6.955999999999999961e-01,2.977500000000000147e-01,5.840499999999999581e-01,1.472713026459493051e+02,1.478192962436480400e+02,4.660675157944586431e+02,4.000000000000000083e-02,1.000000000000000000e+00,0.000000000000000000e+00,0.000000000000000000e+00,0.000000000000000000e+00,3.720980176403752750e-03,2.152954503492206406e+00,1.000000000000000000e+00
5.700000000000000000e+01,6.261009398683190597e+01,6.938999999999999613e-01,2.964749999999999885e-01,5.827999999999999847e-01,1.473737356422720381e+02,1.478054161060655645e+02,4.656167676315122890e+02,4.000000000000000083e-02,1.000000000000000000e+00,0.000000000000000000e+00,0.000000000000000000e+00,0.000000000000000000e+00,2.929154655082957717e-03,2.150200986528020497e+00,1.000000000000000000e+00
5.800000000000000000e+01,6.242084822037882930e+01,6.923749999999999627e-01,2.954999999999999849e-01,5.814500000000000224e-01,1.474828666557572774e+02,1.480092006625881709e+02,4.658959309756835978e+02,4.000000000000000083e-02,1.000000000000000000e+00,0.000000000000000000e+00,0.000000000000000000e+00,0.000000000000000000e+00,3.568780691383089797e-03,2.147749794539946411e+00,1.000000000000000000e+00
5.900000000000000000e+01,6.228528956634688996e+01,6.909750000000000059e-01,2.943999999999999950e-01,5.802500000000000435e-01,1.476086061866170667e+02,1.479340778757791668e+02,4.651648594575563607e+02,4.000000000000000083e-02,1.000000000000000000e+00,0.000000000000000000e+00,0.000000000000000000e+00,0.000000000000000000e+00,2.204964179057528582e-03,2.144406387878776243e+00,1.000000000000000000e+00
6.000000000000000000e+01,6.214163654418721450e+01,6.892000000000000348e-01,2.930749999999999744e-01,5.788999999999999702e-01,1.476883938140740327e+02,1.480674790314243410e+02,4.652944691773223553e+02,4.000000000000000083e-02,1.000000000000000000e+00,0.000000000000000000e+00,0.000000000000000000e+00,0.000000000000000000e+00,2.566790846324332014e-03,2.142448782278335351e+00,1.000000000000000000e+00
6.100000000000000000e+01,6.199135939540568785e+01,6.875250000000000528e-01,2.921500000000000208e-01,5.772749999999999826e-01,1.477699977083523208e+02,1.482777729965278866e+02,4.654476863668384681e+02,4.000000000000000083e-02,1.000000000000000000e+00,0.000000000000000000e+00,0.000000000000000000e+00,0.000000000000000000e+00,3.436254287407795177e-03,2.139025337113321434e+00,1.000000000000000000e+00
6.200000000000000000e+01,6.185134823075620147e+01,6.861249999999999849e-01,2.913250000000000006e-01,5.757750000000000368e-01,1.478702870252455739e+02,1.483842298651898659e+02,4.653324621460936328e+02,4.000000000000000083e-02,1.000000000000000000e+00,0.000000000000000000e+00,0.000000000000000000e+00,0.000000000000000000e+00,3.475632936700445274e-03,2.135996746883801478e+00,1.000000000000000000e+00
6.300000000000000000e+01,6.174154832171190321e+01,6.844749999999999446e-01,2.907000000000000139e-01,5.742749999999999799e-01,1.479574652047663506e+02,1.483441500710512457e+02,4.646980459106206922e+02,4.000000000000000083e-02,1.000000000000000000e+00,0.000000000000000000e+00,0.000000000000000000e+00,0.000000000000000000e+00,2.613486691933665246e-03,2.132567382590063954e+00,1.000000000000000000e+00
6.400000000000000000e+01,6.162989796751732285e+01,6.832249999999999712e-01,2.897750000000000048e-01,5.731000000000000538e-01,1.480192606527187422e+02,1.483723673368878906e+02,4.642824790713032144e+02,4.000000000000000083e-02,1.000000000000000000e+00,0.000000000000000000e+00,0.000000000000000000e+00,0.000000000000000000e+00,2.385545520306331206e-03,2.129170797801745785e+00,1.000000000000000000e+00
6.500000000000000000e+01,6.151493807505021749e+01,6.821749999999999758e-01,2.893999999999999906e-01,5.721749999999999892e-01,1.480853466978757638e+02,1.485218752726589742e+02,4.643568047151347855e+02,4.000000000000000083e-02,1.000000000000000000e+00,0.000000000000000000e+00,0.000000000000000000e+00,0.000000000000000000e+00,2.947817488477219323e-03,2.126521287606022437e+00,1.000000000000000000e+00
6.600000000000000000e+01,6.134231242197289191e+01,6.804750000000000520e-01,2.882750000000000035e-01,5.703500000000000236e-01,1.481482486324705405e+02,1.485216297300987947e+02,4.639056686987073022e+02,4.000000000000000083e-02,1.000000000000000000e+00,0.000000000000000000e+00,0.000000000000000000e+00,0.000000000000000000e+00,2.520320699534870940e-03,2.123488945965248842e+00,1.000000000000000000e+00
6.700000000000000000e+01,6.120853561486075733e+01,6.793749999999999512e-01,2.878000000000000003e-01,5.693000000000000282e-01,1.482448593477295731e+02,1.487662434678250065e+02,4.642897667903186516e+02,4.000000000000000083e-02,1.000000000000000000e+00,0.000000000000000000e+00,0.000000000000000000e+00,0.000000000000000000e+00,3.517046880340398470e-03,2.120934937708061074e+00,1.000000000000000000e+00
6.800000000000000000e+01,6.106298592459440044e+01,6.780500000000000416e-01,2.869249999999999856e-01,5.680250000000000021e-01,1.483053267017535859e+02,1.486051828592511583e+02,4.632022717756497627e+02,4.000000000000000083e-02,1.000000000000000000e+00,0.000000000000000000e+00,0.000000000000000000e+00,0.000000000000000000e+00,2.021883934759754770e-03,2.116999440149835099e+00,1.000000000000000000e+00
6.900000000000000000e+01,6.095492800911520703e+01,6.771249999999999769e-01,2.867000000000000104e-01,5.670500000000000540e-01,1.483893379783233399e+02,1.489194341342003156e+02,4.640645822188673151e+02,4.000000000000000083e-02,1.000000000000000000e+00,0.000000000000000000e+00,0.000000000000000000e+00,0.000000000000000000e+00,3.572333181743905968e-03,2.116212366215886931e+00,1.000000000000000000e+00
7.000000000000000000e+01,6.076527258213736360e+01,6.756750000000000256e-01,2.857750000000000012e-01,5.654000000000000137e-01,1.484423219562834220e+02,1.487798048519139797e+02,4.631063696361351276e+02,4.000000000000000083e-02,1.000000000000000000e+00,0.000000000000000000e+00,0.000000000000000000e+00,0.000000000000000000e+00,2.273495127150781166e-03,2.112696444904481385e+00,1.000000000000000000e+00
7.100000000000000000e+01,6.065579723237386389e+01,6.745999999999999774e-01,2.852750000000000008e-01,5.644749999999999490e-01,1.485475337501602269e+02,1.490601151489508993e+02,4.637726401511786207e+02,4.000000000000000083e-02,1.000000000000000000e+00,0.000000000000000000e+00,0.000000000000000000e+00,0.000000000000000000e+00,3.450622072613976007e-03,2.111312772620266731e+00,1.000000000000000000e+00
7.200000000000000000e+01,6.051255371834904651e+01,6.734499999999999931e-01,2.848499999999999921e-01,5.633749999999999591e-01,1.485768421505386243e+02,1.488815855821411560e+02,4.625615243577543083e+02,4.000000000000000083e-02,1.000000000000000000e+00,0.000000000000000000e+00,0.000000000000000000e+00,0.000000000000000000e+00,2.051082976267354363e-03,2.106908907163332234e+00,1.000000000000000000e+00
7.300000000000000000e+01,6.036905298212656135e+01,6.723249999999999504e-01,2.842749999999999999e-01,5.623249999999999638e-01,1.486756670276669468e+02,1.491480964923181602e+02,4.632775681824291496e+02,4.000000000000000083e-02,1.000000000000000000e+00,0.000000000000000000e+00,0.000000000000000000e+00,0.000000000000000000e+00,3.177584295372957220e-03,2.106158101094439239e+00,1.000000000000000000e+00
7.400000000000000000e+01,6.020464814273873344e+01,6.710000000000000409e-01,2.838499999999999912e-01,5.611500000000000377e-01,1.487502232896200098e+02,1.492991109611773766e+02,4.634269846205405088e+02,4.000000000000000083e-02,1.000000000000000000e+00,0.000000000000000000e+00,0.000000000000000000e+00,0.000000000000000000e+00,3.689995614249735878e-03,2.104017040939021754e+00,1.000000000000000000e+00
7.500000000000000000e+01,6.009820224264257149e+01,6.699249999999999927e-01,2.839999999999999747e-01,5.598250000000000171e-01,1.488366578772027822e+02,1.494152294486553956e+02,4.633639324987256600e+02,4.000000000000000083e-02,1.000000000000000000e+00,0.000000000000000000e+00,0.000000000000000000e+00,0.000000000000000000e+00,3.887292147677503130e-03,2.101182752310765345e+00,1.000000000000000000e+00
7.600000000000000000e+01,5.995138045327065157e+01,6.688499999999999446e-01,2.836000000000000187e-01,5.587250000000000272e-01,1.488830053606553463e+02,1.491490315783196365e+02,4.619296668597664848e+02,4.000000000000000083e-02,1.000000000000000000e+00,0.000000000000000000e+00,0.000000000000000000e+00,0.000000000000000000e+00,1.786813861124486764e-03,2.097101348708406476e+00,1.000000000000000000e+00
7.700000000000000000e+01,5.982800863395819846e+01,6.680000000000000382e-01,2.832500000000000018e-01,5.579749999999999988e-01,1.489670338152480724e+02,1.493447089110715638e+02,4.623305815141395101e+02,4.000000000000000083e-02,1.000000000000000000e+00,0.000000000000000000e+00,0.000000000000000000e+00,0.000000000000000000e+00,2.535293119227248829e-03,2.095727896121433620e+00,1.000000000000000000e+00
7.800000000000000000e+01,5.966657428026888255e+01,6.671500000000000208e-01,2.828999999999999848e-01,5.572500000000000231e-01,1.490250186326391031e+02,1.495579047206911696e+02,4.627243268530779687e+02,4.000000000000000083e-02,1.000000000000000000e+00,0.000000000000000000e+00,0.000000000000000000e+00,0.000000000000000000e+00,3.575816282000820155e-03,2.093947643337507714e+00,1.000000000000000000e+00
7.900000000000000000e+01,5.955572805246949031e+01,6.663000000000000034e-01,2.829499999999999793e-01,5.564750000000000529e-01,1.491088143572715126e+02,1.496778095522201681e+02,4.627076552662360882e+02,4.000000000000000083e-02,1.000000000000000000e+00,0.000000000000000000e+00,0.000000000000000000e+00,0.000000000000000000e+00,3.815972901409551542e-03,2.091357741341109300e+00,1.000000000000000000e+00
8.000000000000000000e+01,5.941409633438669147e+01,6.654750000000000387e-01,2.828999999999999848e-01,5.556750000000000300e-01,1.491528908490117260e+02,1.495535818686436471e+02,4.617937322793480917e+02,4.000000000000000083e-02,1.000000000000000000e+00,0.000000000000000000e+00,0.000000000000000000e+00,0.000000000000000000e+00,2.686444877810265086e-03,2.087814591327890490e+00,1.000000000000000000e+00
8.100000000000000000e+01,5.929156562856454826e+01,6.632249999999999535e-01,2.827000000000000068e-01,5.487250000000000183e-01,1.492338412606050611e+02,1.496449107109448278e+02,4.617249087881735932e+02,4.000000000000000083e-02,1.000000000000000000e+00,0.000000000000000000e+00,0.000000000000000000e+00,0.000000000000000000e+00,2.754532396052994728e-03,2.085470174659295406e+00,1.000000000000000000e+00
8.200000000000000000e+01,5.919008729046429096e+01,6.609500000000000375e-01,2.827999999999999958e-01,5.452000000000000179e-01,1.492834113302210710e+02,1.495717053533606986e+02,4.610136591832721251e+02,4.000000000000000083e-02,1.000000000000000000e+00,0.000000000000000000e+00,0.000000000000000000e+00,0.000000000000000000e+00,1.931185927295761637e-03,2.082225064520959457e+00,1.000000000000000000e+00
8.300000000000000000e+01,5.906264870666444722e+01,6.589249999999999829e-01,2.828249999999999931e-01,5.422000000000000153e-01,1.493225492181238678e+02,1.497574916308100796e+02,4.613141525074939295e+02,4.000000000000000083e-02,1.000000000000000000e+00,0.000000000000000000e+00,0.000000000000000000e+00,0.000000000000000000e+00,2.912771145172902976e-03,2.080407847940919375e+00,1.000000000000000000e+00
8.400000000000000000e+01,5.894571566041557276e+01,6.571749999999999536e-01,2.831750000000000100e-01,5.399500000000000410e-01,1.493915104886922620e+02,1.498931220140335370e+02,4.614126481005300207e+02,4.000000000000000083e-02,1.000000000000000000e+00,0.000000000000000000e+00,0.000000000000000000e+00,0.000000000000000000e+00,3.357697661000910022e-03,2.078277654776787831e+00,1.000000000000000000e+00
8.500000000000000000e+01,5.882090088438287978e+01,6.555750000000000188e-01,2.828999999999999848e-01,5.377999999999999448e-01,1.494473237548233726e+02,1.498578151206939140e+02,4.608715883565592435e+02,4.000000000000000083e-02,1.000000000000000000e+00,0.000000000000000000e+00,0.000000000000000000e+00,0.000000000000000000e+00,2.746729453275290837e-03,2.075392417708599613e+00,1.000000000000000000e+00
8.600000000000000000e+01,5.871350965340869266e+01,6.543999999999999817e-01,2.828499999999999903e-01,5.362749999999999462e-01,1.495033035369801837e+02,1.499742731293636382e+02,4.609535584129218933e+02,4.000000000000000083e-02,1.000000000000000000e+00,0.000000000000000000e+00,0.000000000000000000e+00,0.000000000000000000e+00,3.150228665461953913e-03,2.073550875057858622e+00,1.000000000000000000e+00
8.700000000000000000e+01,5.860037980160568338e+01,6.532750000000000501e-01,2.829749999999999766e-01,5.350749999999999673e-01,1.495509930916996950e+02,1.500105897805355823e+02,4.607018315881686590e+02,4.000000000000000083e-02,1.000000000000000000e+00,0.000000000000000000e+00,0.000000000000000000e+00,0.000000000000000000e+00,3.073177110593160351e-03,2.071128726726374047e+00,1.000000000000000000e+00
8.800000000000000000e+01,5.849751612910792176e+01,6.523499999999999854e-01,2.829749999999999766e-01,5.340249999999999719e-01,1.496042095310403113e+02,1.501303767705620942e+02,4.607584489924473701e+02,4.000000000000000083e-02,1.000000000000000000e+00,0.000000000000000000e+00,0.000000000000000000e+00,0.000000000000000000e+00,3.517061726880166446e-03,2.069055436373180346e+00,1.000000000000000000e+00
8.900000000000000000e+01,5.834946523977914268e+01,6.510749999999999593e-01,2.828749999999999876e-01,5.323750000000000426e-01,1.496300425025946197e+02,1.498533492544625574e+02,4.592175612487577609e+02,4.000000000000000083e-02,1.000000000000000000e+00,0.000000000000000000e+00,0.000000000000000000e+00,0.000000000000000000e+00,1.492392491060513370e-03,2.064446430683180012e+00,1.000000000000000000e+00
9.000000000000000000e+01,5.824599157228034585e+01,6.498000000000000442e-01,2.831750000000000100e-01,5.307250000000000023e-01,1.497153343945431345e+02,1.501472675383000137e+02,4.600028637068841704e+02,4.000000000000000083e-02,1.000000000000000000e+00,0.000000000000000000e+00,0.000000000000000000e+00,0.000000000000000000e+00,2.885029416015667553e-03,2.063677889373146890e+00,1.000000000000000000e+00
9.100000000000000000e+01,5.811507536483168224e+01,6.486250000000000071e-01,2.836000000000000187e-01,5.292249999999999455e-01,1.497583913513127243e+02,1.502060640779287723e+02,4.599124437018844560e+02,4.000000000000000083e-02,1.000000000000000000e+00,0.000000000000000000e+00,0.000000000000000000e+00,0.000000000000000000e+00,2.989299781979288129e-03,2.061876672723919945e+00,1.000000000000000000e+00
9.200000000000000000e+01,5.801409836008723886e+01,6.476250000000000062e-01,2.841000000000000192e-01,5.279500000000000304e-01,1.498169779400653567e+02,1.502551596215457437e+02,4.597152328057817954e+02,4.000000000000000083e-02,1.000000000000000000e+00,0.000000000000000000e+00,0.000000000000000000e+00,0.000000000000000000e+00,2.924779871448765761e-03,2.059563704592153321e+00,1.000000000000000000e+00
9.300000000000000000e+01,5.789369241338410177e+01,6.468500000000000361e-01,2.843749999999999889e-01,5.269749999999999712e-01,1.498540819794606591e+02,1.504573838654784197e+02,4.601074448406948250e+02,4.000000000000000083e-02,1.000000000000000000e+00,0.000000000000000000e+00,0.000000000000000000e+00,0.000000000000000000e+00,4.025928944000674303e-03,2.058058255566038941e+00,1.000000000000000000e+00
9.400000000000000000e+01,5.778387362780769365e+01,6.445750000000000091e-01,2.842749999999999999e-01,5.242999999999999883e-01,1.499046136775808975e+02,1.502580576826583467e+02,4.589122154791231765e+02,4.000000000000000083e-02,1.000000000000000000e+00,0.000000000000000000e+00,0.000000000000000000e+00,0.000000000000000000e+00,2.357792708352836938e-03,2.054160439424389750e+00,1.000000000000000000e+00
9.500000000000000000e+01,5.767131162678666811e+01,6.429500000000000215e-01,2.843249999999999944e-01,5.224750000000000227e-01,1.499511862322832201e+02,1.502811500412662440e+02,4.585962194667483800e+02,4.000000000000000083e-02,1.000000000000000000e+00,0.000000000000000000e+00,0.000000000000000000e+00,0.000000000000000000e+00,2.200474816330499298e-03,2.051588435015441192e+00,1.000000000000000000e+00
9.600000000000000000e+01,5.756470974231551452e+01,6.416250000000000009e-01,2.839749999999999774e-01,5.208500000000000352e-01,1.499870185013045614e+02,1.503042813992377376e+02,4.582323637237988123e+02,4.000000000000000083e-02,1.000000000000000000e+00,0.000000000000000000e+00,0.000000000000000000e+00,0.000000000000000000e+00,2.115269048637143708e-03,2.048698010848030826e+00,1.000000000000000000e+00
9.700000000000000000e+01,5.745243912223384797e+01,6.405250000000000110e-01,2.840250000000000274e-01,5.196749999999999980e-01,1.500429939037245504e+02,1.503818281766985478e+02,4.581690374589366002e+02,4.000000000000000083e-02,1.000000000000000000e+00,0.000000000000000000e+00,0.000000000000000000e+00,0.000000000000000000e+00,2.258247880546900704e-03,2.046704798139495018e+00,1.000000000000000000e+00
9.800000000000000000e+01,5.734017077558357300e+01,6.394250000000000211e-01,2.843749999999999889e-01,5.183499999999999774e-01,1.500831565135840435e+02,1.504032363131913712e+02,4.578317442317499513e+02,4.000000000000000083e-02,1.000000000000000000e+00,0.000000000000000000e+00,0.000000000000000000e+00,0.000000000000000000e+00,2.132683020818243631e-03,2.044028542566640461e+00,1.000000000000000000e+00
9.900000000000000000e+01,5.718271963451712026e+01,6.379500000000000171e-01,2.843249999999999944e-01,5.164250000000000229e-01,1.501267671357080644e+02,1.504354645844679226e+02,4.575240523796245498e+02,4.000000000000000083e-02,1.000000000000000000e+00,0.000000000000000000e+00,0.000000000000000000e+00,0.000000000000000000e+00,2.056245229611912764e-03,2.041331069395073694e+00,1.000000000000000000e+00
1.000000000000000000e+02,5.703380777363696552e+01,6.366000000000000547e-01,2.841250000000000164e-01,5.148500000000000298e-01,1.501992448107846485e+02,1.505068851431673522e+02,4.574061082324853373e+02,4.000000000000000083e-02,1.000000000000000000e+00,0.000000000000000000e+00,0.000000000000000000e+00,0.000000000000000000e+00,2.048214907939500083e-03,2.039104209733559880e+00,1.000000000000000000e+00
1.010000000000000000e+02,5.689194078718134762e+01,6.351750000000000451e-01,2.844249999999999834e-01,5.128749999999999698e-01,1.502595819802487540e+02,1.505399423609636074e+02,4.571399701880684461e+02,4.000000000000000083e-02,1.000000000000000000e+00,0.000000000000000000e+00,0.000000000000000000e+00,0.000000000000000000e+00,1.865840281331982136e-03,2.036668959869411211e+00,1.000000000000000000e+00
1.020000000000000000e+02,5.678578741395718765e+01,6.340750000000000552e-01,2.843999999999999861e-01,5.116000000000000547e-01,1.503130785267564136e+02,1.505857177243433114e+02,4.568995158881029397e+02,4.000000000000000083e-02,1.000000000000000000e+00,0.000000000000000000e+00,0.000000000000000000e+00,0.000000000000000000e+00,1.813808886485993857e-03,2.034149073317075285e+00,1.000000000000000000e+00
1.030000000000000000e+02,5.666206108411259379e+01,6.332750000000000323e-01,2.846000000000000196e-01,5.107749999999999790e-01,1.503559027385578020e+02,1.506777189282237828e+02,4.568656186235552354e+02,4.000000000000000083e-02,1.000000000000000000e+00,0.000000000000000000e+00,0.000000000000000000e+00,0.000000000000000000e+00,2.140362857755987152e-03,2.032071509133914322e+00,1.000000000000000000e+00
1.040000000000000000e+02,5.653489946762694274e+01,6.319000000000000172e-01,2.847750000000000004e-01,5.087749999999999773e-01,1.504035918104366942e+02,1.507177761473771227e+02,4.565808538606598290e+02,4.000000000000000083e-02,1.000000000000000000e+00,0.000000000000000000e+00,0.000000000000000000e+00,0.000000000000000000e+00,2.088941714479898397e-03,2.029376265572012006e+00,1.000000000000000000e+00
1.050000000000000000e+02,5.640801748076852107e+01,6.310999999999999943e-01,2.852750000000000008e-01,5.079249999999999599e-01,1.504606533098197190e+02,1.507691520610140117e+02,4.563488923132608761e+02,4.000000000000000083e-02,1.000000000000000000e+00,0.000000000000000000e+00,0.000000000000000000e+00,0.000000000000000000e+00,2.050361635470572107e-03,2.026805457714475622e+00,1.000000000000000000e+00
1.060000000000000000e+02,5.629870147604706432e+01,6.301499999999999879e-01,2.853749999999999898e-01,5.068000000000000282e-01,1.505079808509693464e+02,1.508009346239327613e+02,4.559993060634425888e+02,4.000000000000000083e-02,1.000000000000000000e+00,0.000000000000000000e+00,0.000000000000000000e+00,0.000000000000000000e+00,1.946433480185300611e-03,2.023849336216736905e+00,1.000000000000000000e+00
1.070000000000000000e+02,5.617417615872074776e+01,6.288249999999999673e-01,2.857500000000000040e-01,5.050750000000000517e-01,1.505550139712939881e+02,1.508866482303500902e+02,4.558787496458385249e+02,4.000000000000000083e-02,1.000000000000000000e+00,0.000000000000000000e+00,0.000000000000000000e+00,0.000000000000000000e+00,2.202744699816733612e-03,2.021332602934318601e+00,1.000000000000000000e+00
1.080000000000000000e+02,5.606887472140926576e+01,6.278500000000000192e-01,2.862250000000000072e-01,5.038500000000000201e-01,1.506047687804291400e+02,1.509246445557003824e+02,4.555295507885078905e+02,4.000000000000000083e-02,1.000000000000000000e+00,0.000000000000000000e+00,0.000000000000000000e+00,0.000000000000000000e+00,2.123941876884377893e-03,2.018258231646122614e+00,1.000000000000000000e+00
1.090000000000000000e+02,5.592852553240569335e+01,6.268749999999999600e-01,2.864999999999999769e-01,5.026000000000000467e-01,1.506498730712365841e+02,1.509822383370539285e+02,4.552543378749799672e+02,4.000000000000000083e-02,1.000000000000000000e+00,0.000000000000000000e+00,0.000000000000000000e+00,0.000000000000000000e+00,2.206210062056816398e-03,2.015284068439008092e+00,1.000000000000000000e+00
1.100000000000000000e+02,5.583484874385624863e+01,6.262250000000000316e-01,2.869749999999999801e-01,5.017249999999999766e-01,1.507079351153206517e+02,1.510224925833067573e+02,4.548833880700996701e+02,4.000000000000000083e-02,1.000000000000000000e+00,0.000000000000000000e+00,0.000000000000000000e+00,0.000000000000000000e+00,2.087199109624907761e-03,2.012024105079431635e+00,1.000000000000000000e+00
1.110000000000000000e+02,5.574889039292921922e+01,6.251250000000000417e-01,2.876500000000000168e-01,5.003750000000000142e-01,1.507458907668626296e+02,1.510876783469424254e+02,4.545998671222484404e+02,4.000000000000000083e-02,1.000000000000000000e+00,0.000000000000000000e+00,0.000000000000000000e+00,0.000000000000000000e+00,2.267309432722052539e-03,2.008848054957542040e+00,1.000000000000000000e+00
1.120000000000000000e+02,5.563753048687154745e+01,6.245749999999999913e-01,2.876750000000000140e-01,4.995999999999999885e-01,1.507781627281058547e+02,1.511396699875430727e+02,4.542213017678988081e+02,4.000000000000000083e-02,1.000000000000000000e+00,0.000000000000000000e+00,0.000000000000000000e+00,0.000000000000000000e+00,2.397610190337138517e-03,2.005308280779862340e+00,1.000000000000000000e+00
1.130000000000000000e+02,5.555493263797698233e+01,6.238749999999999574e-01,2.879749999999999810e-01,4.986999999999999766e-01,1.508276937470601524e+02,1.511984419297643853e+02,4.538483890100334293e+02,4.000000000000000083e-02,1.000000000000000000e+00,0.000000000000000000e+00,0.000000000000000000e+00,0.000000000000000000e+00,2.458090908198742788e-03,2.001673715797004149e+00,1.000000000000000000e+00
1.140000000000000000e+02,5.544248318691445121e+01,6.230499999999999927e-01,2.884999999999999787e-01,4.955249999999999932e-01,1.508621191716206908e+02,1.512022324992134941e+02,4.532267105830692344e+02,4.000000000000000083e-02,1.000000000000000000e+00,0.000000000000000000e+00,0.000000000000000000e+00,0.000000000000000000e+00,2.254464735483997784e-03,1.997486896137110834e+00,0.000000000000000000e+00
1.150000000000000000e+02,5.536484155623130476e+01,6.221999999999999753e-01,2.888749999999999929e-01,4.938500000000000112e-01,1.509055864397759308e+02,1.513107499484974596e+02,4.529489114165236288e+02,4.000000000000000083e-02,1.000000000000000000e+00,0.000000000000000000e+00,0.000000000000000000e+00,0.000000000000000000e+00,2.684880780627848119e-03,1.993501199159323001e+00,0.000000000000000000e+00
1.160000000000000000e+02,5.527448671737518282e+01,6.215249999999999941e-01,2.894499999999999851e-01,4.931499999999999773e-01,1.509332971607190075e+02,1.513824681695469394e+02,4.524381294049262010e+02,4.000000000000000083e-02,1.000000000000000000e+00,0.000000000000000000e+00,0.000000000000000000e+00,0.000000000000000000e+00,2.975957043790271751e-03,1.988708896582395136e+00,0.000000000000000000e+00
1.170000000000000000e+02,5.517963547007009595e+01,6.206000000000000405e-01,2.900499999999999745e-01,4.901499999999999746e-01,1.509877797529701411e+02,1.514231234547728775e+02,4.518026368168551699e+02,4.000000000000000083e-02,1.000000000000000000e+00,0.000000000000000000e+00,0.000000000000000000e+00,0.000000000000000000e+00,2.883304215182173457e-03,1.983709664077823565e+00,0.000000000000000000e+00
1.180000000000000000e+02,5.509233215996945887e+01,6.198000000000000176e-01,2.906000000000000250e-01,4.887500000000000178e-01,1.510258257859371156e+02,1.514574763326353377e+02,4.510134742244774202e+02,4.000000000000000083e-02,1.000000000000000000e+00,0.000000000000000000e+00,0.000000000000000000e+00,0.000000000000000000e+00,2.858124062238470535e-03,1.977822456475825774e+00,0.000000000000000000e+00
1.190000000000000000e+02,5.501707577051138998e+01,6.191250000000000364e-01,2.911000000000000254e-01,4.874999999999999889e-01,1.510618823604355327e+02,1.514945793349207293e+02,4.502492465335502061e+02,4.000000000000000083e-02,1.000000000000000000e+00,0.000000000000000000e+00,0.000000000000000000e+00,0.000000000000000000e+00,2.864369010395197580e-03,1.972048561144551071e+00,0.000000000000000000e+00
1.200000000000000000e+02,5.493048452563913031e+01,6.179000000000000048e-01,2.910499999999999754e-01,4.854999999999999871e-01,1.511016727458828939e+02,1.515570726882974952e+02,4.495028518198541860e+02,4.000000000000000083e-02,1.000000000000000000e+00,0.000000000000000000e+00,0.000000000000000000e+00,0.000000000000000000e+00,3.013864334781229427e-03,1.965898218055003754e+00,0.000000000000000000e+00
1.210000000000000000e+02,5.483737964834599410e+01,6.164749999999999952e-01,2.913499999999999979e-01,4.836250000000000271e-01,1.511355923086104269e+02,1.517764083918541758e+02,4.492490537176766452e+02,4.000000000000000083e-02,1.000000000000000000e+00,0.000000000000000000e+00,0.000000000000000000e+00,0.000000000000000000e+00,4.240007753668230753e-03,1.959939943748120417e+00,0.000000000000000000e+00
1.220000000000000000e+02,5.474131117141094194e+01,6.149499999999999966e-01,2.916250000000000231e-01,4.816250000000000253e-01,1.511888300111972683e+02,1.518498506451792025e+02,4.485455715466072206e+02,4.000000000000000083e-02,1.000000000000000000e+00,0.000000000000000000e+00,0.000000000000000000e+00,0.000000000000000000e+00,4.372152585167687552e-03,1.953875618848672335e+00,0.000000000000000000e+00
1.230000000000000000e+02,5.466141695783078092e+01,6.136249999999999760e-01,2.921500000000000208e-01,4.800249999999999795e-01,1.512406624130529167e+02,1.520484754665681066e+02,4.481396211058696508e+02,4.000000000000000083e-02,1.000000000000000000e+00,0.000000000000000000e+00,0.000000000000000000e+00,0.000000000000000000e+00,5.341242498058981596e-03,1.947347020288967334e+00,0.000000000000000000e+00
1.240000000000000000e+02,5.456363066000405837e+01,6.123250000000000082e-01,2.924249999999999905e-01,4.780499999999999750e-01,1.512818237614209238e+02,1.520688050717219539e+02,4.470794074562031142e+02,4.000000000000000083e-02,1.000000000000000000e+00,0.000000000000000000e+00,0.000000000000000000e+00,0.000000000000000000e+00,5.202087671431958847e-03,1.939981064790651466e+00,0.000000000000000000e+00
1.250000000000000000e+02,5.445634147651878010e+01,6.109999999999999876e-01,2.926250000000000240e-01,4.758999999999999897e-01,1.513377266752410435e+02,1.523087985418954133e+02,4.469204092781305917e+02,4.000000000000000083e-02,1.000000000000000000e+00,0.000000000000000000e+00,0.000000000000000000e+00,0.000000000000000000e+00,6.416588169969107344e-03,1.934304607197047332e+00,0.000000000000000000e+00
1.260000000000000000e+02,5.430930508255751477e+01,6.094500000000000473e-01,2.925499999999999767e-01,4.738749999999999907e-01,1.513982356984049318e+02,1.522514437316371243e+02,4.457743535884964672e+02,4.000000000000000083e-02,1.000000000000000000e+00,0.000000000000000000e+00,0.000000000000000000e+00,0.000000000000000000e+00,5.635521637992123647e-03,1.927882604346474515e+00,0.000000000000000000e+00
1.270000000000000000e+02,5.420833566716821394e+01,6.081499999999999684e-01,2.927750000000000075e-01,4.721750000000000114e-01,1.514809255651548767e+02,1.522039776232568329e+02,4.446016700337168572e+02,4.000000000000000083e-02,1.000000000000000000e+00,0.000000000000000000e+00,0.000000000000000000e+00,0.000000000000000000e+00,4.773221812610047195e-03,1.921091005480933811e+00,0.000000000000000000e+00
1.280000000000000000e+02,5.412112725040056915e+01,6.069999999999999840e-01,2.927250000000000130e-01,4.701250000000000151e-01,1.515285700698298115e+02,1.520876711576040634e+02,4.433847059679133622e+02,4.000000000000000083e-02,1.000000000000000000e+00,0.000000000000000000e+00,0.000000000000000000e+00,0.000000000000000000e+00,3.689740406819638253e-03,1.915323132987200472e+00,0.000000000000000000e+00
1.290000000000000000e+02,5.401092249120033273e+01,6.053250000000000020e-01,2.930499999999999772e-01,4.677499999999999991e-01,1.515767399119836227e+02,1.520616119901681884e+02,4.424798540733399363e+02,4.000000000000000083e-02,1.000000000000000000e+00,0.000000000000000000e+00,0.000000000000000000e+00,0.000000000000000000e+00,3.198855434324008630e-03,1.909872178008669819e+00,0.000000000000000000e+00
1.300000000000000000e+02,5.391228036190877049e+01,6.043500000000000538e-01,2.934499999999999886e-01,4.663249999999999895e-01,1.516365476376442700e+02,1.521134205040452230e+02,4.417187221533388879e+02,4.000000000000000083e-02,1.000000000000000000e+00,0.000000000000000000e+00,0.000000000000000000e+00,0.000000000000000000e+00,3.144841226143608830e-03,1.903877387607571858e+00,0.000000000000000000e+00
1.310000000000000000e+02,5.380047122645846969e+01,6.028750000000000497e-01,2.936000000000000276e-01,4.644499999999999740e-01,1.516956672674978108e+02,1.521038511672712445e+02,4.409047694478546759e+02,4.000000000000000083e-02,1.000000000000000000e+00,0.000000000000000000e+00,0.000000000000000000e+00,0.000000000000000000e+00,2.690807899303072903e-03,1.898708783928054977e+00,0.000000000000000000e+00
1.320000000000000000e+02,5.370912014429784875e+01,6.016249999999999654e-01,2.941250000000000253e-01,4.627249999999999974e-01,1.517562715509751001e+02,1.522094853759051603e+02,4.403551756908917127e+02,4.000000000000000083e-02,1.000000000000000000e+00,0.000000000000000000e+00,0.000000000000000000e+00,0.000000000000000000e+00,2.986458617480102634e-03,1.893086292246279223e+00,0.000000000000000000e+00
1.330000000000000000e+02,5.361285232718462623e+01,6.004000000000000448e-01,2.943500000000000005e-01,4.614249999999999741e-01,1.518052677595472062e+02,1.522628742097407439e+02,4.397461592581562968e+02,4.000000000000000083e-02,1.000000000000000000e+00,0.000000000000000000e+00,0.000000000000000000e+00,0.000000000000000000e+00,3.014430638325186346e-03,1.888072102542934338e+00,0.000000000000000000e+00
1.340000000000000000e+02,5.351456400378932443e+01,5.991999999999999549e-01,2.949249999999999927e-01,4.597999999999999865e-01,1.518516965739449063e+02,1.523199516396747129e+02,4.391337095508402513e+02,4.000000000000000083e-02,1.000000000000000000e+00,0.000000000000000000e+00,0.000000000000000000e+00,0.000000000000000000e+00,3.083634073866191837e-03,1.882969071508418857e+00,0.000000000000000000e+00
1.350000000000000000e+02,5.342526988184911119e+01,5.980999999999999650e-01,2.954249999999999932e-01,4.581500000000000017e-01,1.518998709375217118e+02,1.523507632622179528e+02,4.384785273589266694e+02,4.000000000000000083e-02,1.000000000000000000e+00,0.000000000000000000e+00,0.000000000000000000e+00,0.000000000000000000e+00,2.968352256742197437e-03,1.878085530849891160e+00,0.000000000000000000e+00
1.360000000000000000e+02,5.336855899398887715e+01,5.969999999999999751e-01,2.958500000000000019e-01,4.568999999999999728e-01,1.519483723765371224e+02,1.525012650768770470e+02,4.383319610934584034e+02,4.000000000000000083e-02,1.000000000000000000e+00,0.000000000000000000e+00,0.000000000000000000e+00,0.000000000000000000e+00,3.638687875970290919e-03,1.874284097725300136e+00,0.000000000000000000e+00
1.370000000000000000e+02,5.326769956984722398e+01,5.961250000000000160e-01,2.964249999999999940e-01,4.557749999999999857e-01,1.519686786522658792e+02,1.527088001130805708e+02,4.383155566367739766e+02,4.000000000000000083e-02,1.000000000000000000e+00,0.000000000000000000e+00,0.000000000000000000e+00,0.000000000000000000e+00,4.870223702531720211e-03,1.870270451422591185e+00,0.000000000000000000e+00
1.380000000000000000e+02,5.318787466067708181e+01,5.953749999999999876e-01,2.968500000000000028e-01,4.545500000000000096e-01,1.520251493269286129e+02,1.528298832496843431e+02,4.379819438045341826e+02,4.000000000000000083e-02,1.000000000000000000e+00,0.000000000000000000e+00,0.000000000000000000e+00,0.000000000000000000e+00,5.293426293732214280e-03,1.865813507748255384e+00,0.000000000000000000e+00
1.390000000000000000e+02,5.309597837396240294e+01,5.941499999999999559e-01,2.977750000000000119e-01,4.526749999999999940e-01,1.520639115834720485e+02,1.528736626506391758e+02,4.373948827157818187e+02,4.000000000000000083e-02,1.000000000000000000e+00,0.000000000000000000e+00,0.000000000000000000e+00,0.000000000000000000e+00,5.325070614947536793e-03,1.861152635005262290e+00,0.000000000000000000e+00
1.400000000000000000e+02,5.301655701433895729e+01,5.934000000000000385e-01,2.982500000000000151e-01,4.515750000000000042e-01,1.521106602956127745e+02,1.529055222497783575e+02,4.366926407835459258e+02,4.000000000000000083e-02,1.000000000000000000e+00,0.000000000000000000e+00,0.000000000000000000e+00,0.000000000000000000e+00,5.225550613092096869e-03,1.855963828894210632e+00,0.000000000000000000e+00
1.410000000000000000e+02,5.294244251483005570e+01,5.924500000000000322e-01,2.988000000000000100e-01,4.504250000000000198e-01,1.521472536583842725e+02,1.529288852809037564e+02,4.359955660813094482e+02,4.000000000000000083e-02,1.000000000000000000e+00,0.000000000000000000e+00,0.000000000000000000e+00,0.000000000000000000e+00,5.137336387776534133e-03,1.850969359257811142e+00,0.000000000000000000e+00
1.420000000000000000e+02,5.286799614675660308e+01,5.916749999999999510e-01,2.991500000000000270e-01,4.491499999999999937e-01,1.521826453300964488e+02,1.530613231390388194e+02,4.356729632804103858e+02,4.000000000000000083e-02,1.000000000000000000e+00,0.000000000000000000e+00,0.000000000000000000e+00,0.000000000000000000e+00,5.773837135216354152e-03,1.846394858906655667e+00,0.000000000000000000e+00
1.430000000000000000e+02,5.278701382866704250e+01,5.906249999999999556e-01,2.995499999999999829e-01,4.475000000000000089e-01,1.522192650187912193e+02,1.532190040329101066e+02,4.354380061504336936e+02,4.000000000000000083e-02,1.000000000000000000e+00,0.000000000000000000e+00,0.000000000000000000e+00,0.000000000000000000e+00,6.567756150941020214e-03,1.841932101692198787e+00,0.000000000000000000e+00
1.440000000000000000e+02,5.270780989475988321e+01,5.898750000000000382e-01,3.000499999999999834e-01,4.467249999999999832e-01,1.522540149733692374e+02,1.534048563218731260e+02,4.352788720163064227e+02,4.000000000000000083e-02,1.000000000000000000e+00,0.000000000000000000e+00,0.000000000000000000e+00,0.000000000000000000e+00,7.558692942876957602e-03,1.837451710805080296e+00,0.000000000000000000e+00
1.450000000000000000e+02,5.263069852595820919e+01,5.887499999999999956e-01,3.003500000000000059e-01,4.452249999999999819e-01,1.522987902324004779e+02,1.535918074798536850e+02,4.351301367259492281e+02,4.000000000000000083e-02,1.000000000000000000e+00,0.000000000000000000e+00,0.000000000000000000e+00,0.000000000000000000e+00,8.490003403704824217e-03,1.833029598815186345e+00,0.000000000000000000e+00
1.460000000000000000e+02,5.253795044255009827e+01,5.880750000000000144e-01,3.006499999999999728e-01,4.440999999999999948e-01,1.523385833467191617e+02,1.534863296063398366e+02,4.341156710778327010e+02,4.000000000000000083e-02,1.000000000000000000e+00,0.000000000000000000e+00,0.000000000000000000e+00,0.000000000000000000e+00,7.534179683215449716e-03,1.828367009565269541e+00,0.000000000000000000e+00
1.470000000000000000e+02,5.242937072987383829e+01,5.871250000000000080e-01,3.009000000000000008e-01,4.427499999999999769e-01,1.523865755682126917e+02,1.535425012318147253e+02,4.335787087569066216e+02,4.000000000000000083e-02,1.000000000000000000e+00,0.000000000000000000e+00,0.000000000000000000e+00,0.000000000000000000e+00,7.585482246660286976e-03,1.823835128895679780e+00,0.000000000000000000e+00
1.480000000000000000e+02,5.235445046760843724e+01,5.863500000000000378e-01,3.016249999999999765e-01,4.414500000000000091e-01,1.524448370346420063e+02,1.533398781421197441e+02,4.320693504798593381e+02,4.000000000000000083e-02,1.000000000000000000e+00,0.000000000000000000e+00,0.000000000000000000e+00,0.000000000000000000e+00,5.871245788890483083e-03,1.817723319692514883e+00,0.000000000000000000e+00
1.490000000000000000e+02,5.228034820217508383e+01,5.852500000000000480e-01,3.023000000000000131e-01,4.400249999999999995e-01,1.524800551081088145e+02,1.533031504151080355e+02,4.312462602848686970e+02,4.000000000000000083e-02,1.000000000000000000e+00,0.000000000000000000e+00,0.000000000000000000e+00,0.000000000000000000e+00,5.398052266020260913e-03,1.813029341648606518e+00,0.000000000000000000e+00
1.500000000000000000e+02,5.217929359973523162e+01,5.839250000000000274e-01,3.031499999999999750e-01,4.379000000000000115e-01,1.525140668621285442e+02,1.533659694955960617e+02,4.307488566344604806e+02,4.000000000000000083e-02,1.000000000000000000e+00,0.000000000000000000e+00,0.000000000000000000e+00,0.000000000000000000e+00,5.585731539357811914e-03,1.808633871328473086e+00,0.000000000000000000e+00
1.510000000000000000e+02,5.208101186390911863e+01,5.828499999999999792e-01,3.040499999999999869e-01,4.361749999999999794e-01,1.525727306091285698e+02,1.534186465400833015e+02,4.302504871014971854e+02,4.000000000000000083e-02,1.000000000000000000e+00,0.000000000000000000e+00,0.000000000000000000e+00,0.000000000000000000e+00,5.544345490688358871e-03,1.804421084428526001e+00,0.000000000000000000e+00
1.520000000000000000e+02,5.199046058395432368e+01,5.817499999999999893e-01,3.047500000000000209e-01,4.346999999999999753e-01,1.526143056022539497e+02,1.536455238509814194e+02,4.302991886007903872e+02,4.000000000000000083e-02,1.000000000000000000e+00,0.000000000000000000e+00,0.000000000000000000e+00,0.000000000000000000e+00,6.757022185161649583e-03,1.800596970323270707e+00,0.000000000000000000e+00
1.530000000000000000e+02,5.188232317720438402e+01,5.802249999999999908e-01,3.054250000000000020e-01,4.323500000000000121e-01,1.526596866908693073e+02,1.536647241259911425e+02,4.297429819907370643e+02,4.000000000000000083e-02,1.000000000000000000e+00,0.000000000000000000e+00,0.000000000000000000e+00,0.000000000000000000e+00,6.583515641277333172e-03,1.796627426593931709e+00,0.000000000000000000e+00
1.540000000000000000e+02,5.181703524388131399e+01,5.790250000000000119e-01,3.059999999999999942e-01,4.306749999999999745e-01,1.527162639063924416e+02,1.534721752333379357e+02,4.284366032277437739e+02,4.000000000000000083e-02,1.000000000000000000e+00,0.000000000000000000e+00,0.000000000000000000e+00,0.000000000000000000e+00,4.949776190234921047e-03,1.791623970770936047e+00,0.000000000000000000e+00
1.550000000000000000e+02,5.174640248037584200e+01,5.779999999999999583e-01,3.063250000000000139e-01,4.292500000000000204e-01,1.527505759020251048e+02,1.535245294194852761e+02,4.279945637683035216e+02,4.000000000000000083e-02,1.000000000000000000e+00,0.000000000000000000e+00,0.000000000000000000e+00,0.000000000000000000e+00,5.066779702071882822e-03,1.787792709000041835e+00,0.000000000000000000e+00
1.560000000000000000e+02,5.166702585722203622e+01,5.769750000000000156e-01,3.065999999999999837e-01,4.273500000000000076e-01,1.527818781649513653e+02,1.535601008294590031e+02,4.274327867658096238e+02,4.000000000000000083e-02,1.000000000000000000e+00,0.000000000000000000e+00,0.000000000000000000e+00,0.000000000000000000e+00,5.093684367902766644e-03,1.783488578458987561e+00,0.000000000000000000e+00
1.570000000000000000e+02,5.159170383293443507e+01,5.759750000000000147e-01,3.070999999999999841e-01,4.260499999999999843e-01,1.528211196823104956e+02,1.537266133355242061e+02,4.273535679979730162e+02,4.000000000000000083e-02,1.000000000000000000e+00,0.000000000000000000e+00,0.000000000000000000e+00,0.000000000000000000e+00,5.925186617504701707e-03,1.779958256578707987e+00,0.000000000000000000e+00
1.580000000000000000e+02,5.150387330485801840e+01,5.748499999999999721e-01,3.074500000000000011e-01,4.237750000000000128e-01,1.528539535742277451e+02,1.537274333907733421e+02,4.267200411101318878e+02,4.000000000000000083e-02,1.000000000000000000e+00,0.000000000000000000e+00,0.000000000000000000e+00,0.000000000000000000e+00,5.714473169458614103e-03,1.775822322001659348e+00,0.000000000000000000e+00
1.590000000000000000e+02,5.140702022009669037e+01,5.737750000000000350e-01,3.080749999999999877e-01,4.215499999999999803e-01,1.528915134605153696e+02,1.538660504239172155e+02,4.265192819418221575e+02,4.000000000000000083e-02,1.000000000000000000e+00,0.000000000000000000e+00,0.000000000000000000e+00,0.000000000000000000e+00,6.374042229973233067e-03,1.772016833906612243e+00,0.000000000000000000e+00
1.600000000000000000e+02,5.134091271508233234e+01,5.728250000000000286e-01,3.087500000000000244e-01,4.203999999999999959e-01,1.529438133627064929e+02,1.538278654332483768e+02,4.257084322221031130e+02,4.000000000000000083e-02,1.000000000000000000e+00,0.000000000000000000e+00,0.000000000000000000e+00,0.000000000000000000e+00,5.780240802845375975e-03,1.767433787260304756e+00,0.000000000000000000e+00
1.610000000000000000e+02,5.126898515935709355e+01,5.719750000000000112e-01,3.093750000000000111e-01,4.182250000000000134e-01,1.529696145504111939e+02,1.539176112645832575e+02,4.254134604145774006e+02,4.000000000000000083e-02,1.000000000000000000e+00,0.000000000000000000e+00,0.000000000000000000e+00,0.000000000000000000e+00,6.197287722521199228e-03,1.763903733428494602e+00,0.000000000000000000e+00
1.620000000000000000e+02,5.120048183135716613e+01,5.708250000000000268e-01,3.099000000000000088e-01,4.166500000000000203e-01,1.530056967698568826e+02,1.540458466128974919e+02,4.252441915454810442e+02,4.000000000000000083e-02,1.000000000000000000e+00,0.000000000000000000e+00,0.000000000000000000e+00,0.000000000000000000e+00,6.798111867724428679e-03,1.760504102483717803e+00,0.000000000000000000e+00
1.630000000000000000e+02,5.110878081132154449e+01,5.699499999999999567e-01,3.106999999999999762e-01,4.147000000000000131e-01,1.530353939132808421e+02,1.541980492222502619e+02,4.251983347849072743e+02,4.000000000000000083e-02,1.000000000000000000e+00,0.000000000000000000e+00,0.000000000000000000e+00,0.000000000000000000e+00,7.597296803301927491e-03,1.757481932680329928e+00,0.000000000000000000e+00
1.640000000000000000e+02,5.102476344289540577e+01,5.686750000000000416e-01,3.109500000000000042e-01,4.124999999999999778e-01,1.530827782107657811e+02,1.541768587032177322e+02,4.246086083401651763e+02,4.000000000000000083e-02,1.000000000000000000e+00,0.000000000000000000e+00,0.000000000000000000e+00,0.000000000000000000e+00,7.146986128940062757e-03,1.754035929331743571e+00,0.000000000000000000e+00
1.650000000000000000e+02,5.096018462389500314e+01,5.674000000000000155e-01,3.115749999999999909e-01,4.098999999999999866e-01,1.531231169003664832e+02,1.540008194221214808e+02,4.235503790527869228e+02,4.000000000000000083e-02,1.000000000000000000e+00,0.000000000000000000e+00,0.000000000000000000e+00,0.000000000000000000e+00,5.732005326969000572e-03,1.750312502505723344e+00,0.000000000000000000e+00
1.660000000000000000e+02,5.086842802565927002e+01,5.660250000000000004e-01,3.121249999999999858e-01,4.072749999999999981e-01,1.531577487405434965e+02,1.540913465309713217e+02,4.232773630453535247e+02,4.000000000000000083e-02,1.000000000000000000e+00,0.000000000000000000e+00,0.000000000000000000e+00,0.000000000000000000e+00,6.095661486963902843e-03,1.746924941435810341e+00,0.000000000000000000e+00
1.670000000000000000e+02,5.079858669145374961e+01,5.649750000000000050e-01,3.122750000000000248e-01,4.046000000000000152e-01,1.532031950417922985e+02,1.542234050983434486e+02,4.230857752495834916e+02,4.000000000000000083e-02,1.000000000000000000e+00,0.000000000000000000e+00,0.000000000000000000e+00,0.000000000000000000e+00,6.659195692836869171e-03,1.743330527424127974e+00,0.000000000000000000e+00
1.680000000000000000e+02,5.072454460583291080e+01,5.638499999999999623e-01,3.132499999999999729e-01,4.019499999999999740e-01,1.532324269941973967e+02,1.542316957099012313e+02,4.225216485274161755e+02,4.000000000000000083e-02,1.000000000000000000e+00,0.000000000000000000e+00,0.000000000000000000e+00,0.000000000000000000e+00,6.521261428181092563e-03,1.739525404182478585e+00,0.000000000000000000e+00
1.690000000000000000e+02,5.065659264574631493e+01,5.628250000000000197e-01,3.136999999999999789e-01,3.994249999999999745e-01,1.532692290515011848e+02,1.543334489393556908e+02,4.222714623955312732e+02,4.000000000000000083e-02,1.000000000000000000e+00,0.000000000000000000e+00,0.000000000000000000e+00,0.000000000000000000e+00,6.943467351146584074e-03,1.736098138786881018e+00,0.000000000000000000e+00
1.700000000000000000e+02,5.058368869464710826e+01,5.615750000000000464e-01,3.141749999999999821e-01,3.960500000000000131e-01,1.533005869034918476e+02,1.544715703440243715e+02,4.221499468241977979e+02,4.000000000000000083e-02,1.000000000000000000e+00,0.000000000000000000e+00,0.000000000000000000e+00,0.000000000000000000e+00,7.638479827019185008e-03,1.732864991817106848e+00,0.000000000000000000e+00
1.710000000000000000e+02,5.048872386248316246e+01,5.601249999999999840e-01,3.145499999999999963e-01,3.926999999999999935e-01,1.533350301434732614e+02,1.545661047161507611e+02,4.218956224256466498e+02,4.000000000000000083e-02,1.000000000000000000e+00,0.000000000000000000e+00,0.000000000000000000e+00,0.000000000000000000e+00,8.028658366751562428e-03,1.729548132175724007e+00,0.000000000000000000e+00
1.720000000000000000e+02,5.042035741856047082e+01,5.589250000000000052e-01,3.149250000000000105e-01,3.904000000000000248e-01,1.533852892654466586e+02,1.543988905603782769e+02,4.208419771033879897e+02,4.000000000000000083e-02,1.000000000000000000e+00,0.000000000000000000e+00,0.000000000000000000e+00,0.000000000000000000e+00,6.608204083883771791e-03,1.725680058813739537e+00,0.000000000000000000e+00
1.730000000000000000e+02,5.032035140857903599e+01,5.574750000000000538e-01,3.154250000000000109e-01,3.890250000000000097e-01,1.534156422141704468e+02,1.543837353794682201e+02,4.202576950031660772e+02,4.000000000000000083e-02,1.000000000000000000e+00,0.000000000000000000e+00,0.000000000000000000e+00,0.000000000000000000e+00,6.310263747071509673e-03,1.722163017821739306e+00,0.000000000000000000e+00
1.740000000000000000e+02,5.024250675840121971e+01,5.558999999999999497e-01,3.159000000000000141e-01,3.879000000000000226e-01,1.534619021221228081e+02,1.542704924881064414e+02,4.193664803744220535e+02,4.000000000000000083e-02,1.000000000000000000e+00,0.000000000000000000e+00,0.000000000000000000e+00,0.000000000000000000e+00,5.268997417614233215e-03,1.718384271747581904e+00,0.000000000000000000e+00
1.750000000000000000e+02,5.017514174596342258e+01,5.547750000000000181e-01,3.165250000000000008e-01,3.869250000000000189e-01,1.534994758830206365e+02,1.543315498933885408e+02,4.189865168267262447e+02,4.000000000000000083e-02,1.000000000000000000e+00,0.000000000000000000e+00,0.000000000000000000e+00,0.000000000000000000e+00,5.420696100630427623e-03,1.714846815937247193e+00,0.000000000000000000e+00
1.760000000000000000e+02,5.010896676293694441e+01,5.537750000000000172e-01,3.172249999999999792e-01,3.860000000000000098e-01,1.535278295593752489e+02,1.543451213929425307e+02,4.184716959158555483e+02,4.000000000000000083e-02,1.000000000000000000e+00,0.000000000000000000e+00,0.000000000000000000e+00,0.000000000000000000e+00,5.323411631056785068e-03,1.711272582762633832e+00,0.000000000000000000e+00
1.770000000000000000e+02,5.003749697688108000e+01,5.527999999999999581e-01,3.176499999999999879e-01,3.852749999999999786e-01,1.535586335449620208e+02,1.544183250977735042e+02,4.181614627179708350e+02,4.000000000000000083e-02,1.000000000000000000e+00,0.000000000000000000e+00,0.000000000000000000e+00,0.000000000000000000e+00,5.598457950329217489e-03,1.707978230259927566e+00,0.000000000000000000e+00
1.780000000000000000e+02,4.997042062932245443e+01,5.517999999999999572e-01,3.180749999999999966e-01,3.845000000000000084e-01,1.535933400290288375e+02,1.546327857949873987e+02,4.183405396741494542e+02,4.000000000000000083e-02,1.000000000000000000e+00,0.000000000000000000e+00,0.000000000000000000e+00,0.000000000000000000e+00,6.767518472885009073e-03,1.705380605564376095e+00,0.000000000000000000e+00
1.790000000000000000e+02,4.990265269351066024e+01,5.508750000000000036e-01,3.186999999999999833e-01,3.839500000000000135e-01,1.536188250762522500e+02,1.547971442335327197e+02,4.183137523287228987e+02,4.000000000000000083e-02,1.000000000000000000e+00,0.000000000000000000e+00,0.000000000000000000e+00,0.000000000000000000e+00,7.670408601911801738e-03,1.702335074719719898e+00,0.000000000000000000e+00
1.800000000000000000e+02,4.981174433475104024e+01,5.499000000000000554e-01,3.190250000000000030e-01,3.831499999999999906e-01,1.536501809303818504e+02,1.549553253569401647e+02,4.183029361712659693e+02,4.000000000000000083e-02,1.000000000000000000e+00,0.000000000000000000e+00,0.000000000000000000e+00,0.000000000000000000e+00,8.494258963155200751e-03,1.699506681733613078e+00,0.000000000000000000e+00
1.810000000000000000e+02,4.973196053955480522e+01,5.491500000000000270e-01,3.192499999999999782e-01,3.825000000000000067e-01,1.536947532095143458e+02,1.549003728005527876e+02,4.176484580636986834e+02,4.000000000000000083e-02,1.000000000000000000e+00,0.000000000000000000e+00,0.000000000000000000e+00,0.000000000000000000e+00,7.844246897582505748e-03,1.696239205321061760e+00,0.000000000000000000e+00
1.820000000000000000e+02,4.964770066173188923e+01,5.476999999999999647e-01,3.195749999999999980e-01,3.810749999999999971e-01,1.537358553145613485e+02,1.548261340714062158e+02,4.168974690432041257e+02,4.000000000000000083e-02,1.000000000000000000e+00,0.000000000000000000e+00,0.000000000000000000e+00,0.000000000000000000e+00,7.091896386916577213e-03,1.692681513645040825e+00,0.000000000000000000e+00
1.830000000000000000e+02,4.957873472863308706e+01,5.465250000000000385e-01,3.174500000000000099e-01,3.800749999999999962e-01,1.537769384914361694e+02,1.547569081617233167e+02,4.161464140759914017e+02,4.000000000000000083e-02,1.000000000000000000e+00,0.000000000000000000e+00,0.000000000000000000e+00,0.000000000000000000e+00,6.372669919824952393e-03,1.689032877557311130e+00,0.000000000000000000e+00
1.840000000000000000e+02,4.951283507017374319e+01,5.456750000000000211e-01,3.160999999999999921e-01,3.795000000000000040e-01,1.538106204408908013e+02,1.547990900507635672e+02,4.156946295084061944e+02,4.000000000000000083e-02,1.000000000000000000e+00,0.000000000000000000e+00,0.000000000000000000e+00,0.000000000000000000e+00,6.426536782956631874e-03,1.685381608975134338e+00,0.000000000000000000e+00
1.850000000000000000e+02,4.944125079994882555e+01,5.448749999999999982e-01,3.148500000000000187e-01,3.789750000000000063e-01,1.538422440963000213e+02,1.549738465327856431e+02,4.157164896471891211e+02,4.000000000000000083e-02,1.000000000000000000e+00,0.000000000000000000e+00,0.000000000000000000e+00,0.000000000000000000e+00,7.355602767841043499e-03,1.682494491476933085e+00,0.000000000000000000e+00
1.860000000000000000e+02,4.934989068120435007e+01,5.440749999999999753e-01,3.137499999999999734e-01,3.783250000000000224e-01,1.538770748863574340e+02,1.551064415211982066e+02,4.155663382795556799e+02,4.000000000000000083e-02,1.000000000000000000e+00,0.000000000000000000e+00,0.000000000000000000e+00,0.000000000000000000e+00,7.989277387477599843e-03,1.679233268482667851e+00,0.000000000000000000e+00
1.870000000000000000e+02,4.927635693482864809e+01,5.431500000000000217e-01,3.131749999999999812e-01,3.775999999999999912e-01,1.539226193301729211e+02,1.550855263785313412e+02,4.149163749821900637e+02,4.000000000000000083e-02,1.000000000000000000e+00,0.000000000000000000e+00,0.000000000000000000e+00,0.000000000000000000e+00,7.555140715633984483e-03,1.675403596138726581e+00,0.000000000000000000e+00
1.880000000000000000e+02,4.919403494278311229e+01,5.422749999999999515e-01,3.123250000000000193e-01,3.769500000000000073e-01,1.539588535496508541e+02,1.552110223459829967e+02,4.147368394043978697e+02,4.000000000000000083e-02,1.000000000000000000e+00,0.000000000000000000e+00,0.000000000000000000e+00,0.000000000000000000e+00,8.133139260668274459e-03,1.672083677664994328e+00,0.000000000000000000e+00
1.890000000000000000e+02,4.910944708240973711e+01,5.415250000000000341e-01,3.114250000000000074e-01,3.761999999999999789e-01,1.539959822599439860e+02,1.552368166570694825e+02,4.142550917695169801e+02,4.000000000000000083e-02,1.000000000000000000e+00,0.000000000000000000e+00,0.000000000000000000e+00,0.000000000000000000e+00,8.057576430994011635e-03,1.668536373588744404e+00,0.000000000000000000e+00
1.900000000000000000e+02,4.901942517861721171e+01,5.405499999999999750e-01,3.110249999999999959e-01,3.754250000000000087e-01,1.540386002845747271e+02,1.553673466627502648e+02,4.141445633477381421e+02,4.000000000000000083e-02,1.000000000000000000e+00,0.000000000000000000e+00,0.000000000000000000e+00,0.000000000000000000e+00,8.626061102352129348e-03,1.665583034295522236e+00,0.000000000000000000e+00
1.910000000000000000e+02,4.893990011349573166e+01,5.397250000000000103e-01,3.104999999999999982e-01,3.748250000000000193e-01,1.540873983857117366e+02,1.552378287097100724e+02,4.132531507799803876e+02,4.000000000000000083e-02,1.000000000000000000e+00,0.000000000000000000e+00,0.000000000000000000e+00,0.000000000000000000e+00,7.466089609213710267e-03,1.662064744236734670e+00,0.000000000000000000e+00
1.920000000000000000e+02,4.884265895791593692e+01,5.389500000000000401e-01,3.099500000000000033e-01,3.741499999999999826e-01,1.541308058815396578e+02,1.552856901507468024e+02,4.127476980614907802e+02,4.000000000000000083e-02,1.000000000000000000e+00,0.000000000000000000e+00,0.000000000000000000e+00,0.000000000000000000e+00,7.492884129177616523e-03,1.657989269074358285e+00,0.000000000000000000e+00
1.930000000000000000e+02,4.876472227671813897e+01,5.380000000000000338e-01,3.094999999999999973e-01,3.735749999999999904e-01,1.541789515599245988e+02,1.551292580010718041e+02,4.116244234937963142e+02,4.000000000000000083e-02,1.000000000000000000e+00,0.000000000000000000e+00,0.000000000000000000e+00,0.000000000000000000e+00,6.163658732481720054e-03,1.653428687778241812e+00,0.000000000000000000e+00
1.940000000000000000e+02,4.868875678850641719e+01,5.373750000000000471e-01,3.094500000000000028e-01,3.730999999999999872e-01,1.542235707476794744e+02,1.552348306102518904e+02,4.113146057099320387e+02,4.000000000000000083e-02,1.000000000000000000e+00,0.000000000000000000e+00,0.000000000000000000e+00,0.000000000000000000e+00,6.557103156604432437e-03,1.649628334652676553e+00,0.000000000000000000e+00
1.950000000000000000e+02,4.860681673527558644e+01,5.365750000000000242e-01,3.089250000000000052e-01,3.726999999999999758e-01,1.542639565847318863e+02,1.553839725898264419e+02,4.111283226544409217e+02,4.000000000000000083e-02,1.000000000000000000e+00,0.000000000000000000e+00,0.000000000000000000e+00,0.000000000000000000e+00,7.260386871247978893e-03,1.645886289313206907e+00,0.000000000000000000e+00
1.960000000000000000e+02,4.852395559818290849e+01,5.360000000000000320e-01,3.088250000000000162e-01,3.721249999999999836e-01,1.543051748210843357e+02,1.554588871622141539e+02,4.106609660430835902e+02,4.000000000000000083e-02,1.000000000000000000e+00,0.000000000000000000e+00,0.000000000000000000e+00,0.000000000000000000e+00,7.476822099242872756e-03,1.641604951247192856e+00,0.000000000000000000e+00
1.970000000000000000e+02,4.843973570418874885e+01,5.350500000000000256e-01,3.084749999999999992e-01,3.688250000000000139e-01,1.543482944208818424e+02,1.556186180162884227e+02,4.105161940179439739e+02,4.000000000000000083e-02,1.000000000000000000e+00,0.000000000000000000e+00,0.000000000000000000e+00,0.000000000000000000e+00,8.230240574882035851e-03,1.637963241486797727e+00,0.000000000000000000e+00
1.980000000000000000e+02,4.834526495702357352e+01,5.339500000000000357e-01,3.080999999999999850e-01,3.671749999999999736e-01,1.543947340535162311e+02,1.557836287598831291e+02,4.103643185199186973e+02,4.000000000000000083e-02,1.000000000000000000e+00,0.000000000000000000e+00,0.000000000000000000e+00,0.000000000000000000e+00,8.995738843563666487e-03,1.634194117742841623e+00,0.000000000000000000e+00
1.990000000000000000e+02,4.825439697368970116e+01,5.326750000000000096e-01,3.080749999999999877e-01,3.656499999999999750e-01,1.544482946201078164e+02,1.557426450934452191e+02,4.095842689774646033e+02,4.000000000000000083e-02,1.000000000000000000e+00,0.000000000000000000e+00,0.000000000000000000e+00,0.000000000000000000e+00,8.380477599452170953e-03,1.629878725455799371e+00,0.000000000000000000e+00
2.000000000000000000e+02,4.816218438430261983e+01,5.314499999999999780e-01,3.076749999999999763e-01,3.639749999999999930e-01,1.544990982019973842e+02,1.558297436422503495e+02,4.090792965447663505e+02,4.000000000000000083e-02,1.000000000000000000e+00,0.000000000000000000e+00,0.000000000000000000e+00,0.000000000000000000e+00,8.612642117258406324e-03,1.625168257248239989e+00,0.000000000000000000e+00
2.010000000000000000e+02,4.805394420689305690e+01,5.301000000000000156e-01,3.078000000000000180e-01,3.625249999999999861e-01,1.545553713701544893e+02,1.559986483685162000e+02,4.087404101324268595e+02,4.000000000000000083e-02,1.000000000000000000e+00,0.000000000000000000e+00,0.000000000000000000e+00,0.000000000000000000e+00,9.338251951820650612e-03,1.620153535989990345e+00,0.000000000000000000e+00
2.020000000000000000e+02,4.795206030329829616e+01,5.288749999999999840e-01,3.075999999999999845e-01,3.585249999999999826e-01,1.546310799989853990e+02,1.560189933088855980e+02,4.078572175317827941e+02,4.000000000000000083e-02,1.000000000000000000e+00,0.000000000000000000e+00,0.000000000000000000e+00,0.000000000000000000e+00,8.975642606320189190e-03,1.614151065084166836e+00,0.000000000000000000e+00
2.030000000000000000e+02,4.781413335004523191e+01,5.265999999999999570e-01,3.074500000000000011e-01,3.548999999999999932e-01,1.546962663471542498e+02,1.561366487046963414e+02,4.072475799156242715e+02,4.000000000000000083e-02,1.000000000000000000e+00,0.000000000000000000e+00,0.000000000000000000e+00,0.000000000000000000e+00,9.311035046636006313e-03,1.608276681318156820e+00,0.000000000000000000e+00
2.040000000000000000e+02,4.769690062195013525e+01,5.250000000000000222e-01,3.075249999999999928e-01,3.523000000000000020e-01,1.547881816970370323e+02,1.562500225081843155e+02,4.063794882382909464e+02,4.000000000000000083e-02,1.000000000000000000e+00,0.000000000000000000e+00,0.000000000000000000e+00,0.000000000000000000e+00,9.444137111246043645e-03,1.600828350069549266e+00,0.000000000000000000e+00
2.050000000000000000e+02,4.756968532519550763e+01,5.235999999999999543e-01,3.073500000000000121e-01,3.503999999999999893e-01,1.548733381148627473e+02,1.564224361693973719e+02,4.059058406912516830e+02,4.000000000000000083e-02,1.000000000000000000e+00,0.000000000000000000e+00,0.000000000000000000e+00,0.000000000000000000e+00,1.000235465568467819e-02,1.594933633763872205e+00,0.000000000000000000e+00
2.060000000000000000e+02,4.740886005772011913e+01,5.212750000000000439e-01,3.074999999999999956e-01,3.472999999999999976e-01,1.549646683103723603e+02,1.565993399395813128e+02,4.053629664800096748e+02,4.000000000000000083e-02,1.000000000000000000e+00,0.000000000000000000e+00,0.000000000000000000e+00,0.000000000000000000e+00,1.054867310743979290e-02,1.588535600701801220e+00,0.000000000000000000e+00
2.070000000000000000e+02,4.724464857201090240e+01,5.179249999999999687e-01,3.075499999999999901e-01,3.395500000000000185e-01,1.550798908826832871e+02,1.566350472390969344e+02,4.042779984074488198e+02,4.000000000000000083e-02,1.000000000000000000e+00,0.000000000000000000e+00,0.000000000000000000e+00,0.000000000000000000e+00,1.002809808262059357e-02,1.581018779215708658e+00,0.000000000000000000e+00
2.080000000000000000e+02,4.708198193248588836e+01,5.146500000000000519e-01,3.076499999999999790e-01,3.353499999999999814e-01,1.552001537669446805e+02,1.566814639694417508e+02,4.032494350276055570e+02,4.000000000000000083e-02,1.000000000000000000e+00,0.000000000000000000e+00,0.000000000000000000e+00,0.000000000000000000e+00,9.544515044240680507e-03,1.573689476798946663e+00,0.000000000000000000e+00
2.090000000000000000e+02,4.693469051086157862e+01,5.122499999999999831e-01,3.079250000000000043e-01,3.328749999999999765e-01,1.553251858047859741e+02,1.566720212697953514e+02,4.021015713103594180e+02,4.000000000000000083e-02,1.000000000000000000e+00,0.000000000000000000e+00,0.000000000000000000e+00,0.000000000000000000e+00,8.671069395674772459e-03,1.566518055051608682e+00,0.000000000000000000e+00
2.100000000000000000e+02,4.679300725059756871e+01,5.097000000000000419e-01,3.077750000000000208e-01,3.307499999999999885e-01,1.554389891047910339e+02,1.567534818712071569e+02,4.015391714781414407e+02,4.000000000000000083e-02,1.000000000000000000e+00,0.000000000000000000e+00,0.000000000000000000e+00,0.000000000000000000e+00,8.456647678851939368e-03,1.561596506086268210e+00,0.000000000000000000e+00
2.110000000000000000e+02,4.660043469699461127e+01,5.049749999999999517e-01,3.079250000000000043e-01,3.259250000000000203e-01,1.555553926665630229e+02,1.567490410296895789e+02,4.007231007896363622e+02,4.000000000000000083e-02,1.000000000000000000e+00,0.000000000000000000e+00,0.000000000000000000e+00,0.000000000000000000e+00,7.673461798172255197e-03,1.556462853981582350e+00,0.000000000000000000e+00
2.120000000000000000e+02,4.640234531979242405e+01,5.015500000000000513e-01,3.079000000000000070e-01,3.212499999999999800e-01,1.557115985922536652e+02,1.569087285809074217e+02,4.002918684044581141e+02,4.000000000000000083e-02,1.000000000000000000e+00,0.000000000000000000e+00,0.000000000000000000e+00,0.000000000000000000e+00,7.688123424823096672e-03,1.551112815868966432e+00,0.000000000000000000e+00
2.130000000000000000e+02,4.621395298899489035e+01,4.980249999999999955e-01,3.081999999999999740e-01,3.164750000000000063e-01,1.558893986435785735e+02,1.570575820535105720e+02,3.998048783373220090e+02,4.000000000000000083e-02,1.000000000000000000e+00,0.000000000000000000e+00,0.000000000000000000e+00,0.000000000000000000e+00,7.493668075549526908e-03,1.545594253457345468e+00,0.000000000000000000e+00
2.140000000000000000e+02,4.602826607260826108e+01,4.946249999999999813e-01,3.084250000000000047e-01,3.133000000000000229e-01,1.560400485989326853e+02,1.572872014108664303e+02,3.998590035734968069e+02,4.000000000000000083e-02,1.000000000000000000e+00,0.000000000000000000e+00,0.000000000000000000e+00,0.000000000000000000e+00,7.992517453895970486e-03,1.542222126064682675e+00,0.000000000000000000e+00
2.150000000000000000e+02,4.585482745540295468e+01,4.918000000000000149e-01,3.085999999999999854e-01,3.107500000000000262e-01,1.561891356150346724e+02,1.577034288142723426e+02,4.005875589764427787e+02,4.000000000000000083e-02,1.000000000000000000e+00,0.000000000000000000e+00,0.000000000000000000e+00,0.000000000000000000e+00,9.695253087064944694e-03,1.540132208845094830e+00,0.000000000000000000e+00
2.160000000000000000e+02,4.564800347668897729e+01,4.890749999999999820e-01,3.085749999999999882e-01,3.083750000000000102e-01,1.563211987085209671e+02,1.578308172312221132e+02,4.004788817081157504e+02,4.000000000000000083e-02,1.000000000000000000e+00,0.000000000000000000e+00,0.000000000000000000e+00,0.000000000000000000e+00,9.657158051327415296e-03,1.537393449096916775e+00,0.000000000000000000e+00
2.170000000000000000e+02,4.545388907472302975e+01,4.853750000000000009e-01,3.082750000000000212e-01,3.057500000000000218e-01,1.564731959398656613e+02,1.578802347286112138e+02,4.002085734152230998e+02,4.000000000000000083e-02,1.000000000000000000e+00,0.000000000000000000e+00,0.000000000000000000e+00,0.000000000000000000e+00,8.992203299064031180e-03,1.534887119360843544e+00,0.000000000000000000e+00
2.180000000000000000e+02,4.529141732205403770e+01,4.820999999999999730e-01,3.082750000000000212e-01,3.040249999999999897e-01,1.566240481359206456e+02,1.579035942668022869e+02,3.997481870746579489e+02,4.000000000000000083e-02,1.000000000000000000e+00,0.000000000000000000e+00,0.000000000000000000e+00,0.000000000000000000e+00,8.169538114423096492e-03,1.531596503112033103e+00,0.000000000000000000e+00
2.190000000000000000e+02,4.509375918427353014e+01,4.795499999999999763e-01,3.081249999999999822e-01,3.019249999999999989e-01,1.567523873393814711e+02,1.580686805031149333e+02,3.999544323612225867e+02,4.000000000000000083e-02,1.000000000000000000e+00,0.000000000000000000e+00,0.000000000000000000e+00,0.000000000000000000e+00,8.397276660824196104e-03,1.530257297576043340e+00,0.000000000000000000e+00
2.200000000000000000e+02,4.492057177973784121e+01,4.772000000000000131e-01,3.078500000000000125e-01,3.001750000000000251e-01,1.569037118987416477e+02,1.580927410939283106e+02,3.995648868378227689e+02,4.000000000000000083e-02,1.000000000000000000e+00,0.000000000000000000e+00,0.000000000000000000e+00,0.000000000000000000e+00,7.578082001998824591e-03,1.527408178724838361e+00,0.000000000000000000e+00
2.210000000000000000e+02,4.475852455922969142e+01,4.748999999999999888e-01,3.078500000000000125e-01,2.983250000000000068e-01,1.570350876977786072e+02,1.582825844216002622e+02,3.999250720536645076e+02,4.000000000000000083e-02,1.000000000000000000e+00,0.000000000000000000e+00,0.000000000000000000e+00,0.000000000000000000e+00,7.944063598210107657e-03,1.526652401558134642e+00,0.000000000000000000e+00
2.220000000000000000e+02,4.461100631521505022e+01,4.731750000000000123e-01,3.073750000000000093e-01,2.967500000000000138e-01,1.571502735955696437e+02,1.586048764026388653e+02,4.008416834402262907e+02,4.000000000000000083e-02,1.000000000000000000e+00,0.000000000000000000e+00,0.000000000000000000e+00,0.000000000000000000e+00,9.256126469195212134e-03,1.527297347545848227e+00,0.000000000000000000e+00
2.230000000000000000e+02,4.445178321670059773e+01,4.711000000000000187e-01,3.068250000000000144e-01,2.950499999999999790e-01,1.572506217702501203e+02,1.588928767226175012e+02,4.016964693152652899e+02,4.000000000000000083e-02,1.000000000000000000e+00,0.000000000000000000e+00,0.000000000000000000e+00,0.000000000000000000e+00,1.044355140780801189e-02,1.528096146289269486e+00,0.000000000000000000e+00
2.240000000000000000e+02,4.430935619908345302e+01,4.693999999999999839e-01,3.064000000000000057e-01,2.936000000000000276e-01,1.573493808840900385e+02,1.590973211741263356e+02,4.021494734092984800e+02,4.000000000000000083e-02,1.000000000000000000e+00,0.000000000000000000e+00,0.000000000000000000e+00,0.000000000000000000e+00,1.110865692775684331e-02,1.527694812467396801e+00,0.000000000000000000e+00
2.250000000000000000e+02,4.415779729128374953e+01,4.675250000000000239e-01,3.057250000000000245e-01,2.918749999999999956e-01,1.574402726129399070e+02,1.593690130624713959e+02,4.029999397684483711e+02,4.000000000000000083e-02,1.000000000000000000e+00,0.000000000000000000e+00,0.000000000000000000e+00,0.000000000000000000e+00,1.225061680548034625e-02,1.528722064749661103e+00,0.000000000000000000e+00
2.260000000000000000e+02,4.404018706814260753e+01,4.662250000000000005e-01,3.047000000000000264e-01,2.907500000000000084e-01,1.575384842410306874e+02,1.594205185491894667e+02,4.030875443550037858e+02,4.000000000000000083e-02,1.000000000000000000e+00,0.000000000000000000e+00,0.000000000000000000e+00,0.000000000000000000e+00,1.194650511731028784e-02,1.528454605613583261e+00,0.000000000000000000e+00
2.270000000000000000e+02,4.391757615151333027e+01,4.648999999999999799e-01,3.038500000000000090e-01,2.895499999999999741e-01,1.576129633992813979e+02,1.594129786037177610e+02,4.029526379233114426e+02,4.000000000000000083e-02,1.000000000000000000e+00,0.000000000000000000e+00,0.000000000000000000e+00,0.000000000000000000e+00,1.142047687966109108e-02,1.527727926877303632e+00,0.000000000000000000e+00
2.280000000000000000e+02,4.380916858052039231e+01,4.632499999999999951e-01,3.034000000000000030e-01,2.882250000000000090e-01,1.576919116719135445e+02,1.593666800309181326e+02,4.026732649364981853e+02,4.000000000000000083e-02,1.000000000000000000e+00,0.000000000000000000e+00,0.000000000000000000e+00,0.000000000000000000e+00,1.062050894841729855e-02,1.526709252262625105e+00,0.000000000000000000e+00
2.290000000000000000e+02,4.367418195451580232e+01,4.619500000000000273e-01,3.023250000000000104e-01,2.872000000000000108e-01,1.577574717642526991e+02,1.592883310487769961e+02,4.022994134434805460e+02,4.000000000000000083e-02,1.000000000000000000e+00,0.000000000000000000e+00,0.000000000000000000e+00,0.000000000000000000e+00,9.703878158062522255e-03,1.525605050882786307e+00,0.000000000000000000e+00
2.300000000000000000e+02,4.355599948560786316e+01,4.606750000000000012e-01,3.012750000000000150e-01,2.861750000000000127e-01,1.578401758058327857e+02,1.592430320827934906e+02,4.020360736106713944e+02,4.000000000000000083e-02,1.000000000000000000e+00,0.000000000000000000e+00,0.000000000000000000e+00,0.000000000000000000e+00,8.887827638296789609e-03,1.524669797807198135e+00,0.000000000000000000e+00
2.310000000000000000e+02,4.346584697887197990e+01,4.597499999999999920e-01,3.004000000000000004e-01,2.853499999999999925e-01,1.579142007303740627e+02,1.592081109447910876e+02,4.017708598598031813e+02,4.000000000000000083e-02,1.000000000000000000e+00,0.000000000000000000e+00,0.000000000000000000e+00,0.000000000000000000e+00,8.193754636584418133e-03,1.523557735064930529e+00,0.000000000000000000e+00
2.320000000000000000e+02,4.334141462147292145e+01,4.583749999999999769e-01,2.994249999999999967e-01,2.843249999999999944e-01,1.579677633690209575e+02,1.594076710149544738e+02,4.023094829589169876e+02,4.000000000000000083e-02,1.000000000000000000e+00,0.000000000000000000e+00,0.000000000000000000e+00,0.000000000000000000e+00,9.115199299048228065e-03,1.523777434281536003e+00,0.000000000000000000e+00
2.330000000000000000e+02,4.327360085998881090e+01,4.573499999999999788e-01,2.985499999999999821e-01,2.835750000000000215e-01,1.580338737693242877e+02,1.594759541728438705e+02,4.024633541393232008e+02,4.000000000000000083e-02,1.000000000000000000e+00,0.000000000000000000e+00,0.000000000000000000e+00,0.000000000000000000e+00,9.125134815239230313e-03,1.523661678193339197e+00,0.000000000000000000e+00
2.340000000000000000e+02,4.320330816932637674e+01,4.565750000000000086e-01,2.975499999999999812e-01,2.828249999999999931e-01,1.580791893077503971e+02,1.595966320128917175e+02,4.027471114223321251e+02,4.000000000000000083e-02,1.000000000000000000e+00,0.000000000000000000e+00,0.000000000000000000e+00,0.000000000000000000e+00,9.599256624394406426e-03,1.523531395009635636e+00,0.000000000000000000e+00
2.350000000000000000e+02,4.311910745485969443e+01,4.555500000000000105e-01,2.966500000000000248e-01,2.820250000000000257e-01,1.581204881537416327e+02,1.597305666980997501e+02,4.030724331817558550e+02,4.000000000000000083e-02,1.000000000000000000e+00,0.000000000000000000e+00,0.000000000000000000e+00,0.000000000000000000e+00,1.018260544953938571e-02,1.523452095074492973e+00,0.000000000000000000e+00
2.360000000000000000e+02,4.303268993587093405e+01,4.547999999999999821e-01,2.957750000000000101e-01,2.815750000000000197e-01,1.581753073075665839e+02,1.597710157684271906e+02,4.030863330670774189e+02,4.000000000000000083e-02,1.000000000000000000e+00,0.000000000000000000e+00,0.000000000000000000e+00,0.000000000000000000e+00,1.008822734738112556e-02,1.522900233990578833e+00,0.000000000000000000e+00
2.370000000000000000e+02,4.294300983829187146e+01,4.541999999999999926e-01,2.952000000000000179e-01,2.811750000000000083e-01,1.582276955554797553e+02,1.597135481733309064e+02,4.027691623634381131e+02,4.000000000000000083e-02,1.000000000000000000e+00,0.000000000000000000e+00,0.000000000000000000e+00,0.000000000000000000e+00,9.390597598194577733e-03,1.521822143268199090e+00,0.000000000000000000e+00
2.380000000000000000e+02,4.285187665812652824e+01,4.532749999999999835e-01,2.940499999999999781e-01,2.804499999999999771e-01,1.582710882225194666e+02,1.596761500635708728e+02,4.026053841530624027e+02,4.000000000000000083e-02,1.000000000000000000e+00,0.000000000000000000e+00,0.000000000000000000e+00,0.000000000000000000e+00,8.877564796142522682e-03,1.521387095021865310e+00,0.000000000000000000e+00
2.390000000000000000e+02,4.279735847932958848e+01,4.525250000000000106e-01,2.932500000000000107e-01,2.798249999999999904e-01,1.583297030832191581e+02,1.596133262694401651e+02,4.023100864272408330e+02,4.000000000000000083e-02,1.000000000000000000e+00,0.000000000000000000e+00,0.000000000000000000e+00,0.000000000000000000e+00,8.107279690572817901e-03,1.520529430907974211e+00,0.000000000000000000e+00
2.400000000000000000e+02,4.273662085534625987e+01,4.521000000000000019e-01,2.926000000000000267e-01,2.791750000000000065e-01,1.583636333733141157e+02,1.596952123745219296e+02,4.024496188448611065e+02,4.000000000000000083e-02,1.000000000000000000e+00,0.000000000000000000e+00,0.000000000000000000e+00,0.000000000000000000e+00,8.408363541829411494e-03,1.520110733821026239e+00,0.000000000000000000e+00
2.410000000000000000e+02,4.267670593597702577e+01,4.514000000000000234e-01,2.916750000000000176e-01,2.785500000000000198e-01,1.583973363501694394e+02,1.598078147394448649e+02,4.027099735917074668e+02,4.000000000000000083e-02,1.000000000000000000e+00,0.000000000000000000e+00,0.000000000000000000e+00,0.000000000000000000e+00,8.904685026756238575e-03,1.519964209812249001e+00,0.000000000000000000e+00
2.420000000000000000e+02,4.261749051210190231e+01,4.507249999999999868e-01,2.911000000000000254e-01,2.779499999999999749e-01,1.584286833860597596e+02,1.599600422087958123e+02,4.030801122107035894e+02,4.000000000000000083e-02,1.000000000000000000e+00,0.000000000000000000e+00,0.000000000000000000e+00,0.000000000000000000e+00,9.665919011675620787e-03,1.519880006561658670e+00,0.000000000000000000e+00
2.430000000000000000e+02,4.255628206628141896e+01,4.499500000000000166e-01,2.901750000000000163e-01,2.774750000000000272e-01,1.584589193297494489e+02,1.601104702566445326e+02,4.034394945359998133e+02,4.000000000000000083e-02,1.000000000000000000e+00,0.000000000000000000e+00,0.000000000000000000e+00,0.000000000000000000e+00,1.042258103160632714e-02,1.519757102014115180e+00,0.000000000000000000e+00
2.440000000000000000e+02,4.249421841791771470e+01,4.493750000000000244e-01,2.892250000000000099e-01,2.770750000000000157e-01,1.584917596066770784e+02,1.602264632294225635e+02,4.036815217523185311e+02,4.000000000000000083e-02,1.000000000000000000e+00,0.000000000000000000e+00,0.000000000000000000e+00,0.000000000000000000e+00,1.094507138447091757e-02,1.519443502752110042e+00,0.000000000000000000e+00
2.450000000000000000e+02,4.241760228333463800e+01,4.487999999999999767e-01,2.880499999999999727e-01,2.767499999999999960e-01,1.585250367199304549e+02,1.603172201560808787e+02,4.038482859299086840e+02,4.000000000000000083e-02,1.000000000000000000e+00,0.000000000000000000e+00,0.000000000000000000e+00,0.000000000000000000e+00,1.130536521695757295e-02,1.519057438350864597e+00,0.000000000000000000e+00
2.460000000000000000e+02,4.235276962403413847e+01,4.477499999999999813e-01,2.872999999999999998e-01,2.762249999999999983e-01,1.585676176788423959e+02,1.603359551471874909e+02,4.037498655916702432e+02,4.000000000000000083e-02,1.000000000000000000e+00,0.000000000000000000e+00,0.000000000000000000e+00,0.000000000000000000e+00,1.115194573917751078e-02,1.518149252430811114e+00,0.000000000000000000e+00
2.470000000000000000e+02,4.226981300677057618e+01,4.470000000000000084e-01,2.865249999999999742e-01,2.756250000000000089e-01,1.586045045771089974e+02,1.602896538800173403e+02,4.034993723525784617e+02,4.000000000000000083e-02,1.000000000000000000e+00,0.000000000000000000e+00,0.000000000000000000e+00,0.000000000000000000e+00,1.062485146560935949e-02,1.517313891354537869e+00,0.000000000000000000e+00
2.480000000000000000e+02,4.219332444028549389e+01,4.459750000000000103e-01,2.856500000000000150e-01,2.748249999999999860e-01,1.586424434102585792e+02,1.601954252877949330e+02,4.031140544110920132e+02,4.000000000000000083e-02,1.000000000000000000e+00,0.000000000000000000e+00,0.000000000000000000e+00,0.000000000000000000e+00,9.789195401638212807e-03,1.516389301922248523e+00,0.000000000000000000e+00
2.490000000000000000e+02,4.211405123287182306e+01,4.455250000000000044e-01,2.846250000000000169e-01,2.745000000000000218e-01,1.586835239483698388e+02,1.601141145450581291e+02,4.027067766223141803e+02,4.000000000000000083e-02,1.000000000000000000e+00,0.000000000000000000e+00,0.000000000000000000e+00,0.000000000000000000e+00,9.015369466799561318e-03,1.515123527782351820e+00,0.000000000000000000e+00
2.500000000000000000e+02,4.207116958297867626e+01,4.449000000000000177e-01,2.837500000000000022e-01,2.739249999999999741e-01,1.587226655701316247e+02,1.600777257000170550e+02,4.025274187579772729e+02,4.000000000000000083e-02,1.000000000000000000e+00,0.000000000000000000e+00,0.000000000000000000e+00,0.000000000000000000e+00,8.537281836957916897e-03,1.514574822935121023e+00,0.000000000000000000e+00
2.510000000000000000e+02,4.199051379735075784e+01,4.441499999999999893e-01,2.824749999999999761e-01,2.736250000000000071e-01,1.587531386781326432e+02,1.600631110684385305e+02,4.023429698440055517e+02,4.000000000000000083e-02,1.000000000000000000e+00,0.000000000000000000e+00,0.000000000000000000e+00,0.000000000000000000e+00,8.251631439941594162e-03,1.513652066102694427e+00,0.000000000000000000e+00
2.520000000000000000e+02,4.194604923210232528e+01,4.436249999999999916e-01,2.812999999999999945e-01,2.731750000000000012e-01,1.587939227189137341e+02,1.599595084531987936e+02,4.018391684869126834e+02,4.000000000000000083e-02,1.000000000000000000e+00,0.000000000000000000e+00,0.000000000000000000e+00,0.000000000000000000e+00,7.340241454632369898e-03,1.512130553367406982e+00,0.000000000000000000e+00
2.530000000000000000e+02,4.189583063565428489e+01,4.431499999999999884e-01,2.802499999999999991e-01,2.728249999999999842e-01,1.588230378734236297e+02,1.599364179420300900e+02,4.016525733396218243e+02,4.000000000000000083e-02,1.000000000000000000e+00,0.000000000000000000e+00,0.000000000000000000e+00,0.000000000000000000e+00,7.010192497978694030e-03,1.511326554063523009e+00,0.000000000000000000e+00
2.540000000000000000e+02,4.184161201461403579e+01,4.425499999999999989e-01,2.791250000000000120e-01,2.724249999999999727e-01,1.588483483252982751e+02,1.600084822525138009e+02,4.017641942871702554e+02,4.000000000000000083e-02,1.000000000000000000e+00,0.000000000000000000e+00,0.000000000000000000e+00,0.000000000000000000e+00,7.303405666137242382e-03,1.510893101611545219e+00,0.000000000000000000e+00
2.550000000000000000e+02,4.177587321228598682e+01,4.420250000000000012e-01,2.774499999999999744e-01,2.720750000000000113e-01,1.588735108129170328e+02,1.600880501171548929e+02,4.019212230799349754e+02,4.000000000000000083e-02,1.000000000000000000e+00,0.000000000000000000e+00,0.000000000000000000e+00,0.000000000000000000e+00,7.644693555416245262e-03,1.510626013533195255e+00,0.000000000000000000e+00
2.560000000000000000e+02,4.172001369267513127e+01,4.414000000000000146e-01,2.762749999999999928e-01,2.717499999999999916e-01,1.589046655832906083e+02,1.602257878777926692e+02,4.022747246021640990e+02,4.000000000000000083e-02,1.000000000000000000e+00,0.000000000000000000e+00,0.000000000000000000e+00,0.000000000000000000e+00,8.313930177270903443e-03,1.510674030256520695e+00,0.000000000000000000e+00
2.570000000000000000e+02,4.167353647348003420e+01,4.409750000000000059e-01,2.752000000000000002e-01,2.711000000000000076e-01,1.589289109675392524e+02,1.603360081547697007e+02,4.024880657677659315e+02,4.000000000000000083e-02,1.000000000000000000e+00,0.000000000000000000e+00,0.000000000000000000e+00,0.000000000000000000e+00,8.853626307914761254e-03,1.510278697840917062e+00,0.000000000000000000e+00
2.580000000000000000e+02,4.162121100595952328e+01,4.402249999999999774e-01,2.741500000000000048e-01,2.705750000000000099e-01,1.589488638296188299e+02,1.604442689251856677e+02,4.027085207674471121e+02,4.000000000000000083e-02,1.000000000000000000e+00,0.000000000000000000e+00,0.000000000000000000e+00,0.000000000000000000e+00,9.408089240384876623e-03,1.509958900153847150e+00,0.000000000000000000e+00
2.590000000000000000e+02,4.156276883209984163e+01,4.398000000000000242e-01,2.731750000000000012e-01,2.702999999999999847e-01,1.589724942824506968e+02,1.605291954314385521e+02,4.028451954916797604e+02,4.000000000000000083e-02,1.000000000000000000e+00,0.000000000000000000e+00,0.000000000000000000e+00,0.000000000000000000e+00,9.792267247326588361e-03,1.509482430339180947e+00,0.000000000000000000e+00
2.600000000000000000e+02,4.151127438163596395e+01,4.394250000000000100e-01,2.716999999999999971e-01,2.700250000000000150e-01,1.590012805880503777e+02,1.605373082087246530e+02,4.027110017610546606e+02,4.000000000000000083e-02,1.000000000000000000e+00,0.000000000000000000e+00,0.000000000000000000e+00,0.000000000000000000e+00,9.660473267846839476e-03,1.508519709558508115e+00,0.000000000000000000e+00
2.610000000000000000e+02,4.145338264002464967e+01,4.388500000000000179e-01,2.707999999999999852e-01,2.696749999999999980e-01,1.590278517812533323e+02,1.605591695155527532e+02,4.026191997964802454e+02,4.000000000000000083e-02,1.000000000000000000e+00,0.000000000000000000e+00,0.000000000000000000e+00,0.000000000000000000e+00,9.629242407209182703e-03,1.507606392156133124e+00,0.000000000000000000e+00
2.620000000000000000e+02,4.139265134634134569e+01,4.385249999999999981e-01,2.696749999999999980e-01,2.694250000000000256e-01,1.590548147318101542e+02,1.606138698108596827e+02,4.026476427839973553e+02,4.000000000000000083e-02,1.000000000000000000e+00,0.000000000000000000e+00,0.000000000000000000e+00,0.000000000000000000e+00,9.801998648568576583e-03,1.506929465420133285e+00,0.000000000000000000e+00
2.630000000000000000e+02,4.133772931514915427e+01,4.382750000000000257e-01,2.686999999999999944e-01,2.690500000000000114e-01,1.590855664133307243e+02,1.605972352167420638e+02,4.024370078759089324e+02,4.000000000000000083e-02,1.000000000000000000e+00,0.000000000000000000e+00,0.000000000000000000e+00,0.000000000000000000e+00,9.502237302180971401e-03,1.505877559677661015e+00,0.000000000000000000e+00
2.640000000000000000e+02,4.128601015334461266e+01,4.378250000000000197e-01,2.680000000000000160e-01,2.686749999999999972e-01,1.591111761348589653e+02,1.606218965546897834e+02,4.023626402906222665e+02,4.000000000000000083e-02,1.000000000000000000e+00,0.000000000000000000e+00,0.000000000000000000e+00,0.000000000000000000e+00,9.494747361746394554e-03,1.505029817983893237e+00,0.000000000000000000e+00
2.650000000000000000e+02,4.121865114032550537e+01,4.375000000000000000e-01,2.671999999999999931e-01,2.684750000000000192e-01,1.591331957024315216e+02,1.607037849579448618e+02,4.024787214456488869e+02,4.000000000000000083e-02,1.000000000000000000e+00,0.000000000000000000e+00,0.000000000000000000e+00,0.000000000000000000e+00,9.869651951502548745e-03,1.504475682081632071e+00,0.000000000000000000e+00
2.660000000000000000e+02,4.117195952063062236e+01,4.370499999999999940e-01,2.663499999999999757e-01,2.681749999999999967e-01,1.591656623813712486e+02,1.607769834715362549e+02,4.025863783772929878e+02,4.000000000000000083e-02,1.000000000000000000e+00,0.000000000000000000e+00,0.000000000000000000e+00,0.000000000000000000e+00,1.012354716499200974e-02,1.504005049009806472e+00,0.000000000000000000e+00
2.670000000000000000e+02,4.112089580842539505e+01,4.365749999999999909e-01,2.657249999999999890e-01,2.680000000000000160e-01,1.591866098660765942e+02,1.607959786706551313e+02,4.024868865535464124e+02,4.000000000000000083e-02,1.000000000000000000e+00,0.000000000000000000e+00,0.000000000000000000e+00,0.000000000000000000e+00,1.010995086793101648e-02,1.503090499408112901e+00,0.000000000000000000e+00
2.680000000000000000e+02,4.106318425833654828e+01,4.359500000000000042e-01,2.649000000000000243e-01,2.675500000000000100e-01,1.592116550445227574e+02,1.608744914036905129e+02,4.026071032652860708e+02,4.000000000000000083e-02,1.000000000000000000e+00,0.000000000000000000e+00,0.000000000000000000e+00,0.000000000000000000e+00,1.044418738504258003e-02,1.502616168370681349e+00,0.000000000000000000e+00
2.690000000000000000e+02,4.100693944253765721e+01,4.355499999999999927e-01,2.644000000000000239e-01,2.671250000000000013e-01,1.592442382623680999e+02,1.607665785651931003e+02,4.021050186950672582e+02,4.000000000000000083e-02,1.000000000000000000e+00,0.000000000000000000e+00,0.000000000000000000e+00,0.000000000000000000e+00,9.559782629728922829e-03,1.501172956989988094e+00,0.000000000000000000e+00
2.700000000000000000e+02,4.095554868533869808e+01,4.348750000000000115e-01,2.636749999999999927e-01,2.667249999999999899e-01,1.592692367726490374e+02,1.607434056794668038e+02,4.018737633903575670e+02,4.000000000000000083e-02,1.000000000000000000e+00,0.000000000000000000e+00,0.000000000000000000e+00,0.000000000000000000e+00,9.255829541784570472e-03,1.500094866670431015e+00,0.000000000000000000e+00
2.710000000000000000e+02,4.090568508360995281e+01,4.344999999999999973e-01,2.629500000000000171e-01,2.664000000000000257e-01,1.592925096446476516e+02,1.607891150548074677e+02,4.018350164564119495e+02,4.000000000000000083e-02,1.000000000000000000e+00,0.000000000000000000e+00,0.000000000000000000e+00,0.000000000000000000e+00,9.395328214104154210e-03,1.499143156049091097e+00,0.000000000000000000e+00
2.720000000000000000e+02,4.084506276690083837e+01,4.340749999999999886e-01,2.625500000000000056e-01,2.660500000000000087e-01,1.593129038020066446e+02,1.608996720707358463e+02,4.020559432718466155e+02,4.000000000000000083e-02,1.000000000000000000e+00,0.000000000000000000e+00,0.000000000000000000e+00,0.000000000000000000e+00,9.960073734524543462e-03,1.498799022381425150e+00,0.000000000000000000e+00
2.730000000000000000e+02,4.079897454673546520e+01,4.335499999999999909e-01,2.622249999999999859e-01,2.658249999999999780e-01,1.593361266063265020e+02,1.609905734904361054e+02,4.021962044360278696e+02,4.000000000000000083e-02,1.000000000000000000e+00,0.000000000000000000e+00,0.000000000000000000e+00,0.000000000000000000e+00,1.038337581907751092e-02,1.498259343488337558e+00,0.000000000000000000e+00
2.740000000000000000e+02,4.075085923094872697e+01,4.331499999999999795e-01,2.618500000000000272e-01,2.655500000000000083e-01,1.593575047795094406e+02,1.610718731264129531e+02,4.023074333218154379e+02,4.000000000000000083e-02,1.000000000000000000e+00,0.000000000000000000e+00,0.000000000000000000e+00,0.000000000000000000e+00,1.075800194835850598e-02,1.497688923044156795e+00,0.000000000000000000e+00
2.750000000000000000e+02,4.069113168405822023e+01,4.325999999999999845e-01,2.612749999999999795e-01,2.652249999999999885e-01,1.593806752264939632e+02,1.611142020912158728e+02,4.022880040115779252e+02,4.000000000000000083e-02,1.000000000000000000e+00,0.000000000000000000e+00,0.000000000000000000e+00,0.000000000000000000e+00,1.087664399876845343e-02,1.496912120657245993e+00,0.000000000000000000e+00
2.760000000000000000e+02,4.063431221251229886e+01,4.323500000000000121e-01,2.604500000000000148e-01,2.651249999999999996e-01,1.594116086085186339e+02,1.610021783391899817e+02,4.017278129752284030e+02,4.000000000000000083e-02,1.000000000000000000e+00,0.000000000000000000e+00,0.000000000000000000e+00,0.000000000000000000e+00,9.977753468239897172e-03,1.495170047506386712e+00,0.000000000000000000e+00
2.770000000000000000e+02,4.057966834673583634e+01,4.319749999999999979e-01,2.599000000000000199e-01,2.648249999999999771e-01,1.594407581045798565e+02,1.610270818754805759e+02,4.016623017858834714e+02,4.000000000000000083e-02,1.000000000000000000e+00,0.000000000000000000e+00,0.000000000000000000e+00,0.000000000000000000e+00,9.949298973228810558e-03,1.494377325278004376e+00,0.000000000000000000e+00
2.780000000000000000e+02,4.052953967536539892e+01,4.315999999999999837e-01,2.587499999999999800e-01,2.646999999999999909e-01,1.594659866278950631e+02,1.609936042268723213e+02,4.013623685063177504e+02,4.000000000000000083e-02,1.000000000000000000e+00,0.000000000000000000e+00,0.000000000000000000e+00,0.000000000000000000e+00,9.579582651326568749e-03,1.493033002359010375e+00,0.000000000000000000e+00
2.790000000000000000e+02,4.046701611810885879e+01,4.313250000000000139e-01,2.583750000000000213e-01,2.645500000000000074e-01,1.594870933498405350e+02,1.610544442901587558e+02,4.014105329061514453e+02,4.000000000000000083e-02,1.000000000000000000e+00,0.000000000000000000e+00,1.000000000000000000e+00,1.000000000000000000e+00,9.827446894904414559e-03,1.492390288733433490e+00,0.000000000000000000e+00
2.800000000000000000e+02,4.041580656740522670e+01,4.309999999999999942e-01,2.574750000000000094e-01,2.642499999999999849e-01,1.595087996690257910e+02,1.610711888029931345e+02,4.013317954137156676e+02,4.000000000000000083e-02,1.000000000000000000e+00,0.000000000000000000e+00,0.000000000000000000e+00,0.000000000000000000e+00,9.795002766049502180e-03,1.491642350169690046e+00,0.000000000000000000e+00
2.810000000000000000e+02,4.035119772789029469e+01,4.307500000000000218e-01,2.566749999999999865e-01,2.640000000000000124e-01,1.595368721845804600e+02,1.610336119591179624e+02,4.010333726014810622e+02,4.000000000000000083e-02,1.000000000000000000e+00,0.000000000000000000e+00,0.000000000000000000e+00,0.000000000000000000e+00,9.381779610207032286e-03,1.490370598551142844e+00,0.000000000000000000e+00
2.820000000000000000e+02,4.030813165830342371e+01,4.304499999999999993e-01,2.557249999999999801e-01,2.637249999999999872e-01,1.595661328226982789e+02,1.609904577606097291e+02,4.006775443988231586e+02,4.000000000000000083e-02,1.000000000000000000e+00,0.000000000000000000e+00,0.000000000000000000e+00,0.000000000000000000e+00,8.926235866692885240e-03,1.488827909257978144e+00,0.000000000000000000e+00
2.830000000000000000e+02,4.026423760797913332e+01,4.300499999999999878e-01,2.550499999999999989e-01,2.636000000000000010e-01,1.595857119713933798e+02,1.609430832954475363e+02,4.003353150555869888e+02,4.000000000000000083e-02,1.000000000000000000e+00,0.000000000000000000e+00,0.000000000000000000e+00,0.000000000000000000e+00,8.505594312211815430e-03,1.487434109365735946e+00,0.000000000000000000e+00
2.840000000000000000e+02,4.021954887028232406e+01,4.297500000000000209e-01,2.543000000000000260e-01,2.633499999999999730e-01,1.596061666149443283e+02,1.610099223075816042e+02,4.004252553992454864e+02,4.000000000000000083e-02,1.000000000000000000e+00,0.000000000000000000e+00,0.000000000000000000e+00,0.000000000000000000e+00,8.795121907939105338e-03,1.486960118111865903e+00,0.000000000000000000e+00
2.850000000000000000e+02,4.014905255977555498e+01,4.292500000000000204e-01,2.534250000000000114e-01,2.613500000000000267e-01,1.596252431770770386e+02,1.611115291776749245e+02,4.006397782984032006e+02,4.000000000000000083e-02,1.000000000000000000e+00,0.000000000000000000e+00,0.000000000000000000e+00,0.000000000000000000e+00,9.311096234002943367e-03,1.486723205615998022e+00,0.000000000000000000e+00
2.860000000000000000e+02,4.009571754996817106e+01,4.285749999999999837e-01,2.526749999999999829e-01,2.608249999999999735e-01,1.596563558745159810e+02,1.611101949286756110e+02,4.004892133138442887e+02,4.000000000000000083e-02,1.000000000000000000e+00,0.000000000000000000e+00,0.000000000000000000e+00,0.000000000000000000e+00,9.106051846143187189e-03,1.485809253046606493e+00,0.000000000000000000e+00
2.870000000000000000e+02,4.004685655730697391e+01,4.281499999999999750e-01,2.518750000000000155e-01,2.603750000000000231e-01,1.596810728559223662e+02,1.610514108481507947e+02,4.001124286630021061e+02,4.000000000000000083e-02,1.000000000000000000e+00,0.000000000000000000e+00,0.000000000000000000e+00,0.000000000000000000e+00,8.581718344696131345e-03,1.484377048023831192e+00,0.000000000000000000e+00
2.880000000000000000e+02,3.999730505777237966e+01,4.277750000000000163e-01,2.508000000000000229e-01,2.600750000000000006e-01,1.597034403664928561e+02,1.611274449098179389e+02,4.002253893341219282e+02,4.000000000000000083e-02,1.000000000000000000e+00,0.000000000000000000e+00,0.000000000000000000e+00,0.000000000000000000e+00,8.916555210440232568e-03,1.483905765142156108e+00,0.000000000000000000e+00
2.890000000000000000e+02,3.994549047837900702e+01,4.274999999999999911e-01,2.499250000000000083e-01,2.597499999999999809e-01,1.597224048190518317e+02,1.611804170319436764e+02,4.002497947883192069e+02,4.000000000000000083e-02,1.000000000000000000e+00,0.000000000000000000e+00,0.000000000000000000e+00,0.000000000000000000e+00,9.128413853670776582e-03,1.483240843762027028e+00,0.000000000000000000e+00
2.900000000000000000e+02,3.989501643316711466e+01,4.269249999999999989e-01,2.490249999999999964e-01,2.594250000000000167e-01,1.597452266587161489e+02,1.612262030033432723e+02,4.002686902589815645e+02,4.000000000000000083e-02,1.000000000000000000e+00,0.000000000000000000e+00,0.000000000000000000e+00,0.000000000000000000e+00,9.270864460890088435e-03,1.482652836838695309e+00,0.000000000000000000e+00
2.910000000000000000e+02,3.984750463256068542e+01,4.262750000000000150e-01,2.480749999999999900e-01,2.565749999999999975e-01,1.597669987989250160e+02,1.612875333218559888e+02,4.003405207935874728e+02,4.000000000000000083e-02,1.000000000000000000e+00,0.000000000000000000e+00,0.000000000000000000e+00,0.000000000000000000e+00,9.517200262644000264e-03,1.482154153816037878e+00,0.000000000000000000e+00
2.920000000000000000e+02,3.979637820540740734e+01,4.257000000000000228e-01,2.472749999999999948e-01,2.555749999999999966e-01,1.597855048030683918e+02,1.613538852631916711e+02,4.004252905057775251e+02,4.000000000000000083e-02,1.000000000000000000e+00,0.000000000000000000e+00,0.000000000000000000e+00,0.000000000000000000e+00,9.815536534783106393e-03,1.481658807611763384e+00,0.000000000000000000e+00
2.930000000000000000e+02,3.974311642750017626e+01,4.253250000000000086e-01,2.467999999999999916e-01,2.548250000000000237e-01,1.598067643993515219e+02,1.614238919025238772e+02,4.004965691740885063e+02,4.000000000000000083e-02,1.000000000000000000e+00,0.000000000000000000e+00,0.000000000000000000e+00,0.000000000000000000e+00,1.011926816271187420e-02,1.481024118882780405e+00,0.000000000000000000e+00
2.940000000000000000e+02,3.969295741726324422e+01,4.246750000000000247e-01,2.461500000000000077e-01,2.541499999999999870e-01,1.598318872915664599e+02,1.615168975522581150e+02,4.006331130748217788e+02,4.000000000000000083e-02,1.000000000000000000e+00,0.000000000000000000e+00,0.000000000000000000e+00,0.000000000000000000e+00,1.054239106629484626e-02,1.480440864988745941e+00,0.000000000000000000e+00
2.950000000000000000e+02,3.963118113671074383e+01,4.241750000000000242e-01,2.455749999999999877e-01,2.538500000000000201e-01,1.598558237788175802e+02,1.614971476971167590e+02,4.004012322733645988e+02,4.000000000000000083e-02,1.000000000000000000e+00,0.000000000000000000e+00,0.000000000000000000e+00,0.000000000000000000e+00,1.026752657175740609e-02,1.479308383974096808e+00,0.000000000000000000e+00
2.960000000000000000e+02,3.957976650105011629e+01,4.235249999999999848e-01,2.446500000000000064e-01,2.523000000000000242e-01,1.598856383348551162e+02,1.614455657152502681e+02,4.000582377120574620e+02,4.000000000000000083e-02,1.000000000000000000e+00,0.000000000000000000e+00,0.000000000000000000e+00,0.000000000000000000e+00,9.756519701463938973e-03,1.477976003488757684e+00,0.000000000000000000e+00
2.970000000000000000e+02,3.952529210956596017e+01,4.227000000000000202e-01,2.441000000000000114e-01,2.514500000000000068e-01,1.599112501154606889e+02,1.613853006143129392e+02,3.996858381354423955e+02,4.000000000000000083e-02,1.000000000000000000e+00,0.000000000000000000e+00,0.000000000000000000e+00,0.000000000000000000e+00,9.217928680989872364e-03,1.476593819970212662e+00,0.000000000000000000e+00
2.980000000000000000e+02,3.947364722878726440e+01,4.220999999999999752e-01,2.434749999999999970e-01,2.508000000000000229e-01,1.599350498204438225e+02,1.614118390093121320e+02,3.995994342272550170e+02,4.000000000000000083e-02,1.000000000000000000e+00,0.000000000000000000e+00,0.000000000000000000e+00,0.000000000000000000e+00,9.233680738063819449e-03,1.475651331896425722e+00,0.000000000000000000e+00
2.990000000000000000e+02,3.942363856296483959e+01,4.214749999999999885e-01,2.428250000000000131e-01,2.502750000000000252e-01,1.599595354464946695e+02,1.614335627335028960e+02,3.995126212388086628e+02,4.000000000000000083e-02,1.000000000000000000e+00,0.000000000000000000e+00,0.000000000000000000e+00,0.000000000000000000e+00,9.215001049445271236e-03,1.474780426535778455e+00,0.000000000000000000e+00
3.000000000000000000e+02,3.937430828281951278e+01,4.208999999999999964e-01,2.420750000000000124e-01,2.495749999999999913e-01,1.599812975526266712e+02,1.614742443735872541e+02,3.994895456153717532e+02,4.000000000000000083e-02,1.000000000000000000e+00,0.000000000000000000e+00,0.000000000000000000e+00,0.000000000000000000e+00,9.332008452234677801e-03,1.474014027222271039e+00,0.000000000000000000e+00
3.010000000000000000e+02,3.932537477294819439e+01,4.203500000000000014e-01,2.414749999999999952e-01,2.489250000000000074e-01,1.600024021817267510e+02,1.615220972504401402e+02,3.994895609692080143e+02,4.000000000000000083e-02,1.000000000000000000e+00,0.000000000000000000e+00,0.000000000000000000e+00,0.000000000000000000e+00,9.497951580672878841e-03,1.473281165671091575e+00,0.000000000000000000e+00
3.020000000000000000e+02,3.927504629083783527e+01,4.199999999999999845e-01,2.407999999999999863e-01,2.487000000000000044e-01,1.600234495020324914e+02,1.615742253285504546e+02,3.995080082035812552e+02,4.000000000000000083e-02,1.000000000000000000e+00,0.000000000000000000e+00,0.000000000000000000e+00,0.000000000000000000e+00,9.690928619172570549e-03,1.472597392258624627e+00,0.000000000000000000e+00
3.030000000000000000e+02,3.922423847523022289e+01,4.193000000000000060e-01,2.402249999999999941e-01,2.482749999999999957e-01,1.600445203191393944e+02,1.616210411759822421e+02,3.995055417493337018e+02,4.000000000000000083e-02,1.000000000000000000e+00,0.000000000000000000e+00,0.000000000000000000e+00,0.000000000000000000e+00,9.850514429979612130e-03,1.471865908315299176e+00,0.000000000000000000e+00
3.040000000000000000e+02,3.917259817538532474e+01,4.186250000000000249e-01,2.395750000000000102e-01,2.474750000000000005e-01,1.600661711059257186e+02,1.616578988977972813e+02,3.994716474413079368e+02,4.000000000000000083e-02,1.000000000000000000e+00,0.000000000000000000e+00,0.000000000000000000e+00,0.000000000000000000e+00,9.944186088003676219e-03,1.471092660271802188e+00,0.000000000000000000e+00
3.050000000000000000e+02,3.911512961423559176e+01,4.180249999999999799e-01,2.389249999999999985e-01,2.472749999999999948e-01,1.600870335355366478e+02,1.616901599584770111e+02,3.994211121636009807e+02,4.000000000000000083e-02,1.000000000000000000e+00,0.000000000000000000e+00,0.000000000000000000e+00,0.000000000000000000e+00,1.001409288144811463e-02,1.470287074155747442e+00,0.000000000000000000e+00
3.060000000000000000e+02,3.906142795302024240e+01,4.173749999999999960e-01,2.381000000000000061e-01,2.467999999999999916e-01,1.601132078089017057e+02,1.617160214658098312e+02,3.993631727233137667e+02,4.000000000000000083e-02,1.000000000000000000e+00,0.000000000000000000e+00,0.000000000000000000e+00,0.000000000000000000e+00,1.001050243663293218e-02,1.469533748749486390e+00,0.000000000000000000e+00
3.070000000000000000e+02,3.899596920486975904e+01,4.167250000000000121e-01,2.376999999999999946e-01,2.461000000000000132e-01,1.601357207788192341e+02,1.616485955708415645e+02,3.989775159244418887e+02,4.000000000000000083e-02,1.000000000000000000e+00,0.000000000000000000e+00,0.000000000000000000e+00,0.000000000000000000e+00,9.447453601635361076e-03,1.468178053236424807e+00,0.000000000000000000e+00
3.080000000000000000e+02,3.895257996239298848e+01,4.161500000000000199e-01,2.371250000000000024e-01,2.456250000000000100e-01,1.601660975383250616e+02,1.616757683055917312e+02,3.989245036270597780e+02,4.000000000000000083e-02,1.000000000000000000e+00,0.000000000000000000e+00,0.000000000000000000e+00,0.000000000000000000e+00,9.425657429815511787e-03,1.467435335597304435e+00,0.000000000000000000e+00
3.090000000000000000e+02,3.888076157892673024e+01,4.154999999999999805e-01,2.366499999999999992e-01,2.449500000000000011e-01,1.601872411564378922e+02,1.616792415785135120e+02,3.987668627271166315e+02,4.000000000000000083e-02,1.000000000000000000e+00,0.000000000000000000e+00,0.000000000000000000e+00,0.000000000000000000e+00,9.314102741919010053e-03,1.466407306428823887e+00,0.000000000000000000e+00
3.100000000000000000e+02,3.883317005699051805e+01,4.149749999999999828e-01,2.358250000000000068e-01,2.447000000000000008e-01,1.602215889407103191e+02,1.616267691970138571e+02,3.984251892914266477e+02,4.000000000000000083e-02,1.000000000000000000e+00,0.000000000000000000e+00,0.000000000000000000e+00,0.000000000000000000e+00,8.770230438942420992e-03,1.465094063754803777e+00,0.000000000000000000e+00
3.110000000000000000e+02,3.878548020274267571e+01,4.142250000000000099e-01,2.353750000000000009e-01,2.442000000000000004e-01,1.602482839110586497e+02,1.615552354576674929e+02,3.980072862611517621e+02,4.000000000000000083e-02,1.000000000000000000e+00,0.000000000000000000e+00,0.000000000000000000e+00,0.000000000000000000e+00,8.155791217921749131e-03,1.463598812713451602e+00,0.000000000000000000e+00
3.120000000000000000e+02,3.874130211942484436e+01,4.136750000000000149e-01,2.346000000000000030e-01,2.434749999999999970e-01,1.602678021603660454e+02,1.615534330971241843e+02,3.978464297148378819e+02,4.000000000000000083e-02,1.000000000000000000e+00,0.000000000000000000e+00,0.000000000000000000e+00,0.000000000000000000e+00,8.021766814220862227e-03,1.462630611357277122e+00,0.000000000000000000e+00
3.130000000000000000e+02,3.869706537087107279e+01,4.132250000000000090e-01,2.342500000000000138e-01,2.431500000000000050e-01,1.602861598972176012e+02,1.616333950230979610e+02,3.979517550288278471e+02,4.000000000000000083e-02,1.000000000000000000e+00,0.000000000000000000e+00,0.000000000000000000e+00,0.000000000000000000e+00,8.405186865442813154e-03,1.462063950163016601e+00,0.000000000000000000e+00
3.140000000000000000e+02,3.863555102576057010e+01,4.126250000000000195e-01,2.335250000000000103e-01,2.426000000000000101e-01,1.603027298587373934e+02,1.617402058118876482e+02,3.981845159819939113e+02,4.000000000000000083e-02,1.000000000000000000e+00,0.000000000000000000e+00,0.000000000000000000e+00,0.000000000000000000e+00,8.967258102322980470e-03,1.461877144172200493e+00,0.000000000000000000e+00
3.150000000000000000e+02,3.859389015568164893e+01,4.121000000000000218e-01,2.326249999999999984e-01,2.421999999999999986e-01,1.603257725261233588e+02,1.618169021077670493e+02,3.982960440548738461e+02,4.000000000000000083e-02,1.000000000000000000e+00,0.000000000000000000e+00,0.000000000000000000e+00,0.000000000000000000e+00,9.300623088535107247e-03,1.461399513071978573e+00,0.000000000000000000e+00
3.160000000000000000e+02,3.855122200860813564e+01,4.115750000000000242e-01,2.319249999999999923e-01,2.417999999999999872e-01,1.603426084837863357e+02,1.618444294251833639e+02,3.982337829373514069e+02,4.000000000000000083e-02,1.000000000000000000e+00,0.000000000000000000e+00,0.000000000000000000e+00,0.000000000000000000e+00,9.366324744235970251e-03,1.460596168504180392e+00,0.000000000000000000e+00
3.170000000000000000e+02,3.849909586375027715e+01,4.109999999999999765e-01,2.313250000000000028e-01,2.414250000000000007e-01,1.603620689040281775e+02,1.618966519431820075e+02,3.982502598040182988e+02,4.000000000000000083e-02,1.000000000000000000e+00,0.000000000000000000e+00,0.000000000000000000e+00,0.000000000000000000e+00,9.569488904961878997e-03,1.459904235350000468e+00,0.000000000000000000e+00
3.180000000000000000e+02,3.844483622268624856e+01,4.105500000000000260e-01,2.308999999999999941e-01,2.409499999999999975e-01,1.603808706618135886e+02,1.618566712716954896e+02,3.979169854321481239e+02,4.000000000000000083e-02,1.000000000000000000e+00,0.000000000000000000e+00,0.000000000000000000e+00,0.000000000000000000e+00,9.201849346446319342e-03,1.458452792249740337e+00,0.000000000000000000e+00
3.190000000000000000e+02,3.838637223825841005e+01,4.102000000000000091e-01,2.305750000000000022e-01,2.406999999999999973e-01,1.604046635712703903e+02,1.619176375563437205e+02,3.979683417912194159e+02,4.000000000000000083e-02,1.000000000000000000e+00,0.000000000000000000e+00,0.000000000000000000e+00,0.000000000000000000e+00,9.432231902665916962e-03,1.457844295392065170e+00,0.000000000000000000e+00
3.200000000000000000e+02,3.834346656668100195e+01,4.097000000000000086e-01,2.299249999999999905e-01,2.399999999999999911e-01,1.604322397266356575e+02,1.619705535183182690e+02,3.979732253041290164e+02,4.000000000000000083e-02,1.000000000000000000e+00,0.000000000000000000e+00,0.000000000000000000e+00,0.000000000000000000e+00,9.588557725702646570e-03,1.457071465518698261e+00,0.000000000000000000e+00
3.210000000000000000e+02,3.829423066536961073e+01,4.092749999999999999e-01,2.295250000000000068e-01,2.395750000000000102e-01,1.604515264303661866e+02,1.619573119483186474e+02,3.977513654170320478e+02,4.000000000000000083e-02,1.000000000000000000e+00,0.000000000000000000e+00,0.000000000000000000e+00,0.000000000000000000e+00,9.384675555616802875e-03,1.455902488329495093e+00,0.000000000000000000e+00
3.220000000000000000e+02,3.823331477833345105e+01,4.087500000000000022e-01,2.289499999999999869e-01,2.391999999999999960e-01,1.604768438706985307e+02,1.619145277155457450e+02,3.974650319808635004e+02,4.000000000000000083e-02,1.000000000000000000e+00,0.000000000000000000e+00,0.000000000000000000e+00,0.000000000000000000e+00,8.958824277511361761e-03,1.454783011683404848e+00,0.000000000000000000e+00
3.230000000000000000e+02,3.818462294841155824e+01,4.083999999999999853e-01,2.283000000000000029e-01,2.387749999999999873e-01,1.604973618921385139e+02,1.619121102735851423e+02,3.972892325913878722e+02,4.000000000000000083e-02,1.000000000000000000e+00,0.000000000000000000e+00,0.000000000000000000e+00,0.000000000000000000e+00,8.814776546903015791e-03,1.453733892542582229e+00,0.000000000000000000e+00
3.240000000000000000e+02,3.814548189949611157e+01,4.079749999999999766e-01,2.278499999999999970e-01,2.384749999999999925e-01,1.605175942876639681e+02,1.619341806350167303e+02,3.972034885286527128e+02,4.000000000000000083e-02,1.000000000000000000e+00,0.000000000000000000e+00,1.000000000000000000e+00,1.000000000000000000e+00,8.825115736621957571e-03,1.452869968347875851e+00,0.000000000000000000e+00
3.250000000000000000e+02,3.810107186196356821e+01,4.073999999999999844e-01,2.272750000000000048e-01,2.378500000000000059e-01,1.605380551461662719e+02,1.619367464524896718e+02,3.970509643295085880e+02,4.000000000000000083e-02,1.000000000000000000e+00,0.000000000000000000e+00,1.000000000000000000e+00,1.000000000000000000e+00,8.712521807056420806e-03,1.451889228526637377e+00,0.000000000000000000e+00
3.260000000000000000e+02,3.806535246456537891e+01,4.070250000000000257e-01,2.267500000000000071e-01,2.376000000000000056e-01,1.605582825821290669e+02,1.619620614463675565e+02,3.969677716088917805e+02,4.000000000000000083e-02,1.000000000000000000e+00,0.000000000000000000e+00,1.000000000000000000e+00,1.000000000000000000e+00,8.743110860820437619e-03,1.450992337735491855e+00,0.000000000000000000e+00
3.270000000000000000e+02,3.802463021208380667e+01,4.066250000000000142e-01,2.261249999999999927e-01,2.374499999999999944e-01,1.605747127062751929e+02,1.619725938616106191e+02,3.968239633485817421e+02,4.000000000000000083e-02,1.000000000000000000e+00,0.000000000000000000e+00,1.000000000000000000e+00,1.000000000000000000e+00,8.705487506569256628e-03,1.449945104217001957e+00,0.000000000000000000e+00
3.280000000000000000e+02,3.798087371044505289e+01,4.061000000000000165e-01,2.257250000000000090e-01,2.369499999999999940e-01,1.605923291634171051e+02,1.619834015780472498e+02,3.966848463681099588e+02,4.000000000000000083e-02,1.000000000000000000e+00,0.000000000000000000e+00,1.000000000000000000e+00,1.000000000000000000e+00,8.662134872049857826e-03,1.448922806309745681e+00,0.000000000000000000e+00
3.290000000000000000e+02,3.793893359641538154e+01,4.057499999999999996e-01,2.253499999999999948e-01,2.366000000000000048e-01,1.606108706669488129e+02,1.620122701340379194e+02,3.966175308993185240e+02,4.000000000000000083e-02,1.000000000000000000e+00,0.000000000000000000e+00,1.000000000000000000e+00,1.000000000000000000e+00,8.725433473274188390e-03,1.448070942843922904e+00,0.000000000000000000e+00
3.300000000000000000e+02,3.787788882146392666e+01,4.050250000000000239e-01,2.248749999999999916e-01,2.359999999999999876e-01,1.606269653361165126e+02,1.620523305677264716e+02,3.965876580364449069e+02,4.000000000000000083e-02,1.000000000000000000e+00,0.000000000000000000e+00,0.000000000000000000e+00,0.000000000000000000e+00,8.873760570819112098e-03,1.447281422285372043e+00,0.000000000000000000e+00
3.310000000000000000e+02,3.782819121794938866e+01,4.045750000000000179e-01,2.242000000000000104e-01,2.358750000000000013e-01,1.606552926144877915e+02,1.620890976405780748e+02,3.965412631618850696e+02,4.000000000000000083e-02,1.000000000000000000e+00,0.000000000000000000e+00,0.000000000000000000e+00,0.000000000000000000e+00,8.924729479848979297e-03,1.446440068666365653e+00,0.000000000000000000e+00
3.320000000000000000e+02,3.778146927502372421e+01,4.042499999999999982e-01,2.234500000000000097e-01,2.356250000000000011e-01,1.606804525374922719e+02,1.620283939775264344e+02,3.961900417475234235e+02,4.000000000000000083e-02,1.000000000000000000e+00,0.000000000000000000e+00,1.000000000000000000e+00,1.000000000000000000e+00,8.388957205106460299e-03,1.445188969795476286e+00,0.000000000000000000e+00
3.330000000000000000e+02,3.773650637303533273e+01,4.037499999999999978e-01,2.226499999999999868e-01,2.352499999999999869e-01,1.607010076301771733e+02,1.620020230506993641e+02,3.959594488414039120e+02,4.000000000000000083e-02,1.000000000000000000e+00,0.000000000000000000e+00,1.000000000000000000e+00,1.000000000000000000e+00,8.095875935739186430e-03,1.444163606015502532e+00,0.000000000000000000e+00
3.340000000000000000e+02,3.769234982931637035e+01,4.031500000000000083e-01,2.220499999999999974e-01,2.347249999999999892e-01,1.607199557257534082e+02,1.620068775131361178e+02,3.958344634607103103e+02,4.000000000000000083e-02,1.000000000000000000e+00,0.000000000000000000e+00,1.000000000000000000e+00,1.000000000000000000e+00,8.007230848038967772e-03,1.443318885820847886e+00,0.000000000000000000e+00
3.350000000000000000e+02,3.765090535728253940e+01,4.027999999999999914e-01,2.213749999999999885e-01,2.344249999999999945e-01,1.607375771918531484e+02,1.620259177743036219e+02,3.957533406640576459e+02,4.000000000000000083e-02,1.000000000000000000e+00,0.000000000000000000e+00,1.000000000000000000e+00,1.000000000000000000e+00,8.015179803990302165e-03,1.442531084535056074e+00,0.000000000000000000e+00
3.360000000000000000e+02,3.760132518372240895e+01,4.024499999999999744e-01,2.204500000000000071e-01,2.341249999999999998e-01,1.607537255054859031e+02,1.620571170005574118e+02,3.957115443605008522e+02,4.000000000000000083e-02,1.000000000000000000e+00,0.000000000000000000e+00,1.000000000000000000e+00,1.000000000000000000e+00,8.108001795747053417e-03,1.441802937658947403e+00,0.000000000000000000e+00
3.370000000000000000e+02,3.755225713383316588e+01,4.018999999999999795e-01,2.197500000000000009e-01,2.336499999999999966e-01,1.607745097324738310e+02,1.620904262567682110e+02,3.956848345065207582e+02,4.000000000000000083e-02,1.000000000000000000e+00,0.000000000000000000e+00,0.000000000000000000e+00,0.000000000000000000e+00,8.184857950952820205e-03,1.441136368410275814e+00,0.000000000000000000e+00
3.380000000000000000e+02,3.750989828853371222e+01,4.011750000000000038e-01,2.191500000000000115e-01,2.331749999999999934e-01,1.607959136470930162e+02,1.621429359750658818e+02,3.957157857000389640e+02,4.000000000000000083e-02,1.000000000000000000e+00,0.000000000000000000e+00,1.000000000000000000e+00,1.000000000000000000e+00,8.377217414425370060e-03,1.440536698810558125e+00,0.000000000000000000e+00
3.390000000000000000e+02,3.746142084402036687e+01,4.007249999999999979e-01,2.186500000000000110e-01,2.326749999999999929e-01,1.608025483764066905e+02,1.622387499174491552e+02,3.958638615176886901e+02,4.000000000000000083e-02,1.000000000000000000e+00,0.000000000000000000e+00,0.000000000000000000e+00,0.000000000000000000e+00,8.931460076618956412e-03,1.440008085115999759e+00,0.000000000000000000e+00
3.400000000000000000e+02,3.742966249221955621e+01,4.003499999999999837e-01,2.183249999999999913e-01,2.323250000000000037e-01,1.608223827484402193e+02,1.623733968986940113e+02,3.961825368302013430e+02,4.000000000000000083e-02,1.000000000000000000e+00,0.000000000000000000e+00,1.000000000000000000e+00,1.000000000000000000e+00,9.644267941732351593e-03,1.439947333721068867e+00,0.000000000000000000e+00
3.410000000000000000e+02,3.738375237330441081e+01,3.998499999999999832e-01,2.173750000000000127e-01,2.319749999999999868e-01,1.608341680008860806e+02,1.624299321943165353e+02,3.961740641682144428e+02,4.000000000000000083e-02,1.000000000000000000e+00,0.000000000000000000e+00,0.000000000000000000e+00,0.000000000000000000e+00,9.921798416749750063e-03,1.439045924702273993e+00,0.000000000000000000e+00
3.420000000000000000e+02,3.734045714040043862e+01,3.992999999999999883e-01,2.168249999999999900e-01,2.316000000000000003e-01,1.608520404531238910e+02,1.624681572098078277e+02,3.961198767648090211e+02,4.000000000000000083e-02,1.000000000000000000e+00,0.000000000000000000e+00,0.000000000000000000e+00,0.000000000000000000e+00,1.004722571209727168e-02,1.438138547070909823e+00,0.000000000000000000e+00
3.430000000000000000e+02,3.728178780123683822e+01,3.992249999999999965e-01,2.163249999999999895e-01,2.315000000000000113e-01,1.608706746997542609e+02,1.624788365399633960e+02,3.959632108952433214e+02,4.000000000000000083e-02,1.000000000000000000e+00,0.000000000000000000e+00,1.000000000000000000e+00,1.000000000000000000e+00,9.996612764946597590e-03,1.437014071047043595e+00,0.000000000000000000e+00
3.440000000000000000e+02,3.723683826401783392e+01,3.988749999999999796e-01,2.157250000000000001e-01,2.311249999999999971e-01,1.608953494040087833e+02,1.625133371063851655e+02,3.959030315797504613e+02,4.000000000000000083e-02,1.000000000000000000e+00,0.000000000000000000e+00,0.000000000000000000e+00,0.000000000000000000e+00,1.005614959269959634e-02,1.436126404324481687e+00,0.000000000000000000e+00
3.450000000000000000e+02,3.719523797165716417e+01,3.982999999999999874e-01,2.151250000000000107e-01,2.306749999999999912e-01,1.609168245246804076e+02,1.624802566196926534e+02,3.955920793715125683e+02,4.000000000000000083e-02,1.000000000000000000e+00,0.000000000000000000e+00,1.000000000000000000e+00,1.000000000000000000e+00,9.715777698387630806e-03,1.434708607689179960e+00,0.000000000000000000e+00
3.460000000000000000e+02,3.712410510995778878e+01,3.977999999999999869e-01,2.145499999999999907e-01,2.303000000000000047e-01,1.609378070086389698e+02,1.623974908726021624e+02,3.950902242389215644e+02,4.000000000000000083e-02,1.000000000000000000e+00,0.000000000000000000e+00,0.000000000000000000e+00,0.000000000000000000e+00,9.069863017860299234e-03,1.432859166210040502e+00,0.000000000000000000e+00
3.470000000000000000e+02,3.708197763713997830e+01,3.971500000000000030e-01,2.138249999999999873e-01,2.298000000000000043e-01,1.609693650671268017e+02,1.623270218401524687e+02,3.946178313802730031e+02,4.000000000000000083e-02,1.000000000000000000e+00,0.000000000000000000e+00,1.000000000000000000e+00,1.000000000000000000e+00,8.434255626587720822e-03,1.431005182666772457e+00,0.000000000000000000e+00
3.480000000000000000e+02,3.702246308072398051e+01,3.965750000000000108e-01,2.129250000000000032e-01,2.295750000000000013e-01,1.609885047739542756e+02,1.622549787663082839e+02,3.941988937791670651e+02,4.000000000000000083e-02,1.000000000000000000e+00,0.000000000000000000e+00,1.000000000000000000e+00,1.000000000000000000e+00,7.866859774443388242e-03,1.429502606184563929e+00,0.000000000000000000e+00
3.490000000000000000e+02,3.698571597501062769e+01,3.963249999999999829e-01,2.120249999999999913e-01,2.292250000000000121e-01,1.610141629481717302e+02,1.622193946629328991e+02,3.938854328034972241e+02,4.000000000000000083e-02,1.000000000000000000e+00,0.000000000000000000e+00,1.000000000000000000e+00,1.000000000000000000e+00,7.485252804432592118e-03,1.428103209372288296e+00,0.000000000000000000e+00
3.500000000000000000e+02,3.694141550517508676e+01,3.954750000000000210e-01,2.111999999999999988e-01,2.288499999999999979e-01,1.610297992307919230e+02,1.621540830978283623e+02,3.934835433168445320e+02,4.000000000000000083e-02,1.000000000000000000e+00,0.000000000000000000e+00,1.000000000000000000e+00,1.000000000000000000e+00,6.981837351887196751e-03,1.426602745978674758e+00,0.000000000000000000e+00
3.510000000000000000e+02,3.690591818055519724e+01,3.952999999999999847e-01,2.106750000000000012e-01,2.286999999999999866e-01,1.610481488367109648e+02,1.621856606284784448e+02,3.934345643421827390e+02,4.000000000000000083e-02,1.000000000000000000e+00,0.000000000000000000e+00,1.000000000000000000e+00,1.000000000000000000e+00,7.063178310238260246e-03,1.425828293436065541e+00,0.000000000000000000e+00
3.520000000000000000e+02,3.687246611897555937e+01,3.949250000000000260e-01,2.100499999999999867e-01,2.283749999999999947e-01,1.610451874006967898e+02,1.622818804014819136e+02,3.935586597524424519e+02,4.000000000000000083e-02,1.000000000000000000e+00,0.000000000000000000e+00,1.000000000000000000e+00,1.000000000000000000e+00,7.679167696629803086e-03,1.425154667784146456e+00,0.000000000000000000e+00
3.530000000000000000e+02,3.682989996588341342e+01,3.946749999999999980e-01,2.089749999999999941e-01,2.279249999999999887e-01,1.610647946767212773e+02,1.624401722711636182e+02,3.939798296281659304e+02,4.000000000000000083e-02,1.000000000000000000e+00,0.000000000000000000e+00,1.000000000000000000e+00,1.000000000000000000e+00,8.539281332105559327e-03,1.425384214506310476e+00,0.000000000000000000e+00
3.540000000000000000e+02,3.677772704158858375e+01,3.941999999999999948e-01,2.082749999999999879e-01,2.275999999999999968e-01,1.610679374394437389e+02,1.625077749799473281e+02,3.940020124356543647e+02,4.000000000000000083e-02,1.000000000000000000e+00,0.000000000000000000e+00,0.000000000000000000e+00,0.000000000000000000e+00,8.939318174636220332e-03,1.424511765571045974e+00,0.000000000000000000e+00
3.550000000000000000e+02,3.674889618848770567e+01,3.936499999999999999e-01,2.074000000000000010e-01,2.270749999999999991e-01,1.610927478078523052e+02,1.626045881575367673e+02,3.942125387157220189e+02,4.000000000000000083e-02,1.000000000000000000e+00,0.000000000000000000e+00,1.000000000000000000e+00,1.000000000000000000e+00,9.384906336613926120e-03,1.424362948072509072e+00,0.000000000000000000e+00
3.560000000000000000e+02,3.670775695850518616e+01,3.934500000000000219e-01,2.066749999999999976e-01,2.268999999999999906e-01,1.611008889194240226e+02,1.625792176142215055e+02,3.939261740463975912e+02,4.000000000000000083e-02,1.000000000000000000e+00,0.000000000000000000e+00,1.000000000000000000e+00,1.000000000000000000e+00,9.176415504056477379e-03,1.422979885295863056e+00,0.000000000000000000e+00
3.570000000000000000e+02,3.666244759625573124e+01,3.929500000000000215e-01,2.055750000000000077e-01,2.267000000000000126e-01,1.611200051689363022e+02,1.626095050915040474e+02,3.938269495083778793e+02,4.000000000000000083e-02,1.000000000000000000e+00,0.000000000000000000e+00,1.000000000000000000e+00,1.000000000000000000e+00,9.244661586287726204e-03,1.421918382241939227e+00,0.000000000000000000e+00
3.580000000000000000e+02,3.660477319158423626e+01,3.927249999999999908e-01,2.047750000000000126e-01,2.263999999999999901e-01,1.611388772220010424e+02,1.625872165548672399e+02,3.935689076749092692e+02,4.000000000000000083e-02,1.000000000000000000e+00,0.000000000000000000e+00,1.000000000000000000e+00,1.000000000000000000e+00,8.988143381878107782e-03,1.420663296994780334e+00,0.000000000000000000e+00
3.590000000000000000e+02,3.656948058869392071e+01,3.923499999999999766e-01,2.039749999999999897e-01,2.260250000000000037e-01,1.611637238283377087e+02,1.625437868700043964e+02,3.931967572416692747e+02,4.000000000000000083e-02,1.000000000000000000e+00,0.000000000000000000e+00,1.000000000000000000e+00,1.000000000000000000e+00,8.563112150080692125e-03,1.419020528641499634e+00,0.000000000000000000e+00
3.600000000000000000e+02,3.653047077156404754e+01,3.921250000000000013e-01,2.030750000000000055e-01,2.258999999999999897e-01,1.611767219206550692e+02,1.625562993064141324e+02,3.930774008001757238e+02,4.000000000000000083e-02,1.000000000000000000e+00,0.000000000000000000e+00,1.000000000000000000e+00,1.000000000000000000e+00,8.559408389247480722e-03,1.418100082724174760e+00,0.000000000000000000e+00
3.610000000000000000e+02,3.649201769200060141e+01,3.919250000000000234e-01,2.020750000000000046e-01,2.257750000000000035e-01,1.611920400697879074e+02,1.625610873888964818e+02,3.928958366022066571e+02,4.000000000000000083e-02,1.000000000000000000e+00,0.000000000000000000e+00,1.000000000000000000e+00,1.000000000000000000e+00,8.493268765106806034e-03,1.416911961607872916e+00,0.000000000000000000e+00
3.620000000000000000e+02,3.641201751158701683e+01,3.914750000000000174e-01,2.012500000000000122e-01,2.252750000000000030e-01,1.612056454458912640e+02,1.625301457052009084e+02,3.926133330554674785e+02,4.000000000000000083e-02,1.000000000000000000e+00,0.000000000000000000e+00,1.000000000000000000e+00,1.000000000000000000e+00,8.216215106152802497e-03,1.415633920414949731e+00,0.000000000000000000e+00
3.630000000000000000e+02,3.638603959355340578e+01,3.911999999999999922e-01,2.005000000000000115e-01,2.250000000000000056e-01,1.612372447174257672e+02,1.624832175546984274e+02,3.922587421129804852e+02,4.000000000000000083e-02,1.000000000000000000e+00,0.000000000000000000e+00,1.000000000000000000e+00,1.000000000000000000e+00,7.727574602606697256e-03,1.414149276561010415e+00,0.000000000000000000e+00
3.640000000000000000e+02,3.634145232798513803e+01,3.910250000000000115e-01,1.994750000000000134e-01,2.248499999999999943e-01,1.612444254330938804e+02,1.625038913030511196e+02,3.921790269999199268e+02,4.000000000000000083e-02,1.000000000000000000e+00,0.000000000000000000e+00,1.000000000000000000e+00,1.000000000000000000e+00,7.810911084673974672e-03,1.413351605645867481e+00,0.000000000000000000e+00
3.650000000000000000e+02,3.628717061521535214e+01,3.905750000000000055e-01,1.986249999999999960e-01,2.243999999999999884e-01,1.612583552624855088e+02,1.625396023464997199e+02,3.921200970512386448e+02,4.000000000000000083e-02,1.000000000000000000e+00,0.000000000000000000e+00,1.000000000000000000e+00,1.000000000000000000e+00,7.945306659792501086e-03,1.412458818591928900e+00,0.000000000000000000e+00
3.660000000000000000e+02,3.625554064059301140e+01,3.901249999999999996e-01,1.971499999999999919e-01,2.240499999999999992e-01,1.612779944483793884e+02,1.626086902966479499e+02,3.921960604620672939e+02,4.000000000000000083e-02,1.000000000000000000e+00,0.000000000000000000e+00,1.000000000000000000e+00,1.000000000000000000e+00,8.250944915454541673e-03,1.411900986020991899e+00,0.000000000000000000e+00
3.670000000000000000e+02,3.622491204786422969e+01,3.897499999999999853e-01,1.964249999999999885e-01,2.237250000000000072e-01,1.612880925935870948e+02,1.625331544517779889e+02,3.917475661699211855e+02,4.000000000000000083e-02,1.000000000000000000e+00,0.000000000000000000e+00,1.000000000000000000e+00,1.000000000000000000e+00,7.719490249836325965e-03,1.410262493774148140e+00,0.000000000000000000e+00
3.680000000000000000e+02,3.618585372804242439e+01,3.895000000000000129e-01,1.958999999999999908e-01,2.235999999999999932e-01,1.612997720364446934e+02,1.625353886473962746e+02,3.915975156832424204e+02,4.000000000000000083e-02,1.000000000000000000e+00,0.000000000000000000e+00,1.000000000000000000e+00,1.000000000000000000e+00,7.660374192422300492e-03,1.409306175978529474e+00,0.000000000000000000e+00
3.690000000000000000e+02,3.615192924854348178e+01,3.889250000000000207e-01,1.950999999999999956e-01,2.232500000000000040e-01,1.613047838006499148e+02,1.626026332965996630e+02,3.916219261560776772e+02,4.000000000000000083e-02,1.000000000000000000e+00,0.000000000000000000e+00,1.000000000000000000e+00,1.000000000000000000e+00,8.045945478924593219e-03,1.408459925994736350e+00,0.000000000000000000e+00
3.700000000000000000e+02,3.606440469616391198e+01,3.884500000000000175e-01,1.936750000000000138e-01,2.226750000000000118e-01,1.613199042153704568e+02,1.626640854864066341e+02,3.916930685573988740e+02,4.000000000000000083e-02,1.000000000000000000e+00,0.000000000000000000e+00,0.000000000000000000e+00,0.000000000000000000e+00,8.332395667937080030e-03,1.407987401682048167e+00,0.000000000000000000e+00
3.710000000000000000e+02,3.605028079432278787e+01,3.882499999999999840e-01,1.926750000000000129e-01,2.225250000000000006e-01,1.613505411204958762e+02,1.626839761773116777e+02,3.915691087228863125e+02,4.000000000000000083e-02,1.000000000000000000e+00,0.000000000000000000e+00,1.000000000000000000e+00,1.000000000000000000e+00,8.264211867873428111e-03,1.406931020029344115e+00,0.000000000000000000e+00
3.720000000000000000e+02,3.600870571922791186e+01,3.880750000000000033e-01,1.916750000000000120e-01,2.222500000000000031e-01,1.613549629243123604e+02,1.626205595236860972e+02,3.911828945534041964e+02,4.000000000000000083e-02,1.000000000000000000e+00,0.000000000000000000e+00,1.000000000000000000e+00,1.000000000000000000e+00,7.843555453372679995e-03,1.405494703124714251e+00,0.000000000000000000e+00
3.730000000000000000e+02,3.597400667461928947e+01,3.879750000000000143e-01,1.907999999999999974e-01,2.222250000000000059e-01,1.613698604564690129e+02,1.626588406916092993e+02,3.911764953490193193e+02,4.000000000000000083e-02,1.000000000000000000e+00,0.000000000000000000e+00,1.000000000000000000e+00,1.000000000000000000e+00,7.987738425838204412e-03,1.404889237411108827e+00,0.000000000000000000e+00
3.740000000000000000e+02,3.594069666020548937e+01,3.876249999999999973e-01,1.899750000000000050e-01,2.220000000000000029e-01,1.613763342602578348e+02,1.626981433808305439e+02,3.911242549686869552e+02,4.000000000000000083e-02,1.000000000000000000e+00,0.000000000000000000e+00,1.000000000000000000e+00,1.000000000000000000e+00,8.190848593951680079e-03,1.403987205024062268e+00,0.000000000000000000e+00
3.750000000000000000e+02,3.589681093494226616e+01,3.872749999999999804e-01,1.882999999999999952e-01,2.217999999999999972e-01,1.613868419564844885e+02,1.627961132075082844e+02,3.913256053862611452e+02,4.000000000000000083e-02,1.000000000000000000e+00,0.000000000000000000e+00,1.000000000000000000e+00,1.000000000000000000e+00,8.732256198456281662e-03,1.403777324139535487e+00,0.000000000000000000e+00
3.760000000000000000e+02,3.586949162577634809e+01,3.868500000000000272e-01,1.872749999999999970e-01,2.214750000000000052e-01,1.614013072507208619e+02,1.628429744004625945e+02,3.913028598518972103e+02,4.000000000000000083e-02,1.000000000000000000e+00,0.000000000000000000e+00,1.000000000000000000e+00,1.000000000000000000e+00,8.932190044175083304e-03,1.402945913341077100e+00,0.000000000000000000e+00
3.770000000000000000e+02,3.582832847515630448e+01,3.865750000000000020e-01,1.860499999999999932e-01,2.210249999999999992e-01,1.614093074192392692e+02,1.628630646743227146e+02,3.911958629646815098e+02,4.000000000000000083e-02,1.000000000000000000e+00,0.000000000000000000e+00,1.000000000000000000e+00,1.000000000000000000e+00,9.006650721246846694e-03,1.401992518972646762e+00,0.000000000000000000e+00
3.780000000000000000e+02,3.578326078428801083e+01,3.861749999999999905e-01,1.849750000000000005e-01,2.206750000000000100e-01,1.614246629571737230e+02,1.628924244307111735e+02,3.911158512835871193e+02,4.000000000000000083e-02,1.000000000000000000e+00,0.000000000000000000e+00,1.000000000000000000e+00,1.000000000000000000e+00,9.092547858853826034e-03,1.401068390077000458e+00,0.000000000000000000e+00
3.790000000000000000e+02,3.573612032990487819e+01,3.857249999999999845e-01,1.833750000000000102e-01,2.203249999999999931e-01,1.614429505876265978e+02,1.628465251605954620e+02,3.907510721990701654e+02,4.000000000000000083e-02,1.000000000000000000e+00,0.000000000000000000e+00,1.000000000000000000e+00,1.000000000000000000e+00,8.693935336662744415e-03,1.399505127995334997e+00,0.000000000000000000e+00
3.800000000000000000e+02,3.569259514873138528e+01,3.855000000000000093e-01,1.822749999999999926e-01,2.202000000000000068e-01,1.614632834349386599e+02,1.628241252849078649e+02,3.904584647855189132e+02,4.000000000000000083e-02,1.000000000000000000e+00,0.000000000000000000e+00,1.000000000000000000e+00,1.000000000000000000e+00,8.428181447936141171e-03,1.398038153758228264e+00,0.000000000000000000e+00
3.810000000000000000e+02,3.562786046177268418e+01,3.849500000000000144e-01,1.810249999999999915e-01,2.200499999999999956e-01,1.614819523074106371e+02,1.627619078110463136e+02,3.900367003551382368e+02,4.000000000000000083e-02,1.000000000000000000e+00,0.000000000000000000e+00,1.000000000000000000e+00,1.000000000000000000e+00,7.926306843250479142e-03,1.396363532479233172e+00,0.000000000000000000e+00
3.820000000000000000e+02,3.559380269947779851e+01,3.845250000000000057e-01,1.802499999999999936e-01,2.194250000000000089e-01,1.615075107732868673e+02,1.626617672398957382e+02,3.894498842858068883e+02,4.000000000000000083e-02,1.000000000000000000e+00,0.000000000000000000e+00,1.000000000000000000e+00,1.000000000000000000e+00,7.146766494526292889e-03,1.394231237580500604e+00,0.000000000000000000e+00
3.830000000000000000e+02,3.554907865524657495e+01,3.840749999999999997e-01,1.790750000000000119e-01,2.190999999999999892e-01,1.615185583817492443e+02,1.626439746660450965e+02,3.892297621865690189e+02,4.000000000000000083e-02,1.000000000000000000e+00,0.000000000000000000e+00,1.000000000000000000e+00,1.000000000000000000e+00,6.967721205360995207e-03,1.393139758086764601e+00,0.000000000000000000e+00
3.840000000000000000e+02,3.550856718714653937e+01,3.837249999999999828e-01,1.774749999999999939e-01,2.187999999999999945e-01,1.615310407347933506e+02,1.626911267588761518e+02,3.892585764239581181e+02,4.000000000000000083e-02,1.000000000000000000e+00,0.000000000000000000e+00,1.000000000000000000e+00,1.000000000000000000e+00,7.181814831413525606e-03,1.392623274414201084e+00,0.000000000000000000e+00
3.850000000000000000e+02,3.546594932249696797e+01,3.835250000000000048e-01,1.762249999999999928e-01,2.186250000000000138e-01,1.615466732367009968e+02,1.627031409834617648e+02,3.891193744379455097e+02,4.000000000000000083e-02,1.000000000000000000e+00,0.000000000000000000e+00,1.000000000000000000e+00,1.000000000000000000e+00,7.158722142586565994e-03,1.391591041733473366e+00,0.000000000000000000e+00
3.860000000000000000e+02,3.541520000534381296e+01,3.834750000000000103e-01,1.747499999999999887e-01,2.186250000000000138e-01,1.615604128627569480e+02,1.627062074828362483e+02,3.889696878347825759e+02,4.000000000000000083e-02,1.000000000000000000e+00,0.000000000000000000e+00,1.000000000000000000e+00,1.000000000000000000e+00,7.092050582048431938e-03,1.390625986877696008e+00,0.000000000000000000e+00
3.870000000000000000e+02,3.538617827213276712e+01,3.831999999999999851e-01,1.741000000000000048e-01,2.183249999999999913e-01,1.615800354334707265e+02,1.626511919883352562e+02,3.885797234320364169e+02,4.000000000000000083e-02,1.000000000000000000e+00,0.000000000000000000e+00,1.000000000000000000e+00,1.000000000000000000e+00,6.629263027396535383e-03,1.389037047204080277e+00,0.000000000000000000e+00
3.880000000000000000e+02,3.534368401521426506e+01,3.828500000000000236e-01,1.730250000000000121e-01,2.181250000000000133e-01,1.615897758966459890e+02,1.626047786011844494e+02,3.882292343547712790e+02,4.000000000000000083e-02,1.000000000000000000e+00,0.000000000000000000e+00,1.000000000000000000e+00,1.000000000000000000e+00,6.281354738604648207e-03,1.387563500252158910e+00,0.000000000000000000e+00
3.890000000000000000e+02,3.529103930102437658e+01,3.825250000000000039e-01,1.721250000000000002e-01,2.175499999999999934e-01,1.616039670706126117e+02,1.626093188217270438e+02,3.880869624204127604e+02,4.000000000000000083e-02,1.000000000000000000e+00,0.000000000000000000e+00,1.000000000000000000e+00,1.000000000000000000e+00,6.221083364093067843e-03,1.386621906004556148e+00,0.000000000000000000e+00
3.900000000000000000e+02,3.526261205684144784e+01,3.822749999999999759e-01,1.713500000000000023e-01,2.174999999999999989e-01,1.616210149389961828e+02,1.626482069641816963e+02,3.880316086051838056e+02,4.000000000000000083e-02,1.000000000000000000e+00,0.000000000000000000e+00,1.000000000000000000e+00,1.000000000000000000e+00,6.355559798787472139e-03,1.385710951554700587e+00,0.000000000000000000e+00
3.910000000000000000e+02,3.521451881093448577e+01,3.820749999999999980e-01,1.710750000000000048e-01,2.174250000000000071e-01,1.616248694066115661e+02,1.626594880199545514e+02,3.879109752129897402e+02,2.000000000000000042e-02,2.000000000000000000e+00,0.000000000000000000e+00,0.000000000000000000e+00,0.000000000000000000e+00,6.401357768402084029e-03,1.384803861951182657e+00,0.000000000000000000e+00
3.920000000000000000e+02,3.517154834706827415e+01,3.820500000000000007e-01,1.708500000000000019e-01,2.174250000000000071e-01,1.616448259473383189e+02,1.626651142048310703e+02,3.878828853120977556e+02,2.000000000000000042e-02,2.000000000000000000e+00,0.000000000000000000e+00,0.000000000000000000e+00,0.000000000000000000e+00,6.311914108683858854e-03,1.384548692005761472e+00,0.000000000000000000e+00
3.930000000000000000e+02,3.513448856494082406e+01,3.820000000000000062e-01,1.706499999999999961e-01,2.172999999999999932e-01,1.616569875596300676e+02,1.626228556426414684e+02,3.876901307988873100e+02,2.000000000000000042e-02,2.000000000000000000e+00,0.000000000000000000e+00,0.000000000000000000e+00,0.000000000000000000e+00,5.974799466401803719e-03,1.383983046336512368e+00,0.000000000000000000e+00
3.940000000000000000e+02,3.510663603882610317e+01,3.818750000000000200e-01,1.703999999999999959e-01,2.172749999999999959e-01,1.616695349394960317e+02,1.625730536602721941e+02,3.874597840595009188e+02,2.000000000000000042e-02,2.000000000000000000e+00,0.000000000000000000e+00,0.000000000000000000e+00,0.000000000000000000e+00,5.588676438726068382e-03,1.383296464795285230e+00,0.000000000000000000e+00
3.950000000000000000e+02,3.507363152995320377e+01,3.818250000000000255e-01,1.700750000000000040e-01,2.172499999999999987e-01,1.616809525859904966e+02,1.625179586982113449e+02,3.872038367327447190e+02,2.000000000000000042e-02,2.000000000000000000e+00,0.000000000000000000e+00,0.000000000000000000e+00,0.000000000000000000e+00,5.176899930594384969e-03,1.382529536023554773e+00,0.000000000000000000e+00
3.960000000000000000e+02,3.504038864286167865e+01,3.817499999999999782e-01,1.698000000000000065e-01,2.172250000000000014e-01,1.616919126883147442e+02,1.624607113377461474e+02,3.869434947262257651e+02,2.000000000000000042e-02,2.000000000000000000e+00,0.000000000000000000e+00,0.000000000000000000e+00,0.000000000000000000e+00,4.754713062943210361e-03,1.381766591688702306e+00,0.000000000000000000e+00
3.970000000000000000e+02,3.502294564384180120e+01,3.816249999999999920e-01,1.695750000000000035e-01,2.172000000000000042e-01,1.617074478911944482e+02,1.624255967655839186e+02,3.867688824354071926e+02,2.000000000000000042e-02,2.000000000000000000e+00,0.000000000000000000e+00,0.000000000000000000e+00,0.000000000000000000e+00,4.441037711959191364e-03,1.381206473223554054e+00,0.000000000000000000e+00
3.980000000000000000e+02,3.498987933017521357e+01,3.814750000000000085e-01,1.693000000000000060e-01,2.170999999999999874e-01,1.617151552117412621e+02,1.623634221007902738e+02,3.864857935609795732e+02,2.000000000000000042e-02,2.000000000000000000e+00,0.000000000000000000e+00,0.000000000000000000e+00,0.000000000000000000e+00,4.008695958026972476e-03,1.380374770131790774e+00,0.000000000000000000e+00
3.990000000000000000e+02,3.497533965696243996e+01,3.814000000000000168e-01,1.691249999999999976e-01,2.170999999999999874e-01,1.617283950743529317e+02,1.623180468025676078e+02,3.862667258421058136e+02,2.000000000000000042e-02,2.000000000000000000e+00,0.000000000000000000e+00,0.000000000000000000e+00,0.000000000000000000e+00,3.645938166538967122e-03,1.379690573235727857e+00,0.000000000000000000e+00
4.000000000000000000e+02,3.494649686490032536e+01,3.812999999999999723e-01,1.689749999999999863e-01,2.169000000000000095e-01,1.617360425190456397e+02,1.622510843360178399e+02,3.859627958289556204e+02,2.000000000000000042e-02,2.000000000000000000e+00,0.000000000000000000e+00,0.000000000000000000e+00,0.000000000000000000e+00,3.184459128283358056e-03,1.378799484813528542e+00,0.000000000000000000e+00
4.010000000000000000e+02,3.492029781861396032e+01,3.812249999999999805e-01,1.688749999999999973e-01,2.168499999999999872e-01,1.617472760089661108e+02,1.621915676263721480e+02,3.856957666426511082e+02,2.000000000000000042e-02,2.000000000000000000e+00,0.000000000000000000e+00,0.000000000000000000e+00,0.000000000000000000e+00,2.746825964360653880e-03,1.378026011383944871e+00,0.000000000000000000e+00
4.020000000000000000e+02,3.489724992787308366e+01,3.810999999999999943e-01,1.687250000000000139e-01,2.168249999999999900e-01,1.617579001784404511e+02,1.621356564074596633e+02,3.854434356148697134e+02,2.000000000000000042e-02,2.000000000000000000e+00,0.000000000000000000e+00,0.000000000000000000e+00,0.000000000000000000e+00,2.335318575491502832e-03,1.377289759423553583e+00,0.000000000000000000e+00
4.030000000000000000e+02,3.487658472488932659e+01,3.809500000000000108e-01,1.684249999999999914e-01,2.167999999999999927e-01,1.617651707739661333e+02,1.620923728472030234e+02,3.852317297274468046e+02,2.000000000000000042e-02,2.000000000000000000e+00,0.000000000000000000e+00,0.000000000000000000e+00,0.000000000000000000e+00,2.022697912482584667e-03,1.376618485871552444e+00,0.000000000000000000e+00
4.040000000000000000e+02,3.485827015593424250e+01,3.808750000000000191e-01,1.681749999999999912e-01,2.167250000000000010e-01,1.617727221015872772e+02,1.620650111669949638e+02,3.850841145727094954e+02,2.000000000000000042e-02,2.000000000000000000e+00,0.000000000000000000e+00,0.000000000000000000e+00,0.000000000000000000e+00,1.806788323832122503e-03,1.376108894818211414e+00,0.000000000000000000e+00
4.050000000000000000e+02,3.483950872793025155e+01,3.807749999999999746e-01,1.678499999999999992e-01,2.167000000000000037e-01,1.617794964420687904e+02,1.620431916601004900e+02,3.849562068068599956e+02,2.000000000000000042e-02,2.000000000000000000e+00,0.000000000000000000e+00,0.000000000000000000e+00,0.000000000000000000e+00,1.629966861258747533e-03,1.375639499957139300e+00,0.000000000000000000e+00
4.060000000000000000e+02,3.482141118501244392e+01,3.806249999999999911e-01,1.675250000000000072e-01,2.166500000000000092e-01,1.617858276133420361e+02,1.620196641984491919e+02,3.848238413205587563e+02,2.000000000000000042e-02,2.000000000000000000e+00,0.000000000000000000e+00,0.000000000000000000e+00,0.000000000000000000e+00,1.445346533480117417e-03,1.375167503428526228e+00,0.000000000000000000e+00
4.070000000000000000e+02,3.483513523535069822e+01,3.805499999999999994e-01,1.673499999999999988e-01,2.165999999999999870e-01,1.617919333329688527e+02,1.619953045009636412e+02,3.846852770417439160e+02,2.000000000000000042e-02,2.000000000000000000e+00,0.000000000000000000e+00,0.000000000000000000e+00,0.000000000000000000e+00,1.256992013169465697e-03,1.374669304315888851e+00,0.000000000000000000e+00
4.080000000000000000e+02,3.481409768886216227e+01,3.803500000000000214e-01,1.671749999999999903e-01,2.165749999999999897e-01,1.617865187059751975e+02,1.619563995958011446e+02,3.844637200571162907e+02,2.000000000000000042e-02,2.000000000000000000e+00,0.000000000000000000e+00,0.000000000000000000e+00,0.000000000000000000e+00,1.050031184209373981e-03,1.373871739657293700e+00,0.000000000000000000e+00
4.090000000000000000e+02,3.482084554002685195e+01,3.802499999999999769e-01,1.670250000000000068e-01,2.163750000000000118e-01,1.617975507130569497e+02,1.619398953317628127e+02,3.843535328432678853e+02,2.000000000000000042e-02,2.000000000000000000e+00,0.000000000000000000e+00,0.000000000000000000e+00,0.000000000000000000e+00,8.797699228358955631e-04,1.373433254701387884e+00,0.000000000000000000e+00
4.100000000000000000e+02,3.482641053043505508e+01,3.801749999999999852e-01,1.667500000000000093e-01,2.162250000000000005e-01,1.617982085376415853e+02,1.619131122192662815e+02,3.841728182795436624e+02,2.000000000000000042e-02,2.000000000000000000e+00,0.000000000000000000e+00,1.000000000000000000e+00,1.000000000000000000e+00,7.101665875241406972e-04,1.372709739278486829e+00,0.000000000000000000e+00
4.110000000000000000e+02,3.481433071786620559e+01,3.801249999999999907e-01,1.663999999999999924e-01,2.162000000000000033e-01,1.617997492151597214e+02,1.618813636964579814e+02,3.839974756737578332e+02,2.000000000000000042e-02,2.000000000000000000e+00,0.000000000000000000e+00,1.000000000000000000e+00,1.000000000000000000e+00,5.044166118559914808e-04,1.372091925255753297e+00,0.000000000000000000e+00
4.120000000000000000e+02,3.481297206802800304e+01,3.800499999999999989e-01,1.662250000000000116e-01,2.159999999999999976e-01,1.618055182519734956e+02,1.618619530462285923e+02,3.838281348654053318e+02,2.000000000000000042e-02,2.000000000000000000e+00,0.000000000000000000e+00,1.000000000000000000e+00,1.000000000000000000e+00,3.487816414716644626e-04,1.371330183788046053e+00,0.000000000000000000e+00
4.130000000000000000e+02,3.479371135890305311e+01,3.800000000000000044e-01,1.659750000000000114e-01,2.159000000000000086e-01,1.618020979383685756e+02,1.618459306962727737e+02,3.836995132205055938e+02,2.000000000000000042e-02,2.000000000000000000e+00,0.000000000000000000e+00,1.000000000000000000e+00,1.000000000000000000e+00,2.709035201811433495e-04,1.370770223074518013e+00,0.000000000000000000e+00
4.140000000000000000e+02,3.476605946447167383e+01,3.798750000000000182e-01,1.658499999999999974e-01,2.157749999999999946e-01,1.618168813873402883e+02,1.618694092244287788e+02,3.837082705808957712e+02,2.000000000000000042e-02,2.000000000000000000e+00,0.000000000000000000e+00,1.000000000000000000e+00,1.000000000000000000e+00,3.246128379075288446e-04,1.370480453467842974e+00,0.000000000000000000e+00
4.150000000000000000e+02,3.474347739573561711e+01,3.797499999999999765e-01,1.655999999999999972e-01,2.157000000000000028e-01,1.618245333613492960e+02,1.618653335101012658e+02,3.836433062444565394e+02,2.000000000000000042e-02,2.000000000000000000e+00,0.000000000000000000e+00,1.000000000000000000e+00,1.000000000000000000e+00,2.521258544949071399e-04,1.370138793310645031e+00,0.000000000000000000e+00
4.160000000000000000e+02,3.475333182590845382e+01,3.797749999999999737e-01,1.654249999999999887e-01,2.156750000000000056e-01,1.618305440094582934e+02,1.618517218500270758e+02,3.835423523657880196e+02,2.000000000000000042e-02,2.000000000000000000e+00,0.000000000000000000e+00,1.000000000000000000e+00,1.000000000000000000e+00,1.308642981979014160e-04,1.369714377961211982e+00,0.000000000000000000e+00
4.170000000000000000e+02,3.474028909594971992e+01,3.797249999999999792e-01,1.654249999999999887e-01,2.156750000000000056e-01,1.618215193110230246e+02,1.618392898264025064e+02,3.834176573560533257e+02,2.000000000000000042e-02,2.000000000000000000e+00,0.000000000000000000e+00,1.000000000000000000e+00,1.000000000000000000e+00,1.098155267305744723e-04,1.369125925894309370e+00,0.000000000000000000e+00
4.180000000000000000e+02,3.472923102741738433e+01,3.797499999999999765e-01,1.652000000000000135e-01,2.156750000000000056e-01,1.618271263980759045e+02,1.618822395093264959e+02,3.835558250891410808e+02,2.000000000000000042e-02,2.000000000000000000e+00,0.000000000000000000e+00,1.000000000000000000e+00,1.000000000000000000e+00,3.405678175055740393e-04,1.369350870433463152e+00,0.000000000000000000e+00
4.190000000000000000e+02,3.471523634965980420e+01,3.797249999999999792e-01,1.650999999999999968e-01,2.156750000000000056e-01,1.618293779863821840e+02,1.619052609381843411e+02,3.836160305784968045e+02,2.000000000000000042e-02,2.000000000000000000e+00,0.000000000000000000e+00,1.000000000000000000e+00,1.000000000000000000e+00,4.689071461953130864e-04,1.369385826968043673e+00,0.000000000000000000e+00
4.200000000000000000e+02,3.472041382847298507e+01,3.796749999999999847e-01,1.649249999999999883e-01,2.154749999999999999e-01,1.618317093008061818e+02,1.619240055081478431e+02,3.836345475195838048e+02,2.000000000000000042e-02,2.000000000000000000e+00,0.000000000000000000e+00,1.000000000000000000e+00,1.000000000000000000e+00,5.703221435429870183e-04,1.369225898999143265e+00,0.000000000000000000e+00
4.210000000000000000e+02,3.472172464612488341e+01,3.796499999999999875e-01,1.647250000000000103e-01,2.142999999999999905e-01,1.618262097689071766e+02,1.619086617420843481e+02,3.834882397160904475e+02,2.000000000000000042e-02,2.000000000000000000e+00,0.000000000000000000e+00,1.000000000000000000e+00,1.000000000000000000e+00,5.095093884662782457e-04,1.368546781808225532e+00,0.000000000000000000e+00
4.220000000000000000e+02,3.471027366637955680e+01,3.794500000000000095e-01,1.644500000000000128e-01,2.126750000000000029e-01,1.618226010446873318e+02,1.619275862582032630e+02,3.834722608570290276e+02,2.000000000000000042e-02,2.000000000000000000e+00,0.000000000000000000e+00,1.000000000000000000e+00,1.000000000000000000e+00,6.487673096228355803e-04,1.368171290131870776e+00,0.000000000000000000e+00
4.230000000000000000e+02,3.470112431459931912e+01,3.793250000000000233e-01,1.640749999999999986e-01,2.124250000000000027e-01,1.618315101584335309e+02,1.619473723560774090e+02,3.834438442346106513e+02,2.000000000000000042e-02,2.000000000000000000e+00,0.000000000000000000e+00,1.000000000000000000e+00,1.000000000000000000e+00,7.159433754925022438e-04,1.367706487954147621e+00,0.000000000000000000e+00
4.240000000000000000e+02,3.470291380492557920e+01,3.793250000000000233e-01,1.637500000000000067e-01,2.124250000000000027e-01,1.618324176750131471e+02,1.619426706416228114e+02,3.833620715734918463e+02,2.000000000000000042e-02,2.000000000000000000e+00,0.000000000000000000e+00,1.000000000000000000e+00,1.000000000000000000e+00,6.812786226247384471e-04,1.367270281850961444e+00,0.000000000000000000e+00
4.250000000000000000e+02,3.469988338898490809e+01,3.791999999999999815e-01,1.636749999999999872e-01,2.121999999999999997e-01,1.618310089716686093e+02,1.619365867424261296e+02,3.832761861016098237e+02,2.000000000000000042e-02,2.000000000000000000e+00,0.000000000000000000e+00,1.000000000000000000e+00,1.000000000000000000e+00,6.523951832741990437e-04,1.366828854502430080e+00,0.000000000000000000e+00
4.260000000000000000e+02,3.468347265037058236e+01,3.791249999999999898e-01,1.635000000000000064e-01,2.121750000000000025e-01,1.618323277623309764e+02,1.619301730360715794e+02,3.831835515458016062e+02,2.000000000000000042e-02,2.000000000000000000e+00,0.000000000000000000e+00,1.000000000000000000e+00,1.000000000000000000e+00,6.046089498527132703e-04,1.366350534686599838e+00,0.000000000000000000e+00
4.270000000000000000e+02,3.467632078091673264e+01,3.790000000000000036e-01,1.633999999999999897e-01,2.121000000000000107e-01,1.618401222632700183e+02,1.619221756260099028e+02,3.830897405221733720e+02,2.000000000000000042e-02,2.000000000000000000e+00,0.000000000000000000e+00,1.000000000000000000e+00,1.000000000000000000e+00,5.070025998028222054e-04,1.365888051102969847e+00,0.000000000000000000e+00
4.280000000000000000e+02,3.467114454176372362e+01,3.789000000000000146e-01,1.632500000000000062e-01,2.108500000000000096e-01,1.618407891439619846e+02,1.619119925291597042e+02,3.830016883717061091e+02,2.000000000000000042e-02,2.000000000000000000e+00,0.000000000000000000e+00,1.000000000000000000e+00,1.000000000000000000e+00,4.399594538208918023e-04,1.365493021171541921e+00,0.000000000000000000e+00
4.290000000000000000e+02,3.466705693677241840e+01,3.788000000000000256e-01,1.631249999999999922e-01,2.105750000000000122e-01,1.618420290069873602e+02,1.619111424374724209e+02,3.829394044134213573e+02,2.000000000000000042e-02,2.000000000000000000e+00,0.000000000000000000e+00,1.000000000000000000e+00,1.000000000000000000e+00,4.270425359167783841e-04,1.365120760983492110e+00,0.000000000000000000e+00
4.300000000000000000e+02,3.464398659899700306e+01,3.787749999999999728e-01,1.630250000000000032e-01,2.105499999999999872e-01,1.618433512259151144e+02,1.619183916775197076e+02,3.829082000742087644e+02,1.000000000000000021e-02,3.000000000000000000e+00,0.000000000000000000e+00,0.000000000000000000e+00,0.000000000000000000e+00,4.636610094649192232e-04,1.364822155822899452e+00,0.000000000000000000e+00
4.310000000000000000e+02,3.462456031118306754e+01,3.786999999999999811e-01,1.628499999999999948e-01,2.104749999999999954e-01,1.618519156882748007e+02,1.619216535003907893e+02,3.828786507119986027e+02,1.000000000000000021e-02,3.000000000000000000e+00,0.000000000000000000e+00,0.000000000000000000e+00,0.000000000000000000e+00,4.308741840924698195e-04,1.364592026050886142e+00,0.000000000000000000e+00
4.320000000000000000e+02,3.460676790102665734e+01,3.785999999999999921e-01,1.628249999999999975e-01,2.102749999999999897e-01,1.618597414763273150e+02,1.619231994737654645e+02,3.828553923836105923e+02,1.000000000000000021e-02,3.000000000000000000e+00,0.000000000000000000e+00,0.000000000000000000e+00,0.000000000000000000e+00,3.920554725921795145e-04,1.364425811914865339e+00,0.000000000000000000e+00
4.330000000000000000e+02,3.459525331416784866e+01,3.785749999999999948e-01,1.627500000000000058e-01,2.102749999999999897e-01,1.618660087194849382e+02,1.619251494974353989e+02,3.828441419433394231e+02,1.000000000000000021e-02,3.000000000000000000e+00,0.000000000000000000e+00,0.000000000000000000e+00,0.000000000000000000e+00,3.653687294714983726e-04,1.364327858467735854e+00,0.000000000000000000e+00
4.340000000000000000e+02,3.458373447709763582e+01,3.785749999999999948e-01,1.627500000000000058e-01,2.102749999999999897e-01,1.618694626393869100e+02,1.619238704699138509e+02,3.828285019934309048e+02,1.000000000000000021e-02,3.000000000000000000e+00,0.000000000000000000e+00,0.000000000000000000e+00,0.000000000000000000e+00,3.361216478993986172e-04,1.364249945869235425e+00,0.000000000000000000e+00
4.350000000000000000e+02,3.457307348405857539e+01,3.785749999999999948e-01,1.627000000000000113e-01,2.101750000000000007e-01,1.618774641090695923e+02,1.619260270468524254e+02,3.828428527179874550e+02,1.000000000000000021e-02,3.000000000000000000e+00,0.000000000000000000e+00,0.000000000000000000e+00,0.000000000000000000e+00,2.999981377896585315e-04,1.364307083303006873e+00,0.000000000000000000e+00
4.360000000000000000e+02,3.456394454044534825e+01,3.785250000000000004e-01,1.625749999999999973e-01,2.101750000000000007e-01,1.618812439890355677e+02,1.619249885492764633e+02,3.828287874894613765e+02,1.000000000000000021e-02,3.000000000000000000e+00,0.000000000000000000e+00,0.000000000000000000e+00,0.000000000000000000e+00,2.702262421695904087e-04,1.364235384046114774e+00,0.000000000000000000e+00
4.370000000000000000e+02,3.455005713430674064e+01,3.785000000000000031e-01,1.625000000000000056e-01,2.101500000000000035e-01,1.618876644781781806e+02,1.619263609750603052e+02,3.828431207984356774e+02,1.000000000000000021e-02,3.000000000000000000e+00,0.000000000000000000e+00,0.000000000000000000e+00,0.000000000000000000e+00,2.390330171656825445e-04,1.364303863145548634e+00,0.000000000000000000e+00
4.380000000000000000e+02,3.454004412576933447e+01,3.784750000000000059e-01,1.625000000000000056e-01,2.101250000000000062e-01,1.618927785278710587e+02,1.619287676710977735e+02,3.828361045089336017e+02,1.000000000000000021e-02,3.000000000000000000e+00,0.000000000000000000e+00,0.000000000000000000e+00,0.000000000000000000e+00,2.223023383375865583e-04,1.364225393764081584e+00,0.000000000000000000e+00
4.390000000000000000e+02,3.452889499188918165e+01,3.784250000000000114e-01,1.623999999999999888e-01,2.098750000000000060e-01,1.618970210488675150e+02,1.619283766598136367e+02,3.828276161173260448e+02,1.000000000000000021e-02,3.000000000000000000e+00,0.000000000000000000e+00,0.000000000000000000e+00,0.000000000000000000e+00,1.936762686736356604e-04,1.364178682045256386e+00,0.000000000000000000e+00
4.400000000000000000e+02,3.451761535011110027e+01,3.784500000000000086e-01,1.623499999999999943e-01,2.098750000000000060e-01,1.619002721928239055e+02,1.619300530559786182e+02,3.828166722346173856e+02,1.000000000000000021e-02,3.000000000000000000e+00,0.000000000000000000e+00,0.000000000000000000e+00,0.000000000000000000e+00,1.839457262878693657e-04,1.364086622649836933e+00,0.000000000000000000e+00
4.410000000000000000e+02,3.451160515916366478e+01,3.784250000000000114e-01,1.623249999999999971e-01,2.097249999999999948e-01,1.619051839162483475e+02,1.619322562373900496e+02,3.828094876005455376e+02,1.000000000000000021e-02,3.000000000000000000e+00,0.000000000000000000e+00,0.000000000000000000e+00,0.000000000000000000e+00,1.672109594446728731e-04,1.364010089746128473e+00,0.000000000000000000e+00
4.420000000000000000e+02,3.450620487672630077e+01,3.784000000000000141e-01,1.621750000000000136e-01,2.096750000000000003e-01,1.619054150430512493e+02,1.619289642616022888e+02,3.827940593194834378e+02,1.000000000000000021e-02,3.000000000000000000e+00,0.000000000000000000e+00,0.000000000000000000e+00,0.000000000000000000e+00,1.454504689962204521e-04,1.363962871404928778e+00,0.000000000000000000e+00
4.430000000000000000e+02,3.449794644453027814e+01,3.783750000000000169e-01,1.621750000000000136e-01,2.096500000000000030e-01,1.619084563268776833e+02,1.619345443078525193e+02,3.828148288242138051e+02,1.000000000000000021e-02,3.000000000000000000e+00,0.000000000000000000e+00,0.000000000000000000e+00,0.000000000000000000e+00,1.611279705006072368e-04,1.364009671070846252e+00,0.000000000000000000e+00
4.440000000000000000e+02,3.449264290498727803e+01,3.783250000000000224e-01,1.621499999999999886e-01,2.096250000000000058e-01,1.619130454524041056e+02,1.619344217567842463e+02,3.828109251082469200e+02,1.000000000000000021e-02,3.000000000000000000e+00,0.000000000000000000e+00,0.000000000000000000e+00,0.000000000000000000e+00,1.320233605662397272e-04,1.363987353369537914e+00,0.000000000000000000e+00
4.450000000000000000e+02,3.449008440703968148e+01,3.783000000000000251e-01,1.620000000000000051e-01,2.096250000000000058e-01,1.619136327536828333e+02,1.619333372474236512e+02,3.827956220388642237e+02,1.000000000000000021e-02,3.000000000000000000e+00,0.000000000000000000e+00,0.000000000000000000e+00,0.000000000000000000e+00,1.216975581716096106e-04,1.363908683324282389e+00,0.000000000000000000e+00
4.460000000000000000e+02,3.448286654119673500e+01,3.782499999999999751e-01,1.619750000000000079e-01,2.096250000000000058e-01,1.619166318763942058e+02,1.619350109512097049e+02,3.827817500604086263e+02,1.000000000000000021e-02,3.000000000000000000e+00,0.000000000000000000e+00,0.000000000000000000e+00,0.000000000000000000e+00,1.135094931416896340e-04,1.363798586926572964e+00,0.000000000000000000e+00
4.470000000000000000e+02,3.447781661331387681e+01,3.782499999999999751e-01,1.619750000000000079e-01,2.096250000000000058e-01,1.619179307521193323e+02,1.619329012171250781e+02,3.827573864521424412e+02,1.000000000000000021e-02,3.000000000000000000e+00,0.000000000000000000e+00,0.000000000000000000e+00,0.000000000000000000e+00,9.245711661585008664e-05,1.363678928588628603e+00,0.000000000000000000e+00
4.480000000000000000e+02,3.447670585050394720e+01,3.782249999999999779e-01,1.618249999999999966e-01,2.095249999999999890e-01,1.619203111240870498e+02,1.619328256723829611e+02,3.827554218978283416e+02,1.000000000000000021e-02,3.000000000000000000e+00,0.000000000000000000e+00,0.000000000000000000e+00,0.000000000000000000e+00,7.728831675922840782e-05,1.363667899380735848e+00,0.000000000000000000e+00
4.490000000000000000e+02,3.447151231343860900e+01,3.781999999999999806e-01,1.618249999999999966e-01,2.094999999999999918e-01,1.619221599538102225e+02,1.619325686510393894e+02,3.827354793904135590e+02,1.000000000000000021e-02,3.000000000000000000e+00,0.000000000000000000e+00,1.000000000000000000e+00,1.000000000000000000e+00,6.428210463679582913e-05,1.363548497863940501e+00,0.000000000000000000e+00
4.500000000000000000e+02,3.446964794179736202e+01,3.781999999999999806e-01,1.617750000000000021e-01,2.094749999999999945e-01,1.619230699117938457e+02,1.619394265427303026e+02,3.827444609073501738e+02,1.000000000000000021e-02,3.000000000000000000e+00,0.000000000000000000e+00,1.000000000000000000e+00,1.000000000000000000e+00,1.010148272594326742e-04,1.363503867332498842e+00,0.000000000000000000e+00
4.510000000000000000e+02,3.447103014038945901e+01,3.781749999999999834e-01,1.617250000000000076e-01,2.094499999999999973e-01,1.619247596419336617e+02,1.619414035065637165e+02,3.827345985574984866e+02,1.000000000000000021e-02,3.000000000000000000e+00,0.000000000000000000e+00,1.000000000000000000e+00,1.000000000000000000e+00,1.027876445014316788e-04,1.363414113191786070e+00,0.000000000000000000e+00
4.520000000000000000e+02,3.447033312379349468e+01,3.781499999999999861e-01,1.616499999999999881e-01,2.093750000000000056e-01,1.619224194554334986e+02,1.619380578766688643e+02,3.827054593678793140e+02,1.000000000000000021e-02,3.000000000000000000e+00,0.000000000000000000e+00,1.000000000000000000e+00,1.000000000000000000e+00,9.657971569323023679e-05,1.363283000833230174e+00,0.000000000000000000e+00
4.530000000000000000e+02,3.446894367130331460e+01,3.781499999999999861e-01,1.616499999999999881e-01,2.093750000000000056e-01,1.619243411353126589e+02,1.619394520352987854e+02,3.826996112694807266e+02,1.000000000000000021e-02,3.000000000000000000e+00,0.000000000000000000e+00,1.000000000000000000e+00,1.000000000000000000e+00,9.332074399795760994e-05,1.363226542140340891e+00,0.000000000000000000e+00
4.540000000000000000e+02,3.446395628384955501e+01,3.781249999999999889e-01,1.615999999999999936e-01,2.093750000000000056e-01,1.619246439948954333e+02,1.619386839613299287e+02,3.826817403282780674e+02,1.000000000000000021e-02,3.000000000000000000e+00,0.000000000000000000e+00,1.000000000000000000e+00,1.000000000000000000e+00,8.670679204913400902e-05,1.363127394685141214e+00,0.000000000000000000e+00
4.550000000000000000e+02,3.445506202686749475e+01,3.780749999999999944e-01,1.615250000000000019e-01,2.093750000000000056e-01,1.619225555177607703e+02,1.619364437508652657e+02,3.826535213893415062e+02,1.000000000000000021e-02,3.000000000000000000e+00,0.000000000000000000e+00,1.000000000000000000e+00,1.000000000000000000e+00,8.577083692933704551e-05,1.362985826575538129e+00,0.000000000000000000e+00
4.560000000000000000e+02,3.445307685988129265e+01,3.780499999999999972e-01,1.614750000000000074e-01,2.093750000000000056e-01,1.619308201612737719e+02,1.619529070043705019e+02,3.827006644068132459e+02,1.000000000000000021e-02,3.000000000000000000e+00,0.000000000000000000e+00,1.000000000000000000e+00,1.000000000000000000e+00,1.363967839768415343e-04,1.363036709161914439e+00,0.000000000000000000e+00
4.570000000000000000e+02,3.445019875433253986e+01,3.780249999999999999e-01,1.614750000000000074e-01,2.093750000000000056e-01,1.619316637339310603e+02,1.619548623002779095e+02,3.826925579755833837e+02,1.000000000000000021e-02,3.000000000000000000e+00,0.000000000000000000e+00,1.000000000000000000e+00,1.000000000000000000e+00,1.432614586420026548e-04,1.362958126357696198e+00,0.000000000000000000e+00
4.580000000000000000e+02,3.444791054453124701e+01,3.779750000000000054e-01,1.614750000000000074e-01,2.093000000000000138e-01,1.619320089251328056e+02,1.619547686666682296e+02,3.826761919478234404e+02,1.000000000000000021e-02,3.000000000000000000e+00,0.000000000000000000e+00,1.000000000000000000e+00,1.000000000000000000e+00,1.405512207654176823e-04,1.362858439416743783e+00,0.000000000000000000e+00
4.590000000000000000e+02,3.444518888140189716e+01,3.779750000000000054e-01,1.614250000000000129e-01,2.092249999999999943e-01,1.619327166995094842e+02,1.619528614002164488e+02,3.826538552706541623e+02,1.000000000000000021e-02,3.000000000000000000e+00,0.000000000000000000e+00,1.000000000000000000e+00,1.000000000000000000e+00,1.244016719879166501e-04,1.362748345180783360e+00,0.000000000000000000e+00
4.600000000000000000e+02,3.444248689398180119e+01,3.779750000000000054e-01,1.613749999999999907e-01,2.092249999999999943e-01,1.619337762138621599e+02,1.619509365833949914e+02,3.826302509272327370e+02,1.000000000000000021e-02,3.000000000000000000e+00,0.000000000000000000e+00,1.000000000000000000e+00,1.000000000000000000e+00,1.059715269664817142e-04,1.362630676916160688e+00,0.000000000000000000e+00
4.610000000000000000e+02,3.444290246683463153e+01,3.779500000000000082e-01,1.613499999999999934e-01,2.092249999999999943e-01,1.619348002680638388e+02,1.619484629337391652e+02,3.826033090255565412e+02,1.000000000000000021e-02,3.000000000000000000e+00,0.000000000000000000e+00,1.000000000000000000e+00,1.000000000000000000e+00,8.437139918479263857e-05,1.362500403490076950e+00,0.000000000000000000e+00
4.620000000000000000e+02,3.443987818702007786e+01,3.779250000000000109e-01,1.613249999999999962e-01,2.091250000000000053e-01,1.619345596373426304e+02,1.619449525734486031e+02,3.825759381012035192e+02,1.000000000000000021e-02,3.000000000000000000e+00,0.000000000000000000e+00,1.000000000000000000e+00,1.000000000000000000e+00,6.417985221467233570e-05,1.362382599900356928e+00,0.000000000000000000e+00
4.630000000000000000e+02,3.443147366463185932e+01,3.779250000000000109e-01,1.611750000000000127e-01,2.089000000000000024e-01,1.619363534693073063e+02,1.619447435037385503e+02,3.825556313985808288e+02,1.000000000000000021e-02,3.000000000000000000e+00,0.000000000000000000e+00,1.000000000000000000e+00,1.000000000000000000e+00,5.181069137038574640e-05,1.362260256936029590e+00,0.000000000000000000e+00
4.640000000000000000e+02,3.442865690269560730e+01,3.779000000000000137e-01,1.610749999999999960e-01,2.089000000000000024e-01,1.619407357689377989e+02,1.619508054613273202e+02,3.825667776216272955e+02,1.000000000000000021e-02,3.000000000000000000e+00,0.000000000000000000e+00,1.000000000000000000e+00,1.000000000000000000e+00,6.218134270977461442e-05,1.362240660253964952e+00,0.000000000000000000e+00
4.650000000000000000e+02,3.442649309528690083e+01,3.778000000000000247e-01,1.609750000000000070e-01,2.088250000000000106e-01,1.619416101051212422e+02,1.619514719029836556e+02,3.825508259305510137e+02,1.000000000000000021e-02,3.000000000000000000e+00,0.000000000000000000e+00,1.000000000000000000e+00,1.000000000000000000e+00,6.089724472920686688e-05,1.362132442733934967e+00,0.000000000000000000e+00
4.660000000000000000e+02,3.442427695713848834e+01,3.777750000000000274e-01,1.609250000000000125e-01,2.088000000000000134e-01,1.619420480078879336e+02,1.619513307359986811e+02,3.825324723048235569e+02,1.000000000000000021e-02,3.000000000000000000e+00,0.000000000000000000e+00,1.000000000000000000e+00,1.000000000000000000e+00,5.732129625960601528e-05,1.362021173684582198e+00,0.000000000000000000e+00
4.670000000000000000e+02,3.442234040555526065e+01,3.777249999999999774e-01,1.609500000000000097e-01,2.088000000000000134e-01,1.619424710882639999e+02,1.619507490383914501e+02,3.825131559550780480e+02,1.000000000000000021e-02,3.000000000000000000e+00,0.000000000000000000e+00,1.000000000000000000e+00,1.000000000000000000e+00,5.111660994068926750e-05,1.361910384646636496e+00,0.000000000000000000e+00
4.680000000000000000e+02,3.441232077776822962e+01,3.776249999999999885e-01,1.608999999999999875e-01,2.086999999999999966e-01,1.619430369653095170e+02,1.619497788514793513e+02,3.824927248374571604e+02,1.000000000000000021e-02,3.000000000000000000e+00,0.000000000000000000e+00,1.000000000000000000e+00,1.000000000000000000e+00,4.163121981761089946e-05,1.361798376941489863e+00,0.000000000000000000e+00
