{
  "study": "S1 scaling study mode diagnostic: scaling_160x20_s1",
  "scope": "Postprocessing-only mode diagnosis; no optimisation rerun",
  "created_utc": "2026-06-29T10:35:41Z",
  "mesh": {
    "nelx": 160,
    "nely": 20,
    "L": 8,
    "H": 1,
    "hx": 0.05,
    "hy": 0.05
  },
  "material": {
    "E0": 1.0E+7,
    "Emin": 10,
    "nu": 0.3,
    "rho0": 1,
    "rho_min": 1E-6,
    "penal": 3,
    "mass_interpolation_mode": "power",
    "pmass": 1
  },
  "thresholds": {
    "low_density": 0.05,
    "solid_component": 0.5
  },
  "components": {
    "count": 77,
    "largest_support_id": 0,
    "support_connected_count": 0
  },
  "reference": {
    "saved_final_tracked_mac": 0.91340659746470831,
    "saved_final_tracked_omega": 4.5610316995744951,
    "saved_final_omega_1": 4.5610316995744951
  },
  "modes": [
    {
      "mode": 1,
      "omega_rad_s": 4.5610316995744951,
      "frequency_hz": 0.72591074058610949,
      "mac_to_solid_reference_mode_1": 0.91340659746470831,
      "modal_mass": 1.0000000000000002,
      "modal_mass_residual": 2.2204460492503131E-16,
      "stiffness_rayleigh": 20.803010173005344,
      "eigen_residual_relative": 9.1975841820928737E-8,
      "kinetic_energy_total": 10.401505082261709,
      "strain_energy_total": 10.401505220371007,
      "low_density_kinetic_fraction": 7.3206433690776347E-7,
      "low_density_strain_fraction": 0.99209943996840444,
      "low_density_displacement_fraction": 0.41303317606640083,
      "kinetic_localization_index": 0.000774296505696064,
      "strain_localization_index": 0.0090706525438911719,
      "kinetic_effective_element_fraction": 0.40359216101469303,
      "strain_effective_element_fraction": 0.03445176612022912,
      "kinetic_top_1pct_fraction": 0.024881767658986337,
      "strain_top_1pct_fraction": 0.44358756253089693,
      "kinetic_top_5pct_fraction": 0.12440370444746002,
      "strain_top_5pct_fraction": 0.914392707078025,
      "dominant_solid_component_id": 26,
      "dominant_solid_component_kinetic_fraction": 0.96929966563944359,
      "dominant_solid_component_strain_fraction": 0.0014766941979311241,
      "dominant_component_touches_left_support": false,
      "dominant_component_touches_right_support": false,
      "dominant_component_touches_both_supports": false,
      "largest_support_component_kinetic_fraction": null,
      "largest_support_component_strain_fraction": null,
      "classification": "localized low-density mode",
      "classification_reason": "low-density energy fractions: kinetic 0.000, strain 0.992"
    },
    {
      "mode": 2,
      "omega_rad_s": 6.0540022666869158,
      "frequency_hz": 0.96352438623276149,
      "mac_to_solid_reference_mode_1": 9.0224153260407772E-19,
      "modal_mass": 1.0000000000000002,
      "modal_mass_residual": 2.2204460492503131E-16,
      "stiffness_rayleigh": 36.650943445578143,
      "eigen_residual_relative": 5.557014814342549E-8,
      "kinetic_energy_total": 18.325471722525155,
      "strain_energy_total": 18.325471861417675,
      "low_density_kinetic_fraction": 7.21570237043857E-7,
      "low_density_strain_fraction": 0.99939008340673574,
      "low_density_displacement_fraction": 0.40981931971708646,
      "kinetic_localization_index": 0.00077470293746843106,
      "strain_localization_index": 0.0054891643388790511,
      "kinetic_effective_element_fraction": 0.40338042478731956,
      "strain_effective_element_fraction": 0.056930341434050777,
      "kinetic_top_1pct_fraction": 0.025954377757451488,
      "strain_top_1pct_fraction": 0.29072625184384809,
      "kinetic_top_5pct_fraction": 0.12901260320295821,
      "strain_top_5pct_fraction": 0.83451708745209041,
      "dominant_solid_component_id": 26,
      "dominant_solid_component_kinetic_fraction": 0.96681199794862782,
      "dominant_solid_component_strain_fraction": 0.000113168657319609,
      "dominant_component_touches_left_support": false,
      "dominant_component_touches_right_support": false,
      "dominant_component_touches_both_supports": false,
      "largest_support_component_kinetic_fraction": null,
      "largest_support_component_strain_fraction": null,
      "classification": "localized low-density mode",
      "classification_reason": "low-density energy fractions: kinetic 0.000, strain 0.999"
    },
    {
      "mode": 3,
      "omega_rad_s": 8.56864586466966,
      "frequency_hz": 1.3637423449661041,
      "mac_to_solid_reference_mode_1": 6.0506030029160142E-19,
      "modal_mass": 1,
      "modal_mass_residual": 0,
      "stiffness_rayleigh": 73.421691961927763,
      "eigen_residual_relative": 3.7828386133380363E-8,
      "kinetic_energy_total": 36.710845977060231,
      "strain_energy_total": 36.710846132189324,
      "low_density_kinetic_fraction": 9.2272265787537742E-7,
      "low_density_strain_fraction": 0.99348192733333618,
      "low_density_displacement_fraction": 0.47089200323419017,
      "kinetic_localization_index": 0.0013910017702863007,
      "strain_localization_index": 0.0087908272752909127,
      "kinetic_effective_element_fraction": 0.22465823313487243,
      "strain_effective_element_fraction": 0.035548417710170345,
      "kinetic_top_1pct_fraction": 0.075118006843035628,
      "strain_top_1pct_fraction": 0.43318096925488914,
      "kinetic_top_5pct_fraction": 0.32822539378537258,
      "strain_top_5pct_fraction": 0.90956703687011586,
      "dominant_solid_component_id": 26,
      "dominant_solid_component_kinetic_fraction": 0.94716442027233483,
      "dominant_solid_component_strain_fraction": 0.00051234919611225561,
      "dominant_component_touches_left_support": false,
      "dominant_component_touches_right_support": false,
      "dominant_component_touches_both_supports": false,
      "largest_support_component_kinetic_fraction": null,
      "largest_support_component_strain_fraction": null,
      "classification": "localized low-density mode",
      "classification_reason": "low-density energy fractions: kinetic 0.000, strain 0.993"
    },
    {
      "mode": 4,
      "omega_rad_s": 67.670546062723488,
      "frequency_hz": 10.77010190761024,
      "mac_to_solid_reference_mode_1": 0.00023873696499744572,
      "modal_mass": 1,
      "modal_mass_residual": 0,
      "stiffness_rayleigh": 4579.3028042818005,
      "eigen_residual_relative": 5.7264633060670593E-10,
      "kinetic_energy_total": 2289.6514022135934,
      "strain_energy_total": 2289.651402716192,
      "low_density_kinetic_fraction": 3.498160047169982E-6,
      "low_density_strain_fraction": 0.99680998767397966,
      "low_density_displacement_fraction": 0.77457126445399427,
      "kinetic_localization_index": 0.12978684780466518,
      "strain_localization_index": 0.0256357617719288,
      "kinetic_effective_element_fraction": 0.0024077940506755046,
      "strain_effective_element_fraction": 0.012190002496519843,
      "kinetic_top_1pct_fraction": 0.99743755999078709,
      "strain_top_1pct_fraction": 0.73589967330123274,
      "kinetic_top_5pct_fraction": 0.99780072465008229,
      "strain_top_5pct_fraction": 0.99520315666993053,
      "dominant_solid_component_id": 57,
      "dominant_solid_component_kinetic_fraction": 0.417429216951833,
      "dominant_solid_component_strain_fraction": 1.5257173771175742E-6,
      "dominant_component_touches_left_support": false,
      "dominant_component_touches_right_support": false,
      "dominant_component_touches_both_supports": false,
      "largest_support_component_kinetic_fraction": null,
      "largest_support_component_strain_fraction": null,
      "classification": "localized low-density mode",
      "classification_reason": "low-density energy fractions: kinetic 0.000, strain 0.997"
    },
    {
      "mode": 5,
      "omega_rad_s": 67.84554163932961,
      "frequency_hz": 10.79795331864632,
      "mac_to_solid_reference_mode_1": 4.8899948602032516E-21,
      "modal_mass": 1,
      "modal_mass_residual": 0,
      "stiffness_rayleigh": 4603.0175204042989,